ISO-10303-21;
HEADER;
FILE_DESCRIPTION(('FreeCAD Model'),'2;1');
FILE_NAME('Open CASCADE Shape Model','2026-09-14T00:06:18',('FreeCAD'),(
    'FreeCAD'),'Open CASCADE STEP processor 7.8','FreeCAD','Unknown');
FILE_SCHEMA(('AUTOMOTIVE_DESIGN { 1 0 10303 214 1 1 1 1 }'));
ENDSEC;
DATA;
#1 = APPLICATION_PROTOCOL_DEFINITION('international standard',
  'automotive_design',2000,#2);
#2 = APPLICATION_CONTEXT(
  'core data for automotive mechanical design processes');
#3 = SHAPE_DEFINITION_REPRESENTATION(#4,#10);
#4 = PRODUCT_DEFINITION_SHAPE('','',#5);
#5 = PRODUCT_DEFINITION('design','',#6,#9);
#6 = PRODUCT_DEFINITION_FORMATION('','',#7);
#7 = PRODUCT('Open CASCADE STEP translator 7.8 51',
  'Open CASCADE STEP translator 7.8 51','',(#8));
#8 = PRODUCT_CONTEXT('',#2,'mechanical');
#9 = PRODUCT_DEFINITION_CONTEXT('part definition',#2,'design');
#10 = ADVANCED_BREP_SHAPE_REPRESENTATION('',(#11,#15),#6342);
#11 = AXIS2_PLACEMENT_3D('',#12,#13,#14);
#12 = CARTESIAN_POINT('',(0.,0.,0.));
#13 = DIRECTION('',(0.,0.,1.));
#14 = DIRECTION('',(1.,0.,-0.));
#15 = MANIFOLD_SOLID_BREP('',#16);
#16 = CLOSED_SHELL('',(#17,#57,#88,#119,#1635,#3151,#3168,#3185,#3202,
    #3219,#3236,#3253,#3270,#3287,#3304,#3321,#3338,#3355,#3372,#3389,
    #3406,#3423,#3440,#3457,#3474,#3491,#3508,#3525,#3542,#3559,#3576,
    #3593,#3610,#3627,#3644,#3661,#3678,#3695,#3712,#3729,#3746,#3763,
    #3780,#3797,#3814,#3831,#3848,#3865,#3882,#3899,#3916,#3933,#3950,
    #3967,#3984,#4001,#4018,#4035,#4052,#4069,#4086,#4103,#4120,#4137,
    #4154,#4171,#4188,#4205,#4222,#4239,#4256,#4273,#4290,#4307,#4324,
    #4341,#4358,#4375,#4392,#4409,#4426,#4443,#4460,#4477,#4494,#4511,
    #4528,#4545,#4562,#4579,#4596,#4613,#4630,#4647,#4664,#4681,#4698,
    #4715,#4732,#4749,#4766,#4783,#4800,#4817,#4834,#4851,#4868,#4885,
    #4902,#4919,#4936,#4953,#4970,#4987,#5004,#5021,#5038,#5055,#5072,
    #5089,#5106,#5123,#5140,#5157,#5174,#5191,#5208,#5225,#5242,#5259,
    #5276,#5293,#5310,#5327,#5344,#5361,#5378,#5395,#5412,#5429,#5446,
    #5463,#5480,#5497,#5514,#5531,#5548,#5565,#5582,#5599,#5616,#5633,
    #5650,#5667,#5684,#5701,#5718,#5735,#5752,#5769,#5786,#5803,#5820,
    #5837,#5854,#5871,#5888,#5905,#5922,#5939,#5956,#5973,#5990,#6007,
    #6024,#6041,#6058,#6075,#6092,#6109,#6126,#6143,#6160,#6177,#6194,
    #6211,#6228,#6245,#6262,#6279,#6296,#6313,#6325));
#17 = ADVANCED_FACE('',(#18),#52,.F.);
#18 = FACE_BOUND('',#19,.F.);
#19 = EDGE_LOOP('',(#20,#30,#38,#46));
#20 = ORIENTED_EDGE('',*,*,#21,.T.);
#21 = EDGE_CURVE('',#22,#24,#26,.T.);
#22 = VERTEX_POINT('',#23);
#23 = CARTESIAN_POINT('',(20.,0.,0.));
#24 = VERTEX_POINT('',#25);
#25 = CARTESIAN_POINT('',(20.,0.,3.));
#26 = LINE('',#27,#28);
#27 = CARTESIAN_POINT('',(20.,0.,0.));
#28 = VECTOR('',#29,1.);
#29 = DIRECTION('',(0.,0.,1.));
#30 = ORIENTED_EDGE('',*,*,#31,.T.);
#31 = EDGE_CURVE('',#24,#32,#34,.T.);
#32 = VERTEX_POINT('',#33);
#33 = CARTESIAN_POINT('',(19.989065146819,0.661267386346,3.));
#34 = LINE('',#35,#36);
#35 = CARTESIAN_POINT('',(20.,0.,3.));
#36 = VECTOR('',#37,1.);
#37 = DIRECTION('',(-1.653394476636E-02,0.999863304992,0.));
#38 = ORIENTED_EDGE('',*,*,#39,.F.);
#39 = EDGE_CURVE('',#40,#32,#42,.T.);
#40 = VERTEX_POINT('',#41);
#41 = CARTESIAN_POINT('',(19.989065146819,0.661267386346,0.));
#42 = LINE('',#43,#44);
#43 = CARTESIAN_POINT('',(19.989065146819,0.661267386346,0.));
#44 = VECTOR('',#45,1.);
#45 = DIRECTION('',(0.,0.,1.));
#46 = ORIENTED_EDGE('',*,*,#47,.F.);
#47 = EDGE_CURVE('',#22,#40,#48,.T.);
#48 = LINE('',#49,#50);
#49 = CARTESIAN_POINT('',(20.,0.,0.));
#50 = VECTOR('',#51,1.);
#51 = DIRECTION('',(-1.653394476636E-02,0.999863304992,0.));
#52 = PLANE('',#53);
#53 = AXIS2_PLACEMENT_3D('',#54,#55,#56);
#54 = CARTESIAN_POINT('',(20.,0.,0.));
#55 = DIRECTION('',(-0.999863304992,-1.653394476636E-02,0.));
#56 = DIRECTION('',(-1.653394476636E-02,0.999863304992,0.));
#57 = ADVANCED_FACE('',(#58),#83,.F.);
#58 = FACE_BOUND('',#59,.F.);
#59 = EDGE_LOOP('',(#60,#70,#76,#77));
#60 = ORIENTED_EDGE('',*,*,#61,.T.);
#61 = EDGE_CURVE('',#62,#64,#66,.T.);
#62 = VERTEX_POINT('',#63);
#63 = CARTESIAN_POINT('',(19.989065146819,-0.661267386346,0.));
#64 = VERTEX_POINT('',#65);
#65 = CARTESIAN_POINT('',(19.989065146819,-0.661267386346,3.));
#66 = LINE('',#67,#68);
#67 = CARTESIAN_POINT('',(19.989065146819,-0.661267386346,0.));
#68 = VECTOR('',#69,1.);
#69 = DIRECTION('',(0.,0.,1.));
#70 = ORIENTED_EDGE('',*,*,#71,.T.);
#71 = EDGE_CURVE('',#64,#24,#72,.T.);
#72 = LINE('',#73,#74);
#73 = CARTESIAN_POINT('',(19.989065146819,-0.661267386346,3.));
#74 = VECTOR('',#75,1.);
#75 = DIRECTION('',(1.653394476636E-02,0.999863304992,0.));
#76 = ORIENTED_EDGE('',*,*,#21,.F.);
#77 = ORIENTED_EDGE('',*,*,#78,.F.);
#78 = EDGE_CURVE('',#62,#22,#79,.T.);
#79 = LINE('',#80,#81);
#80 = CARTESIAN_POINT('',(19.989065146819,-0.661267386346,0.));
#81 = VECTOR('',#82,1.);
#82 = DIRECTION('',(1.653394476636E-02,0.999863304992,0.));
#83 = PLANE('',#84);
#84 = AXIS2_PLACEMENT_3D('',#85,#86,#87);
#85 = CARTESIAN_POINT('',(19.989065146819,-0.661267386346,0.));
#86 = DIRECTION('',(-0.999863304992,1.653394476636E-02,0.));
#87 = DIRECTION('',(1.653394476636E-02,0.999863304992,0.));
#88 = ADVANCED_FACE('',(#89),#114,.F.);
#89 = FACE_BOUND('',#90,.F.);
#90 = EDGE_LOOP('',(#91,#92,#100,#108));
#91 = ORIENTED_EDGE('',*,*,#39,.T.);
#92 = ORIENTED_EDGE('',*,*,#93,.T.);
#93 = EDGE_CURVE('',#32,#94,#96,.T.);
#94 = VERTEX_POINT('',#95);
#95 = CARTESIAN_POINT('',(21.96317013679,1.272461214505,3.));
#96 = LINE('',#97,#98);
#97 = CARTESIAN_POINT('',(19.989065146819,0.661267386346,3.));
#98 = VECTOR('',#99,1.);
#99 = DIRECTION('',(0.955263836825,0.295754969618,0.));
#100 = ORIENTED_EDGE('',*,*,#101,.F.);
#101 = EDGE_CURVE('',#102,#94,#104,.T.);
#102 = VERTEX_POINT('',#103);
#103 = CARTESIAN_POINT('',(21.96317013679,1.272461214505,0.));
#104 = LINE('',#105,#106);
#105 = CARTESIAN_POINT('',(21.96317013679,1.272461214505,0.));
#106 = VECTOR('',#107,1.);
#107 = DIRECTION('',(0.,0.,1.));
#108 = ORIENTED_EDGE('',*,*,#109,.F.);
#109 = EDGE_CURVE('',#40,#102,#110,.T.);
#110 = LINE('',#111,#112);
#111 = CARTESIAN_POINT('',(19.989065146819,0.661267386346,0.));
#112 = VECTOR('',#113,1.);
#113 = DIRECTION('',(0.955263836825,0.295754969618,0.));
#114 = PLANE('',#115);
#115 = AXIS2_PLACEMENT_3D('',#116,#117,#118);
#116 = CARTESIAN_POINT('',(19.989065146819,0.661267386346,0.));
#117 = DIRECTION('',(-0.295754969618,0.955263836825,0.));
#118 = DIRECTION('',(0.955263836825,0.295754969618,0.));
#119 = ADVANCED_FACE('',(#120,#1619),#1630,.F.);
#120 = FACE_BOUND('',#121,.F.);
#121 = EDGE_LOOP('',(#122,#123,#124,#132,#140,#148,#156,#164,#172,#180,
    #188,#196,#204,#212,#220,#228,#236,#244,#252,#260,#268,#276,#284,
    #292,#300,#308,#316,#324,#332,#340,#348,#356,#364,#372,#380,#388,
    #396,#404,#412,#420,#428,#436,#444,#452,#460,#468,#476,#484,#492,
    #500,#508,#516,#524,#532,#540,#548,#556,#564,#572,#580,#588,#596,
    #604,#612,#620,#628,#636,#644,#652,#660,#668,#676,#684,#692,#700,
    #708,#716,#724,#732,#740,#748,#756,#764,#772,#780,#788,#796,#804,
    #812,#820,#828,#836,#844,#852,#860,#868,#876,#884,#892,#900,#908,
    #916,#924,#932,#940,#948,#956,#964,#972,#980,#988,#996,#1004,#1012,
    #1020,#1028,#1036,#1044,#1052,#1060,#1068,#1076,#1084,#1092,#1100,
    #1108,#1116,#1124,#1132,#1140,#1148,#1156,#1164,#1172,#1180,#1188,
    #1196,#1204,#1212,#1220,#1228,#1236,#1244,#1252,#1260,#1268,#1276,
    #1284,#1292,#1300,#1308,#1316,#1324,#1332,#1340,#1348,#1356,#1364,
    #1372,#1380,#1388,#1396,#1404,#1412,#1420,#1428,#1436,#1444,#1452,
    #1460,#1468,#1476,#1484,#1492,#1500,#1508,#1516,#1524,#1532,#1540,
    #1548,#1556,#1564,#1572,#1580,#1588,#1596,#1604,#1612,#1618));
#122 = ORIENTED_EDGE('',*,*,#47,.T.);
#123 = ORIENTED_EDGE('',*,*,#109,.T.);
#124 = ORIENTED_EDGE('',*,*,#125,.T.);
#125 = EDGE_CURVE('',#102,#126,#128,.T.);
#126 = VERTEX_POINT('',#127);
#127 = CARTESIAN_POINT('',(21.873061355229,2.359912487862,0.));
#128 = LINE('',#129,#130);
#129 = CARTESIAN_POINT('',(21.96317013679,1.272461214505,0.));
#130 = VECTOR('',#131,1.);
#131 = DIRECTION('',(-8.257934547233E-02,0.996584493007,0.));
#132 = ORIENTED_EDGE('',*,*,#133,.T.);
#133 = EDGE_CURVE('',#126,#134,#136,.T.);
#134 = VERTEX_POINT('',#135);
#135 = CARTESIAN_POINT('',(19.82528138654,2.637843426841,0.));
#136 = LINE('',#137,#138);
#137 = CARTESIAN_POINT('',(21.873061355229,2.359912487862,0.));
#138 = VECTOR('',#139,1.);
#139 = DIRECTION('',(-0.990914951232,0.134489997488,0.));
#140 = ORIENTED_EDGE('',*,*,#141,.T.);
#141 = EDGE_CURVE('',#134,#142,#144,.T.);
#142 = VERTEX_POINT('',#143);
#143 = CARTESIAN_POINT('',(19.727226068054,3.291891805615,0.));
#144 = LINE('',#145,#146);
#145 = CARTESIAN_POINT('',(19.82528138654,2.637843426841,0.));
#146 = VECTOR('',#147,1.);
#147 = DIRECTION('',(-0.148263647712,0.988947870601,0.));
#148 = ORIENTED_EDGE('',*,*,#149,.T.);
#149 = EDGE_CURVE('',#142,#150,#152,.T.);
#150 = VERTEX_POINT('',#151);
#151 = CARTESIAN_POINT('',(19.607599317496,3.94234054903,0.));
#152 = LINE('',#153,#154);
#153 = CARTESIAN_POINT('',(19.727226068054,3.291891805615,0.));
#154 = VECTOR('',#155,1.);
#155 = DIRECTION('',(-0.180880534332,0.983505074872,0.));
#156 = ORIENTED_EDGE('',*,*,#157,.T.);
#157 = EDGE_CURVE('',#150,#158,#160,.T.);
#158 = VERTEX_POINT('',#159);
#159 = CARTESIAN_POINT('',(21.45418089073,4.870125492,0.));
#160 = LINE('',#161,#162);
#161 = CARTESIAN_POINT('',(19.607599317496,3.94234054903,0.));
#162 = VECTOR('',#163,1.);
#163 = DIRECTION('',(0.893555615137,0.448952517152,0.));
#164 = ORIENTED_EDGE('',*,*,#165,.T.);
#165 = EDGE_CURVE('',#158,#166,#168,.T.);
#166 = VERTEX_POINT('',#167);
#167 = CARTESIAN_POINT('',(21.186312478714,5.927913929394,0.));
#168 = LINE('',#169,#170);
#169 = CARTESIAN_POINT('',(21.45418089073,4.870125492,0.));
#170 = VECTOR('',#171,1.);
#171 = DIRECTION('',(-0.245485487141,0.969400265939,0.));
#172 = ORIENTED_EDGE('',*,*,#173,.T.);
#173 = EDGE_CURVE('',#166,#174,#176,.T.);
#174 = VERTEX_POINT('',#175);
#175 = CARTESIAN_POINT('',(19.120715630687,5.865000747689,0.));
#176 = LINE('',#177,#178);
#177 = CARTESIAN_POINT('',(21.186312478714,5.927913929394,0.));
#178 = VECTOR('',#179,1.);
#179 = DIRECTION('',(-0.999536488892,-3.044351118463E-02,0.));
#180 = ORIENTED_EDGE('',*,*,#181,.T.);
#181 = EDGE_CURVE('',#174,#182,#184,.T.);
#182 = VERTEX_POINT('',#183);
#183 = CARTESIAN_POINT('',(18.916344834013,6.493989384094,0.));
#184 = LINE('',#185,#186);
#185 = CARTESIAN_POINT('',(19.120715630687,5.865000747689,0.));
#186 = VECTOR('',#187,1.);
#187 = DIRECTION('',(-0.309016994375,0.951056516295,0.));
#188 = ORIENTED_EDGE('',*,*,#189,.T.);
#189 = EDGE_CURVE('',#182,#190,#192,.T.);
#190 = VERTEX_POINT('',#191);
#191 = CARTESIAN_POINT('',(18.691289291989,7.11587693845,0.));
#192 = LINE('',#193,#194);
#193 = CARTESIAN_POINT('',(18.916344834013,6.493989384094,0.));
#194 = VECTOR('',#195,1.);
#195 = DIRECTION('',(-0.340293174442,0.940319390116,0.));
#196 = ORIENTED_EDGE('',*,*,#197,.T.);
#197 = EDGE_CURVE('',#190,#198,#200,.T.);
#198 = VERTEX_POINT('',#199);
#199 = CARTESIAN_POINT('',(20.359977516847,8.334945441542,0.));
#200 = LINE('',#201,#202);
#201 = CARTESIAN_POINT('',(18.691289291989,7.11587693845,0.));
#202 = VECTOR('',#203,1.);
#203 = DIRECTION('',(0.807473525593,0.589903810351,0.));
#204 = ORIENTED_EDGE('',*,*,#205,.T.);
#205 = EDGE_CURVE('',#198,#206,#208,.T.);
#206 = VERTEX_POINT('',#207);
#207 = CARTESIAN_POINT('',(19.921656226373,9.334217331849,0.));
#208 = LINE('',#209,#210);
#209 = CARTESIAN_POINT('',(20.359977516847,8.334945441542,0.));
#210 = VECTOR('',#211,1.);
#211 = DIRECTION('',(-0.401695424653,0.915773326655,0.));
#212 = ORIENTED_EDGE('',*,*,#213,.T.);
#213 = EDGE_CURVE('',#206,#214,#216,.T.);
#214 = VERTEX_POINT('',#215);
#215 = CARTESIAN_POINT('',(17.894586596415,8.932176137056,0.));
#216 = LINE('',#217,#218);
#217 = CARTESIAN_POINT('',(19.921656226373,9.334217331849,0.));
#218 = VECTOR('',#219,1.);
#219 = DIRECTION('',(-0.980893276732,-0.194546600232,0.));
#220 = ORIENTED_EDGE('',*,*,#221,.T.);
#221 = EDGE_CURVE('',#214,#222,#224,.T.);
#222 = VERTEX_POINT('',#223);
#223 = CARTESIAN_POINT('',(17.58947502413,9.518947860741,0.));
#224 = LINE('',#225,#226);
#225 = CARTESIAN_POINT('',(17.894586596415,8.932176137056,0.));
#226 = VECTOR('',#227,1.);
#227 = DIRECTION('',(-0.461341162979,0.887222819444,0.));
#228 = ORIENTED_EDGE('',*,*,#229,.T.);
#229 = EDGE_CURVE('',#222,#230,#232,.T.);
#230 = VERTEX_POINT('',#231);
#231 = CARTESIAN_POINT('',(17.265129619151,10.095310754697,0.));
#232 = LINE('',#233,#234);
#233 = CARTESIAN_POINT('',(17.58947502413,9.518947860741,0.));
#234 = VECTOR('',#235,1.);
#235 = DIRECTION('',(-0.490423503831,0.871484243627,0.));
#236 = ORIENTED_EDGE('',*,*,#237,.T.);
#237 = EDGE_CURVE('',#230,#238,#240,.T.);
#238 = VERTEX_POINT('',#239);
#239 = CARTESIAN_POINT('',(18.710407030805,11.57240980702,0.));
#240 = LINE('',#241,#242);
#241 = CARTESIAN_POINT('',(17.265129619151,10.095310754697,0.));
#242 = VECTOR('',#243,1.);
#243 = DIRECTION('',(0.699365663197,0.714764065367,0.));
#244 = ORIENTED_EDGE('',*,*,#245,.T.);
#245 = EDGE_CURVE('',#238,#246,#248,.T.);
#246 = VERTEX_POINT('',#247);
#247 = CARTESIAN_POINT('',(18.11358912406,12.485907617981,0.));
#248 = LINE('',#249,#250);
#249 = CARTESIAN_POINT('',(18.710407030805,11.57240980702,0.));
#250 = VECTOR('',#251,1.);
#251 = DIRECTION('',(-0.546948158122,0.837166478263,0.));
#252 = ORIENTED_EDGE('',*,*,#253,.T.);
#253 = EDGE_CURVE('',#246,#254,#256,.T.);
#254 = VERTEX_POINT('',#255);
#255 = CARTESIAN_POINT('',(16.180339887499,11.755705045849,0.));
#256 = LINE('',#257,#258);
#257 = CARTESIAN_POINT('',(18.11358912406,12.485907617981,0.));
#258 = VECTOR('',#259,1.);
#259 = DIRECTION('',(-0.935493852981,-0.35334296517,0.));
#260 = ORIENTED_EDGE('',*,*,#261,.T.);
#261 = EDGE_CURVE('',#254,#262,#264,.T.);
#262 = VERTEX_POINT('',#263);
#263 = CARTESIAN_POINT('',(15.782810187928,12.284254253793,0.));
#264 = LINE('',#265,#266);
#265 = CARTESIAN_POINT('',(16.180339887499,11.755705045849,0.));
#266 = VECTOR('',#267,1.);
#267 = DIRECTION('',(-0.601081147283,0.799187996895,0.));
#268 = ORIENTED_EDGE('',*,*,#269,.T.);
#269 = EDGE_CURVE('',#262,#270,#272,.T.);
#270 = VERTEX_POINT('',#271);
#271 = CARTESIAN_POINT('',(15.368022217137,12.799370810066,0.));
#272 = LINE('',#273,#274);
#273 = CARTESIAN_POINT('',(15.782810187928,12.284254253793,0.));
#274 = VECTOR('',#275,1.);
#275 = DIRECTION('',(-0.627176358474,0.778877278762,0.));
#276 = ORIENTED_EDGE('',*,*,#277,.T.);
#277 = EDGE_CURVE('',#270,#278,#280,.T.);
#278 = VERTEX_POINT('',#279);
#279 = CARTESIAN_POINT('',(16.550465415353,14.494208999984,0.));
#280 = LINE('',#281,#282);
#281 = CARTESIAN_POINT('',(15.368022217137,12.799370810066,0.));
#282 = VECTOR('',#283,1.);
#283 = DIRECTION('',(0.57218092862,0.820127419931,0.));
#284 = ORIENTED_EDGE('',*,*,#285,.T.);
#285 = EDGE_CURVE('',#278,#286,#288,.T.);
#286 = VERTEX_POINT('',#287);
#287 = CARTESIAN_POINT('',(15.811430529044,15.297014892626,0.));
#288 = LINE('',#289,#290);
#289 = CARTESIAN_POINT('',(16.550465415353,14.494208999984,0.));
#290 = VECTOR('',#291,1.);
#291 = DIRECTION('',(-0.677281571626,0.735723910673,0.));
#292 = ORIENTED_EDGE('',*,*,#293,.T.);
#293 = EDGE_CURVE('',#286,#294,#296,.T.);
#294 = VERTEX_POINT('',#295);
#295 = CARTESIAN_POINT('',(14.02473568545,14.258568965828,0.));
#296 = LINE('',#297,#298);
#297 = CARTESIAN_POINT('',(15.811430529044,15.297014892626,0.));
#298 = VECTOR('',#299,1.);
#299 = DIRECTION('',(-0.86457659557,-0.502501055115,0.));
#300 = ORIENTED_EDGE('',*,*,#301,.T.);
#301 = EDGE_CURVE('',#294,#302,#304,.T.);
#302 = VERTEX_POINT('',#303);
#303 = CARTESIAN_POINT('',(13.545631432515,14.714478213463,0.));
#304 = LINE('',#305,#306);
#305 = CARTESIAN_POINT('',(14.02473568545,14.258568965828,0.));
#306 = VECTOR('',#307,1.);
#307 = DIRECTION('',(-0.724425204791,0.689353409119,0.));
#308 = ORIENTED_EDGE('',*,*,#309,.T.);
#309 = EDGE_CURVE('',#302,#310,#312,.T.);
#310 = VERTEX_POINT('',#311);
#311 = CARTESIAN_POINT('',(13.051715230483,15.154297395207,0.));
#312 = LINE('',#313,#314);
#313 = CARTESIAN_POINT('',(13.545631432515,14.714478213463,0.));
#314 = VECTOR('',#315,1.);
#315 = DIRECTION('',(-0.746821476984,0.665024572114,0.));
#316 = ORIENTED_EDGE('',*,*,#317,.T.);
#317 = EDGE_CURVE('',#310,#318,#320,.T.);
#318 = VERTEX_POINT('',#319);
#319 = CARTESIAN_POINT('',(13.939070247213,17.020643955011,0.));
#320 = LINE('',#321,#322);
#321 = CARTESIAN_POINT('',(13.051715230483,15.154297395207,0.));
#322 = VECTOR('',#323,1.);
#323 = DIRECTION('',(0.429388589874,0.903119836393,0.));
#324 = ORIENTED_EDGE('',*,*,#325,.T.);
#325 = EDGE_CURVE('',#318,#326,#328,.T.);
#326 = VERTEX_POINT('',#327);
#327 = CARTESIAN_POINT('',(13.07797732652,17.690859477341,0.));
#328 = LINE('',#329,#330);
#329 = CARTESIAN_POINT('',(13.939070247213,17.020643955011,0.));
#330 = VECTOR('',#331,1.);
#331 = DIRECTION('',(-0.789140509396,0.61421271269,0.));
#332 = ORIENTED_EDGE('',*,*,#333,.T.);
#333 = EDGE_CURVE('',#326,#334,#336,.T.);
#334 = VERTEX_POINT('',#335);
#335 = CARTESIAN_POINT('',(11.486573253659,16.372496293734,0.));
#336 = LINE('',#337,#338);
#337 = CARTESIAN_POINT('',(13.07797732652,17.690859477341,0.));
#338 = VECTOR('',#339,1.);
#339 = DIRECTION('',(-0.770075942416,-0.637952226199,0.));
#340 = ORIENTED_EDGE('',*,*,#341,.T.);
#341 = EDGE_CURVE('',#334,#342,#344,.T.);
#342 = VERTEX_POINT('',#343);
#343 = CARTESIAN_POINT('',(10.938963162449,16.743329565251,0.));
#344 = LINE('',#345,#346);
#345 = CARTESIAN_POINT('',(11.486573253659,16.372496293734,0.));
#346 = VECTOR('',#347,1.);
#347 = DIRECTION('',(-0.828008831148,0.560715057352,0.));
#348 = ORIENTED_EDGE('',*,*,#349,.T.);
#349 = EDGE_CURVE('',#342,#350,#352,.T.);
#350 = VERTEX_POINT('',#351);
#351 = CARTESIAN_POINT('',(10.379391475624,17.095854251711,0.));
#352 = LINE('',#353,#354);
#353 = CARTESIAN_POINT('',(10.938963162449,16.743329565251,0.));
#354 = VECTOR('',#355,1.);
#355 = DIRECTION('',(-0.846095252421,0.533031728728,0.));
#356 = ORIENTED_EDGE('',*,*,#357,.T.);
#357 = EDGE_CURVE('',#350,#358,#360,.T.);
#358 = VERTEX_POINT('',#359);
#359 = CARTESIAN_POINT('',(10.947453579174,19.082800112453,0.));
#360 = LINE('',#361,#362);
#361 = CARTESIAN_POINT('',(10.379391475624,17.095854251711,0.));
#362 = VECTOR('',#363,1.);
#363 = DIRECTION('',(0.274883649729,0.961477497975,0.));
#364 = ORIENTED_EDGE('',*,*,#365,.T.);
#365 = EDGE_CURVE('',#358,#366,#368,.T.);
#366 = VERTEX_POINT('',#367);
#367 = CARTESIAN_POINT('',(9.98779099427,19.602143532144,0.));
#368 = LINE('',#369,#370);
#369 = CARTESIAN_POINT('',(10.947453579174,19.082800112453,0.));
#370 = VECTOR('',#371,1.);
#371 = DIRECTION('',(-0.879473751206,0.475947393037,0.));
#372 = ORIENTED_EDGE('',*,*,#373,.T.);
#373 = EDGE_CURVE('',#366,#374,#376,.T.);
#374 = VERTEX_POINT('',#375);
#375 = CARTESIAN_POINT('',(8.63508704677,18.039824602659,0.));
#376 = LINE('',#377,#378);
#377 = CARTESIAN_POINT('',(9.98779099427,19.602143532144,0.));
#378 = VECTOR('',#379,1.);
#379 = DIRECTION('',(-0.654569624991,-0.756001723569,0.));
#380 = ORIENTED_EDGE('',*,*,#381,.T.);
#381 = EDGE_CURVE('',#374,#382,#384,.T.);
#382 = VERTEX_POINT('',#383);
#383 = CARTESIAN_POINT('',(8.033908493059,18.315466533101,0.));
#384 = LINE('',#385,#386);
#385 = CARTESIAN_POINT('',(8.63508704677,18.039824602659,0.));
#386 = VECTOR('',#387,1.);
#387 = DIRECTION('',(-0.909006535049,0.416781860495,0.));
#388 = ORIENTED_EDGE('',*,*,#389,.T.);
#389 = EDGE_CURVE('',#382,#390,#392,.T.);
#390 = VERTEX_POINT('',#391);
#391 = CARTESIAN_POINT('',(7.423944978364,18.571080769794,0.));
#392 = LINE('',#393,#394);
#393 = CARTESIAN_POINT('',(8.033908493059,18.315466533101,0.));
#394 = VECTOR('',#395,1.);
#395 = DIRECTION('',(-0.922289754977,0.386499169292,0.));
#396 = ORIENTED_EDGE('',*,*,#397,.T.);
#397 = EDGE_CURVE('',#390,#398,#400,.T.);
#398 = VERTEX_POINT('',#399);
#399 = CARTESIAN_POINT('',(7.657218915376,20.624427227974,0.));
#400 = LINE('',#401,#402);
#401 = CARTESIAN_POINT('',(7.423944978364,18.571080769794,0.));
#402 = VECTOR('',#403,1.);
#403 = DIRECTION('',(0.112880600188,0.993608559797,0.));
#404 = ORIENTED_EDGE('',*,*,#405,.T.);
#405 = EDGE_CURVE('',#398,#406,#408,.T.);
#406 = VERTEX_POINT('',#407);
#407 = CARTESIAN_POINT('',(6.625163759925,20.978732210364,0.));
#408 = LINE('',#409,#410);
#409 = CARTESIAN_POINT('',(7.657218915376,20.624427227974,0.));
#410 = VECTOR('',#411,1.);
#411 = DIRECTION('',(-0.945817241701,0.324699469205,0.));
#412 = ORIENTED_EDGE('',*,*,#413,.T.);
#413 = EDGE_CURVE('',#406,#414,#416,.T.);
#414 = VERTEX_POINT('',#415);
#415 = CARTESIAN_POINT('',(5.548058175237,19.215073522737,0.));
#416 = LINE('',#417,#418);
#417 = CARTESIAN_POINT('',(6.625163759925,20.978732210364,0.));
#418 = VECTOR('',#419,1.);
#419 = DIRECTION('',(-0.521208354531,-0.85342946467,0.));
#420 = ORIENTED_EDGE('',*,*,#421,.T.);
#421 = EDGE_CURVE('',#414,#422,#424,.T.);
#422 = VERTEX_POINT('',#423);
#423 = CARTESIAN_POINT('',(4.909709742816,19.388005318787,0.));
#424 = LINE('',#425,#426);
#425 = CARTESIAN_POINT('',(5.548058175237,19.215073522737,0.));
#426 = VECTOR('',#427,1.);
#427 = DIRECTION('',(-0.965208910277,0.261479940954,0.));
#428 = ORIENTED_EDGE('',*,*,#429,.T.);
#429 = EDGE_CURVE('',#422,#430,#432,.T.);
#430 = VERTEX_POINT('',#431);
#431 = CARTESIAN_POINT('',(4.265992614875,19.539736615672,0.));
#432 = LINE('',#433,#434);
#433 = CARTESIAN_POINT('',(4.909709742816,19.388005318787,0.));
#434 = VECTOR('',#435,1.);
#435 = DIRECTION('',(-0.973326597248,0.229423920047,0.));
#436 = ORIENTED_EDGE('',*,*,#437,.T.);
#437 = EDGE_CURVE('',#430,#438,#440,.T.);
#438 = VERTEX_POINT('',#439);
#439 = CARTESIAN_POINT('',(4.158115280447,21.603473732585,0.));
#440 = LINE('',#441,#442);
#441 = CARTESIAN_POINT('',(4.265992614875,19.539736615672,0.));
#442 = VECTOR('',#443,1.);
#443 = DIRECTION('',(-5.220153786915E-02,0.998636570252,0.));
#444 = ORIENTED_EDGE('',*,*,#445,.T.);
#445 = EDGE_CURVE('',#438,#446,#448,.T.);
#446 = VERTEX_POINT('',#447);
#447 = CARTESIAN_POINT('',(3.081819328722,21.783075761359,0.));
#448 = LINE('',#449,#450);
#449 = CARTESIAN_POINT('',(4.158115280447,21.603473732585,0.));
#450 = VECTOR('',#451,1.);
#451 = DIRECTION('',(-0.986361303403,0.164594590281,0.));
#452 = ORIENTED_EDGE('',*,*,#453,.T.);
#453 = EDGE_CURVE('',#446,#454,#456,.T.);
#454 = VERTEX_POINT('',#455);
#455 = CARTESIAN_POINT('',(2.309692739392,19.866185327073,0.));
#456 = LINE('',#457,#458);
#457 = CARTESIAN_POINT('',(3.081819328722,21.783075761359,0.));
#458 = VECTOR('',#459,1.);
#459 = DIRECTION('',(-0.373629878849,-0.927577874699,0.));
#460 = ORIENTED_EDGE('',*,*,#461,.T.);
#461 = EDGE_CURVE('',#454,#462,#464,.T.);
#462 = VERTEX_POINT('',#463);
#463 = CARTESIAN_POINT('',(1.651586909447,19.931689860133,0.));
#464 = LINE('',#465,#466);
#465 = CARTESIAN_POINT('',(2.309692739392,19.866185327073,0.));
#466 = VECTOR('',#467,1.);
#467 = DIRECTION('',(-0.995082902545,9.904553025046E-02,0.));
#468 = ORIENTED_EDGE('',*,*,#469,.T.);
#469 = EDGE_CURVE('',#462,#470,#472,.T.);
#470 = VERTEX_POINT('',#471);
#471 = CARTESIAN_POINT('',(0.991675093464,19.975399382966,0.));
#472 = LINE('',#473,#474);
#473 = CARTESIAN_POINT('',(1.651586909447,19.931689860133,0.));
#474 = VECTOR('',#475,1.);
#475 = DIRECTION('',(-0.997813627219,6.60905843257E-02,0.));
#476 = ORIENTED_EDGE('',*,*,#477,.T.);
#477 = EDGE_CURVE('',#470,#478,#480,.T.);
#478 = VERTEX_POINT('',#479);
#479 = CARTESIAN_POINT('',(0.545589100065,21.993233789825,0.));
#480 = LINE('',#481,#482);
#481 = CARTESIAN_POINT('',(0.991675093464,19.975399382966,0.));
#482 = VECTOR('',#483,1.);
#483 = DIRECTION('',(-0.215859754052,0.976424378322,0.));
#484 = ORIENTED_EDGE('',*,*,#485,.T.);
#485 = EDGE_CURVE('',#478,#486,#488,.T.);
#486 = VERTEX_POINT('',#487);
#487 = CARTESIAN_POINT('',(-0.545589100065,21.993233789825,0.));
#488 = LINE('',#489,#490);
#489 = CARTESIAN_POINT('',(0.545589100065,21.993233789825,0.));
#490 = VECTOR('',#491,1.);
#491 = DIRECTION('',(-1.,0.,0.));
#492 = ORIENTED_EDGE('',*,*,#493,.T.);
#493 = EDGE_CURVE('',#486,#494,#496,.T.);
#494 = VERTEX_POINT('',#495);
#495 = CARTESIAN_POINT('',(-0.991675093464,19.975399382966,0.));
#496 = LINE('',#497,#498);
#497 = CARTESIAN_POINT('',(-0.545589100065,21.993233789825,0.));
#498 = VECTOR('',#499,1.);
#499 = DIRECTION('',(-0.215859754052,-0.976424378322,0.));
#500 = ORIENTED_EDGE('',*,*,#501,.T.);
#501 = EDGE_CURVE('',#494,#502,#504,.T.);
#502 = VERTEX_POINT('',#503);
#503 = CARTESIAN_POINT('',(-1.651586909447,19.931689860133,0.));
#504 = LINE('',#505,#506);
#505 = CARTESIAN_POINT('',(-0.991675093464,19.975399382966,0.));
#506 = VECTOR('',#507,1.);
#507 = DIRECTION('',(-0.997813627219,-6.60905843257E-02,0.));
#508 = ORIENTED_EDGE('',*,*,#509,.T.);
#509 = EDGE_CURVE('',#502,#510,#512,.T.);
#510 = VERTEX_POINT('',#511);
#511 = CARTESIAN_POINT('',(-2.309692739392,19.866185327073,0.));
#512 = LINE('',#513,#514);
#513 = CARTESIAN_POINT('',(-1.651586909447,19.931689860133,0.));
#514 = VECTOR('',#515,1.);
#515 = DIRECTION('',(-0.995082902545,-9.904553025046E-02,0.));
#516 = ORIENTED_EDGE('',*,*,#517,.T.);
#517 = EDGE_CURVE('',#510,#518,#520,.T.);
#518 = VERTEX_POINT('',#519);
#519 = CARTESIAN_POINT('',(-3.081819328722,21.783075761359,0.));
#520 = LINE('',#521,#522);
#521 = CARTESIAN_POINT('',(-2.309692739392,19.866185327073,0.));
#522 = VECTOR('',#523,1.);
#523 = DIRECTION('',(-0.373629878849,0.927577874699,0.));
#524 = ORIENTED_EDGE('',*,*,#525,.T.);
#525 = EDGE_CURVE('',#518,#526,#528,.T.);
#526 = VERTEX_POINT('',#527);
#527 = CARTESIAN_POINT('',(-4.158115280447,21.603473732585,0.));
#528 = LINE('',#529,#530);
#529 = CARTESIAN_POINT('',(-3.081819328722,21.783075761359,0.));
#530 = VECTOR('',#531,1.);
#531 = DIRECTION('',(-0.986361303403,-0.164594590281,0.));
#532 = ORIENTED_EDGE('',*,*,#533,.T.);
#533 = EDGE_CURVE('',#526,#534,#536,.T.);
#534 = VERTEX_POINT('',#535);
#535 = CARTESIAN_POINT('',(-4.265992614875,19.539736615672,0.));
#536 = LINE('',#537,#538);
#537 = CARTESIAN_POINT('',(-4.158115280447,21.603473732585,0.));
#538 = VECTOR('',#539,1.);
#539 = DIRECTION('',(-5.220153786914E-02,-0.998636570252,0.));
#540 = ORIENTED_EDGE('',*,*,#541,.T.);
#541 = EDGE_CURVE('',#534,#542,#544,.T.);
#542 = VERTEX_POINT('',#543);
#543 = CARTESIAN_POINT('',(-4.909709742816,19.388005318787,0.));
#544 = LINE('',#545,#546);
#545 = CARTESIAN_POINT('',(-4.265992614875,19.539736615672,0.));
#546 = VECTOR('',#547,1.);
#547 = DIRECTION('',(-0.973326597248,-0.229423920047,0.));
#548 = ORIENTED_EDGE('',*,*,#549,.T.);
#549 = EDGE_CURVE('',#542,#550,#552,.T.);
#550 = VERTEX_POINT('',#551);
#551 = CARTESIAN_POINT('',(-5.548058175237,19.215073522737,0.));
#552 = LINE('',#553,#554);
#553 = CARTESIAN_POINT('',(-4.909709742816,19.388005318787,0.));
#554 = VECTOR('',#555,1.);
#555 = DIRECTION('',(-0.965208910277,-0.261479940954,0.));
#556 = ORIENTED_EDGE('',*,*,#557,.T.);
#557 = EDGE_CURVE('',#550,#558,#560,.T.);
#558 = VERTEX_POINT('',#559);
#559 = CARTESIAN_POINT('',(-6.625163759925,20.978732210364,0.));
#560 = LINE('',#561,#562);
#561 = CARTESIAN_POINT('',(-5.548058175237,19.215073522737,0.));
#562 = VECTOR('',#563,1.);
#563 = DIRECTION('',(-0.521208354531,0.85342946467,0.));
#564 = ORIENTED_EDGE('',*,*,#565,.T.);
#565 = EDGE_CURVE('',#558,#566,#568,.T.);
#566 = VERTEX_POINT('',#567);
#567 = CARTESIAN_POINT('',(-7.657218915376,20.624427227974,0.));
#568 = LINE('',#569,#570);
#569 = CARTESIAN_POINT('',(-6.625163759925,20.978732210364,0.));
#570 = VECTOR('',#571,1.);
#571 = DIRECTION('',(-0.945817241701,-0.324699469205,0.));
#572 = ORIENTED_EDGE('',*,*,#573,.T.);
#573 = EDGE_CURVE('',#566,#574,#576,.T.);
#574 = VERTEX_POINT('',#575);
#575 = CARTESIAN_POINT('',(-7.423944978364,18.571080769794,0.));
#576 = LINE('',#577,#578);
#577 = CARTESIAN_POINT('',(-7.657218915376,20.624427227974,0.));
#578 = VECTOR('',#579,1.);
#579 = DIRECTION('',(0.112880600188,-0.993608559797,0.));
#580 = ORIENTED_EDGE('',*,*,#581,.T.);
#581 = EDGE_CURVE('',#574,#582,#584,.T.);
#582 = VERTEX_POINT('',#583);
#583 = CARTESIAN_POINT('',(-8.033908493059,18.315466533101,0.));
#584 = LINE('',#585,#586);
#585 = CARTESIAN_POINT('',(-7.423944978364,18.571080769794,0.));
#586 = VECTOR('',#587,1.);
#587 = DIRECTION('',(-0.922289754977,-0.386499169292,0.));
#588 = ORIENTED_EDGE('',*,*,#589,.T.);
#589 = EDGE_CURVE('',#582,#590,#592,.T.);
#590 = VERTEX_POINT('',#591);
#591 = CARTESIAN_POINT('',(-8.63508704677,18.039824602659,0.));
#592 = LINE('',#593,#594);
#593 = CARTESIAN_POINT('',(-8.033908493059,18.315466533101,0.));
#594 = VECTOR('',#595,1.);
#595 = DIRECTION('',(-0.909006535049,-0.416781860495,0.));
#596 = ORIENTED_EDGE('',*,*,#597,.T.);
#597 = EDGE_CURVE('',#590,#598,#600,.T.);
#598 = VERTEX_POINT('',#599);
#599 = CARTESIAN_POINT('',(-9.98779099427,19.602143532144,0.));
#600 = LINE('',#601,#602);
#601 = CARTESIAN_POINT('',(-8.63508704677,18.039824602659,0.));
#602 = VECTOR('',#603,1.);
#603 = DIRECTION('',(-0.654569624991,0.756001723569,0.));
#604 = ORIENTED_EDGE('',*,*,#605,.T.);
#605 = EDGE_CURVE('',#598,#606,#608,.T.);
#606 = VERTEX_POINT('',#607);
#607 = CARTESIAN_POINT('',(-10.94745357917,19.082800112453,0.));
#608 = LINE('',#609,#610);
#609 = CARTESIAN_POINT('',(-9.98779099427,19.602143532144,0.));
#610 = VECTOR('',#611,1.);
#611 = DIRECTION('',(-0.879473751206,-0.475947393037,0.));
#612 = ORIENTED_EDGE('',*,*,#613,.T.);
#613 = EDGE_CURVE('',#606,#614,#616,.T.);
#614 = VERTEX_POINT('',#615);
#615 = CARTESIAN_POINT('',(-10.37939147562,17.095854251711,0.));
#616 = LINE('',#617,#618);
#617 = CARTESIAN_POINT('',(-10.94745357917,19.082800112453,0.));
#618 = VECTOR('',#619,1.);
#619 = DIRECTION('',(0.274883649729,-0.961477497975,0.));
#620 = ORIENTED_EDGE('',*,*,#621,.T.);
#621 = EDGE_CURVE('',#614,#622,#624,.T.);
#622 = VERTEX_POINT('',#623);
#623 = CARTESIAN_POINT('',(-10.93896316244,16.743329565251,0.));
#624 = LINE('',#625,#626);
#625 = CARTESIAN_POINT('',(-10.37939147562,17.095854251711,0.));
#626 = VECTOR('',#627,1.);
#627 = DIRECTION('',(-0.846095252421,-0.533031728728,0.));
#628 = ORIENTED_EDGE('',*,*,#629,.T.);
#629 = EDGE_CURVE('',#622,#630,#632,.T.);
#630 = VERTEX_POINT('',#631);
#631 = CARTESIAN_POINT('',(-11.48657325365,16.372496293734,0.));
#632 = LINE('',#633,#634);
#633 = CARTESIAN_POINT('',(-10.93896316244,16.743329565251,0.));
#634 = VECTOR('',#635,1.);
#635 = DIRECTION('',(-0.828008831148,-0.560715057352,0.));
#636 = ORIENTED_EDGE('',*,*,#637,.T.);
#637 = EDGE_CURVE('',#630,#638,#640,.T.);
#638 = VERTEX_POINT('',#639);
#639 = CARTESIAN_POINT('',(-13.07797732652,17.690859477341,0.));
#640 = LINE('',#641,#642);
#641 = CARTESIAN_POINT('',(-11.48657325365,16.372496293734,0.));
#642 = VECTOR('',#643,1.);
#643 = DIRECTION('',(-0.770075942416,0.637952226199,0.));
#644 = ORIENTED_EDGE('',*,*,#645,.T.);
#645 = EDGE_CURVE('',#638,#646,#648,.T.);
#646 = VERTEX_POINT('',#647);
#647 = CARTESIAN_POINT('',(-13.93907024721,17.020643955011,0.));
#648 = LINE('',#649,#650);
#649 = CARTESIAN_POINT('',(-13.07797732652,17.690859477341,0.));
#650 = VECTOR('',#651,1.);
#651 = DIRECTION('',(-0.789140509396,-0.61421271269,0.));
#652 = ORIENTED_EDGE('',*,*,#653,.T.);
#653 = EDGE_CURVE('',#646,#654,#656,.T.);
#654 = VERTEX_POINT('',#655);
#655 = CARTESIAN_POINT('',(-13.05171523048,15.154297395207,0.));
#656 = LINE('',#657,#658);
#657 = CARTESIAN_POINT('',(-13.93907024721,17.020643955011,0.));
#658 = VECTOR('',#659,1.);
#659 = DIRECTION('',(0.429388589874,-0.903119836393,0.));
#660 = ORIENTED_EDGE('',*,*,#661,.T.);
#661 = EDGE_CURVE('',#654,#662,#664,.T.);
#662 = VERTEX_POINT('',#663);
#663 = CARTESIAN_POINT('',(-13.54563143251,14.714478213463,0.));
#664 = LINE('',#665,#666);
#665 = CARTESIAN_POINT('',(-13.05171523048,15.154297395207,0.));
#666 = VECTOR('',#667,1.);
#667 = DIRECTION('',(-0.746821476984,-0.665024572114,0.));
#668 = ORIENTED_EDGE('',*,*,#669,.T.);
#669 = EDGE_CURVE('',#662,#670,#672,.T.);
#670 = VERTEX_POINT('',#671);
#671 = CARTESIAN_POINT('',(-14.02473568545,14.258568965828,0.));
#672 = LINE('',#673,#674);
#673 = CARTESIAN_POINT('',(-13.54563143251,14.714478213463,0.));
#674 = VECTOR('',#675,1.);
#675 = DIRECTION('',(-0.724425204791,-0.689353409119,0.));
#676 = ORIENTED_EDGE('',*,*,#677,.T.);
#677 = EDGE_CURVE('',#670,#678,#680,.T.);
#678 = VERTEX_POINT('',#679);
#679 = CARTESIAN_POINT('',(-15.81143052904,15.297014892626,0.));
#680 = LINE('',#681,#682);
#681 = CARTESIAN_POINT('',(-14.02473568545,14.258568965828,0.));
#682 = VECTOR('',#683,1.);
#683 = DIRECTION('',(-0.86457659557,0.502501055115,0.));
#684 = ORIENTED_EDGE('',*,*,#685,.T.);
#685 = EDGE_CURVE('',#678,#686,#688,.T.);
#686 = VERTEX_POINT('',#687);
#687 = CARTESIAN_POINT('',(-16.55046541535,14.494208999984,0.));
#688 = LINE('',#689,#690);
#689 = CARTESIAN_POINT('',(-15.81143052904,15.297014892626,0.));
#690 = VECTOR('',#691,1.);
#691 = DIRECTION('',(-0.677281571626,-0.735723910673,0.));
#692 = ORIENTED_EDGE('',*,*,#693,.T.);
#693 = EDGE_CURVE('',#686,#694,#696,.T.);
#694 = VERTEX_POINT('',#695);
#695 = CARTESIAN_POINT('',(-15.36802221713,12.799370810066,0.));
#696 = LINE('',#697,#698);
#697 = CARTESIAN_POINT('',(-16.55046541535,14.494208999984,0.));
#698 = VECTOR('',#699,1.);
#699 = DIRECTION('',(0.57218092862,-0.820127419931,0.));
#700 = ORIENTED_EDGE('',*,*,#701,.T.);
#701 = EDGE_CURVE('',#694,#702,#704,.T.);
#702 = VERTEX_POINT('',#703);
#703 = CARTESIAN_POINT('',(-15.78281018792,12.284254253793,0.));
#704 = LINE('',#705,#706);
#705 = CARTESIAN_POINT('',(-15.36802221713,12.799370810066,0.));
#706 = VECTOR('',#707,1.);
#707 = DIRECTION('',(-0.627176358474,-0.778877278762,0.));
#708 = ORIENTED_EDGE('',*,*,#709,.T.);
#709 = EDGE_CURVE('',#702,#710,#712,.T.);
#710 = VERTEX_POINT('',#711);
#711 = CARTESIAN_POINT('',(-16.18033988749,11.755705045849,0.));
#712 = LINE('',#713,#714);
#713 = CARTESIAN_POINT('',(-15.78281018792,12.284254253793,0.));
#714 = VECTOR('',#715,1.);
#715 = DIRECTION('',(-0.601081147283,-0.799187996895,0.));
#716 = ORIENTED_EDGE('',*,*,#717,.T.);
#717 = EDGE_CURVE('',#710,#718,#720,.T.);
#718 = VERTEX_POINT('',#719);
#719 = CARTESIAN_POINT('',(-18.11358912406,12.485907617981,0.));
#720 = LINE('',#721,#722);
#721 = CARTESIAN_POINT('',(-16.18033988749,11.755705045849,0.));
#722 = VECTOR('',#723,1.);
#723 = DIRECTION('',(-0.935493852981,0.35334296517,0.));
#724 = ORIENTED_EDGE('',*,*,#725,.T.);
#725 = EDGE_CURVE('',#718,#726,#728,.T.);
#726 = VERTEX_POINT('',#727);
#727 = CARTESIAN_POINT('',(-18.7104070308,11.57240980702,0.));
#728 = LINE('',#729,#730);
#729 = CARTESIAN_POINT('',(-18.11358912406,12.485907617981,0.));
#730 = VECTOR('',#731,1.);
#731 = DIRECTION('',(-0.546948158122,-0.837166478263,0.));
#732 = ORIENTED_EDGE('',*,*,#733,.T.);
#733 = EDGE_CURVE('',#726,#734,#736,.T.);
#734 = VERTEX_POINT('',#735);
#735 = CARTESIAN_POINT('',(-17.26512961915,10.095310754697,0.));
#736 = LINE('',#737,#738);
#737 = CARTESIAN_POINT('',(-18.7104070308,11.57240980702,0.));
#738 = VECTOR('',#739,1.);
#739 = DIRECTION('',(0.699365663197,-0.714764065367,0.));
#740 = ORIENTED_EDGE('',*,*,#741,.T.);
#741 = EDGE_CURVE('',#734,#742,#744,.T.);
#742 = VERTEX_POINT('',#743);
#743 = CARTESIAN_POINT('',(-17.58947502413,9.518947860741,0.));
#744 = LINE('',#745,#746);
#745 = CARTESIAN_POINT('',(-17.26512961915,10.095310754697,0.));
#746 = VECTOR('',#747,1.);
#747 = DIRECTION('',(-0.490423503831,-0.871484243627,0.));
#748 = ORIENTED_EDGE('',*,*,#749,.T.);
#749 = EDGE_CURVE('',#742,#750,#752,.T.);
#750 = VERTEX_POINT('',#751);
#751 = CARTESIAN_POINT('',(-17.89458659641,8.932176137056,0.));
#752 = LINE('',#753,#754);
#753 = CARTESIAN_POINT('',(-17.58947502413,9.518947860741,0.));
#754 = VECTOR('',#755,1.);
#755 = DIRECTION('',(-0.461341162979,-0.887222819444,0.));
#756 = ORIENTED_EDGE('',*,*,#757,.T.);
#757 = EDGE_CURVE('',#750,#758,#760,.T.);
#758 = VERTEX_POINT('',#759);
#759 = CARTESIAN_POINT('',(-19.92165622637,9.334217331849,0.));
#760 = LINE('',#761,#762);
#761 = CARTESIAN_POINT('',(-17.89458659641,8.932176137056,0.));
#762 = VECTOR('',#763,1.);
#763 = DIRECTION('',(-0.980893276732,0.194546600232,0.));
#764 = ORIENTED_EDGE('',*,*,#765,.T.);
#765 = EDGE_CURVE('',#758,#766,#768,.T.);
#766 = VERTEX_POINT('',#767);
#767 = CARTESIAN_POINT('',(-20.35997751684,8.334945441542,0.));
#768 = LINE('',#769,#770);
#769 = CARTESIAN_POINT('',(-19.92165622637,9.334217331849,0.));
#770 = VECTOR('',#771,1.);
#771 = DIRECTION('',(-0.401695424653,-0.915773326655,0.));
#772 = ORIENTED_EDGE('',*,*,#773,.T.);
#773 = EDGE_CURVE('',#766,#774,#776,.T.);
#774 = VERTEX_POINT('',#775);
#775 = CARTESIAN_POINT('',(-18.69128929198,7.11587693845,0.));
#776 = LINE('',#777,#778);
#777 = CARTESIAN_POINT('',(-20.35997751684,8.334945441542,0.));
#778 = VECTOR('',#779,1.);
#779 = DIRECTION('',(0.807473525593,-0.589903810351,0.));
#780 = ORIENTED_EDGE('',*,*,#781,.T.);
#781 = EDGE_CURVE('',#774,#782,#784,.T.);
#782 = VERTEX_POINT('',#783);
#783 = CARTESIAN_POINT('',(-18.91634483401,6.493989384094,0.));
#784 = LINE('',#785,#786);
#785 = CARTESIAN_POINT('',(-18.69128929198,7.11587693845,0.));
#786 = VECTOR('',#787,1.);
#787 = DIRECTION('',(-0.340293174442,-0.940319390116,0.));
#788 = ORIENTED_EDGE('',*,*,#789,.T.);
#789 = EDGE_CURVE('',#782,#790,#792,.T.);
#790 = VERTEX_POINT('',#791);
#791 = CARTESIAN_POINT('',(-19.12071563068,5.865000747689,0.));
#792 = LINE('',#793,#794);
#793 = CARTESIAN_POINT('',(-18.91634483401,6.493989384094,0.));
#794 = VECTOR('',#795,1.);
#795 = DIRECTION('',(-0.309016994375,-0.951056516295,0.));
#796 = ORIENTED_EDGE('',*,*,#797,.T.);
#797 = EDGE_CURVE('',#790,#798,#800,.T.);
#798 = VERTEX_POINT('',#799);
#799 = CARTESIAN_POINT('',(-21.18631247871,5.927913929394,0.));
#800 = LINE('',#801,#802);
#801 = CARTESIAN_POINT('',(-19.12071563068,5.865000747689,0.));
#802 = VECTOR('',#803,1.);
#803 = DIRECTION('',(-0.999536488892,3.044351118463E-02,0.));
#804 = ORIENTED_EDGE('',*,*,#805,.T.);
#805 = EDGE_CURVE('',#798,#806,#808,.T.);
#806 = VERTEX_POINT('',#807);
#807 = CARTESIAN_POINT('',(-21.45418089073,4.870125492,0.));
#808 = LINE('',#809,#810);
#809 = CARTESIAN_POINT('',(-21.18631247871,5.927913929394,0.));
#810 = VECTOR('',#811,1.);
#811 = DIRECTION('',(-0.245485487141,-0.969400265939,0.));
#812 = ORIENTED_EDGE('',*,*,#813,.T.);
#813 = EDGE_CURVE('',#806,#814,#816,.T.);
#814 = VERTEX_POINT('',#815);
#815 = CARTESIAN_POINT('',(-19.60759931749,3.94234054903,0.));
#816 = LINE('',#817,#818);
#817 = CARTESIAN_POINT('',(-21.45418089073,4.870125492,0.));
#818 = VECTOR('',#819,1.);
#819 = DIRECTION('',(0.893555615137,-0.448952517152,0.));
#820 = ORIENTED_EDGE('',*,*,#821,.T.);
#821 = EDGE_CURVE('',#814,#822,#824,.T.);
#822 = VERTEX_POINT('',#823);
#823 = CARTESIAN_POINT('',(-19.72722606805,3.291891805615,0.));
#824 = LINE('',#825,#826);
#825 = CARTESIAN_POINT('',(-19.60759931749,3.94234054903,0.));
#826 = VECTOR('',#827,1.);
#827 = DIRECTION('',(-0.180880534332,-0.983505074872,0.));
#828 = ORIENTED_EDGE('',*,*,#829,.T.);
#829 = EDGE_CURVE('',#822,#830,#832,.T.);
#830 = VERTEX_POINT('',#831);
#831 = CARTESIAN_POINT('',(-19.82528138654,2.637843426841,0.));
#832 = LINE('',#833,#834);
#833 = CARTESIAN_POINT('',(-19.72722606805,3.291891805615,0.));
#834 = VECTOR('',#835,1.);
#835 = DIRECTION('',(-0.148263647712,-0.988947870601,0.));
#836 = ORIENTED_EDGE('',*,*,#837,.T.);
#837 = EDGE_CURVE('',#830,#838,#840,.T.);
#838 = VERTEX_POINT('',#839);
#839 = CARTESIAN_POINT('',(-21.87306135522,2.359912487862,0.));
#840 = LINE('',#841,#842);
#841 = CARTESIAN_POINT('',(-19.82528138654,2.637843426841,0.));
#842 = VECTOR('',#843,1.);
#843 = DIRECTION('',(-0.990914951232,-0.134489997488,0.));
#844 = ORIENTED_EDGE('',*,*,#845,.T.);
#845 = EDGE_CURVE('',#838,#846,#848,.T.);
#846 = VERTEX_POINT('',#847);
#847 = CARTESIAN_POINT('',(-21.96317013679,1.272461214505,0.));
#848 = LINE('',#849,#850);
#849 = CARTESIAN_POINT('',(-21.87306135522,2.359912487862,0.));
#850 = VECTOR('',#851,1.);
#851 = DIRECTION('',(-8.257934547233E-02,-0.996584493007,0.));
#852 = ORIENTED_EDGE('',*,*,#853,.T.);
#853 = EDGE_CURVE('',#846,#854,#856,.T.);
#854 = VERTEX_POINT('',#855);
#855 = CARTESIAN_POINT('',(-19.98906514681,0.661267386346,0.));
#856 = LINE('',#857,#858);
#857 = CARTESIAN_POINT('',(-21.96317013679,1.272461214505,0.));
#858 = VECTOR('',#859,1.);
#859 = DIRECTION('',(0.955263836825,-0.295754969618,0.));
#860 = ORIENTED_EDGE('',*,*,#861,.T.);
#861 = EDGE_CURVE('',#854,#862,#864,.T.);
#862 = VERTEX_POINT('',#863);
#863 = CARTESIAN_POINT('',(-20.,2.449293598295E-15,0.));
#864 = LINE('',#865,#866);
#865 = CARTESIAN_POINT('',(-19.98906514681,0.661267386346,0.));
#866 = VECTOR('',#867,1.);
#867 = DIRECTION('',(-1.653394476636E-02,-0.999863304992,0.));
#868 = ORIENTED_EDGE('',*,*,#869,.T.);
#869 = EDGE_CURVE('',#862,#870,#872,.T.);
#870 = VERTEX_POINT('',#871);
#871 = CARTESIAN_POINT('',(-19.98906514681,-0.661267386346,0.));
#872 = LINE('',#873,#874);
#873 = CARTESIAN_POINT('',(-20.,2.449293598295E-15,0.));
#874 = VECTOR('',#875,1.);
#875 = DIRECTION('',(1.653394476636E-02,-0.999863304992,0.));
#876 = ORIENTED_EDGE('',*,*,#877,.T.);
#877 = EDGE_CURVE('',#870,#878,#880,.T.);
#878 = VERTEX_POINT('',#879);
#879 = CARTESIAN_POINT('',(-21.96317013679,-1.272461214505,0.));
#880 = LINE('',#881,#882);
#881 = CARTESIAN_POINT('',(-19.98906514681,-0.661267386346,0.));
#882 = VECTOR('',#883,1.);
#883 = DIRECTION('',(-0.955263836825,-0.295754969618,0.));
#884 = ORIENTED_EDGE('',*,*,#885,.T.);
#885 = EDGE_CURVE('',#878,#886,#888,.T.);
#886 = VERTEX_POINT('',#887);
#887 = CARTESIAN_POINT('',(-21.87306135522,-2.359912487862,0.));
#888 = LINE('',#889,#890);
#889 = CARTESIAN_POINT('',(-21.96317013679,-1.272461214505,0.));
#890 = VECTOR('',#891,1.);
#891 = DIRECTION('',(8.257934547233E-02,-0.996584493007,0.));
#892 = ORIENTED_EDGE('',*,*,#893,.T.);
#893 = EDGE_CURVE('',#886,#894,#896,.T.);
#894 = VERTEX_POINT('',#895);
#895 = CARTESIAN_POINT('',(-19.82528138654,-2.637843426841,0.));
#896 = LINE('',#897,#898);
#897 = CARTESIAN_POINT('',(-21.87306135522,-2.359912487862,0.));
#898 = VECTOR('',#899,1.);
#899 = DIRECTION('',(0.990914951232,-0.134489997488,0.));
#900 = ORIENTED_EDGE('',*,*,#901,.T.);
#901 = EDGE_CURVE('',#894,#902,#904,.T.);
#902 = VERTEX_POINT('',#903);
#903 = CARTESIAN_POINT('',(-19.72722606805,-3.291891805615,0.));
#904 = LINE('',#905,#906);
#905 = CARTESIAN_POINT('',(-19.82528138654,-2.637843426841,0.));
#906 = VECTOR('',#907,1.);
#907 = DIRECTION('',(0.148263647712,-0.988947870601,0.));
#908 = ORIENTED_EDGE('',*,*,#909,.T.);
#909 = EDGE_CURVE('',#902,#910,#912,.T.);
#910 = VERTEX_POINT('',#911);
#911 = CARTESIAN_POINT('',(-19.60759931749,-3.94234054903,0.));
#912 = LINE('',#913,#914);
#913 = CARTESIAN_POINT('',(-19.72722606805,-3.291891805615,0.));
#914 = VECTOR('',#915,1.);
#915 = DIRECTION('',(0.180880534332,-0.983505074872,0.));
#916 = ORIENTED_EDGE('',*,*,#917,.T.);
#917 = EDGE_CURVE('',#910,#918,#920,.T.);
#918 = VERTEX_POINT('',#919);
#919 = CARTESIAN_POINT('',(-21.45418089073,-4.870125492,0.));
#920 = LINE('',#921,#922);
#921 = CARTESIAN_POINT('',(-19.60759931749,-3.94234054903,0.));
#922 = VECTOR('',#923,1.);
#923 = DIRECTION('',(-0.893555615137,-0.448952517152,0.));
#924 = ORIENTED_EDGE('',*,*,#925,.T.);
#925 = EDGE_CURVE('',#918,#926,#928,.T.);
#926 = VERTEX_POINT('',#927);
#927 = CARTESIAN_POINT('',(-21.18631247871,-5.927913929394,0.));
#928 = LINE('',#929,#930);
#929 = CARTESIAN_POINT('',(-21.45418089073,-4.870125492,0.));
#930 = VECTOR('',#931,1.);
#931 = DIRECTION('',(0.245485487141,-0.969400265939,0.));
#932 = ORIENTED_EDGE('',*,*,#933,.T.);
#933 = EDGE_CURVE('',#926,#934,#936,.T.);
#934 = VERTEX_POINT('',#935);
#935 = CARTESIAN_POINT('',(-19.12071563068,-5.865000747689,0.));
#936 = LINE('',#937,#938);
#937 = CARTESIAN_POINT('',(-21.18631247871,-5.927913929394,0.));
#938 = VECTOR('',#939,1.);
#939 = DIRECTION('',(0.999536488892,3.044351118462E-02,0.));
#940 = ORIENTED_EDGE('',*,*,#941,.T.);
#941 = EDGE_CURVE('',#934,#942,#944,.T.);
#942 = VERTEX_POINT('',#943);
#943 = CARTESIAN_POINT('',(-18.91634483401,-6.493989384094,0.));
#944 = LINE('',#945,#946);
#945 = CARTESIAN_POINT('',(-19.12071563068,-5.865000747689,0.));
#946 = VECTOR('',#947,1.);
#947 = DIRECTION('',(0.309016994375,-0.951056516295,0.));
#948 = ORIENTED_EDGE('',*,*,#949,.T.);
#949 = EDGE_CURVE('',#942,#950,#952,.T.);
#950 = VERTEX_POINT('',#951);
#951 = CARTESIAN_POINT('',(-18.69128929198,-7.11587693845,0.));
#952 = LINE('',#953,#954);
#953 = CARTESIAN_POINT('',(-18.91634483401,-6.493989384094,0.));
#954 = VECTOR('',#955,1.);
#955 = DIRECTION('',(0.340293174442,-0.940319390116,0.));
#956 = ORIENTED_EDGE('',*,*,#957,.T.);
#957 = EDGE_CURVE('',#950,#958,#960,.T.);
#958 = VERTEX_POINT('',#959);
#959 = CARTESIAN_POINT('',(-20.35997751684,-8.334945441542,0.));
#960 = LINE('',#961,#962);
#961 = CARTESIAN_POINT('',(-18.69128929198,-7.11587693845,0.));
#962 = VECTOR('',#963,1.);
#963 = DIRECTION('',(-0.807473525593,-0.589903810351,0.));
#964 = ORIENTED_EDGE('',*,*,#965,.T.);
#965 = EDGE_CURVE('',#958,#966,#968,.T.);
#966 = VERTEX_POINT('',#967);
#967 = CARTESIAN_POINT('',(-19.92165622637,-9.334217331849,0.));
#968 = LINE('',#969,#970);
#969 = CARTESIAN_POINT('',(-20.35997751684,-8.334945441542,0.));
#970 = VECTOR('',#971,1.);
#971 = DIRECTION('',(0.401695424653,-0.915773326655,0.));
#972 = ORIENTED_EDGE('',*,*,#973,.T.);
#973 = EDGE_CURVE('',#966,#974,#976,.T.);
#974 = VERTEX_POINT('',#975);
#975 = CARTESIAN_POINT('',(-17.89458659641,-8.932176137056,0.));
#976 = LINE('',#977,#978);
#977 = CARTESIAN_POINT('',(-19.92165622637,-9.334217331849,0.));
#978 = VECTOR('',#979,1.);
#979 = DIRECTION('',(0.980893276732,0.194546600232,0.));
#980 = ORIENTED_EDGE('',*,*,#981,.T.);
#981 = EDGE_CURVE('',#974,#982,#984,.T.);
#982 = VERTEX_POINT('',#983);
#983 = CARTESIAN_POINT('',(-17.58947502413,-9.518947860741,0.));
#984 = LINE('',#985,#986);
#985 = CARTESIAN_POINT('',(-17.89458659641,-8.932176137056,0.));
#986 = VECTOR('',#987,1.);
#987 = DIRECTION('',(0.461341162979,-0.887222819444,0.));
#988 = ORIENTED_EDGE('',*,*,#989,.T.);
#989 = EDGE_CURVE('',#982,#990,#992,.T.);
#990 = VERTEX_POINT('',#991);
#991 = CARTESIAN_POINT('',(-17.26512961915,-10.09531075469,0.));
#992 = LINE('',#993,#994);
#993 = CARTESIAN_POINT('',(-17.58947502413,-9.518947860741,0.));
#994 = VECTOR('',#995,1.);
#995 = DIRECTION('',(0.490423503831,-0.871484243627,0.));
#996 = ORIENTED_EDGE('',*,*,#997,.T.);
#997 = EDGE_CURVE('',#990,#998,#1000,.T.);
#998 = VERTEX_POINT('',#999);
#999 = CARTESIAN_POINT('',(-18.7104070308,-11.57240980702,0.));
#1000 = LINE('',#1001,#1002);
#1001 = CARTESIAN_POINT('',(-17.26512961915,-10.09531075469,0.));
#1002 = VECTOR('',#1003,1.);
#1003 = DIRECTION('',(-0.699365663197,-0.714764065367,0.));
#1004 = ORIENTED_EDGE('',*,*,#1005,.T.);
#1005 = EDGE_CURVE('',#998,#1006,#1008,.T.);
#1006 = VERTEX_POINT('',#1007);
#1007 = CARTESIAN_POINT('',(-18.11358912406,-12.48590761798,0.));
#1008 = LINE('',#1009,#1010);
#1009 = CARTESIAN_POINT('',(-18.7104070308,-11.57240980702,0.));
#1010 = VECTOR('',#1011,1.);
#1011 = DIRECTION('',(0.546948158122,-0.837166478263,0.));
#1012 = ORIENTED_EDGE('',*,*,#1013,.T.);
#1013 = EDGE_CURVE('',#1006,#1014,#1016,.T.);
#1014 = VERTEX_POINT('',#1015);
#1015 = CARTESIAN_POINT('',(-16.18033988749,-11.75570504584,0.));
#1016 = LINE('',#1017,#1018);
#1017 = CARTESIAN_POINT('',(-18.11358912406,-12.48590761798,0.));
#1018 = VECTOR('',#1019,1.);
#1019 = DIRECTION('',(0.935493852981,0.35334296517,0.));
#1020 = ORIENTED_EDGE('',*,*,#1021,.T.);
#1021 = EDGE_CURVE('',#1014,#1022,#1024,.T.);
#1022 = VERTEX_POINT('',#1023);
#1023 = CARTESIAN_POINT('',(-15.78281018792,-12.28425425379,0.));
#1024 = LINE('',#1025,#1026);
#1025 = CARTESIAN_POINT('',(-16.18033988749,-11.75570504584,0.));
#1026 = VECTOR('',#1027,1.);
#1027 = DIRECTION('',(0.601081147283,-0.799187996895,0.));
#1028 = ORIENTED_EDGE('',*,*,#1029,.T.);
#1029 = EDGE_CURVE('',#1022,#1030,#1032,.T.);
#1030 = VERTEX_POINT('',#1031);
#1031 = CARTESIAN_POINT('',(-15.36802221713,-12.79937081006,0.));
#1032 = LINE('',#1033,#1034);
#1033 = CARTESIAN_POINT('',(-15.78281018792,-12.28425425379,0.));
#1034 = VECTOR('',#1035,1.);
#1035 = DIRECTION('',(0.627176358474,-0.778877278762,0.));
#1036 = ORIENTED_EDGE('',*,*,#1037,.T.);
#1037 = EDGE_CURVE('',#1030,#1038,#1040,.T.);
#1038 = VERTEX_POINT('',#1039);
#1039 = CARTESIAN_POINT('',(-16.55046541535,-14.49420899998,0.));
#1040 = LINE('',#1041,#1042);
#1041 = CARTESIAN_POINT('',(-15.36802221713,-12.79937081006,0.));
#1042 = VECTOR('',#1043,1.);
#1043 = DIRECTION('',(-0.57218092862,-0.820127419931,0.));
#1044 = ORIENTED_EDGE('',*,*,#1045,.T.);
#1045 = EDGE_CURVE('',#1038,#1046,#1048,.T.);
#1046 = VERTEX_POINT('',#1047);
#1047 = CARTESIAN_POINT('',(-15.81143052904,-15.29701489262,0.));
#1048 = LINE('',#1049,#1050);
#1049 = CARTESIAN_POINT('',(-16.55046541535,-14.49420899998,0.));
#1050 = VECTOR('',#1051,1.);
#1051 = DIRECTION('',(0.677281571626,-0.735723910673,0.));
#1052 = ORIENTED_EDGE('',*,*,#1053,.T.);
#1053 = EDGE_CURVE('',#1046,#1054,#1056,.T.);
#1054 = VERTEX_POINT('',#1055);
#1055 = CARTESIAN_POINT('',(-14.02473568545,-14.25856896582,0.));
#1056 = LINE('',#1057,#1058);
#1057 = CARTESIAN_POINT('',(-15.81143052904,-15.29701489262,0.));
#1058 = VECTOR('',#1059,1.);
#1059 = DIRECTION('',(0.86457659557,0.502501055115,0.));
#1060 = ORIENTED_EDGE('',*,*,#1061,.T.);
#1061 = EDGE_CURVE('',#1054,#1062,#1064,.T.);
#1062 = VERTEX_POINT('',#1063);
#1063 = CARTESIAN_POINT('',(-13.54563143251,-14.71447821346,0.));
#1064 = LINE('',#1065,#1066);
#1065 = CARTESIAN_POINT('',(-14.02473568545,-14.25856896582,0.));
#1066 = VECTOR('',#1067,1.);
#1067 = DIRECTION('',(0.724425204791,-0.689353409119,0.));
#1068 = ORIENTED_EDGE('',*,*,#1069,.T.);
#1069 = EDGE_CURVE('',#1062,#1070,#1072,.T.);
#1070 = VERTEX_POINT('',#1071);
#1071 = CARTESIAN_POINT('',(-13.05171523048,-15.1542973952,0.));
#1072 = LINE('',#1073,#1074);
#1073 = CARTESIAN_POINT('',(-13.54563143251,-14.71447821346,0.));
#1074 = VECTOR('',#1075,1.);
#1075 = DIRECTION('',(0.746821476984,-0.665024572114,0.));
#1076 = ORIENTED_EDGE('',*,*,#1077,.T.);
#1077 = EDGE_CURVE('',#1070,#1078,#1080,.T.);
#1078 = VERTEX_POINT('',#1079);
#1079 = CARTESIAN_POINT('',(-13.93907024721,-17.02064395501,0.));
#1080 = LINE('',#1081,#1082);
#1081 = CARTESIAN_POINT('',(-13.05171523048,-15.1542973952,0.));
#1082 = VECTOR('',#1083,1.);
#1083 = DIRECTION('',(-0.429388589874,-0.903119836393,0.));
#1084 = ORIENTED_EDGE('',*,*,#1085,.T.);
#1085 = EDGE_CURVE('',#1078,#1086,#1088,.T.);
#1086 = VERTEX_POINT('',#1087);
#1087 = CARTESIAN_POINT('',(-13.07797732652,-17.69085947734,0.));
#1088 = LINE('',#1089,#1090);
#1089 = CARTESIAN_POINT('',(-13.93907024721,-17.02064395501,0.));
#1090 = VECTOR('',#1091,1.);
#1091 = DIRECTION('',(0.789140509396,-0.61421271269,0.));
#1092 = ORIENTED_EDGE('',*,*,#1093,.T.);
#1093 = EDGE_CURVE('',#1086,#1094,#1096,.T.);
#1094 = VERTEX_POINT('',#1095);
#1095 = CARTESIAN_POINT('',(-11.48657325365,-16.37249629373,0.));
#1096 = LINE('',#1097,#1098);
#1097 = CARTESIAN_POINT('',(-13.07797732652,-17.69085947734,0.));
#1098 = VECTOR('',#1099,1.);
#1099 = DIRECTION('',(0.770075942416,0.637952226199,0.));
#1100 = ORIENTED_EDGE('',*,*,#1101,.T.);
#1101 = EDGE_CURVE('',#1094,#1102,#1104,.T.);
#1102 = VERTEX_POINT('',#1103);
#1103 = CARTESIAN_POINT('',(-10.93896316244,-16.74332956525,0.));
#1104 = LINE('',#1105,#1106);
#1105 = CARTESIAN_POINT('',(-11.48657325365,-16.37249629373,0.));
#1106 = VECTOR('',#1107,1.);
#1107 = DIRECTION('',(0.828008831148,-0.560715057352,0.));
#1108 = ORIENTED_EDGE('',*,*,#1109,.T.);
#1109 = EDGE_CURVE('',#1102,#1110,#1112,.T.);
#1110 = VERTEX_POINT('',#1111);
#1111 = CARTESIAN_POINT('',(-10.37939147562,-17.09585425171,0.));
#1112 = LINE('',#1113,#1114);
#1113 = CARTESIAN_POINT('',(-10.93896316244,-16.74332956525,0.));
#1114 = VECTOR('',#1115,1.);
#1115 = DIRECTION('',(0.846095252421,-0.533031728728,0.));
#1116 = ORIENTED_EDGE('',*,*,#1117,.T.);
#1117 = EDGE_CURVE('',#1110,#1118,#1120,.T.);
#1118 = VERTEX_POINT('',#1119);
#1119 = CARTESIAN_POINT('',(-10.94745357917,-19.08280011245,0.));
#1120 = LINE('',#1121,#1122);
#1121 = CARTESIAN_POINT('',(-10.37939147562,-17.09585425171,0.));
#1122 = VECTOR('',#1123,1.);
#1123 = DIRECTION('',(-0.274883649729,-0.961477497975,0.));
#1124 = ORIENTED_EDGE('',*,*,#1125,.T.);
#1125 = EDGE_CURVE('',#1118,#1126,#1128,.T.);
#1126 = VERTEX_POINT('',#1127);
#1127 = CARTESIAN_POINT('',(-9.98779099427,-19.60214353214,0.));
#1128 = LINE('',#1129,#1130);
#1129 = CARTESIAN_POINT('',(-10.94745357917,-19.08280011245,0.));
#1130 = VECTOR('',#1131,1.);
#1131 = DIRECTION('',(0.879473751206,-0.475947393037,0.));
#1132 = ORIENTED_EDGE('',*,*,#1133,.T.);
#1133 = EDGE_CURVE('',#1126,#1134,#1136,.T.);
#1134 = VERTEX_POINT('',#1135);
#1135 = CARTESIAN_POINT('',(-8.63508704677,-18.03982460265,0.));
#1136 = LINE('',#1137,#1138);
#1137 = CARTESIAN_POINT('',(-9.98779099427,-19.60214353214,0.));
#1138 = VECTOR('',#1139,1.);
#1139 = DIRECTION('',(0.654569624991,0.756001723569,0.));
#1140 = ORIENTED_EDGE('',*,*,#1141,.T.);
#1141 = EDGE_CURVE('',#1134,#1142,#1144,.T.);
#1142 = VERTEX_POINT('',#1143);
#1143 = CARTESIAN_POINT('',(-8.033908493059,-18.3154665331,0.));
#1144 = LINE('',#1145,#1146);
#1145 = CARTESIAN_POINT('',(-8.63508704677,-18.03982460265,0.));
#1146 = VECTOR('',#1147,1.);
#1147 = DIRECTION('',(0.909006535049,-0.416781860495,0.));
#1148 = ORIENTED_EDGE('',*,*,#1149,.T.);
#1149 = EDGE_CURVE('',#1142,#1150,#1152,.T.);
#1150 = VERTEX_POINT('',#1151);
#1151 = CARTESIAN_POINT('',(-7.423944978364,-18.57108076979,0.));
#1152 = LINE('',#1153,#1154);
#1153 = CARTESIAN_POINT('',(-8.033908493059,-18.3154665331,0.));
#1154 = VECTOR('',#1155,1.);
#1155 = DIRECTION('',(0.922289754977,-0.386499169292,0.));
#1156 = ORIENTED_EDGE('',*,*,#1157,.T.);
#1157 = EDGE_CURVE('',#1150,#1158,#1160,.T.);
#1158 = VERTEX_POINT('',#1159);
#1159 = CARTESIAN_POINT('',(-7.657218915376,-20.62442722797,0.));
#1160 = LINE('',#1161,#1162);
#1161 = CARTESIAN_POINT('',(-7.423944978364,-18.57108076979,0.));
#1162 = VECTOR('',#1163,1.);
#1163 = DIRECTION('',(-0.112880600188,-0.993608559797,0.));
#1164 = ORIENTED_EDGE('',*,*,#1165,.T.);
#1165 = EDGE_CURVE('',#1158,#1166,#1168,.T.);
#1166 = VERTEX_POINT('',#1167);
#1167 = CARTESIAN_POINT('',(-6.625163759925,-20.97873221036,0.));
#1168 = LINE('',#1169,#1170);
#1169 = CARTESIAN_POINT('',(-7.657218915376,-20.62442722797,0.));
#1170 = VECTOR('',#1171,1.);
#1171 = DIRECTION('',(0.945817241701,-0.324699469205,0.));
#1172 = ORIENTED_EDGE('',*,*,#1173,.T.);
#1173 = EDGE_CURVE('',#1166,#1174,#1176,.T.);
#1174 = VERTEX_POINT('',#1175);
#1175 = CARTESIAN_POINT('',(-5.548058175237,-19.21507352273,0.));
#1176 = LINE('',#1177,#1178);
#1177 = CARTESIAN_POINT('',(-6.625163759925,-20.97873221036,0.));
#1178 = VECTOR('',#1179,1.);
#1179 = DIRECTION('',(0.521208354531,0.85342946467,0.));
#1180 = ORIENTED_EDGE('',*,*,#1181,.T.);
#1181 = EDGE_CURVE('',#1174,#1182,#1184,.T.);
#1182 = VERTEX_POINT('',#1183);
#1183 = CARTESIAN_POINT('',(-4.909709742816,-19.38800531878,0.));
#1184 = LINE('',#1185,#1186);
#1185 = CARTESIAN_POINT('',(-5.548058175237,-19.21507352273,0.));
#1186 = VECTOR('',#1187,1.);
#1187 = DIRECTION('',(0.965208910277,-0.261479940954,0.));
#1188 = ORIENTED_EDGE('',*,*,#1189,.T.);
#1189 = EDGE_CURVE('',#1182,#1190,#1192,.T.);
#1190 = VERTEX_POINT('',#1191);
#1191 = CARTESIAN_POINT('',(-4.265992614875,-19.53973661567,0.));
#1192 = LINE('',#1193,#1194);
#1193 = CARTESIAN_POINT('',(-4.909709742816,-19.38800531878,0.));
#1194 = VECTOR('',#1195,1.);
#1195 = DIRECTION('',(0.973326597248,-0.229423920047,0.));
#1196 = ORIENTED_EDGE('',*,*,#1197,.T.);
#1197 = EDGE_CURVE('',#1190,#1198,#1200,.T.);
#1198 = VERTEX_POINT('',#1199);
#1199 = CARTESIAN_POINT('',(-4.158115280447,-21.60347373258,0.));
#1200 = LINE('',#1201,#1202);
#1201 = CARTESIAN_POINT('',(-4.265992614875,-19.53973661567,0.));
#1202 = VECTOR('',#1203,1.);
#1203 = DIRECTION('',(5.220153786915E-02,-0.998636570252,0.));
#1204 = ORIENTED_EDGE('',*,*,#1205,.T.);
#1205 = EDGE_CURVE('',#1198,#1206,#1208,.T.);
#1206 = VERTEX_POINT('',#1207);
#1207 = CARTESIAN_POINT('',(-3.081819328722,-21.78307576135,0.));
#1208 = LINE('',#1209,#1210);
#1209 = CARTESIAN_POINT('',(-4.158115280447,-21.60347373258,0.));
#1210 = VECTOR('',#1211,1.);
#1211 = DIRECTION('',(0.986361303403,-0.164594590281,0.));
#1212 = ORIENTED_EDGE('',*,*,#1213,.T.);
#1213 = EDGE_CURVE('',#1206,#1214,#1216,.T.);
#1214 = VERTEX_POINT('',#1215);
#1215 = CARTESIAN_POINT('',(-2.309692739392,-19.86618532707,0.));
#1216 = LINE('',#1217,#1218);
#1217 = CARTESIAN_POINT('',(-3.081819328722,-21.78307576135,0.));
#1218 = VECTOR('',#1219,1.);
#1219 = DIRECTION('',(0.373629878849,0.927577874699,0.));
#1220 = ORIENTED_EDGE('',*,*,#1221,.T.);
#1221 = EDGE_CURVE('',#1214,#1222,#1224,.T.);
#1222 = VERTEX_POINT('',#1223);
#1223 = CARTESIAN_POINT('',(-1.651586909447,-19.93168986013,0.));
#1224 = LINE('',#1225,#1226);
#1225 = CARTESIAN_POINT('',(-2.309692739392,-19.86618532707,0.));
#1226 = VECTOR('',#1227,1.);
#1227 = DIRECTION('',(0.995082902545,-9.904553025046E-02,0.));
#1228 = ORIENTED_EDGE('',*,*,#1229,.T.);
#1229 = EDGE_CURVE('',#1222,#1230,#1232,.T.);
#1230 = VERTEX_POINT('',#1231);
#1231 = CARTESIAN_POINT('',(-0.991675093464,-19.97539938296,0.));
#1232 = LINE('',#1233,#1234);
#1233 = CARTESIAN_POINT('',(-1.651586909447,-19.93168986013,0.));
#1234 = VECTOR('',#1235,1.);
#1235 = DIRECTION('',(0.997813627219,-6.60905843257E-02,0.));
#1236 = ORIENTED_EDGE('',*,*,#1237,.T.);
#1237 = EDGE_CURVE('',#1230,#1238,#1240,.T.);
#1238 = VERTEX_POINT('',#1239);
#1239 = CARTESIAN_POINT('',(-0.545589100065,-21.99323378982,0.));
#1240 = LINE('',#1241,#1242);
#1241 = CARTESIAN_POINT('',(-0.991675093464,-19.97539938296,0.));
#1242 = VECTOR('',#1243,1.);
#1243 = DIRECTION('',(0.215859754052,-0.976424378322,0.));
#1244 = ORIENTED_EDGE('',*,*,#1245,.T.);
#1245 = EDGE_CURVE('',#1238,#1246,#1248,.T.);
#1246 = VERTEX_POINT('',#1247);
#1247 = CARTESIAN_POINT('',(0.545589100065,-21.99323378982,0.));
#1248 = LINE('',#1249,#1250);
#1249 = CARTESIAN_POINT('',(-0.545589100065,-21.99323378982,0.));
#1250 = VECTOR('',#1251,1.);
#1251 = DIRECTION('',(1.,0.,0.));
#1252 = ORIENTED_EDGE('',*,*,#1253,.T.);
#1253 = EDGE_CURVE('',#1246,#1254,#1256,.T.);
#1254 = VERTEX_POINT('',#1255);
#1255 = CARTESIAN_POINT('',(0.991675093464,-19.97539938296,0.));
#1256 = LINE('',#1257,#1258);
#1257 = CARTESIAN_POINT('',(0.545589100065,-21.99323378982,0.));
#1258 = VECTOR('',#1259,1.);
#1259 = DIRECTION('',(0.215859754052,0.976424378322,0.));
#1260 = ORIENTED_EDGE('',*,*,#1261,.T.);
#1261 = EDGE_CURVE('',#1254,#1262,#1264,.T.);
#1262 = VERTEX_POINT('',#1263);
#1263 = CARTESIAN_POINT('',(1.651586909447,-19.93168986013,0.));
#1264 = LINE('',#1265,#1266);
#1265 = CARTESIAN_POINT('',(0.991675093464,-19.97539938296,0.));
#1266 = VECTOR('',#1267,1.);
#1267 = DIRECTION('',(0.997813627219,6.60905843257E-02,0.));
#1268 = ORIENTED_EDGE('',*,*,#1269,.T.);
#1269 = EDGE_CURVE('',#1262,#1270,#1272,.T.);
#1270 = VERTEX_POINT('',#1271);
#1271 = CARTESIAN_POINT('',(2.309692739392,-19.86618532707,0.));
#1272 = LINE('',#1273,#1274);
#1273 = CARTESIAN_POINT('',(1.651586909447,-19.93168986013,0.));
#1274 = VECTOR('',#1275,1.);
#1275 = DIRECTION('',(0.995082902545,9.904553025046E-02,0.));
#1276 = ORIENTED_EDGE('',*,*,#1277,.T.);
#1277 = EDGE_CURVE('',#1270,#1278,#1280,.T.);
#1278 = VERTEX_POINT('',#1279);
#1279 = CARTESIAN_POINT('',(3.081819328722,-21.78307576135,0.));
#1280 = LINE('',#1281,#1282);
#1281 = CARTESIAN_POINT('',(2.309692739392,-19.86618532707,0.));
#1282 = VECTOR('',#1283,1.);
#1283 = DIRECTION('',(0.373629878849,-0.927577874699,0.));
#1284 = ORIENTED_EDGE('',*,*,#1285,.T.);
#1285 = EDGE_CURVE('',#1278,#1286,#1288,.T.);
#1286 = VERTEX_POINT('',#1287);
#1287 = CARTESIAN_POINT('',(4.158115280447,-21.60347373258,0.));
#1288 = LINE('',#1289,#1290);
#1289 = CARTESIAN_POINT('',(3.081819328722,-21.78307576135,0.));
#1290 = VECTOR('',#1291,1.);
#1291 = DIRECTION('',(0.986361303403,0.164594590281,0.));
#1292 = ORIENTED_EDGE('',*,*,#1293,.T.);
#1293 = EDGE_CURVE('',#1286,#1294,#1296,.T.);
#1294 = VERTEX_POINT('',#1295);
#1295 = CARTESIAN_POINT('',(4.265992614875,-19.53973661567,0.));
#1296 = LINE('',#1297,#1298);
#1297 = CARTESIAN_POINT('',(4.158115280447,-21.60347373258,0.));
#1298 = VECTOR('',#1299,1.);
#1299 = DIRECTION('',(5.220153786915E-02,0.998636570252,0.));
#1300 = ORIENTED_EDGE('',*,*,#1301,.T.);
#1301 = EDGE_CURVE('',#1294,#1302,#1304,.T.);
#1302 = VERTEX_POINT('',#1303);
#1303 = CARTESIAN_POINT('',(4.909709742816,-19.38800531878,0.));
#1304 = LINE('',#1305,#1306);
#1305 = CARTESIAN_POINT('',(4.265992614875,-19.53973661567,0.));
#1306 = VECTOR('',#1307,1.);
#1307 = DIRECTION('',(0.973326597248,0.229423920047,0.));
#1308 = ORIENTED_EDGE('',*,*,#1309,.T.);
#1309 = EDGE_CURVE('',#1302,#1310,#1312,.T.);
#1310 = VERTEX_POINT('',#1311);
#1311 = CARTESIAN_POINT('',(5.548058175237,-19.21507352273,0.));
#1312 = LINE('',#1313,#1314);
#1313 = CARTESIAN_POINT('',(4.909709742816,-19.38800531878,0.));
#1314 = VECTOR('',#1315,1.);
#1315 = DIRECTION('',(0.965208910277,0.261479940954,0.));
#1316 = ORIENTED_EDGE('',*,*,#1317,.T.);
#1317 = EDGE_CURVE('',#1310,#1318,#1320,.T.);
#1318 = VERTEX_POINT('',#1319);
#1319 = CARTESIAN_POINT('',(6.625163759925,-20.97873221036,0.));
#1320 = LINE('',#1321,#1322);
#1321 = CARTESIAN_POINT('',(5.548058175237,-19.21507352273,0.));
#1322 = VECTOR('',#1323,1.);
#1323 = DIRECTION('',(0.521208354531,-0.85342946467,0.));
#1324 = ORIENTED_EDGE('',*,*,#1325,.T.);
#1325 = EDGE_CURVE('',#1318,#1326,#1328,.T.);
#1326 = VERTEX_POINT('',#1327);
#1327 = CARTESIAN_POINT('',(7.657218915376,-20.62442722797,0.));
#1328 = LINE('',#1329,#1330);
#1329 = CARTESIAN_POINT('',(6.625163759925,-20.97873221036,0.));
#1330 = VECTOR('',#1331,1.);
#1331 = DIRECTION('',(0.945817241701,0.324699469205,0.));
#1332 = ORIENTED_EDGE('',*,*,#1333,.T.);
#1333 = EDGE_CURVE('',#1326,#1334,#1336,.T.);
#1334 = VERTEX_POINT('',#1335);
#1335 = CARTESIAN_POINT('',(7.423944978364,-18.57108076979,0.));
#1336 = LINE('',#1337,#1338);
#1337 = CARTESIAN_POINT('',(7.657218915376,-20.62442722797,0.));
#1338 = VECTOR('',#1339,1.);
#1339 = DIRECTION('',(-0.112880600188,0.993608559797,0.));
#1340 = ORIENTED_EDGE('',*,*,#1341,.T.);
#1341 = EDGE_CURVE('',#1334,#1342,#1344,.T.);
#1342 = VERTEX_POINT('',#1343);
#1343 = CARTESIAN_POINT('',(8.033908493059,-18.3154665331,0.));
#1344 = LINE('',#1345,#1346);
#1345 = CARTESIAN_POINT('',(7.423944978364,-18.57108076979,0.));
#1346 = VECTOR('',#1347,1.);
#1347 = DIRECTION('',(0.922289754977,0.386499169292,0.));
#1348 = ORIENTED_EDGE('',*,*,#1349,.T.);
#1349 = EDGE_CURVE('',#1342,#1350,#1352,.T.);
#1350 = VERTEX_POINT('',#1351);
#1351 = CARTESIAN_POINT('',(8.63508704677,-18.03982460265,0.));
#1352 = LINE('',#1353,#1354);
#1353 = CARTESIAN_POINT('',(8.033908493059,-18.3154665331,0.));
#1354 = VECTOR('',#1355,1.);
#1355 = DIRECTION('',(0.909006535049,0.416781860495,0.));
#1356 = ORIENTED_EDGE('',*,*,#1357,.T.);
#1357 = EDGE_CURVE('',#1350,#1358,#1360,.T.);
#1358 = VERTEX_POINT('',#1359);
#1359 = CARTESIAN_POINT('',(9.98779099427,-19.60214353214,0.));
#1360 = LINE('',#1361,#1362);
#1361 = CARTESIAN_POINT('',(8.63508704677,-18.03982460265,0.));
#1362 = VECTOR('',#1363,1.);
#1363 = DIRECTION('',(0.654569624991,-0.756001723569,0.));
#1364 = ORIENTED_EDGE('',*,*,#1365,.T.);
#1365 = EDGE_CURVE('',#1358,#1366,#1368,.T.);
#1366 = VERTEX_POINT('',#1367);
#1367 = CARTESIAN_POINT('',(10.947453579174,-19.08280011245,0.));
#1368 = LINE('',#1369,#1370);
#1369 = CARTESIAN_POINT('',(9.98779099427,-19.60214353214,0.));
#1370 = VECTOR('',#1371,1.);
#1371 = DIRECTION('',(0.879473751206,0.475947393037,0.));
#1372 = ORIENTED_EDGE('',*,*,#1373,.T.);
#1373 = EDGE_CURVE('',#1366,#1374,#1376,.T.);
#1374 = VERTEX_POINT('',#1375);
#1375 = CARTESIAN_POINT('',(10.379391475624,-17.09585425171,0.));
#1376 = LINE('',#1377,#1378);
#1377 = CARTESIAN_POINT('',(10.947453579174,-19.08280011245,0.));
#1378 = VECTOR('',#1379,1.);
#1379 = DIRECTION('',(-0.274883649729,0.961477497975,0.));
#1380 = ORIENTED_EDGE('',*,*,#1381,.T.);
#1381 = EDGE_CURVE('',#1374,#1382,#1384,.T.);
#1382 = VERTEX_POINT('',#1383);
#1383 = CARTESIAN_POINT('',(10.938963162449,-16.74332956525,0.));
#1384 = LINE('',#1385,#1386);
#1385 = CARTESIAN_POINT('',(10.379391475624,-17.09585425171,0.));
#1386 = VECTOR('',#1387,1.);
#1387 = DIRECTION('',(0.846095252421,0.533031728728,0.));
#1388 = ORIENTED_EDGE('',*,*,#1389,.T.);
#1389 = EDGE_CURVE('',#1382,#1390,#1392,.T.);
#1390 = VERTEX_POINT('',#1391);
#1391 = CARTESIAN_POINT('',(11.486573253659,-16.37249629373,0.));
#1392 = LINE('',#1393,#1394);
#1393 = CARTESIAN_POINT('',(10.938963162449,-16.74332956525,0.));
#1394 = VECTOR('',#1395,1.);
#1395 = DIRECTION('',(0.828008831148,0.560715057352,0.));
#1396 = ORIENTED_EDGE('',*,*,#1397,.T.);
#1397 = EDGE_CURVE('',#1390,#1398,#1400,.T.);
#1398 = VERTEX_POINT('',#1399);
#1399 = CARTESIAN_POINT('',(13.07797732652,-17.69085947734,0.));
#1400 = LINE('',#1401,#1402);
#1401 = CARTESIAN_POINT('',(11.486573253659,-16.37249629373,0.));
#1402 = VECTOR('',#1403,1.);
#1403 = DIRECTION('',(0.770075942416,-0.637952226199,0.));
#1404 = ORIENTED_EDGE('',*,*,#1405,.T.);
#1405 = EDGE_CURVE('',#1398,#1406,#1408,.T.);
#1406 = VERTEX_POINT('',#1407);
#1407 = CARTESIAN_POINT('',(13.939070247213,-17.02064395501,0.));
#1408 = LINE('',#1409,#1410);
#1409 = CARTESIAN_POINT('',(13.07797732652,-17.69085947734,0.));
#1410 = VECTOR('',#1411,1.);
#1411 = DIRECTION('',(0.789140509396,0.61421271269,0.));
#1412 = ORIENTED_EDGE('',*,*,#1413,.T.);
#1413 = EDGE_CURVE('',#1406,#1414,#1416,.T.);
#1414 = VERTEX_POINT('',#1415);
#1415 = CARTESIAN_POINT('',(13.051715230483,-15.1542973952,0.));
#1416 = LINE('',#1417,#1418);
#1417 = CARTESIAN_POINT('',(13.939070247213,-17.02064395501,0.));
#1418 = VECTOR('',#1419,1.);
#1419 = DIRECTION('',(-0.429388589874,0.903119836393,0.));
#1420 = ORIENTED_EDGE('',*,*,#1421,.T.);
#1421 = EDGE_CURVE('',#1414,#1422,#1424,.T.);
#1422 = VERTEX_POINT('',#1423);
#1423 = CARTESIAN_POINT('',(13.545631432515,-14.71447821346,0.));
#1424 = LINE('',#1425,#1426);
#1425 = CARTESIAN_POINT('',(13.051715230483,-15.1542973952,0.));
#1426 = VECTOR('',#1427,1.);
#1427 = DIRECTION('',(0.746821476984,0.665024572114,0.));
#1428 = ORIENTED_EDGE('',*,*,#1429,.T.);
#1429 = EDGE_CURVE('',#1422,#1430,#1432,.T.);
#1430 = VERTEX_POINT('',#1431);
#1431 = CARTESIAN_POINT('',(14.02473568545,-14.25856896582,0.));
#1432 = LINE('',#1433,#1434);
#1433 = CARTESIAN_POINT('',(13.545631432515,-14.71447821346,0.));
#1434 = VECTOR('',#1435,1.);
#1435 = DIRECTION('',(0.724425204791,0.689353409119,0.));
#1436 = ORIENTED_EDGE('',*,*,#1437,.T.);
#1437 = EDGE_CURVE('',#1430,#1438,#1440,.T.);
#1438 = VERTEX_POINT('',#1439);
#1439 = CARTESIAN_POINT('',(15.811430529044,-15.29701489262,0.));
#1440 = LINE('',#1441,#1442);
#1441 = CARTESIAN_POINT('',(14.02473568545,-14.25856896582,0.));
#1442 = VECTOR('',#1443,1.);
#1443 = DIRECTION('',(0.86457659557,-0.502501055115,0.));
#1444 = ORIENTED_EDGE('',*,*,#1445,.T.);
#1445 = EDGE_CURVE('',#1438,#1446,#1448,.T.);
#1446 = VERTEX_POINT('',#1447);
#1447 = CARTESIAN_POINT('',(16.550465415353,-14.49420899998,0.));
#1448 = LINE('',#1449,#1450);
#1449 = CARTESIAN_POINT('',(15.811430529044,-15.29701489262,0.));
#1450 = VECTOR('',#1451,1.);
#1451 = DIRECTION('',(0.677281571626,0.735723910673,0.));
#1452 = ORIENTED_EDGE('',*,*,#1453,.T.);
#1453 = EDGE_CURVE('',#1446,#1454,#1456,.T.);
#1454 = VERTEX_POINT('',#1455);
#1455 = CARTESIAN_POINT('',(15.368022217137,-12.79937081006,0.));
#1456 = LINE('',#1457,#1458);
#1457 = CARTESIAN_POINT('',(16.550465415353,-14.49420899998,0.));
#1458 = VECTOR('',#1459,1.);
#1459 = DIRECTION('',(-0.57218092862,0.820127419931,0.));
#1460 = ORIENTED_EDGE('',*,*,#1461,.T.);
#1461 = EDGE_CURVE('',#1454,#1462,#1464,.T.);
#1462 = VERTEX_POINT('',#1463);
#1463 = CARTESIAN_POINT('',(15.782810187928,-12.28425425379,0.));
#1464 = LINE('',#1465,#1466);
#1465 = CARTESIAN_POINT('',(15.368022217137,-12.79937081006,0.));
#1466 = VECTOR('',#1467,1.);
#1467 = DIRECTION('',(0.627176358474,0.778877278762,0.));
#1468 = ORIENTED_EDGE('',*,*,#1469,.T.);
#1469 = EDGE_CURVE('',#1462,#1470,#1472,.T.);
#1470 = VERTEX_POINT('',#1471);
#1471 = CARTESIAN_POINT('',(16.180339887499,-11.75570504584,0.));
#1472 = LINE('',#1473,#1474);
#1473 = CARTESIAN_POINT('',(15.782810187928,-12.28425425379,0.));
#1474 = VECTOR('',#1475,1.);
#1475 = DIRECTION('',(0.601081147283,0.799187996895,0.));
#1476 = ORIENTED_EDGE('',*,*,#1477,.T.);
#1477 = EDGE_CURVE('',#1470,#1478,#1480,.T.);
#1478 = VERTEX_POINT('',#1479);
#1479 = CARTESIAN_POINT('',(18.11358912406,-12.48590761798,0.));
#1480 = LINE('',#1481,#1482);
#1481 = CARTESIAN_POINT('',(16.180339887499,-11.75570504584,0.));
#1482 = VECTOR('',#1483,1.);
#1483 = DIRECTION('',(0.935493852981,-0.35334296517,0.));
#1484 = ORIENTED_EDGE('',*,*,#1485,.T.);
#1485 = EDGE_CURVE('',#1478,#1486,#1488,.T.);
#1486 = VERTEX_POINT('',#1487);
#1487 = CARTESIAN_POINT('',(18.710407030805,-11.57240980702,0.));
#1488 = LINE('',#1489,#1490);
#1489 = CARTESIAN_POINT('',(18.11358912406,-12.48590761798,0.));
#1490 = VECTOR('',#1491,1.);
#1491 = DIRECTION('',(0.546948158122,0.837166478263,0.));
#1492 = ORIENTED_EDGE('',*,*,#1493,.T.);
#1493 = EDGE_CURVE('',#1486,#1494,#1496,.T.);
#1494 = VERTEX_POINT('',#1495);
#1495 = CARTESIAN_POINT('',(17.265129619151,-10.09531075469,0.));
#1496 = LINE('',#1497,#1498);
#1497 = CARTESIAN_POINT('',(18.710407030805,-11.57240980702,0.));
#1498 = VECTOR('',#1499,1.);
#1499 = DIRECTION('',(-0.699365663197,0.714764065367,0.));
#1500 = ORIENTED_EDGE('',*,*,#1501,.T.);
#1501 = EDGE_CURVE('',#1494,#1502,#1504,.T.);
#1502 = VERTEX_POINT('',#1503);
#1503 = CARTESIAN_POINT('',(17.58947502413,-9.518947860741,0.));
#1504 = LINE('',#1505,#1506);
#1505 = CARTESIAN_POINT('',(17.265129619151,-10.09531075469,0.));
#1506 = VECTOR('',#1507,1.);
#1507 = DIRECTION('',(0.490423503831,0.871484243627,0.));
#1508 = ORIENTED_EDGE('',*,*,#1509,.T.);
#1509 = EDGE_CURVE('',#1502,#1510,#1512,.T.);
#1510 = VERTEX_POINT('',#1511);
#1511 = CARTESIAN_POINT('',(17.894586596415,-8.932176137056,0.));
#1512 = LINE('',#1513,#1514);
#1513 = CARTESIAN_POINT('',(17.58947502413,-9.518947860741,0.));
#1514 = VECTOR('',#1515,1.);
#1515 = DIRECTION('',(0.461341162979,0.887222819444,0.));
#1516 = ORIENTED_EDGE('',*,*,#1517,.T.);
#1517 = EDGE_CURVE('',#1510,#1518,#1520,.T.);
#1518 = VERTEX_POINT('',#1519);
#1519 = CARTESIAN_POINT('',(19.921656226373,-9.334217331849,0.));
#1520 = LINE('',#1521,#1522);
#1521 = CARTESIAN_POINT('',(17.894586596415,-8.932176137056,0.));
#1522 = VECTOR('',#1523,1.);
#1523 = DIRECTION('',(0.980893276732,-0.194546600232,0.));
#1524 = ORIENTED_EDGE('',*,*,#1525,.T.);
#1525 = EDGE_CURVE('',#1518,#1526,#1528,.T.);
#1526 = VERTEX_POINT('',#1527);
#1527 = CARTESIAN_POINT('',(20.359977516847,-8.334945441542,0.));
#1528 = LINE('',#1529,#1530);
#1529 = CARTESIAN_POINT('',(19.921656226373,-9.334217331849,0.));
#1530 = VECTOR('',#1531,1.);
#1531 = DIRECTION('',(0.401695424653,0.915773326655,0.));
#1532 = ORIENTED_EDGE('',*,*,#1533,.T.);
#1533 = EDGE_CURVE('',#1526,#1534,#1536,.T.);
#1534 = VERTEX_POINT('',#1535);
#1535 = CARTESIAN_POINT('',(18.691289291989,-7.11587693845,0.));
#1536 = LINE('',#1537,#1538);
#1537 = CARTESIAN_POINT('',(20.359977516847,-8.334945441542,0.));
#1538 = VECTOR('',#1539,1.);
#1539 = DIRECTION('',(-0.807473525593,0.589903810351,0.));
#1540 = ORIENTED_EDGE('',*,*,#1541,.T.);
#1541 = EDGE_CURVE('',#1534,#1542,#1544,.T.);
#1542 = VERTEX_POINT('',#1543);
#1543 = CARTESIAN_POINT('',(18.916344834013,-6.493989384094,0.));
#1544 = LINE('',#1545,#1546);
#1545 = CARTESIAN_POINT('',(18.691289291989,-7.11587693845,0.));
#1546 = VECTOR('',#1547,1.);
#1547 = DIRECTION('',(0.340293174442,0.940319390116,0.));
#1548 = ORIENTED_EDGE('',*,*,#1549,.T.);
#1549 = EDGE_CURVE('',#1542,#1550,#1552,.T.);
#1550 = VERTEX_POINT('',#1551);
#1551 = CARTESIAN_POINT('',(19.120715630687,-5.865000747689,0.));
#1552 = LINE('',#1553,#1554);
#1553 = CARTESIAN_POINT('',(18.916344834013,-6.493989384094,0.));
#1554 = VECTOR('',#1555,1.);
#1555 = DIRECTION('',(0.309016994375,0.951056516295,0.));
#1556 = ORIENTED_EDGE('',*,*,#1557,.T.);
#1557 = EDGE_CURVE('',#1550,#1558,#1560,.T.);
#1558 = VERTEX_POINT('',#1559);
#1559 = CARTESIAN_POINT('',(21.186312478714,-5.927913929394,0.));
#1560 = LINE('',#1561,#1562);
#1561 = CARTESIAN_POINT('',(19.120715630687,-5.865000747689,0.));
#1562 = VECTOR('',#1563,1.);
#1563 = DIRECTION('',(0.999536488892,-3.044351118463E-02,0.));
#1564 = ORIENTED_EDGE('',*,*,#1565,.T.);
#1565 = EDGE_CURVE('',#1558,#1566,#1568,.T.);
#1566 = VERTEX_POINT('',#1567);
#1567 = CARTESIAN_POINT('',(21.45418089073,-4.870125492,0.));
#1568 = LINE('',#1569,#1570);
#1569 = CARTESIAN_POINT('',(21.186312478714,-5.927913929394,0.));
#1570 = VECTOR('',#1571,1.);
#1571 = DIRECTION('',(0.245485487141,0.969400265939,0.));
#1572 = ORIENTED_EDGE('',*,*,#1573,.T.);
#1573 = EDGE_CURVE('',#1566,#1574,#1576,.T.);
#1574 = VERTEX_POINT('',#1575);
#1575 = CARTESIAN_POINT('',(19.607599317496,-3.94234054903,0.));
#1576 = LINE('',#1577,#1578);
#1577 = CARTESIAN_POINT('',(21.45418089073,-4.870125492,0.));
#1578 = VECTOR('',#1579,1.);
#1579 = DIRECTION('',(-0.893555615137,0.448952517152,0.));
#1580 = ORIENTED_EDGE('',*,*,#1581,.T.);
#1581 = EDGE_CURVE('',#1574,#1582,#1584,.T.);
#1582 = VERTEX_POINT('',#1583);
#1583 = CARTESIAN_POINT('',(19.727226068054,-3.291891805615,0.));
#1584 = LINE('',#1585,#1586);
#1585 = CARTESIAN_POINT('',(19.607599317496,-3.94234054903,0.));
#1586 = VECTOR('',#1587,1.);
#1587 = DIRECTION('',(0.180880534332,0.983505074872,0.));
#1588 = ORIENTED_EDGE('',*,*,#1589,.T.);
#1589 = EDGE_CURVE('',#1582,#1590,#1592,.T.);
#1590 = VERTEX_POINT('',#1591);
#1591 = CARTESIAN_POINT('',(19.82528138654,-2.637843426841,0.));
#1592 = LINE('',#1593,#1594);
#1593 = CARTESIAN_POINT('',(19.727226068054,-3.291891805615,0.));
#1594 = VECTOR('',#1595,1.);
#1595 = DIRECTION('',(0.148263647712,0.988947870601,0.));
#1596 = ORIENTED_EDGE('',*,*,#1597,.T.);
#1597 = EDGE_CURVE('',#1590,#1598,#1600,.T.);
#1598 = VERTEX_POINT('',#1599);
#1599 = CARTESIAN_POINT('',(21.873061355229,-2.359912487862,0.));
#1600 = LINE('',#1601,#1602);
#1601 = CARTESIAN_POINT('',(19.82528138654,-2.637843426841,0.));
#1602 = VECTOR('',#1603,1.);
#1603 = DIRECTION('',(0.990914951232,0.134489997488,0.));
#1604 = ORIENTED_EDGE('',*,*,#1605,.T.);
#1605 = EDGE_CURVE('',#1598,#1606,#1608,.T.);
#1606 = VERTEX_POINT('',#1607);
#1607 = CARTESIAN_POINT('',(21.96317013679,-1.272461214505,0.));
#1608 = LINE('',#1609,#1610);
#1609 = CARTESIAN_POINT('',(21.873061355229,-2.359912487862,0.));
#1610 = VECTOR('',#1611,1.);
#1611 = DIRECTION('',(8.257934547233E-02,0.996584493007,0.));
#1612 = ORIENTED_EDGE('',*,*,#1613,.T.);
#1613 = EDGE_CURVE('',#1606,#62,#1614,.T.);
#1614 = LINE('',#1615,#1616);
#1615 = CARTESIAN_POINT('',(21.96317013679,-1.272461214505,0.));
#1616 = VECTOR('',#1617,1.);
#1617 = DIRECTION('',(-0.955263836825,0.295754969618,0.));
#1618 = ORIENTED_EDGE('',*,*,#78,.T.);
#1619 = FACE_BOUND('',#1620,.F.);
#1620 = EDGE_LOOP('',(#1621));
#1621 = ORIENTED_EDGE('',*,*,#1622,.F.);
#1622 = EDGE_CURVE('',#1623,#1623,#1625,.T.);
#1623 = VERTEX_POINT('',#1624);
#1624 = CARTESIAN_POINT('',(5.,-1.224646799147E-15,0.));
#1625 = CIRCLE('',#1626,5.);
#1626 = AXIS2_PLACEMENT_3D('',#1627,#1628,#1629);
#1627 = CARTESIAN_POINT('',(0.,0.,0.));
#1628 = DIRECTION('',(0.,0.,1.));
#1629 = DIRECTION('',(1.,0.,0.));
#1630 = PLANE('',#1631);
#1631 = AXIS2_PLACEMENT_3D('',#1632,#1633,#1634);
#1632 = CARTESIAN_POINT('',(1.190254031599E-14,6.290780477695E-15,0.));
#1633 = DIRECTION('',(0.,0.,1.));
#1634 = DIRECTION('',(1.,0.,0.));
#1635 = ADVANCED_FACE('',(#1636,#3135),#3146,.T.);
#1636 = FACE_BOUND('',#1637,.T.);
#1637 = EDGE_LOOP('',(#1638,#1639,#1640,#1648,#1656,#1664,#1672,#1680,
    #1688,#1696,#1704,#1712,#1720,#1728,#1736,#1744,#1752,#1760,#1768,
    #1776,#1784,#1792,#1800,#1808,#1816,#1824,#1832,#1840,#1848,#1856,
    #1864,#1872,#1880,#1888,#1896,#1904,#1912,#1920,#1928,#1936,#1944,
    #1952,#1960,#1968,#1976,#1984,#1992,#2000,#2008,#2016,#2024,#2032,
    #2040,#2048,#2056,#2064,#2072,#2080,#2088,#2096,#2104,#2112,#2120,
    #2128,#2136,#2144,#2152,#2160,#2168,#2176,#2184,#2192,#2200,#2208,
    #2216,#2224,#2232,#2240,#2248,#2256,#2264,#2272,#2280,#2288,#2296,
    #2304,#2312,#2320,#2328,#2336,#2344,#2352,#2360,#2368,#2376,#2384,
    #2392,#2400,#2408,#2416,#2424,#2432,#2440,#2448,#2456,#2464,#2472,
    #2480,#2488,#2496,#2504,#2512,#2520,#2528,#2536,#2544,#2552,#2560,
    #2568,#2576,#2584,#2592,#2600,#2608,#2616,#2624,#2632,#2640,#2648,
    #2656,#2664,#2672,#2680,#2688,#2696,#2704,#2712,#2720,#2728,#2736,
    #2744,#2752,#2760,#2768,#2776,#2784,#2792,#2800,#2808,#2816,#2824,
    #2832,#2840,#2848,#2856,#2864,#2872,#2880,#2888,#2896,#2904,#2912,
    #2920,#2928,#2936,#2944,#2952,#2960,#2968,#2976,#2984,#2992,#3000,
    #3008,#3016,#3024,#3032,#3040,#3048,#3056,#3064,#3072,#3080,#3088,
    #3096,#3104,#3112,#3120,#3128,#3134));
#1638 = ORIENTED_EDGE('',*,*,#31,.T.);
#1639 = ORIENTED_EDGE('',*,*,#93,.T.);
#1640 = ORIENTED_EDGE('',*,*,#1641,.T.);
#1641 = EDGE_CURVE('',#94,#1642,#1644,.T.);
#1642 = VERTEX_POINT('',#1643);
#1643 = CARTESIAN_POINT('',(21.873061355229,2.359912487862,3.));
#1644 = LINE('',#1645,#1646);
#1645 = CARTESIAN_POINT('',(21.96317013679,1.272461214505,3.));
#1646 = VECTOR('',#1647,1.);
#1647 = DIRECTION('',(-8.257934547233E-02,0.996584493007,0.));
#1648 = ORIENTED_EDGE('',*,*,#1649,.T.);
#1649 = EDGE_CURVE('',#1642,#1650,#1652,.T.);
#1650 = VERTEX_POINT('',#1651);
#1651 = CARTESIAN_POINT('',(19.82528138654,2.637843426841,3.));
#1652 = LINE('',#1653,#1654);
#1653 = CARTESIAN_POINT('',(21.873061355229,2.359912487862,3.));
#1654 = VECTOR('',#1655,1.);
#1655 = DIRECTION('',(-0.990914951232,0.134489997488,0.));
#1656 = ORIENTED_EDGE('',*,*,#1657,.T.);
#1657 = EDGE_CURVE('',#1650,#1658,#1660,.T.);
#1658 = VERTEX_POINT('',#1659);
#1659 = CARTESIAN_POINT('',(19.727226068054,3.291891805615,3.));
#1660 = LINE('',#1661,#1662);
#1661 = CARTESIAN_POINT('',(19.82528138654,2.637843426841,3.));
#1662 = VECTOR('',#1663,1.);
#1663 = DIRECTION('',(-0.148263647712,0.988947870601,0.));
#1664 = ORIENTED_EDGE('',*,*,#1665,.T.);
#1665 = EDGE_CURVE('',#1658,#1666,#1668,.T.);
#1666 = VERTEX_POINT('',#1667);
#1667 = CARTESIAN_POINT('',(19.607599317496,3.94234054903,3.));
#1668 = LINE('',#1669,#1670);
#1669 = CARTESIAN_POINT('',(19.727226068054,3.291891805615,3.));
#1670 = VECTOR('',#1671,1.);
#1671 = DIRECTION('',(-0.180880534332,0.983505074872,0.));
#1672 = ORIENTED_EDGE('',*,*,#1673,.T.);
#1673 = EDGE_CURVE('',#1666,#1674,#1676,.T.);
#1674 = VERTEX_POINT('',#1675);
#1675 = CARTESIAN_POINT('',(21.45418089073,4.870125492,3.));
#1676 = LINE('',#1677,#1678);
#1677 = CARTESIAN_POINT('',(19.607599317496,3.94234054903,3.));
#1678 = VECTOR('',#1679,1.);
#1679 = DIRECTION('',(0.893555615137,0.448952517152,0.));
#1680 = ORIENTED_EDGE('',*,*,#1681,.T.);
#1681 = EDGE_CURVE('',#1674,#1682,#1684,.T.);
#1682 = VERTEX_POINT('',#1683);
#1683 = CARTESIAN_POINT('',(21.186312478714,5.927913929394,3.));
#1684 = LINE('',#1685,#1686);
#1685 = CARTESIAN_POINT('',(21.45418089073,4.870125492,3.));
#1686 = VECTOR('',#1687,1.);
#1687 = DIRECTION('',(-0.245485487141,0.969400265939,0.));
#1688 = ORIENTED_EDGE('',*,*,#1689,.T.);
#1689 = EDGE_CURVE('',#1682,#1690,#1692,.T.);
#1690 = VERTEX_POINT('',#1691);
#1691 = CARTESIAN_POINT('',(19.120715630687,5.865000747689,3.));
#1692 = LINE('',#1693,#1694);
#1693 = CARTESIAN_POINT('',(21.186312478714,5.927913929394,3.));
#1694 = VECTOR('',#1695,1.);
#1695 = DIRECTION('',(-0.999536488892,-3.044351118463E-02,0.));
#1696 = ORIENTED_EDGE('',*,*,#1697,.T.);
#1697 = EDGE_CURVE('',#1690,#1698,#1700,.T.);
#1698 = VERTEX_POINT('',#1699);
#1699 = CARTESIAN_POINT('',(18.916344834013,6.493989384094,3.));
#1700 = LINE('',#1701,#1702);
#1701 = CARTESIAN_POINT('',(19.120715630687,5.865000747689,3.));
#1702 = VECTOR('',#1703,1.);
#1703 = DIRECTION('',(-0.309016994375,0.951056516295,0.));
#1704 = ORIENTED_EDGE('',*,*,#1705,.T.);
#1705 = EDGE_CURVE('',#1698,#1706,#1708,.T.);
#1706 = VERTEX_POINT('',#1707);
#1707 = CARTESIAN_POINT('',(18.691289291989,7.11587693845,3.));
#1708 = LINE('',#1709,#1710);
#1709 = CARTESIAN_POINT('',(18.916344834013,6.493989384094,3.));
#1710 = VECTOR('',#1711,1.);
#1711 = DIRECTION('',(-0.340293174442,0.940319390116,0.));
#1712 = ORIENTED_EDGE('',*,*,#1713,.T.);
#1713 = EDGE_CURVE('',#1706,#1714,#1716,.T.);
#1714 = VERTEX_POINT('',#1715);
#1715 = CARTESIAN_POINT('',(20.359977516847,8.334945441542,3.));
#1716 = LINE('',#1717,#1718);
#1717 = CARTESIAN_POINT('',(18.691289291989,7.11587693845,3.));
#1718 = VECTOR('',#1719,1.);
#1719 = DIRECTION('',(0.807473525593,0.589903810351,0.));
#1720 = ORIENTED_EDGE('',*,*,#1721,.T.);
#1721 = EDGE_CURVE('',#1714,#1722,#1724,.T.);
#1722 = VERTEX_POINT('',#1723);
#1723 = CARTESIAN_POINT('',(19.921656226373,9.334217331849,3.));
#1724 = LINE('',#1725,#1726);
#1725 = CARTESIAN_POINT('',(20.359977516847,8.334945441542,3.));
#1726 = VECTOR('',#1727,1.);
#1727 = DIRECTION('',(-0.401695424653,0.915773326655,0.));
#1728 = ORIENTED_EDGE('',*,*,#1729,.T.);
#1729 = EDGE_CURVE('',#1722,#1730,#1732,.T.);
#1730 = VERTEX_POINT('',#1731);
#1731 = CARTESIAN_POINT('',(17.894586596415,8.932176137056,3.));
#1732 = LINE('',#1733,#1734);
#1733 = CARTESIAN_POINT('',(19.921656226373,9.334217331849,3.));
#1734 = VECTOR('',#1735,1.);
#1735 = DIRECTION('',(-0.980893276732,-0.194546600232,0.));
#1736 = ORIENTED_EDGE('',*,*,#1737,.T.);
#1737 = EDGE_CURVE('',#1730,#1738,#1740,.T.);
#1738 = VERTEX_POINT('',#1739);
#1739 = CARTESIAN_POINT('',(17.58947502413,9.518947860741,3.));
#1740 = LINE('',#1741,#1742);
#1741 = CARTESIAN_POINT('',(17.894586596415,8.932176137056,3.));
#1742 = VECTOR('',#1743,1.);
#1743 = DIRECTION('',(-0.461341162979,0.887222819444,0.));
#1744 = ORIENTED_EDGE('',*,*,#1745,.T.);
#1745 = EDGE_CURVE('',#1738,#1746,#1748,.T.);
#1746 = VERTEX_POINT('',#1747);
#1747 = CARTESIAN_POINT('',(17.265129619151,10.095310754697,3.));
#1748 = LINE('',#1749,#1750);
#1749 = CARTESIAN_POINT('',(17.58947502413,9.518947860741,3.));
#1750 = VECTOR('',#1751,1.);
#1751 = DIRECTION('',(-0.490423503831,0.871484243627,0.));
#1752 = ORIENTED_EDGE('',*,*,#1753,.T.);
#1753 = EDGE_CURVE('',#1746,#1754,#1756,.T.);
#1754 = VERTEX_POINT('',#1755);
#1755 = CARTESIAN_POINT('',(18.710407030805,11.57240980702,3.));
#1756 = LINE('',#1757,#1758);
#1757 = CARTESIAN_POINT('',(17.265129619151,10.095310754697,3.));
#1758 = VECTOR('',#1759,1.);
#1759 = DIRECTION('',(0.699365663197,0.714764065367,0.));
#1760 = ORIENTED_EDGE('',*,*,#1761,.T.);
#1761 = EDGE_CURVE('',#1754,#1762,#1764,.T.);
#1762 = VERTEX_POINT('',#1763);
#1763 = CARTESIAN_POINT('',(18.11358912406,12.485907617981,3.));
#1764 = LINE('',#1765,#1766);
#1765 = CARTESIAN_POINT('',(18.710407030805,11.57240980702,3.));
#1766 = VECTOR('',#1767,1.);
#1767 = DIRECTION('',(-0.546948158122,0.837166478263,0.));
#1768 = ORIENTED_EDGE('',*,*,#1769,.T.);
#1769 = EDGE_CURVE('',#1762,#1770,#1772,.T.);
#1770 = VERTEX_POINT('',#1771);
#1771 = CARTESIAN_POINT('',(16.180339887499,11.755705045849,3.));
#1772 = LINE('',#1773,#1774);
#1773 = CARTESIAN_POINT('',(18.11358912406,12.485907617981,3.));
#1774 = VECTOR('',#1775,1.);
#1775 = DIRECTION('',(-0.935493852981,-0.35334296517,0.));
#1776 = ORIENTED_EDGE('',*,*,#1777,.T.);
#1777 = EDGE_CURVE('',#1770,#1778,#1780,.T.);
#1778 = VERTEX_POINT('',#1779);
#1779 = CARTESIAN_POINT('',(15.782810187928,12.284254253793,3.));
#1780 = LINE('',#1781,#1782);
#1781 = CARTESIAN_POINT('',(16.180339887499,11.755705045849,3.));
#1782 = VECTOR('',#1783,1.);
#1783 = DIRECTION('',(-0.601081147283,0.799187996895,0.));
#1784 = ORIENTED_EDGE('',*,*,#1785,.T.);
#1785 = EDGE_CURVE('',#1778,#1786,#1788,.T.);
#1786 = VERTEX_POINT('',#1787);
#1787 = CARTESIAN_POINT('',(15.368022217137,12.799370810066,3.));
#1788 = LINE('',#1789,#1790);
#1789 = CARTESIAN_POINT('',(15.782810187928,12.284254253793,3.));
#1790 = VECTOR('',#1791,1.);
#1791 = DIRECTION('',(-0.627176358474,0.778877278762,0.));
#1792 = ORIENTED_EDGE('',*,*,#1793,.T.);
#1793 = EDGE_CURVE('',#1786,#1794,#1796,.T.);
#1794 = VERTEX_POINT('',#1795);
#1795 = CARTESIAN_POINT('',(16.550465415353,14.494208999984,3.));
#1796 = LINE('',#1797,#1798);
#1797 = CARTESIAN_POINT('',(15.368022217137,12.799370810066,3.));
#1798 = VECTOR('',#1799,1.);
#1799 = DIRECTION('',(0.57218092862,0.820127419931,0.));
#1800 = ORIENTED_EDGE('',*,*,#1801,.T.);
#1801 = EDGE_CURVE('',#1794,#1802,#1804,.T.);
#1802 = VERTEX_POINT('',#1803);
#1803 = CARTESIAN_POINT('',(15.811430529044,15.297014892626,3.));
#1804 = LINE('',#1805,#1806);
#1805 = CARTESIAN_POINT('',(16.550465415353,14.494208999984,3.));
#1806 = VECTOR('',#1807,1.);
#1807 = DIRECTION('',(-0.677281571626,0.735723910673,0.));
#1808 = ORIENTED_EDGE('',*,*,#1809,.T.);
#1809 = EDGE_CURVE('',#1802,#1810,#1812,.T.);
#1810 = VERTEX_POINT('',#1811);
#1811 = CARTESIAN_POINT('',(14.02473568545,14.258568965828,3.));
#1812 = LINE('',#1813,#1814);
#1813 = CARTESIAN_POINT('',(15.811430529044,15.297014892626,3.));
#1814 = VECTOR('',#1815,1.);
#1815 = DIRECTION('',(-0.86457659557,-0.502501055115,0.));
#1816 = ORIENTED_EDGE('',*,*,#1817,.T.);
#1817 = EDGE_CURVE('',#1810,#1818,#1820,.T.);
#1818 = VERTEX_POINT('',#1819);
#1819 = CARTESIAN_POINT('',(13.545631432515,14.714478213463,3.));
#1820 = LINE('',#1821,#1822);
#1821 = CARTESIAN_POINT('',(14.02473568545,14.258568965828,3.));
#1822 = VECTOR('',#1823,1.);
#1823 = DIRECTION('',(-0.724425204791,0.689353409119,0.));
#1824 = ORIENTED_EDGE('',*,*,#1825,.T.);
#1825 = EDGE_CURVE('',#1818,#1826,#1828,.T.);
#1826 = VERTEX_POINT('',#1827);
#1827 = CARTESIAN_POINT('',(13.051715230483,15.154297395207,3.));
#1828 = LINE('',#1829,#1830);
#1829 = CARTESIAN_POINT('',(13.545631432515,14.714478213463,3.));
#1830 = VECTOR('',#1831,1.);
#1831 = DIRECTION('',(-0.746821476984,0.665024572114,0.));
#1832 = ORIENTED_EDGE('',*,*,#1833,.T.);
#1833 = EDGE_CURVE('',#1826,#1834,#1836,.T.);
#1834 = VERTEX_POINT('',#1835);
#1835 = CARTESIAN_POINT('',(13.939070247213,17.020643955011,3.));
#1836 = LINE('',#1837,#1838);
#1837 = CARTESIAN_POINT('',(13.051715230483,15.154297395207,3.));
#1838 = VECTOR('',#1839,1.);
#1839 = DIRECTION('',(0.429388589874,0.903119836393,0.));
#1840 = ORIENTED_EDGE('',*,*,#1841,.T.);
#1841 = EDGE_CURVE('',#1834,#1842,#1844,.T.);
#1842 = VERTEX_POINT('',#1843);
#1843 = CARTESIAN_POINT('',(13.07797732652,17.690859477341,3.));
#1844 = LINE('',#1845,#1846);
#1845 = CARTESIAN_POINT('',(13.939070247213,17.020643955011,3.));
#1846 = VECTOR('',#1847,1.);
#1847 = DIRECTION('',(-0.789140509396,0.61421271269,0.));
#1848 = ORIENTED_EDGE('',*,*,#1849,.T.);
#1849 = EDGE_CURVE('',#1842,#1850,#1852,.T.);
#1850 = VERTEX_POINT('',#1851);
#1851 = CARTESIAN_POINT('',(11.486573253659,16.372496293734,3.));
#1852 = LINE('',#1853,#1854);
#1853 = CARTESIAN_POINT('',(13.07797732652,17.690859477341,3.));
#1854 = VECTOR('',#1855,1.);
#1855 = DIRECTION('',(-0.770075942416,-0.637952226199,0.));
#1856 = ORIENTED_EDGE('',*,*,#1857,.T.);
#1857 = EDGE_CURVE('',#1850,#1858,#1860,.T.);
#1858 = VERTEX_POINT('',#1859);
#1859 = CARTESIAN_POINT('',(10.938963162449,16.743329565251,3.));
#1860 = LINE('',#1861,#1862);
#1861 = CARTESIAN_POINT('',(11.486573253659,16.372496293734,3.));
#1862 = VECTOR('',#1863,1.);
#1863 = DIRECTION('',(-0.828008831148,0.560715057352,0.));
#1864 = ORIENTED_EDGE('',*,*,#1865,.T.);
#1865 = EDGE_CURVE('',#1858,#1866,#1868,.T.);
#1866 = VERTEX_POINT('',#1867);
#1867 = CARTESIAN_POINT('',(10.379391475624,17.095854251711,3.));
#1868 = LINE('',#1869,#1870);
#1869 = CARTESIAN_POINT('',(10.938963162449,16.743329565251,3.));
#1870 = VECTOR('',#1871,1.);
#1871 = DIRECTION('',(-0.846095252421,0.533031728728,0.));
#1872 = ORIENTED_EDGE('',*,*,#1873,.T.);
#1873 = EDGE_CURVE('',#1866,#1874,#1876,.T.);
#1874 = VERTEX_POINT('',#1875);
#1875 = CARTESIAN_POINT('',(10.947453579174,19.082800112453,3.));
#1876 = LINE('',#1877,#1878);
#1877 = CARTESIAN_POINT('',(10.379391475624,17.095854251711,3.));
#1878 = VECTOR('',#1879,1.);
#1879 = DIRECTION('',(0.274883649729,0.961477497975,0.));
#1880 = ORIENTED_EDGE('',*,*,#1881,.T.);
#1881 = EDGE_CURVE('',#1874,#1882,#1884,.T.);
#1882 = VERTEX_POINT('',#1883);
#1883 = CARTESIAN_POINT('',(9.98779099427,19.602143532144,3.));
#1884 = LINE('',#1885,#1886);
#1885 = CARTESIAN_POINT('',(10.947453579174,19.082800112453,3.));
#1886 = VECTOR('',#1887,1.);
#1887 = DIRECTION('',(-0.879473751206,0.475947393037,0.));
#1888 = ORIENTED_EDGE('',*,*,#1889,.T.);
#1889 = EDGE_CURVE('',#1882,#1890,#1892,.T.);
#1890 = VERTEX_POINT('',#1891);
#1891 = CARTESIAN_POINT('',(8.63508704677,18.039824602659,3.));
#1892 = LINE('',#1893,#1894);
#1893 = CARTESIAN_POINT('',(9.98779099427,19.602143532144,3.));
#1894 = VECTOR('',#1895,1.);
#1895 = DIRECTION('',(-0.654569624991,-0.756001723569,0.));
#1896 = ORIENTED_EDGE('',*,*,#1897,.T.);
#1897 = EDGE_CURVE('',#1890,#1898,#1900,.T.);
#1898 = VERTEX_POINT('',#1899);
#1899 = CARTESIAN_POINT('',(8.033908493059,18.315466533101,3.));
#1900 = LINE('',#1901,#1902);
#1901 = CARTESIAN_POINT('',(8.63508704677,18.039824602659,3.));
#1902 = VECTOR('',#1903,1.);
#1903 = DIRECTION('',(-0.909006535049,0.416781860495,0.));
#1904 = ORIENTED_EDGE('',*,*,#1905,.T.);
#1905 = EDGE_CURVE('',#1898,#1906,#1908,.T.);
#1906 = VERTEX_POINT('',#1907);
#1907 = CARTESIAN_POINT('',(7.423944978364,18.571080769794,3.));
#1908 = LINE('',#1909,#1910);
#1909 = CARTESIAN_POINT('',(8.033908493059,18.315466533101,3.));
#1910 = VECTOR('',#1911,1.);
#1911 = DIRECTION('',(-0.922289754977,0.386499169292,0.));
#1912 = ORIENTED_EDGE('',*,*,#1913,.T.);
#1913 = EDGE_CURVE('',#1906,#1914,#1916,.T.);
#1914 = VERTEX_POINT('',#1915);
#1915 = CARTESIAN_POINT('',(7.657218915376,20.624427227974,3.));
#1916 = LINE('',#1917,#1918);
#1917 = CARTESIAN_POINT('',(7.423944978364,18.571080769794,3.));
#1918 = VECTOR('',#1919,1.);
#1919 = DIRECTION('',(0.112880600188,0.993608559797,0.));
#1920 = ORIENTED_EDGE('',*,*,#1921,.T.);
#1921 = EDGE_CURVE('',#1914,#1922,#1924,.T.);
#1922 = VERTEX_POINT('',#1923);
#1923 = CARTESIAN_POINT('',(6.625163759925,20.978732210364,3.));
#1924 = LINE('',#1925,#1926);
#1925 = CARTESIAN_POINT('',(7.657218915376,20.624427227974,3.));
#1926 = VECTOR('',#1927,1.);
#1927 = DIRECTION('',(-0.945817241701,0.324699469205,0.));
#1928 = ORIENTED_EDGE('',*,*,#1929,.T.);
#1929 = EDGE_CURVE('',#1922,#1930,#1932,.T.);
#1930 = VERTEX_POINT('',#1931);
#1931 = CARTESIAN_POINT('',(5.548058175237,19.215073522737,3.));
#1932 = LINE('',#1933,#1934);
#1933 = CARTESIAN_POINT('',(6.625163759925,20.978732210364,3.));
#1934 = VECTOR('',#1935,1.);
#1935 = DIRECTION('',(-0.521208354531,-0.85342946467,0.));
#1936 = ORIENTED_EDGE('',*,*,#1937,.T.);
#1937 = EDGE_CURVE('',#1930,#1938,#1940,.T.);
#1938 = VERTEX_POINT('',#1939);
#1939 = CARTESIAN_POINT('',(4.909709742816,19.388005318787,3.));
#1940 = LINE('',#1941,#1942);
#1941 = CARTESIAN_POINT('',(5.548058175237,19.215073522737,3.));
#1942 = VECTOR('',#1943,1.);
#1943 = DIRECTION('',(-0.965208910277,0.261479940954,0.));
#1944 = ORIENTED_EDGE('',*,*,#1945,.T.);
#1945 = EDGE_CURVE('',#1938,#1946,#1948,.T.);
#1946 = VERTEX_POINT('',#1947);
#1947 = CARTESIAN_POINT('',(4.265992614875,19.539736615672,3.));
#1948 = LINE('',#1949,#1950);
#1949 = CARTESIAN_POINT('',(4.909709742816,19.388005318787,3.));
#1950 = VECTOR('',#1951,1.);
#1951 = DIRECTION('',(-0.973326597248,0.229423920047,0.));
#1952 = ORIENTED_EDGE('',*,*,#1953,.T.);
#1953 = EDGE_CURVE('',#1946,#1954,#1956,.T.);
#1954 = VERTEX_POINT('',#1955);
#1955 = CARTESIAN_POINT('',(4.158115280447,21.603473732585,3.));
#1956 = LINE('',#1957,#1958);
#1957 = CARTESIAN_POINT('',(4.265992614875,19.539736615672,3.));
#1958 = VECTOR('',#1959,1.);
#1959 = DIRECTION('',(-5.220153786915E-02,0.998636570252,0.));
#1960 = ORIENTED_EDGE('',*,*,#1961,.T.);
#1961 = EDGE_CURVE('',#1954,#1962,#1964,.T.);
#1962 = VERTEX_POINT('',#1963);
#1963 = CARTESIAN_POINT('',(3.081819328722,21.783075761359,3.));
#1964 = LINE('',#1965,#1966);
#1965 = CARTESIAN_POINT('',(4.158115280447,21.603473732585,3.));
#1966 = VECTOR('',#1967,1.);
#1967 = DIRECTION('',(-0.986361303403,0.164594590281,0.));
#1968 = ORIENTED_EDGE('',*,*,#1969,.T.);
#1969 = EDGE_CURVE('',#1962,#1970,#1972,.T.);
#1970 = VERTEX_POINT('',#1971);
#1971 = CARTESIAN_POINT('',(2.309692739392,19.866185327073,3.));
#1972 = LINE('',#1973,#1974);
#1973 = CARTESIAN_POINT('',(3.081819328722,21.783075761359,3.));
#1974 = VECTOR('',#1975,1.);
#1975 = DIRECTION('',(-0.373629878849,-0.927577874699,0.));
#1976 = ORIENTED_EDGE('',*,*,#1977,.T.);
#1977 = EDGE_CURVE('',#1970,#1978,#1980,.T.);
#1978 = VERTEX_POINT('',#1979);
#1979 = CARTESIAN_POINT('',(1.651586909447,19.931689860133,3.));
#1980 = LINE('',#1981,#1982);
#1981 = CARTESIAN_POINT('',(2.309692739392,19.866185327073,3.));
#1982 = VECTOR('',#1983,1.);
#1983 = DIRECTION('',(-0.995082902545,9.904553025046E-02,0.));
#1984 = ORIENTED_EDGE('',*,*,#1985,.T.);
#1985 = EDGE_CURVE('',#1978,#1986,#1988,.T.);
#1986 = VERTEX_POINT('',#1987);
#1987 = CARTESIAN_POINT('',(0.991675093464,19.975399382966,3.));
#1988 = LINE('',#1989,#1990);
#1989 = CARTESIAN_POINT('',(1.651586909447,19.931689860133,3.));
#1990 = VECTOR('',#1991,1.);
#1991 = DIRECTION('',(-0.997813627219,6.60905843257E-02,0.));
#1992 = ORIENTED_EDGE('',*,*,#1993,.T.);
#1993 = EDGE_CURVE('',#1986,#1994,#1996,.T.);
#1994 = VERTEX_POINT('',#1995);
#1995 = CARTESIAN_POINT('',(0.545589100065,21.993233789825,3.));
#1996 = LINE('',#1997,#1998);
#1997 = CARTESIAN_POINT('',(0.991675093464,19.975399382966,3.));
#1998 = VECTOR('',#1999,1.);
#1999 = DIRECTION('',(-0.215859754052,0.976424378322,0.));
#2000 = ORIENTED_EDGE('',*,*,#2001,.T.);
#2001 = EDGE_CURVE('',#1994,#2002,#2004,.T.);
#2002 = VERTEX_POINT('',#2003);
#2003 = CARTESIAN_POINT('',(-0.545589100065,21.993233789825,3.));
#2004 = LINE('',#2005,#2006);
#2005 = CARTESIAN_POINT('',(0.545589100065,21.993233789825,3.));
#2006 = VECTOR('',#2007,1.);
#2007 = DIRECTION('',(-1.,0.,0.));
#2008 = ORIENTED_EDGE('',*,*,#2009,.T.);
#2009 = EDGE_CURVE('',#2002,#2010,#2012,.T.);
#2010 = VERTEX_POINT('',#2011);
#2011 = CARTESIAN_POINT('',(-0.991675093464,19.975399382966,3.));
#2012 = LINE('',#2013,#2014);
#2013 = CARTESIAN_POINT('',(-0.545589100065,21.993233789825,3.));
#2014 = VECTOR('',#2015,1.);
#2015 = DIRECTION('',(-0.215859754052,-0.976424378322,0.));
#2016 = ORIENTED_EDGE('',*,*,#2017,.T.);
#2017 = EDGE_CURVE('',#2010,#2018,#2020,.T.);
#2018 = VERTEX_POINT('',#2019);
#2019 = CARTESIAN_POINT('',(-1.651586909447,19.931689860133,3.));
#2020 = LINE('',#2021,#2022);
#2021 = CARTESIAN_POINT('',(-0.991675093464,19.975399382966,3.));
#2022 = VECTOR('',#2023,1.);
#2023 = DIRECTION('',(-0.997813627219,-6.60905843257E-02,0.));
#2024 = ORIENTED_EDGE('',*,*,#2025,.T.);
#2025 = EDGE_CURVE('',#2018,#2026,#2028,.T.);
#2026 = VERTEX_POINT('',#2027);
#2027 = CARTESIAN_POINT('',(-2.309692739392,19.866185327073,3.));
#2028 = LINE('',#2029,#2030);
#2029 = CARTESIAN_POINT('',(-1.651586909447,19.931689860133,3.));
#2030 = VECTOR('',#2031,1.);
#2031 = DIRECTION('',(-0.995082902545,-9.904553025046E-02,0.));
#2032 = ORIENTED_EDGE('',*,*,#2033,.T.);
#2033 = EDGE_CURVE('',#2026,#2034,#2036,.T.);
#2034 = VERTEX_POINT('',#2035);
#2035 = CARTESIAN_POINT('',(-3.081819328722,21.783075761359,3.));
#2036 = LINE('',#2037,#2038);
#2037 = CARTESIAN_POINT('',(-2.309692739392,19.866185327073,3.));
#2038 = VECTOR('',#2039,1.);
#2039 = DIRECTION('',(-0.373629878849,0.927577874699,0.));
#2040 = ORIENTED_EDGE('',*,*,#2041,.T.);
#2041 = EDGE_CURVE('',#2034,#2042,#2044,.T.);
#2042 = VERTEX_POINT('',#2043);
#2043 = CARTESIAN_POINT('',(-4.158115280447,21.603473732585,3.));
#2044 = LINE('',#2045,#2046);
#2045 = CARTESIAN_POINT('',(-3.081819328722,21.783075761359,3.));
#2046 = VECTOR('',#2047,1.);
#2047 = DIRECTION('',(-0.986361303403,-0.164594590281,0.));
#2048 = ORIENTED_EDGE('',*,*,#2049,.T.);
#2049 = EDGE_CURVE('',#2042,#2050,#2052,.T.);
#2050 = VERTEX_POINT('',#2051);
#2051 = CARTESIAN_POINT('',(-4.265992614875,19.539736615672,3.));
#2052 = LINE('',#2053,#2054);
#2053 = CARTESIAN_POINT('',(-4.158115280447,21.603473732585,3.));
#2054 = VECTOR('',#2055,1.);
#2055 = DIRECTION('',(-5.220153786914E-02,-0.998636570252,0.));
#2056 = ORIENTED_EDGE('',*,*,#2057,.T.);
#2057 = EDGE_CURVE('',#2050,#2058,#2060,.T.);
#2058 = VERTEX_POINT('',#2059);
#2059 = CARTESIAN_POINT('',(-4.909709742816,19.388005318787,3.));
#2060 = LINE('',#2061,#2062);
#2061 = CARTESIAN_POINT('',(-4.265992614875,19.539736615672,3.));
#2062 = VECTOR('',#2063,1.);
#2063 = DIRECTION('',(-0.973326597248,-0.229423920047,0.));
#2064 = ORIENTED_EDGE('',*,*,#2065,.T.);
#2065 = EDGE_CURVE('',#2058,#2066,#2068,.T.);
#2066 = VERTEX_POINT('',#2067);
#2067 = CARTESIAN_POINT('',(-5.548058175237,19.215073522737,3.));
#2068 = LINE('',#2069,#2070);
#2069 = CARTESIAN_POINT('',(-4.909709742816,19.388005318787,3.));
#2070 = VECTOR('',#2071,1.);
#2071 = DIRECTION('',(-0.965208910277,-0.261479940954,0.));
#2072 = ORIENTED_EDGE('',*,*,#2073,.T.);
#2073 = EDGE_CURVE('',#2066,#2074,#2076,.T.);
#2074 = VERTEX_POINT('',#2075);
#2075 = CARTESIAN_POINT('',(-6.625163759925,20.978732210364,3.));
#2076 = LINE('',#2077,#2078);
#2077 = CARTESIAN_POINT('',(-5.548058175237,19.215073522737,3.));
#2078 = VECTOR('',#2079,1.);
#2079 = DIRECTION('',(-0.521208354531,0.85342946467,0.));
#2080 = ORIENTED_EDGE('',*,*,#2081,.T.);
#2081 = EDGE_CURVE('',#2074,#2082,#2084,.T.);
#2082 = VERTEX_POINT('',#2083);
#2083 = CARTESIAN_POINT('',(-7.657218915376,20.624427227974,3.));
#2084 = LINE('',#2085,#2086);
#2085 = CARTESIAN_POINT('',(-6.625163759925,20.978732210364,3.));
#2086 = VECTOR('',#2087,1.);
#2087 = DIRECTION('',(-0.945817241701,-0.324699469205,0.));
#2088 = ORIENTED_EDGE('',*,*,#2089,.T.);
#2089 = EDGE_CURVE('',#2082,#2090,#2092,.T.);
#2090 = VERTEX_POINT('',#2091);
#2091 = CARTESIAN_POINT('',(-7.423944978364,18.571080769794,3.));
#2092 = LINE('',#2093,#2094);
#2093 = CARTESIAN_POINT('',(-7.657218915376,20.624427227974,3.));
#2094 = VECTOR('',#2095,1.);
#2095 = DIRECTION('',(0.112880600188,-0.993608559797,0.));
#2096 = ORIENTED_EDGE('',*,*,#2097,.T.);
#2097 = EDGE_CURVE('',#2090,#2098,#2100,.T.);
#2098 = VERTEX_POINT('',#2099);
#2099 = CARTESIAN_POINT('',(-8.033908493059,18.315466533101,3.));
#2100 = LINE('',#2101,#2102);
#2101 = CARTESIAN_POINT('',(-7.423944978364,18.571080769794,3.));
#2102 = VECTOR('',#2103,1.);
#2103 = DIRECTION('',(-0.922289754977,-0.386499169292,0.));
#2104 = ORIENTED_EDGE('',*,*,#2105,.T.);
#2105 = EDGE_CURVE('',#2098,#2106,#2108,.T.);
#2106 = VERTEX_POINT('',#2107);
#2107 = CARTESIAN_POINT('',(-8.63508704677,18.039824602659,3.));
#2108 = LINE('',#2109,#2110);
#2109 = CARTESIAN_POINT('',(-8.033908493059,18.315466533101,3.));
#2110 = VECTOR('',#2111,1.);
#2111 = DIRECTION('',(-0.909006535049,-0.416781860495,0.));
#2112 = ORIENTED_EDGE('',*,*,#2113,.T.);
#2113 = EDGE_CURVE('',#2106,#2114,#2116,.T.);
#2114 = VERTEX_POINT('',#2115);
#2115 = CARTESIAN_POINT('',(-9.98779099427,19.602143532144,3.));
#2116 = LINE('',#2117,#2118);
#2117 = CARTESIAN_POINT('',(-8.63508704677,18.039824602659,3.));
#2118 = VECTOR('',#2119,1.);
#2119 = DIRECTION('',(-0.654569624991,0.756001723569,0.));
#2120 = ORIENTED_EDGE('',*,*,#2121,.T.);
#2121 = EDGE_CURVE('',#2114,#2122,#2124,.T.);
#2122 = VERTEX_POINT('',#2123);
#2123 = CARTESIAN_POINT('',(-10.94745357917,19.082800112453,3.));
#2124 = LINE('',#2125,#2126);
#2125 = CARTESIAN_POINT('',(-9.98779099427,19.602143532144,3.));
#2126 = VECTOR('',#2127,1.);
#2127 = DIRECTION('',(-0.879473751206,-0.475947393037,0.));
#2128 = ORIENTED_EDGE('',*,*,#2129,.T.);
#2129 = EDGE_CURVE('',#2122,#2130,#2132,.T.);
#2130 = VERTEX_POINT('',#2131);
#2131 = CARTESIAN_POINT('',(-10.37939147562,17.095854251711,3.));
#2132 = LINE('',#2133,#2134);
#2133 = CARTESIAN_POINT('',(-10.94745357917,19.082800112453,3.));
#2134 = VECTOR('',#2135,1.);
#2135 = DIRECTION('',(0.274883649729,-0.961477497975,0.));
#2136 = ORIENTED_EDGE('',*,*,#2137,.T.);
#2137 = EDGE_CURVE('',#2130,#2138,#2140,.T.);
#2138 = VERTEX_POINT('',#2139);
#2139 = CARTESIAN_POINT('',(-10.93896316244,16.743329565251,3.));
#2140 = LINE('',#2141,#2142);
#2141 = CARTESIAN_POINT('',(-10.37939147562,17.095854251711,3.));
#2142 = VECTOR('',#2143,1.);
#2143 = DIRECTION('',(-0.846095252421,-0.533031728728,0.));
#2144 = ORIENTED_EDGE('',*,*,#2145,.T.);
#2145 = EDGE_CURVE('',#2138,#2146,#2148,.T.);
#2146 = VERTEX_POINT('',#2147);
#2147 = CARTESIAN_POINT('',(-11.48657325365,16.372496293734,3.));
#2148 = LINE('',#2149,#2150);
#2149 = CARTESIAN_POINT('',(-10.93896316244,16.743329565251,3.));
#2150 = VECTOR('',#2151,1.);
#2151 = DIRECTION('',(-0.828008831148,-0.560715057352,0.));
#2152 = ORIENTED_EDGE('',*,*,#2153,.T.);
#2153 = EDGE_CURVE('',#2146,#2154,#2156,.T.);
#2154 = VERTEX_POINT('',#2155);
#2155 = CARTESIAN_POINT('',(-13.07797732652,17.690859477341,3.));
#2156 = LINE('',#2157,#2158);
#2157 = CARTESIAN_POINT('',(-11.48657325365,16.372496293734,3.));
#2158 = VECTOR('',#2159,1.);
#2159 = DIRECTION('',(-0.770075942416,0.637952226199,0.));
#2160 = ORIENTED_EDGE('',*,*,#2161,.T.);
#2161 = EDGE_CURVE('',#2154,#2162,#2164,.T.);
#2162 = VERTEX_POINT('',#2163);
#2163 = CARTESIAN_POINT('',(-13.93907024721,17.020643955011,3.));
#2164 = LINE('',#2165,#2166);
#2165 = CARTESIAN_POINT('',(-13.07797732652,17.690859477341,3.));
#2166 = VECTOR('',#2167,1.);
#2167 = DIRECTION('',(-0.789140509396,-0.61421271269,0.));
#2168 = ORIENTED_EDGE('',*,*,#2169,.T.);
#2169 = EDGE_CURVE('',#2162,#2170,#2172,.T.);
#2170 = VERTEX_POINT('',#2171);
#2171 = CARTESIAN_POINT('',(-13.05171523048,15.154297395207,3.));
#2172 = LINE('',#2173,#2174);
#2173 = CARTESIAN_POINT('',(-13.93907024721,17.020643955011,3.));
#2174 = VECTOR('',#2175,1.);
#2175 = DIRECTION('',(0.429388589874,-0.903119836393,0.));
#2176 = ORIENTED_EDGE('',*,*,#2177,.T.);
#2177 = EDGE_CURVE('',#2170,#2178,#2180,.T.);
#2178 = VERTEX_POINT('',#2179);
#2179 = CARTESIAN_POINT('',(-13.54563143251,14.714478213463,3.));
#2180 = LINE('',#2181,#2182);
#2181 = CARTESIAN_POINT('',(-13.05171523048,15.154297395207,3.));
#2182 = VECTOR('',#2183,1.);
#2183 = DIRECTION('',(-0.746821476984,-0.665024572114,0.));
#2184 = ORIENTED_EDGE('',*,*,#2185,.T.);
#2185 = EDGE_CURVE('',#2178,#2186,#2188,.T.);
#2186 = VERTEX_POINT('',#2187);
#2187 = CARTESIAN_POINT('',(-14.02473568545,14.258568965828,3.));
#2188 = LINE('',#2189,#2190);
#2189 = CARTESIAN_POINT('',(-13.54563143251,14.714478213463,3.));
#2190 = VECTOR('',#2191,1.);
#2191 = DIRECTION('',(-0.724425204791,-0.689353409119,0.));
#2192 = ORIENTED_EDGE('',*,*,#2193,.T.);
#2193 = EDGE_CURVE('',#2186,#2194,#2196,.T.);
#2194 = VERTEX_POINT('',#2195);
#2195 = CARTESIAN_POINT('',(-15.81143052904,15.297014892626,3.));
#2196 = LINE('',#2197,#2198);
#2197 = CARTESIAN_POINT('',(-14.02473568545,14.258568965828,3.));
#2198 = VECTOR('',#2199,1.);
#2199 = DIRECTION('',(-0.86457659557,0.502501055115,0.));
#2200 = ORIENTED_EDGE('',*,*,#2201,.T.);
#2201 = EDGE_CURVE('',#2194,#2202,#2204,.T.);
#2202 = VERTEX_POINT('',#2203);
#2203 = CARTESIAN_POINT('',(-16.55046541535,14.494208999984,3.));
#2204 = LINE('',#2205,#2206);
#2205 = CARTESIAN_POINT('',(-15.81143052904,15.297014892626,3.));
#2206 = VECTOR('',#2207,1.);
#2207 = DIRECTION('',(-0.677281571626,-0.735723910673,0.));
#2208 = ORIENTED_EDGE('',*,*,#2209,.T.);
#2209 = EDGE_CURVE('',#2202,#2210,#2212,.T.);
#2210 = VERTEX_POINT('',#2211);
#2211 = CARTESIAN_POINT('',(-15.36802221713,12.799370810066,3.));
#2212 = LINE('',#2213,#2214);
#2213 = CARTESIAN_POINT('',(-16.55046541535,14.494208999984,3.));
#2214 = VECTOR('',#2215,1.);
#2215 = DIRECTION('',(0.57218092862,-0.820127419931,0.));
#2216 = ORIENTED_EDGE('',*,*,#2217,.T.);
#2217 = EDGE_CURVE('',#2210,#2218,#2220,.T.);
#2218 = VERTEX_POINT('',#2219);
#2219 = CARTESIAN_POINT('',(-15.78281018792,12.284254253793,3.));
#2220 = LINE('',#2221,#2222);
#2221 = CARTESIAN_POINT('',(-15.36802221713,12.799370810066,3.));
#2222 = VECTOR('',#2223,1.);
#2223 = DIRECTION('',(-0.627176358474,-0.778877278762,0.));
#2224 = ORIENTED_EDGE('',*,*,#2225,.T.);
#2225 = EDGE_CURVE('',#2218,#2226,#2228,.T.);
#2226 = VERTEX_POINT('',#2227);
#2227 = CARTESIAN_POINT('',(-16.18033988749,11.755705045849,3.));
#2228 = LINE('',#2229,#2230);
#2229 = CARTESIAN_POINT('',(-15.78281018792,12.284254253793,3.));
#2230 = VECTOR('',#2231,1.);
#2231 = DIRECTION('',(-0.601081147283,-0.799187996895,0.));
#2232 = ORIENTED_EDGE('',*,*,#2233,.T.);
#2233 = EDGE_CURVE('',#2226,#2234,#2236,.T.);
#2234 = VERTEX_POINT('',#2235);
#2235 = CARTESIAN_POINT('',(-18.11358912406,12.485907617981,3.));
#2236 = LINE('',#2237,#2238);
#2237 = CARTESIAN_POINT('',(-16.18033988749,11.755705045849,3.));
#2238 = VECTOR('',#2239,1.);
#2239 = DIRECTION('',(-0.935493852981,0.35334296517,0.));
#2240 = ORIENTED_EDGE('',*,*,#2241,.T.);
#2241 = EDGE_CURVE('',#2234,#2242,#2244,.T.);
#2242 = VERTEX_POINT('',#2243);
#2243 = CARTESIAN_POINT('',(-18.7104070308,11.57240980702,3.));
#2244 = LINE('',#2245,#2246);
#2245 = CARTESIAN_POINT('',(-18.11358912406,12.485907617981,3.));
#2246 = VECTOR('',#2247,1.);
#2247 = DIRECTION('',(-0.546948158122,-0.837166478263,0.));
#2248 = ORIENTED_EDGE('',*,*,#2249,.T.);
#2249 = EDGE_CURVE('',#2242,#2250,#2252,.T.);
#2250 = VERTEX_POINT('',#2251);
#2251 = CARTESIAN_POINT('',(-17.26512961915,10.095310754697,3.));
#2252 = LINE('',#2253,#2254);
#2253 = CARTESIAN_POINT('',(-18.7104070308,11.57240980702,3.));
#2254 = VECTOR('',#2255,1.);
#2255 = DIRECTION('',(0.699365663197,-0.714764065367,0.));
#2256 = ORIENTED_EDGE('',*,*,#2257,.T.);
#2257 = EDGE_CURVE('',#2250,#2258,#2260,.T.);
#2258 = VERTEX_POINT('',#2259);
#2259 = CARTESIAN_POINT('',(-17.58947502413,9.518947860741,3.));
#2260 = LINE('',#2261,#2262);
#2261 = CARTESIAN_POINT('',(-17.26512961915,10.095310754697,3.));
#2262 = VECTOR('',#2263,1.);
#2263 = DIRECTION('',(-0.490423503831,-0.871484243627,0.));
#2264 = ORIENTED_EDGE('',*,*,#2265,.T.);
#2265 = EDGE_CURVE('',#2258,#2266,#2268,.T.);
#2266 = VERTEX_POINT('',#2267);
#2267 = CARTESIAN_POINT('',(-17.89458659641,8.932176137056,3.));
#2268 = LINE('',#2269,#2270);
#2269 = CARTESIAN_POINT('',(-17.58947502413,9.518947860741,3.));
#2270 = VECTOR('',#2271,1.);
#2271 = DIRECTION('',(-0.461341162979,-0.887222819444,0.));
#2272 = ORIENTED_EDGE('',*,*,#2273,.T.);
#2273 = EDGE_CURVE('',#2266,#2274,#2276,.T.);
#2274 = VERTEX_POINT('',#2275);
#2275 = CARTESIAN_POINT('',(-19.92165622637,9.334217331849,3.));
#2276 = LINE('',#2277,#2278);
#2277 = CARTESIAN_POINT('',(-17.89458659641,8.932176137056,3.));
#2278 = VECTOR('',#2279,1.);
#2279 = DIRECTION('',(-0.980893276732,0.194546600232,0.));
#2280 = ORIENTED_EDGE('',*,*,#2281,.T.);
#2281 = EDGE_CURVE('',#2274,#2282,#2284,.T.);
#2282 = VERTEX_POINT('',#2283);
#2283 = CARTESIAN_POINT('',(-20.35997751684,8.334945441542,3.));
#2284 = LINE('',#2285,#2286);
#2285 = CARTESIAN_POINT('',(-19.92165622637,9.334217331849,3.));
#2286 = VECTOR('',#2287,1.);
#2287 = DIRECTION('',(-0.401695424653,-0.915773326655,0.));
#2288 = ORIENTED_EDGE('',*,*,#2289,.T.);
#2289 = EDGE_CURVE('',#2282,#2290,#2292,.T.);
#2290 = VERTEX_POINT('',#2291);
#2291 = CARTESIAN_POINT('',(-18.69128929198,7.11587693845,3.));
#2292 = LINE('',#2293,#2294);
#2293 = CARTESIAN_POINT('',(-20.35997751684,8.334945441542,3.));
#2294 = VECTOR('',#2295,1.);
#2295 = DIRECTION('',(0.807473525593,-0.589903810351,0.));
#2296 = ORIENTED_EDGE('',*,*,#2297,.T.);
#2297 = EDGE_CURVE('',#2290,#2298,#2300,.T.);
#2298 = VERTEX_POINT('',#2299);
#2299 = CARTESIAN_POINT('',(-18.91634483401,6.493989384094,3.));
#2300 = LINE('',#2301,#2302);
#2301 = CARTESIAN_POINT('',(-18.69128929198,7.11587693845,3.));
#2302 = VECTOR('',#2303,1.);
#2303 = DIRECTION('',(-0.340293174442,-0.940319390116,0.));
#2304 = ORIENTED_EDGE('',*,*,#2305,.T.);
#2305 = EDGE_CURVE('',#2298,#2306,#2308,.T.);
#2306 = VERTEX_POINT('',#2307);
#2307 = CARTESIAN_POINT('',(-19.12071563068,5.865000747689,3.));
#2308 = LINE('',#2309,#2310);
#2309 = CARTESIAN_POINT('',(-18.91634483401,6.493989384094,3.));
#2310 = VECTOR('',#2311,1.);
#2311 = DIRECTION('',(-0.309016994375,-0.951056516295,0.));
#2312 = ORIENTED_EDGE('',*,*,#2313,.T.);
#2313 = EDGE_CURVE('',#2306,#2314,#2316,.T.);
#2314 = VERTEX_POINT('',#2315);
#2315 = CARTESIAN_POINT('',(-21.18631247871,5.927913929394,3.));
#2316 = LINE('',#2317,#2318);
#2317 = CARTESIAN_POINT('',(-19.12071563068,5.865000747689,3.));
#2318 = VECTOR('',#2319,1.);
#2319 = DIRECTION('',(-0.999536488892,3.044351118463E-02,0.));
#2320 = ORIENTED_EDGE('',*,*,#2321,.T.);
#2321 = EDGE_CURVE('',#2314,#2322,#2324,.T.);
#2322 = VERTEX_POINT('',#2323);
#2323 = CARTESIAN_POINT('',(-21.45418089073,4.870125492,3.));
#2324 = LINE('',#2325,#2326);
#2325 = CARTESIAN_POINT('',(-21.18631247871,5.927913929394,3.));
#2326 = VECTOR('',#2327,1.);
#2327 = DIRECTION('',(-0.245485487141,-0.969400265939,0.));
#2328 = ORIENTED_EDGE('',*,*,#2329,.T.);
#2329 = EDGE_CURVE('',#2322,#2330,#2332,.T.);
#2330 = VERTEX_POINT('',#2331);
#2331 = CARTESIAN_POINT('',(-19.60759931749,3.94234054903,3.));
#2332 = LINE('',#2333,#2334);
#2333 = CARTESIAN_POINT('',(-21.45418089073,4.870125492,3.));
#2334 = VECTOR('',#2335,1.);
#2335 = DIRECTION('',(0.893555615137,-0.448952517152,0.));
#2336 = ORIENTED_EDGE('',*,*,#2337,.T.);
#2337 = EDGE_CURVE('',#2330,#2338,#2340,.T.);
#2338 = VERTEX_POINT('',#2339);
#2339 = CARTESIAN_POINT('',(-19.72722606805,3.291891805615,3.));
#2340 = LINE('',#2341,#2342);
#2341 = CARTESIAN_POINT('',(-19.60759931749,3.94234054903,3.));
#2342 = VECTOR('',#2343,1.);
#2343 = DIRECTION('',(-0.180880534332,-0.983505074872,0.));
#2344 = ORIENTED_EDGE('',*,*,#2345,.T.);
#2345 = EDGE_CURVE('',#2338,#2346,#2348,.T.);
#2346 = VERTEX_POINT('',#2347);
#2347 = CARTESIAN_POINT('',(-19.82528138654,2.637843426841,3.));
#2348 = LINE('',#2349,#2350);
#2349 = CARTESIAN_POINT('',(-19.72722606805,3.291891805615,3.));
#2350 = VECTOR('',#2351,1.);
#2351 = DIRECTION('',(-0.148263647712,-0.988947870601,0.));
#2352 = ORIENTED_EDGE('',*,*,#2353,.T.);
#2353 = EDGE_CURVE('',#2346,#2354,#2356,.T.);
#2354 = VERTEX_POINT('',#2355);
#2355 = CARTESIAN_POINT('',(-21.87306135522,2.359912487862,3.));
#2356 = LINE('',#2357,#2358);
#2357 = CARTESIAN_POINT('',(-19.82528138654,2.637843426841,3.));
#2358 = VECTOR('',#2359,1.);
#2359 = DIRECTION('',(-0.990914951232,-0.134489997488,0.));
#2360 = ORIENTED_EDGE('',*,*,#2361,.T.);
#2361 = EDGE_CURVE('',#2354,#2362,#2364,.T.);
#2362 = VERTEX_POINT('',#2363);
#2363 = CARTESIAN_POINT('',(-21.96317013679,1.272461214505,3.));
#2364 = LINE('',#2365,#2366);
#2365 = CARTESIAN_POINT('',(-21.87306135522,2.359912487862,3.));
#2366 = VECTOR('',#2367,1.);
#2367 = DIRECTION('',(-8.257934547233E-02,-0.996584493007,0.));
#2368 = ORIENTED_EDGE('',*,*,#2369,.T.);
#2369 = EDGE_CURVE('',#2362,#2370,#2372,.T.);
#2370 = VERTEX_POINT('',#2371);
#2371 = CARTESIAN_POINT('',(-19.98906514681,0.661267386346,3.));
#2372 = LINE('',#2373,#2374);
#2373 = CARTESIAN_POINT('',(-21.96317013679,1.272461214505,3.));
#2374 = VECTOR('',#2375,1.);
#2375 = DIRECTION('',(0.955263836825,-0.295754969618,0.));
#2376 = ORIENTED_EDGE('',*,*,#2377,.T.);
#2377 = EDGE_CURVE('',#2370,#2378,#2380,.T.);
#2378 = VERTEX_POINT('',#2379);
#2379 = CARTESIAN_POINT('',(-20.,2.449293598295E-15,3.));
#2380 = LINE('',#2381,#2382);
#2381 = CARTESIAN_POINT('',(-19.98906514681,0.661267386346,3.));
#2382 = VECTOR('',#2383,1.);
#2383 = DIRECTION('',(-1.653394476636E-02,-0.999863304992,0.));
#2384 = ORIENTED_EDGE('',*,*,#2385,.T.);
#2385 = EDGE_CURVE('',#2378,#2386,#2388,.T.);
#2386 = VERTEX_POINT('',#2387);
#2387 = CARTESIAN_POINT('',(-19.98906514681,-0.661267386346,3.));
#2388 = LINE('',#2389,#2390);
#2389 = CARTESIAN_POINT('',(-20.,2.449293598295E-15,3.));
#2390 = VECTOR('',#2391,1.);
#2391 = DIRECTION('',(1.653394476636E-02,-0.999863304992,0.));
#2392 = ORIENTED_EDGE('',*,*,#2393,.T.);
#2393 = EDGE_CURVE('',#2386,#2394,#2396,.T.);
#2394 = VERTEX_POINT('',#2395);
#2395 = CARTESIAN_POINT('',(-21.96317013679,-1.272461214505,3.));
#2396 = LINE('',#2397,#2398);
#2397 = CARTESIAN_POINT('',(-19.98906514681,-0.661267386346,3.));
#2398 = VECTOR('',#2399,1.);
#2399 = DIRECTION('',(-0.955263836825,-0.295754969618,0.));
#2400 = ORIENTED_EDGE('',*,*,#2401,.T.);
#2401 = EDGE_CURVE('',#2394,#2402,#2404,.T.);
#2402 = VERTEX_POINT('',#2403);
#2403 = CARTESIAN_POINT('',(-21.87306135522,-2.359912487862,3.));
#2404 = LINE('',#2405,#2406);
#2405 = CARTESIAN_POINT('',(-21.96317013679,-1.272461214505,3.));
#2406 = VECTOR('',#2407,1.);
#2407 = DIRECTION('',(8.257934547233E-02,-0.996584493007,0.));
#2408 = ORIENTED_EDGE('',*,*,#2409,.T.);
#2409 = EDGE_CURVE('',#2402,#2410,#2412,.T.);
#2410 = VERTEX_POINT('',#2411);
#2411 = CARTESIAN_POINT('',(-19.82528138654,-2.637843426841,3.));
#2412 = LINE('',#2413,#2414);
#2413 = CARTESIAN_POINT('',(-21.87306135522,-2.359912487862,3.));
#2414 = VECTOR('',#2415,1.);
#2415 = DIRECTION('',(0.990914951232,-0.134489997488,0.));
#2416 = ORIENTED_EDGE('',*,*,#2417,.T.);
#2417 = EDGE_CURVE('',#2410,#2418,#2420,.T.);
#2418 = VERTEX_POINT('',#2419);
#2419 = CARTESIAN_POINT('',(-19.72722606805,-3.291891805615,3.));
#2420 = LINE('',#2421,#2422);
#2421 = CARTESIAN_POINT('',(-19.82528138654,-2.637843426841,3.));
#2422 = VECTOR('',#2423,1.);
#2423 = DIRECTION('',(0.148263647712,-0.988947870601,0.));
#2424 = ORIENTED_EDGE('',*,*,#2425,.T.);
#2425 = EDGE_CURVE('',#2418,#2426,#2428,.T.);
#2426 = VERTEX_POINT('',#2427);
#2427 = CARTESIAN_POINT('',(-19.60759931749,-3.94234054903,3.));
#2428 = LINE('',#2429,#2430);
#2429 = CARTESIAN_POINT('',(-19.72722606805,-3.291891805615,3.));
#2430 = VECTOR('',#2431,1.);
#2431 = DIRECTION('',(0.180880534332,-0.983505074872,0.));
#2432 = ORIENTED_EDGE('',*,*,#2433,.T.);
#2433 = EDGE_CURVE('',#2426,#2434,#2436,.T.);
#2434 = VERTEX_POINT('',#2435);
#2435 = CARTESIAN_POINT('',(-21.45418089073,-4.870125492,3.));
#2436 = LINE('',#2437,#2438);
#2437 = CARTESIAN_POINT('',(-19.60759931749,-3.94234054903,3.));
#2438 = VECTOR('',#2439,1.);
#2439 = DIRECTION('',(-0.893555615137,-0.448952517152,0.));
#2440 = ORIENTED_EDGE('',*,*,#2441,.T.);
#2441 = EDGE_CURVE('',#2434,#2442,#2444,.T.);
#2442 = VERTEX_POINT('',#2443);
#2443 = CARTESIAN_POINT('',(-21.18631247871,-5.927913929394,3.));
#2444 = LINE('',#2445,#2446);
#2445 = CARTESIAN_POINT('',(-21.45418089073,-4.870125492,3.));
#2446 = VECTOR('',#2447,1.);
#2447 = DIRECTION('',(0.245485487141,-0.969400265939,0.));
#2448 = ORIENTED_EDGE('',*,*,#2449,.T.);
#2449 = EDGE_CURVE('',#2442,#2450,#2452,.T.);
#2450 = VERTEX_POINT('',#2451);
#2451 = CARTESIAN_POINT('',(-19.12071563068,-5.865000747689,3.));
#2452 = LINE('',#2453,#2454);
#2453 = CARTESIAN_POINT('',(-21.18631247871,-5.927913929394,3.));
#2454 = VECTOR('',#2455,1.);
#2455 = DIRECTION('',(0.999536488892,3.044351118462E-02,0.));
#2456 = ORIENTED_EDGE('',*,*,#2457,.T.);
#2457 = EDGE_CURVE('',#2450,#2458,#2460,.T.);
#2458 = VERTEX_POINT('',#2459);
#2459 = CARTESIAN_POINT('',(-18.91634483401,-6.493989384094,3.));
#2460 = LINE('',#2461,#2462);
#2461 = CARTESIAN_POINT('',(-19.12071563068,-5.865000747689,3.));
#2462 = VECTOR('',#2463,1.);
#2463 = DIRECTION('',(0.309016994375,-0.951056516295,0.));
#2464 = ORIENTED_EDGE('',*,*,#2465,.T.);
#2465 = EDGE_CURVE('',#2458,#2466,#2468,.T.);
#2466 = VERTEX_POINT('',#2467);
#2467 = CARTESIAN_POINT('',(-18.69128929198,-7.11587693845,3.));
#2468 = LINE('',#2469,#2470);
#2469 = CARTESIAN_POINT('',(-18.91634483401,-6.493989384094,3.));
#2470 = VECTOR('',#2471,1.);
#2471 = DIRECTION('',(0.340293174442,-0.940319390116,0.));
#2472 = ORIENTED_EDGE('',*,*,#2473,.T.);
#2473 = EDGE_CURVE('',#2466,#2474,#2476,.T.);
#2474 = VERTEX_POINT('',#2475);
#2475 = CARTESIAN_POINT('',(-20.35997751684,-8.334945441542,3.));
#2476 = LINE('',#2477,#2478);
#2477 = CARTESIAN_POINT('',(-18.69128929198,-7.11587693845,3.));
#2478 = VECTOR('',#2479,1.);
#2479 = DIRECTION('',(-0.807473525593,-0.589903810351,0.));
#2480 = ORIENTED_EDGE('',*,*,#2481,.T.);
#2481 = EDGE_CURVE('',#2474,#2482,#2484,.T.);
#2482 = VERTEX_POINT('',#2483);
#2483 = CARTESIAN_POINT('',(-19.92165622637,-9.334217331849,3.));
#2484 = LINE('',#2485,#2486);
#2485 = CARTESIAN_POINT('',(-20.35997751684,-8.334945441542,3.));
#2486 = VECTOR('',#2487,1.);
#2487 = DIRECTION('',(0.401695424653,-0.915773326655,0.));
#2488 = ORIENTED_EDGE('',*,*,#2489,.T.);
#2489 = EDGE_CURVE('',#2482,#2490,#2492,.T.);
#2490 = VERTEX_POINT('',#2491);
#2491 = CARTESIAN_POINT('',(-17.89458659641,-8.932176137056,3.));
#2492 = LINE('',#2493,#2494);
#2493 = CARTESIAN_POINT('',(-19.92165622637,-9.334217331849,3.));
#2494 = VECTOR('',#2495,1.);
#2495 = DIRECTION('',(0.980893276732,0.194546600232,0.));
#2496 = ORIENTED_EDGE('',*,*,#2497,.T.);
#2497 = EDGE_CURVE('',#2490,#2498,#2500,.T.);
#2498 = VERTEX_POINT('',#2499);
#2499 = CARTESIAN_POINT('',(-17.58947502413,-9.518947860741,3.));
#2500 = LINE('',#2501,#2502);
#2501 = CARTESIAN_POINT('',(-17.89458659641,-8.932176137056,3.));
#2502 = VECTOR('',#2503,1.);
#2503 = DIRECTION('',(0.461341162979,-0.887222819444,0.));
#2504 = ORIENTED_EDGE('',*,*,#2505,.T.);
#2505 = EDGE_CURVE('',#2498,#2506,#2508,.T.);
#2506 = VERTEX_POINT('',#2507);
#2507 = CARTESIAN_POINT('',(-17.26512961915,-10.09531075469,3.));
#2508 = LINE('',#2509,#2510);
#2509 = CARTESIAN_POINT('',(-17.58947502413,-9.518947860741,3.));
#2510 = VECTOR('',#2511,1.);
#2511 = DIRECTION('',(0.490423503831,-0.871484243627,0.));
#2512 = ORIENTED_EDGE('',*,*,#2513,.T.);
#2513 = EDGE_CURVE('',#2506,#2514,#2516,.T.);
#2514 = VERTEX_POINT('',#2515);
#2515 = CARTESIAN_POINT('',(-18.7104070308,-11.57240980702,3.));
#2516 = LINE('',#2517,#2518);
#2517 = CARTESIAN_POINT('',(-17.26512961915,-10.09531075469,3.));
#2518 = VECTOR('',#2519,1.);
#2519 = DIRECTION('',(-0.699365663197,-0.714764065367,0.));
#2520 = ORIENTED_EDGE('',*,*,#2521,.T.);
#2521 = EDGE_CURVE('',#2514,#2522,#2524,.T.);
#2522 = VERTEX_POINT('',#2523);
#2523 = CARTESIAN_POINT('',(-18.11358912406,-12.48590761798,3.));
#2524 = LINE('',#2525,#2526);
#2525 = CARTESIAN_POINT('',(-18.7104070308,-11.57240980702,3.));
#2526 = VECTOR('',#2527,1.);
#2527 = DIRECTION('',(0.546948158122,-0.837166478263,0.));
#2528 = ORIENTED_EDGE('',*,*,#2529,.T.);
#2529 = EDGE_CURVE('',#2522,#2530,#2532,.T.);
#2530 = VERTEX_POINT('',#2531);
#2531 = CARTESIAN_POINT('',(-16.18033988749,-11.75570504584,3.));
#2532 = LINE('',#2533,#2534);
#2533 = CARTESIAN_POINT('',(-18.11358912406,-12.48590761798,3.));
#2534 = VECTOR('',#2535,1.);
#2535 = DIRECTION('',(0.935493852981,0.35334296517,0.));
#2536 = ORIENTED_EDGE('',*,*,#2537,.T.);
#2537 = EDGE_CURVE('',#2530,#2538,#2540,.T.);
#2538 = VERTEX_POINT('',#2539);
#2539 = CARTESIAN_POINT('',(-15.78281018792,-12.28425425379,3.));
#2540 = LINE('',#2541,#2542);
#2541 = CARTESIAN_POINT('',(-16.18033988749,-11.75570504584,3.));
#2542 = VECTOR('',#2543,1.);
#2543 = DIRECTION('',(0.601081147283,-0.799187996895,0.));
#2544 = ORIENTED_EDGE('',*,*,#2545,.T.);
#2545 = EDGE_CURVE('',#2538,#2546,#2548,.T.);
#2546 = VERTEX_POINT('',#2547);
#2547 = CARTESIAN_POINT('',(-15.36802221713,-12.79937081006,3.));
#2548 = LINE('',#2549,#2550);
#2549 = CARTESIAN_POINT('',(-15.78281018792,-12.28425425379,3.));
#2550 = VECTOR('',#2551,1.);
#2551 = DIRECTION('',(0.627176358474,-0.778877278762,0.));
#2552 = ORIENTED_EDGE('',*,*,#2553,.T.);
#2553 = EDGE_CURVE('',#2546,#2554,#2556,.T.);
#2554 = VERTEX_POINT('',#2555);
#2555 = CARTESIAN_POINT('',(-16.55046541535,-14.49420899998,3.));
#2556 = LINE('',#2557,#2558);
#2557 = CARTESIAN_POINT('',(-15.36802221713,-12.79937081006,3.));
#2558 = VECTOR('',#2559,1.);
#2559 = DIRECTION('',(-0.57218092862,-0.820127419931,0.));
#2560 = ORIENTED_EDGE('',*,*,#2561,.T.);
#2561 = EDGE_CURVE('',#2554,#2562,#2564,.T.);
#2562 = VERTEX_POINT('',#2563);
#2563 = CARTESIAN_POINT('',(-15.81143052904,-15.29701489262,3.));
#2564 = LINE('',#2565,#2566);
#2565 = CARTESIAN_POINT('',(-16.55046541535,-14.49420899998,3.));
#2566 = VECTOR('',#2567,1.);
#2567 = DIRECTION('',(0.677281571626,-0.735723910673,0.));
#2568 = ORIENTED_EDGE('',*,*,#2569,.T.);
#2569 = EDGE_CURVE('',#2562,#2570,#2572,.T.);
#2570 = VERTEX_POINT('',#2571);
#2571 = CARTESIAN_POINT('',(-14.02473568545,-14.25856896582,3.));
#2572 = LINE('',#2573,#2574);
#2573 = CARTESIAN_POINT('',(-15.81143052904,-15.29701489262,3.));
#2574 = VECTOR('',#2575,1.);
#2575 = DIRECTION('',(0.86457659557,0.502501055115,0.));
#2576 = ORIENTED_EDGE('',*,*,#2577,.T.);
#2577 = EDGE_CURVE('',#2570,#2578,#2580,.T.);
#2578 = VERTEX_POINT('',#2579);
#2579 = CARTESIAN_POINT('',(-13.54563143251,-14.71447821346,3.));
#2580 = LINE('',#2581,#2582);
#2581 = CARTESIAN_POINT('',(-14.02473568545,-14.25856896582,3.));
#2582 = VECTOR('',#2583,1.);
#2583 = DIRECTION('',(0.724425204791,-0.689353409119,0.));
#2584 = ORIENTED_EDGE('',*,*,#2585,.T.);
#2585 = EDGE_CURVE('',#2578,#2586,#2588,.T.);
#2586 = VERTEX_POINT('',#2587);
#2587 = CARTESIAN_POINT('',(-13.05171523048,-15.1542973952,3.));
#2588 = LINE('',#2589,#2590);
#2589 = CARTESIAN_POINT('',(-13.54563143251,-14.71447821346,3.));
#2590 = VECTOR('',#2591,1.);
#2591 = DIRECTION('',(0.746821476984,-0.665024572114,0.));
#2592 = ORIENTED_EDGE('',*,*,#2593,.T.);
#2593 = EDGE_CURVE('',#2586,#2594,#2596,.T.);
#2594 = VERTEX_POINT('',#2595);
#2595 = CARTESIAN_POINT('',(-13.93907024721,-17.02064395501,3.));
#2596 = LINE('',#2597,#2598);
#2597 = CARTESIAN_POINT('',(-13.05171523048,-15.1542973952,3.));
#2598 = VECTOR('',#2599,1.);
#2599 = DIRECTION('',(-0.429388589874,-0.903119836393,0.));
#2600 = ORIENTED_EDGE('',*,*,#2601,.T.);
#2601 = EDGE_CURVE('',#2594,#2602,#2604,.T.);
#2602 = VERTEX_POINT('',#2603);
#2603 = CARTESIAN_POINT('',(-13.07797732652,-17.69085947734,3.));
#2604 = LINE('',#2605,#2606);
#2605 = CARTESIAN_POINT('',(-13.93907024721,-17.02064395501,3.));
#2606 = VECTOR('',#2607,1.);
#2607 = DIRECTION('',(0.789140509396,-0.61421271269,0.));
#2608 = ORIENTED_EDGE('',*,*,#2609,.T.);
#2609 = EDGE_CURVE('',#2602,#2610,#2612,.T.);
#2610 = VERTEX_POINT('',#2611);
#2611 = CARTESIAN_POINT('',(-11.48657325365,-16.37249629373,3.));
#2612 = LINE('',#2613,#2614);
#2613 = CARTESIAN_POINT('',(-13.07797732652,-17.69085947734,3.));
#2614 = VECTOR('',#2615,1.);
#2615 = DIRECTION('',(0.770075942416,0.637952226199,0.));
#2616 = ORIENTED_EDGE('',*,*,#2617,.T.);
#2617 = EDGE_CURVE('',#2610,#2618,#2620,.T.);
#2618 = VERTEX_POINT('',#2619);
#2619 = CARTESIAN_POINT('',(-10.93896316244,-16.74332956525,3.));
#2620 = LINE('',#2621,#2622);
#2621 = CARTESIAN_POINT('',(-11.48657325365,-16.37249629373,3.));
#2622 = VECTOR('',#2623,1.);
#2623 = DIRECTION('',(0.828008831148,-0.560715057352,0.));
#2624 = ORIENTED_EDGE('',*,*,#2625,.T.);
#2625 = EDGE_CURVE('',#2618,#2626,#2628,.T.);
#2626 = VERTEX_POINT('',#2627);
#2627 = CARTESIAN_POINT('',(-10.37939147562,-17.09585425171,3.));
#2628 = LINE('',#2629,#2630);
#2629 = CARTESIAN_POINT('',(-10.93896316244,-16.74332956525,3.));
#2630 = VECTOR('',#2631,1.);
#2631 = DIRECTION('',(0.846095252421,-0.533031728728,0.));
#2632 = ORIENTED_EDGE('',*,*,#2633,.T.);
#2633 = EDGE_CURVE('',#2626,#2634,#2636,.T.);
#2634 = VERTEX_POINT('',#2635);
#2635 = CARTESIAN_POINT('',(-10.94745357917,-19.08280011245,3.));
#2636 = LINE('',#2637,#2638);
#2637 = CARTESIAN_POINT('',(-10.37939147562,-17.09585425171,3.));
#2638 = VECTOR('',#2639,1.);
#2639 = DIRECTION('',(-0.274883649729,-0.961477497975,0.));
#2640 = ORIENTED_EDGE('',*,*,#2641,.T.);
#2641 = EDGE_CURVE('',#2634,#2642,#2644,.T.);
#2642 = VERTEX_POINT('',#2643);
#2643 = CARTESIAN_POINT('',(-9.98779099427,-19.60214353214,3.));
#2644 = LINE('',#2645,#2646);
#2645 = CARTESIAN_POINT('',(-10.94745357917,-19.08280011245,3.));
#2646 = VECTOR('',#2647,1.);
#2647 = DIRECTION('',(0.879473751206,-0.475947393037,0.));
#2648 = ORIENTED_EDGE('',*,*,#2649,.T.);
#2649 = EDGE_CURVE('',#2642,#2650,#2652,.T.);
#2650 = VERTEX_POINT('',#2651);
#2651 = CARTESIAN_POINT('',(-8.63508704677,-18.03982460265,3.));
#2652 = LINE('',#2653,#2654);
#2653 = CARTESIAN_POINT('',(-9.98779099427,-19.60214353214,3.));
#2654 = VECTOR('',#2655,1.);
#2655 = DIRECTION('',(0.654569624991,0.756001723569,0.));
#2656 = ORIENTED_EDGE('',*,*,#2657,.T.);
#2657 = EDGE_CURVE('',#2650,#2658,#2660,.T.);
#2658 = VERTEX_POINT('',#2659);
#2659 = CARTESIAN_POINT('',(-8.033908493059,-18.3154665331,3.));
#2660 = LINE('',#2661,#2662);
#2661 = CARTESIAN_POINT('',(-8.63508704677,-18.03982460265,3.));
#2662 = VECTOR('',#2663,1.);
#2663 = DIRECTION('',(0.909006535049,-0.416781860495,0.));
#2664 = ORIENTED_EDGE('',*,*,#2665,.T.);
#2665 = EDGE_CURVE('',#2658,#2666,#2668,.T.);
#2666 = VERTEX_POINT('',#2667);
#2667 = CARTESIAN_POINT('',(-7.423944978364,-18.57108076979,3.));
#2668 = LINE('',#2669,#2670);
#2669 = CARTESIAN_POINT('',(-8.033908493059,-18.3154665331,3.));
#2670 = VECTOR('',#2671,1.);
#2671 = DIRECTION('',(0.922289754977,-0.386499169292,0.));
#2672 = ORIENTED_EDGE('',*,*,#2673,.T.);
#2673 = EDGE_CURVE('',#2666,#2674,#2676,.T.);
#2674 = VERTEX_POINT('',#2675);
#2675 = CARTESIAN_POINT('',(-7.657218915376,-20.62442722797,3.));
#2676 = LINE('',#2677,#2678);
#2677 = CARTESIAN_POINT('',(-7.423944978364,-18.57108076979,3.));
#2678 = VECTOR('',#2679,1.);
#2679 = DIRECTION('',(-0.112880600188,-0.993608559797,0.));
#2680 = ORIENTED_EDGE('',*,*,#2681,.T.);
#2681 = EDGE_CURVE('',#2674,#2682,#2684,.T.);
#2682 = VERTEX_POINT('',#2683);
#2683 = CARTESIAN_POINT('',(-6.625163759925,-20.97873221036,3.));
#2684 = LINE('',#2685,#2686);
#2685 = CARTESIAN_POINT('',(-7.657218915376,-20.62442722797,3.));
#2686 = VECTOR('',#2687,1.);
#2687 = DIRECTION('',(0.945817241701,-0.324699469205,0.));
#2688 = ORIENTED_EDGE('',*,*,#2689,.T.);
#2689 = EDGE_CURVE('',#2682,#2690,#2692,.T.);
#2690 = VERTEX_POINT('',#2691);
#2691 = CARTESIAN_POINT('',(-5.548058175237,-19.21507352273,3.));
#2692 = LINE('',#2693,#2694);
#2693 = CARTESIAN_POINT('',(-6.625163759925,-20.97873221036,3.));
#2694 = VECTOR('',#2695,1.);
#2695 = DIRECTION('',(0.521208354531,0.85342946467,0.));
#2696 = ORIENTED_EDGE('',*,*,#2697,.T.);
#2697 = EDGE_CURVE('',#2690,#2698,#2700,.T.);
#2698 = VERTEX_POINT('',#2699);
#2699 = CARTESIAN_POINT('',(-4.909709742816,-19.38800531878,3.));
#2700 = LINE('',#2701,#2702);
#2701 = CARTESIAN_POINT('',(-5.548058175237,-19.21507352273,3.));
#2702 = VECTOR('',#2703,1.);
#2703 = DIRECTION('',(0.965208910277,-0.261479940954,0.));
#2704 = ORIENTED_EDGE('',*,*,#2705,.T.);
#2705 = EDGE_CURVE('',#2698,#2706,#2708,.T.);
#2706 = VERTEX_POINT('',#2707);
#2707 = CARTESIAN_POINT('',(-4.265992614875,-19.53973661567,3.));
#2708 = LINE('',#2709,#2710);
#2709 = CARTESIAN_POINT('',(-4.909709742816,-19.38800531878,3.));
#2710 = VECTOR('',#2711,1.);
#2711 = DIRECTION('',(0.973326597248,-0.229423920047,0.));
#2712 = ORIENTED_EDGE('',*,*,#2713,.T.);
#2713 = EDGE_CURVE('',#2706,#2714,#2716,.T.);
#2714 = VERTEX_POINT('',#2715);
#2715 = CARTESIAN_POINT('',(-4.158115280447,-21.60347373258,3.));
#2716 = LINE('',#2717,#2718);
#2717 = CARTESIAN_POINT('',(-4.265992614875,-19.53973661567,3.));
#2718 = VECTOR('',#2719,1.);
#2719 = DIRECTION('',(5.220153786915E-02,-0.998636570252,0.));
#2720 = ORIENTED_EDGE('',*,*,#2721,.T.);
#2721 = EDGE_CURVE('',#2714,#2722,#2724,.T.);
#2722 = VERTEX_POINT('',#2723);
#2723 = CARTESIAN_POINT('',(-3.081819328722,-21.78307576135,3.));
#2724 = LINE('',#2725,#2726);
#2725 = CARTESIAN_POINT('',(-4.158115280447,-21.60347373258,3.));
#2726 = VECTOR('',#2727,1.);
#2727 = DIRECTION('',(0.986361303403,-0.164594590281,0.));
#2728 = ORIENTED_EDGE('',*,*,#2729,.T.);
#2729 = EDGE_CURVE('',#2722,#2730,#2732,.T.);
#2730 = VERTEX_POINT('',#2731);
#2731 = CARTESIAN_POINT('',(-2.309692739392,-19.86618532707,3.));
#2732 = LINE('',#2733,#2734);
#2733 = CARTESIAN_POINT('',(-3.081819328722,-21.78307576135,3.));
#2734 = VECTOR('',#2735,1.);
#2735 = DIRECTION('',(0.373629878849,0.927577874699,0.));
#2736 = ORIENTED_EDGE('',*,*,#2737,.T.);
#2737 = EDGE_CURVE('',#2730,#2738,#2740,.T.);
#2738 = VERTEX_POINT('',#2739);
#2739 = CARTESIAN_POINT('',(-1.651586909447,-19.93168986013,3.));
#2740 = LINE('',#2741,#2742);
#2741 = CARTESIAN_POINT('',(-2.309692739392,-19.86618532707,3.));
#2742 = VECTOR('',#2743,1.);
#2743 = DIRECTION('',(0.995082902545,-9.904553025046E-02,0.));
#2744 = ORIENTED_EDGE('',*,*,#2745,.T.);
#2745 = EDGE_CURVE('',#2738,#2746,#2748,.T.);
#2746 = VERTEX_POINT('',#2747);
#2747 = CARTESIAN_POINT('',(-0.991675093464,-19.97539938296,3.));
#2748 = LINE('',#2749,#2750);
#2749 = CARTESIAN_POINT('',(-1.651586909447,-19.93168986013,3.));
#2750 = VECTOR('',#2751,1.);
#2751 = DIRECTION('',(0.997813627219,-6.60905843257E-02,0.));
#2752 = ORIENTED_EDGE('',*,*,#2753,.T.);
#2753 = EDGE_CURVE('',#2746,#2754,#2756,.T.);
#2754 = VERTEX_POINT('',#2755);
#2755 = CARTESIAN_POINT('',(-0.545589100065,-21.99323378982,3.));
#2756 = LINE('',#2757,#2758);
#2757 = CARTESIAN_POINT('',(-0.991675093464,-19.97539938296,3.));
#2758 = VECTOR('',#2759,1.);
#2759 = DIRECTION('',(0.215859754052,-0.976424378322,0.));
#2760 = ORIENTED_EDGE('',*,*,#2761,.T.);
#2761 = EDGE_CURVE('',#2754,#2762,#2764,.T.);
#2762 = VERTEX_POINT('',#2763);
#2763 = CARTESIAN_POINT('',(0.545589100065,-21.99323378982,3.));
#2764 = LINE('',#2765,#2766);
#2765 = CARTESIAN_POINT('',(-0.545589100065,-21.99323378982,3.));
#2766 = VECTOR('',#2767,1.);
#2767 = DIRECTION('',(1.,0.,0.));
#2768 = ORIENTED_EDGE('',*,*,#2769,.T.);
#2769 = EDGE_CURVE('',#2762,#2770,#2772,.T.);
#2770 = VERTEX_POINT('',#2771);
#2771 = CARTESIAN_POINT('',(0.991675093464,-19.97539938296,3.));
#2772 = LINE('',#2773,#2774);
#2773 = CARTESIAN_POINT('',(0.545589100065,-21.99323378982,3.));
#2774 = VECTOR('',#2775,1.);
#2775 = DIRECTION('',(0.215859754052,0.976424378322,0.));
#2776 = ORIENTED_EDGE('',*,*,#2777,.T.);
#2777 = EDGE_CURVE('',#2770,#2778,#2780,.T.);
#2778 = VERTEX_POINT('',#2779);
#2779 = CARTESIAN_POINT('',(1.651586909447,-19.93168986013,3.));
#2780 = LINE('',#2781,#2782);
#2781 = CARTESIAN_POINT('',(0.991675093464,-19.97539938296,3.));
#2782 = VECTOR('',#2783,1.);
#2783 = DIRECTION('',(0.997813627219,6.60905843257E-02,0.));
#2784 = ORIENTED_EDGE('',*,*,#2785,.T.);
#2785 = EDGE_CURVE('',#2778,#2786,#2788,.T.);
#2786 = VERTEX_POINT('',#2787);
#2787 = CARTESIAN_POINT('',(2.309692739392,-19.86618532707,3.));
#2788 = LINE('',#2789,#2790);
#2789 = CARTESIAN_POINT('',(1.651586909447,-19.93168986013,3.));
#2790 = VECTOR('',#2791,1.);
#2791 = DIRECTION('',(0.995082902545,9.904553025046E-02,0.));
#2792 = ORIENTED_EDGE('',*,*,#2793,.T.);
#2793 = EDGE_CURVE('',#2786,#2794,#2796,.T.);
#2794 = VERTEX_POINT('',#2795);
#2795 = CARTESIAN_POINT('',(3.081819328722,-21.78307576135,3.));
#2796 = LINE('',#2797,#2798);
#2797 = CARTESIAN_POINT('',(2.309692739392,-19.86618532707,3.));
#2798 = VECTOR('',#2799,1.);
#2799 = DIRECTION('',(0.373629878849,-0.927577874699,0.));
#2800 = ORIENTED_EDGE('',*,*,#2801,.T.);
#2801 = EDGE_CURVE('',#2794,#2802,#2804,.T.);
#2802 = VERTEX_POINT('',#2803);
#2803 = CARTESIAN_POINT('',(4.158115280447,-21.60347373258,3.));
#2804 = LINE('',#2805,#2806);
#2805 = CARTESIAN_POINT('',(3.081819328722,-21.78307576135,3.));
#2806 = VECTOR('',#2807,1.);
#2807 = DIRECTION('',(0.986361303403,0.164594590281,0.));
#2808 = ORIENTED_EDGE('',*,*,#2809,.T.);
#2809 = EDGE_CURVE('',#2802,#2810,#2812,.T.);
#2810 = VERTEX_POINT('',#2811);
#2811 = CARTESIAN_POINT('',(4.265992614875,-19.53973661567,3.));
#2812 = LINE('',#2813,#2814);
#2813 = CARTESIAN_POINT('',(4.158115280447,-21.60347373258,3.));
#2814 = VECTOR('',#2815,1.);
#2815 = DIRECTION('',(5.220153786915E-02,0.998636570252,0.));
#2816 = ORIENTED_EDGE('',*,*,#2817,.T.);
#2817 = EDGE_CURVE('',#2810,#2818,#2820,.T.);
#2818 = VERTEX_POINT('',#2819);
#2819 = CARTESIAN_POINT('',(4.909709742816,-19.38800531878,3.));
#2820 = LINE('',#2821,#2822);
#2821 = CARTESIAN_POINT('',(4.265992614875,-19.53973661567,3.));
#2822 = VECTOR('',#2823,1.);
#2823 = DIRECTION('',(0.973326597248,0.229423920047,0.));
#2824 = ORIENTED_EDGE('',*,*,#2825,.T.);
#2825 = EDGE_CURVE('',#2818,#2826,#2828,.T.);
#2826 = VERTEX_POINT('',#2827);
#2827 = CARTESIAN_POINT('',(5.548058175237,-19.21507352273,3.));
#2828 = LINE('',#2829,#2830);
#2829 = CARTESIAN_POINT('',(4.909709742816,-19.38800531878,3.));
#2830 = VECTOR('',#2831,1.);
#2831 = DIRECTION('',(0.965208910277,0.261479940954,0.));
#2832 = ORIENTED_EDGE('',*,*,#2833,.T.);
#2833 = EDGE_CURVE('',#2826,#2834,#2836,.T.);
#2834 = VERTEX_POINT('',#2835);
#2835 = CARTESIAN_POINT('',(6.625163759925,-20.97873221036,3.));
#2836 = LINE('',#2837,#2838);
#2837 = CARTESIAN_POINT('',(5.548058175237,-19.21507352273,3.));
#2838 = VECTOR('',#2839,1.);
#2839 = DIRECTION('',(0.521208354531,-0.85342946467,0.));
#2840 = ORIENTED_EDGE('',*,*,#2841,.T.);
#2841 = EDGE_CURVE('',#2834,#2842,#2844,.T.);
#2842 = VERTEX_POINT('',#2843);
#2843 = CARTESIAN_POINT('',(7.657218915376,-20.62442722797,3.));
#2844 = LINE('',#2845,#2846);
#2845 = CARTESIAN_POINT('',(6.625163759925,-20.97873221036,3.));
#2846 = VECTOR('',#2847,1.);
#2847 = DIRECTION('',(0.945817241701,0.324699469205,0.));
#2848 = ORIENTED_EDGE('',*,*,#2849,.T.);
#2849 = EDGE_CURVE('',#2842,#2850,#2852,.T.);
#2850 = VERTEX_POINT('',#2851);
#2851 = CARTESIAN_POINT('',(7.423944978364,-18.57108076979,3.));
#2852 = LINE('',#2853,#2854);
#2853 = CARTESIAN_POINT('',(7.657218915376,-20.62442722797,3.));
#2854 = VECTOR('',#2855,1.);
#2855 = DIRECTION('',(-0.112880600188,0.993608559797,0.));
#2856 = ORIENTED_EDGE('',*,*,#2857,.T.);
#2857 = EDGE_CURVE('',#2850,#2858,#2860,.T.);
#2858 = VERTEX_POINT('',#2859);
#2859 = CARTESIAN_POINT('',(8.033908493059,-18.3154665331,3.));
#2860 = LINE('',#2861,#2862);
#2861 = CARTESIAN_POINT('',(7.423944978364,-18.57108076979,3.));
#2862 = VECTOR('',#2863,1.);
#2863 = DIRECTION('',(0.922289754977,0.386499169292,0.));
#2864 = ORIENTED_EDGE('',*,*,#2865,.T.);
#2865 = EDGE_CURVE('',#2858,#2866,#2868,.T.);
#2866 = VERTEX_POINT('',#2867);
#2867 = CARTESIAN_POINT('',(8.63508704677,-18.03982460265,3.));
#2868 = LINE('',#2869,#2870);
#2869 = CARTESIAN_POINT('',(8.033908493059,-18.3154665331,3.));
#2870 = VECTOR('',#2871,1.);
#2871 = DIRECTION('',(0.909006535049,0.416781860495,0.));
#2872 = ORIENTED_EDGE('',*,*,#2873,.T.);
#2873 = EDGE_CURVE('',#2866,#2874,#2876,.T.);
#2874 = VERTEX_POINT('',#2875);
#2875 = CARTESIAN_POINT('',(9.98779099427,-19.60214353214,3.));
#2876 = LINE('',#2877,#2878);
#2877 = CARTESIAN_POINT('',(8.63508704677,-18.03982460265,3.));
#2878 = VECTOR('',#2879,1.);
#2879 = DIRECTION('',(0.654569624991,-0.756001723569,0.));
#2880 = ORIENTED_EDGE('',*,*,#2881,.T.);
#2881 = EDGE_CURVE('',#2874,#2882,#2884,.T.);
#2882 = VERTEX_POINT('',#2883);
#2883 = CARTESIAN_POINT('',(10.947453579174,-19.08280011245,3.));
#2884 = LINE('',#2885,#2886);
#2885 = CARTESIAN_POINT('',(9.98779099427,-19.60214353214,3.));
#2886 = VECTOR('',#2887,1.);
#2887 = DIRECTION('',(0.879473751206,0.475947393037,0.));
#2888 = ORIENTED_EDGE('',*,*,#2889,.T.);
#2889 = EDGE_CURVE('',#2882,#2890,#2892,.T.);
#2890 = VERTEX_POINT('',#2891);
#2891 = CARTESIAN_POINT('',(10.379391475624,-17.09585425171,3.));
#2892 = LINE('',#2893,#2894);
#2893 = CARTESIAN_POINT('',(10.947453579174,-19.08280011245,3.));
#2894 = VECTOR('',#2895,1.);
#2895 = DIRECTION('',(-0.274883649729,0.961477497975,0.));
#2896 = ORIENTED_EDGE('',*,*,#2897,.T.);
#2897 = EDGE_CURVE('',#2890,#2898,#2900,.T.);
#2898 = VERTEX_POINT('',#2899);
#2899 = CARTESIAN_POINT('',(10.938963162449,-16.74332956525,3.));
#2900 = LINE('',#2901,#2902);
#2901 = CARTESIAN_POINT('',(10.379391475624,-17.09585425171,3.));
#2902 = VECTOR('',#2903,1.);
#2903 = DIRECTION('',(0.846095252421,0.533031728728,0.));
#2904 = ORIENTED_EDGE('',*,*,#2905,.T.);
#2905 = EDGE_CURVE('',#2898,#2906,#2908,.T.);
#2906 = VERTEX_POINT('',#2907);
#2907 = CARTESIAN_POINT('',(11.486573253659,-16.37249629373,3.));
#2908 = LINE('',#2909,#2910);
#2909 = CARTESIAN_POINT('',(10.938963162449,-16.74332956525,3.));
#2910 = VECTOR('',#2911,1.);
#2911 = DIRECTION('',(0.828008831148,0.560715057352,0.));
#2912 = ORIENTED_EDGE('',*,*,#2913,.T.);
#2913 = EDGE_CURVE('',#2906,#2914,#2916,.T.);
#2914 = VERTEX_POINT('',#2915);
#2915 = CARTESIAN_POINT('',(13.07797732652,-17.69085947734,3.));
#2916 = LINE('',#2917,#2918);
#2917 = CARTESIAN_POINT('',(11.486573253659,-16.37249629373,3.));
#2918 = VECTOR('',#2919,1.);
#2919 = DIRECTION('',(0.770075942416,-0.637952226199,0.));
#2920 = ORIENTED_EDGE('',*,*,#2921,.T.);
#2921 = EDGE_CURVE('',#2914,#2922,#2924,.T.);
#2922 = VERTEX_POINT('',#2923);
#2923 = CARTESIAN_POINT('',(13.939070247213,-17.02064395501,3.));
#2924 = LINE('',#2925,#2926);
#2925 = CARTESIAN_POINT('',(13.07797732652,-17.69085947734,3.));
#2926 = VECTOR('',#2927,1.);
#2927 = DIRECTION('',(0.789140509396,0.61421271269,0.));
#2928 = ORIENTED_EDGE('',*,*,#2929,.T.);
#2929 = EDGE_CURVE('',#2922,#2930,#2932,.T.);
#2930 = VERTEX_POINT('',#2931);
#2931 = CARTESIAN_POINT('',(13.051715230483,-15.1542973952,3.));
#2932 = LINE('',#2933,#2934);
#2933 = CARTESIAN_POINT('',(13.939070247213,-17.02064395501,3.));
#2934 = VECTOR('',#2935,1.);
#2935 = DIRECTION('',(-0.429388589874,0.903119836393,0.));
#2936 = ORIENTED_EDGE('',*,*,#2937,.T.);
#2937 = EDGE_CURVE('',#2930,#2938,#2940,.T.);
#2938 = VERTEX_POINT('',#2939);
#2939 = CARTESIAN_POINT('',(13.545631432515,-14.71447821346,3.));
#2940 = LINE('',#2941,#2942);
#2941 = CARTESIAN_POINT('',(13.051715230483,-15.1542973952,3.));
#2942 = VECTOR('',#2943,1.);
#2943 = DIRECTION('',(0.746821476984,0.665024572114,0.));
#2944 = ORIENTED_EDGE('',*,*,#2945,.T.);
#2945 = EDGE_CURVE('',#2938,#2946,#2948,.T.);
#2946 = VERTEX_POINT('',#2947);
#2947 = CARTESIAN_POINT('',(14.02473568545,-14.25856896582,3.));
#2948 = LINE('',#2949,#2950);
#2949 = CARTESIAN_POINT('',(13.545631432515,-14.71447821346,3.));
#2950 = VECTOR('',#2951,1.);
#2951 = DIRECTION('',(0.724425204791,0.689353409119,0.));
#2952 = ORIENTED_EDGE('',*,*,#2953,.T.);
#2953 = EDGE_CURVE('',#2946,#2954,#2956,.T.);
#2954 = VERTEX_POINT('',#2955);
#2955 = CARTESIAN_POINT('',(15.811430529044,-15.29701489262,3.));
#2956 = LINE('',#2957,#2958);
#2957 = CARTESIAN_POINT('',(14.02473568545,-14.25856896582,3.));
#2958 = VECTOR('',#2959,1.);
#2959 = DIRECTION('',(0.86457659557,-0.502501055115,0.));
#2960 = ORIENTED_EDGE('',*,*,#2961,.T.);
#2961 = EDGE_CURVE('',#2954,#2962,#2964,.T.);
#2962 = VERTEX_POINT('',#2963);
#2963 = CARTESIAN_POINT('',(16.550465415353,-14.49420899998,3.));
#2964 = LINE('',#2965,#2966);
#2965 = CARTESIAN_POINT('',(15.811430529044,-15.29701489262,3.));
#2966 = VECTOR('',#2967,1.);
#2967 = DIRECTION('',(0.677281571626,0.735723910673,0.));
#2968 = ORIENTED_EDGE('',*,*,#2969,.T.);
#2969 = EDGE_CURVE('',#2962,#2970,#2972,.T.);
#2970 = VERTEX_POINT('',#2971);
#2971 = CARTESIAN_POINT('',(15.368022217137,-12.79937081006,3.));
#2972 = LINE('',#2973,#2974);
#2973 = CARTESIAN_POINT('',(16.550465415353,-14.49420899998,3.));
#2974 = VECTOR('',#2975,1.);
#2975 = DIRECTION('',(-0.57218092862,0.820127419931,0.));
#2976 = ORIENTED_EDGE('',*,*,#2977,.T.);
#2977 = EDGE_CURVE('',#2970,#2978,#2980,.T.);
#2978 = VERTEX_POINT('',#2979);
#2979 = CARTESIAN_POINT('',(15.782810187928,-12.28425425379,3.));
#2980 = LINE('',#2981,#2982);
#2981 = CARTESIAN_POINT('',(15.368022217137,-12.79937081006,3.));
#2982 = VECTOR('',#2983,1.);
#2983 = DIRECTION('',(0.627176358474,0.778877278762,0.));
#2984 = ORIENTED_EDGE('',*,*,#2985,.T.);
#2985 = EDGE_CURVE('',#2978,#2986,#2988,.T.);
#2986 = VERTEX_POINT('',#2987);
#2987 = CARTESIAN_POINT('',(16.180339887499,-11.75570504584,3.));
#2988 = LINE('',#2989,#2990);
#2989 = CARTESIAN_POINT('',(15.782810187928,-12.28425425379,3.));
#2990 = VECTOR('',#2991,1.);
#2991 = DIRECTION('',(0.601081147283,0.799187996895,0.));
#2992 = ORIENTED_EDGE('',*,*,#2993,.T.);
#2993 = EDGE_CURVE('',#2986,#2994,#2996,.T.);
#2994 = VERTEX_POINT('',#2995);
#2995 = CARTESIAN_POINT('',(18.11358912406,-12.48590761798,3.));
#2996 = LINE('',#2997,#2998);
#2997 = CARTESIAN_POINT('',(16.180339887499,-11.75570504584,3.));
#2998 = VECTOR('',#2999,1.);
#2999 = DIRECTION('',(0.935493852981,-0.35334296517,0.));
#3000 = ORIENTED_EDGE('',*,*,#3001,.T.);
#3001 = EDGE_CURVE('',#2994,#3002,#3004,.T.);
#3002 = VERTEX_POINT('',#3003);
#3003 = CARTESIAN_POINT('',(18.710407030805,-11.57240980702,3.));
#3004 = LINE('',#3005,#3006);
#3005 = CARTESIAN_POINT('',(18.11358912406,-12.48590761798,3.));
#3006 = VECTOR('',#3007,1.);
#3007 = DIRECTION('',(0.546948158122,0.837166478263,0.));
#3008 = ORIENTED_EDGE('',*,*,#3009,.T.);
#3009 = EDGE_CURVE('',#3002,#3010,#3012,.T.);
#3010 = VERTEX_POINT('',#3011);
#3011 = CARTESIAN_POINT('',(17.265129619151,-10.09531075469,3.));
#3012 = LINE('',#3013,#3014);
#3013 = CARTESIAN_POINT('',(18.710407030805,-11.57240980702,3.));
#3014 = VECTOR('',#3015,1.);
#3015 = DIRECTION('',(-0.699365663197,0.714764065367,0.));
#3016 = ORIENTED_EDGE('',*,*,#3017,.T.);
#3017 = EDGE_CURVE('',#3010,#3018,#3020,.T.);
#3018 = VERTEX_POINT('',#3019);
#3019 = CARTESIAN_POINT('',(17.58947502413,-9.518947860741,3.));
#3020 = LINE('',#3021,#3022);
#3021 = CARTESIAN_POINT('',(17.265129619151,-10.09531075469,3.));
#3022 = VECTOR('',#3023,1.);
#3023 = DIRECTION('',(0.490423503831,0.871484243627,0.));
#3024 = ORIENTED_EDGE('',*,*,#3025,.T.);
#3025 = EDGE_CURVE('',#3018,#3026,#3028,.T.);
#3026 = VERTEX_POINT('',#3027);
#3027 = CARTESIAN_POINT('',(17.894586596415,-8.932176137056,3.));
#3028 = LINE('',#3029,#3030);
#3029 = CARTESIAN_POINT('',(17.58947502413,-9.518947860741,3.));
#3030 = VECTOR('',#3031,1.);
#3031 = DIRECTION('',(0.461341162979,0.887222819444,0.));
#3032 = ORIENTED_EDGE('',*,*,#3033,.T.);
#3033 = EDGE_CURVE('',#3026,#3034,#3036,.T.);
#3034 = VERTEX_POINT('',#3035);
#3035 = CARTESIAN_POINT('',(19.921656226373,-9.334217331849,3.));
#3036 = LINE('',#3037,#3038);
#3037 = CARTESIAN_POINT('',(17.894586596415,-8.932176137056,3.));
#3038 = VECTOR('',#3039,1.);
#3039 = DIRECTION('',(0.980893276732,-0.194546600232,0.));
#3040 = ORIENTED_EDGE('',*,*,#3041,.T.);
#3041 = EDGE_CURVE('',#3034,#3042,#3044,.T.);
#3042 = VERTEX_POINT('',#3043);
#3043 = CARTESIAN_POINT('',(20.359977516847,-8.334945441542,3.));
#3044 = LINE('',#3045,#3046);
#3045 = CARTESIAN_POINT('',(19.921656226373,-9.334217331849,3.));
#3046 = VECTOR('',#3047,1.);
#3047 = DIRECTION('',(0.401695424653,0.915773326655,0.));
#3048 = ORIENTED_EDGE('',*,*,#3049,.T.);
#3049 = EDGE_CURVE('',#3042,#3050,#3052,.T.);
#3050 = VERTEX_POINT('',#3051);
#3051 = CARTESIAN_POINT('',(18.691289291989,-7.11587693845,3.));
#3052 = LINE('',#3053,#3054);
#3053 = CARTESIAN_POINT('',(20.359977516847,-8.334945441542,3.));
#3054 = VECTOR('',#3055,1.);
#3055 = DIRECTION('',(-0.807473525593,0.589903810351,0.));
#3056 = ORIENTED_EDGE('',*,*,#3057,.T.);
#3057 = EDGE_CURVE('',#3050,#3058,#3060,.T.);
#3058 = VERTEX_POINT('',#3059);
#3059 = CARTESIAN_POINT('',(18.916344834013,-6.493989384094,3.));
#3060 = LINE('',#3061,#3062);
#3061 = CARTESIAN_POINT('',(18.691289291989,-7.11587693845,3.));
#3062 = VECTOR('',#3063,1.);
#3063 = DIRECTION('',(0.340293174442,0.940319390116,0.));
#3064 = ORIENTED_EDGE('',*,*,#3065,.T.);
#3065 = EDGE_CURVE('',#3058,#3066,#3068,.T.);
#3066 = VERTEX_POINT('',#3067);
#3067 = CARTESIAN_POINT('',(19.120715630687,-5.865000747689,3.));
#3068 = LINE('',#3069,#3070);
#3069 = CARTESIAN_POINT('',(18.916344834013,-6.493989384094,3.));
#3070 = VECTOR('',#3071,1.);
#3071 = DIRECTION('',(0.309016994375,0.951056516295,0.));
#3072 = ORIENTED_EDGE('',*,*,#3073,.T.);
#3073 = EDGE_CURVE('',#3066,#3074,#3076,.T.);
#3074 = VERTEX_POINT('',#3075);
#3075 = CARTESIAN_POINT('',(21.186312478714,-5.927913929394,3.));
#3076 = LINE('',#3077,#3078);
#3077 = CARTESIAN_POINT('',(19.120715630687,-5.865000747689,3.));
#3078 = VECTOR('',#3079,1.);
#3079 = DIRECTION('',(0.999536488892,-3.044351118463E-02,0.));
#3080 = ORIENTED_EDGE('',*,*,#3081,.T.);
#3081 = EDGE_CURVE('',#3074,#3082,#3084,.T.);
#3082 = VERTEX_POINT('',#3083);
#3083 = CARTESIAN_POINT('',(21.45418089073,-4.870125492,3.));
#3084 = LINE('',#3085,#3086);
#3085 = CARTESIAN_POINT('',(21.186312478714,-5.927913929394,3.));
#3086 = VECTOR('',#3087,1.);
#3087 = DIRECTION('',(0.245485487141,0.969400265939,0.));
#3088 = ORIENTED_EDGE('',*,*,#3089,.T.);
#3089 = EDGE_CURVE('',#3082,#3090,#3092,.T.);
#3090 = VERTEX_POINT('',#3091);
#3091 = CARTESIAN_POINT('',(19.607599317496,-3.94234054903,3.));
#3092 = LINE('',#3093,#3094);
#3093 = CARTESIAN_POINT('',(21.45418089073,-4.870125492,3.));
#3094 = VECTOR('',#3095,1.);
#3095 = DIRECTION('',(-0.893555615137,0.448952517152,0.));
#3096 = ORIENTED_EDGE('',*,*,#3097,.T.);
#3097 = EDGE_CURVE('',#3090,#3098,#3100,.T.);
#3098 = VERTEX_POINT('',#3099);
#3099 = CARTESIAN_POINT('',(19.727226068054,-3.291891805615,3.));
#3100 = LINE('',#3101,#3102);
#3101 = CARTESIAN_POINT('',(19.607599317496,-3.94234054903,3.));
#3102 = VECTOR('',#3103,1.);
#3103 = DIRECTION('',(0.180880534332,0.983505074872,0.));
#3104 = ORIENTED_EDGE('',*,*,#3105,.T.);
#3105 = EDGE_CURVE('',#3098,#3106,#3108,.T.);
#3106 = VERTEX_POINT('',#3107);
#3107 = CARTESIAN_POINT('',(19.82528138654,-2.637843426841,3.));
#3108 = LINE('',#3109,#3110);
#3109 = CARTESIAN_POINT('',(19.727226068054,-3.291891805615,3.));
#3110 = VECTOR('',#3111,1.);
#3111 = DIRECTION('',(0.148263647712,0.988947870601,0.));
#3112 = ORIENTED_EDGE('',*,*,#3113,.T.);
#3113 = EDGE_CURVE('',#3106,#3114,#3116,.T.);
#3114 = VERTEX_POINT('',#3115);
#3115 = CARTESIAN_POINT('',(21.873061355229,-2.359912487862,3.));
#3116 = LINE('',#3117,#3118);
#3117 = CARTESIAN_POINT('',(19.82528138654,-2.637843426841,3.));
#3118 = VECTOR('',#3119,1.);
#3119 = DIRECTION('',(0.990914951232,0.134489997488,0.));
#3120 = ORIENTED_EDGE('',*,*,#3121,.T.);
#3121 = EDGE_CURVE('',#3114,#3122,#3124,.T.);
#3122 = VERTEX_POINT('',#3123);
#3123 = CARTESIAN_POINT('',(21.96317013679,-1.272461214505,3.));
#3124 = LINE('',#3125,#3126);
#3125 = CARTESIAN_POINT('',(21.873061355229,-2.359912487862,3.));
#3126 = VECTOR('',#3127,1.);
#3127 = DIRECTION('',(8.257934547233E-02,0.996584493007,0.));
#3128 = ORIENTED_EDGE('',*,*,#3129,.T.);
#3129 = EDGE_CURVE('',#3122,#64,#3130,.T.);
#3130 = LINE('',#3131,#3132);
#3131 = CARTESIAN_POINT('',(21.96317013679,-1.272461214505,3.));
#3132 = VECTOR('',#3133,1.);
#3133 = DIRECTION('',(-0.955263836825,0.295754969618,0.));
#3134 = ORIENTED_EDGE('',*,*,#71,.T.);
#3135 = FACE_BOUND('',#3136,.T.);
#3136 = EDGE_LOOP('',(#3137));
#3137 = ORIENTED_EDGE('',*,*,#3138,.F.);
#3138 = EDGE_CURVE('',#3139,#3139,#3141,.T.);
#3139 = VERTEX_POINT('',#3140);
#3140 = CARTESIAN_POINT('',(5.,-1.224646799147E-15,3.));
#3141 = CIRCLE('',#3142,5.);
#3142 = AXIS2_PLACEMENT_3D('',#3143,#3144,#3145);
#3143 = CARTESIAN_POINT('',(0.,0.,3.));
#3144 = DIRECTION('',(0.,0.,1.));
#3145 = DIRECTION('',(1.,0.,0.));
#3146 = PLANE('',#3147);
#3147 = AXIS2_PLACEMENT_3D('',#3148,#3149,#3150);
#3148 = CARTESIAN_POINT('',(1.190254031599E-14,6.290780477695E-15,3.));
#3149 = DIRECTION('',(0.,0.,1.));
#3150 = DIRECTION('',(1.,0.,0.));
#3151 = ADVANCED_FACE('',(#3152),#3163,.F.);
#3152 = FACE_BOUND('',#3153,.F.);
#3153 = EDGE_LOOP('',(#3154,#3160,#3161,#3162));
#3154 = ORIENTED_EDGE('',*,*,#3155,.T.);
#3155 = EDGE_CURVE('',#1606,#3122,#3156,.T.);
#3156 = LINE('',#3157,#3158);
#3157 = CARTESIAN_POINT('',(21.96317013679,-1.272461214505,0.));
#3158 = VECTOR('',#3159,1.);
#3159 = DIRECTION('',(0.,0.,1.));
#3160 = ORIENTED_EDGE('',*,*,#3129,.T.);
#3161 = ORIENTED_EDGE('',*,*,#61,.F.);
#3162 = ORIENTED_EDGE('',*,*,#1613,.F.);
#3163 = PLANE('',#3164);
#3164 = AXIS2_PLACEMENT_3D('',#3165,#3166,#3167);
#3165 = CARTESIAN_POINT('',(21.96317013679,-1.272461214505,0.));
#3166 = DIRECTION('',(-0.295754969618,-0.955263836825,0.));
#3167 = DIRECTION('',(-0.955263836825,0.295754969618,0.));
#3168 = ADVANCED_FACE('',(#3169),#3180,.F.);
#3169 = FACE_BOUND('',#3170,.F.);
#3170 = EDGE_LOOP('',(#3171,#3172,#3173,#3179));
#3171 = ORIENTED_EDGE('',*,*,#101,.T.);
#3172 = ORIENTED_EDGE('',*,*,#1641,.T.);
#3173 = ORIENTED_EDGE('',*,*,#3174,.F.);
#3174 = EDGE_CURVE('',#126,#1642,#3175,.T.);
#3175 = LINE('',#3176,#3177);
#3176 = CARTESIAN_POINT('',(21.873061355229,2.359912487862,0.));
#3177 = VECTOR('',#3178,1.);
#3178 = DIRECTION('',(0.,0.,1.));
#3179 = ORIENTED_EDGE('',*,*,#125,.F.);
#3180 = PLANE('',#3181);
#3181 = AXIS2_PLACEMENT_3D('',#3182,#3183,#3184);
#3182 = CARTESIAN_POINT('',(21.96317013679,1.272461214505,0.));
#3183 = DIRECTION('',(-0.996584493007,-8.257934547233E-02,0.));
#3184 = DIRECTION('',(-8.257934547233E-02,0.996584493007,0.));
#3185 = ADVANCED_FACE('',(#3186),#3197,.F.);
#3186 = FACE_BOUND('',#3187,.F.);
#3187 = EDGE_LOOP('',(#3188,#3194,#3195,#3196));
#3188 = ORIENTED_EDGE('',*,*,#3189,.T.);
#3189 = EDGE_CURVE('',#1598,#3114,#3190,.T.);
#3190 = LINE('',#3191,#3192);
#3191 = CARTESIAN_POINT('',(21.873061355229,-2.359912487862,0.));
#3192 = VECTOR('',#3193,1.);
#3193 = DIRECTION('',(0.,0.,1.));
#3194 = ORIENTED_EDGE('',*,*,#3121,.T.);
#3195 = ORIENTED_EDGE('',*,*,#3155,.F.);
#3196 = ORIENTED_EDGE('',*,*,#1605,.F.);
#3197 = PLANE('',#3198);
#3198 = AXIS2_PLACEMENT_3D('',#3199,#3200,#3201);
#3199 = CARTESIAN_POINT('',(21.873061355229,-2.359912487862,0.));
#3200 = DIRECTION('',(-0.996584493007,8.257934547233E-02,0.));
#3201 = DIRECTION('',(8.257934547233E-02,0.996584493007,0.));
#3202 = ADVANCED_FACE('',(#3203),#3214,.F.);
#3203 = FACE_BOUND('',#3204,.F.);
#3204 = EDGE_LOOP('',(#3205,#3206,#3207,#3213));
#3205 = ORIENTED_EDGE('',*,*,#3174,.T.);
#3206 = ORIENTED_EDGE('',*,*,#1649,.T.);
#3207 = ORIENTED_EDGE('',*,*,#3208,.F.);
#3208 = EDGE_CURVE('',#134,#1650,#3209,.T.);
#3209 = LINE('',#3210,#3211);
#3210 = CARTESIAN_POINT('',(19.82528138654,2.637843426841,0.));
#3211 = VECTOR('',#3212,1.);
#3212 = DIRECTION('',(0.,0.,1.));
#3213 = ORIENTED_EDGE('',*,*,#133,.F.);
#3214 = PLANE('',#3215);
#3215 = AXIS2_PLACEMENT_3D('',#3216,#3217,#3218);
#3216 = CARTESIAN_POINT('',(21.873061355229,2.359912487862,0.));
#3217 = DIRECTION('',(-0.134489997488,-0.990914951232,0.));
#3218 = DIRECTION('',(-0.990914951232,0.134489997488,0.));
#3219 = ADVANCED_FACE('',(#3220),#3231,.F.);
#3220 = FACE_BOUND('',#3221,.F.);
#3221 = EDGE_LOOP('',(#3222,#3228,#3229,#3230));
#3222 = ORIENTED_EDGE('',*,*,#3223,.T.);
#3223 = EDGE_CURVE('',#1590,#3106,#3224,.T.);
#3224 = LINE('',#3225,#3226);
#3225 = CARTESIAN_POINT('',(19.82528138654,-2.637843426841,0.));
#3226 = VECTOR('',#3227,1.);
#3227 = DIRECTION('',(0.,0.,1.));
#3228 = ORIENTED_EDGE('',*,*,#3113,.T.);
#3229 = ORIENTED_EDGE('',*,*,#3189,.F.);
#3230 = ORIENTED_EDGE('',*,*,#1597,.F.);
#3231 = PLANE('',#3232);
#3232 = AXIS2_PLACEMENT_3D('',#3233,#3234,#3235);
#3233 = CARTESIAN_POINT('',(19.82528138654,-2.637843426841,0.));
#3234 = DIRECTION('',(-0.134489997488,0.990914951232,0.));
#3235 = DIRECTION('',(0.990914951232,0.134489997488,0.));
#3236 = ADVANCED_FACE('',(#3237),#3248,.F.);
#3237 = FACE_BOUND('',#3238,.F.);
#3238 = EDGE_LOOP('',(#3239,#3240,#3241,#3247));
#3239 = ORIENTED_EDGE('',*,*,#3208,.T.);
#3240 = ORIENTED_EDGE('',*,*,#1657,.T.);
#3241 = ORIENTED_EDGE('',*,*,#3242,.F.);
#3242 = EDGE_CURVE('',#142,#1658,#3243,.T.);
#3243 = LINE('',#3244,#3245);
#3244 = CARTESIAN_POINT('',(19.727226068054,3.291891805615,0.));
#3245 = VECTOR('',#3246,1.);
#3246 = DIRECTION('',(0.,0.,1.));
#3247 = ORIENTED_EDGE('',*,*,#141,.F.);
#3248 = PLANE('',#3249);
#3249 = AXIS2_PLACEMENT_3D('',#3250,#3251,#3252);
#3250 = CARTESIAN_POINT('',(19.82528138654,2.637843426841,0.));
#3251 = DIRECTION('',(-0.988947870601,-0.148263647712,0.));
#3252 = DIRECTION('',(-0.148263647712,0.988947870601,0.));
#3253 = ADVANCED_FACE('',(#3254),#3265,.F.);
#3254 = FACE_BOUND('',#3255,.F.);
#3255 = EDGE_LOOP('',(#3256,#3262,#3263,#3264));
#3256 = ORIENTED_EDGE('',*,*,#3257,.T.);
#3257 = EDGE_CURVE('',#1582,#3098,#3258,.T.);
#3258 = LINE('',#3259,#3260);
#3259 = CARTESIAN_POINT('',(19.727226068054,-3.291891805615,0.));
#3260 = VECTOR('',#3261,1.);
#3261 = DIRECTION('',(0.,0.,1.));
#3262 = ORIENTED_EDGE('',*,*,#3105,.T.);
#3263 = ORIENTED_EDGE('',*,*,#3223,.F.);
#3264 = ORIENTED_EDGE('',*,*,#1589,.F.);
#3265 = PLANE('',#3266);
#3266 = AXIS2_PLACEMENT_3D('',#3267,#3268,#3269);
#3267 = CARTESIAN_POINT('',(19.727226068054,-3.291891805615,0.));
#3268 = DIRECTION('',(-0.988947870601,0.148263647712,0.));
#3269 = DIRECTION('',(0.148263647712,0.988947870601,0.));
#3270 = ADVANCED_FACE('',(#3271),#3282,.F.);
#3271 = FACE_BOUND('',#3272,.F.);
#3272 = EDGE_LOOP('',(#3273,#3274,#3275,#3281));
#3273 = ORIENTED_EDGE('',*,*,#3242,.T.);
#3274 = ORIENTED_EDGE('',*,*,#1665,.T.);
#3275 = ORIENTED_EDGE('',*,*,#3276,.F.);
#3276 = EDGE_CURVE('',#150,#1666,#3277,.T.);
#3277 = LINE('',#3278,#3279);
#3278 = CARTESIAN_POINT('',(19.607599317496,3.94234054903,0.));
#3279 = VECTOR('',#3280,1.);
#3280 = DIRECTION('',(0.,0.,1.));
#3281 = ORIENTED_EDGE('',*,*,#149,.F.);
#3282 = PLANE('',#3283);
#3283 = AXIS2_PLACEMENT_3D('',#3284,#3285,#3286);
#3284 = CARTESIAN_POINT('',(19.727226068054,3.291891805615,0.));
#3285 = DIRECTION('',(-0.983505074872,-0.180880534332,0.));
#3286 = DIRECTION('',(-0.180880534332,0.983505074872,0.));
#3287 = ADVANCED_FACE('',(#3288),#3299,.F.);
#3288 = FACE_BOUND('',#3289,.F.);
#3289 = EDGE_LOOP('',(#3290,#3296,#3297,#3298));
#3290 = ORIENTED_EDGE('',*,*,#3291,.T.);
#3291 = EDGE_CURVE('',#1574,#3090,#3292,.T.);
#3292 = LINE('',#3293,#3294);
#3293 = CARTESIAN_POINT('',(19.607599317496,-3.94234054903,0.));
#3294 = VECTOR('',#3295,1.);
#3295 = DIRECTION('',(0.,0.,1.));
#3296 = ORIENTED_EDGE('',*,*,#3097,.T.);
#3297 = ORIENTED_EDGE('',*,*,#3257,.F.);
#3298 = ORIENTED_EDGE('',*,*,#1581,.F.);
#3299 = PLANE('',#3300);
#3300 = AXIS2_PLACEMENT_3D('',#3301,#3302,#3303);
#3301 = CARTESIAN_POINT('',(19.607599317496,-3.94234054903,0.));
#3302 = DIRECTION('',(-0.983505074872,0.180880534332,0.));
#3303 = DIRECTION('',(0.180880534332,0.983505074872,0.));
#3304 = ADVANCED_FACE('',(#3305),#3316,.F.);
#3305 = FACE_BOUND('',#3306,.F.);
#3306 = EDGE_LOOP('',(#3307,#3308,#3309,#3315));
#3307 = ORIENTED_EDGE('',*,*,#3276,.T.);
#3308 = ORIENTED_EDGE('',*,*,#1673,.T.);
#3309 = ORIENTED_EDGE('',*,*,#3310,.F.);
#3310 = EDGE_CURVE('',#158,#1674,#3311,.T.);
#3311 = LINE('',#3312,#3313);
#3312 = CARTESIAN_POINT('',(21.45418089073,4.870125492,0.));
#3313 = VECTOR('',#3314,1.);
#3314 = DIRECTION('',(0.,0.,1.));
#3315 = ORIENTED_EDGE('',*,*,#157,.F.);
#3316 = PLANE('',#3317);
#3317 = AXIS2_PLACEMENT_3D('',#3318,#3319,#3320);
#3318 = CARTESIAN_POINT('',(19.607599317496,3.94234054903,0.));
#3319 = DIRECTION('',(-0.448952517152,0.893555615137,0.));
#3320 = DIRECTION('',(0.893555615137,0.448952517152,0.));
#3321 = ADVANCED_FACE('',(#3322),#3333,.F.);
#3322 = FACE_BOUND('',#3323,.F.);
#3323 = EDGE_LOOP('',(#3324,#3330,#3331,#3332));
#3324 = ORIENTED_EDGE('',*,*,#3325,.T.);
#3325 = EDGE_CURVE('',#1566,#3082,#3326,.T.);
#3326 = LINE('',#3327,#3328);
#3327 = CARTESIAN_POINT('',(21.45418089073,-4.870125492,0.));
#3328 = VECTOR('',#3329,1.);
#3329 = DIRECTION('',(0.,0.,1.));
#3330 = ORIENTED_EDGE('',*,*,#3089,.T.);
#3331 = ORIENTED_EDGE('',*,*,#3291,.F.);
#3332 = ORIENTED_EDGE('',*,*,#1573,.F.);
#3333 = PLANE('',#3334);
#3334 = AXIS2_PLACEMENT_3D('',#3335,#3336,#3337);
#3335 = CARTESIAN_POINT('',(21.45418089073,-4.870125492,0.));
#3336 = DIRECTION('',(-0.448952517152,-0.893555615137,0.));
#3337 = DIRECTION('',(-0.893555615137,0.448952517152,0.));
#3338 = ADVANCED_FACE('',(#3339),#3350,.F.);
#3339 = FACE_BOUND('',#3340,.F.);
#3340 = EDGE_LOOP('',(#3341,#3342,#3343,#3349));
#3341 = ORIENTED_EDGE('',*,*,#3310,.T.);
#3342 = ORIENTED_EDGE('',*,*,#1681,.T.);
#3343 = ORIENTED_EDGE('',*,*,#3344,.F.);
#3344 = EDGE_CURVE('',#166,#1682,#3345,.T.);
#3345 = LINE('',#3346,#3347);
#3346 = CARTESIAN_POINT('',(21.186312478714,5.927913929394,0.));
#3347 = VECTOR('',#3348,1.);
#3348 = DIRECTION('',(0.,0.,1.));
#3349 = ORIENTED_EDGE('',*,*,#165,.F.);
#3350 = PLANE('',#3351);
#3351 = AXIS2_PLACEMENT_3D('',#3352,#3353,#3354);
#3352 = CARTESIAN_POINT('',(21.45418089073,4.870125492,0.));
#3353 = DIRECTION('',(-0.969400265939,-0.245485487141,0.));
#3354 = DIRECTION('',(-0.245485487141,0.969400265939,0.));
#3355 = ADVANCED_FACE('',(#3356),#3367,.F.);
#3356 = FACE_BOUND('',#3357,.F.);
#3357 = EDGE_LOOP('',(#3358,#3364,#3365,#3366));
#3358 = ORIENTED_EDGE('',*,*,#3359,.T.);
#3359 = EDGE_CURVE('',#1558,#3074,#3360,.T.);
#3360 = LINE('',#3361,#3362);
#3361 = CARTESIAN_POINT('',(21.186312478714,-5.927913929394,0.));
#3362 = VECTOR('',#3363,1.);
#3363 = DIRECTION('',(0.,0.,1.));
#3364 = ORIENTED_EDGE('',*,*,#3081,.T.);
#3365 = ORIENTED_EDGE('',*,*,#3325,.F.);
#3366 = ORIENTED_EDGE('',*,*,#1565,.F.);
#3367 = PLANE('',#3368);
#3368 = AXIS2_PLACEMENT_3D('',#3369,#3370,#3371);
#3369 = CARTESIAN_POINT('',(21.186312478714,-5.927913929394,0.));
#3370 = DIRECTION('',(-0.969400265939,0.245485487141,0.));
#3371 = DIRECTION('',(0.245485487141,0.969400265939,0.));
#3372 = ADVANCED_FACE('',(#3373),#3384,.F.);
#3373 = FACE_BOUND('',#3374,.F.);
#3374 = EDGE_LOOP('',(#3375,#3376,#3377,#3383));
#3375 = ORIENTED_EDGE('',*,*,#3344,.T.);
#3376 = ORIENTED_EDGE('',*,*,#1689,.T.);
#3377 = ORIENTED_EDGE('',*,*,#3378,.F.);
#3378 = EDGE_CURVE('',#174,#1690,#3379,.T.);
#3379 = LINE('',#3380,#3381);
#3380 = CARTESIAN_POINT('',(19.120715630687,5.865000747689,0.));
#3381 = VECTOR('',#3382,1.);
#3382 = DIRECTION('',(0.,0.,1.));
#3383 = ORIENTED_EDGE('',*,*,#173,.F.);
#3384 = PLANE('',#3385);
#3385 = AXIS2_PLACEMENT_3D('',#3386,#3387,#3388);
#3386 = CARTESIAN_POINT('',(21.186312478714,5.927913929394,0.));
#3387 = DIRECTION('',(3.044351118463E-02,-0.999536488892,0.));
#3388 = DIRECTION('',(-0.999536488892,-3.044351118463E-02,0.));
#3389 = ADVANCED_FACE('',(#3390),#3401,.F.);
#3390 = FACE_BOUND('',#3391,.F.);
#3391 = EDGE_LOOP('',(#3392,#3398,#3399,#3400));
#3392 = ORIENTED_EDGE('',*,*,#3393,.T.);
#3393 = EDGE_CURVE('',#1550,#3066,#3394,.T.);
#3394 = LINE('',#3395,#3396);
#3395 = CARTESIAN_POINT('',(19.120715630687,-5.865000747689,0.));
#3396 = VECTOR('',#3397,1.);
#3397 = DIRECTION('',(0.,0.,1.));
#3398 = ORIENTED_EDGE('',*,*,#3073,.T.);
#3399 = ORIENTED_EDGE('',*,*,#3359,.F.);
#3400 = ORIENTED_EDGE('',*,*,#1557,.F.);
#3401 = PLANE('',#3402);
#3402 = AXIS2_PLACEMENT_3D('',#3403,#3404,#3405);
#3403 = CARTESIAN_POINT('',(19.120715630687,-5.865000747689,0.));
#3404 = DIRECTION('',(3.044351118463E-02,0.999536488892,0.));
#3405 = DIRECTION('',(0.999536488892,-3.044351118463E-02,0.));
#3406 = ADVANCED_FACE('',(#3407),#3418,.F.);
#3407 = FACE_BOUND('',#3408,.F.);
#3408 = EDGE_LOOP('',(#3409,#3410,#3411,#3417));
#3409 = ORIENTED_EDGE('',*,*,#3378,.T.);
#3410 = ORIENTED_EDGE('',*,*,#1697,.T.);
#3411 = ORIENTED_EDGE('',*,*,#3412,.F.);
#3412 = EDGE_CURVE('',#182,#1698,#3413,.T.);
#3413 = LINE('',#3414,#3415);
#3414 = CARTESIAN_POINT('',(18.916344834013,6.493989384094,0.));
#3415 = VECTOR('',#3416,1.);
#3416 = DIRECTION('',(0.,0.,1.));
#3417 = ORIENTED_EDGE('',*,*,#181,.F.);
#3418 = PLANE('',#3419);
#3419 = AXIS2_PLACEMENT_3D('',#3420,#3421,#3422);
#3420 = CARTESIAN_POINT('',(19.120715630687,5.865000747689,0.));
#3421 = DIRECTION('',(-0.951056516295,-0.309016994375,0.));
#3422 = DIRECTION('',(-0.309016994375,0.951056516295,0.));
#3423 = ADVANCED_FACE('',(#3424),#3435,.F.);
#3424 = FACE_BOUND('',#3425,.F.);
#3425 = EDGE_LOOP('',(#3426,#3432,#3433,#3434));
#3426 = ORIENTED_EDGE('',*,*,#3427,.T.);
#3427 = EDGE_CURVE('',#1542,#3058,#3428,.T.);
#3428 = LINE('',#3429,#3430);
#3429 = CARTESIAN_POINT('',(18.916344834013,-6.493989384094,0.));
#3430 = VECTOR('',#3431,1.);
#3431 = DIRECTION('',(0.,0.,1.));
#3432 = ORIENTED_EDGE('',*,*,#3065,.T.);
#3433 = ORIENTED_EDGE('',*,*,#3393,.F.);
#3434 = ORIENTED_EDGE('',*,*,#1549,.F.);
#3435 = PLANE('',#3436);
#3436 = AXIS2_PLACEMENT_3D('',#3437,#3438,#3439);
#3437 = CARTESIAN_POINT('',(18.916344834013,-6.493989384094,0.));
#3438 = DIRECTION('',(-0.951056516295,0.309016994375,0.));
#3439 = DIRECTION('',(0.309016994375,0.951056516295,0.));
#3440 = ADVANCED_FACE('',(#3441),#3452,.F.);
#3441 = FACE_BOUND('',#3442,.F.);
#3442 = EDGE_LOOP('',(#3443,#3444,#3445,#3451));
#3443 = ORIENTED_EDGE('',*,*,#3412,.T.);
#3444 = ORIENTED_EDGE('',*,*,#1705,.T.);
#3445 = ORIENTED_EDGE('',*,*,#3446,.F.);
#3446 = EDGE_CURVE('',#190,#1706,#3447,.T.);
#3447 = LINE('',#3448,#3449);
#3448 = CARTESIAN_POINT('',(18.691289291989,7.11587693845,0.));
#3449 = VECTOR('',#3450,1.);
#3450 = DIRECTION('',(0.,0.,1.));
#3451 = ORIENTED_EDGE('',*,*,#189,.F.);
#3452 = PLANE('',#3453);
#3453 = AXIS2_PLACEMENT_3D('',#3454,#3455,#3456);
#3454 = CARTESIAN_POINT('',(18.916344834013,6.493989384094,0.));
#3455 = DIRECTION('',(-0.940319390116,-0.340293174442,0.));
#3456 = DIRECTION('',(-0.340293174442,0.940319390116,0.));
#3457 = ADVANCED_FACE('',(#3458),#3469,.F.);
#3458 = FACE_BOUND('',#3459,.F.);
#3459 = EDGE_LOOP('',(#3460,#3466,#3467,#3468));
#3460 = ORIENTED_EDGE('',*,*,#3461,.T.);
#3461 = EDGE_CURVE('',#1534,#3050,#3462,.T.);
#3462 = LINE('',#3463,#3464);
#3463 = CARTESIAN_POINT('',(18.691289291989,-7.11587693845,0.));
#3464 = VECTOR('',#3465,1.);
#3465 = DIRECTION('',(0.,0.,1.));
#3466 = ORIENTED_EDGE('',*,*,#3057,.T.);
#3467 = ORIENTED_EDGE('',*,*,#3427,.F.);
#3468 = ORIENTED_EDGE('',*,*,#1541,.F.);
#3469 = PLANE('',#3470);
#3470 = AXIS2_PLACEMENT_3D('',#3471,#3472,#3473);
#3471 = CARTESIAN_POINT('',(18.691289291989,-7.11587693845,0.));
#3472 = DIRECTION('',(-0.940319390116,0.340293174442,0.));
#3473 = DIRECTION('',(0.340293174442,0.940319390116,0.));
#3474 = ADVANCED_FACE('',(#3475),#3486,.F.);
#3475 = FACE_BOUND('',#3476,.F.);
#3476 = EDGE_LOOP('',(#3477,#3478,#3479,#3485));
#3477 = ORIENTED_EDGE('',*,*,#3446,.T.);
#3478 = ORIENTED_EDGE('',*,*,#1713,.T.);
#3479 = ORIENTED_EDGE('',*,*,#3480,.F.);
#3480 = EDGE_CURVE('',#198,#1714,#3481,.T.);
#3481 = LINE('',#3482,#3483);
#3482 = CARTESIAN_POINT('',(20.359977516847,8.334945441542,0.));
#3483 = VECTOR('',#3484,1.);
#3484 = DIRECTION('',(0.,0.,1.));
#3485 = ORIENTED_EDGE('',*,*,#197,.F.);
#3486 = PLANE('',#3487);
#3487 = AXIS2_PLACEMENT_3D('',#3488,#3489,#3490);
#3488 = CARTESIAN_POINT('',(18.691289291989,7.11587693845,0.));
#3489 = DIRECTION('',(-0.589903810351,0.807473525593,0.));
#3490 = DIRECTION('',(0.807473525593,0.589903810351,0.));
#3491 = ADVANCED_FACE('',(#3492),#3503,.F.);
#3492 = FACE_BOUND('',#3493,.F.);
#3493 = EDGE_LOOP('',(#3494,#3500,#3501,#3502));
#3494 = ORIENTED_EDGE('',*,*,#3495,.T.);
#3495 = EDGE_CURVE('',#1526,#3042,#3496,.T.);
#3496 = LINE('',#3497,#3498);
#3497 = CARTESIAN_POINT('',(20.359977516847,-8.334945441542,0.));
#3498 = VECTOR('',#3499,1.);
#3499 = DIRECTION('',(0.,0.,1.));
#3500 = ORIENTED_EDGE('',*,*,#3049,.T.);
#3501 = ORIENTED_EDGE('',*,*,#3461,.F.);
#3502 = ORIENTED_EDGE('',*,*,#1533,.F.);
#3503 = PLANE('',#3504);
#3504 = AXIS2_PLACEMENT_3D('',#3505,#3506,#3507);
#3505 = CARTESIAN_POINT('',(20.359977516847,-8.334945441542,0.));
#3506 = DIRECTION('',(-0.589903810351,-0.807473525593,0.));
#3507 = DIRECTION('',(-0.807473525593,0.589903810351,0.));
#3508 = ADVANCED_FACE('',(#3509),#3520,.F.);
#3509 = FACE_BOUND('',#3510,.F.);
#3510 = EDGE_LOOP('',(#3511,#3512,#3513,#3519));
#3511 = ORIENTED_EDGE('',*,*,#3480,.T.);
#3512 = ORIENTED_EDGE('',*,*,#1721,.T.);
#3513 = ORIENTED_EDGE('',*,*,#3514,.F.);
#3514 = EDGE_CURVE('',#206,#1722,#3515,.T.);
#3515 = LINE('',#3516,#3517);
#3516 = CARTESIAN_POINT('',(19.921656226373,9.334217331849,0.));
#3517 = VECTOR('',#3518,1.);
#3518 = DIRECTION('',(0.,0.,1.));
#3519 = ORIENTED_EDGE('',*,*,#205,.F.);
#3520 = PLANE('',#3521);
#3521 = AXIS2_PLACEMENT_3D('',#3522,#3523,#3524);
#3522 = CARTESIAN_POINT('',(20.359977516847,8.334945441542,0.));
#3523 = DIRECTION('',(-0.915773326655,-0.401695424653,0.));
#3524 = DIRECTION('',(-0.401695424653,0.915773326655,0.));
#3525 = ADVANCED_FACE('',(#3526),#3537,.F.);
#3526 = FACE_BOUND('',#3527,.F.);
#3527 = EDGE_LOOP('',(#3528,#3534,#3535,#3536));
#3528 = ORIENTED_EDGE('',*,*,#3529,.T.);
#3529 = EDGE_CURVE('',#1518,#3034,#3530,.T.);
#3530 = LINE('',#3531,#3532);
#3531 = CARTESIAN_POINT('',(19.921656226373,-9.334217331849,0.));
#3532 = VECTOR('',#3533,1.);
#3533 = DIRECTION('',(0.,0.,1.));
#3534 = ORIENTED_EDGE('',*,*,#3041,.T.);
#3535 = ORIENTED_EDGE('',*,*,#3495,.F.);
#3536 = ORIENTED_EDGE('',*,*,#1525,.F.);
#3537 = PLANE('',#3538);
#3538 = AXIS2_PLACEMENT_3D('',#3539,#3540,#3541);
#3539 = CARTESIAN_POINT('',(19.921656226373,-9.334217331849,0.));
#3540 = DIRECTION('',(-0.915773326655,0.401695424653,0.));
#3541 = DIRECTION('',(0.401695424653,0.915773326655,0.));
#3542 = ADVANCED_FACE('',(#3543),#3554,.F.);
#3543 = FACE_BOUND('',#3544,.F.);
#3544 = EDGE_LOOP('',(#3545,#3546,#3547,#3553));
#3545 = ORIENTED_EDGE('',*,*,#3514,.T.);
#3546 = ORIENTED_EDGE('',*,*,#1729,.T.);
#3547 = ORIENTED_EDGE('',*,*,#3548,.F.);
#3548 = EDGE_CURVE('',#214,#1730,#3549,.T.);
#3549 = LINE('',#3550,#3551);
#3550 = CARTESIAN_POINT('',(17.894586596415,8.932176137056,0.));
#3551 = VECTOR('',#3552,1.);
#3552 = DIRECTION('',(0.,0.,1.));
#3553 = ORIENTED_EDGE('',*,*,#213,.F.);
#3554 = PLANE('',#3555);
#3555 = AXIS2_PLACEMENT_3D('',#3556,#3557,#3558);
#3556 = CARTESIAN_POINT('',(19.921656226373,9.334217331849,0.));
#3557 = DIRECTION('',(0.194546600232,-0.980893276732,0.));
#3558 = DIRECTION('',(-0.980893276732,-0.194546600232,0.));
#3559 = ADVANCED_FACE('',(#3560),#3571,.F.);
#3560 = FACE_BOUND('',#3561,.F.);
#3561 = EDGE_LOOP('',(#3562,#3568,#3569,#3570));
#3562 = ORIENTED_EDGE('',*,*,#3563,.T.);
#3563 = EDGE_CURVE('',#1510,#3026,#3564,.T.);
#3564 = LINE('',#3565,#3566);
#3565 = CARTESIAN_POINT('',(17.894586596415,-8.932176137056,0.));
#3566 = VECTOR('',#3567,1.);
#3567 = DIRECTION('',(0.,0.,1.));
#3568 = ORIENTED_EDGE('',*,*,#3033,.T.);
#3569 = ORIENTED_EDGE('',*,*,#3529,.F.);
#3570 = ORIENTED_EDGE('',*,*,#1517,.F.);
#3571 = PLANE('',#3572);
#3572 = AXIS2_PLACEMENT_3D('',#3573,#3574,#3575);
#3573 = CARTESIAN_POINT('',(17.894586596415,-8.932176137056,0.));
#3574 = DIRECTION('',(0.194546600232,0.980893276732,0.));
#3575 = DIRECTION('',(0.980893276732,-0.194546600232,0.));
#3576 = ADVANCED_FACE('',(#3577),#3588,.F.);
#3577 = FACE_BOUND('',#3578,.F.);
#3578 = EDGE_LOOP('',(#3579,#3580,#3581,#3587));
#3579 = ORIENTED_EDGE('',*,*,#3548,.T.);
#3580 = ORIENTED_EDGE('',*,*,#1737,.T.);
#3581 = ORIENTED_EDGE('',*,*,#3582,.F.);
#3582 = EDGE_CURVE('',#222,#1738,#3583,.T.);
#3583 = LINE('',#3584,#3585);
#3584 = CARTESIAN_POINT('',(17.58947502413,9.518947860741,0.));
#3585 = VECTOR('',#3586,1.);
#3586 = DIRECTION('',(0.,0.,1.));
#3587 = ORIENTED_EDGE('',*,*,#221,.F.);
#3588 = PLANE('',#3589);
#3589 = AXIS2_PLACEMENT_3D('',#3590,#3591,#3592);
#3590 = CARTESIAN_POINT('',(17.894586596415,8.932176137056,0.));
#3591 = DIRECTION('',(-0.887222819444,-0.461341162979,0.));
#3592 = DIRECTION('',(-0.461341162979,0.887222819444,0.));
#3593 = ADVANCED_FACE('',(#3594),#3605,.F.);
#3594 = FACE_BOUND('',#3595,.F.);
#3595 = EDGE_LOOP('',(#3596,#3602,#3603,#3604));
#3596 = ORIENTED_EDGE('',*,*,#3597,.T.);
#3597 = EDGE_CURVE('',#1502,#3018,#3598,.T.);
#3598 = LINE('',#3599,#3600);
#3599 = CARTESIAN_POINT('',(17.58947502413,-9.518947860741,0.));
#3600 = VECTOR('',#3601,1.);
#3601 = DIRECTION('',(0.,0.,1.));
#3602 = ORIENTED_EDGE('',*,*,#3025,.T.);
#3603 = ORIENTED_EDGE('',*,*,#3563,.F.);
#3604 = ORIENTED_EDGE('',*,*,#1509,.F.);
#3605 = PLANE('',#3606);
#3606 = AXIS2_PLACEMENT_3D('',#3607,#3608,#3609);
#3607 = CARTESIAN_POINT('',(17.58947502413,-9.518947860741,0.));
#3608 = DIRECTION('',(-0.887222819444,0.461341162979,0.));
#3609 = DIRECTION('',(0.461341162979,0.887222819444,0.));
#3610 = ADVANCED_FACE('',(#3611),#3622,.F.);
#3611 = FACE_BOUND('',#3612,.F.);
#3612 = EDGE_LOOP('',(#3613,#3614,#3615,#3621));
#3613 = ORIENTED_EDGE('',*,*,#3582,.T.);
#3614 = ORIENTED_EDGE('',*,*,#1745,.T.);
#3615 = ORIENTED_EDGE('',*,*,#3616,.F.);
#3616 = EDGE_CURVE('',#230,#1746,#3617,.T.);
#3617 = LINE('',#3618,#3619);
#3618 = CARTESIAN_POINT('',(17.265129619151,10.095310754697,0.));
#3619 = VECTOR('',#3620,1.);
#3620 = DIRECTION('',(0.,0.,1.));
#3621 = ORIENTED_EDGE('',*,*,#229,.F.);
#3622 = PLANE('',#3623);
#3623 = AXIS2_PLACEMENT_3D('',#3624,#3625,#3626);
#3624 = CARTESIAN_POINT('',(17.58947502413,9.518947860741,0.));
#3625 = DIRECTION('',(-0.871484243627,-0.490423503831,0.));
#3626 = DIRECTION('',(-0.490423503831,0.871484243627,0.));
#3627 = ADVANCED_FACE('',(#3628),#3639,.F.);
#3628 = FACE_BOUND('',#3629,.F.);
#3629 = EDGE_LOOP('',(#3630,#3636,#3637,#3638));
#3630 = ORIENTED_EDGE('',*,*,#3631,.T.);
#3631 = EDGE_CURVE('',#1494,#3010,#3632,.T.);
#3632 = LINE('',#3633,#3634);
#3633 = CARTESIAN_POINT('',(17.265129619151,-10.09531075469,0.));
#3634 = VECTOR('',#3635,1.);
#3635 = DIRECTION('',(0.,0.,1.));
#3636 = ORIENTED_EDGE('',*,*,#3017,.T.);
#3637 = ORIENTED_EDGE('',*,*,#3597,.F.);
#3638 = ORIENTED_EDGE('',*,*,#1501,.F.);
#3639 = PLANE('',#3640);
#3640 = AXIS2_PLACEMENT_3D('',#3641,#3642,#3643);
#3641 = CARTESIAN_POINT('',(17.265129619151,-10.09531075469,0.));
#3642 = DIRECTION('',(-0.871484243627,0.490423503831,0.));
#3643 = DIRECTION('',(0.490423503831,0.871484243627,0.));
#3644 = ADVANCED_FACE('',(#3645),#3656,.F.);
#3645 = FACE_BOUND('',#3646,.F.);
#3646 = EDGE_LOOP('',(#3647,#3648,#3649,#3655));
#3647 = ORIENTED_EDGE('',*,*,#3616,.T.);
#3648 = ORIENTED_EDGE('',*,*,#1753,.T.);
#3649 = ORIENTED_EDGE('',*,*,#3650,.F.);
#3650 = EDGE_CURVE('',#238,#1754,#3651,.T.);
#3651 = LINE('',#3652,#3653);
#3652 = CARTESIAN_POINT('',(18.710407030805,11.57240980702,0.));
#3653 = VECTOR('',#3654,1.);
#3654 = DIRECTION('',(0.,0.,1.));
#3655 = ORIENTED_EDGE('',*,*,#237,.F.);
#3656 = PLANE('',#3657);
#3657 = AXIS2_PLACEMENT_3D('',#3658,#3659,#3660);
#3658 = CARTESIAN_POINT('',(17.265129619151,10.095310754697,0.));
#3659 = DIRECTION('',(-0.714764065367,0.699365663197,0.));
#3660 = DIRECTION('',(0.699365663197,0.714764065367,0.));
#3661 = ADVANCED_FACE('',(#3662),#3673,.F.);
#3662 = FACE_BOUND('',#3663,.F.);
#3663 = EDGE_LOOP('',(#3664,#3670,#3671,#3672));
#3664 = ORIENTED_EDGE('',*,*,#3665,.T.);
#3665 = EDGE_CURVE('',#1486,#3002,#3666,.T.);
#3666 = LINE('',#3667,#3668);
#3667 = CARTESIAN_POINT('',(18.710407030805,-11.57240980702,0.));
#3668 = VECTOR('',#3669,1.);
#3669 = DIRECTION('',(0.,0.,1.));
#3670 = ORIENTED_EDGE('',*,*,#3009,.T.);
#3671 = ORIENTED_EDGE('',*,*,#3631,.F.);
#3672 = ORIENTED_EDGE('',*,*,#1493,.F.);
#3673 = PLANE('',#3674);
#3674 = AXIS2_PLACEMENT_3D('',#3675,#3676,#3677);
#3675 = CARTESIAN_POINT('',(18.710407030805,-11.57240980702,0.));
#3676 = DIRECTION('',(-0.714764065367,-0.699365663197,0.));
#3677 = DIRECTION('',(-0.699365663197,0.714764065367,0.));
#3678 = ADVANCED_FACE('',(#3679),#3690,.F.);
#3679 = FACE_BOUND('',#3680,.F.);
#3680 = EDGE_LOOP('',(#3681,#3682,#3683,#3689));
#3681 = ORIENTED_EDGE('',*,*,#3650,.T.);
#3682 = ORIENTED_EDGE('',*,*,#1761,.T.);
#3683 = ORIENTED_EDGE('',*,*,#3684,.F.);
#3684 = EDGE_CURVE('',#246,#1762,#3685,.T.);
#3685 = LINE('',#3686,#3687);
#3686 = CARTESIAN_POINT('',(18.11358912406,12.485907617981,0.));
#3687 = VECTOR('',#3688,1.);
#3688 = DIRECTION('',(0.,0.,1.));
#3689 = ORIENTED_EDGE('',*,*,#245,.F.);
#3690 = PLANE('',#3691);
#3691 = AXIS2_PLACEMENT_3D('',#3692,#3693,#3694);
#3692 = CARTESIAN_POINT('',(18.710407030805,11.57240980702,0.));
#3693 = DIRECTION('',(-0.837166478263,-0.546948158122,0.));
#3694 = DIRECTION('',(-0.546948158122,0.837166478263,0.));
#3695 = ADVANCED_FACE('',(#3696),#3707,.F.);
#3696 = FACE_BOUND('',#3697,.F.);
#3697 = EDGE_LOOP('',(#3698,#3704,#3705,#3706));
#3698 = ORIENTED_EDGE('',*,*,#3699,.T.);
#3699 = EDGE_CURVE('',#1478,#2994,#3700,.T.);
#3700 = LINE('',#3701,#3702);
#3701 = CARTESIAN_POINT('',(18.11358912406,-12.48590761798,0.));
#3702 = VECTOR('',#3703,1.);
#3703 = DIRECTION('',(0.,0.,1.));
#3704 = ORIENTED_EDGE('',*,*,#3001,.T.);
#3705 = ORIENTED_EDGE('',*,*,#3665,.F.);
#3706 = ORIENTED_EDGE('',*,*,#1485,.F.);
#3707 = PLANE('',#3708);
#3708 = AXIS2_PLACEMENT_3D('',#3709,#3710,#3711);
#3709 = CARTESIAN_POINT('',(18.11358912406,-12.48590761798,0.));
#3710 = DIRECTION('',(-0.837166478263,0.546948158122,0.));
#3711 = DIRECTION('',(0.546948158122,0.837166478263,0.));
#3712 = ADVANCED_FACE('',(#3713),#3724,.F.);
#3713 = FACE_BOUND('',#3714,.F.);
#3714 = EDGE_LOOP('',(#3715,#3716,#3717,#3723));
#3715 = ORIENTED_EDGE('',*,*,#3684,.T.);
#3716 = ORIENTED_EDGE('',*,*,#1769,.T.);
#3717 = ORIENTED_EDGE('',*,*,#3718,.F.);
#3718 = EDGE_CURVE('',#254,#1770,#3719,.T.);
#3719 = LINE('',#3720,#3721);
#3720 = CARTESIAN_POINT('',(16.180339887499,11.755705045849,0.));
#3721 = VECTOR('',#3722,1.);
#3722 = DIRECTION('',(0.,0.,1.));
#3723 = ORIENTED_EDGE('',*,*,#253,.F.);
#3724 = PLANE('',#3725);
#3725 = AXIS2_PLACEMENT_3D('',#3726,#3727,#3728);
#3726 = CARTESIAN_POINT('',(18.11358912406,12.485907617981,0.));
#3727 = DIRECTION('',(0.35334296517,-0.935493852981,0.));
#3728 = DIRECTION('',(-0.935493852981,-0.35334296517,0.));
#3729 = ADVANCED_FACE('',(#3730),#3741,.F.);
#3730 = FACE_BOUND('',#3731,.F.);
#3731 = EDGE_LOOP('',(#3732,#3738,#3739,#3740));
#3732 = ORIENTED_EDGE('',*,*,#3733,.T.);
#3733 = EDGE_CURVE('',#1470,#2986,#3734,.T.);
#3734 = LINE('',#3735,#3736);
#3735 = CARTESIAN_POINT('',(16.180339887499,-11.75570504584,0.));
#3736 = VECTOR('',#3737,1.);
#3737 = DIRECTION('',(0.,0.,1.));
#3738 = ORIENTED_EDGE('',*,*,#2993,.T.);
#3739 = ORIENTED_EDGE('',*,*,#3699,.F.);
#3740 = ORIENTED_EDGE('',*,*,#1477,.F.);
#3741 = PLANE('',#3742);
#3742 = AXIS2_PLACEMENT_3D('',#3743,#3744,#3745);
#3743 = CARTESIAN_POINT('',(16.180339887499,-11.75570504584,0.));
#3744 = DIRECTION('',(0.35334296517,0.935493852981,0.));
#3745 = DIRECTION('',(0.935493852981,-0.35334296517,0.));
#3746 = ADVANCED_FACE('',(#3747),#3758,.F.);
#3747 = FACE_BOUND('',#3748,.F.);
#3748 = EDGE_LOOP('',(#3749,#3750,#3751,#3757));
#3749 = ORIENTED_EDGE('',*,*,#3718,.T.);
#3750 = ORIENTED_EDGE('',*,*,#1777,.T.);
#3751 = ORIENTED_EDGE('',*,*,#3752,.F.);
#3752 = EDGE_CURVE('',#262,#1778,#3753,.T.);
#3753 = LINE('',#3754,#3755);
#3754 = CARTESIAN_POINT('',(15.782810187928,12.284254253793,0.));
#3755 = VECTOR('',#3756,1.);
#3756 = DIRECTION('',(0.,0.,1.));
#3757 = ORIENTED_EDGE('',*,*,#261,.F.);
#3758 = PLANE('',#3759);
#3759 = AXIS2_PLACEMENT_3D('',#3760,#3761,#3762);
#3760 = CARTESIAN_POINT('',(16.180339887499,11.755705045849,0.));
#3761 = DIRECTION('',(-0.799187996895,-0.601081147283,0.));
#3762 = DIRECTION('',(-0.601081147283,0.799187996895,0.));
#3763 = ADVANCED_FACE('',(#3764),#3775,.F.);
#3764 = FACE_BOUND('',#3765,.F.);
#3765 = EDGE_LOOP('',(#3766,#3772,#3773,#3774));
#3766 = ORIENTED_EDGE('',*,*,#3767,.T.);
#3767 = EDGE_CURVE('',#1462,#2978,#3768,.T.);
#3768 = LINE('',#3769,#3770);
#3769 = CARTESIAN_POINT('',(15.782810187928,-12.28425425379,0.));
#3770 = VECTOR('',#3771,1.);
#3771 = DIRECTION('',(0.,0.,1.));
#3772 = ORIENTED_EDGE('',*,*,#2985,.T.);
#3773 = ORIENTED_EDGE('',*,*,#3733,.F.);
#3774 = ORIENTED_EDGE('',*,*,#1469,.F.);
#3775 = PLANE('',#3776);
#3776 = AXIS2_PLACEMENT_3D('',#3777,#3778,#3779);
#3777 = CARTESIAN_POINT('',(15.782810187928,-12.28425425379,0.));
#3778 = DIRECTION('',(-0.799187996895,0.601081147283,0.));
#3779 = DIRECTION('',(0.601081147283,0.799187996895,0.));
#3780 = ADVANCED_FACE('',(#3781),#3792,.F.);
#3781 = FACE_BOUND('',#3782,.F.);
#3782 = EDGE_LOOP('',(#3783,#3784,#3785,#3791));
#3783 = ORIENTED_EDGE('',*,*,#3752,.T.);
#3784 = ORIENTED_EDGE('',*,*,#1785,.T.);
#3785 = ORIENTED_EDGE('',*,*,#3786,.F.);
#3786 = EDGE_CURVE('',#270,#1786,#3787,.T.);
#3787 = LINE('',#3788,#3789);
#3788 = CARTESIAN_POINT('',(15.368022217137,12.799370810066,0.));
#3789 = VECTOR('',#3790,1.);
#3790 = DIRECTION('',(0.,0.,1.));
#3791 = ORIENTED_EDGE('',*,*,#269,.F.);
#3792 = PLANE('',#3793);
#3793 = AXIS2_PLACEMENT_3D('',#3794,#3795,#3796);
#3794 = CARTESIAN_POINT('',(15.782810187928,12.284254253793,0.));
#3795 = DIRECTION('',(-0.778877278762,-0.627176358474,0.));
#3796 = DIRECTION('',(-0.627176358474,0.778877278762,0.));
#3797 = ADVANCED_FACE('',(#3798),#3809,.F.);
#3798 = FACE_BOUND('',#3799,.F.);
#3799 = EDGE_LOOP('',(#3800,#3806,#3807,#3808));
#3800 = ORIENTED_EDGE('',*,*,#3801,.T.);
#3801 = EDGE_CURVE('',#1454,#2970,#3802,.T.);
#3802 = LINE('',#3803,#3804);
#3803 = CARTESIAN_POINT('',(15.368022217137,-12.79937081006,0.));
#3804 = VECTOR('',#3805,1.);
#3805 = DIRECTION('',(0.,0.,1.));
#3806 = ORIENTED_EDGE('',*,*,#2977,.T.);
#3807 = ORIENTED_EDGE('',*,*,#3767,.F.);
#3808 = ORIENTED_EDGE('',*,*,#1461,.F.);
#3809 = PLANE('',#3810);
#3810 = AXIS2_PLACEMENT_3D('',#3811,#3812,#3813);
#3811 = CARTESIAN_POINT('',(15.368022217137,-12.79937081006,0.));
#3812 = DIRECTION('',(-0.778877278762,0.627176358474,0.));
#3813 = DIRECTION('',(0.627176358474,0.778877278762,0.));
#3814 = ADVANCED_FACE('',(#3815),#3826,.F.);
#3815 = FACE_BOUND('',#3816,.F.);
#3816 = EDGE_LOOP('',(#3817,#3818,#3819,#3825));
#3817 = ORIENTED_EDGE('',*,*,#3786,.T.);
#3818 = ORIENTED_EDGE('',*,*,#1793,.T.);
#3819 = ORIENTED_EDGE('',*,*,#3820,.F.);
#3820 = EDGE_CURVE('',#278,#1794,#3821,.T.);
#3821 = LINE('',#3822,#3823);
#3822 = CARTESIAN_POINT('',(16.550465415353,14.494208999984,0.));
#3823 = VECTOR('',#3824,1.);
#3824 = DIRECTION('',(0.,0.,1.));
#3825 = ORIENTED_EDGE('',*,*,#277,.F.);
#3826 = PLANE('',#3827);
#3827 = AXIS2_PLACEMENT_3D('',#3828,#3829,#3830);
#3828 = CARTESIAN_POINT('',(15.368022217137,12.799370810066,0.));
#3829 = DIRECTION('',(-0.820127419931,0.57218092862,0.));
#3830 = DIRECTION('',(0.57218092862,0.820127419931,0.));
#3831 = ADVANCED_FACE('',(#3832),#3843,.F.);
#3832 = FACE_BOUND('',#3833,.F.);
#3833 = EDGE_LOOP('',(#3834,#3840,#3841,#3842));
#3834 = ORIENTED_EDGE('',*,*,#3835,.T.);
#3835 = EDGE_CURVE('',#1446,#2962,#3836,.T.);
#3836 = LINE('',#3837,#3838);
#3837 = CARTESIAN_POINT('',(16.550465415353,-14.49420899998,0.));
#3838 = VECTOR('',#3839,1.);
#3839 = DIRECTION('',(0.,0.,1.));
#3840 = ORIENTED_EDGE('',*,*,#2969,.T.);
#3841 = ORIENTED_EDGE('',*,*,#3801,.F.);
#3842 = ORIENTED_EDGE('',*,*,#1453,.F.);
#3843 = PLANE('',#3844);
#3844 = AXIS2_PLACEMENT_3D('',#3845,#3846,#3847);
#3845 = CARTESIAN_POINT('',(16.550465415353,-14.49420899998,0.));
#3846 = DIRECTION('',(-0.820127419931,-0.57218092862,0.));
#3847 = DIRECTION('',(-0.57218092862,0.820127419931,0.));
#3848 = ADVANCED_FACE('',(#3849),#3860,.F.);
#3849 = FACE_BOUND('',#3850,.F.);
#3850 = EDGE_LOOP('',(#3851,#3852,#3853,#3859));
#3851 = ORIENTED_EDGE('',*,*,#3820,.T.);
#3852 = ORIENTED_EDGE('',*,*,#1801,.T.);
#3853 = ORIENTED_EDGE('',*,*,#3854,.F.);
#3854 = EDGE_CURVE('',#286,#1802,#3855,.T.);
#3855 = LINE('',#3856,#3857);
#3856 = CARTESIAN_POINT('',(15.811430529044,15.297014892626,0.));
#3857 = VECTOR('',#3858,1.);
#3858 = DIRECTION('',(0.,0.,1.));
#3859 = ORIENTED_EDGE('',*,*,#285,.F.);
#3860 = PLANE('',#3861);
#3861 = AXIS2_PLACEMENT_3D('',#3862,#3863,#3864);
#3862 = CARTESIAN_POINT('',(16.550465415353,14.494208999984,0.));
#3863 = DIRECTION('',(-0.735723910673,-0.677281571626,0.));
#3864 = DIRECTION('',(-0.677281571626,0.735723910673,0.));
#3865 = ADVANCED_FACE('',(#3866),#3877,.F.);
#3866 = FACE_BOUND('',#3867,.F.);
#3867 = EDGE_LOOP('',(#3868,#3874,#3875,#3876));
#3868 = ORIENTED_EDGE('',*,*,#3869,.T.);
#3869 = EDGE_CURVE('',#1438,#2954,#3870,.T.);
#3870 = LINE('',#3871,#3872);
#3871 = CARTESIAN_POINT('',(15.811430529044,-15.29701489262,0.));
#3872 = VECTOR('',#3873,1.);
#3873 = DIRECTION('',(0.,0.,1.));
#3874 = ORIENTED_EDGE('',*,*,#2961,.T.);
#3875 = ORIENTED_EDGE('',*,*,#3835,.F.);
#3876 = ORIENTED_EDGE('',*,*,#1445,.F.);
#3877 = PLANE('',#3878);
#3878 = AXIS2_PLACEMENT_3D('',#3879,#3880,#3881);
#3879 = CARTESIAN_POINT('',(15.811430529044,-15.29701489262,0.));
#3880 = DIRECTION('',(-0.735723910673,0.677281571626,0.));
#3881 = DIRECTION('',(0.677281571626,0.735723910673,0.));
#3882 = ADVANCED_FACE('',(#3883),#3894,.F.);
#3883 = FACE_BOUND('',#3884,.F.);
#3884 = EDGE_LOOP('',(#3885,#3886,#3887,#3893));
#3885 = ORIENTED_EDGE('',*,*,#3854,.T.);
#3886 = ORIENTED_EDGE('',*,*,#1809,.T.);
#3887 = ORIENTED_EDGE('',*,*,#3888,.F.);
#3888 = EDGE_CURVE('',#294,#1810,#3889,.T.);
#3889 = LINE('',#3890,#3891);
#3890 = CARTESIAN_POINT('',(14.02473568545,14.258568965828,0.));
#3891 = VECTOR('',#3892,1.);
#3892 = DIRECTION('',(0.,0.,1.));
#3893 = ORIENTED_EDGE('',*,*,#293,.F.);
#3894 = PLANE('',#3895);
#3895 = AXIS2_PLACEMENT_3D('',#3896,#3897,#3898);
#3896 = CARTESIAN_POINT('',(15.811430529044,15.297014892626,0.));
#3897 = DIRECTION('',(0.502501055115,-0.86457659557,0.));
#3898 = DIRECTION('',(-0.86457659557,-0.502501055115,0.));
#3899 = ADVANCED_FACE('',(#3900),#3911,.F.);
#3900 = FACE_BOUND('',#3901,.F.);
#3901 = EDGE_LOOP('',(#3902,#3908,#3909,#3910));
#3902 = ORIENTED_EDGE('',*,*,#3903,.T.);
#3903 = EDGE_CURVE('',#1430,#2946,#3904,.T.);
#3904 = LINE('',#3905,#3906);
#3905 = CARTESIAN_POINT('',(14.02473568545,-14.25856896582,0.));
#3906 = VECTOR('',#3907,1.);
#3907 = DIRECTION('',(0.,0.,1.));
#3908 = ORIENTED_EDGE('',*,*,#2953,.T.);
#3909 = ORIENTED_EDGE('',*,*,#3869,.F.);
#3910 = ORIENTED_EDGE('',*,*,#1437,.F.);
#3911 = PLANE('',#3912);
#3912 = AXIS2_PLACEMENT_3D('',#3913,#3914,#3915);
#3913 = CARTESIAN_POINT('',(14.02473568545,-14.25856896582,0.));
#3914 = DIRECTION('',(0.502501055115,0.86457659557,0.));
#3915 = DIRECTION('',(0.86457659557,-0.502501055115,0.));
#3916 = ADVANCED_FACE('',(#3917),#3928,.F.);
#3917 = FACE_BOUND('',#3918,.F.);
#3918 = EDGE_LOOP('',(#3919,#3920,#3921,#3927));
#3919 = ORIENTED_EDGE('',*,*,#3888,.T.);
#3920 = ORIENTED_EDGE('',*,*,#1817,.T.);
#3921 = ORIENTED_EDGE('',*,*,#3922,.F.);
#3922 = EDGE_CURVE('',#302,#1818,#3923,.T.);
#3923 = LINE('',#3924,#3925);
#3924 = CARTESIAN_POINT('',(13.545631432515,14.714478213463,0.));
#3925 = VECTOR('',#3926,1.);
#3926 = DIRECTION('',(0.,0.,1.));
#3927 = ORIENTED_EDGE('',*,*,#301,.F.);
#3928 = PLANE('',#3929);
#3929 = AXIS2_PLACEMENT_3D('',#3930,#3931,#3932);
#3930 = CARTESIAN_POINT('',(14.02473568545,14.258568965828,0.));
#3931 = DIRECTION('',(-0.689353409119,-0.724425204791,0.));
#3932 = DIRECTION('',(-0.724425204791,0.689353409119,0.));
#3933 = ADVANCED_FACE('',(#3934),#3945,.F.);
#3934 = FACE_BOUND('',#3935,.F.);
#3935 = EDGE_LOOP('',(#3936,#3942,#3943,#3944));
#3936 = ORIENTED_EDGE('',*,*,#3937,.T.);
#3937 = EDGE_CURVE('',#1422,#2938,#3938,.T.);
#3938 = LINE('',#3939,#3940);
#3939 = CARTESIAN_POINT('',(13.545631432515,-14.71447821346,0.));
#3940 = VECTOR('',#3941,1.);
#3941 = DIRECTION('',(0.,0.,1.));
#3942 = ORIENTED_EDGE('',*,*,#2945,.T.);
#3943 = ORIENTED_EDGE('',*,*,#3903,.F.);
#3944 = ORIENTED_EDGE('',*,*,#1429,.F.);
#3945 = PLANE('',#3946);
#3946 = AXIS2_PLACEMENT_3D('',#3947,#3948,#3949);
#3947 = CARTESIAN_POINT('',(13.545631432515,-14.71447821346,0.));
#3948 = DIRECTION('',(-0.689353409119,0.724425204791,0.));
#3949 = DIRECTION('',(0.724425204791,0.689353409119,0.));
#3950 = ADVANCED_FACE('',(#3951),#3962,.F.);
#3951 = FACE_BOUND('',#3952,.F.);
#3952 = EDGE_LOOP('',(#3953,#3954,#3955,#3961));
#3953 = ORIENTED_EDGE('',*,*,#3922,.T.);
#3954 = ORIENTED_EDGE('',*,*,#1825,.T.);
#3955 = ORIENTED_EDGE('',*,*,#3956,.F.);
#3956 = EDGE_CURVE('',#310,#1826,#3957,.T.);
#3957 = LINE('',#3958,#3959);
#3958 = CARTESIAN_POINT('',(13.051715230483,15.154297395207,0.));
#3959 = VECTOR('',#3960,1.);
#3960 = DIRECTION('',(0.,0.,1.));
#3961 = ORIENTED_EDGE('',*,*,#309,.F.);
#3962 = PLANE('',#3963);
#3963 = AXIS2_PLACEMENT_3D('',#3964,#3965,#3966);
#3964 = CARTESIAN_POINT('',(13.545631432515,14.714478213463,0.));
#3965 = DIRECTION('',(-0.665024572114,-0.746821476984,0.));
#3966 = DIRECTION('',(-0.746821476984,0.665024572114,0.));
#3967 = ADVANCED_FACE('',(#3968),#3979,.F.);
#3968 = FACE_BOUND('',#3969,.F.);
#3969 = EDGE_LOOP('',(#3970,#3976,#3977,#3978));
#3970 = ORIENTED_EDGE('',*,*,#3971,.T.);
#3971 = EDGE_CURVE('',#1414,#2930,#3972,.T.);
#3972 = LINE('',#3973,#3974);
#3973 = CARTESIAN_POINT('',(13.051715230483,-15.1542973952,0.));
#3974 = VECTOR('',#3975,1.);
#3975 = DIRECTION('',(0.,0.,1.));
#3976 = ORIENTED_EDGE('',*,*,#2937,.T.);
#3977 = ORIENTED_EDGE('',*,*,#3937,.F.);
#3978 = ORIENTED_EDGE('',*,*,#1421,.F.);
#3979 = PLANE('',#3980);
#3980 = AXIS2_PLACEMENT_3D('',#3981,#3982,#3983);
#3981 = CARTESIAN_POINT('',(13.051715230483,-15.1542973952,0.));
#3982 = DIRECTION('',(-0.665024572114,0.746821476984,0.));
#3983 = DIRECTION('',(0.746821476984,0.665024572114,0.));
#3984 = ADVANCED_FACE('',(#3985),#3996,.F.);
#3985 = FACE_BOUND('',#3986,.F.);
#3986 = EDGE_LOOP('',(#3987,#3988,#3989,#3995));
#3987 = ORIENTED_EDGE('',*,*,#3956,.T.);
#3988 = ORIENTED_EDGE('',*,*,#1833,.T.);
#3989 = ORIENTED_EDGE('',*,*,#3990,.F.);
#3990 = EDGE_CURVE('',#318,#1834,#3991,.T.);
#3991 = LINE('',#3992,#3993);
#3992 = CARTESIAN_POINT('',(13.939070247213,17.020643955011,0.));
#3993 = VECTOR('',#3994,1.);
#3994 = DIRECTION('',(0.,0.,1.));
#3995 = ORIENTED_EDGE('',*,*,#317,.F.);
#3996 = PLANE('',#3997);
#3997 = AXIS2_PLACEMENT_3D('',#3998,#3999,#4000);
#3998 = CARTESIAN_POINT('',(13.051715230483,15.154297395207,0.));
#3999 = DIRECTION('',(-0.903119836393,0.429388589874,0.));
#4000 = DIRECTION('',(0.429388589874,0.903119836393,0.));
#4001 = ADVANCED_FACE('',(#4002),#4013,.F.);
#4002 = FACE_BOUND('',#4003,.F.);
#4003 = EDGE_LOOP('',(#4004,#4010,#4011,#4012));
#4004 = ORIENTED_EDGE('',*,*,#4005,.T.);
#4005 = EDGE_CURVE('',#1406,#2922,#4006,.T.);
#4006 = LINE('',#4007,#4008);
#4007 = CARTESIAN_POINT('',(13.939070247213,-17.02064395501,0.));
#4008 = VECTOR('',#4009,1.);
#4009 = DIRECTION('',(0.,0.,1.));
#4010 = ORIENTED_EDGE('',*,*,#2929,.T.);
#4011 = ORIENTED_EDGE('',*,*,#3971,.F.);
#4012 = ORIENTED_EDGE('',*,*,#1413,.F.);
#4013 = PLANE('',#4014);
#4014 = AXIS2_PLACEMENT_3D('',#4015,#4016,#4017);
#4015 = CARTESIAN_POINT('',(13.939070247213,-17.02064395501,0.));
#4016 = DIRECTION('',(-0.903119836393,-0.429388589874,0.));
#4017 = DIRECTION('',(-0.429388589874,0.903119836393,0.));
#4018 = ADVANCED_FACE('',(#4019),#4030,.F.);
#4019 = FACE_BOUND('',#4020,.F.);
#4020 = EDGE_LOOP('',(#4021,#4022,#4023,#4029));
#4021 = ORIENTED_EDGE('',*,*,#3990,.T.);
#4022 = ORIENTED_EDGE('',*,*,#1841,.T.);
#4023 = ORIENTED_EDGE('',*,*,#4024,.F.);
#4024 = EDGE_CURVE('',#326,#1842,#4025,.T.);
#4025 = LINE('',#4026,#4027);
#4026 = CARTESIAN_POINT('',(13.07797732652,17.690859477341,0.));
#4027 = VECTOR('',#4028,1.);
#4028 = DIRECTION('',(0.,0.,1.));
#4029 = ORIENTED_EDGE('',*,*,#325,.F.);
#4030 = PLANE('',#4031);
#4031 = AXIS2_PLACEMENT_3D('',#4032,#4033,#4034);
#4032 = CARTESIAN_POINT('',(13.939070247213,17.020643955011,0.));
#4033 = DIRECTION('',(-0.61421271269,-0.789140509396,0.));
#4034 = DIRECTION('',(-0.789140509396,0.61421271269,0.));
#4035 = ADVANCED_FACE('',(#4036),#4047,.F.);
#4036 = FACE_BOUND('',#4037,.F.);
#4037 = EDGE_LOOP('',(#4038,#4044,#4045,#4046));
#4038 = ORIENTED_EDGE('',*,*,#4039,.T.);
#4039 = EDGE_CURVE('',#1398,#2914,#4040,.T.);
#4040 = LINE('',#4041,#4042);
#4041 = CARTESIAN_POINT('',(13.07797732652,-17.69085947734,0.));
#4042 = VECTOR('',#4043,1.);
#4043 = DIRECTION('',(0.,0.,1.));
#4044 = ORIENTED_EDGE('',*,*,#2921,.T.);
#4045 = ORIENTED_EDGE('',*,*,#4005,.F.);
#4046 = ORIENTED_EDGE('',*,*,#1405,.F.);
#4047 = PLANE('',#4048);
#4048 = AXIS2_PLACEMENT_3D('',#4049,#4050,#4051);
#4049 = CARTESIAN_POINT('',(13.07797732652,-17.69085947734,0.));
#4050 = DIRECTION('',(-0.61421271269,0.789140509396,0.));
#4051 = DIRECTION('',(0.789140509396,0.61421271269,0.));
#4052 = ADVANCED_FACE('',(#4053),#4064,.F.);
#4053 = FACE_BOUND('',#4054,.F.);
#4054 = EDGE_LOOP('',(#4055,#4056,#4057,#4063));
#4055 = ORIENTED_EDGE('',*,*,#4024,.T.);
#4056 = ORIENTED_EDGE('',*,*,#1849,.T.);
#4057 = ORIENTED_EDGE('',*,*,#4058,.F.);
#4058 = EDGE_CURVE('',#334,#1850,#4059,.T.);
#4059 = LINE('',#4060,#4061);
#4060 = CARTESIAN_POINT('',(11.486573253659,16.372496293734,0.));
#4061 = VECTOR('',#4062,1.);
#4062 = DIRECTION('',(0.,0.,1.));
#4063 = ORIENTED_EDGE('',*,*,#333,.F.);
#4064 = PLANE('',#4065);
#4065 = AXIS2_PLACEMENT_3D('',#4066,#4067,#4068);
#4066 = CARTESIAN_POINT('',(13.07797732652,17.690859477341,0.));
#4067 = DIRECTION('',(0.637952226199,-0.770075942416,0.));
#4068 = DIRECTION('',(-0.770075942416,-0.637952226199,0.));
#4069 = ADVANCED_FACE('',(#4070),#4081,.F.);
#4070 = FACE_BOUND('',#4071,.F.);
#4071 = EDGE_LOOP('',(#4072,#4078,#4079,#4080));
#4072 = ORIENTED_EDGE('',*,*,#4073,.T.);
#4073 = EDGE_CURVE('',#1390,#2906,#4074,.T.);
#4074 = LINE('',#4075,#4076);
#4075 = CARTESIAN_POINT('',(11.486573253659,-16.37249629373,0.));
#4076 = VECTOR('',#4077,1.);
#4077 = DIRECTION('',(0.,0.,1.));
#4078 = ORIENTED_EDGE('',*,*,#2913,.T.);
#4079 = ORIENTED_EDGE('',*,*,#4039,.F.);
#4080 = ORIENTED_EDGE('',*,*,#1397,.F.);
#4081 = PLANE('',#4082);
#4082 = AXIS2_PLACEMENT_3D('',#4083,#4084,#4085);
#4083 = CARTESIAN_POINT('',(11.486573253659,-16.37249629373,0.));
#4084 = DIRECTION('',(0.637952226199,0.770075942416,0.));
#4085 = DIRECTION('',(0.770075942416,-0.637952226199,0.));
#4086 = ADVANCED_FACE('',(#4087),#4098,.F.);
#4087 = FACE_BOUND('',#4088,.F.);
#4088 = EDGE_LOOP('',(#4089,#4090,#4091,#4097));
#4089 = ORIENTED_EDGE('',*,*,#4058,.T.);
#4090 = ORIENTED_EDGE('',*,*,#1857,.T.);
#4091 = ORIENTED_EDGE('',*,*,#4092,.F.);
#4092 = EDGE_CURVE('',#342,#1858,#4093,.T.);
#4093 = LINE('',#4094,#4095);
#4094 = CARTESIAN_POINT('',(10.938963162449,16.743329565251,0.));
#4095 = VECTOR('',#4096,1.);
#4096 = DIRECTION('',(0.,0.,1.));
#4097 = ORIENTED_EDGE('',*,*,#341,.F.);
#4098 = PLANE('',#4099);
#4099 = AXIS2_PLACEMENT_3D('',#4100,#4101,#4102);
#4100 = CARTESIAN_POINT('',(11.486573253659,16.372496293734,0.));
#4101 = DIRECTION('',(-0.560715057352,-0.828008831148,0.));
#4102 = DIRECTION('',(-0.828008831148,0.560715057352,0.));
#4103 = ADVANCED_FACE('',(#4104),#4115,.F.);
#4104 = FACE_BOUND('',#4105,.F.);
#4105 = EDGE_LOOP('',(#4106,#4112,#4113,#4114));
#4106 = ORIENTED_EDGE('',*,*,#4107,.T.);
#4107 = EDGE_CURVE('',#1382,#2898,#4108,.T.);
#4108 = LINE('',#4109,#4110);
#4109 = CARTESIAN_POINT('',(10.938963162449,-16.74332956525,0.));
#4110 = VECTOR('',#4111,1.);
#4111 = DIRECTION('',(0.,0.,1.));
#4112 = ORIENTED_EDGE('',*,*,#2905,.T.);
#4113 = ORIENTED_EDGE('',*,*,#4073,.F.);
#4114 = ORIENTED_EDGE('',*,*,#1389,.F.);
#4115 = PLANE('',#4116);
#4116 = AXIS2_PLACEMENT_3D('',#4117,#4118,#4119);
#4117 = CARTESIAN_POINT('',(10.938963162449,-16.74332956525,0.));
#4118 = DIRECTION('',(-0.560715057352,0.828008831148,0.));
#4119 = DIRECTION('',(0.828008831148,0.560715057352,0.));
#4120 = ADVANCED_FACE('',(#4121),#4132,.F.);
#4121 = FACE_BOUND('',#4122,.F.);
#4122 = EDGE_LOOP('',(#4123,#4124,#4125,#4131));
#4123 = ORIENTED_EDGE('',*,*,#4092,.T.);
#4124 = ORIENTED_EDGE('',*,*,#1865,.T.);
#4125 = ORIENTED_EDGE('',*,*,#4126,.F.);
#4126 = EDGE_CURVE('',#350,#1866,#4127,.T.);
#4127 = LINE('',#4128,#4129);
#4128 = CARTESIAN_POINT('',(10.379391475624,17.095854251711,0.));
#4129 = VECTOR('',#4130,1.);
#4130 = DIRECTION('',(0.,0.,1.));
#4131 = ORIENTED_EDGE('',*,*,#349,.F.);
#4132 = PLANE('',#4133);
#4133 = AXIS2_PLACEMENT_3D('',#4134,#4135,#4136);
#4134 = CARTESIAN_POINT('',(10.938963162449,16.743329565251,0.));
#4135 = DIRECTION('',(-0.533031728728,-0.846095252421,0.));
#4136 = DIRECTION('',(-0.846095252421,0.533031728728,0.));
#4137 = ADVANCED_FACE('',(#4138),#4149,.F.);
#4138 = FACE_BOUND('',#4139,.F.);
#4139 = EDGE_LOOP('',(#4140,#4146,#4147,#4148));
#4140 = ORIENTED_EDGE('',*,*,#4141,.T.);
#4141 = EDGE_CURVE('',#1374,#2890,#4142,.T.);
#4142 = LINE('',#4143,#4144);
#4143 = CARTESIAN_POINT('',(10.379391475624,-17.09585425171,0.));
#4144 = VECTOR('',#4145,1.);
#4145 = DIRECTION('',(0.,0.,1.));
#4146 = ORIENTED_EDGE('',*,*,#2897,.T.);
#4147 = ORIENTED_EDGE('',*,*,#4107,.F.);
#4148 = ORIENTED_EDGE('',*,*,#1381,.F.);
#4149 = PLANE('',#4150);
#4150 = AXIS2_PLACEMENT_3D('',#4151,#4152,#4153);
#4151 = CARTESIAN_POINT('',(10.379391475624,-17.09585425171,0.));
#4152 = DIRECTION('',(-0.533031728728,0.846095252421,0.));
#4153 = DIRECTION('',(0.846095252421,0.533031728728,0.));
#4154 = ADVANCED_FACE('',(#4155),#4166,.F.);
#4155 = FACE_BOUND('',#4156,.F.);
#4156 = EDGE_LOOP('',(#4157,#4158,#4159,#4165));
#4157 = ORIENTED_EDGE('',*,*,#4126,.T.);
#4158 = ORIENTED_EDGE('',*,*,#1873,.T.);
#4159 = ORIENTED_EDGE('',*,*,#4160,.F.);
#4160 = EDGE_CURVE('',#358,#1874,#4161,.T.);
#4161 = LINE('',#4162,#4163);
#4162 = CARTESIAN_POINT('',(10.947453579174,19.082800112453,0.));
#4163 = VECTOR('',#4164,1.);
#4164 = DIRECTION('',(0.,0.,1.));
#4165 = ORIENTED_EDGE('',*,*,#357,.F.);
#4166 = PLANE('',#4167);
#4167 = AXIS2_PLACEMENT_3D('',#4168,#4169,#4170);
#4168 = CARTESIAN_POINT('',(10.379391475624,17.095854251711,0.));
#4169 = DIRECTION('',(-0.961477497975,0.274883649729,0.));
#4170 = DIRECTION('',(0.274883649729,0.961477497975,0.));
#4171 = ADVANCED_FACE('',(#4172),#4183,.F.);
#4172 = FACE_BOUND('',#4173,.F.);
#4173 = EDGE_LOOP('',(#4174,#4180,#4181,#4182));
#4174 = ORIENTED_EDGE('',*,*,#4175,.T.);
#4175 = EDGE_CURVE('',#1366,#2882,#4176,.T.);
#4176 = LINE('',#4177,#4178);
#4177 = CARTESIAN_POINT('',(10.947453579174,-19.08280011245,0.));
#4178 = VECTOR('',#4179,1.);
#4179 = DIRECTION('',(0.,0.,1.));
#4180 = ORIENTED_EDGE('',*,*,#2889,.T.);
#4181 = ORIENTED_EDGE('',*,*,#4141,.F.);
#4182 = ORIENTED_EDGE('',*,*,#1373,.F.);
#4183 = PLANE('',#4184);
#4184 = AXIS2_PLACEMENT_3D('',#4185,#4186,#4187);
#4185 = CARTESIAN_POINT('',(10.947453579174,-19.08280011245,0.));
#4186 = DIRECTION('',(-0.961477497975,-0.274883649729,0.));
#4187 = DIRECTION('',(-0.274883649729,0.961477497975,0.));
#4188 = ADVANCED_FACE('',(#4189),#4200,.F.);
#4189 = FACE_BOUND('',#4190,.F.);
#4190 = EDGE_LOOP('',(#4191,#4192,#4193,#4199));
#4191 = ORIENTED_EDGE('',*,*,#4160,.T.);
#4192 = ORIENTED_EDGE('',*,*,#1881,.T.);
#4193 = ORIENTED_EDGE('',*,*,#4194,.F.);
#4194 = EDGE_CURVE('',#366,#1882,#4195,.T.);
#4195 = LINE('',#4196,#4197);
#4196 = CARTESIAN_POINT('',(9.98779099427,19.602143532144,0.));
#4197 = VECTOR('',#4198,1.);
#4198 = DIRECTION('',(0.,0.,1.));
#4199 = ORIENTED_EDGE('',*,*,#365,.F.);
#4200 = PLANE('',#4201);
#4201 = AXIS2_PLACEMENT_3D('',#4202,#4203,#4204);
#4202 = CARTESIAN_POINT('',(10.947453579174,19.082800112453,0.));
#4203 = DIRECTION('',(-0.475947393037,-0.879473751206,0.));
#4204 = DIRECTION('',(-0.879473751206,0.475947393037,0.));
#4205 = ADVANCED_FACE('',(#4206),#4217,.F.);
#4206 = FACE_BOUND('',#4207,.F.);
#4207 = EDGE_LOOP('',(#4208,#4214,#4215,#4216));
#4208 = ORIENTED_EDGE('',*,*,#4209,.T.);
#4209 = EDGE_CURVE('',#1358,#2874,#4210,.T.);
#4210 = LINE('',#4211,#4212);
#4211 = CARTESIAN_POINT('',(9.98779099427,-19.60214353214,0.));
#4212 = VECTOR('',#4213,1.);
#4213 = DIRECTION('',(0.,0.,1.));
#4214 = ORIENTED_EDGE('',*,*,#2881,.T.);
#4215 = ORIENTED_EDGE('',*,*,#4175,.F.);
#4216 = ORIENTED_EDGE('',*,*,#1365,.F.);
#4217 = PLANE('',#4218);
#4218 = AXIS2_PLACEMENT_3D('',#4219,#4220,#4221);
#4219 = CARTESIAN_POINT('',(9.98779099427,-19.60214353214,0.));
#4220 = DIRECTION('',(-0.475947393037,0.879473751206,0.));
#4221 = DIRECTION('',(0.879473751206,0.475947393037,0.));
#4222 = ADVANCED_FACE('',(#4223),#4234,.F.);
#4223 = FACE_BOUND('',#4224,.F.);
#4224 = EDGE_LOOP('',(#4225,#4226,#4227,#4233));
#4225 = ORIENTED_EDGE('',*,*,#4194,.T.);
#4226 = ORIENTED_EDGE('',*,*,#1889,.T.);
#4227 = ORIENTED_EDGE('',*,*,#4228,.F.);
#4228 = EDGE_CURVE('',#374,#1890,#4229,.T.);
#4229 = LINE('',#4230,#4231);
#4230 = CARTESIAN_POINT('',(8.63508704677,18.039824602659,0.));
#4231 = VECTOR('',#4232,1.);
#4232 = DIRECTION('',(0.,0.,1.));
#4233 = ORIENTED_EDGE('',*,*,#373,.F.);
#4234 = PLANE('',#4235);
#4235 = AXIS2_PLACEMENT_3D('',#4236,#4237,#4238);
#4236 = CARTESIAN_POINT('',(9.98779099427,19.602143532144,0.));
#4237 = DIRECTION('',(0.756001723569,-0.654569624991,0.));
#4238 = DIRECTION('',(-0.654569624991,-0.756001723569,0.));
#4239 = ADVANCED_FACE('',(#4240),#4251,.F.);
#4240 = FACE_BOUND('',#4241,.F.);
#4241 = EDGE_LOOP('',(#4242,#4248,#4249,#4250));
#4242 = ORIENTED_EDGE('',*,*,#4243,.T.);
#4243 = EDGE_CURVE('',#1350,#2866,#4244,.T.);
#4244 = LINE('',#4245,#4246);
#4245 = CARTESIAN_POINT('',(8.63508704677,-18.03982460265,0.));
#4246 = VECTOR('',#4247,1.);
#4247 = DIRECTION('',(0.,0.,1.));
#4248 = ORIENTED_EDGE('',*,*,#2873,.T.);
#4249 = ORIENTED_EDGE('',*,*,#4209,.F.);
#4250 = ORIENTED_EDGE('',*,*,#1357,.F.);
#4251 = PLANE('',#4252);
#4252 = AXIS2_PLACEMENT_3D('',#4253,#4254,#4255);
#4253 = CARTESIAN_POINT('',(8.63508704677,-18.03982460265,0.));
#4254 = DIRECTION('',(0.756001723569,0.654569624991,0.));
#4255 = DIRECTION('',(0.654569624991,-0.756001723569,0.));
#4256 = ADVANCED_FACE('',(#4257),#4268,.F.);
#4257 = FACE_BOUND('',#4258,.F.);
#4258 = EDGE_LOOP('',(#4259,#4260,#4261,#4267));
#4259 = ORIENTED_EDGE('',*,*,#4228,.T.);
#4260 = ORIENTED_EDGE('',*,*,#1897,.T.);
#4261 = ORIENTED_EDGE('',*,*,#4262,.F.);
#4262 = EDGE_CURVE('',#382,#1898,#4263,.T.);
#4263 = LINE('',#4264,#4265);
#4264 = CARTESIAN_POINT('',(8.033908493059,18.315466533101,0.));
#4265 = VECTOR('',#4266,1.);
#4266 = DIRECTION('',(0.,0.,1.));
#4267 = ORIENTED_EDGE('',*,*,#381,.F.);
#4268 = PLANE('',#4269);
#4269 = AXIS2_PLACEMENT_3D('',#4270,#4271,#4272);
#4270 = CARTESIAN_POINT('',(8.63508704677,18.039824602659,0.));
#4271 = DIRECTION('',(-0.416781860495,-0.909006535049,0.));
#4272 = DIRECTION('',(-0.909006535049,0.416781860495,0.));
#4273 = ADVANCED_FACE('',(#4274),#4285,.F.);
#4274 = FACE_BOUND('',#4275,.F.);
#4275 = EDGE_LOOP('',(#4276,#4282,#4283,#4284));
#4276 = ORIENTED_EDGE('',*,*,#4277,.T.);
#4277 = EDGE_CURVE('',#1342,#2858,#4278,.T.);
#4278 = LINE('',#4279,#4280);
#4279 = CARTESIAN_POINT('',(8.033908493059,-18.3154665331,0.));
#4280 = VECTOR('',#4281,1.);
#4281 = DIRECTION('',(0.,0.,1.));
#4282 = ORIENTED_EDGE('',*,*,#2865,.T.);
#4283 = ORIENTED_EDGE('',*,*,#4243,.F.);
#4284 = ORIENTED_EDGE('',*,*,#1349,.F.);
#4285 = PLANE('',#4286);
#4286 = AXIS2_PLACEMENT_3D('',#4287,#4288,#4289);
#4287 = CARTESIAN_POINT('',(8.033908493059,-18.3154665331,0.));
#4288 = DIRECTION('',(-0.416781860495,0.909006535049,0.));
#4289 = DIRECTION('',(0.909006535049,0.416781860495,0.));
#4290 = ADVANCED_FACE('',(#4291),#4302,.F.);
#4291 = FACE_BOUND('',#4292,.F.);
#4292 = EDGE_LOOP('',(#4293,#4294,#4295,#4301));
#4293 = ORIENTED_EDGE('',*,*,#4262,.T.);
#4294 = ORIENTED_EDGE('',*,*,#1905,.T.);
#4295 = ORIENTED_EDGE('',*,*,#4296,.F.);
#4296 = EDGE_CURVE('',#390,#1906,#4297,.T.);
#4297 = LINE('',#4298,#4299);
#4298 = CARTESIAN_POINT('',(7.423944978364,18.571080769794,0.));
#4299 = VECTOR('',#4300,1.);
#4300 = DIRECTION('',(0.,0.,1.));
#4301 = ORIENTED_EDGE('',*,*,#389,.F.);
#4302 = PLANE('',#4303);
#4303 = AXIS2_PLACEMENT_3D('',#4304,#4305,#4306);
#4304 = CARTESIAN_POINT('',(8.033908493059,18.315466533101,0.));
#4305 = DIRECTION('',(-0.386499169292,-0.922289754977,0.));
#4306 = DIRECTION('',(-0.922289754977,0.386499169292,0.));
#4307 = ADVANCED_FACE('',(#4308),#4319,.F.);
#4308 = FACE_BOUND('',#4309,.F.);
#4309 = EDGE_LOOP('',(#4310,#4316,#4317,#4318));
#4310 = ORIENTED_EDGE('',*,*,#4311,.T.);
#4311 = EDGE_CURVE('',#1334,#2850,#4312,.T.);
#4312 = LINE('',#4313,#4314);
#4313 = CARTESIAN_POINT('',(7.423944978364,-18.57108076979,0.));
#4314 = VECTOR('',#4315,1.);
#4315 = DIRECTION('',(0.,0.,1.));
#4316 = ORIENTED_EDGE('',*,*,#2857,.T.);
#4317 = ORIENTED_EDGE('',*,*,#4277,.F.);
#4318 = ORIENTED_EDGE('',*,*,#1341,.F.);
#4319 = PLANE('',#4320);
#4320 = AXIS2_PLACEMENT_3D('',#4321,#4322,#4323);
#4321 = CARTESIAN_POINT('',(7.423944978364,-18.57108076979,0.));
#4322 = DIRECTION('',(-0.386499169292,0.922289754977,0.));
#4323 = DIRECTION('',(0.922289754977,0.386499169292,0.));
#4324 = ADVANCED_FACE('',(#4325),#4336,.F.);
#4325 = FACE_BOUND('',#4326,.F.);
#4326 = EDGE_LOOP('',(#4327,#4328,#4329,#4335));
#4327 = ORIENTED_EDGE('',*,*,#4296,.T.);
#4328 = ORIENTED_EDGE('',*,*,#1913,.T.);
#4329 = ORIENTED_EDGE('',*,*,#4330,.F.);
#4330 = EDGE_CURVE('',#398,#1914,#4331,.T.);
#4331 = LINE('',#4332,#4333);
#4332 = CARTESIAN_POINT('',(7.657218915376,20.624427227974,0.));
#4333 = VECTOR('',#4334,1.);
#4334 = DIRECTION('',(0.,0.,1.));
#4335 = ORIENTED_EDGE('',*,*,#397,.F.);
#4336 = PLANE('',#4337);
#4337 = AXIS2_PLACEMENT_3D('',#4338,#4339,#4340);
#4338 = CARTESIAN_POINT('',(7.423944978364,18.571080769794,0.));
#4339 = DIRECTION('',(-0.993608559797,0.112880600188,0.));
#4340 = DIRECTION('',(0.112880600188,0.993608559797,0.));
#4341 = ADVANCED_FACE('',(#4342),#4353,.F.);
#4342 = FACE_BOUND('',#4343,.F.);
#4343 = EDGE_LOOP('',(#4344,#4350,#4351,#4352));
#4344 = ORIENTED_EDGE('',*,*,#4345,.T.);
#4345 = EDGE_CURVE('',#1326,#2842,#4346,.T.);
#4346 = LINE('',#4347,#4348);
#4347 = CARTESIAN_POINT('',(7.657218915376,-20.62442722797,0.));
#4348 = VECTOR('',#4349,1.);
#4349 = DIRECTION('',(0.,0.,1.));
#4350 = ORIENTED_EDGE('',*,*,#2849,.T.);
#4351 = ORIENTED_EDGE('',*,*,#4311,.F.);
#4352 = ORIENTED_EDGE('',*,*,#1333,.F.);
#4353 = PLANE('',#4354);
#4354 = AXIS2_PLACEMENT_3D('',#4355,#4356,#4357);
#4355 = CARTESIAN_POINT('',(7.657218915376,-20.62442722797,0.));
#4356 = DIRECTION('',(-0.993608559797,-0.112880600188,0.));
#4357 = DIRECTION('',(-0.112880600188,0.993608559797,0.));
#4358 = ADVANCED_FACE('',(#4359),#4370,.F.);
#4359 = FACE_BOUND('',#4360,.F.);
#4360 = EDGE_LOOP('',(#4361,#4362,#4363,#4369));
#4361 = ORIENTED_EDGE('',*,*,#4330,.T.);
#4362 = ORIENTED_EDGE('',*,*,#1921,.T.);
#4363 = ORIENTED_EDGE('',*,*,#4364,.F.);
#4364 = EDGE_CURVE('',#406,#1922,#4365,.T.);
#4365 = LINE('',#4366,#4367);
#4366 = CARTESIAN_POINT('',(6.625163759925,20.978732210364,0.));
#4367 = VECTOR('',#4368,1.);
#4368 = DIRECTION('',(0.,0.,1.));
#4369 = ORIENTED_EDGE('',*,*,#405,.F.);
#4370 = PLANE('',#4371);
#4371 = AXIS2_PLACEMENT_3D('',#4372,#4373,#4374);
#4372 = CARTESIAN_POINT('',(7.657218915376,20.624427227974,0.));
#4373 = DIRECTION('',(-0.324699469205,-0.945817241701,0.));
#4374 = DIRECTION('',(-0.945817241701,0.324699469205,0.));
#4375 = ADVANCED_FACE('',(#4376),#4387,.F.);
#4376 = FACE_BOUND('',#4377,.F.);
#4377 = EDGE_LOOP('',(#4378,#4384,#4385,#4386));
#4378 = ORIENTED_EDGE('',*,*,#4379,.T.);
#4379 = EDGE_CURVE('',#1318,#2834,#4380,.T.);
#4380 = LINE('',#4381,#4382);
#4381 = CARTESIAN_POINT('',(6.625163759925,-20.97873221036,0.));
#4382 = VECTOR('',#4383,1.);
#4383 = DIRECTION('',(0.,0.,1.));
#4384 = ORIENTED_EDGE('',*,*,#2841,.T.);
#4385 = ORIENTED_EDGE('',*,*,#4345,.F.);
#4386 = ORIENTED_EDGE('',*,*,#1325,.F.);
#4387 = PLANE('',#4388);
#4388 = AXIS2_PLACEMENT_3D('',#4389,#4390,#4391);
#4389 = CARTESIAN_POINT('',(6.625163759925,-20.97873221036,0.));
#4390 = DIRECTION('',(-0.324699469205,0.945817241701,0.));
#4391 = DIRECTION('',(0.945817241701,0.324699469205,0.));
#4392 = ADVANCED_FACE('',(#4393),#4404,.F.);
#4393 = FACE_BOUND('',#4394,.F.);
#4394 = EDGE_LOOP('',(#4395,#4396,#4397,#4403));
#4395 = ORIENTED_EDGE('',*,*,#4364,.T.);
#4396 = ORIENTED_EDGE('',*,*,#1929,.T.);
#4397 = ORIENTED_EDGE('',*,*,#4398,.F.);
#4398 = EDGE_CURVE('',#414,#1930,#4399,.T.);
#4399 = LINE('',#4400,#4401);
#4400 = CARTESIAN_POINT('',(5.548058175237,19.215073522737,0.));
#4401 = VECTOR('',#4402,1.);
#4402 = DIRECTION('',(0.,0.,1.));
#4403 = ORIENTED_EDGE('',*,*,#413,.F.);
#4404 = PLANE('',#4405);
#4405 = AXIS2_PLACEMENT_3D('',#4406,#4407,#4408);
#4406 = CARTESIAN_POINT('',(6.625163759925,20.978732210364,0.));
#4407 = DIRECTION('',(0.85342946467,-0.521208354531,0.));
#4408 = DIRECTION('',(-0.521208354531,-0.85342946467,0.));
#4409 = ADVANCED_FACE('',(#4410),#4421,.F.);
#4410 = FACE_BOUND('',#4411,.F.);
#4411 = EDGE_LOOP('',(#4412,#4418,#4419,#4420));
#4412 = ORIENTED_EDGE('',*,*,#4413,.T.);
#4413 = EDGE_CURVE('',#1310,#2826,#4414,.T.);
#4414 = LINE('',#4415,#4416);
#4415 = CARTESIAN_POINT('',(5.548058175237,-19.21507352273,0.));
#4416 = VECTOR('',#4417,1.);
#4417 = DIRECTION('',(0.,0.,1.));
#4418 = ORIENTED_EDGE('',*,*,#2833,.T.);
#4419 = ORIENTED_EDGE('',*,*,#4379,.F.);
#4420 = ORIENTED_EDGE('',*,*,#1317,.F.);
#4421 = PLANE('',#4422);
#4422 = AXIS2_PLACEMENT_3D('',#4423,#4424,#4425);
#4423 = CARTESIAN_POINT('',(5.548058175237,-19.21507352273,0.));
#4424 = DIRECTION('',(0.85342946467,0.521208354531,0.));
#4425 = DIRECTION('',(0.521208354531,-0.85342946467,0.));
#4426 = ADVANCED_FACE('',(#4427),#4438,.F.);
#4427 = FACE_BOUND('',#4428,.F.);
#4428 = EDGE_LOOP('',(#4429,#4430,#4431,#4437));
#4429 = ORIENTED_EDGE('',*,*,#4398,.T.);
#4430 = ORIENTED_EDGE('',*,*,#1937,.T.);
#4431 = ORIENTED_EDGE('',*,*,#4432,.F.);
#4432 = EDGE_CURVE('',#422,#1938,#4433,.T.);
#4433 = LINE('',#4434,#4435);
#4434 = CARTESIAN_POINT('',(4.909709742816,19.388005318787,0.));
#4435 = VECTOR('',#4436,1.);
#4436 = DIRECTION('',(0.,0.,1.));
#4437 = ORIENTED_EDGE('',*,*,#421,.F.);
#4438 = PLANE('',#4439);
#4439 = AXIS2_PLACEMENT_3D('',#4440,#4441,#4442);
#4440 = CARTESIAN_POINT('',(5.548058175237,19.215073522737,0.));
#4441 = DIRECTION('',(-0.261479940954,-0.965208910277,0.));
#4442 = DIRECTION('',(-0.965208910277,0.261479940954,0.));
#4443 = ADVANCED_FACE('',(#4444),#4455,.F.);
#4444 = FACE_BOUND('',#4445,.F.);
#4445 = EDGE_LOOP('',(#4446,#4452,#4453,#4454));
#4446 = ORIENTED_EDGE('',*,*,#4447,.T.);
#4447 = EDGE_CURVE('',#1302,#2818,#4448,.T.);
#4448 = LINE('',#4449,#4450);
#4449 = CARTESIAN_POINT('',(4.909709742816,-19.38800531878,0.));
#4450 = VECTOR('',#4451,1.);
#4451 = DIRECTION('',(0.,0.,1.));
#4452 = ORIENTED_EDGE('',*,*,#2825,.T.);
#4453 = ORIENTED_EDGE('',*,*,#4413,.F.);
#4454 = ORIENTED_EDGE('',*,*,#1309,.F.);
#4455 = PLANE('',#4456);
#4456 = AXIS2_PLACEMENT_3D('',#4457,#4458,#4459);
#4457 = CARTESIAN_POINT('',(4.909709742816,-19.38800531878,0.));
#4458 = DIRECTION('',(-0.261479940954,0.965208910277,0.));
#4459 = DIRECTION('',(0.965208910277,0.261479940954,0.));
#4460 = ADVANCED_FACE('',(#4461),#4472,.F.);
#4461 = FACE_BOUND('',#4462,.F.);
#4462 = EDGE_LOOP('',(#4463,#4464,#4465,#4471));
#4463 = ORIENTED_EDGE('',*,*,#4432,.T.);
#4464 = ORIENTED_EDGE('',*,*,#1945,.T.);
#4465 = ORIENTED_EDGE('',*,*,#4466,.F.);
#4466 = EDGE_CURVE('',#430,#1946,#4467,.T.);
#4467 = LINE('',#4468,#4469);
#4468 = CARTESIAN_POINT('',(4.265992614875,19.539736615672,0.));
#4469 = VECTOR('',#4470,1.);
#4470 = DIRECTION('',(0.,0.,1.));
#4471 = ORIENTED_EDGE('',*,*,#429,.F.);
#4472 = PLANE('',#4473);
#4473 = AXIS2_PLACEMENT_3D('',#4474,#4475,#4476);
#4474 = CARTESIAN_POINT('',(4.909709742816,19.388005318787,0.));
#4475 = DIRECTION('',(-0.229423920047,-0.973326597248,0.));
#4476 = DIRECTION('',(-0.973326597248,0.229423920047,0.));
#4477 = ADVANCED_FACE('',(#4478),#4489,.F.);
#4478 = FACE_BOUND('',#4479,.F.);
#4479 = EDGE_LOOP('',(#4480,#4486,#4487,#4488));
#4480 = ORIENTED_EDGE('',*,*,#4481,.T.);
#4481 = EDGE_CURVE('',#1294,#2810,#4482,.T.);
#4482 = LINE('',#4483,#4484);
#4483 = CARTESIAN_POINT('',(4.265992614875,-19.53973661567,0.));
#4484 = VECTOR('',#4485,1.);
#4485 = DIRECTION('',(0.,0.,1.));
#4486 = ORIENTED_EDGE('',*,*,#2817,.T.);
#4487 = ORIENTED_EDGE('',*,*,#4447,.F.);
#4488 = ORIENTED_EDGE('',*,*,#1301,.F.);
#4489 = PLANE('',#4490);
#4490 = AXIS2_PLACEMENT_3D('',#4491,#4492,#4493);
#4491 = CARTESIAN_POINT('',(4.265992614875,-19.53973661567,0.));
#4492 = DIRECTION('',(-0.229423920047,0.973326597248,0.));
#4493 = DIRECTION('',(0.973326597248,0.229423920047,0.));
#4494 = ADVANCED_FACE('',(#4495),#4506,.F.);
#4495 = FACE_BOUND('',#4496,.F.);
#4496 = EDGE_LOOP('',(#4497,#4498,#4499,#4505));
#4497 = ORIENTED_EDGE('',*,*,#4466,.T.);
#4498 = ORIENTED_EDGE('',*,*,#1953,.T.);
#4499 = ORIENTED_EDGE('',*,*,#4500,.F.);
#4500 = EDGE_CURVE('',#438,#1954,#4501,.T.);
#4501 = LINE('',#4502,#4503);
#4502 = CARTESIAN_POINT('',(4.158115280447,21.603473732585,0.));
#4503 = VECTOR('',#4504,1.);
#4504 = DIRECTION('',(0.,0.,1.));
#4505 = ORIENTED_EDGE('',*,*,#437,.F.);
#4506 = PLANE('',#4507);
#4507 = AXIS2_PLACEMENT_3D('',#4508,#4509,#4510);
#4508 = CARTESIAN_POINT('',(4.265992614875,19.539736615672,0.));
#4509 = DIRECTION('',(-0.998636570252,-5.220153786915E-02,0.));
#4510 = DIRECTION('',(-5.220153786915E-02,0.998636570252,0.));
#4511 = ADVANCED_FACE('',(#4512),#4523,.F.);
#4512 = FACE_BOUND('',#4513,.F.);
#4513 = EDGE_LOOP('',(#4514,#4520,#4521,#4522));
#4514 = ORIENTED_EDGE('',*,*,#4515,.T.);
#4515 = EDGE_CURVE('',#1286,#2802,#4516,.T.);
#4516 = LINE('',#4517,#4518);
#4517 = CARTESIAN_POINT('',(4.158115280447,-21.60347373258,0.));
#4518 = VECTOR('',#4519,1.);
#4519 = DIRECTION('',(0.,0.,1.));
#4520 = ORIENTED_EDGE('',*,*,#2809,.T.);
#4521 = ORIENTED_EDGE('',*,*,#4481,.F.);
#4522 = ORIENTED_EDGE('',*,*,#1293,.F.);
#4523 = PLANE('',#4524);
#4524 = AXIS2_PLACEMENT_3D('',#4525,#4526,#4527);
#4525 = CARTESIAN_POINT('',(4.158115280447,-21.60347373258,0.));
#4526 = DIRECTION('',(-0.998636570252,5.220153786915E-02,0.));
#4527 = DIRECTION('',(5.220153786915E-02,0.998636570252,0.));
#4528 = ADVANCED_FACE('',(#4529),#4540,.F.);
#4529 = FACE_BOUND('',#4530,.F.);
#4530 = EDGE_LOOP('',(#4531,#4532,#4533,#4539));
#4531 = ORIENTED_EDGE('',*,*,#4500,.T.);
#4532 = ORIENTED_EDGE('',*,*,#1961,.T.);
#4533 = ORIENTED_EDGE('',*,*,#4534,.F.);
#4534 = EDGE_CURVE('',#446,#1962,#4535,.T.);
#4535 = LINE('',#4536,#4537);
#4536 = CARTESIAN_POINT('',(3.081819328722,21.783075761359,0.));
#4537 = VECTOR('',#4538,1.);
#4538 = DIRECTION('',(0.,0.,1.));
#4539 = ORIENTED_EDGE('',*,*,#445,.F.);
#4540 = PLANE('',#4541);
#4541 = AXIS2_PLACEMENT_3D('',#4542,#4543,#4544);
#4542 = CARTESIAN_POINT('',(4.158115280447,21.603473732585,0.));
#4543 = DIRECTION('',(-0.164594590281,-0.986361303403,0.));
#4544 = DIRECTION('',(-0.986361303403,0.164594590281,0.));
#4545 = ADVANCED_FACE('',(#4546),#4557,.F.);
#4546 = FACE_BOUND('',#4547,.F.);
#4547 = EDGE_LOOP('',(#4548,#4554,#4555,#4556));
#4548 = ORIENTED_EDGE('',*,*,#4549,.T.);
#4549 = EDGE_CURVE('',#1278,#2794,#4550,.T.);
#4550 = LINE('',#4551,#4552);
#4551 = CARTESIAN_POINT('',(3.081819328722,-21.78307576135,0.));
#4552 = VECTOR('',#4553,1.);
#4553 = DIRECTION('',(0.,0.,1.));
#4554 = ORIENTED_EDGE('',*,*,#2801,.T.);
#4555 = ORIENTED_EDGE('',*,*,#4515,.F.);
#4556 = ORIENTED_EDGE('',*,*,#1285,.F.);
#4557 = PLANE('',#4558);
#4558 = AXIS2_PLACEMENT_3D('',#4559,#4560,#4561);
#4559 = CARTESIAN_POINT('',(3.081819328722,-21.78307576135,0.));
#4560 = DIRECTION('',(-0.164594590281,0.986361303403,0.));
#4561 = DIRECTION('',(0.986361303403,0.164594590281,0.));
#4562 = ADVANCED_FACE('',(#4563),#4574,.F.);
#4563 = FACE_BOUND('',#4564,.F.);
#4564 = EDGE_LOOP('',(#4565,#4566,#4567,#4573));
#4565 = ORIENTED_EDGE('',*,*,#4534,.T.);
#4566 = ORIENTED_EDGE('',*,*,#1969,.T.);
#4567 = ORIENTED_EDGE('',*,*,#4568,.F.);
#4568 = EDGE_CURVE('',#454,#1970,#4569,.T.);
#4569 = LINE('',#4570,#4571);
#4570 = CARTESIAN_POINT('',(2.309692739392,19.866185327073,0.));
#4571 = VECTOR('',#4572,1.);
#4572 = DIRECTION('',(0.,0.,1.));
#4573 = ORIENTED_EDGE('',*,*,#453,.F.);
#4574 = PLANE('',#4575);
#4575 = AXIS2_PLACEMENT_3D('',#4576,#4577,#4578);
#4576 = CARTESIAN_POINT('',(3.081819328722,21.783075761359,0.));
#4577 = DIRECTION('',(0.927577874699,-0.373629878849,0.));
#4578 = DIRECTION('',(-0.373629878849,-0.927577874699,0.));
#4579 = ADVANCED_FACE('',(#4580),#4591,.F.);
#4580 = FACE_BOUND('',#4581,.F.);
#4581 = EDGE_LOOP('',(#4582,#4588,#4589,#4590));
#4582 = ORIENTED_EDGE('',*,*,#4583,.T.);
#4583 = EDGE_CURVE('',#1270,#2786,#4584,.T.);
#4584 = LINE('',#4585,#4586);
#4585 = CARTESIAN_POINT('',(2.309692739392,-19.86618532707,0.));
#4586 = VECTOR('',#4587,1.);
#4587 = DIRECTION('',(0.,0.,1.));
#4588 = ORIENTED_EDGE('',*,*,#2793,.T.);
#4589 = ORIENTED_EDGE('',*,*,#4549,.F.);
#4590 = ORIENTED_EDGE('',*,*,#1277,.F.);
#4591 = PLANE('',#4592);
#4592 = AXIS2_PLACEMENT_3D('',#4593,#4594,#4595);
#4593 = CARTESIAN_POINT('',(2.309692739392,-19.86618532707,0.));
#4594 = DIRECTION('',(0.927577874699,0.373629878849,0.));
#4595 = DIRECTION('',(0.373629878849,-0.927577874699,0.));
#4596 = ADVANCED_FACE('',(#4597),#4608,.F.);
#4597 = FACE_BOUND('',#4598,.F.);
#4598 = EDGE_LOOP('',(#4599,#4600,#4601,#4607));
#4599 = ORIENTED_EDGE('',*,*,#4568,.T.);
#4600 = ORIENTED_EDGE('',*,*,#1977,.T.);
#4601 = ORIENTED_EDGE('',*,*,#4602,.F.);
#4602 = EDGE_CURVE('',#462,#1978,#4603,.T.);
#4603 = LINE('',#4604,#4605);
#4604 = CARTESIAN_POINT('',(1.651586909447,19.931689860133,0.));
#4605 = VECTOR('',#4606,1.);
#4606 = DIRECTION('',(0.,0.,1.));
#4607 = ORIENTED_EDGE('',*,*,#461,.F.);
#4608 = PLANE('',#4609);
#4609 = AXIS2_PLACEMENT_3D('',#4610,#4611,#4612);
#4610 = CARTESIAN_POINT('',(2.309692739392,19.866185327073,0.));
#4611 = DIRECTION('',(-9.904553025046E-02,-0.995082902545,0.));
#4612 = DIRECTION('',(-0.995082902545,9.904553025046E-02,0.));
#4613 = ADVANCED_FACE('',(#4614),#4625,.F.);
#4614 = FACE_BOUND('',#4615,.F.);
#4615 = EDGE_LOOP('',(#4616,#4622,#4623,#4624));
#4616 = ORIENTED_EDGE('',*,*,#4617,.T.);
#4617 = EDGE_CURVE('',#1262,#2778,#4618,.T.);
#4618 = LINE('',#4619,#4620);
#4619 = CARTESIAN_POINT('',(1.651586909447,-19.93168986013,0.));
#4620 = VECTOR('',#4621,1.);
#4621 = DIRECTION('',(0.,0.,1.));
#4622 = ORIENTED_EDGE('',*,*,#2785,.T.);
#4623 = ORIENTED_EDGE('',*,*,#4583,.F.);
#4624 = ORIENTED_EDGE('',*,*,#1269,.F.);
#4625 = PLANE('',#4626);
#4626 = AXIS2_PLACEMENT_3D('',#4627,#4628,#4629);
#4627 = CARTESIAN_POINT('',(1.651586909447,-19.93168986013,0.));
#4628 = DIRECTION('',(-9.904553025046E-02,0.995082902545,0.));
#4629 = DIRECTION('',(0.995082902545,9.904553025046E-02,0.));
#4630 = ADVANCED_FACE('',(#4631),#4642,.F.);
#4631 = FACE_BOUND('',#4632,.F.);
#4632 = EDGE_LOOP('',(#4633,#4634,#4635,#4641));
#4633 = ORIENTED_EDGE('',*,*,#4602,.T.);
#4634 = ORIENTED_EDGE('',*,*,#1985,.T.);
#4635 = ORIENTED_EDGE('',*,*,#4636,.F.);
#4636 = EDGE_CURVE('',#470,#1986,#4637,.T.);
#4637 = LINE('',#4638,#4639);
#4638 = CARTESIAN_POINT('',(0.991675093464,19.975399382966,0.));
#4639 = VECTOR('',#4640,1.);
#4640 = DIRECTION('',(0.,0.,1.));
#4641 = ORIENTED_EDGE('',*,*,#469,.F.);
#4642 = PLANE('',#4643);
#4643 = AXIS2_PLACEMENT_3D('',#4644,#4645,#4646);
#4644 = CARTESIAN_POINT('',(1.651586909447,19.931689860133,0.));
#4645 = DIRECTION('',(-6.60905843257E-02,-0.997813627219,0.));
#4646 = DIRECTION('',(-0.997813627219,6.60905843257E-02,0.));
#4647 = ADVANCED_FACE('',(#4648),#4659,.F.);
#4648 = FACE_BOUND('',#4649,.F.);
#4649 = EDGE_LOOP('',(#4650,#4656,#4657,#4658));
#4650 = ORIENTED_EDGE('',*,*,#4651,.T.);
#4651 = EDGE_CURVE('',#1254,#2770,#4652,.T.);
#4652 = LINE('',#4653,#4654);
#4653 = CARTESIAN_POINT('',(0.991675093464,-19.97539938296,0.));
#4654 = VECTOR('',#4655,1.);
#4655 = DIRECTION('',(0.,0.,1.));
#4656 = ORIENTED_EDGE('',*,*,#2777,.T.);
#4657 = ORIENTED_EDGE('',*,*,#4617,.F.);
#4658 = ORIENTED_EDGE('',*,*,#1261,.F.);
#4659 = PLANE('',#4660);
#4660 = AXIS2_PLACEMENT_3D('',#4661,#4662,#4663);
#4661 = CARTESIAN_POINT('',(0.991675093464,-19.97539938296,0.));
#4662 = DIRECTION('',(-6.60905843257E-02,0.997813627219,0.));
#4663 = DIRECTION('',(0.997813627219,6.60905843257E-02,0.));
#4664 = ADVANCED_FACE('',(#4665),#4676,.F.);
#4665 = FACE_BOUND('',#4666,.F.);
#4666 = EDGE_LOOP('',(#4667,#4668,#4669,#4675));
#4667 = ORIENTED_EDGE('',*,*,#4636,.T.);
#4668 = ORIENTED_EDGE('',*,*,#1993,.T.);
#4669 = ORIENTED_EDGE('',*,*,#4670,.F.);
#4670 = EDGE_CURVE('',#478,#1994,#4671,.T.);
#4671 = LINE('',#4672,#4673);
#4672 = CARTESIAN_POINT('',(0.545589100065,21.993233789825,0.));
#4673 = VECTOR('',#4674,1.);
#4674 = DIRECTION('',(0.,0.,1.));
#4675 = ORIENTED_EDGE('',*,*,#477,.F.);
#4676 = PLANE('',#4677);
#4677 = AXIS2_PLACEMENT_3D('',#4678,#4679,#4680);
#4678 = CARTESIAN_POINT('',(0.991675093464,19.975399382966,0.));
#4679 = DIRECTION('',(-0.976424378322,-0.215859754052,0.));
#4680 = DIRECTION('',(-0.215859754052,0.976424378322,0.));
#4681 = ADVANCED_FACE('',(#4682),#4693,.F.);
#4682 = FACE_BOUND('',#4683,.F.);
#4683 = EDGE_LOOP('',(#4684,#4690,#4691,#4692));
#4684 = ORIENTED_EDGE('',*,*,#4685,.T.);
#4685 = EDGE_CURVE('',#1246,#2762,#4686,.T.);
#4686 = LINE('',#4687,#4688);
#4687 = CARTESIAN_POINT('',(0.545589100065,-21.99323378982,0.));
#4688 = VECTOR('',#4689,1.);
#4689 = DIRECTION('',(0.,0.,1.));
#4690 = ORIENTED_EDGE('',*,*,#2769,.T.);
#4691 = ORIENTED_EDGE('',*,*,#4651,.F.);
#4692 = ORIENTED_EDGE('',*,*,#1253,.F.);
#4693 = PLANE('',#4694);
#4694 = AXIS2_PLACEMENT_3D('',#4695,#4696,#4697);
#4695 = CARTESIAN_POINT('',(0.545589100065,-21.99323378982,0.));
#4696 = DIRECTION('',(-0.976424378322,0.215859754052,0.));
#4697 = DIRECTION('',(0.215859754052,0.976424378322,0.));
#4698 = ADVANCED_FACE('',(#4699),#4710,.F.);
#4699 = FACE_BOUND('',#4700,.F.);
#4700 = EDGE_LOOP('',(#4701,#4702,#4703,#4709));
#4701 = ORIENTED_EDGE('',*,*,#4670,.T.);
#4702 = ORIENTED_EDGE('',*,*,#2001,.T.);
#4703 = ORIENTED_EDGE('',*,*,#4704,.F.);
#4704 = EDGE_CURVE('',#486,#2002,#4705,.T.);
#4705 = LINE('',#4706,#4707);
#4706 = CARTESIAN_POINT('',(-0.545589100065,21.993233789825,0.));
#4707 = VECTOR('',#4708,1.);
#4708 = DIRECTION('',(0.,0.,1.));
#4709 = ORIENTED_EDGE('',*,*,#485,.F.);
#4710 = PLANE('',#4711);
#4711 = AXIS2_PLACEMENT_3D('',#4712,#4713,#4714);
#4712 = CARTESIAN_POINT('',(0.545589100065,21.993233789825,0.));
#4713 = DIRECTION('',(0.,-1.,0.));
#4714 = DIRECTION('',(-1.,0.,0.));
#4715 = ADVANCED_FACE('',(#4716),#4727,.F.);
#4716 = FACE_BOUND('',#4717,.F.);
#4717 = EDGE_LOOP('',(#4718,#4724,#4725,#4726));
#4718 = ORIENTED_EDGE('',*,*,#4719,.T.);
#4719 = EDGE_CURVE('',#1238,#2754,#4720,.T.);
#4720 = LINE('',#4721,#4722);
#4721 = CARTESIAN_POINT('',(-0.545589100065,-21.99323378982,0.));
#4722 = VECTOR('',#4723,1.);
#4723 = DIRECTION('',(0.,0.,1.));
#4724 = ORIENTED_EDGE('',*,*,#2761,.T.);
#4725 = ORIENTED_EDGE('',*,*,#4685,.F.);
#4726 = ORIENTED_EDGE('',*,*,#1245,.F.);
#4727 = PLANE('',#4728);
#4728 = AXIS2_PLACEMENT_3D('',#4729,#4730,#4731);
#4729 = CARTESIAN_POINT('',(-0.545589100065,-21.99323378982,0.));
#4730 = DIRECTION('',(0.,1.,0.));
#4731 = DIRECTION('',(1.,0.,0.));
#4732 = ADVANCED_FACE('',(#4733),#4744,.F.);
#4733 = FACE_BOUND('',#4734,.F.);
#4734 = EDGE_LOOP('',(#4735,#4736,#4737,#4743));
#4735 = ORIENTED_EDGE('',*,*,#4704,.T.);
#4736 = ORIENTED_EDGE('',*,*,#2009,.T.);
#4737 = ORIENTED_EDGE('',*,*,#4738,.F.);
#4738 = EDGE_CURVE('',#494,#2010,#4739,.T.);
#4739 = LINE('',#4740,#4741);
#4740 = CARTESIAN_POINT('',(-0.991675093464,19.975399382966,0.));
#4741 = VECTOR('',#4742,1.);
#4742 = DIRECTION('',(0.,0.,1.));
#4743 = ORIENTED_EDGE('',*,*,#493,.F.);
#4744 = PLANE('',#4745);
#4745 = AXIS2_PLACEMENT_3D('',#4746,#4747,#4748);
#4746 = CARTESIAN_POINT('',(-0.545589100065,21.993233789825,0.));
#4747 = DIRECTION('',(0.976424378322,-0.215859754052,0.));
#4748 = DIRECTION('',(-0.215859754052,-0.976424378322,0.));
#4749 = ADVANCED_FACE('',(#4750),#4761,.F.);
#4750 = FACE_BOUND('',#4751,.F.);
#4751 = EDGE_LOOP('',(#4752,#4758,#4759,#4760));
#4752 = ORIENTED_EDGE('',*,*,#4753,.T.);
#4753 = EDGE_CURVE('',#1230,#2746,#4754,.T.);
#4754 = LINE('',#4755,#4756);
#4755 = CARTESIAN_POINT('',(-0.991675093464,-19.97539938296,0.));
#4756 = VECTOR('',#4757,1.);
#4757 = DIRECTION('',(0.,0.,1.));
#4758 = ORIENTED_EDGE('',*,*,#2753,.T.);
#4759 = ORIENTED_EDGE('',*,*,#4719,.F.);
#4760 = ORIENTED_EDGE('',*,*,#1237,.F.);
#4761 = PLANE('',#4762);
#4762 = AXIS2_PLACEMENT_3D('',#4763,#4764,#4765);
#4763 = CARTESIAN_POINT('',(-0.991675093464,-19.97539938296,0.));
#4764 = DIRECTION('',(0.976424378322,0.215859754052,0.));
#4765 = DIRECTION('',(0.215859754052,-0.976424378322,0.));
#4766 = ADVANCED_FACE('',(#4767),#4778,.F.);
#4767 = FACE_BOUND('',#4768,.F.);
#4768 = EDGE_LOOP('',(#4769,#4770,#4771,#4777));
#4769 = ORIENTED_EDGE('',*,*,#4738,.T.);
#4770 = ORIENTED_EDGE('',*,*,#2017,.T.);
#4771 = ORIENTED_EDGE('',*,*,#4772,.F.);
#4772 = EDGE_CURVE('',#502,#2018,#4773,.T.);
#4773 = LINE('',#4774,#4775);
#4774 = CARTESIAN_POINT('',(-1.651586909447,19.931689860133,0.));
#4775 = VECTOR('',#4776,1.);
#4776 = DIRECTION('',(0.,0.,1.));
#4777 = ORIENTED_EDGE('',*,*,#501,.F.);
#4778 = PLANE('',#4779);
#4779 = AXIS2_PLACEMENT_3D('',#4780,#4781,#4782);
#4780 = CARTESIAN_POINT('',(-0.991675093464,19.975399382966,0.));
#4781 = DIRECTION('',(6.60905843257E-02,-0.997813627219,0.));
#4782 = DIRECTION('',(-0.997813627219,-6.60905843257E-02,0.));
#4783 = ADVANCED_FACE('',(#4784),#4795,.F.);
#4784 = FACE_BOUND('',#4785,.F.);
#4785 = EDGE_LOOP('',(#4786,#4792,#4793,#4794));
#4786 = ORIENTED_EDGE('',*,*,#4787,.T.);
#4787 = EDGE_CURVE('',#1222,#2738,#4788,.T.);
#4788 = LINE('',#4789,#4790);
#4789 = CARTESIAN_POINT('',(-1.651586909447,-19.93168986013,0.));
#4790 = VECTOR('',#4791,1.);
#4791 = DIRECTION('',(0.,0.,1.));
#4792 = ORIENTED_EDGE('',*,*,#2745,.T.);
#4793 = ORIENTED_EDGE('',*,*,#4753,.F.);
#4794 = ORIENTED_EDGE('',*,*,#1229,.F.);
#4795 = PLANE('',#4796);
#4796 = AXIS2_PLACEMENT_3D('',#4797,#4798,#4799);
#4797 = CARTESIAN_POINT('',(-1.651586909447,-19.93168986013,0.));
#4798 = DIRECTION('',(6.60905843257E-02,0.997813627219,0.));
#4799 = DIRECTION('',(0.997813627219,-6.60905843257E-02,0.));
#4800 = ADVANCED_FACE('',(#4801),#4812,.F.);
#4801 = FACE_BOUND('',#4802,.F.);
#4802 = EDGE_LOOP('',(#4803,#4804,#4805,#4811));
#4803 = ORIENTED_EDGE('',*,*,#4772,.T.);
#4804 = ORIENTED_EDGE('',*,*,#2025,.T.);
#4805 = ORIENTED_EDGE('',*,*,#4806,.F.);
#4806 = EDGE_CURVE('',#510,#2026,#4807,.T.);
#4807 = LINE('',#4808,#4809);
#4808 = CARTESIAN_POINT('',(-2.309692739392,19.866185327073,0.));
#4809 = VECTOR('',#4810,1.);
#4810 = DIRECTION('',(0.,0.,1.));
#4811 = ORIENTED_EDGE('',*,*,#509,.F.);
#4812 = PLANE('',#4813);
#4813 = AXIS2_PLACEMENT_3D('',#4814,#4815,#4816);
#4814 = CARTESIAN_POINT('',(-1.651586909447,19.931689860133,0.));
#4815 = DIRECTION('',(9.904553025046E-02,-0.995082902545,0.));
#4816 = DIRECTION('',(-0.995082902545,-9.904553025046E-02,0.));
#4817 = ADVANCED_FACE('',(#4818),#4829,.F.);
#4818 = FACE_BOUND('',#4819,.F.);
#4819 = EDGE_LOOP('',(#4820,#4826,#4827,#4828));
#4820 = ORIENTED_EDGE('',*,*,#4821,.T.);
#4821 = EDGE_CURVE('',#1214,#2730,#4822,.T.);
#4822 = LINE('',#4823,#4824);
#4823 = CARTESIAN_POINT('',(-2.309692739392,-19.86618532707,0.));
#4824 = VECTOR('',#4825,1.);
#4825 = DIRECTION('',(0.,0.,1.));
#4826 = ORIENTED_EDGE('',*,*,#2737,.T.);
#4827 = ORIENTED_EDGE('',*,*,#4787,.F.);
#4828 = ORIENTED_EDGE('',*,*,#1221,.F.);
#4829 = PLANE('',#4830);
#4830 = AXIS2_PLACEMENT_3D('',#4831,#4832,#4833);
#4831 = CARTESIAN_POINT('',(-2.309692739392,-19.86618532707,0.));
#4832 = DIRECTION('',(9.904553025046E-02,0.995082902545,0.));
#4833 = DIRECTION('',(0.995082902545,-9.904553025046E-02,0.));
#4834 = ADVANCED_FACE('',(#4835),#4846,.F.);
#4835 = FACE_BOUND('',#4836,.F.);
#4836 = EDGE_LOOP('',(#4837,#4838,#4839,#4845));
#4837 = ORIENTED_EDGE('',*,*,#4806,.T.);
#4838 = ORIENTED_EDGE('',*,*,#2033,.T.);
#4839 = ORIENTED_EDGE('',*,*,#4840,.F.);
#4840 = EDGE_CURVE('',#518,#2034,#4841,.T.);
#4841 = LINE('',#4842,#4843);
#4842 = CARTESIAN_POINT('',(-3.081819328722,21.783075761359,0.));
#4843 = VECTOR('',#4844,1.);
#4844 = DIRECTION('',(0.,0.,1.));
#4845 = ORIENTED_EDGE('',*,*,#517,.F.);
#4846 = PLANE('',#4847);
#4847 = AXIS2_PLACEMENT_3D('',#4848,#4849,#4850);
#4848 = CARTESIAN_POINT('',(-2.309692739392,19.866185327073,0.));
#4849 = DIRECTION('',(-0.927577874699,-0.373629878849,0.));
#4850 = DIRECTION('',(-0.373629878849,0.927577874699,0.));
#4851 = ADVANCED_FACE('',(#4852),#4863,.F.);
#4852 = FACE_BOUND('',#4853,.F.);
#4853 = EDGE_LOOP('',(#4854,#4860,#4861,#4862));
#4854 = ORIENTED_EDGE('',*,*,#4855,.T.);
#4855 = EDGE_CURVE('',#1206,#2722,#4856,.T.);
#4856 = LINE('',#4857,#4858);
#4857 = CARTESIAN_POINT('',(-3.081819328722,-21.78307576135,0.));
#4858 = VECTOR('',#4859,1.);
#4859 = DIRECTION('',(0.,0.,1.));
#4860 = ORIENTED_EDGE('',*,*,#2729,.T.);
#4861 = ORIENTED_EDGE('',*,*,#4821,.F.);
#4862 = ORIENTED_EDGE('',*,*,#1213,.F.);
#4863 = PLANE('',#4864);
#4864 = AXIS2_PLACEMENT_3D('',#4865,#4866,#4867);
#4865 = CARTESIAN_POINT('',(-3.081819328722,-21.78307576135,0.));
#4866 = DIRECTION('',(-0.927577874699,0.373629878849,0.));
#4867 = DIRECTION('',(0.373629878849,0.927577874699,0.));
#4868 = ADVANCED_FACE('',(#4869),#4880,.F.);
#4869 = FACE_BOUND('',#4870,.F.);
#4870 = EDGE_LOOP('',(#4871,#4872,#4873,#4879));
#4871 = ORIENTED_EDGE('',*,*,#4840,.T.);
#4872 = ORIENTED_EDGE('',*,*,#2041,.T.);
#4873 = ORIENTED_EDGE('',*,*,#4874,.F.);
#4874 = EDGE_CURVE('',#526,#2042,#4875,.T.);
#4875 = LINE('',#4876,#4877);
#4876 = CARTESIAN_POINT('',(-4.158115280447,21.603473732585,0.));
#4877 = VECTOR('',#4878,1.);
#4878 = DIRECTION('',(0.,0.,1.));
#4879 = ORIENTED_EDGE('',*,*,#525,.F.);
#4880 = PLANE('',#4881);
#4881 = AXIS2_PLACEMENT_3D('',#4882,#4883,#4884);
#4882 = CARTESIAN_POINT('',(-3.081819328722,21.783075761359,0.));
#4883 = DIRECTION('',(0.164594590281,-0.986361303403,0.));
#4884 = DIRECTION('',(-0.986361303403,-0.164594590281,0.));
#4885 = ADVANCED_FACE('',(#4886),#4897,.F.);
#4886 = FACE_BOUND('',#4887,.F.);
#4887 = EDGE_LOOP('',(#4888,#4894,#4895,#4896));
#4888 = ORIENTED_EDGE('',*,*,#4889,.T.);
#4889 = EDGE_CURVE('',#1198,#2714,#4890,.T.);
#4890 = LINE('',#4891,#4892);
#4891 = CARTESIAN_POINT('',(-4.158115280447,-21.60347373258,0.));
#4892 = VECTOR('',#4893,1.);
#4893 = DIRECTION('',(0.,0.,1.));
#4894 = ORIENTED_EDGE('',*,*,#2721,.T.);
#4895 = ORIENTED_EDGE('',*,*,#4855,.F.);
#4896 = ORIENTED_EDGE('',*,*,#1205,.F.);
#4897 = PLANE('',#4898);
#4898 = AXIS2_PLACEMENT_3D('',#4899,#4900,#4901);
#4899 = CARTESIAN_POINT('',(-4.158115280447,-21.60347373258,0.));
#4900 = DIRECTION('',(0.164594590281,0.986361303403,0.));
#4901 = DIRECTION('',(0.986361303403,-0.164594590281,0.));
#4902 = ADVANCED_FACE('',(#4903),#4914,.F.);
#4903 = FACE_BOUND('',#4904,.F.);
#4904 = EDGE_LOOP('',(#4905,#4906,#4907,#4913));
#4905 = ORIENTED_EDGE('',*,*,#4874,.T.);
#4906 = ORIENTED_EDGE('',*,*,#2049,.T.);
#4907 = ORIENTED_EDGE('',*,*,#4908,.F.);
#4908 = EDGE_CURVE('',#534,#2050,#4909,.T.);
#4909 = LINE('',#4910,#4911);
#4910 = CARTESIAN_POINT('',(-4.265992614875,19.539736615672,0.));
#4911 = VECTOR('',#4912,1.);
#4912 = DIRECTION('',(0.,0.,1.));
#4913 = ORIENTED_EDGE('',*,*,#533,.F.);
#4914 = PLANE('',#4915);
#4915 = AXIS2_PLACEMENT_3D('',#4916,#4917,#4918);
#4916 = CARTESIAN_POINT('',(-4.158115280447,21.603473732585,0.));
#4917 = DIRECTION('',(0.998636570252,-5.220153786914E-02,0.));
#4918 = DIRECTION('',(-5.220153786914E-02,-0.998636570252,0.));
#4919 = ADVANCED_FACE('',(#4920),#4931,.F.);
#4920 = FACE_BOUND('',#4921,.F.);
#4921 = EDGE_LOOP('',(#4922,#4928,#4929,#4930));
#4922 = ORIENTED_EDGE('',*,*,#4923,.T.);
#4923 = EDGE_CURVE('',#1190,#2706,#4924,.T.);
#4924 = LINE('',#4925,#4926);
#4925 = CARTESIAN_POINT('',(-4.265992614875,-19.53973661567,0.));
#4926 = VECTOR('',#4927,1.);
#4927 = DIRECTION('',(0.,0.,1.));
#4928 = ORIENTED_EDGE('',*,*,#2713,.T.);
#4929 = ORIENTED_EDGE('',*,*,#4889,.F.);
#4930 = ORIENTED_EDGE('',*,*,#1197,.F.);
#4931 = PLANE('',#4932);
#4932 = AXIS2_PLACEMENT_3D('',#4933,#4934,#4935);
#4933 = CARTESIAN_POINT('',(-4.265992614875,-19.53973661567,0.));
#4934 = DIRECTION('',(0.998636570252,5.220153786915E-02,0.));
#4935 = DIRECTION('',(5.220153786915E-02,-0.998636570252,0.));
#4936 = ADVANCED_FACE('',(#4937),#4948,.F.);
#4937 = FACE_BOUND('',#4938,.F.);
#4938 = EDGE_LOOP('',(#4939,#4940,#4941,#4947));
#4939 = ORIENTED_EDGE('',*,*,#4908,.T.);
#4940 = ORIENTED_EDGE('',*,*,#2057,.T.);
#4941 = ORIENTED_EDGE('',*,*,#4942,.F.);
#4942 = EDGE_CURVE('',#542,#2058,#4943,.T.);
#4943 = LINE('',#4944,#4945);
#4944 = CARTESIAN_POINT('',(-4.909709742816,19.388005318787,0.));
#4945 = VECTOR('',#4946,1.);
#4946 = DIRECTION('',(0.,0.,1.));
#4947 = ORIENTED_EDGE('',*,*,#541,.F.);
#4948 = PLANE('',#4949);
#4949 = AXIS2_PLACEMENT_3D('',#4950,#4951,#4952);
#4950 = CARTESIAN_POINT('',(-4.265992614875,19.539736615672,0.));
#4951 = DIRECTION('',(0.229423920047,-0.973326597248,0.));
#4952 = DIRECTION('',(-0.973326597248,-0.229423920047,0.));
#4953 = ADVANCED_FACE('',(#4954),#4965,.F.);
#4954 = FACE_BOUND('',#4955,.F.);
#4955 = EDGE_LOOP('',(#4956,#4962,#4963,#4964));
#4956 = ORIENTED_EDGE('',*,*,#4957,.T.);
#4957 = EDGE_CURVE('',#1182,#2698,#4958,.T.);
#4958 = LINE('',#4959,#4960);
#4959 = CARTESIAN_POINT('',(-4.909709742816,-19.38800531878,0.));
#4960 = VECTOR('',#4961,1.);
#4961 = DIRECTION('',(0.,0.,1.));
#4962 = ORIENTED_EDGE('',*,*,#2705,.T.);
#4963 = ORIENTED_EDGE('',*,*,#4923,.F.);
#4964 = ORIENTED_EDGE('',*,*,#1189,.F.);
#4965 = PLANE('',#4966);
#4966 = AXIS2_PLACEMENT_3D('',#4967,#4968,#4969);
#4967 = CARTESIAN_POINT('',(-4.909709742816,-19.38800531878,0.));
#4968 = DIRECTION('',(0.229423920047,0.973326597248,0.));
#4969 = DIRECTION('',(0.973326597248,-0.229423920047,0.));
#4970 = ADVANCED_FACE('',(#4971),#4982,.F.);
#4971 = FACE_BOUND('',#4972,.F.);
#4972 = EDGE_LOOP('',(#4973,#4974,#4975,#4981));
#4973 = ORIENTED_EDGE('',*,*,#4942,.T.);
#4974 = ORIENTED_EDGE('',*,*,#2065,.T.);
#4975 = ORIENTED_EDGE('',*,*,#4976,.F.);
#4976 = EDGE_CURVE('',#550,#2066,#4977,.T.);
#4977 = LINE('',#4978,#4979);
#4978 = CARTESIAN_POINT('',(-5.548058175237,19.215073522737,0.));
#4979 = VECTOR('',#4980,1.);
#4980 = DIRECTION('',(0.,0.,1.));
#4981 = ORIENTED_EDGE('',*,*,#549,.F.);
#4982 = PLANE('',#4983);
#4983 = AXIS2_PLACEMENT_3D('',#4984,#4985,#4986);
#4984 = CARTESIAN_POINT('',(-4.909709742816,19.388005318787,0.));
#4985 = DIRECTION('',(0.261479940954,-0.965208910277,0.));
#4986 = DIRECTION('',(-0.965208910277,-0.261479940954,0.));
#4987 = ADVANCED_FACE('',(#4988),#4999,.F.);
#4988 = FACE_BOUND('',#4989,.F.);
#4989 = EDGE_LOOP('',(#4990,#4996,#4997,#4998));
#4990 = ORIENTED_EDGE('',*,*,#4991,.T.);
#4991 = EDGE_CURVE('',#1174,#2690,#4992,.T.);
#4992 = LINE('',#4993,#4994);
#4993 = CARTESIAN_POINT('',(-5.548058175237,-19.21507352273,0.));
#4994 = VECTOR('',#4995,1.);
#4995 = DIRECTION('',(0.,0.,1.));
#4996 = ORIENTED_EDGE('',*,*,#2697,.T.);
#4997 = ORIENTED_EDGE('',*,*,#4957,.F.);
#4998 = ORIENTED_EDGE('',*,*,#1181,.F.);
#4999 = PLANE('',#5000);
#5000 = AXIS2_PLACEMENT_3D('',#5001,#5002,#5003);
#5001 = CARTESIAN_POINT('',(-5.548058175237,-19.21507352273,0.));
#5002 = DIRECTION('',(0.261479940954,0.965208910277,0.));
#5003 = DIRECTION('',(0.965208910277,-0.261479940954,0.));
#5004 = ADVANCED_FACE('',(#5005),#5016,.F.);
#5005 = FACE_BOUND('',#5006,.F.);
#5006 = EDGE_LOOP('',(#5007,#5008,#5009,#5015));
#5007 = ORIENTED_EDGE('',*,*,#4976,.T.);
#5008 = ORIENTED_EDGE('',*,*,#2073,.T.);
#5009 = ORIENTED_EDGE('',*,*,#5010,.F.);
#5010 = EDGE_CURVE('',#558,#2074,#5011,.T.);
#5011 = LINE('',#5012,#5013);
#5012 = CARTESIAN_POINT('',(-6.625163759925,20.978732210364,0.));
#5013 = VECTOR('',#5014,1.);
#5014 = DIRECTION('',(0.,0.,1.));
#5015 = ORIENTED_EDGE('',*,*,#557,.F.);
#5016 = PLANE('',#5017);
#5017 = AXIS2_PLACEMENT_3D('',#5018,#5019,#5020);
#5018 = CARTESIAN_POINT('',(-5.548058175237,19.215073522737,0.));
#5019 = DIRECTION('',(-0.85342946467,-0.521208354531,0.));
#5020 = DIRECTION('',(-0.521208354531,0.85342946467,0.));
#5021 = ADVANCED_FACE('',(#5022),#5033,.F.);
#5022 = FACE_BOUND('',#5023,.F.);
#5023 = EDGE_LOOP('',(#5024,#5030,#5031,#5032));
#5024 = ORIENTED_EDGE('',*,*,#5025,.T.);
#5025 = EDGE_CURVE('',#1166,#2682,#5026,.T.);
#5026 = LINE('',#5027,#5028);
#5027 = CARTESIAN_POINT('',(-6.625163759925,-20.97873221036,0.));
#5028 = VECTOR('',#5029,1.);
#5029 = DIRECTION('',(0.,0.,1.));
#5030 = ORIENTED_EDGE('',*,*,#2689,.T.);
#5031 = ORIENTED_EDGE('',*,*,#4991,.F.);
#5032 = ORIENTED_EDGE('',*,*,#1173,.F.);
#5033 = PLANE('',#5034);
#5034 = AXIS2_PLACEMENT_3D('',#5035,#5036,#5037);
#5035 = CARTESIAN_POINT('',(-6.625163759925,-20.97873221036,0.));
#5036 = DIRECTION('',(-0.85342946467,0.521208354531,0.));
#5037 = DIRECTION('',(0.521208354531,0.85342946467,0.));
#5038 = ADVANCED_FACE('',(#5039),#5050,.F.);
#5039 = FACE_BOUND('',#5040,.F.);
#5040 = EDGE_LOOP('',(#5041,#5042,#5043,#5049));
#5041 = ORIENTED_EDGE('',*,*,#5010,.T.);
#5042 = ORIENTED_EDGE('',*,*,#2081,.T.);
#5043 = ORIENTED_EDGE('',*,*,#5044,.F.);
#5044 = EDGE_CURVE('',#566,#2082,#5045,.T.);
#5045 = LINE('',#5046,#5047);
#5046 = CARTESIAN_POINT('',(-7.657218915376,20.624427227974,0.));
#5047 = VECTOR('',#5048,1.);
#5048 = DIRECTION('',(0.,0.,1.));
#5049 = ORIENTED_EDGE('',*,*,#565,.F.);
#5050 = PLANE('',#5051);
#5051 = AXIS2_PLACEMENT_3D('',#5052,#5053,#5054);
#5052 = CARTESIAN_POINT('',(-6.625163759925,20.978732210364,0.));
#5053 = DIRECTION('',(0.324699469205,-0.945817241701,0.));
#5054 = DIRECTION('',(-0.945817241701,-0.324699469205,0.));
#5055 = ADVANCED_FACE('',(#5056),#5067,.F.);
#5056 = FACE_BOUND('',#5057,.F.);
#5057 = EDGE_LOOP('',(#5058,#5064,#5065,#5066));
#5058 = ORIENTED_EDGE('',*,*,#5059,.T.);
#5059 = EDGE_CURVE('',#1158,#2674,#5060,.T.);
#5060 = LINE('',#5061,#5062);
#5061 = CARTESIAN_POINT('',(-7.657218915376,-20.62442722797,0.));
#5062 = VECTOR('',#5063,1.);
#5063 = DIRECTION('',(0.,0.,1.));
#5064 = ORIENTED_EDGE('',*,*,#2681,.T.);
#5065 = ORIENTED_EDGE('',*,*,#5025,.F.);
#5066 = ORIENTED_EDGE('',*,*,#1165,.F.);
#5067 = PLANE('',#5068);
#5068 = AXIS2_PLACEMENT_3D('',#5069,#5070,#5071);
#5069 = CARTESIAN_POINT('',(-7.657218915376,-20.62442722797,0.));
#5070 = DIRECTION('',(0.324699469205,0.945817241701,0.));
#5071 = DIRECTION('',(0.945817241701,-0.324699469205,0.));
#5072 = ADVANCED_FACE('',(#5073),#5084,.F.);
#5073 = FACE_BOUND('',#5074,.F.);
#5074 = EDGE_LOOP('',(#5075,#5076,#5077,#5083));
#5075 = ORIENTED_EDGE('',*,*,#5044,.T.);
#5076 = ORIENTED_EDGE('',*,*,#2089,.T.);
#5077 = ORIENTED_EDGE('',*,*,#5078,.F.);
#5078 = EDGE_CURVE('',#574,#2090,#5079,.T.);
#5079 = LINE('',#5080,#5081);
#5080 = CARTESIAN_POINT('',(-7.423944978364,18.571080769794,0.));
#5081 = VECTOR('',#5082,1.);
#5082 = DIRECTION('',(0.,0.,1.));
#5083 = ORIENTED_EDGE('',*,*,#573,.F.);
#5084 = PLANE('',#5085);
#5085 = AXIS2_PLACEMENT_3D('',#5086,#5087,#5088);
#5086 = CARTESIAN_POINT('',(-7.657218915376,20.624427227974,0.));
#5087 = DIRECTION('',(0.993608559797,0.112880600188,0.));
#5088 = DIRECTION('',(0.112880600188,-0.993608559797,0.));
#5089 = ADVANCED_FACE('',(#5090),#5101,.F.);
#5090 = FACE_BOUND('',#5091,.F.);
#5091 = EDGE_LOOP('',(#5092,#5098,#5099,#5100));
#5092 = ORIENTED_EDGE('',*,*,#5093,.T.);
#5093 = EDGE_CURVE('',#1150,#2666,#5094,.T.);
#5094 = LINE('',#5095,#5096);
#5095 = CARTESIAN_POINT('',(-7.423944978364,-18.57108076979,0.));
#5096 = VECTOR('',#5097,1.);
#5097 = DIRECTION('',(0.,0.,1.));
#5098 = ORIENTED_EDGE('',*,*,#2673,.T.);
#5099 = ORIENTED_EDGE('',*,*,#5059,.F.);
#5100 = ORIENTED_EDGE('',*,*,#1157,.F.);
#5101 = PLANE('',#5102);
#5102 = AXIS2_PLACEMENT_3D('',#5103,#5104,#5105);
#5103 = CARTESIAN_POINT('',(-7.423944978364,-18.57108076979,0.));
#5104 = DIRECTION('',(0.993608559797,-0.112880600188,0.));
#5105 = DIRECTION('',(-0.112880600188,-0.993608559797,0.));
#5106 = ADVANCED_FACE('',(#5107),#5118,.F.);
#5107 = FACE_BOUND('',#5108,.F.);
#5108 = EDGE_LOOP('',(#5109,#5110,#5111,#5117));
#5109 = ORIENTED_EDGE('',*,*,#5078,.T.);
#5110 = ORIENTED_EDGE('',*,*,#2097,.T.);
#5111 = ORIENTED_EDGE('',*,*,#5112,.F.);
#5112 = EDGE_CURVE('',#582,#2098,#5113,.T.);
#5113 = LINE('',#5114,#5115);
#5114 = CARTESIAN_POINT('',(-8.033908493059,18.315466533101,0.));
#5115 = VECTOR('',#5116,1.);
#5116 = DIRECTION('',(0.,0.,1.));
#5117 = ORIENTED_EDGE('',*,*,#581,.F.);
#5118 = PLANE('',#5119);
#5119 = AXIS2_PLACEMENT_3D('',#5120,#5121,#5122);
#5120 = CARTESIAN_POINT('',(-7.423944978364,18.571080769794,0.));
#5121 = DIRECTION('',(0.386499169292,-0.922289754977,0.));
#5122 = DIRECTION('',(-0.922289754977,-0.386499169292,0.));
#5123 = ADVANCED_FACE('',(#5124),#5135,.F.);
#5124 = FACE_BOUND('',#5125,.F.);
#5125 = EDGE_LOOP('',(#5126,#5132,#5133,#5134));
#5126 = ORIENTED_EDGE('',*,*,#5127,.T.);
#5127 = EDGE_CURVE('',#1142,#2658,#5128,.T.);
#5128 = LINE('',#5129,#5130);
#5129 = CARTESIAN_POINT('',(-8.033908493059,-18.3154665331,0.));
#5130 = VECTOR('',#5131,1.);
#5131 = DIRECTION('',(0.,0.,1.));
#5132 = ORIENTED_EDGE('',*,*,#2665,.T.);
#5133 = ORIENTED_EDGE('',*,*,#5093,.F.);
#5134 = ORIENTED_EDGE('',*,*,#1149,.F.);
#5135 = PLANE('',#5136);
#5136 = AXIS2_PLACEMENT_3D('',#5137,#5138,#5139);
#5137 = CARTESIAN_POINT('',(-8.033908493059,-18.3154665331,0.));
#5138 = DIRECTION('',(0.386499169292,0.922289754977,0.));
#5139 = DIRECTION('',(0.922289754977,-0.386499169292,0.));
#5140 = ADVANCED_FACE('',(#5141),#5152,.F.);
#5141 = FACE_BOUND('',#5142,.F.);
#5142 = EDGE_LOOP('',(#5143,#5144,#5145,#5151));
#5143 = ORIENTED_EDGE('',*,*,#5112,.T.);
#5144 = ORIENTED_EDGE('',*,*,#2105,.T.);
#5145 = ORIENTED_EDGE('',*,*,#5146,.F.);
#5146 = EDGE_CURVE('',#590,#2106,#5147,.T.);
#5147 = LINE('',#5148,#5149);
#5148 = CARTESIAN_POINT('',(-8.63508704677,18.039824602659,0.));
#5149 = VECTOR('',#5150,1.);
#5150 = DIRECTION('',(0.,0.,1.));
#5151 = ORIENTED_EDGE('',*,*,#589,.F.);
#5152 = PLANE('',#5153);
#5153 = AXIS2_PLACEMENT_3D('',#5154,#5155,#5156);
#5154 = CARTESIAN_POINT('',(-8.033908493059,18.315466533101,0.));
#5155 = DIRECTION('',(0.416781860495,-0.909006535049,0.));
#5156 = DIRECTION('',(-0.909006535049,-0.416781860495,0.));
#5157 = ADVANCED_FACE('',(#5158),#5169,.F.);
#5158 = FACE_BOUND('',#5159,.F.);
#5159 = EDGE_LOOP('',(#5160,#5166,#5167,#5168));
#5160 = ORIENTED_EDGE('',*,*,#5161,.T.);
#5161 = EDGE_CURVE('',#1134,#2650,#5162,.T.);
#5162 = LINE('',#5163,#5164);
#5163 = CARTESIAN_POINT('',(-8.63508704677,-18.03982460265,0.));
#5164 = VECTOR('',#5165,1.);
#5165 = DIRECTION('',(0.,0.,1.));
#5166 = ORIENTED_EDGE('',*,*,#2657,.T.);
#5167 = ORIENTED_EDGE('',*,*,#5127,.F.);
#5168 = ORIENTED_EDGE('',*,*,#1141,.F.);
#5169 = PLANE('',#5170);
#5170 = AXIS2_PLACEMENT_3D('',#5171,#5172,#5173);
#5171 = CARTESIAN_POINT('',(-8.63508704677,-18.03982460265,0.));
#5172 = DIRECTION('',(0.416781860495,0.909006535049,0.));
#5173 = DIRECTION('',(0.909006535049,-0.416781860495,0.));
#5174 = ADVANCED_FACE('',(#5175),#5186,.F.);
#5175 = FACE_BOUND('',#5176,.F.);
#5176 = EDGE_LOOP('',(#5177,#5178,#5179,#5185));
#5177 = ORIENTED_EDGE('',*,*,#5146,.T.);
#5178 = ORIENTED_EDGE('',*,*,#2113,.T.);
#5179 = ORIENTED_EDGE('',*,*,#5180,.F.);
#5180 = EDGE_CURVE('',#598,#2114,#5181,.T.);
#5181 = LINE('',#5182,#5183);
#5182 = CARTESIAN_POINT('',(-9.98779099427,19.602143532144,0.));
#5183 = VECTOR('',#5184,1.);
#5184 = DIRECTION('',(0.,0.,1.));
#5185 = ORIENTED_EDGE('',*,*,#597,.F.);
#5186 = PLANE('',#5187);
#5187 = AXIS2_PLACEMENT_3D('',#5188,#5189,#5190);
#5188 = CARTESIAN_POINT('',(-8.63508704677,18.039824602659,0.));
#5189 = DIRECTION('',(-0.756001723569,-0.654569624991,0.));
#5190 = DIRECTION('',(-0.654569624991,0.756001723569,0.));
#5191 = ADVANCED_FACE('',(#5192),#5203,.F.);
#5192 = FACE_BOUND('',#5193,.F.);
#5193 = EDGE_LOOP('',(#5194,#5200,#5201,#5202));
#5194 = ORIENTED_EDGE('',*,*,#5195,.T.);
#5195 = EDGE_CURVE('',#1126,#2642,#5196,.T.);
#5196 = LINE('',#5197,#5198);
#5197 = CARTESIAN_POINT('',(-9.98779099427,-19.60214353214,0.));
#5198 = VECTOR('',#5199,1.);
#5199 = DIRECTION('',(0.,0.,1.));
#5200 = ORIENTED_EDGE('',*,*,#2649,.T.);
#5201 = ORIENTED_EDGE('',*,*,#5161,.F.);
#5202 = ORIENTED_EDGE('',*,*,#1133,.F.);
#5203 = PLANE('',#5204);
#5204 = AXIS2_PLACEMENT_3D('',#5205,#5206,#5207);
#5205 = CARTESIAN_POINT('',(-9.98779099427,-19.60214353214,0.));
#5206 = DIRECTION('',(-0.756001723569,0.654569624991,0.));
#5207 = DIRECTION('',(0.654569624991,0.756001723569,0.));
#5208 = ADVANCED_FACE('',(#5209),#5220,.F.);
#5209 = FACE_BOUND('',#5210,.F.);
#5210 = EDGE_LOOP('',(#5211,#5212,#5213,#5219));
#5211 = ORIENTED_EDGE('',*,*,#5180,.T.);
#5212 = ORIENTED_EDGE('',*,*,#2121,.T.);
#5213 = ORIENTED_EDGE('',*,*,#5214,.F.);
#5214 = EDGE_CURVE('',#606,#2122,#5215,.T.);
#5215 = LINE('',#5216,#5217);
#5216 = CARTESIAN_POINT('',(-10.94745357917,19.082800112453,0.));
#5217 = VECTOR('',#5218,1.);
#5218 = DIRECTION('',(0.,0.,1.));
#5219 = ORIENTED_EDGE('',*,*,#605,.F.);
#5220 = PLANE('',#5221);
#5221 = AXIS2_PLACEMENT_3D('',#5222,#5223,#5224);
#5222 = CARTESIAN_POINT('',(-9.98779099427,19.602143532144,0.));
#5223 = DIRECTION('',(0.475947393037,-0.879473751206,0.));
#5224 = DIRECTION('',(-0.879473751206,-0.475947393037,0.));
#5225 = ADVANCED_FACE('',(#5226),#5237,.F.);
#5226 = FACE_BOUND('',#5227,.F.);
#5227 = EDGE_LOOP('',(#5228,#5234,#5235,#5236));
#5228 = ORIENTED_EDGE('',*,*,#5229,.T.);
#5229 = EDGE_CURVE('',#1118,#2634,#5230,.T.);
#5230 = LINE('',#5231,#5232);
#5231 = CARTESIAN_POINT('',(-10.94745357917,-19.08280011245,0.));
#5232 = VECTOR('',#5233,1.);
#5233 = DIRECTION('',(0.,0.,1.));
#5234 = ORIENTED_EDGE('',*,*,#2641,.T.);
#5235 = ORIENTED_EDGE('',*,*,#5195,.F.);
#5236 = ORIENTED_EDGE('',*,*,#1125,.F.);
#5237 = PLANE('',#5238);
#5238 = AXIS2_PLACEMENT_3D('',#5239,#5240,#5241);
#5239 = CARTESIAN_POINT('',(-10.94745357917,-19.08280011245,0.));
#5240 = DIRECTION('',(0.475947393037,0.879473751206,0.));
#5241 = DIRECTION('',(0.879473751206,-0.475947393037,0.));
#5242 = ADVANCED_FACE('',(#5243),#5254,.F.);
#5243 = FACE_BOUND('',#5244,.F.);
#5244 = EDGE_LOOP('',(#5245,#5246,#5247,#5253));
#5245 = ORIENTED_EDGE('',*,*,#5214,.T.);
#5246 = ORIENTED_EDGE('',*,*,#2129,.T.);
#5247 = ORIENTED_EDGE('',*,*,#5248,.F.);
#5248 = EDGE_CURVE('',#614,#2130,#5249,.T.);
#5249 = LINE('',#5250,#5251);
#5250 = CARTESIAN_POINT('',(-10.37939147562,17.095854251711,0.));
#5251 = VECTOR('',#5252,1.);
#5252 = DIRECTION('',(0.,0.,1.));
#5253 = ORIENTED_EDGE('',*,*,#613,.F.);
#5254 = PLANE('',#5255);
#5255 = AXIS2_PLACEMENT_3D('',#5256,#5257,#5258);
#5256 = CARTESIAN_POINT('',(-10.94745357917,19.082800112453,0.));
#5257 = DIRECTION('',(0.961477497975,0.274883649729,0.));
#5258 = DIRECTION('',(0.274883649729,-0.961477497975,0.));
#5259 = ADVANCED_FACE('',(#5260),#5271,.F.);
#5260 = FACE_BOUND('',#5261,.F.);
#5261 = EDGE_LOOP('',(#5262,#5268,#5269,#5270));
#5262 = ORIENTED_EDGE('',*,*,#5263,.T.);
#5263 = EDGE_CURVE('',#1110,#2626,#5264,.T.);
#5264 = LINE('',#5265,#5266);
#5265 = CARTESIAN_POINT('',(-10.37939147562,-17.09585425171,0.));
#5266 = VECTOR('',#5267,1.);
#5267 = DIRECTION('',(0.,0.,1.));
#5268 = ORIENTED_EDGE('',*,*,#2633,.T.);
#5269 = ORIENTED_EDGE('',*,*,#5229,.F.);
#5270 = ORIENTED_EDGE('',*,*,#1117,.F.);
#5271 = PLANE('',#5272);
#5272 = AXIS2_PLACEMENT_3D('',#5273,#5274,#5275);
#5273 = CARTESIAN_POINT('',(-10.37939147562,-17.09585425171,0.));
#5274 = DIRECTION('',(0.961477497975,-0.274883649729,0.));
#5275 = DIRECTION('',(-0.274883649729,-0.961477497975,0.));
#5276 = ADVANCED_FACE('',(#5277),#5288,.F.);
#5277 = FACE_BOUND('',#5278,.F.);
#5278 = EDGE_LOOP('',(#5279,#5280,#5281,#5287));
#5279 = ORIENTED_EDGE('',*,*,#5248,.T.);
#5280 = ORIENTED_EDGE('',*,*,#2137,.T.);
#5281 = ORIENTED_EDGE('',*,*,#5282,.F.);
#5282 = EDGE_CURVE('',#622,#2138,#5283,.T.);
#5283 = LINE('',#5284,#5285);
#5284 = CARTESIAN_POINT('',(-10.93896316244,16.743329565251,0.));
#5285 = VECTOR('',#5286,1.);
#5286 = DIRECTION('',(0.,0.,1.));
#5287 = ORIENTED_EDGE('',*,*,#621,.F.);
#5288 = PLANE('',#5289);
#5289 = AXIS2_PLACEMENT_3D('',#5290,#5291,#5292);
#5290 = CARTESIAN_POINT('',(-10.37939147562,17.095854251711,0.));
#5291 = DIRECTION('',(0.533031728728,-0.846095252421,0.));
#5292 = DIRECTION('',(-0.846095252421,-0.533031728728,0.));
#5293 = ADVANCED_FACE('',(#5294),#5305,.F.);
#5294 = FACE_BOUND('',#5295,.F.);
#5295 = EDGE_LOOP('',(#5296,#5302,#5303,#5304));
#5296 = ORIENTED_EDGE('',*,*,#5297,.T.);
#5297 = EDGE_CURVE('',#1102,#2618,#5298,.T.);
#5298 = LINE('',#5299,#5300);
#5299 = CARTESIAN_POINT('',(-10.93896316244,-16.74332956525,0.));
#5300 = VECTOR('',#5301,1.);
#5301 = DIRECTION('',(0.,0.,1.));
#5302 = ORIENTED_EDGE('',*,*,#2625,.T.);
#5303 = ORIENTED_EDGE('',*,*,#5263,.F.);
#5304 = ORIENTED_EDGE('',*,*,#1109,.F.);
#5305 = PLANE('',#5306);
#5306 = AXIS2_PLACEMENT_3D('',#5307,#5308,#5309);
#5307 = CARTESIAN_POINT('',(-10.93896316244,-16.74332956525,0.));
#5308 = DIRECTION('',(0.533031728728,0.846095252421,0.));
#5309 = DIRECTION('',(0.846095252421,-0.533031728728,0.));
#5310 = ADVANCED_FACE('',(#5311),#5322,.F.);
#5311 = FACE_BOUND('',#5312,.F.);
#5312 = EDGE_LOOP('',(#5313,#5314,#5315,#5321));
#5313 = ORIENTED_EDGE('',*,*,#5282,.T.);
#5314 = ORIENTED_EDGE('',*,*,#2145,.T.);
#5315 = ORIENTED_EDGE('',*,*,#5316,.F.);
#5316 = EDGE_CURVE('',#630,#2146,#5317,.T.);
#5317 = LINE('',#5318,#5319);
#5318 = CARTESIAN_POINT('',(-11.48657325365,16.372496293734,0.));
#5319 = VECTOR('',#5320,1.);
#5320 = DIRECTION('',(0.,0.,1.));
#5321 = ORIENTED_EDGE('',*,*,#629,.F.);
#5322 = PLANE('',#5323);
#5323 = AXIS2_PLACEMENT_3D('',#5324,#5325,#5326);
#5324 = CARTESIAN_POINT('',(-10.93896316244,16.743329565251,0.));
#5325 = DIRECTION('',(0.560715057352,-0.828008831148,0.));
#5326 = DIRECTION('',(-0.828008831148,-0.560715057352,0.));
#5327 = ADVANCED_FACE('',(#5328),#5339,.F.);
#5328 = FACE_BOUND('',#5329,.F.);
#5329 = EDGE_LOOP('',(#5330,#5336,#5337,#5338));
#5330 = ORIENTED_EDGE('',*,*,#5331,.T.);
#5331 = EDGE_CURVE('',#1094,#2610,#5332,.T.);
#5332 = LINE('',#5333,#5334);
#5333 = CARTESIAN_POINT('',(-11.48657325365,-16.37249629373,0.));
#5334 = VECTOR('',#5335,1.);
#5335 = DIRECTION('',(0.,0.,1.));
#5336 = ORIENTED_EDGE('',*,*,#2617,.T.);
#5337 = ORIENTED_EDGE('',*,*,#5297,.F.);
#5338 = ORIENTED_EDGE('',*,*,#1101,.F.);
#5339 = PLANE('',#5340);
#5340 = AXIS2_PLACEMENT_3D('',#5341,#5342,#5343);
#5341 = CARTESIAN_POINT('',(-11.48657325365,-16.37249629373,0.));
#5342 = DIRECTION('',(0.560715057352,0.828008831148,0.));
#5343 = DIRECTION('',(0.828008831148,-0.560715057352,0.));
#5344 = ADVANCED_FACE('',(#5345),#5356,.F.);
#5345 = FACE_BOUND('',#5346,.F.);
#5346 = EDGE_LOOP('',(#5347,#5348,#5349,#5355));
#5347 = ORIENTED_EDGE('',*,*,#5316,.T.);
#5348 = ORIENTED_EDGE('',*,*,#2153,.T.);
#5349 = ORIENTED_EDGE('',*,*,#5350,.F.);
#5350 = EDGE_CURVE('',#638,#2154,#5351,.T.);
#5351 = LINE('',#5352,#5353);
#5352 = CARTESIAN_POINT('',(-13.07797732652,17.690859477341,0.));
#5353 = VECTOR('',#5354,1.);
#5354 = DIRECTION('',(0.,0.,1.));
#5355 = ORIENTED_EDGE('',*,*,#637,.F.);
#5356 = PLANE('',#5357);
#5357 = AXIS2_PLACEMENT_3D('',#5358,#5359,#5360);
#5358 = CARTESIAN_POINT('',(-11.48657325365,16.372496293734,0.));
#5359 = DIRECTION('',(-0.637952226199,-0.770075942416,0.));
#5360 = DIRECTION('',(-0.770075942416,0.637952226199,0.));
#5361 = ADVANCED_FACE('',(#5362),#5373,.F.);
#5362 = FACE_BOUND('',#5363,.F.);
#5363 = EDGE_LOOP('',(#5364,#5370,#5371,#5372));
#5364 = ORIENTED_EDGE('',*,*,#5365,.T.);
#5365 = EDGE_CURVE('',#1086,#2602,#5366,.T.);
#5366 = LINE('',#5367,#5368);
#5367 = CARTESIAN_POINT('',(-13.07797732652,-17.69085947734,0.));
#5368 = VECTOR('',#5369,1.);
#5369 = DIRECTION('',(0.,0.,1.));
#5370 = ORIENTED_EDGE('',*,*,#2609,.T.);
#5371 = ORIENTED_EDGE('',*,*,#5331,.F.);
#5372 = ORIENTED_EDGE('',*,*,#1093,.F.);
#5373 = PLANE('',#5374);
#5374 = AXIS2_PLACEMENT_3D('',#5375,#5376,#5377);
#5375 = CARTESIAN_POINT('',(-13.07797732652,-17.69085947734,0.));
#5376 = DIRECTION('',(-0.637952226199,0.770075942416,0.));
#5377 = DIRECTION('',(0.770075942416,0.637952226199,0.));
#5378 = ADVANCED_FACE('',(#5379),#5390,.F.);
#5379 = FACE_BOUND('',#5380,.F.);
#5380 = EDGE_LOOP('',(#5381,#5382,#5383,#5389));
#5381 = ORIENTED_EDGE('',*,*,#5350,.T.);
#5382 = ORIENTED_EDGE('',*,*,#2161,.T.);
#5383 = ORIENTED_EDGE('',*,*,#5384,.F.);
#5384 = EDGE_CURVE('',#646,#2162,#5385,.T.);
#5385 = LINE('',#5386,#5387);
#5386 = CARTESIAN_POINT('',(-13.93907024721,17.020643955011,0.));
#5387 = VECTOR('',#5388,1.);
#5388 = DIRECTION('',(0.,0.,1.));
#5389 = ORIENTED_EDGE('',*,*,#645,.F.);
#5390 = PLANE('',#5391);
#5391 = AXIS2_PLACEMENT_3D('',#5392,#5393,#5394);
#5392 = CARTESIAN_POINT('',(-13.07797732652,17.690859477341,0.));
#5393 = DIRECTION('',(0.61421271269,-0.789140509396,0.));
#5394 = DIRECTION('',(-0.789140509396,-0.61421271269,0.));
#5395 = ADVANCED_FACE('',(#5396),#5407,.F.);
#5396 = FACE_BOUND('',#5397,.F.);
#5397 = EDGE_LOOP('',(#5398,#5404,#5405,#5406));
#5398 = ORIENTED_EDGE('',*,*,#5399,.T.);
#5399 = EDGE_CURVE('',#1078,#2594,#5400,.T.);
#5400 = LINE('',#5401,#5402);
#5401 = CARTESIAN_POINT('',(-13.93907024721,-17.02064395501,0.));
#5402 = VECTOR('',#5403,1.);
#5403 = DIRECTION('',(0.,0.,1.));
#5404 = ORIENTED_EDGE('',*,*,#2601,.T.);
#5405 = ORIENTED_EDGE('',*,*,#5365,.F.);
#5406 = ORIENTED_EDGE('',*,*,#1085,.F.);
#5407 = PLANE('',#5408);
#5408 = AXIS2_PLACEMENT_3D('',#5409,#5410,#5411);
#5409 = CARTESIAN_POINT('',(-13.93907024721,-17.02064395501,0.));
#5410 = DIRECTION('',(0.61421271269,0.789140509396,0.));
#5411 = DIRECTION('',(0.789140509396,-0.61421271269,0.));
#5412 = ADVANCED_FACE('',(#5413),#5424,.F.);
#5413 = FACE_BOUND('',#5414,.F.);
#5414 = EDGE_LOOP('',(#5415,#5416,#5417,#5423));
#5415 = ORIENTED_EDGE('',*,*,#5384,.T.);
#5416 = ORIENTED_EDGE('',*,*,#2169,.T.);
#5417 = ORIENTED_EDGE('',*,*,#5418,.F.);
#5418 = EDGE_CURVE('',#654,#2170,#5419,.T.);
#5419 = LINE('',#5420,#5421);
#5420 = CARTESIAN_POINT('',(-13.05171523048,15.154297395207,0.));
#5421 = VECTOR('',#5422,1.);
#5422 = DIRECTION('',(0.,0.,1.));
#5423 = ORIENTED_EDGE('',*,*,#653,.F.);
#5424 = PLANE('',#5425);
#5425 = AXIS2_PLACEMENT_3D('',#5426,#5427,#5428);
#5426 = CARTESIAN_POINT('',(-13.93907024721,17.020643955011,0.));
#5427 = DIRECTION('',(0.903119836393,0.429388589874,0.));
#5428 = DIRECTION('',(0.429388589874,-0.903119836393,0.));
#5429 = ADVANCED_FACE('',(#5430),#5441,.F.);
#5430 = FACE_BOUND('',#5431,.F.);
#5431 = EDGE_LOOP('',(#5432,#5438,#5439,#5440));
#5432 = ORIENTED_EDGE('',*,*,#5433,.T.);
#5433 = EDGE_CURVE('',#1070,#2586,#5434,.T.);
#5434 = LINE('',#5435,#5436);
#5435 = CARTESIAN_POINT('',(-13.05171523048,-15.1542973952,0.));
#5436 = VECTOR('',#5437,1.);
#5437 = DIRECTION('',(0.,0.,1.));
#5438 = ORIENTED_EDGE('',*,*,#2593,.T.);
#5439 = ORIENTED_EDGE('',*,*,#5399,.F.);
#5440 = ORIENTED_EDGE('',*,*,#1077,.F.);
#5441 = PLANE('',#5442);
#5442 = AXIS2_PLACEMENT_3D('',#5443,#5444,#5445);
#5443 = CARTESIAN_POINT('',(-13.05171523048,-15.1542973952,0.));
#5444 = DIRECTION('',(0.903119836393,-0.429388589874,0.));
#5445 = DIRECTION('',(-0.429388589874,-0.903119836393,0.));
#5446 = ADVANCED_FACE('',(#5447),#5458,.F.);
#5447 = FACE_BOUND('',#5448,.F.);
#5448 = EDGE_LOOP('',(#5449,#5450,#5451,#5457));
#5449 = ORIENTED_EDGE('',*,*,#5418,.T.);
#5450 = ORIENTED_EDGE('',*,*,#2177,.T.);
#5451 = ORIENTED_EDGE('',*,*,#5452,.F.);
#5452 = EDGE_CURVE('',#662,#2178,#5453,.T.);
#5453 = LINE('',#5454,#5455);
#5454 = CARTESIAN_POINT('',(-13.54563143251,14.714478213463,0.));
#5455 = VECTOR('',#5456,1.);
#5456 = DIRECTION('',(0.,0.,1.));
#5457 = ORIENTED_EDGE('',*,*,#661,.F.);
#5458 = PLANE('',#5459);
#5459 = AXIS2_PLACEMENT_3D('',#5460,#5461,#5462);
#5460 = CARTESIAN_POINT('',(-13.05171523048,15.154297395207,0.));
#5461 = DIRECTION('',(0.665024572114,-0.746821476984,0.));
#5462 = DIRECTION('',(-0.746821476984,-0.665024572114,0.));
#5463 = ADVANCED_FACE('',(#5464),#5475,.F.);
#5464 = FACE_BOUND('',#5465,.F.);
#5465 = EDGE_LOOP('',(#5466,#5472,#5473,#5474));
#5466 = ORIENTED_EDGE('',*,*,#5467,.T.);
#5467 = EDGE_CURVE('',#1062,#2578,#5468,.T.);
#5468 = LINE('',#5469,#5470);
#5469 = CARTESIAN_POINT('',(-13.54563143251,-14.71447821346,0.));
#5470 = VECTOR('',#5471,1.);
#5471 = DIRECTION('',(0.,0.,1.));
#5472 = ORIENTED_EDGE('',*,*,#2585,.T.);
#5473 = ORIENTED_EDGE('',*,*,#5433,.F.);
#5474 = ORIENTED_EDGE('',*,*,#1069,.F.);
#5475 = PLANE('',#5476);
#5476 = AXIS2_PLACEMENT_3D('',#5477,#5478,#5479);
#5477 = CARTESIAN_POINT('',(-13.54563143251,-14.71447821346,0.));
#5478 = DIRECTION('',(0.665024572114,0.746821476984,0.));
#5479 = DIRECTION('',(0.746821476984,-0.665024572114,0.));
#5480 = ADVANCED_FACE('',(#5481),#5492,.F.);
#5481 = FACE_BOUND('',#5482,.F.);
#5482 = EDGE_LOOP('',(#5483,#5484,#5485,#5491));
#5483 = ORIENTED_EDGE('',*,*,#5452,.T.);
#5484 = ORIENTED_EDGE('',*,*,#2185,.T.);
#5485 = ORIENTED_EDGE('',*,*,#5486,.F.);
#5486 = EDGE_CURVE('',#670,#2186,#5487,.T.);
#5487 = LINE('',#5488,#5489);
#5488 = CARTESIAN_POINT('',(-14.02473568545,14.258568965828,0.));
#5489 = VECTOR('',#5490,1.);
#5490 = DIRECTION('',(0.,0.,1.));
#5491 = ORIENTED_EDGE('',*,*,#669,.F.);
#5492 = PLANE('',#5493);
#5493 = AXIS2_PLACEMENT_3D('',#5494,#5495,#5496);
#5494 = CARTESIAN_POINT('',(-13.54563143251,14.714478213463,0.));
#5495 = DIRECTION('',(0.689353409119,-0.724425204791,0.));
#5496 = DIRECTION('',(-0.724425204791,-0.689353409119,0.));
#5497 = ADVANCED_FACE('',(#5498),#5509,.F.);
#5498 = FACE_BOUND('',#5499,.F.);
#5499 = EDGE_LOOP('',(#5500,#5506,#5507,#5508));
#5500 = ORIENTED_EDGE('',*,*,#5501,.T.);
#5501 = EDGE_CURVE('',#1054,#2570,#5502,.T.);
#5502 = LINE('',#5503,#5504);
#5503 = CARTESIAN_POINT('',(-14.02473568545,-14.25856896582,0.));
#5504 = VECTOR('',#5505,1.);
#5505 = DIRECTION('',(0.,0.,1.));
#5506 = ORIENTED_EDGE('',*,*,#2577,.T.);
#5507 = ORIENTED_EDGE('',*,*,#5467,.F.);
#5508 = ORIENTED_EDGE('',*,*,#1061,.F.);
#5509 = PLANE('',#5510);
#5510 = AXIS2_PLACEMENT_3D('',#5511,#5512,#5513);
#5511 = CARTESIAN_POINT('',(-14.02473568545,-14.25856896582,0.));
#5512 = DIRECTION('',(0.689353409119,0.724425204791,0.));
#5513 = DIRECTION('',(0.724425204791,-0.689353409119,0.));
#5514 = ADVANCED_FACE('',(#5515),#5526,.F.);
#5515 = FACE_BOUND('',#5516,.F.);
#5516 = EDGE_LOOP('',(#5517,#5518,#5519,#5525));
#5517 = ORIENTED_EDGE('',*,*,#5486,.T.);
#5518 = ORIENTED_EDGE('',*,*,#2193,.T.);
#5519 = ORIENTED_EDGE('',*,*,#5520,.F.);
#5520 = EDGE_CURVE('',#678,#2194,#5521,.T.);
#5521 = LINE('',#5522,#5523);
#5522 = CARTESIAN_POINT('',(-15.81143052904,15.297014892626,0.));
#5523 = VECTOR('',#5524,1.);
#5524 = DIRECTION('',(0.,0.,1.));
#5525 = ORIENTED_EDGE('',*,*,#677,.F.);
#5526 = PLANE('',#5527);
#5527 = AXIS2_PLACEMENT_3D('',#5528,#5529,#5530);
#5528 = CARTESIAN_POINT('',(-14.02473568545,14.258568965828,0.));
#5529 = DIRECTION('',(-0.502501055115,-0.86457659557,0.));
#5530 = DIRECTION('',(-0.86457659557,0.502501055115,0.));
#5531 = ADVANCED_FACE('',(#5532),#5543,.F.);
#5532 = FACE_BOUND('',#5533,.F.);
#5533 = EDGE_LOOP('',(#5534,#5540,#5541,#5542));
#5534 = ORIENTED_EDGE('',*,*,#5535,.T.);
#5535 = EDGE_CURVE('',#1046,#2562,#5536,.T.);
#5536 = LINE('',#5537,#5538);
#5537 = CARTESIAN_POINT('',(-15.81143052904,-15.29701489262,0.));
#5538 = VECTOR('',#5539,1.);
#5539 = DIRECTION('',(0.,0.,1.));
#5540 = ORIENTED_EDGE('',*,*,#2569,.T.);
#5541 = ORIENTED_EDGE('',*,*,#5501,.F.);
#5542 = ORIENTED_EDGE('',*,*,#1053,.F.);
#5543 = PLANE('',#5544);
#5544 = AXIS2_PLACEMENT_3D('',#5545,#5546,#5547);
#5545 = CARTESIAN_POINT('',(-15.81143052904,-15.29701489262,0.));
#5546 = DIRECTION('',(-0.502501055115,0.86457659557,0.));
#5547 = DIRECTION('',(0.86457659557,0.502501055115,0.));
#5548 = ADVANCED_FACE('',(#5549),#5560,.F.);
#5549 = FACE_BOUND('',#5550,.F.);
#5550 = EDGE_LOOP('',(#5551,#5552,#5553,#5559));
#5551 = ORIENTED_EDGE('',*,*,#5520,.T.);
#5552 = ORIENTED_EDGE('',*,*,#2201,.T.);
#5553 = ORIENTED_EDGE('',*,*,#5554,.F.);
#5554 = EDGE_CURVE('',#686,#2202,#5555,.T.);
#5555 = LINE('',#5556,#5557);
#5556 = CARTESIAN_POINT('',(-16.55046541535,14.494208999984,0.));
#5557 = VECTOR('',#5558,1.);
#5558 = DIRECTION('',(0.,0.,1.));
#5559 = ORIENTED_EDGE('',*,*,#685,.F.);
#5560 = PLANE('',#5561);
#5561 = AXIS2_PLACEMENT_3D('',#5562,#5563,#5564);
#5562 = CARTESIAN_POINT('',(-15.81143052904,15.297014892626,0.));
#5563 = DIRECTION('',(0.735723910673,-0.677281571626,0.));
#5564 = DIRECTION('',(-0.677281571626,-0.735723910673,0.));
#5565 = ADVANCED_FACE('',(#5566),#5577,.F.);
#5566 = FACE_BOUND('',#5567,.F.);
#5567 = EDGE_LOOP('',(#5568,#5574,#5575,#5576));
#5568 = ORIENTED_EDGE('',*,*,#5569,.T.);
#5569 = EDGE_CURVE('',#1038,#2554,#5570,.T.);
#5570 = LINE('',#5571,#5572);
#5571 = CARTESIAN_POINT('',(-16.55046541535,-14.49420899998,0.));
#5572 = VECTOR('',#5573,1.);
#5573 = DIRECTION('',(0.,0.,1.));
#5574 = ORIENTED_EDGE('',*,*,#2561,.T.);
#5575 = ORIENTED_EDGE('',*,*,#5535,.F.);
#5576 = ORIENTED_EDGE('',*,*,#1045,.F.);
#5577 = PLANE('',#5578);
#5578 = AXIS2_PLACEMENT_3D('',#5579,#5580,#5581);
#5579 = CARTESIAN_POINT('',(-16.55046541535,-14.49420899998,0.));
#5580 = DIRECTION('',(0.735723910673,0.677281571626,0.));
#5581 = DIRECTION('',(0.677281571626,-0.735723910673,0.));
#5582 = ADVANCED_FACE('',(#5583),#5594,.F.);
#5583 = FACE_BOUND('',#5584,.F.);
#5584 = EDGE_LOOP('',(#5585,#5586,#5587,#5593));
#5585 = ORIENTED_EDGE('',*,*,#5554,.T.);
#5586 = ORIENTED_EDGE('',*,*,#2209,.T.);
#5587 = ORIENTED_EDGE('',*,*,#5588,.F.);
#5588 = EDGE_CURVE('',#694,#2210,#5589,.T.);
#5589 = LINE('',#5590,#5591);
#5590 = CARTESIAN_POINT('',(-15.36802221713,12.799370810066,0.));
#5591 = VECTOR('',#5592,1.);
#5592 = DIRECTION('',(0.,0.,1.));
#5593 = ORIENTED_EDGE('',*,*,#693,.F.);
#5594 = PLANE('',#5595);
#5595 = AXIS2_PLACEMENT_3D('',#5596,#5597,#5598);
#5596 = CARTESIAN_POINT('',(-16.55046541535,14.494208999984,0.));
#5597 = DIRECTION('',(0.820127419931,0.57218092862,0.));
#5598 = DIRECTION('',(0.57218092862,-0.820127419931,0.));
#5599 = ADVANCED_FACE('',(#5600),#5611,.F.);
#5600 = FACE_BOUND('',#5601,.F.);
#5601 = EDGE_LOOP('',(#5602,#5608,#5609,#5610));
#5602 = ORIENTED_EDGE('',*,*,#5603,.T.);
#5603 = EDGE_CURVE('',#1030,#2546,#5604,.T.);
#5604 = LINE('',#5605,#5606);
#5605 = CARTESIAN_POINT('',(-15.36802221713,-12.79937081006,0.));
#5606 = VECTOR('',#5607,1.);
#5607 = DIRECTION('',(0.,0.,1.));
#5608 = ORIENTED_EDGE('',*,*,#2553,.T.);
#5609 = ORIENTED_EDGE('',*,*,#5569,.F.);
#5610 = ORIENTED_EDGE('',*,*,#1037,.F.);
#5611 = PLANE('',#5612);
#5612 = AXIS2_PLACEMENT_3D('',#5613,#5614,#5615);
#5613 = CARTESIAN_POINT('',(-15.36802221713,-12.79937081006,0.));
#5614 = DIRECTION('',(0.820127419931,-0.57218092862,0.));
#5615 = DIRECTION('',(-0.57218092862,-0.820127419931,0.));
#5616 = ADVANCED_FACE('',(#5617),#5628,.F.);
#5617 = FACE_BOUND('',#5618,.F.);
#5618 = EDGE_LOOP('',(#5619,#5620,#5621,#5627));
#5619 = ORIENTED_EDGE('',*,*,#5588,.T.);
#5620 = ORIENTED_EDGE('',*,*,#2217,.T.);
#5621 = ORIENTED_EDGE('',*,*,#5622,.F.);
#5622 = EDGE_CURVE('',#702,#2218,#5623,.T.);
#5623 = LINE('',#5624,#5625);
#5624 = CARTESIAN_POINT('',(-15.78281018792,12.284254253793,0.));
#5625 = VECTOR('',#5626,1.);
#5626 = DIRECTION('',(0.,0.,1.));
#5627 = ORIENTED_EDGE('',*,*,#701,.F.);
#5628 = PLANE('',#5629);
#5629 = AXIS2_PLACEMENT_3D('',#5630,#5631,#5632);
#5630 = CARTESIAN_POINT('',(-15.36802221713,12.799370810066,0.));
#5631 = DIRECTION('',(0.778877278762,-0.627176358474,0.));
#5632 = DIRECTION('',(-0.627176358474,-0.778877278762,0.));
#5633 = ADVANCED_FACE('',(#5634),#5645,.F.);
#5634 = FACE_BOUND('',#5635,.F.);
#5635 = EDGE_LOOP('',(#5636,#5642,#5643,#5644));
#5636 = ORIENTED_EDGE('',*,*,#5637,.T.);
#5637 = EDGE_CURVE('',#1022,#2538,#5638,.T.);
#5638 = LINE('',#5639,#5640);
#5639 = CARTESIAN_POINT('',(-15.78281018792,-12.28425425379,0.));
#5640 = VECTOR('',#5641,1.);
#5641 = DIRECTION('',(0.,0.,1.));
#5642 = ORIENTED_EDGE('',*,*,#2545,.T.);
#5643 = ORIENTED_EDGE('',*,*,#5603,.F.);
#5644 = ORIENTED_EDGE('',*,*,#1029,.F.);
#5645 = PLANE('',#5646);
#5646 = AXIS2_PLACEMENT_3D('',#5647,#5648,#5649);
#5647 = CARTESIAN_POINT('',(-15.78281018792,-12.28425425379,0.));
#5648 = DIRECTION('',(0.778877278762,0.627176358474,0.));
#5649 = DIRECTION('',(0.627176358474,-0.778877278762,0.));
#5650 = ADVANCED_FACE('',(#5651),#5662,.F.);
#5651 = FACE_BOUND('',#5652,.F.);
#5652 = EDGE_LOOP('',(#5653,#5654,#5655,#5661));
#5653 = ORIENTED_EDGE('',*,*,#5622,.T.);
#5654 = ORIENTED_EDGE('',*,*,#2225,.T.);
#5655 = ORIENTED_EDGE('',*,*,#5656,.F.);
#5656 = EDGE_CURVE('',#710,#2226,#5657,.T.);
#5657 = LINE('',#5658,#5659);
#5658 = CARTESIAN_POINT('',(-16.18033988749,11.755705045849,0.));
#5659 = VECTOR('',#5660,1.);
#5660 = DIRECTION('',(0.,0.,1.));
#5661 = ORIENTED_EDGE('',*,*,#709,.F.);
#5662 = PLANE('',#5663);
#5663 = AXIS2_PLACEMENT_3D('',#5664,#5665,#5666);
#5664 = CARTESIAN_POINT('',(-15.78281018792,12.284254253793,0.));
#5665 = DIRECTION('',(0.799187996895,-0.601081147283,0.));
#5666 = DIRECTION('',(-0.601081147283,-0.799187996895,0.));
#5667 = ADVANCED_FACE('',(#5668),#5679,.F.);
#5668 = FACE_BOUND('',#5669,.F.);
#5669 = EDGE_LOOP('',(#5670,#5676,#5677,#5678));
#5670 = ORIENTED_EDGE('',*,*,#5671,.T.);
#5671 = EDGE_CURVE('',#1014,#2530,#5672,.T.);
#5672 = LINE('',#5673,#5674);
#5673 = CARTESIAN_POINT('',(-16.18033988749,-11.75570504584,0.));
#5674 = VECTOR('',#5675,1.);
#5675 = DIRECTION('',(0.,0.,1.));
#5676 = ORIENTED_EDGE('',*,*,#2537,.T.);
#5677 = ORIENTED_EDGE('',*,*,#5637,.F.);
#5678 = ORIENTED_EDGE('',*,*,#1021,.F.);
#5679 = PLANE('',#5680);
#5680 = AXIS2_PLACEMENT_3D('',#5681,#5682,#5683);
#5681 = CARTESIAN_POINT('',(-16.18033988749,-11.75570504584,0.));
#5682 = DIRECTION('',(0.799187996895,0.601081147283,0.));
#5683 = DIRECTION('',(0.601081147283,-0.799187996895,0.));
#5684 = ADVANCED_FACE('',(#5685),#5696,.F.);
#5685 = FACE_BOUND('',#5686,.F.);
#5686 = EDGE_LOOP('',(#5687,#5688,#5689,#5695));
#5687 = ORIENTED_EDGE('',*,*,#5656,.T.);
#5688 = ORIENTED_EDGE('',*,*,#2233,.T.);
#5689 = ORIENTED_EDGE('',*,*,#5690,.F.);
#5690 = EDGE_CURVE('',#718,#2234,#5691,.T.);
#5691 = LINE('',#5692,#5693);
#5692 = CARTESIAN_POINT('',(-18.11358912406,12.485907617981,0.));
#5693 = VECTOR('',#5694,1.);
#5694 = DIRECTION('',(0.,0.,1.));
#5695 = ORIENTED_EDGE('',*,*,#717,.F.);
#5696 = PLANE('',#5697);
#5697 = AXIS2_PLACEMENT_3D('',#5698,#5699,#5700);
#5698 = CARTESIAN_POINT('',(-16.18033988749,11.755705045849,0.));
#5699 = DIRECTION('',(-0.35334296517,-0.935493852981,0.));
#5700 = DIRECTION('',(-0.935493852981,0.35334296517,0.));
#5701 = ADVANCED_FACE('',(#5702),#5713,.F.);
#5702 = FACE_BOUND('',#5703,.F.);
#5703 = EDGE_LOOP('',(#5704,#5710,#5711,#5712));
#5704 = ORIENTED_EDGE('',*,*,#5705,.T.);
#5705 = EDGE_CURVE('',#1006,#2522,#5706,.T.);
#5706 = LINE('',#5707,#5708);
#5707 = CARTESIAN_POINT('',(-18.11358912406,-12.48590761798,0.));
#5708 = VECTOR('',#5709,1.);
#5709 = DIRECTION('',(0.,0.,1.));
#5710 = ORIENTED_EDGE('',*,*,#2529,.T.);
#5711 = ORIENTED_EDGE('',*,*,#5671,.F.);
#5712 = ORIENTED_EDGE('',*,*,#1013,.F.);
#5713 = PLANE('',#5714);
#5714 = AXIS2_PLACEMENT_3D('',#5715,#5716,#5717);
#5715 = CARTESIAN_POINT('',(-18.11358912406,-12.48590761798,0.));
#5716 = DIRECTION('',(-0.35334296517,0.935493852981,0.));
#5717 = DIRECTION('',(0.935493852981,0.35334296517,0.));
#5718 = ADVANCED_FACE('',(#5719),#5730,.F.);
#5719 = FACE_BOUND('',#5720,.F.);
#5720 = EDGE_LOOP('',(#5721,#5722,#5723,#5729));
#5721 = ORIENTED_EDGE('',*,*,#5690,.T.);
#5722 = ORIENTED_EDGE('',*,*,#2241,.T.);
#5723 = ORIENTED_EDGE('',*,*,#5724,.F.);
#5724 = EDGE_CURVE('',#726,#2242,#5725,.T.);
#5725 = LINE('',#5726,#5727);
#5726 = CARTESIAN_POINT('',(-18.7104070308,11.57240980702,0.));
#5727 = VECTOR('',#5728,1.);
#5728 = DIRECTION('',(0.,0.,1.));
#5729 = ORIENTED_EDGE('',*,*,#725,.F.);
#5730 = PLANE('',#5731);
#5731 = AXIS2_PLACEMENT_3D('',#5732,#5733,#5734);
#5732 = CARTESIAN_POINT('',(-18.11358912406,12.485907617981,0.));
#5733 = DIRECTION('',(0.837166478263,-0.546948158122,0.));
#5734 = DIRECTION('',(-0.546948158122,-0.837166478263,0.));
#5735 = ADVANCED_FACE('',(#5736),#5747,.F.);
#5736 = FACE_BOUND('',#5737,.F.);
#5737 = EDGE_LOOP('',(#5738,#5744,#5745,#5746));
#5738 = ORIENTED_EDGE('',*,*,#5739,.T.);
#5739 = EDGE_CURVE('',#998,#2514,#5740,.T.);
#5740 = LINE('',#5741,#5742);
#5741 = CARTESIAN_POINT('',(-18.7104070308,-11.57240980702,0.));
#5742 = VECTOR('',#5743,1.);
#5743 = DIRECTION('',(0.,0.,1.));
#5744 = ORIENTED_EDGE('',*,*,#2521,.T.);
#5745 = ORIENTED_EDGE('',*,*,#5705,.F.);
#5746 = ORIENTED_EDGE('',*,*,#1005,.F.);
#5747 = PLANE('',#5748);
#5748 = AXIS2_PLACEMENT_3D('',#5749,#5750,#5751);
#5749 = CARTESIAN_POINT('',(-18.7104070308,-11.57240980702,0.));
#5750 = DIRECTION('',(0.837166478263,0.546948158122,0.));
#5751 = DIRECTION('',(0.546948158122,-0.837166478263,0.));
#5752 = ADVANCED_FACE('',(#5753),#5764,.F.);
#5753 = FACE_BOUND('',#5754,.F.);
#5754 = EDGE_LOOP('',(#5755,#5756,#5757,#5763));
#5755 = ORIENTED_EDGE('',*,*,#5724,.T.);
#5756 = ORIENTED_EDGE('',*,*,#2249,.T.);
#5757 = ORIENTED_EDGE('',*,*,#5758,.F.);
#5758 = EDGE_CURVE('',#734,#2250,#5759,.T.);
#5759 = LINE('',#5760,#5761);
#5760 = CARTESIAN_POINT('',(-17.26512961915,10.095310754697,0.));
#5761 = VECTOR('',#5762,1.);
#5762 = DIRECTION('',(0.,0.,1.));
#5763 = ORIENTED_EDGE('',*,*,#733,.F.);
#5764 = PLANE('',#5765);
#5765 = AXIS2_PLACEMENT_3D('',#5766,#5767,#5768);
#5766 = CARTESIAN_POINT('',(-18.7104070308,11.57240980702,0.));
#5767 = DIRECTION('',(0.714764065367,0.699365663197,0.));
#5768 = DIRECTION('',(0.699365663197,-0.714764065367,0.));
#5769 = ADVANCED_FACE('',(#5770),#5781,.F.);
#5770 = FACE_BOUND('',#5771,.F.);
#5771 = EDGE_LOOP('',(#5772,#5778,#5779,#5780));
#5772 = ORIENTED_EDGE('',*,*,#5773,.T.);
#5773 = EDGE_CURVE('',#990,#2506,#5774,.T.);
#5774 = LINE('',#5775,#5776);
#5775 = CARTESIAN_POINT('',(-17.26512961915,-10.09531075469,0.));
#5776 = VECTOR('',#5777,1.);
#5777 = DIRECTION('',(0.,0.,1.));
#5778 = ORIENTED_EDGE('',*,*,#2513,.T.);
#5779 = ORIENTED_EDGE('',*,*,#5739,.F.);
#5780 = ORIENTED_EDGE('',*,*,#997,.F.);
#5781 = PLANE('',#5782);
#5782 = AXIS2_PLACEMENT_3D('',#5783,#5784,#5785);
#5783 = CARTESIAN_POINT('',(-17.26512961915,-10.09531075469,0.));
#5784 = DIRECTION('',(0.714764065367,-0.699365663197,0.));
#5785 = DIRECTION('',(-0.699365663197,-0.714764065367,0.));
#5786 = ADVANCED_FACE('',(#5787),#5798,.F.);
#5787 = FACE_BOUND('',#5788,.F.);
#5788 = EDGE_LOOP('',(#5789,#5790,#5791,#5797));
#5789 = ORIENTED_EDGE('',*,*,#5758,.T.);
#5790 = ORIENTED_EDGE('',*,*,#2257,.T.);
#5791 = ORIENTED_EDGE('',*,*,#5792,.F.);
#5792 = EDGE_CURVE('',#742,#2258,#5793,.T.);
#5793 = LINE('',#5794,#5795);
#5794 = CARTESIAN_POINT('',(-17.58947502413,9.518947860741,0.));
#5795 = VECTOR('',#5796,1.);
#5796 = DIRECTION('',(0.,0.,1.));
#5797 = ORIENTED_EDGE('',*,*,#741,.F.);
#5798 = PLANE('',#5799);
#5799 = AXIS2_PLACEMENT_3D('',#5800,#5801,#5802);
#5800 = CARTESIAN_POINT('',(-17.26512961915,10.095310754697,0.));
#5801 = DIRECTION('',(0.871484243627,-0.490423503831,0.));
#5802 = DIRECTION('',(-0.490423503831,-0.871484243627,0.));
#5803 = ADVANCED_FACE('',(#5804),#5815,.F.);
#5804 = FACE_BOUND('',#5805,.F.);
#5805 = EDGE_LOOP('',(#5806,#5812,#5813,#5814));
#5806 = ORIENTED_EDGE('',*,*,#5807,.T.);
#5807 = EDGE_CURVE('',#982,#2498,#5808,.T.);
#5808 = LINE('',#5809,#5810);
#5809 = CARTESIAN_POINT('',(-17.58947502413,-9.518947860741,0.));
#5810 = VECTOR('',#5811,1.);
#5811 = DIRECTION('',(0.,0.,1.));
#5812 = ORIENTED_EDGE('',*,*,#2505,.T.);
#5813 = ORIENTED_EDGE('',*,*,#5773,.F.);
#5814 = ORIENTED_EDGE('',*,*,#989,.F.);
#5815 = PLANE('',#5816);
#5816 = AXIS2_PLACEMENT_3D('',#5817,#5818,#5819);
#5817 = CARTESIAN_POINT('',(-17.58947502413,-9.518947860741,0.));
#5818 = DIRECTION('',(0.871484243627,0.490423503831,0.));
#5819 = DIRECTION('',(0.490423503831,-0.871484243627,0.));
#5820 = ADVANCED_FACE('',(#5821),#5832,.F.);
#5821 = FACE_BOUND('',#5822,.F.);
#5822 = EDGE_LOOP('',(#5823,#5824,#5825,#5831));
#5823 = ORIENTED_EDGE('',*,*,#5792,.T.);
#5824 = ORIENTED_EDGE('',*,*,#2265,.T.);
#5825 = ORIENTED_EDGE('',*,*,#5826,.F.);
#5826 = EDGE_CURVE('',#750,#2266,#5827,.T.);
#5827 = LINE('',#5828,#5829);
#5828 = CARTESIAN_POINT('',(-17.89458659641,8.932176137056,0.));
#5829 = VECTOR('',#5830,1.);
#5830 = DIRECTION('',(0.,0.,1.));
#5831 = ORIENTED_EDGE('',*,*,#749,.F.);
#5832 = PLANE('',#5833);
#5833 = AXIS2_PLACEMENT_3D('',#5834,#5835,#5836);
#5834 = CARTESIAN_POINT('',(-17.58947502413,9.518947860741,0.));
#5835 = DIRECTION('',(0.887222819444,-0.461341162979,0.));
#5836 = DIRECTION('',(-0.461341162979,-0.887222819444,0.));
#5837 = ADVANCED_FACE('',(#5838),#5849,.F.);
#5838 = FACE_BOUND('',#5839,.F.);
#5839 = EDGE_LOOP('',(#5840,#5846,#5847,#5848));
#5840 = ORIENTED_EDGE('',*,*,#5841,.T.);
#5841 = EDGE_CURVE('',#974,#2490,#5842,.T.);
#5842 = LINE('',#5843,#5844);
#5843 = CARTESIAN_POINT('',(-17.89458659641,-8.932176137056,0.));
#5844 = VECTOR('',#5845,1.);
#5845 = DIRECTION('',(0.,0.,1.));
#5846 = ORIENTED_EDGE('',*,*,#2497,.T.);
#5847 = ORIENTED_EDGE('',*,*,#5807,.F.);
#5848 = ORIENTED_EDGE('',*,*,#981,.F.);
#5849 = PLANE('',#5850);
#5850 = AXIS2_PLACEMENT_3D('',#5851,#5852,#5853);
#5851 = CARTESIAN_POINT('',(-17.89458659641,-8.932176137056,0.));
#5852 = DIRECTION('',(0.887222819444,0.461341162979,0.));
#5853 = DIRECTION('',(0.461341162979,-0.887222819444,0.));
#5854 = ADVANCED_FACE('',(#5855),#5866,.F.);
#5855 = FACE_BOUND('',#5856,.F.);
#5856 = EDGE_LOOP('',(#5857,#5858,#5859,#5865));
#5857 = ORIENTED_EDGE('',*,*,#5826,.T.);
#5858 = ORIENTED_EDGE('',*,*,#2273,.T.);
#5859 = ORIENTED_EDGE('',*,*,#5860,.F.);
#5860 = EDGE_CURVE('',#758,#2274,#5861,.T.);
#5861 = LINE('',#5862,#5863);
#5862 = CARTESIAN_POINT('',(-19.92165622637,9.334217331849,0.));
#5863 = VECTOR('',#5864,1.);
#5864 = DIRECTION('',(0.,0.,1.));
#5865 = ORIENTED_EDGE('',*,*,#757,.F.);
#5866 = PLANE('',#5867);
#5867 = AXIS2_PLACEMENT_3D('',#5868,#5869,#5870);
#5868 = CARTESIAN_POINT('',(-17.89458659641,8.932176137056,0.));
#5869 = DIRECTION('',(-0.194546600232,-0.980893276732,0.));
#5870 = DIRECTION('',(-0.980893276732,0.194546600232,0.));
#5871 = ADVANCED_FACE('',(#5872),#5883,.F.);
#5872 = FACE_BOUND('',#5873,.F.);
#5873 = EDGE_LOOP('',(#5874,#5880,#5881,#5882));
#5874 = ORIENTED_EDGE('',*,*,#5875,.T.);
#5875 = EDGE_CURVE('',#966,#2482,#5876,.T.);
#5876 = LINE('',#5877,#5878);
#5877 = CARTESIAN_POINT('',(-19.92165622637,-9.334217331849,0.));
#5878 = VECTOR('',#5879,1.);
#5879 = DIRECTION('',(0.,0.,1.));
#5880 = ORIENTED_EDGE('',*,*,#2489,.T.);
#5881 = ORIENTED_EDGE('',*,*,#5841,.F.);
#5882 = ORIENTED_EDGE('',*,*,#973,.F.);
#5883 = PLANE('',#5884);
#5884 = AXIS2_PLACEMENT_3D('',#5885,#5886,#5887);
#5885 = CARTESIAN_POINT('',(-19.92165622637,-9.334217331849,0.));
#5886 = DIRECTION('',(-0.194546600232,0.980893276732,0.));
#5887 = DIRECTION('',(0.980893276732,0.194546600232,0.));
#5888 = ADVANCED_FACE('',(#5889),#5900,.F.);
#5889 = FACE_BOUND('',#5890,.F.);
#5890 = EDGE_LOOP('',(#5891,#5892,#5893,#5899));
#5891 = ORIENTED_EDGE('',*,*,#5860,.T.);
#5892 = ORIENTED_EDGE('',*,*,#2281,.T.);
#5893 = ORIENTED_EDGE('',*,*,#5894,.F.);
#5894 = EDGE_CURVE('',#766,#2282,#5895,.T.);
#5895 = LINE('',#5896,#5897);
#5896 = CARTESIAN_POINT('',(-20.35997751684,8.334945441542,0.));
#5897 = VECTOR('',#5898,1.);
#5898 = DIRECTION('',(0.,0.,1.));
#5899 = ORIENTED_EDGE('',*,*,#765,.F.);
#5900 = PLANE('',#5901);
#5901 = AXIS2_PLACEMENT_3D('',#5902,#5903,#5904);
#5902 = CARTESIAN_POINT('',(-19.92165622637,9.334217331849,0.));
#5903 = DIRECTION('',(0.915773326655,-0.401695424653,0.));
#5904 = DIRECTION('',(-0.401695424653,-0.915773326655,0.));
#5905 = ADVANCED_FACE('',(#5906),#5917,.F.);
#5906 = FACE_BOUND('',#5907,.F.);
#5907 = EDGE_LOOP('',(#5908,#5914,#5915,#5916));
#5908 = ORIENTED_EDGE('',*,*,#5909,.T.);
#5909 = EDGE_CURVE('',#958,#2474,#5910,.T.);
#5910 = LINE('',#5911,#5912);
#5911 = CARTESIAN_POINT('',(-20.35997751684,-8.334945441542,0.));
#5912 = VECTOR('',#5913,1.);
#5913 = DIRECTION('',(0.,0.,1.));
#5914 = ORIENTED_EDGE('',*,*,#2481,.T.);
#5915 = ORIENTED_EDGE('',*,*,#5875,.F.);
#5916 = ORIENTED_EDGE('',*,*,#965,.F.);
#5917 = PLANE('',#5918);
#5918 = AXIS2_PLACEMENT_3D('',#5919,#5920,#5921);
#5919 = CARTESIAN_POINT('',(-20.35997751684,-8.334945441542,0.));
#5920 = DIRECTION('',(0.915773326655,0.401695424653,0.));
#5921 = DIRECTION('',(0.401695424653,-0.915773326655,0.));
#5922 = ADVANCED_FACE('',(#5923),#5934,.F.);
#5923 = FACE_BOUND('',#5924,.F.);
#5924 = EDGE_LOOP('',(#5925,#5926,#5927,#5933));
#5925 = ORIENTED_EDGE('',*,*,#5894,.T.);
#5926 = ORIENTED_EDGE('',*,*,#2289,.T.);
#5927 = ORIENTED_EDGE('',*,*,#5928,.F.);
#5928 = EDGE_CURVE('',#774,#2290,#5929,.T.);
#5929 = LINE('',#5930,#5931);
#5930 = CARTESIAN_POINT('',(-18.69128929198,7.11587693845,0.));
#5931 = VECTOR('',#5932,1.);
#5932 = DIRECTION('',(0.,0.,1.));
#5933 = ORIENTED_EDGE('',*,*,#773,.F.);
#5934 = PLANE('',#5935);
#5935 = AXIS2_PLACEMENT_3D('',#5936,#5937,#5938);
#5936 = CARTESIAN_POINT('',(-20.35997751684,8.334945441542,0.));
#5937 = DIRECTION('',(0.589903810351,0.807473525593,0.));
#5938 = DIRECTION('',(0.807473525593,-0.589903810351,0.));
#5939 = ADVANCED_FACE('',(#5940),#5951,.F.);
#5940 = FACE_BOUND('',#5941,.F.);
#5941 = EDGE_LOOP('',(#5942,#5948,#5949,#5950));
#5942 = ORIENTED_EDGE('',*,*,#5943,.T.);
#5943 = EDGE_CURVE('',#950,#2466,#5944,.T.);
#5944 = LINE('',#5945,#5946);
#5945 = CARTESIAN_POINT('',(-18.69128929198,-7.11587693845,0.));
#5946 = VECTOR('',#5947,1.);
#5947 = DIRECTION('',(0.,0.,1.));
#5948 = ORIENTED_EDGE('',*,*,#2473,.T.);
#5949 = ORIENTED_EDGE('',*,*,#5909,.F.);
#5950 = ORIENTED_EDGE('',*,*,#957,.F.);
#5951 = PLANE('',#5952);
#5952 = AXIS2_PLACEMENT_3D('',#5953,#5954,#5955);
#5953 = CARTESIAN_POINT('',(-18.69128929198,-7.11587693845,0.));
#5954 = DIRECTION('',(0.589903810351,-0.807473525593,0.));
#5955 = DIRECTION('',(-0.807473525593,-0.589903810351,0.));
#5956 = ADVANCED_FACE('',(#5957),#5968,.F.);
#5957 = FACE_BOUND('',#5958,.F.);
#5958 = EDGE_LOOP('',(#5959,#5960,#5961,#5967));
#5959 = ORIENTED_EDGE('',*,*,#5928,.T.);
#5960 = ORIENTED_EDGE('',*,*,#2297,.T.);
#5961 = ORIENTED_EDGE('',*,*,#5962,.F.);
#5962 = EDGE_CURVE('',#782,#2298,#5963,.T.);
#5963 = LINE('',#5964,#5965);
#5964 = CARTESIAN_POINT('',(-18.91634483401,6.493989384094,0.));
#5965 = VECTOR('',#5966,1.);
#5966 = DIRECTION('',(0.,0.,1.));
#5967 = ORIENTED_EDGE('',*,*,#781,.F.);
#5968 = PLANE('',#5969);
#5969 = AXIS2_PLACEMENT_3D('',#5970,#5971,#5972);
#5970 = CARTESIAN_POINT('',(-18.69128929198,7.11587693845,0.));
#5971 = DIRECTION('',(0.940319390116,-0.340293174442,0.));
#5972 = DIRECTION('',(-0.340293174442,-0.940319390116,0.));
#5973 = ADVANCED_FACE('',(#5974),#5985,.F.);
#5974 = FACE_BOUND('',#5975,.F.);
#5975 = EDGE_LOOP('',(#5976,#5982,#5983,#5984));
#5976 = ORIENTED_EDGE('',*,*,#5977,.T.);
#5977 = EDGE_CURVE('',#942,#2458,#5978,.T.);
#5978 = LINE('',#5979,#5980);
#5979 = CARTESIAN_POINT('',(-18.91634483401,-6.493989384094,0.));
#5980 = VECTOR('',#5981,1.);
#5981 = DIRECTION('',(0.,0.,1.));
#5982 = ORIENTED_EDGE('',*,*,#2465,.T.);
#5983 = ORIENTED_EDGE('',*,*,#5943,.F.);
#5984 = ORIENTED_EDGE('',*,*,#949,.F.);
#5985 = PLANE('',#5986);
#5986 = AXIS2_PLACEMENT_3D('',#5987,#5988,#5989);
#5987 = CARTESIAN_POINT('',(-18.91634483401,-6.493989384094,0.));
#5988 = DIRECTION('',(0.940319390116,0.340293174442,0.));
#5989 = DIRECTION('',(0.340293174442,-0.940319390116,0.));
#5990 = ADVANCED_FACE('',(#5991),#6002,.F.);
#5991 = FACE_BOUND('',#5992,.F.);
#5992 = EDGE_LOOP('',(#5993,#5994,#5995,#6001));
#5993 = ORIENTED_EDGE('',*,*,#5962,.T.);
#5994 = ORIENTED_EDGE('',*,*,#2305,.T.);
#5995 = ORIENTED_EDGE('',*,*,#5996,.F.);
#5996 = EDGE_CURVE('',#790,#2306,#5997,.T.);
#5997 = LINE('',#5998,#5999);
#5998 = CARTESIAN_POINT('',(-19.12071563068,5.865000747689,0.));
#5999 = VECTOR('',#6000,1.);
#6000 = DIRECTION('',(0.,0.,1.));
#6001 = ORIENTED_EDGE('',*,*,#789,.F.);
#6002 = PLANE('',#6003);
#6003 = AXIS2_PLACEMENT_3D('',#6004,#6005,#6006);
#6004 = CARTESIAN_POINT('',(-18.91634483401,6.493989384094,0.));
#6005 = DIRECTION('',(0.951056516295,-0.309016994375,0.));
#6006 = DIRECTION('',(-0.309016994375,-0.951056516295,0.));
#6007 = ADVANCED_FACE('',(#6008),#6019,.F.);
#6008 = FACE_BOUND('',#6009,.F.);
#6009 = EDGE_LOOP('',(#6010,#6016,#6017,#6018));
#6010 = ORIENTED_EDGE('',*,*,#6011,.T.);
#6011 = EDGE_CURVE('',#934,#2450,#6012,.T.);
#6012 = LINE('',#6013,#6014);
#6013 = CARTESIAN_POINT('',(-19.12071563068,-5.865000747689,0.));
#6014 = VECTOR('',#6015,1.);
#6015 = DIRECTION('',(0.,0.,1.));
#6016 = ORIENTED_EDGE('',*,*,#2457,.T.);
#6017 = ORIENTED_EDGE('',*,*,#5977,.F.);
#6018 = ORIENTED_EDGE('',*,*,#941,.F.);
#6019 = PLANE('',#6020);
#6020 = AXIS2_PLACEMENT_3D('',#6021,#6022,#6023);
#6021 = CARTESIAN_POINT('',(-19.12071563068,-5.865000747689,0.));
#6022 = DIRECTION('',(0.951056516295,0.309016994375,0.));
#6023 = DIRECTION('',(0.309016994375,-0.951056516295,0.));
#6024 = ADVANCED_FACE('',(#6025),#6036,.F.);
#6025 = FACE_BOUND('',#6026,.F.);
#6026 = EDGE_LOOP('',(#6027,#6028,#6029,#6035));
#6027 = ORIENTED_EDGE('',*,*,#5996,.T.);
#6028 = ORIENTED_EDGE('',*,*,#2313,.T.);
#6029 = ORIENTED_EDGE('',*,*,#6030,.F.);
#6030 = EDGE_CURVE('',#798,#2314,#6031,.T.);
#6031 = LINE('',#6032,#6033);
#6032 = CARTESIAN_POINT('',(-21.18631247871,5.927913929394,0.));
#6033 = VECTOR('',#6034,1.);
#6034 = DIRECTION('',(0.,0.,1.));
#6035 = ORIENTED_EDGE('',*,*,#797,.F.);
#6036 = PLANE('',#6037);
#6037 = AXIS2_PLACEMENT_3D('',#6038,#6039,#6040);
#6038 = CARTESIAN_POINT('',(-19.12071563068,5.865000747689,0.));
#6039 = DIRECTION('',(-3.044351118463E-02,-0.999536488892,0.));
#6040 = DIRECTION('',(-0.999536488892,3.044351118463E-02,0.));
#6041 = ADVANCED_FACE('',(#6042),#6053,.F.);
#6042 = FACE_BOUND('',#6043,.F.);
#6043 = EDGE_LOOP('',(#6044,#6050,#6051,#6052));
#6044 = ORIENTED_EDGE('',*,*,#6045,.T.);
#6045 = EDGE_CURVE('',#926,#2442,#6046,.T.);
#6046 = LINE('',#6047,#6048);
#6047 = CARTESIAN_POINT('',(-21.18631247871,-5.927913929394,0.));
#6048 = VECTOR('',#6049,1.);
#6049 = DIRECTION('',(0.,0.,1.));
#6050 = ORIENTED_EDGE('',*,*,#2449,.T.);
#6051 = ORIENTED_EDGE('',*,*,#6011,.F.);
#6052 = ORIENTED_EDGE('',*,*,#933,.F.);
#6053 = PLANE('',#6054);
#6054 = AXIS2_PLACEMENT_3D('',#6055,#6056,#6057);
#6055 = CARTESIAN_POINT('',(-21.18631247871,-5.927913929394,0.));
#6056 = DIRECTION('',(-3.044351118462E-02,0.999536488892,0.));
#6057 = DIRECTION('',(0.999536488892,3.044351118462E-02,0.));
#6058 = ADVANCED_FACE('',(#6059),#6070,.F.);
#6059 = FACE_BOUND('',#6060,.F.);
#6060 = EDGE_LOOP('',(#6061,#6062,#6063,#6069));
#6061 = ORIENTED_EDGE('',*,*,#6030,.T.);
#6062 = ORIENTED_EDGE('',*,*,#2321,.T.);
#6063 = ORIENTED_EDGE('',*,*,#6064,.F.);
#6064 = EDGE_CURVE('',#806,#2322,#6065,.T.);
#6065 = LINE('',#6066,#6067);
#6066 = CARTESIAN_POINT('',(-21.45418089073,4.870125492,0.));
#6067 = VECTOR('',#6068,1.);
#6068 = DIRECTION('',(0.,0.,1.));
#6069 = ORIENTED_EDGE('',*,*,#805,.F.);
#6070 = PLANE('',#6071);
#6071 = AXIS2_PLACEMENT_3D('',#6072,#6073,#6074);
#6072 = CARTESIAN_POINT('',(-21.18631247871,5.927913929394,0.));
#6073 = DIRECTION('',(0.969400265939,-0.245485487141,0.));
#6074 = DIRECTION('',(-0.245485487141,-0.969400265939,0.));
#6075 = ADVANCED_FACE('',(#6076),#6087,.F.);
#6076 = FACE_BOUND('',#6077,.F.);
#6077 = EDGE_LOOP('',(#6078,#6084,#6085,#6086));
#6078 = ORIENTED_EDGE('',*,*,#6079,.T.);
#6079 = EDGE_CURVE('',#918,#2434,#6080,.T.);
#6080 = LINE('',#6081,#6082);
#6081 = CARTESIAN_POINT('',(-21.45418089073,-4.870125492,0.));
#6082 = VECTOR('',#6083,1.);
#6083 = DIRECTION('',(0.,0.,1.));
#6084 = ORIENTED_EDGE('',*,*,#2441,.T.);
#6085 = ORIENTED_EDGE('',*,*,#6045,.F.);
#6086 = ORIENTED_EDGE('',*,*,#925,.F.);
#6087 = PLANE('',#6088);
#6088 = AXIS2_PLACEMENT_3D('',#6089,#6090,#6091);
#6089 = CARTESIAN_POINT('',(-21.45418089073,-4.870125492,0.));
#6090 = DIRECTION('',(0.969400265939,0.245485487141,0.));
#6091 = DIRECTION('',(0.245485487141,-0.969400265939,0.));
#6092 = ADVANCED_FACE('',(#6093),#6104,.F.);
#6093 = FACE_BOUND('',#6094,.F.);
#6094 = EDGE_LOOP('',(#6095,#6096,#6097,#6103));
#6095 = ORIENTED_EDGE('',*,*,#6064,.T.);
#6096 = ORIENTED_EDGE('',*,*,#2329,.T.);
#6097 = ORIENTED_EDGE('',*,*,#6098,.F.);
#6098 = EDGE_CURVE('',#814,#2330,#6099,.T.);
#6099 = LINE('',#6100,#6101);
#6100 = CARTESIAN_POINT('',(-19.60759931749,3.94234054903,0.));
#6101 = VECTOR('',#6102,1.);
#6102 = DIRECTION('',(0.,0.,1.));
#6103 = ORIENTED_EDGE('',*,*,#813,.F.);
#6104 = PLANE('',#6105);
#6105 = AXIS2_PLACEMENT_3D('',#6106,#6107,#6108);
#6106 = CARTESIAN_POINT('',(-21.45418089073,4.870125492,0.));
#6107 = DIRECTION('',(0.448952517152,0.893555615137,0.));
#6108 = DIRECTION('',(0.893555615137,-0.448952517152,0.));
#6109 = ADVANCED_FACE('',(#6110),#6121,.F.);
#6110 = FACE_BOUND('',#6111,.F.);
#6111 = EDGE_LOOP('',(#6112,#6118,#6119,#6120));
#6112 = ORIENTED_EDGE('',*,*,#6113,.T.);
#6113 = EDGE_CURVE('',#910,#2426,#6114,.T.);
#6114 = LINE('',#6115,#6116);
#6115 = CARTESIAN_POINT('',(-19.60759931749,-3.94234054903,0.));
#6116 = VECTOR('',#6117,1.);
#6117 = DIRECTION('',(0.,0.,1.));
#6118 = ORIENTED_EDGE('',*,*,#2433,.T.);
#6119 = ORIENTED_EDGE('',*,*,#6079,.F.);
#6120 = ORIENTED_EDGE('',*,*,#917,.F.);
#6121 = PLANE('',#6122);
#6122 = AXIS2_PLACEMENT_3D('',#6123,#6124,#6125);
#6123 = CARTESIAN_POINT('',(-19.60759931749,-3.94234054903,0.));
#6124 = DIRECTION('',(0.448952517152,-0.893555615137,0.));
#6125 = DIRECTION('',(-0.893555615137,-0.448952517152,0.));
#6126 = ADVANCED_FACE('',(#6127),#6138,.F.);
#6127 = FACE_BOUND('',#6128,.F.);
#6128 = EDGE_LOOP('',(#6129,#6130,#6131,#6137));
#6129 = ORIENTED_EDGE('',*,*,#6098,.T.);
#6130 = ORIENTED_EDGE('',*,*,#2337,.T.);
#6131 = ORIENTED_EDGE('',*,*,#6132,.F.);
#6132 = EDGE_CURVE('',#822,#2338,#6133,.T.);
#6133 = LINE('',#6134,#6135);
#6134 = CARTESIAN_POINT('',(-19.72722606805,3.291891805615,0.));
#6135 = VECTOR('',#6136,1.);
#6136 = DIRECTION('',(0.,0.,1.));
#6137 = ORIENTED_EDGE('',*,*,#821,.F.);
#6138 = PLANE('',#6139);
#6139 = AXIS2_PLACEMENT_3D('',#6140,#6141,#6142);
#6140 = CARTESIAN_POINT('',(-19.60759931749,3.94234054903,0.));
#6141 = DIRECTION('',(0.983505074872,-0.180880534332,0.));
#6142 = DIRECTION('',(-0.180880534332,-0.983505074872,0.));
#6143 = ADVANCED_FACE('',(#6144),#6155,.F.);
#6144 = FACE_BOUND('',#6145,.F.);
#6145 = EDGE_LOOP('',(#6146,#6152,#6153,#6154));
#6146 = ORIENTED_EDGE('',*,*,#6147,.T.);
#6147 = EDGE_CURVE('',#902,#2418,#6148,.T.);
#6148 = LINE('',#6149,#6150);
#6149 = CARTESIAN_POINT('',(-19.72722606805,-3.291891805615,0.));
#6150 = VECTOR('',#6151,1.);
#6151 = DIRECTION('',(0.,0.,1.));
#6152 = ORIENTED_EDGE('',*,*,#2425,.T.);
#6153 = ORIENTED_EDGE('',*,*,#6113,.F.);
#6154 = ORIENTED_EDGE('',*,*,#909,.F.);
#6155 = PLANE('',#6156);
#6156 = AXIS2_PLACEMENT_3D('',#6157,#6158,#6159);
#6157 = CARTESIAN_POINT('',(-19.72722606805,-3.291891805615,0.));
#6158 = DIRECTION('',(0.983505074872,0.180880534332,0.));
#6159 = DIRECTION('',(0.180880534332,-0.983505074872,0.));
#6160 = ADVANCED_FACE('',(#6161),#6172,.F.);
#6161 = FACE_BOUND('',#6162,.F.);
#6162 = EDGE_LOOP('',(#6163,#6164,#6165,#6171));
#6163 = ORIENTED_EDGE('',*,*,#6132,.T.);
#6164 = ORIENTED_EDGE('',*,*,#2345,.T.);
#6165 = ORIENTED_EDGE('',*,*,#6166,.F.);
#6166 = EDGE_CURVE('',#830,#2346,#6167,.T.);
#6167 = LINE('',#6168,#6169);
#6168 = CARTESIAN_POINT('',(-19.82528138654,2.637843426841,0.));
#6169 = VECTOR('',#6170,1.);
#6170 = DIRECTION('',(0.,0.,1.));
#6171 = ORIENTED_EDGE('',*,*,#829,.F.);
#6172 = PLANE('',#6173);
#6173 = AXIS2_PLACEMENT_3D('',#6174,#6175,#6176);
#6174 = CARTESIAN_POINT('',(-19.72722606805,3.291891805615,0.));
#6175 = DIRECTION('',(0.988947870601,-0.148263647712,0.));
#6176 = DIRECTION('',(-0.148263647712,-0.988947870601,0.));
#6177 = ADVANCED_FACE('',(#6178),#6189,.F.);
#6178 = FACE_BOUND('',#6179,.F.);
#6179 = EDGE_LOOP('',(#6180,#6186,#6187,#6188));
#6180 = ORIENTED_EDGE('',*,*,#6181,.T.);
#6181 = EDGE_CURVE('',#894,#2410,#6182,.T.);
#6182 = LINE('',#6183,#6184);
#6183 = CARTESIAN_POINT('',(-19.82528138654,-2.637843426841,0.));
#6184 = VECTOR('',#6185,1.);
#6185 = DIRECTION('',(0.,0.,1.));
#6186 = ORIENTED_EDGE('',*,*,#2417,.T.);
#6187 = ORIENTED_EDGE('',*,*,#6147,.F.);
#6188 = ORIENTED_EDGE('',*,*,#901,.F.);
#6189 = PLANE('',#6190);
#6190 = AXIS2_PLACEMENT_3D('',#6191,#6192,#6193);
#6191 = CARTESIAN_POINT('',(-19.82528138654,-2.637843426841,0.));
#6192 = DIRECTION('',(0.988947870601,0.148263647712,0.));
#6193 = DIRECTION('',(0.148263647712,-0.988947870601,0.));
#6194 = ADVANCED_FACE('',(#6195),#6206,.F.);
#6195 = FACE_BOUND('',#6196,.F.);
#6196 = EDGE_LOOP('',(#6197,#6198,#6199,#6205));
#6197 = ORIENTED_EDGE('',*,*,#6166,.T.);
#6198 = ORIENTED_EDGE('',*,*,#2353,.T.);
#6199 = ORIENTED_EDGE('',*,*,#6200,.F.);
#6200 = EDGE_CURVE('',#838,#2354,#6201,.T.);
#6201 = LINE('',#6202,#6203);
#6202 = CARTESIAN_POINT('',(-21.87306135522,2.359912487862,0.));
#6203 = VECTOR('',#6204,1.);
#6204 = DIRECTION('',(0.,0.,1.));
#6205 = ORIENTED_EDGE('',*,*,#837,.F.);
#6206 = PLANE('',#6207);
#6207 = AXIS2_PLACEMENT_3D('',#6208,#6209,#6210);
#6208 = CARTESIAN_POINT('',(-19.82528138654,2.637843426841,0.));
#6209 = DIRECTION('',(0.134489997488,-0.990914951232,0.));
#6210 = DIRECTION('',(-0.990914951232,-0.134489997488,0.));
#6211 = ADVANCED_FACE('',(#6212),#6223,.F.);
#6212 = FACE_BOUND('',#6213,.F.);
#6213 = EDGE_LOOP('',(#6214,#6220,#6221,#6222));
#6214 = ORIENTED_EDGE('',*,*,#6215,.T.);
#6215 = EDGE_CURVE('',#886,#2402,#6216,.T.);
#6216 = LINE('',#6217,#6218);
#6217 = CARTESIAN_POINT('',(-21.87306135522,-2.359912487862,0.));
#6218 = VECTOR('',#6219,1.);
#6219 = DIRECTION('',(0.,0.,1.));
#6220 = ORIENTED_EDGE('',*,*,#2409,.T.);
#6221 = ORIENTED_EDGE('',*,*,#6181,.F.);
#6222 = ORIENTED_EDGE('',*,*,#893,.F.);
#6223 = PLANE('',#6224);
#6224 = AXIS2_PLACEMENT_3D('',#6225,#6226,#6227);
#6225 = CARTESIAN_POINT('',(-21.87306135522,-2.359912487862,0.));
#6226 = DIRECTION('',(0.134489997488,0.990914951232,0.));
#6227 = DIRECTION('',(0.990914951232,-0.134489997488,0.));
#6228 = ADVANCED_FACE('',(#6229),#6240,.F.);
#6229 = FACE_BOUND('',#6230,.F.);
#6230 = EDGE_LOOP('',(#6231,#6232,#6233,#6239));
#6231 = ORIENTED_EDGE('',*,*,#6200,.T.);
#6232 = ORIENTED_EDGE('',*,*,#2361,.T.);
#6233 = ORIENTED_EDGE('',*,*,#6234,.F.);
#6234 = EDGE_CURVE('',#846,#2362,#6235,.T.);
#6235 = LINE('',#6236,#6237);
#6236 = CARTESIAN_POINT('',(-21.96317013679,1.272461214505,0.));
#6237 = VECTOR('',#6238,1.);
#6238 = DIRECTION('',(0.,0.,1.));
#6239 = ORIENTED_EDGE('',*,*,#845,.F.);
#6240 = PLANE('',#6241);
#6241 = AXIS2_PLACEMENT_3D('',#6242,#6243,#6244);
#6242 = CARTESIAN_POINT('',(-21.87306135522,2.359912487862,0.));
#6243 = DIRECTION('',(0.996584493007,-8.257934547233E-02,0.));
#6244 = DIRECTION('',(-8.257934547233E-02,-0.996584493007,0.));
#6245 = ADVANCED_FACE('',(#6246),#6257,.F.);
#6246 = FACE_BOUND('',#6247,.F.);
#6247 = EDGE_LOOP('',(#6248,#6254,#6255,#6256));
#6248 = ORIENTED_EDGE('',*,*,#6249,.T.);
#6249 = EDGE_CURVE('',#878,#2394,#6250,.T.);
#6250 = LINE('',#6251,#6252);
#6251 = CARTESIAN_POINT('',(-21.96317013679,-1.272461214505,0.));
#6252 = VECTOR('',#6253,1.);
#6253 = DIRECTION('',(0.,0.,1.));
#6254 = ORIENTED_EDGE('',*,*,#2401,.T.);
#6255 = ORIENTED_EDGE('',*,*,#6215,.F.);
#6256 = ORIENTED_EDGE('',*,*,#885,.F.);
#6257 = PLANE('',#6258);
#6258 = AXIS2_PLACEMENT_3D('',#6259,#6260,#6261);
#6259 = CARTESIAN_POINT('',(-21.96317013679,-1.272461214505,0.));
#6260 = DIRECTION('',(0.996584493007,8.257934547233E-02,0.));
#6261 = DIRECTION('',(8.257934547233E-02,-0.996584493007,0.));
#6262 = ADVANCED_FACE('',(#6263),#6274,.F.);
#6263 = FACE_BOUND('',#6264,.F.);
#6264 = EDGE_LOOP('',(#6265,#6266,#6267,#6273));
#6265 = ORIENTED_EDGE('',*,*,#6234,.T.);
#6266 = ORIENTED_EDGE('',*,*,#2369,.T.);
#6267 = ORIENTED_EDGE('',*,*,#6268,.F.);
#6268 = EDGE_CURVE('',#854,#2370,#6269,.T.);
#6269 = LINE('',#6270,#6271);
#6270 = CARTESIAN_POINT('',(-19.98906514681,0.661267386346,0.));
#6271 = VECTOR('',#6272,1.);
#6272 = DIRECTION('',(0.,0.,1.));
#6273 = ORIENTED_EDGE('',*,*,#853,.F.);
#6274 = PLANE('',#6275);
#6275 = AXIS2_PLACEMENT_3D('',#6276,#6277,#6278);
#6276 = CARTESIAN_POINT('',(-21.96317013679,1.272461214505,0.));
#6277 = DIRECTION('',(0.295754969618,0.955263836825,0.));
#6278 = DIRECTION('',(0.955263836825,-0.295754969618,0.));
#6279 = ADVANCED_FACE('',(#6280),#6291,.F.);
#6280 = FACE_BOUND('',#6281,.F.);
#6281 = EDGE_LOOP('',(#6282,#6288,#6289,#6290));
#6282 = ORIENTED_EDGE('',*,*,#6283,.T.);
#6283 = EDGE_CURVE('',#870,#2386,#6284,.T.);
#6284 = LINE('',#6285,#6286);
#6285 = CARTESIAN_POINT('',(-19.98906514681,-0.661267386346,0.));
#6286 = VECTOR('',#6287,1.);
#6287 = DIRECTION('',(0.,0.,1.));
#6288 = ORIENTED_EDGE('',*,*,#2393,.T.);
#6289 = ORIENTED_EDGE('',*,*,#6249,.F.);
#6290 = ORIENTED_EDGE('',*,*,#877,.F.);
#6291 = PLANE('',#6292);
#6292 = AXIS2_PLACEMENT_3D('',#6293,#6294,#6295);
#6293 = CARTESIAN_POINT('',(-19.98906514681,-0.661267386346,0.));
#6294 = DIRECTION('',(0.295754969618,-0.955263836825,0.));
#6295 = DIRECTION('',(-0.955263836825,-0.295754969618,0.));
#6296 = ADVANCED_FACE('',(#6297),#6308,.F.);
#6297 = FACE_BOUND('',#6298,.F.);
#6298 = EDGE_LOOP('',(#6299,#6300,#6301,#6307));
#6299 = ORIENTED_EDGE('',*,*,#6268,.T.);
#6300 = ORIENTED_EDGE('',*,*,#2377,.T.);
#6301 = ORIENTED_EDGE('',*,*,#6302,.F.);
#6302 = EDGE_CURVE('',#862,#2378,#6303,.T.);
#6303 = LINE('',#6304,#6305);
#6304 = CARTESIAN_POINT('',(-20.,2.449293598295E-15,0.));
#6305 = VECTOR('',#6306,1.);
#6306 = DIRECTION('',(0.,0.,1.));
#6307 = ORIENTED_EDGE('',*,*,#861,.F.);
#6308 = PLANE('',#6309);
#6309 = AXIS2_PLACEMENT_3D('',#6310,#6311,#6312);
#6310 = CARTESIAN_POINT('',(-19.98906514681,0.661267386346,0.));
#6311 = DIRECTION('',(0.999863304992,-1.653394476636E-02,0.));
#6312 = DIRECTION('',(-1.653394476636E-02,-0.999863304992,0.));
#6313 = ADVANCED_FACE('',(#6314),#6320,.F.);
#6314 = FACE_BOUND('',#6315,.F.);
#6315 = EDGE_LOOP('',(#6316,#6317,#6318,#6319));
#6316 = ORIENTED_EDGE('',*,*,#6302,.T.);
#6317 = ORIENTED_EDGE('',*,*,#2385,.T.);
#6318 = ORIENTED_EDGE('',*,*,#6283,.F.);
#6319 = ORIENTED_EDGE('',*,*,#869,.F.);
#6320 = PLANE('',#6321);
#6321 = AXIS2_PLACEMENT_3D('',#6322,#6323,#6324);
#6322 = CARTESIAN_POINT('',(-20.,2.449293598295E-15,0.));
#6323 = DIRECTION('',(0.999863304992,1.653394476636E-02,0.));
#6324 = DIRECTION('',(1.653394476636E-02,-0.999863304992,0.));
#6325 = ADVANCED_FACE('',(#6326),#6337,.F.);
#6326 = FACE_BOUND('',#6327,.F.);
#6327 = EDGE_LOOP('',(#6328,#6329,#6335,#6336));
#6328 = ORIENTED_EDGE('',*,*,#3138,.F.);
#6329 = ORIENTED_EDGE('',*,*,#6330,.F.);
#6330 = EDGE_CURVE('',#1623,#3139,#6331,.T.);
#6331 = LINE('',#6332,#6333);
#6332 = CARTESIAN_POINT('',(5.,-1.224646799147E-15,0.));
#6333 = VECTOR('',#6334,1.);
#6334 = DIRECTION('',(0.,0.,1.));
#6335 = ORIENTED_EDGE('',*,*,#1622,.T.);
#6336 = ORIENTED_EDGE('',*,*,#6330,.T.);
#6337 = CYLINDRICAL_SURFACE('',#6338,5.);
#6338 = AXIS2_PLACEMENT_3D('',#6339,#6340,#6341);
#6339 = CARTESIAN_POINT('',(0.,0.,0.));
#6340 = DIRECTION('',(0.,0.,1.));
#6341 = DIRECTION('',(1.,0.,0.));
#6342 = ( GEOMETRIC_REPRESENTATION_CONTEXT(3) 
GLOBAL_UNCERTAINTY_ASSIGNED_CONTEXT((#6346)) 
GLOBAL_UNIT_ASSIGNED_CONTEXT((#6343,#6344,#6345)) REPRESENTATION_CONTEXT
('Context #1','3D Context with UNIT and UNCERTAINTY') );
#6343 = ( LENGTH_UNIT() NAMED_UNIT(*) SI_UNIT(.MILLI.,.METRE.) );
#6344 = ( NAMED_UNIT(*) PLANE_ANGLE_UNIT() SI_UNIT($,.RADIAN.) );
#6345 = ( NAMED_UNIT(*) SI_UNIT($,.STERADIAN.) SOLID_ANGLE_UNIT() );
#6346 = UNCERTAINTY_MEASURE_WITH_UNIT(LENGTH_MEASURE(1.E-07),#6343,
  'distance_accuracy_value','confusion accuracy');
#6347 = PRODUCT_RELATED_PRODUCT_CATEGORY('part',$,(#7));
ENDSEC;
END-ISO-10303-21;
