ISO-10303-21;
HEADER;
FILE_DESCRIPTION(('FreeCAD Model'),'2;1');
FILE_NAME('Open CASCADE Shape Model','2026-09-14T00:06:18',('FreeCAD'),(
    'FreeCAD'),'Open CASCADE STEP processor 7.8','FreeCAD','Unknown');
FILE_SCHEMA(('AUTOMOTIVE_DESIGN { 1 0 10303 214 1 1 1 1 }'));
ENDSEC;
DATA;
#1 = APPLICATION_PROTOCOL_DEFINITION('international standard',
  'automotive_design',2000,#2);
#2 = APPLICATION_CONTEXT(
  'core data for automotive mechanical design processes');
#3 = SHAPE_DEFINITION_REPRESENTATION(#4,#10);
#4 = PRODUCT_DEFINITION_SHAPE('','',#5);
#5 = PRODUCT_DEFINITION('design','',#6,#9);
#6 = PRODUCT_DEFINITION_FORMATION('','',#7);
#7 = PRODUCT('Open CASCADE STEP translator 7.8 50',
  'Open CASCADE STEP translator 7.8 50','',(#8));
#8 = PRODUCT_CONTEXT('',#2,'mechanical');
#9 = PRODUCT_DEFINITION_CONTEXT('part definition',#2,'design');
#10 = ADVANCED_BREP_SHAPE_REPRESENTATION('',(#11,#15),#7662);
#11 = AXIS2_PLACEMENT_3D('',#12,#13,#14);
#12 = CARTESIAN_POINT('',(0.,0.,0.));
#13 = DIRECTION('',(0.,0.,1.));
#14 = DIRECTION('',(1.,0.,-0.));
#15 = MANIFOLD_SOLID_BREP('',#16);
#16 = CLOSED_SHELL('',(#17,#57,#88,#119,#1955,#3791,#3808,#3825,#3842,
    #3859,#3876,#3893,#3910,#3927,#3944,#3961,#3978,#3995,#4012,#4029,
    #4046,#4063,#4080,#4097,#4114,#4131,#4148,#4165,#4182,#4199,#4216,
    #4233,#4250,#4267,#4284,#4301,#4318,#4335,#4352,#4369,#4386,#4403,
    #4420,#4437,#4454,#4471,#4488,#4505,#4522,#4539,#4556,#4573,#4590,
    #4607,#4624,#4641,#4658,#4675,#4692,#4709,#4726,#4743,#4760,#4777,
    #4794,#4811,#4828,#4845,#4862,#4879,#4896,#4913,#4930,#4947,#4964,
    #4981,#4998,#5015,#5032,#5049,#5066,#5083,#5100,#5117,#5134,#5151,
    #5168,#5185,#5202,#5219,#5236,#5253,#5270,#5287,#5304,#5321,#5338,
    #5355,#5372,#5389,#5406,#5423,#5440,#5457,#5474,#5491,#5508,#5525,
    #5542,#5559,#5576,#5593,#5610,#5627,#5644,#5661,#5678,#5695,#5712,
    #5729,#5746,#5763,#5780,#5797,#5814,#5831,#5848,#5865,#5882,#5899,
    #5916,#5933,#5950,#5967,#5984,#6001,#6018,#6035,#6052,#6069,#6086,
    #6103,#6120,#6137,#6154,#6171,#6188,#6205,#6222,#6239,#6256,#6273,
    #6290,#6307,#6324,#6341,#6358,#6375,#6392,#6409,#6426,#6443,#6460,
    #6477,#6494,#6511,#6528,#6545,#6562,#6579,#6596,#6613,#6630,#6647,
    #6664,#6681,#6698,#6715,#6732,#6749,#6766,#6783,#6800,#6817,#6834,
    #6851,#6868,#6885,#6902,#6919,#6936,#6953,#6970,#6987,#7004,#7021,
    #7038,#7055,#7072,#7089,#7106,#7123,#7140,#7157,#7174,#7191,#7208,
    #7225,#7242,#7259,#7276,#7293,#7310,#7327,#7344,#7361,#7378,#7395,
    #7412,#7429,#7446,#7463,#7480,#7497,#7514,#7531,#7548,#7565,#7582,
    #7599,#7616,#7633,#7645));
#17 = ADVANCED_FACE('',(#18),#52,.F.);
#18 = FACE_BOUND('',#19,.F.);
#19 = EDGE_LOOP('',(#20,#30,#38,#46));
#20 = ORIENTED_EDGE('',*,*,#21,.T.);
#21 = EDGE_CURVE('',#22,#24,#26,.T.);
#22 = VERTEX_POINT('',#23);
#23 = CARTESIAN_POINT('',(22.,0.,0.));
#24 = VERTEX_POINT('',#25);
#25 = CARTESIAN_POINT('',(22.,0.,4.));
#26 = LINE('',#27,#28);
#27 = CARTESIAN_POINT('',(22.,0.,0.));
#28 = VECTOR('',#29,1.);
#29 = DIRECTION('',(0.,0.,1.));
#30 = ORIENTED_EDGE('',*,*,#31,.T.);
#31 = EDGE_CURVE('',#24,#32,#34,.T.);
#32 = VERTEX_POINT('',#33);
#33 = CARTESIAN_POINT('',(21.991791387762,0.600925583709,4.));
#34 = LINE('',#35,#36);
#35 = CARTESIAN_POINT('',(22.,0.,4.));
#36 = VECTOR('',#37,1.);
#37 = DIRECTION('',(-1.365867376595E-02,0.999906715965,0.));
#38 = ORIENTED_EDGE('',*,*,#39,.F.);
#39 = EDGE_CURVE('',#40,#32,#42,.T.);
#40 = VERTEX_POINT('',#41);
#41 = CARTESIAN_POINT('',(21.991791387762,0.600925583709,0.));
#42 = LINE('',#43,#44);
#43 = CARTESIAN_POINT('',(21.991791387762,0.600925583709,0.));
#44 = VECTOR('',#45,1.);
#45 = DIRECTION('',(0.,0.,1.));
#46 = ORIENTED_EDGE('',*,*,#47,.F.);
#47 = EDGE_CURVE('',#22,#40,#48,.T.);
#48 = LINE('',#49,#50);
#49 = CARTESIAN_POINT('',(22.,0.,0.));
#50 = VECTOR('',#51,1.);
#51 = DIRECTION('',(-1.365867376595E-02,0.999906715965,0.));
#52 = PLANE('',#53);
#53 = AXIS2_PLACEMENT_3D('',#54,#55,#56);
#54 = CARTESIAN_POINT('',(22.,0.,0.));
#55 = DIRECTION('',(-0.999906715965,-1.365867376595E-02,0.));
#56 = DIRECTION('',(-1.365867376595E-02,0.999906715965,0.));
#57 = ADVANCED_FACE('',(#58),#83,.F.);
#58 = FACE_BOUND('',#59,.F.);
#59 = EDGE_LOOP('',(#60,#70,#76,#77));
#60 = ORIENTED_EDGE('',*,*,#61,.T.);
#61 = EDGE_CURVE('',#62,#64,#66,.T.);
#62 = VERTEX_POINT('',#63);
#63 = CARTESIAN_POINT('',(21.991791387762,-0.600925583709,0.));
#64 = VERTEX_POINT('',#65);
#65 = CARTESIAN_POINT('',(21.991791387762,-0.600925583709,4.));
#66 = LINE('',#67,#68);
#67 = CARTESIAN_POINT('',(21.991791387762,-0.600925583709,0.));
#68 = VECTOR('',#69,1.);
#69 = DIRECTION('',(0.,0.,1.));
#70 = ORIENTED_EDGE('',*,*,#71,.T.);
#71 = EDGE_CURVE('',#64,#24,#72,.T.);
#72 = LINE('',#73,#74);
#73 = CARTESIAN_POINT('',(21.991791387762,-0.600925583709,4.));
#74 = VECTOR('',#75,1.);
#75 = DIRECTION('',(1.365867376595E-02,0.999906715965,0.));
#76 = ORIENTED_EDGE('',*,*,#21,.F.);
#77 = ORIENTED_EDGE('',*,*,#78,.F.);
#78 = EDGE_CURVE('',#62,#22,#79,.T.);
#79 = LINE('',#80,#81);
#80 = CARTESIAN_POINT('',(21.991791387762,-0.600925583709,0.));
#81 = VECTOR('',#82,1.);
#82 = DIRECTION('',(1.365867376595E-02,0.999906715965,0.));
#83 = PLANE('',#84);
#84 = AXIS2_PLACEMENT_3D('',#85,#86,#87);
#85 = CARTESIAN_POINT('',(21.991791387762,-0.600925583709,0.));
#86 = DIRECTION('',(-0.999906715965,1.365867376595E-02,0.));
#87 = DIRECTION('',(1.365867376595E-02,0.999906715965,0.));
#88 = ADVANCED_FACE('',(#89),#114,.F.);
#89 = FACE_BOUND('',#90,.F.);
#90 = EDGE_LOOP('',(#91,#92,#100,#108));
#91 = ORIENTED_EDGE('',*,*,#39,.T.);
#92 = ORIENTED_EDGE('',*,*,#93,.T.);
#93 = EDGE_CURVE('',#32,#94,#96,.T.);
#94 = VERTEX_POINT('',#95);
#95 = CARTESIAN_POINT('',(23.972579290252,1.146927274322,4.));
#96 = LINE('',#97,#98);
#97 = CARTESIAN_POINT('',(21.991791387762,0.600925583709,4.));
#98 = VECTOR('',#99,1.);
#99 = DIRECTION('',(0.964045320496,0.265737878425,0.));
#100 = ORIENTED_EDGE('',*,*,#101,.F.);
#101 = EDGE_CURVE('',#102,#94,#104,.T.);
#102 = VERTEX_POINT('',#103);
#103 = CARTESIAN_POINT('',(23.972579290252,1.146927274322,0.));
#104 = LINE('',#105,#106);
#105 = CARTESIAN_POINT('',(23.972579290252,1.146927274322,0.));
#106 = VECTOR('',#107,1.);
#107 = DIRECTION('',(0.,0.,1.));
#108 = ORIENTED_EDGE('',*,*,#109,.F.);
#109 = EDGE_CURVE('',#40,#102,#110,.T.);
#110 = LINE('',#111,#112);
#111 = CARTESIAN_POINT('',(21.991791387762,0.600925583709,0.));
#112 = VECTOR('',#113,1.);
#113 = DIRECTION('',(0.964045320496,0.265737878425,0.));
#114 = PLANE('',#115);
#115 = AXIS2_PLACEMENT_3D('',#116,#117,#118);
#116 = CARTESIAN_POINT('',(21.991791387762,0.600925583709,0.));
#117 = DIRECTION('',(-0.265737878425,0.964045320496,0.));
#118 = DIRECTION('',(0.964045320496,0.265737878425,0.));
#119 = ADVANCED_FACE('',(#120,#1939),#1950,.F.);
#120 = FACE_BOUND('',#121,.F.);
#121 = EDGE_LOOP('',(#122,#123,#124,#132,#140,#148,#156,#164,#172,#180,
    #188,#196,#204,#212,#220,#228,#236,#244,#252,#260,#268,#276,#284,
    #292,#300,#308,#316,#324,#332,#340,#348,#356,#364,#372,#380,#388,
    #396,#404,#412,#420,#428,#436,#444,#452,#460,#468,#476,#484,#492,
    #500,#508,#516,#524,#532,#540,#548,#556,#564,#572,#580,#588,#596,
    #604,#612,#620,#628,#636,#644,#652,#660,#668,#676,#684,#692,#700,
    #708,#716,#724,#732,#740,#748,#756,#764,#772,#780,#788,#796,#804,
    #812,#820,#828,#836,#844,#852,#860,#868,#876,#884,#892,#900,#908,
    #916,#924,#932,#940,#948,#956,#964,#972,#980,#988,#996,#1004,#1012,
    #1020,#1028,#1036,#1044,#1052,#1060,#1068,#1076,#1084,#1092,#1100,
    #1108,#1116,#1124,#1132,#1140,#1148,#1156,#1164,#1172,#1180,#1188,
    #1196,#1204,#1212,#1220,#1228,#1236,#1244,#1252,#1260,#1268,#1276,
    #1284,#1292,#1300,#1308,#1316,#1324,#1332,#1340,#1348,#1356,#1364,
    #1372,#1380,#1388,#1396,#1404,#1412,#1420,#1428,#1436,#1444,#1452,
    #1460,#1468,#1476,#1484,#1492,#1500,#1508,#1516,#1524,#1532,#1540,
    #1548,#1556,#1564,#1572,#1580,#1588,#1596,#1604,#1612,#1620,#1628,
    #1636,#1644,#1652,#1660,#1668,#1676,#1684,#1692,#1700,#1708,#1716,
    #1724,#1732,#1740,#1748,#1756,#1764,#1772,#1780,#1788,#1796,#1804,
    #1812,#1820,#1828,#1836,#1844,#1852,#1860,#1868,#1876,#1884,#1892,
    #1900,#1908,#1916,#1924,#1932,#1938));
#122 = ORIENTED_EDGE('',*,*,#47,.T.);
#123 = ORIENTED_EDGE('',*,*,#109,.T.);
#124 = ORIENTED_EDGE('',*,*,#125,.T.);
#125 = EDGE_CURVE('',#102,#126,#128,.T.);
#126 = VERTEX_POINT('',#127);
#127 = CARTESIAN_POINT('',(23.905470636796,2.128021060351,0.));
#128 = LINE('',#129,#130);
#129 = CARTESIAN_POINT('',(23.972579290252,1.146927274322,0.));
#130 = VECTOR('',#131,1.);
#131 = DIRECTION('',(-6.824241336467E-02,0.997668769191,0.));
#132 = ORIENTED_EDGE('',*,*,#133,.T.);
#133 = EDGE_CURVE('',#126,#134,#136,.T.);
#134 = VERTEX_POINT('',#135);
#135 = CARTESIAN_POINT('',(21.868784679108,2.399220010501,0.));
#136 = LINE('',#137,#138);
#137 = CARTESIAN_POINT('',(23.905470636796,2.128021060351,0.));
#138 = VECTOR('',#139,1.);
#139 = DIRECTION('',(-0.9912507868,0.131991960617,0.));
#140 = ORIENTED_EDGE('',*,*,#141,.T.);
#141 = EDGE_CURVE('',#134,#142,#144,.T.);
#142 = VERTEX_POINT('',#143);
#143 = CARTESIAN_POINT('',(21.795090812799,2.995666280117,0.));
#144 = LINE('',#145,#146);
#145 = CARTESIAN_POINT('',(21.868784679108,2.399220010501,0.));
#146 = VECTOR('',#147,1.);
#147 = DIRECTION('',(-0.12262249078,0.992453386691,0.));
#148 = ORIENTED_EDGE('',*,*,#149,.T.);
#149 = EDGE_CURVE('',#142,#150,#152,.T.);
#150 = VERTEX_POINT('',#151);
#151 = CARTESIAN_POINT('',(21.705132632929,3.589877071289,0.));
#152 = LINE('',#153,#154);
#153 = CARTESIAN_POINT('',(21.795090812799,2.995666280117,0.));
#154 = VECTOR('',#155,1.);
#155 = DIRECTION('',(-0.149685403063,0.988733675016,0.));
#156 = ORIENTED_EDGE('',*,*,#157,.T.);
#157 = EDGE_CURVE('',#150,#158,#160,.T.);
#158 = VERTEX_POINT('',#159);
#159 = CARTESIAN_POINT('',(23.593124149393,4.400510523944,0.));
#160 = LINE('',#161,#162);
#161 = CARTESIAN_POINT('',(21.705132632929,3.589877071289,0.));
#162 = VECTOR('',#163,1.);
#163 = DIRECTION('',(0.918881513914,0.394533602354,0.));
#164 = ORIENTED_EDGE('',*,*,#165,.T.);
#165 = EDGE_CURVE('',#158,#166,#168,.T.);
#166 = VERTEX_POINT('',#167);
#167 = CARTESIAN_POINT('',(23.393048296263,5.363328389041,0.));
#168 = LINE('',#169,#170);
#169 = CARTESIAN_POINT('',(23.593124149393,4.400510523944,0.));
#170 = VECTOR('',#171,1.);
#171 = DIRECTION('',(-0.203456013053,0.979084087682,0.));
#172 = ORIENTED_EDGE('',*,*,#173,.T.);
#173 = EDGE_CURVE('',#166,#174,#176,.T.);
#174 = VERTEX_POINT('',#175);
#175 = CARTESIAN_POINT('',(21.338403889213,5.354672675414,0.));
#176 = LINE('',#177,#178);
#177 = CARTESIAN_POINT('',(23.393048296263,5.363328389041,0.));
#178 = VECTOR('',#179,1.);
#179 = DIRECTION('',(-0.999991126466,-4.212717679898E-03,0.));
#180 = ORIENTED_EDGE('',*,*,#181,.T.);
#181 = EDGE_CURVE('',#174,#182,#184,.T.);
#182 = VERTEX_POINT('',#183);
#183 = CARTESIAN_POINT('',(21.184180321652,5.935528965455,0.));
#184 = LINE('',#185,#186);
#185 = CARTESIAN_POINT('',(21.338403889213,5.354672675414,0.));
#186 = VECTOR('',#187,1.);
#187 = DIRECTION('',(-0.256619430334,0.966512528618,0.));
#188 = ORIENTED_EDGE('',*,*,#189,.T.);
#189 = EDGE_CURVE('',#182,#190,#192,.T.);
#190 = VERTEX_POINT('',#191);
#191 = CARTESIAN_POINT('',(21.014148324832,6.51195594134,0.));
#192 = LINE('',#193,#194);
#193 = CARTESIAN_POINT('',(21.184180321652,5.935528965455,0.));
#194 = VECTOR('',#195,1.);
#195 = DIRECTION('',(-0.282923776517,0.959142396457,0.));
#196 = ORIENTED_EDGE('',*,*,#197,.T.);
#197 = EDGE_CURVE('',#190,#198,#200,.T.);
#198 = VERTEX_POINT('',#199);
#199 = CARTESIAN_POINT('',(22.774173745536,7.572120588591,0.));
#200 = LINE('',#201,#202);
#201 = CARTESIAN_POINT('',(21.014148324832,6.51195594134,0.));
#202 = VECTOR('',#203,1.);
#203 = DIRECTION('',(0.856600683319,0.515979911758,0.));
#204 = ORIENTED_EDGE('',*,*,#205,.T.);
#205 = EDGE_CURVE('',#198,#206,#208,.T.);
#206 = VERTEX_POINT('',#207);
#207 = CARTESIAN_POINT('',(22.444857727319,8.498727057649,0.));
#208 = LINE('',#209,#210);
#209 = CARTESIAN_POINT('',(22.774173745536,7.572120588591,0.));
#210 = VECTOR('',#211,1.);
#211 = DIRECTION('',(-0.334879612171,0.942260922119,0.));
#212 = ORIENTED_EDGE('',*,*,#213,.T.);
#213 = EDGE_CURVE('',#206,#214,#216,.T.);
#214 = VERTEX_POINT('',#215);
#215 = CARTESIAN_POINT('',(20.410529008672,8.210377919814,0.));
#216 = LINE('',#217,#218);
#217 = CARTESIAN_POINT('',(22.444857727319,8.498727057649,0.));
#218 = VECTOR('',#219,1.);
#219 = DIRECTION('',(-0.9901035235,-0.140338921017,0.));
#220 = ORIENTED_EDGE('',*,*,#221,.T.);
#221 = EDGE_CURVE('',#214,#222,#224,.T.);
#222 = VERTEX_POINT('',#223);
#223 = CARTESIAN_POINT('',(20.17864863312,8.764823976617,0.));
#224 = LINE('',#225,#226);
#225 = CARTESIAN_POINT('',(20.410529008672,8.210377919814,0.));
#226 = VECTOR('',#227,1.);
#227 = DIRECTION('',(-0.385836035443,0.922567370848,0.));
#228 = ORIENTED_EDGE('',*,*,#229,.T.);
#229 = EDGE_CURVE('',#222,#230,#232,.T.);
#230 = VERTEX_POINT('',#231);
#231 = CARTESIAN_POINT('',(19.93171019374,9.312729393297,0.));
#232 = LINE('',#233,#234);
#233 = CARTESIAN_POINT('',(20.17864863312,8.764823976617,0.));
#234 = VECTOR('',#235,1.);
#235 = DIRECTION('',(-0.410891815327,0.91168410982,0.));
#236 = ORIENTED_EDGE('',*,*,#237,.T.);
#237 = EDGE_CURVE('',#230,#238,#240,.T.);
#238 = VERTEX_POINT('',#239);
#239 = CARTESIAN_POINT('',(21.530983575191,10.602676373675,0.));
#240 = LINE('',#241,#242);
#241 = CARTESIAN_POINT('',(19.93171019374,9.312729393297,0.));
#242 = VECTOR('',#243,1.);
#243 = DIRECTION('',(0.778363002744,0.627814491677,0.));
#244 = ORIENTED_EDGE('',*,*,#245,.T.);
#245 = EDGE_CURVE('',#238,#246,#248,.T.);
#246 = VERTEX_POINT('',#247);
#247 = CARTESIAN_POINT('',(21.078561926216,11.475810521383,0.));
#248 = LINE('',#249,#250);
#249 = CARTESIAN_POINT('',(21.530983575191,10.602676373675,0.));
#250 = VECTOR('',#251,1.);
#251 = DIRECTION('',(-0.460065037731,0.887885218402,0.));
#252 = ORIENTED_EDGE('',*,*,#253,.T.);
#253 = EDGE_CURVE('',#246,#254,#256,.T.);
#254 = VERTEX_POINT('',#255);
#255 = CARTESIAN_POINT('',(19.102444590903,10.913139358199,0.));
#256 = LINE('',#257,#258);
#257 = CARTESIAN_POINT('',(21.078561926216,11.475810521383,0.));
#258 = VECTOR('',#259,1.);
#259 = DIRECTION('',(-0.96177216524,-0.273850875787,0.));
#260 = ORIENTED_EDGE('',*,*,#261,.T.);
#261 = EDGE_CURVE('',#254,#262,#264,.T.);
#262 = VERTEX_POINT('',#263);
#263 = CARTESIAN_POINT('',(18.797226900023,11.43084690078,0.));
#264 = LINE('',#265,#266);
#265 = CARTESIAN_POINT('',(19.102444590903,10.913139358199,0.));
#266 = VECTOR('',#267,1.);
#267 = DIRECTION('',(-0.507865245242,0.861436528524,0.));
#268 = ORIENTED_EDGE('',*,*,#269,.T.);
#269 = EDGE_CURVE('',#262,#270,#272,.T.);
#270 = VERTEX_POINT('',#271);
#271 = CARTESIAN_POINT('',(18.477982013982,11.940024317018,0.));
#272 = LINE('',#273,#274);
#273 = CARTESIAN_POINT('',(18.797226900023,11.43084690078,0.));
#274 = VECTOR('',#275,1.);
#275 = DIRECTION('',(-0.531205717054,0.847242873189,0.));
#276 = ORIENTED_EDGE('',*,*,#277,.T.);
#277 = EDGE_CURVE('',#270,#278,#280,.T.);
#278 = VERTEX_POINT('',#279);
#279 = CARTESIAN_POINT('',(19.886711919025,13.435724358951,0.));
#280 = LINE('',#281,#282);
#281 = CARTESIAN_POINT('',(18.477982013982,11.940024317018,0.));
#282 = VECTOR('',#283,1.);
#283 = DIRECTION('',(0.685625892148,0.727954075486,0.));
#284 = ORIENTED_EDGE('',*,*,#285,.T.);
#285 = EDGE_CURVE('',#278,#286,#288,.T.);
#286 = VERTEX_POINT('',#287);
#287 = CARTESIAN_POINT('',(19.319612398599,14.23912134817,0.));
#288 = LINE('',#289,#290);
#289 = CARTESIAN_POINT('',(19.886711919025,13.435724358951,0.));
#290 = VECTOR('',#291,1.);
#291 = DIRECTION('',(-0.576680322115,0.81696989301,0.));
#292 = ORIENTED_EDGE('',*,*,#293,.T.);
#293 = EDGE_CURVE('',#286,#294,#296,.T.);
#294 = VERTEX_POINT('',#295);
#295 = CARTESIAN_POINT('',(17.438517773619,13.412609658794,0.));
#296 = LINE('',#297,#298);
#297 = CARTESIAN_POINT('',(19.319612398599,14.23912134817,0.));
#298 = VECTOR('',#299,1.);
#299 = DIRECTION('',(-0.915524811284,-0.402261506886,0.));
#300 = ORIENTED_EDGE('',*,*,#301,.T.);
#301 = EDGE_CURVE('',#294,#302,#304,.T.);
#302 = VERTEX_POINT('',#303);
#303 = CARTESIAN_POINT('',(17.065648395497,13.883934775173,0.));
#304 = LINE('',#305,#306);
#305 = CARTESIAN_POINT('',(17.438517773619,13.412609658794,0.));
#306 = VECTOR('',#307,1.);
#307 = DIRECTION('',(-0.62043388644,0.784258753574,0.));
#308 = ORIENTED_EDGE('',*,*,#309,.T.);
#309 = EDGE_CURVE('',#302,#310,#312,.T.);
#310 = VERTEX_POINT('',#311);
#311 = CARTESIAN_POINT('',(16.680043990988,14.344899179106,0.));
#312 = LINE('',#313,#314);
#313 = CARTESIAN_POINT('',(17.065648395497,13.883934775173,0.));
#314 = VECTOR('',#315,1.);
#315 = DIRECTION('',(-0.641624261352,0.767019104876,0.));
#316 = ORIENTED_EDGE('',*,*,#317,.T.);
#317 = EDGE_CURVE('',#310,#318,#320,.T.);
#318 = VERTEX_POINT('',#319);
#319 = CARTESIAN_POINT('',(17.871988446912,16.018490220787,0.));
#320 = LINE('',#321,#322);
#321 = CARTESIAN_POINT('',(16.680043990988,14.344899179106,0.));
#322 = VECTOR('',#323,1.);
#323 = DIRECTION('',(0.580116868434,0.814533252211,0.));
#324 = ORIENTED_EDGE('',*,*,#325,.T.);
#325 = EDGE_CURVE('',#318,#326,#328,.T.);
#326 = VERTEX_POINT('',#327);
#327 = CARTESIAN_POINT('',(17.200775046106,16.737184285694,0.));
#328 = LINE('',#329,#330);
#329 = CARTESIAN_POINT('',(17.871988446912,16.018490220787,0.));
#330 = VECTOR('',#331,1.);
#331 = DIRECTION('',(-0.682553143219,0.730835964278,0.));
#332 = ORIENTED_EDGE('',*,*,#333,.T.);
#333 = EDGE_CURVE('',#326,#334,#336,.T.);
#334 = VERTEX_POINT('',#335);
#335 = CARTESIAN_POINT('',(15.449744365155,15.662228419078,0.));
#336 = LINE('',#337,#338);
#337 = CARTESIAN_POINT('',(17.200775046106,16.737184285694,0.));
#338 = VECTOR('',#339,1.);
#339 = DIRECTION('',(-0.852222962334,-0.523178767221,0.));
#340 = ORIENTED_EDGE('',*,*,#341,.T.);
#341 = EDGE_CURVE('',#334,#342,#344,.T.);
#342 = VERTEX_POINT('',#343);
#343 = CARTESIAN_POINT('',(15.01616915081,16.078391214119,0.));
#344 = LINE('',#345,#346);
#345 = CARTESIAN_POINT('',(15.449744365155,15.662228419078,0.));
#346 = VECTOR('',#347,1.);
#347 = DIRECTION('',(-0.721445018239,0.69247172192,0.));
#348 = ORIENTED_EDGE('',*,*,#349,.T.);
#349 = EDGE_CURVE('',#342,#350,#352,.T.);
#350 = VERTEX_POINT('',#351);
#351 = CARTESIAN_POINT('',(14.571388308297,16.482555711079,0.));
#352 = LINE('',#353,#354);
#353 = CARTESIAN_POINT('',(15.01616915081,16.078391214119,0.));
#354 = VECTOR('',#355,1.);
#355 = DIRECTION('',(-0.740090559661,0.672507221895,0.));
#356 = ORIENTED_EDGE('',*,*,#357,.T.);
#357 = EDGE_CURVE('',#350,#358,#360,.T.);
#358 = VERTEX_POINT('',#359);
#359 = CARTESIAN_POINT('',(15.524343645134,18.302861917957,0.));
#360 = LINE('',#361,#362);
#361 = CARTESIAN_POINT('',(14.571388308297,16.482555711079,0.));
#362 = VECTOR('',#363,1.);
#363 = DIRECTION('',(0.463801365085,0.885939215604,0.));
#364 = ORIENTED_EDGE('',*,*,#365,.T.);
#365 = EDGE_CURVE('',#358,#366,#368,.T.);
#366 = VERTEX_POINT('',#367);
#367 = CARTESIAN_POINT('',(14.76151979962,18.923465147943,0.));
#368 = LINE('',#369,#370);
#369 = CARTESIAN_POINT('',(15.524343645134,18.302861917957,0.));
#370 = VECTOR('',#371,1.);
#371 = DIRECTION('',(-0.775711290704,0.631087944326,0.));
#372 = ORIENTED_EDGE('',*,*,#373,.T.);
#373 = EDGE_CURVE('',#366,#374,#376,.T.);
#374 = VERTEX_POINT('',#375);
#375 = CARTESIAN_POINT('',(13.173171451207,17.620089497988,0.));
#376 = LINE('',#377,#378);
#377 = CARTESIAN_POINT('',(14.76151979962,18.923465147943,0.));
#378 = VECTOR('',#379,1.);
#379 = DIRECTION('',(-0.773045812063,-0.634350197014,0.));
#380 = ORIENTED_EDGE('',*,*,#381,.T.);
#381 = EDGE_CURVE('',#374,#382,#384,.T.);
#382 = VERTEX_POINT('',#383);
#383 = CARTESIAN_POINT('',(12.686967086527,17.97333764623,0.));
#384 = LINE('',#385,#386);
#385 = CARTESIAN_POINT('',(13.173171451207,17.620089497988,0.));
#386 = VECTOR('',#387,1.);
#387 = DIRECTION('',(-0.809016994375,0.587785252292,0.));
#388 = ORIENTED_EDGE('',*,*,#389,.T.);
#389 = EDGE_CURVE('',#382,#390,#392,.T.);
#390 = VERTEX_POINT('',#391);
#391 = CARTESIAN_POINT('',(12.191295231548,18.313173416348,0.));
#392 = LINE('',#393,#394);
#393 = CARTESIAN_POINT('',(12.686967086527,17.97333764623,0.));
#394 = VECTOR('',#395,1.);
#395 = DIRECTION('',(-0.824770371149,0.565467801802,0.));
#396 = ORIENTED_EDGE('',*,*,#397,.T.);
#397 = EDGE_CURVE('',#390,#398,#400,.T.);
#398 = VERTEX_POINT('',#399);
#399 = CARTESIAN_POINT('',(12.887509694433,20.24628592794,0.));
#400 = LINE('',#401,#402);
#401 = CARTESIAN_POINT('',(12.191295231548,18.313173416348,0.));
#402 = VECTOR('',#403,1.);
#403 = DIRECTION('',(0.338846119851,0.940841807671,0.));
#404 = ORIENTED_EDGE('',*,*,#405,.T.);
#405 = EDGE_CURVE('',#398,#406,#408,.T.);
#406 = VERTEX_POINT('',#407);
#407 = CARTESIAN_POINT('',(12.047285369136,20.757237659058,0.));
#408 = LINE('',#409,#410);
#409 = CARTESIAN_POINT('',(12.887509694433,20.24628592794,0.));
#410 = VECTOR('',#411,1.);
#411 = DIRECTION('',(-0.854419404546,0.519583950035,0.));
#412 = ORIENTED_EDGE('',*,*,#413,.T.);
#413 = EDGE_CURVE('',#406,#414,#416,.T.);
#414 = VERTEX_POINT('',#415);
#415 = CARTESIAN_POINT('',(10.651207277721,19.24972164804,0.));
#416 = LINE('',#417,#418);
#417 = CARTESIAN_POINT('',(12.047285369136,20.757237659058,0.));
#418 = VECTOR('',#419,1.);
#419 = DIRECTION('',(-0.679468280972,-0.733704882874,0.));
#420 = ORIENTED_EDGE('',*,*,#421,.T.);
#421 = EDGE_CURVE('',#414,#422,#424,.T.);
#422 = VERTEX_POINT('',#423);
#423 = CARTESIAN_POINT('',(10.121430830085,19.533474804852,0.));
#424 = LINE('',#425,#426);
#425 = CARTESIAN_POINT('',(10.651207277721,19.24972164804,0.));
#426 = VECTOR('',#427,1.);
#427 = DIRECTION('',(-0.881518514625,0.472149455548,0.));
#428 = ORIENTED_EDGE('',*,*,#429,.T.);
#429 = EDGE_CURVE('',#422,#430,#432,.T.);
#430 = VERTEX_POINT('',#431);
#431 = CARTESIAN_POINT('',(9.584101391452,19.802651350725,0.));
#432 = LINE('',#433,#434);
#433 = CARTESIAN_POINT('',(10.121430830085,19.533474804852,0.));
#434 = VECTOR('',#435,1.);
#435 = DIRECTION('',(-0.894086271148,0.447894786468,0.));
#436 = ORIENTED_EDGE('',*,*,#437,.T.);
#437 = EDGE_CURVE('',#430,#438,#440,.T.);
#438 = VERTEX_POINT('',#439);
#439 = CARTESIAN_POINT('',(10.01060582223,21.812559938529,0.));
#440 = LINE('',#441,#442);
#441 = CARTESIAN_POINT('',(9.584101391452,19.802651350725,0.));
#442 = VECTOR('',#443,1.);
#443 = DIRECTION('',(0.207578812525,0.978218297003,0.));
#444 = ORIENTED_EDGE('',*,*,#445,.T.);
#445 = EDGE_CURVE('',#438,#446,#448,.T.);
#446 = VERTEX_POINT('',#447);
#447 = CARTESIAN_POINT('',(9.108632806563,22.204342106786,0.));
#448 = LINE('',#449,#450);
#449 = CARTESIAN_POINT('',(10.01060582223,21.812559938529,0.));
#450 = VECTOR('',#451,1.);
#451 = DIRECTION('',(-0.917211301505,0.398401089846,0.));
#452 = ORIENTED_EDGE('',*,*,#453,.T.);
#453 = EDGE_CURVE('',#446,#454,#456,.T.);
#454 = VERTEX_POINT('',#455);
#455 = CARTESIAN_POINT('',(7.930831265509,20.520767905661,0.));
#456 = LINE('',#457,#458);
#457 = CARTESIAN_POINT('',(9.108632806563,22.204342106786,0.));
#458 = VECTOR('',#459,1.);
#459 = DIRECTION('',(-0.57323354141,-0.819392034989,0.));
#460 = ORIENTED_EDGE('',*,*,#461,.T.);
#461 = EDGE_CURVE('',#454,#462,#464,.T.);
#462 = VERTEX_POINT('',#463);
#463 = CARTESIAN_POINT('',(7.367351467762,20.729740286614,0.));
#464 = LINE('',#465,#466);
#465 = CARTESIAN_POINT('',(7.930831265509,20.520767905661,0.));
#466 = VECTOR('',#467,1.);
#467 = DIRECTION('',(-0.937599012844,0.347718407787,0.));
#468 = ORIENTED_EDGE('',*,*,#469,.T.);
#469 = EDGE_CURVE('',#462,#470,#472,.T.);
#470 = VERTEX_POINT('',#471);
#471 = CARTESIAN_POINT('',(6.798373876249,20.923243358493,0.));
#472 = LINE('',#473,#474);
#473 = CARTESIAN_POINT('',(7.367351467762,20.729740286614,0.));
#474 = VECTOR('',#475,1.);
#475 = DIRECTION('',(-0.946747035591,0.321978338712,0.));
#476 = ORIENTED_EDGE('',*,*,#477,.T.);
#477 = EDGE_CURVE('',#470,#478,#480,.T.);
#478 = VERTEX_POINT('',#479);
#479 = CARTESIAN_POINT('',(6.947223304352,22.972507228413,0.));
#480 = LINE('',#481,#482);
#481 = CARTESIAN_POINT('',(6.798373876249,20.923243358493,0.));
#482 = VECTOR('',#483,1.);
#483 = DIRECTION('',(7.244470467591E-02,0.997372430321,0.));
#484 = ORIENTED_EDGE('',*,*,#485,.T.);
#485 = EDGE_CURVE('',#478,#486,#488,.T.);
#486 = VERTEX_POINT('',#487);
#487 = CARTESIAN_POINT('',(6.000303649,23.237821673294,0.));
#488 = LINE('',#489,#490);
#489 = CARTESIAN_POINT('',(6.947223304352,22.972507228413,0.));
#490 = VECTOR('',#491,1.);
#491 = DIRECTION('',(-0.962917287348,0.269796771157,0.));
#492 = ORIENTED_EDGE('',*,*,#493,.T.);
#493 = EDGE_CURVE('',#486,#494,#496,.T.);
#494 = VERTEX_POINT('',#495);
#495 = CARTESIAN_POINT('',(5.06271887253,21.409551083984,0.));
#496 = LINE('',#497,#498);
#497 = CARTESIAN_POINT('',(6.000303649,23.237821673294,0.));
#498 = VECTOR('',#499,1.);
#499 = DIRECTION('',(-0.456320545571,-0.889815463841,0.));
#500 = ORIENTED_EDGE('',*,*,#501,.T.);
#501 = EDGE_CURVE('',#494,#502,#504,.T.);
#502 = VERTEX_POINT('',#503);
#503 = CARTESIAN_POINT('',(4.476032287158,21.539849929011,0.));
#504 = LINE('',#505,#506);
#505 = CARTESIAN_POINT('',(5.06271887253,21.409551083984,0.));
#506 = VECTOR('',#507,1.);
#507 = DIRECTION('',(-0.97621381546,0.216810023998,0.));
#508 = ORIENTED_EDGE('',*,*,#509,.T.);
#509 = EDGE_CURVE('',#502,#510,#512,.T.);
#510 = VERTEX_POINT('',#511);
#511 = CARTESIAN_POINT('',(3.886005518749,21.65407493079,0.));
#512 = LINE('',#513,#514);
#513 = CARTESIAN_POINT('',(4.476032287158,21.539849929011,0.));
#514 = VECTOR('',#515,1.);
#515 = DIRECTION('',(-0.981771694076,0.190064043712,0.));
#516 = ORIENTED_EDGE('',*,*,#517,.T.);
#517 = EDGE_CURVE('',#510,#518,#520,.T.);
#518 = VERTEX_POINT('',#519);
#519 = CARTESIAN_POINT('',(3.754427160966,23.704520174283,0.));
#520 = LINE('',#521,#522);
#521 = CARTESIAN_POINT('',(3.886005518749,21.65407493079,0.));
#522 = VECTOR('',#523,1.);
#523 = DIRECTION('',(-6.403891095061E-02,0.997947402364,0.));
#524 = ORIENTED_EDGE('',*,*,#525,.T.);
#525 = EDGE_CURVE('',#518,#526,#528,.T.);
#526 = VERTEX_POINT('',#527);
#527 = CARTESIAN_POINT('',(2.780200187466,23.838424589675,0.));
#528 = LINE('',#529,#530);
#529 = CARTESIAN_POINT('',(3.754427160966,23.704520174283,0.));
#530 = VECTOR('',#531,1.);
#531 = DIRECTION('',(-0.990685946036,0.136166649096,0.));
#532 = ORIENTED_EDGE('',*,*,#533,.T.);
#533 = EDGE_CURVE('',#526,#534,#536,.T.);
#534 = VERTEX_POINT('',#535);
#535 = CARTESIAN_POINT('',(2.100297605987,21.899514834039,0.));
#536 = LINE('',#537,#538);
#537 = CARTESIAN_POINT('',(2.780200187466,23.838424589675,0.));
#538 = VECTOR('',#539,1.);
#539 = DIRECTION('',(-0.33090716136,-0.943663314197,0.));
#540 = ORIENTED_EDGE('',*,*,#541,.T.);
#541 = EDGE_CURVE('',#534,#542,#544,.T.);
#542 = VERTEX_POINT('',#543);
#543 = CARTESIAN_POINT('',(1.501333094023,21.948712922192,0.));
#544 = LINE('',#545,#546);
#545 = CARTESIAN_POINT('',(2.100297605987,21.899514834039,0.));
#546 = VECTOR('',#547,1.);
#547 = DIRECTION('',(-0.996643601761,8.186287968182E-02,0.));
#548 = ORIENTED_EDGE('',*,*,#549,.T.);
#549 = EDGE_CURVE('',#542,#550,#552,.T.);
#550 = VERTEX_POINT('',#551);
#551 = CARTESIAN_POINT('',(0.90124823104,21.981532058209,0.));
#552 = LINE('',#553,#554);
#553 = CARTESIAN_POINT('',(1.501333094023,21.948712922192,0.));
#554 = VECTOR('',#555,1.);
#555 = DIRECTION('',(-0.998507803483,5.46092151921E-02,0.));
#556 = ORIENTED_EDGE('',*,*,#557,.T.);
#557 = EDGE_CURVE('',#550,#558,#560,.T.);
#558 = VERTEX_POINT('',#559);
#559 = CARTESIAN_POINT('',(0.491693143219,23.994962759982,0.));
#560 = LINE('',#561,#562);
#561 = CARTESIAN_POINT('',(0.90124823104,21.981532058209,0.));
#562 = VECTOR('',#563,1.);
#563 = DIRECTION('',(-0.199329602832,0.979932502489,0.));
#564 = ORIENTED_EDGE('',*,*,#565,.T.);
#565 = EDGE_CURVE('',#558,#566,#568,.T.);
#566 = VERTEX_POINT('',#567);
#567 = CARTESIAN_POINT('',(-0.491693143219,23.994962759982,0.));
#568 = LINE('',#569,#570);
#569 = CARTESIAN_POINT('',(0.491693143219,23.994962759982,0.));
#570 = VECTOR('',#571,1.);
#571 = DIRECTION('',(-1.,0.,0.));
#572 = ORIENTED_EDGE('',*,*,#573,.T.);
#573 = EDGE_CURVE('',#566,#574,#576,.T.);
#574 = VERTEX_POINT('',#575);
#575 = CARTESIAN_POINT('',(-0.90124823104,21.981532058209,0.));
#576 = LINE('',#577,#578);
#577 = CARTESIAN_POINT('',(-0.491693143219,23.994962759982,0.));
#578 = VECTOR('',#579,1.);
#579 = DIRECTION('',(-0.199329602832,-0.979932502489,0.));
#580 = ORIENTED_EDGE('',*,*,#581,.T.);
#581 = EDGE_CURVE('',#574,#582,#584,.T.);
#582 = VERTEX_POINT('',#583);
#583 = CARTESIAN_POINT('',(-1.501333094023,21.948712922192,0.));
#584 = LINE('',#585,#586);
#585 = CARTESIAN_POINT('',(-0.90124823104,21.981532058209,0.));
#586 = VECTOR('',#587,1.);
#587 = DIRECTION('',(-0.998507803483,-5.460921519211E-02,0.));
#588 = ORIENTED_EDGE('',*,*,#589,.T.);
#589 = EDGE_CURVE('',#582,#590,#592,.T.);
#590 = VERTEX_POINT('',#591);
#591 = CARTESIAN_POINT('',(-2.100297605987,21.899514834039,0.));
#592 = LINE('',#593,#594);
#593 = CARTESIAN_POINT('',(-1.501333094023,21.948712922192,0.));
#594 = VECTOR('',#595,1.);
#595 = DIRECTION('',(-0.996643601761,-8.186287968182E-02,0.));
#596 = ORIENTED_EDGE('',*,*,#597,.T.);
#597 = EDGE_CURVE('',#590,#598,#600,.T.);
#598 = VERTEX_POINT('',#599);
#599 = CARTESIAN_POINT('',(-2.780200187466,23.838424589675,0.));
#600 = LINE('',#601,#602);
#601 = CARTESIAN_POINT('',(-2.100297605987,21.899514834039,0.));
#602 = VECTOR('',#603,1.);
#603 = DIRECTION('',(-0.33090716136,0.943663314197,0.));
#604 = ORIENTED_EDGE('',*,*,#605,.T.);
#605 = EDGE_CURVE('',#598,#606,#608,.T.);
#606 = VERTEX_POINT('',#607);
#607 = CARTESIAN_POINT('',(-3.754427160966,23.704520174283,0.));
#608 = LINE('',#609,#610);
#609 = CARTESIAN_POINT('',(-2.780200187466,23.838424589675,0.));
#610 = VECTOR('',#611,1.);
#611 = DIRECTION('',(-0.990685946036,-0.136166649096,0.));
#612 = ORIENTED_EDGE('',*,*,#613,.T.);
#613 = EDGE_CURVE('',#606,#614,#616,.T.);
#614 = VERTEX_POINT('',#615);
#615 = CARTESIAN_POINT('',(-3.886005518749,21.65407493079,0.));
#616 = LINE('',#617,#618);
#617 = CARTESIAN_POINT('',(-3.754427160966,23.704520174283,0.));
#618 = VECTOR('',#619,1.);
#619 = DIRECTION('',(-6.403891095061E-02,-0.997947402364,0.));
#620 = ORIENTED_EDGE('',*,*,#621,.T.);
#621 = EDGE_CURVE('',#614,#622,#624,.T.);
#622 = VERTEX_POINT('',#623);
#623 = CARTESIAN_POINT('',(-4.476032287158,21.539849929011,0.));
#624 = LINE('',#625,#626);
#625 = CARTESIAN_POINT('',(-3.886005518749,21.65407493079,0.));
#626 = VECTOR('',#627,1.);
#627 = DIRECTION('',(-0.981771694076,-0.190064043712,0.));
#628 = ORIENTED_EDGE('',*,*,#629,.T.);
#629 = EDGE_CURVE('',#622,#630,#632,.T.);
#630 = VERTEX_POINT('',#631);
#631 = CARTESIAN_POINT('',(-5.06271887253,21.409551083984,0.));
#632 = LINE('',#633,#634);
#633 = CARTESIAN_POINT('',(-4.476032287158,21.539849929011,0.));
#634 = VECTOR('',#635,1.);
#635 = DIRECTION('',(-0.97621381546,-0.216810023998,0.));
#636 = ORIENTED_EDGE('',*,*,#637,.T.);
#637 = EDGE_CURVE('',#630,#638,#640,.T.);
#638 = VERTEX_POINT('',#639);
#639 = CARTESIAN_POINT('',(-6.000303649,23.237821673294,0.));
#640 = LINE('',#641,#642);
#641 = CARTESIAN_POINT('',(-5.06271887253,21.409551083984,0.));
#642 = VECTOR('',#643,1.);
#643 = DIRECTION('',(-0.456320545571,0.889815463841,0.));
#644 = ORIENTED_EDGE('',*,*,#645,.T.);
#645 = EDGE_CURVE('',#638,#646,#648,.T.);
#646 = VERTEX_POINT('',#647);
#647 = CARTESIAN_POINT('',(-6.947223304352,22.972507228413,0.));
#648 = LINE('',#649,#650);
#649 = CARTESIAN_POINT('',(-6.000303649,23.237821673294,0.));
#650 = VECTOR('',#651,1.);
#651 = DIRECTION('',(-0.962917287348,-0.269796771157,0.));
#652 = ORIENTED_EDGE('',*,*,#653,.T.);
#653 = EDGE_CURVE('',#646,#654,#656,.T.);
#654 = VERTEX_POINT('',#655);
#655 = CARTESIAN_POINT('',(-6.798373876249,20.923243358493,0.));
#656 = LINE('',#657,#658);
#657 = CARTESIAN_POINT('',(-6.947223304352,22.972507228413,0.));
#658 = VECTOR('',#659,1.);
#659 = DIRECTION('',(7.244470467591E-02,-0.997372430321,0.));
#660 = ORIENTED_EDGE('',*,*,#661,.T.);
#661 = EDGE_CURVE('',#654,#662,#664,.T.);
#662 = VERTEX_POINT('',#663);
#663 = CARTESIAN_POINT('',(-7.367351467762,20.729740286614,0.));
#664 = LINE('',#665,#666);
#665 = CARTESIAN_POINT('',(-6.798373876249,20.923243358493,0.));
#666 = VECTOR('',#667,1.);
#667 = DIRECTION('',(-0.946747035591,-0.321978338712,0.));
#668 = ORIENTED_EDGE('',*,*,#669,.T.);
#669 = EDGE_CURVE('',#662,#670,#672,.T.);
#670 = VERTEX_POINT('',#671);
#671 = CARTESIAN_POINT('',(-7.930831265509,20.520767905661,0.));
#672 = LINE('',#673,#674);
#673 = CARTESIAN_POINT('',(-7.367351467762,20.729740286614,0.));
#674 = VECTOR('',#675,1.);
#675 = DIRECTION('',(-0.937599012844,-0.347718407787,0.));
#676 = ORIENTED_EDGE('',*,*,#677,.T.);
#677 = EDGE_CURVE('',#670,#678,#680,.T.);
#678 = VERTEX_POINT('',#679);
#679 = CARTESIAN_POINT('',(-9.108632806563,22.204342106786,0.));
#680 = LINE('',#681,#682);
#681 = CARTESIAN_POINT('',(-7.930831265509,20.520767905661,0.));
#682 = VECTOR('',#683,1.);
#683 = DIRECTION('',(-0.57323354141,0.819392034989,0.));
#684 = ORIENTED_EDGE('',*,*,#685,.T.);
#685 = EDGE_CURVE('',#678,#686,#688,.T.);
#686 = VERTEX_POINT('',#687);
#687 = CARTESIAN_POINT('',(-10.01060582223,21.812559938529,0.));
#688 = LINE('',#689,#690);
#689 = CARTESIAN_POINT('',(-9.108632806563,22.204342106786,0.));
#690 = VECTOR('',#691,1.);
#691 = DIRECTION('',(-0.917211301505,-0.398401089846,0.));
#692 = ORIENTED_EDGE('',*,*,#693,.T.);
#693 = EDGE_CURVE('',#686,#694,#696,.T.);
#694 = VERTEX_POINT('',#695);
#695 = CARTESIAN_POINT('',(-9.584101391452,19.802651350725,0.));
#696 = LINE('',#697,#698);
#697 = CARTESIAN_POINT('',(-10.01060582223,21.812559938529,0.));
#698 = VECTOR('',#699,1.);
#699 = DIRECTION('',(0.207578812525,-0.978218297003,0.));
#700 = ORIENTED_EDGE('',*,*,#701,.T.);
#701 = EDGE_CURVE('',#694,#702,#704,.T.);
#702 = VERTEX_POINT('',#703);
#703 = CARTESIAN_POINT('',(-10.12143083008,19.533474804852,0.));
#704 = LINE('',#705,#706);
#705 = CARTESIAN_POINT('',(-9.584101391452,19.802651350725,0.));
#706 = VECTOR('',#707,1.);
#707 = DIRECTION('',(-0.894086271148,-0.447894786468,0.));
#708 = ORIENTED_EDGE('',*,*,#709,.T.);
#709 = EDGE_CURVE('',#702,#710,#712,.T.);
#710 = VERTEX_POINT('',#711);
#711 = CARTESIAN_POINT('',(-10.65120727772,19.24972164804,0.));
#712 = LINE('',#713,#714);
#713 = CARTESIAN_POINT('',(-10.12143083008,19.533474804852,0.));
#714 = VECTOR('',#715,1.);
#715 = DIRECTION('',(-0.881518514625,-0.472149455548,0.));
#716 = ORIENTED_EDGE('',*,*,#717,.T.);
#717 = EDGE_CURVE('',#710,#718,#720,.T.);
#718 = VERTEX_POINT('',#719);
#719 = CARTESIAN_POINT('',(-12.04728536913,20.757237659058,0.));
#720 = LINE('',#721,#722);
#721 = CARTESIAN_POINT('',(-10.65120727772,19.24972164804,0.));
#722 = VECTOR('',#723,1.);
#723 = DIRECTION('',(-0.679468280972,0.733704882874,0.));
#724 = ORIENTED_EDGE('',*,*,#725,.T.);
#725 = EDGE_CURVE('',#718,#726,#728,.T.);
#726 = VERTEX_POINT('',#727);
#727 = CARTESIAN_POINT('',(-12.88750969443,20.24628592794,0.));
#728 = LINE('',#729,#730);
#729 = CARTESIAN_POINT('',(-12.04728536913,20.757237659058,0.));
#730 = VECTOR('',#731,1.);
#731 = DIRECTION('',(-0.854419404546,-0.519583950035,0.));
#732 = ORIENTED_EDGE('',*,*,#733,.T.);
#733 = EDGE_CURVE('',#726,#734,#736,.T.);
#734 = VERTEX_POINT('',#735);
#735 = CARTESIAN_POINT('',(-12.19129523154,18.313173416348,0.));
#736 = LINE('',#737,#738);
#737 = CARTESIAN_POINT('',(-12.88750969443,20.24628592794,0.));
#738 = VECTOR('',#739,1.);
#739 = DIRECTION('',(0.338846119851,-0.940841807671,0.));
#740 = ORIENTED_EDGE('',*,*,#741,.T.);
#741 = EDGE_CURVE('',#734,#742,#744,.T.);
#742 = VERTEX_POINT('',#743);
#743 = CARTESIAN_POINT('',(-12.68696708652,17.97333764623,0.));
#744 = LINE('',#745,#746);
#745 = CARTESIAN_POINT('',(-12.19129523154,18.313173416348,0.));
#746 = VECTOR('',#747,1.);
#747 = DIRECTION('',(-0.824770371149,-0.565467801802,0.));
#748 = ORIENTED_EDGE('',*,*,#749,.T.);
#749 = EDGE_CURVE('',#742,#750,#752,.T.);
#750 = VERTEX_POINT('',#751);
#751 = CARTESIAN_POINT('',(-13.1731714512,17.620089497988,0.));
#752 = LINE('',#753,#754);
#753 = CARTESIAN_POINT('',(-12.68696708652,17.97333764623,0.));
#754 = VECTOR('',#755,1.);
#755 = DIRECTION('',(-0.809016994375,-0.587785252292,0.));
#756 = ORIENTED_EDGE('',*,*,#757,.T.);
#757 = EDGE_CURVE('',#750,#758,#760,.T.);
#758 = VERTEX_POINT('',#759);
#759 = CARTESIAN_POINT('',(-14.76151979962,18.923465147943,0.));
#760 = LINE('',#761,#762);
#761 = CARTESIAN_POINT('',(-13.1731714512,17.620089497988,0.));
#762 = VECTOR('',#763,1.);
#763 = DIRECTION('',(-0.773045812063,0.634350197014,0.));
#764 = ORIENTED_EDGE('',*,*,#765,.T.);
#765 = EDGE_CURVE('',#758,#766,#768,.T.);
#766 = VERTEX_POINT('',#767);
#767 = CARTESIAN_POINT('',(-15.52434364513,18.302861917957,0.));
#768 = LINE('',#769,#770);
#769 = CARTESIAN_POINT('',(-14.76151979962,18.923465147943,0.));
#770 = VECTOR('',#771,1.);
#771 = DIRECTION('',(-0.775711290704,-0.631087944326,0.));
#772 = ORIENTED_EDGE('',*,*,#773,.T.);
#773 = EDGE_CURVE('',#766,#774,#776,.T.);
#774 = VERTEX_POINT('',#775);
#775 = CARTESIAN_POINT('',(-14.57138830829,16.482555711079,0.));
#776 = LINE('',#777,#778);
#777 = CARTESIAN_POINT('',(-15.52434364513,18.302861917957,0.));
#778 = VECTOR('',#779,1.);
#779 = DIRECTION('',(0.463801365085,-0.885939215604,0.));
#780 = ORIENTED_EDGE('',*,*,#781,.T.);
#781 = EDGE_CURVE('',#774,#782,#784,.T.);
#782 = VERTEX_POINT('',#783);
#783 = CARTESIAN_POINT('',(-15.01616915081,16.078391214119,0.));
#784 = LINE('',#785,#786);
#785 = CARTESIAN_POINT('',(-14.57138830829,16.482555711079,0.));
#786 = VECTOR('',#787,1.);
#787 = DIRECTION('',(-0.740090559661,-0.672507221895,0.));
#788 = ORIENTED_EDGE('',*,*,#789,.T.);
#789 = EDGE_CURVE('',#782,#790,#792,.T.);
#790 = VERTEX_POINT('',#791);
#791 = CARTESIAN_POINT('',(-15.44974436515,15.662228419078,0.));
#792 = LINE('',#793,#794);
#793 = CARTESIAN_POINT('',(-15.01616915081,16.078391214119,0.));
#794 = VECTOR('',#795,1.);
#795 = DIRECTION('',(-0.721445018239,-0.69247172192,0.));
#796 = ORIENTED_EDGE('',*,*,#797,.T.);
#797 = EDGE_CURVE('',#790,#798,#800,.T.);
#798 = VERTEX_POINT('',#799);
#799 = CARTESIAN_POINT('',(-17.2007750461,16.737184285694,0.));
#800 = LINE('',#801,#802);
#801 = CARTESIAN_POINT('',(-15.44974436515,15.662228419078,0.));
#802 = VECTOR('',#803,1.);
#803 = DIRECTION('',(-0.852222962334,0.523178767221,0.));
#804 = ORIENTED_EDGE('',*,*,#805,.T.);
#805 = EDGE_CURVE('',#798,#806,#808,.T.);
#806 = VERTEX_POINT('',#807);
#807 = CARTESIAN_POINT('',(-17.87198844691,16.018490220787,0.));
#808 = LINE('',#809,#810);
#809 = CARTESIAN_POINT('',(-17.2007750461,16.737184285694,0.));
#810 = VECTOR('',#811,1.);
#811 = DIRECTION('',(-0.682553143219,-0.730835964278,0.));
#812 = ORIENTED_EDGE('',*,*,#813,.T.);
#813 = EDGE_CURVE('',#806,#814,#816,.T.);
#814 = VERTEX_POINT('',#815);
#815 = CARTESIAN_POINT('',(-16.68004399098,14.344899179106,0.));
#816 = LINE('',#817,#818);
#817 = CARTESIAN_POINT('',(-17.87198844691,16.018490220787,0.));
#818 = VECTOR('',#819,1.);
#819 = DIRECTION('',(0.580116868434,-0.814533252211,0.));
#820 = ORIENTED_EDGE('',*,*,#821,.T.);
#821 = EDGE_CURVE('',#814,#822,#824,.T.);
#822 = VERTEX_POINT('',#823);
#823 = CARTESIAN_POINT('',(-17.06564839549,13.883934775173,0.));
#824 = LINE('',#825,#826);
#825 = CARTESIAN_POINT('',(-16.68004399098,14.344899179106,0.));
#826 = VECTOR('',#827,1.);
#827 = DIRECTION('',(-0.641624261352,-0.767019104876,0.));
#828 = ORIENTED_EDGE('',*,*,#829,.T.);
#829 = EDGE_CURVE('',#822,#830,#832,.T.);
#830 = VERTEX_POINT('',#831);
#831 = CARTESIAN_POINT('',(-17.43851777361,13.412609658794,0.));
#832 = LINE('',#833,#834);
#833 = CARTESIAN_POINT('',(-17.06564839549,13.883934775173,0.));
#834 = VECTOR('',#835,1.);
#835 = DIRECTION('',(-0.62043388644,-0.784258753574,0.));
#836 = ORIENTED_EDGE('',*,*,#837,.T.);
#837 = EDGE_CURVE('',#830,#838,#840,.T.);
#838 = VERTEX_POINT('',#839);
#839 = CARTESIAN_POINT('',(-19.31961239859,14.23912134817,0.));
#840 = LINE('',#841,#842);
#841 = CARTESIAN_POINT('',(-17.43851777361,13.412609658794,0.));
#842 = VECTOR('',#843,1.);
#843 = DIRECTION('',(-0.915524811284,0.402261506886,0.));
#844 = ORIENTED_EDGE('',*,*,#845,.T.);
#845 = EDGE_CURVE('',#838,#846,#848,.T.);
#846 = VERTEX_POINT('',#847);
#847 = CARTESIAN_POINT('',(-19.88671191902,13.435724358951,0.));
#848 = LINE('',#849,#850);
#849 = CARTESIAN_POINT('',(-19.31961239859,14.23912134817,0.));
#850 = VECTOR('',#851,1.);
#851 = DIRECTION('',(-0.576680322115,-0.81696989301,0.));
#852 = ORIENTED_EDGE('',*,*,#853,.T.);
#853 = EDGE_CURVE('',#846,#854,#856,.T.);
#854 = VERTEX_POINT('',#855);
#855 = CARTESIAN_POINT('',(-18.47798201398,11.940024317018,0.));
#856 = LINE('',#857,#858);
#857 = CARTESIAN_POINT('',(-19.88671191902,13.435724358951,0.));
#858 = VECTOR('',#859,1.);
#859 = DIRECTION('',(0.685625892148,-0.727954075486,0.));
#860 = ORIENTED_EDGE('',*,*,#861,.T.);
#861 = EDGE_CURVE('',#854,#862,#864,.T.);
#862 = VERTEX_POINT('',#863);
#863 = CARTESIAN_POINT('',(-18.79722690002,11.43084690078,0.));
#864 = LINE('',#865,#866);
#865 = CARTESIAN_POINT('',(-18.47798201398,11.940024317018,0.));
#866 = VECTOR('',#867,1.);
#867 = DIRECTION('',(-0.531205717054,-0.847242873189,0.));
#868 = ORIENTED_EDGE('',*,*,#869,.T.);
#869 = EDGE_CURVE('',#862,#870,#872,.T.);
#870 = VERTEX_POINT('',#871);
#871 = CARTESIAN_POINT('',(-19.1024445909,10.9131393582,0.));
#872 = LINE('',#873,#874);
#873 = CARTESIAN_POINT('',(-18.79722690002,11.43084690078,0.));
#874 = VECTOR('',#875,1.);
#875 = DIRECTION('',(-0.507865245242,-0.861436528524,0.));
#876 = ORIENTED_EDGE('',*,*,#877,.T.);
#877 = EDGE_CURVE('',#870,#878,#880,.T.);
#878 = VERTEX_POINT('',#879);
#879 = CARTESIAN_POINT('',(-21.07856192621,11.475810521383,0.));
#880 = LINE('',#881,#882);
#881 = CARTESIAN_POINT('',(-19.1024445909,10.9131393582,0.));
#882 = VECTOR('',#883,1.);
#883 = DIRECTION('',(-0.96177216524,0.273850875787,0.));
#884 = ORIENTED_EDGE('',*,*,#885,.T.);
#885 = EDGE_CURVE('',#878,#886,#888,.T.);
#886 = VERTEX_POINT('',#887);
#887 = CARTESIAN_POINT('',(-21.53098357519,10.602676373675,0.));
#888 = LINE('',#889,#890);
#889 = CARTESIAN_POINT('',(-21.07856192621,11.475810521383,0.));
#890 = VECTOR('',#891,1.);
#891 = DIRECTION('',(-0.460065037731,-0.887885218402,0.));
#892 = ORIENTED_EDGE('',*,*,#893,.T.);
#893 = EDGE_CURVE('',#886,#894,#896,.T.);
#894 = VERTEX_POINT('',#895);
#895 = CARTESIAN_POINT('',(-19.93171019374,9.312729393297,0.));
#896 = LINE('',#897,#898);
#897 = CARTESIAN_POINT('',(-21.53098357519,10.602676373675,0.));
#898 = VECTOR('',#899,1.);
#899 = DIRECTION('',(0.778363002744,-0.627814491677,0.));
#900 = ORIENTED_EDGE('',*,*,#901,.T.);
#901 = EDGE_CURVE('',#894,#902,#904,.T.);
#902 = VERTEX_POINT('',#903);
#903 = CARTESIAN_POINT('',(-20.17864863312,8.764823976617,0.));
#904 = LINE('',#905,#906);
#905 = CARTESIAN_POINT('',(-19.93171019374,9.312729393297,0.));
#906 = VECTOR('',#907,1.);
#907 = DIRECTION('',(-0.410891815327,-0.91168410982,0.));
#908 = ORIENTED_EDGE('',*,*,#909,.T.);
#909 = EDGE_CURVE('',#902,#910,#912,.T.);
#910 = VERTEX_POINT('',#911);
#911 = CARTESIAN_POINT('',(-20.41052900867,8.210377919814,0.));
#912 = LINE('',#913,#914);
#913 = CARTESIAN_POINT('',(-20.17864863312,8.764823976617,0.));
#914 = VECTOR('',#915,1.);
#915 = DIRECTION('',(-0.385836035443,-0.922567370848,0.));
#916 = ORIENTED_EDGE('',*,*,#917,.T.);
#917 = EDGE_CURVE('',#910,#918,#920,.T.);
#918 = VERTEX_POINT('',#919);
#919 = CARTESIAN_POINT('',(-22.44485772731,8.498727057649,0.));
#920 = LINE('',#921,#922);
#921 = CARTESIAN_POINT('',(-20.41052900867,8.210377919814,0.));
#922 = VECTOR('',#923,1.);
#923 = DIRECTION('',(-0.9901035235,0.140338921017,0.));
#924 = ORIENTED_EDGE('',*,*,#925,.T.);
#925 = EDGE_CURVE('',#918,#926,#928,.T.);
#926 = VERTEX_POINT('',#927);
#927 = CARTESIAN_POINT('',(-22.77417374553,7.572120588591,0.));
#928 = LINE('',#929,#930);
#929 = CARTESIAN_POINT('',(-22.44485772731,8.498727057649,0.));
#930 = VECTOR('',#931,1.);
#931 = DIRECTION('',(-0.334879612171,-0.942260922119,0.));
#932 = ORIENTED_EDGE('',*,*,#933,.T.);
#933 = EDGE_CURVE('',#926,#934,#936,.T.);
#934 = VERTEX_POINT('',#935);
#935 = CARTESIAN_POINT('',(-21.01414832483,6.51195594134,0.));
#936 = LINE('',#937,#938);
#937 = CARTESIAN_POINT('',(-22.77417374553,7.572120588591,0.));
#938 = VECTOR('',#939,1.);
#939 = DIRECTION('',(0.856600683319,-0.515979911758,0.));
#940 = ORIENTED_EDGE('',*,*,#941,.T.);
#941 = EDGE_CURVE('',#934,#942,#944,.T.);
#942 = VERTEX_POINT('',#943);
#943 = CARTESIAN_POINT('',(-21.18418032165,5.935528965455,0.));
#944 = LINE('',#945,#946);
#945 = CARTESIAN_POINT('',(-21.01414832483,6.51195594134,0.));
#946 = VECTOR('',#947,1.);
#947 = DIRECTION('',(-0.282923776517,-0.959142396457,0.));
#948 = ORIENTED_EDGE('',*,*,#949,.T.);
#949 = EDGE_CURVE('',#942,#950,#952,.T.);
#950 = VERTEX_POINT('',#951);
#951 = CARTESIAN_POINT('',(-21.33840388921,5.354672675414,0.));
#952 = LINE('',#953,#954);
#953 = CARTESIAN_POINT('',(-21.18418032165,5.935528965455,0.));
#954 = VECTOR('',#955,1.);
#955 = DIRECTION('',(-0.256619430334,-0.966512528618,0.));
#956 = ORIENTED_EDGE('',*,*,#957,.T.);
#957 = EDGE_CURVE('',#950,#958,#960,.T.);
#958 = VERTEX_POINT('',#959);
#959 = CARTESIAN_POINT('',(-23.39304829626,5.363328389041,0.));
#960 = LINE('',#961,#962);
#961 = CARTESIAN_POINT('',(-21.33840388921,5.354672675414,0.));
#962 = VECTOR('',#963,1.);
#963 = DIRECTION('',(-0.999991126466,4.212717679893E-03,0.));
#964 = ORIENTED_EDGE('',*,*,#965,.T.);
#965 = EDGE_CURVE('',#958,#966,#968,.T.);
#966 = VERTEX_POINT('',#967);
#967 = CARTESIAN_POINT('',(-23.59312414939,4.400510523944,0.));
#968 = LINE('',#969,#970);
#969 = CARTESIAN_POINT('',(-23.39304829626,5.363328389041,0.));
#970 = VECTOR('',#971,1.);
#971 = DIRECTION('',(-0.203456013053,-0.979084087682,0.));
#972 = ORIENTED_EDGE('',*,*,#973,.T.);
#973 = EDGE_CURVE('',#966,#974,#976,.T.);
#974 = VERTEX_POINT('',#975);
#975 = CARTESIAN_POINT('',(-21.70513263292,3.589877071289,0.));
#976 = LINE('',#977,#978);
#977 = CARTESIAN_POINT('',(-23.59312414939,4.400510523944,0.));
#978 = VECTOR('',#979,1.);
#979 = DIRECTION('',(0.918881513914,-0.394533602354,0.));
#980 = ORIENTED_EDGE('',*,*,#981,.T.);
#981 = EDGE_CURVE('',#974,#982,#984,.T.);
#982 = VERTEX_POINT('',#983);
#983 = CARTESIAN_POINT('',(-21.79509081279,2.995666280117,0.));
#984 = LINE('',#985,#986);
#985 = CARTESIAN_POINT('',(-21.70513263292,3.589877071289,0.));
#986 = VECTOR('',#987,1.);
#987 = DIRECTION('',(-0.149685403063,-0.988733675016,0.));
#988 = ORIENTED_EDGE('',*,*,#989,.T.);
#989 = EDGE_CURVE('',#982,#990,#992,.T.);
#990 = VERTEX_POINT('',#991);
#991 = CARTESIAN_POINT('',(-21.8687846791,2.399220010501,0.));
#992 = LINE('',#993,#994);
#993 = CARTESIAN_POINT('',(-21.79509081279,2.995666280117,0.));
#994 = VECTOR('',#995,1.);
#995 = DIRECTION('',(-0.12262249078,-0.992453386691,0.));
#996 = ORIENTED_EDGE('',*,*,#997,.T.);
#997 = EDGE_CURVE('',#990,#998,#1000,.T.);
#998 = VERTEX_POINT('',#999);
#999 = CARTESIAN_POINT('',(-23.90547063679,2.128021060351,0.));
#1000 = LINE('',#1001,#1002);
#1001 = CARTESIAN_POINT('',(-21.8687846791,2.399220010501,0.));
#1002 = VECTOR('',#1003,1.);
#1003 = DIRECTION('',(-0.9912507868,-0.131991960617,0.));
#1004 = ORIENTED_EDGE('',*,*,#1005,.T.);
#1005 = EDGE_CURVE('',#998,#1006,#1008,.T.);
#1006 = VERTEX_POINT('',#1007);
#1007 = CARTESIAN_POINT('',(-23.97257929025,1.146927274322,0.));
#1008 = LINE('',#1009,#1010);
#1009 = CARTESIAN_POINT('',(-23.90547063679,2.128021060351,0.));
#1010 = VECTOR('',#1011,1.);
#1011 = DIRECTION('',(-6.824241336467E-02,-0.997668769191,0.));
#1012 = ORIENTED_EDGE('',*,*,#1013,.T.);
#1013 = EDGE_CURVE('',#1006,#1014,#1016,.T.);
#1014 = VERTEX_POINT('',#1015);
#1015 = CARTESIAN_POINT('',(-21.99179138776,0.600925583709,0.));
#1016 = LINE('',#1017,#1018);
#1017 = CARTESIAN_POINT('',(-23.97257929025,1.146927274322,0.));
#1018 = VECTOR('',#1019,1.);
#1019 = DIRECTION('',(0.964045320496,-0.265737878425,0.));
#1020 = ORIENTED_EDGE('',*,*,#1021,.T.);
#1021 = EDGE_CURVE('',#1014,#1022,#1024,.T.);
#1022 = VERTEX_POINT('',#1023);
#1023 = CARTESIAN_POINT('',(-22.,2.694222958124E-15,0.));
#1024 = LINE('',#1025,#1026);
#1025 = CARTESIAN_POINT('',(-21.99179138776,0.600925583709,0.));
#1026 = VECTOR('',#1027,1.);
#1027 = DIRECTION('',(-1.365867376595E-02,-0.999906715965,0.));
#1028 = ORIENTED_EDGE('',*,*,#1029,.T.);
#1029 = EDGE_CURVE('',#1022,#1030,#1032,.T.);
#1030 = VERTEX_POINT('',#1031);
#1031 = CARTESIAN_POINT('',(-21.99179138776,-0.600925583709,0.));
#1032 = LINE('',#1033,#1034);
#1033 = CARTESIAN_POINT('',(-22.,2.694222958124E-15,0.));
#1034 = VECTOR('',#1035,1.);
#1035 = DIRECTION('',(1.365867376595E-02,-0.999906715965,0.));
#1036 = ORIENTED_EDGE('',*,*,#1037,.T.);
#1037 = EDGE_CURVE('',#1030,#1038,#1040,.T.);
#1038 = VERTEX_POINT('',#1039);
#1039 = CARTESIAN_POINT('',(-23.97257929025,-1.146927274322,0.));
#1040 = LINE('',#1041,#1042);
#1041 = CARTESIAN_POINT('',(-21.99179138776,-0.600925583709,0.));
#1042 = VECTOR('',#1043,1.);
#1043 = DIRECTION('',(-0.964045320496,-0.265737878425,0.));
#1044 = ORIENTED_EDGE('',*,*,#1045,.T.);
#1045 = EDGE_CURVE('',#1038,#1046,#1048,.T.);
#1046 = VERTEX_POINT('',#1047);
#1047 = CARTESIAN_POINT('',(-23.90547063679,-2.128021060351,0.));
#1048 = LINE('',#1049,#1050);
#1049 = CARTESIAN_POINT('',(-23.97257929025,-1.146927274322,0.));
#1050 = VECTOR('',#1051,1.);
#1051 = DIRECTION('',(6.824241336467E-02,-0.997668769191,0.));
#1052 = ORIENTED_EDGE('',*,*,#1053,.T.);
#1053 = EDGE_CURVE('',#1046,#1054,#1056,.T.);
#1054 = VERTEX_POINT('',#1055);
#1055 = CARTESIAN_POINT('',(-21.8687846791,-2.399220010501,0.));
#1056 = LINE('',#1057,#1058);
#1057 = CARTESIAN_POINT('',(-23.90547063679,-2.128021060351,0.));
#1058 = VECTOR('',#1059,1.);
#1059 = DIRECTION('',(0.9912507868,-0.131991960617,0.));
#1060 = ORIENTED_EDGE('',*,*,#1061,.T.);
#1061 = EDGE_CURVE('',#1054,#1062,#1064,.T.);
#1062 = VERTEX_POINT('',#1063);
#1063 = CARTESIAN_POINT('',(-21.79509081279,-2.995666280117,0.));
#1064 = LINE('',#1065,#1066);
#1065 = CARTESIAN_POINT('',(-21.8687846791,-2.399220010501,0.));
#1066 = VECTOR('',#1067,1.);
#1067 = DIRECTION('',(0.12262249078,-0.992453386691,0.));
#1068 = ORIENTED_EDGE('',*,*,#1069,.T.);
#1069 = EDGE_CURVE('',#1062,#1070,#1072,.T.);
#1070 = VERTEX_POINT('',#1071);
#1071 = CARTESIAN_POINT('',(-21.70513263292,-3.589877071289,0.));
#1072 = LINE('',#1073,#1074);
#1073 = CARTESIAN_POINT('',(-21.79509081279,-2.995666280117,0.));
#1074 = VECTOR('',#1075,1.);
#1075 = DIRECTION('',(0.149685403063,-0.988733675016,0.));
#1076 = ORIENTED_EDGE('',*,*,#1077,.T.);
#1077 = EDGE_CURVE('',#1070,#1078,#1080,.T.);
#1078 = VERTEX_POINT('',#1079);
#1079 = CARTESIAN_POINT('',(-23.59312414939,-4.400510523944,0.));
#1080 = LINE('',#1081,#1082);
#1081 = CARTESIAN_POINT('',(-21.70513263292,-3.589877071289,0.));
#1082 = VECTOR('',#1083,1.);
#1083 = DIRECTION('',(-0.918881513914,-0.394533602354,0.));
#1084 = ORIENTED_EDGE('',*,*,#1085,.T.);
#1085 = EDGE_CURVE('',#1078,#1086,#1088,.T.);
#1086 = VERTEX_POINT('',#1087);
#1087 = CARTESIAN_POINT('',(-23.39304829626,-5.363328389041,0.));
#1088 = LINE('',#1089,#1090);
#1089 = CARTESIAN_POINT('',(-23.59312414939,-4.400510523944,0.));
#1090 = VECTOR('',#1091,1.);
#1091 = DIRECTION('',(0.203456013053,-0.979084087682,0.));
#1092 = ORIENTED_EDGE('',*,*,#1093,.T.);
#1093 = EDGE_CURVE('',#1086,#1094,#1096,.T.);
#1094 = VERTEX_POINT('',#1095);
#1095 = CARTESIAN_POINT('',(-21.33840388921,-5.354672675414,0.));
#1096 = LINE('',#1097,#1098);
#1097 = CARTESIAN_POINT('',(-23.39304829626,-5.363328389041,0.));
#1098 = VECTOR('',#1099,1.);
#1099 = DIRECTION('',(0.999991126466,4.212717679897E-03,0.));
#1100 = ORIENTED_EDGE('',*,*,#1101,.T.);
#1101 = EDGE_CURVE('',#1094,#1102,#1104,.T.);
#1102 = VERTEX_POINT('',#1103);
#1103 = CARTESIAN_POINT('',(-21.18418032165,-5.935528965455,0.));
#1104 = LINE('',#1105,#1106);
#1105 = CARTESIAN_POINT('',(-21.33840388921,-5.354672675414,0.));
#1106 = VECTOR('',#1107,1.);
#1107 = DIRECTION('',(0.256619430334,-0.966512528618,0.));
#1108 = ORIENTED_EDGE('',*,*,#1109,.T.);
#1109 = EDGE_CURVE('',#1102,#1110,#1112,.T.);
#1110 = VERTEX_POINT('',#1111);
#1111 = CARTESIAN_POINT('',(-21.01414832483,-6.51195594134,0.));
#1112 = LINE('',#1113,#1114);
#1113 = CARTESIAN_POINT('',(-21.18418032165,-5.935528965455,0.));
#1114 = VECTOR('',#1115,1.);
#1115 = DIRECTION('',(0.282923776517,-0.959142396457,0.));
#1116 = ORIENTED_EDGE('',*,*,#1117,.T.);
#1117 = EDGE_CURVE('',#1110,#1118,#1120,.T.);
#1118 = VERTEX_POINT('',#1119);
#1119 = CARTESIAN_POINT('',(-22.77417374553,-7.572120588591,0.));
#1120 = LINE('',#1121,#1122);
#1121 = CARTESIAN_POINT('',(-21.01414832483,-6.51195594134,0.));
#1122 = VECTOR('',#1123,1.);
#1123 = DIRECTION('',(-0.856600683319,-0.515979911758,0.));
#1124 = ORIENTED_EDGE('',*,*,#1125,.T.);
#1125 = EDGE_CURVE('',#1118,#1126,#1128,.T.);
#1126 = VERTEX_POINT('',#1127);
#1127 = CARTESIAN_POINT('',(-22.44485772731,-8.498727057649,0.));
#1128 = LINE('',#1129,#1130);
#1129 = CARTESIAN_POINT('',(-22.77417374553,-7.572120588591,0.));
#1130 = VECTOR('',#1131,1.);
#1131 = DIRECTION('',(0.334879612171,-0.942260922119,0.));
#1132 = ORIENTED_EDGE('',*,*,#1133,.T.);
#1133 = EDGE_CURVE('',#1126,#1134,#1136,.T.);
#1134 = VERTEX_POINT('',#1135);
#1135 = CARTESIAN_POINT('',(-20.41052900867,-8.210377919814,0.));
#1136 = LINE('',#1137,#1138);
#1137 = CARTESIAN_POINT('',(-22.44485772731,-8.498727057649,0.));
#1138 = VECTOR('',#1139,1.);
#1139 = DIRECTION('',(0.9901035235,0.140338921017,0.));
#1140 = ORIENTED_EDGE('',*,*,#1141,.T.);
#1141 = EDGE_CURVE('',#1134,#1142,#1144,.T.);
#1142 = VERTEX_POINT('',#1143);
#1143 = CARTESIAN_POINT('',(-20.17864863312,-8.764823976617,0.));
#1144 = LINE('',#1145,#1146);
#1145 = CARTESIAN_POINT('',(-20.41052900867,-8.210377919814,0.));
#1146 = VECTOR('',#1147,1.);
#1147 = DIRECTION('',(0.385836035443,-0.922567370848,0.));
#1148 = ORIENTED_EDGE('',*,*,#1149,.T.);
#1149 = EDGE_CURVE('',#1142,#1150,#1152,.T.);
#1150 = VERTEX_POINT('',#1151);
#1151 = CARTESIAN_POINT('',(-19.93171019374,-9.312729393297,0.));
#1152 = LINE('',#1153,#1154);
#1153 = CARTESIAN_POINT('',(-20.17864863312,-8.764823976617,0.));
#1154 = VECTOR('',#1155,1.);
#1155 = DIRECTION('',(0.410891815327,-0.91168410982,0.));
#1156 = ORIENTED_EDGE('',*,*,#1157,.T.);
#1157 = EDGE_CURVE('',#1150,#1158,#1160,.T.);
#1158 = VERTEX_POINT('',#1159);
#1159 = CARTESIAN_POINT('',(-21.53098357519,-10.60267637367,0.));
#1160 = LINE('',#1161,#1162);
#1161 = CARTESIAN_POINT('',(-19.93171019374,-9.312729393297,0.));
#1162 = VECTOR('',#1163,1.);
#1163 = DIRECTION('',(-0.778363002744,-0.627814491677,0.));
#1164 = ORIENTED_EDGE('',*,*,#1165,.T.);
#1165 = EDGE_CURVE('',#1158,#1166,#1168,.T.);
#1166 = VERTEX_POINT('',#1167);
#1167 = CARTESIAN_POINT('',(-21.07856192621,-11.47581052138,0.));
#1168 = LINE('',#1169,#1170);
#1169 = CARTESIAN_POINT('',(-21.53098357519,-10.60267637367,0.));
#1170 = VECTOR('',#1171,1.);
#1171 = DIRECTION('',(0.460065037731,-0.887885218402,0.));
#1172 = ORIENTED_EDGE('',*,*,#1173,.T.);
#1173 = EDGE_CURVE('',#1166,#1174,#1176,.T.);
#1174 = VERTEX_POINT('',#1175);
#1175 = CARTESIAN_POINT('',(-19.1024445909,-10.91313935819,0.));
#1176 = LINE('',#1177,#1178);
#1177 = CARTESIAN_POINT('',(-21.07856192621,-11.47581052138,0.));
#1178 = VECTOR('',#1179,1.);
#1179 = DIRECTION('',(0.96177216524,0.273850875787,0.));
#1180 = ORIENTED_EDGE('',*,*,#1181,.T.);
#1181 = EDGE_CURVE('',#1174,#1182,#1184,.T.);
#1182 = VERTEX_POINT('',#1183);
#1183 = CARTESIAN_POINT('',(-18.79722690002,-11.43084690078,0.));
#1184 = LINE('',#1185,#1186);
#1185 = CARTESIAN_POINT('',(-19.1024445909,-10.91313935819,0.));
#1186 = VECTOR('',#1187,1.);
#1187 = DIRECTION('',(0.507865245242,-0.861436528524,0.));
#1188 = ORIENTED_EDGE('',*,*,#1189,.T.);
#1189 = EDGE_CURVE('',#1182,#1190,#1192,.T.);
#1190 = VERTEX_POINT('',#1191);
#1191 = CARTESIAN_POINT('',(-18.47798201398,-11.94002431701,0.));
#1192 = LINE('',#1193,#1194);
#1193 = CARTESIAN_POINT('',(-18.79722690002,-11.43084690078,0.));
#1194 = VECTOR('',#1195,1.);
#1195 = DIRECTION('',(0.531205717054,-0.847242873189,0.));
#1196 = ORIENTED_EDGE('',*,*,#1197,.T.);
#1197 = EDGE_CURVE('',#1190,#1198,#1200,.T.);
#1198 = VERTEX_POINT('',#1199);
#1199 = CARTESIAN_POINT('',(-19.88671191902,-13.43572435895,0.));
#1200 = LINE('',#1201,#1202);
#1201 = CARTESIAN_POINT('',(-18.47798201398,-11.94002431701,0.));
#1202 = VECTOR('',#1203,1.);
#1203 = DIRECTION('',(-0.685625892148,-0.727954075486,0.));
#1204 = ORIENTED_EDGE('',*,*,#1205,.T.);
#1205 = EDGE_CURVE('',#1198,#1206,#1208,.T.);
#1206 = VERTEX_POINT('',#1207);
#1207 = CARTESIAN_POINT('',(-19.31961239859,-14.23912134817,0.));
#1208 = LINE('',#1209,#1210);
#1209 = CARTESIAN_POINT('',(-19.88671191902,-13.43572435895,0.));
#1210 = VECTOR('',#1211,1.);
#1211 = DIRECTION('',(0.576680322115,-0.81696989301,0.));
#1212 = ORIENTED_EDGE('',*,*,#1213,.T.);
#1213 = EDGE_CURVE('',#1206,#1214,#1216,.T.);
#1214 = VERTEX_POINT('',#1215);
#1215 = CARTESIAN_POINT('',(-17.43851777361,-13.41260965879,0.));
#1216 = LINE('',#1217,#1218);
#1217 = CARTESIAN_POINT('',(-19.31961239859,-14.23912134817,0.));
#1218 = VECTOR('',#1219,1.);
#1219 = DIRECTION('',(0.915524811284,0.402261506886,0.));
#1220 = ORIENTED_EDGE('',*,*,#1221,.T.);
#1221 = EDGE_CURVE('',#1214,#1222,#1224,.T.);
#1222 = VERTEX_POINT('',#1223);
#1223 = CARTESIAN_POINT('',(-17.06564839549,-13.88393477517,0.));
#1224 = LINE('',#1225,#1226);
#1225 = CARTESIAN_POINT('',(-17.43851777361,-13.41260965879,0.));
#1226 = VECTOR('',#1227,1.);
#1227 = DIRECTION('',(0.62043388644,-0.784258753574,0.));
#1228 = ORIENTED_EDGE('',*,*,#1229,.T.);
#1229 = EDGE_CURVE('',#1222,#1230,#1232,.T.);
#1230 = VERTEX_POINT('',#1231);
#1231 = CARTESIAN_POINT('',(-16.68004399098,-14.3448991791,0.));
#1232 = LINE('',#1233,#1234);
#1233 = CARTESIAN_POINT('',(-17.06564839549,-13.88393477517,0.));
#1234 = VECTOR('',#1235,1.);
#1235 = DIRECTION('',(0.641624261352,-0.767019104876,0.));
#1236 = ORIENTED_EDGE('',*,*,#1237,.T.);
#1237 = EDGE_CURVE('',#1230,#1238,#1240,.T.);
#1238 = VERTEX_POINT('',#1239);
#1239 = CARTESIAN_POINT('',(-17.87198844691,-16.01849022078,0.));
#1240 = LINE('',#1241,#1242);
#1241 = CARTESIAN_POINT('',(-16.68004399098,-14.3448991791,0.));
#1242 = VECTOR('',#1243,1.);
#1243 = DIRECTION('',(-0.580116868434,-0.814533252211,0.));
#1244 = ORIENTED_EDGE('',*,*,#1245,.T.);
#1245 = EDGE_CURVE('',#1238,#1246,#1248,.T.);
#1246 = VERTEX_POINT('',#1247);
#1247 = CARTESIAN_POINT('',(-17.2007750461,-16.73718428569,0.));
#1248 = LINE('',#1249,#1250);
#1249 = CARTESIAN_POINT('',(-17.87198844691,-16.01849022078,0.));
#1250 = VECTOR('',#1251,1.);
#1251 = DIRECTION('',(0.682553143219,-0.730835964278,0.));
#1252 = ORIENTED_EDGE('',*,*,#1253,.T.);
#1253 = EDGE_CURVE('',#1246,#1254,#1256,.T.);
#1254 = VERTEX_POINT('',#1255);
#1255 = CARTESIAN_POINT('',(-15.44974436515,-15.66222841907,0.));
#1256 = LINE('',#1257,#1258);
#1257 = CARTESIAN_POINT('',(-17.2007750461,-16.73718428569,0.));
#1258 = VECTOR('',#1259,1.);
#1259 = DIRECTION('',(0.852222962334,0.523178767221,0.));
#1260 = ORIENTED_EDGE('',*,*,#1261,.T.);
#1261 = EDGE_CURVE('',#1254,#1262,#1264,.T.);
#1262 = VERTEX_POINT('',#1263);
#1263 = CARTESIAN_POINT('',(-15.01616915081,-16.07839121411,0.));
#1264 = LINE('',#1265,#1266);
#1265 = CARTESIAN_POINT('',(-15.44974436515,-15.66222841907,0.));
#1266 = VECTOR('',#1267,1.);
#1267 = DIRECTION('',(0.721445018239,-0.69247172192,0.));
#1268 = ORIENTED_EDGE('',*,*,#1269,.T.);
#1269 = EDGE_CURVE('',#1262,#1270,#1272,.T.);
#1270 = VERTEX_POINT('',#1271);
#1271 = CARTESIAN_POINT('',(-14.57138830829,-16.48255571107,0.));
#1272 = LINE('',#1273,#1274);
#1273 = CARTESIAN_POINT('',(-15.01616915081,-16.07839121411,0.));
#1274 = VECTOR('',#1275,1.);
#1275 = DIRECTION('',(0.740090559661,-0.672507221895,0.));
#1276 = ORIENTED_EDGE('',*,*,#1277,.T.);
#1277 = EDGE_CURVE('',#1270,#1278,#1280,.T.);
#1278 = VERTEX_POINT('',#1279);
#1279 = CARTESIAN_POINT('',(-15.52434364513,-18.30286191795,0.));
#1280 = LINE('',#1281,#1282);
#1281 = CARTESIAN_POINT('',(-14.57138830829,-16.48255571107,0.));
#1282 = VECTOR('',#1283,1.);
#1283 = DIRECTION('',(-0.463801365085,-0.885939215604,0.));
#1284 = ORIENTED_EDGE('',*,*,#1285,.T.);
#1285 = EDGE_CURVE('',#1278,#1286,#1288,.T.);
#1286 = VERTEX_POINT('',#1287);
#1287 = CARTESIAN_POINT('',(-14.76151979962,-18.92346514794,0.));
#1288 = LINE('',#1289,#1290);
#1289 = CARTESIAN_POINT('',(-15.52434364513,-18.30286191795,0.));
#1290 = VECTOR('',#1291,1.);
#1291 = DIRECTION('',(0.775711290704,-0.631087944326,0.));
#1292 = ORIENTED_EDGE('',*,*,#1293,.T.);
#1293 = EDGE_CURVE('',#1286,#1294,#1296,.T.);
#1294 = VERTEX_POINT('',#1295);
#1295 = CARTESIAN_POINT('',(-13.1731714512,-17.62008949798,0.));
#1296 = LINE('',#1297,#1298);
#1297 = CARTESIAN_POINT('',(-14.76151979962,-18.92346514794,0.));
#1298 = VECTOR('',#1299,1.);
#1299 = DIRECTION('',(0.773045812063,0.634350197014,0.));
#1300 = ORIENTED_EDGE('',*,*,#1301,.T.);
#1301 = EDGE_CURVE('',#1294,#1302,#1304,.T.);
#1302 = VERTEX_POINT('',#1303);
#1303 = CARTESIAN_POINT('',(-12.68696708652,-17.97333764623,0.));
#1304 = LINE('',#1305,#1306);
#1305 = CARTESIAN_POINT('',(-13.1731714512,-17.62008949798,0.));
#1306 = VECTOR('',#1307,1.);
#1307 = DIRECTION('',(0.809016994375,-0.587785252292,0.));
#1308 = ORIENTED_EDGE('',*,*,#1309,.T.);
#1309 = EDGE_CURVE('',#1302,#1310,#1312,.T.);
#1310 = VERTEX_POINT('',#1311);
#1311 = CARTESIAN_POINT('',(-12.19129523154,-18.31317341634,0.));
#1312 = LINE('',#1313,#1314);
#1313 = CARTESIAN_POINT('',(-12.68696708652,-17.97333764623,0.));
#1314 = VECTOR('',#1315,1.);
#1315 = DIRECTION('',(0.824770371149,-0.565467801802,0.));
#1316 = ORIENTED_EDGE('',*,*,#1317,.T.);
#1317 = EDGE_CURVE('',#1310,#1318,#1320,.T.);
#1318 = VERTEX_POINT('',#1319);
#1319 = CARTESIAN_POINT('',(-12.88750969443,-20.24628592794,0.));
#1320 = LINE('',#1321,#1322);
#1321 = CARTESIAN_POINT('',(-12.19129523154,-18.31317341634,0.));
#1322 = VECTOR('',#1323,1.);
#1323 = DIRECTION('',(-0.338846119851,-0.940841807671,0.));
#1324 = ORIENTED_EDGE('',*,*,#1325,.T.);
#1325 = EDGE_CURVE('',#1318,#1326,#1328,.T.);
#1326 = VERTEX_POINT('',#1327);
#1327 = CARTESIAN_POINT('',(-12.04728536913,-20.75723765905,0.));
#1328 = LINE('',#1329,#1330);
#1329 = CARTESIAN_POINT('',(-12.88750969443,-20.24628592794,0.));
#1330 = VECTOR('',#1331,1.);
#1331 = DIRECTION('',(0.854419404546,-0.519583950035,0.));
#1332 = ORIENTED_EDGE('',*,*,#1333,.T.);
#1333 = EDGE_CURVE('',#1326,#1334,#1336,.T.);
#1334 = VERTEX_POINT('',#1335);
#1335 = CARTESIAN_POINT('',(-10.65120727772,-19.24972164804,0.));
#1336 = LINE('',#1337,#1338);
#1337 = CARTESIAN_POINT('',(-12.04728536913,-20.75723765905,0.));
#1338 = VECTOR('',#1339,1.);
#1339 = DIRECTION('',(0.679468280972,0.733704882874,0.));
#1340 = ORIENTED_EDGE('',*,*,#1341,.T.);
#1341 = EDGE_CURVE('',#1334,#1342,#1344,.T.);
#1342 = VERTEX_POINT('',#1343);
#1343 = CARTESIAN_POINT('',(-10.12143083008,-19.53347480485,0.));
#1344 = LINE('',#1345,#1346);
#1345 = CARTESIAN_POINT('',(-10.65120727772,-19.24972164804,0.));
#1346 = VECTOR('',#1347,1.);
#1347 = DIRECTION('',(0.881518514625,-0.472149455548,0.));
#1348 = ORIENTED_EDGE('',*,*,#1349,.T.);
#1349 = EDGE_CURVE('',#1342,#1350,#1352,.T.);
#1350 = VERTEX_POINT('',#1351);
#1351 = CARTESIAN_POINT('',(-9.584101391452,-19.80265135072,0.));
#1352 = LINE('',#1353,#1354);
#1353 = CARTESIAN_POINT('',(-10.12143083008,-19.53347480485,0.));
#1354 = VECTOR('',#1355,1.);
#1355 = DIRECTION('',(0.894086271148,-0.447894786468,0.));
#1356 = ORIENTED_EDGE('',*,*,#1357,.T.);
#1357 = EDGE_CURVE('',#1350,#1358,#1360,.T.);
#1358 = VERTEX_POINT('',#1359);
#1359 = CARTESIAN_POINT('',(-10.01060582223,-21.81255993852,0.));
#1360 = LINE('',#1361,#1362);
#1361 = CARTESIAN_POINT('',(-9.584101391452,-19.80265135072,0.));
#1362 = VECTOR('',#1363,1.);
#1363 = DIRECTION('',(-0.207578812525,-0.978218297003,0.));
#1364 = ORIENTED_EDGE('',*,*,#1365,.T.);
#1365 = EDGE_CURVE('',#1358,#1366,#1368,.T.);
#1366 = VERTEX_POINT('',#1367);
#1367 = CARTESIAN_POINT('',(-9.108632806563,-22.20434210678,0.));
#1368 = LINE('',#1369,#1370);
#1369 = CARTESIAN_POINT('',(-10.01060582223,-21.81255993852,0.));
#1370 = VECTOR('',#1371,1.);
#1371 = DIRECTION('',(0.917211301505,-0.398401089846,0.));
#1372 = ORIENTED_EDGE('',*,*,#1373,.T.);
#1373 = EDGE_CURVE('',#1366,#1374,#1376,.T.);
#1374 = VERTEX_POINT('',#1375);
#1375 = CARTESIAN_POINT('',(-7.930831265509,-20.52076790566,0.));
#1376 = LINE('',#1377,#1378);
#1377 = CARTESIAN_POINT('',(-9.108632806563,-22.20434210678,0.));
#1378 = VECTOR('',#1379,1.);
#1379 = DIRECTION('',(0.57323354141,0.819392034989,0.));
#1380 = ORIENTED_EDGE('',*,*,#1381,.T.);
#1381 = EDGE_CURVE('',#1374,#1382,#1384,.T.);
#1382 = VERTEX_POINT('',#1383);
#1383 = CARTESIAN_POINT('',(-7.367351467762,-20.72974028661,0.));
#1384 = LINE('',#1385,#1386);
#1385 = CARTESIAN_POINT('',(-7.930831265509,-20.52076790566,0.));
#1386 = VECTOR('',#1387,1.);
#1387 = DIRECTION('',(0.937599012844,-0.347718407787,0.));
#1388 = ORIENTED_EDGE('',*,*,#1389,.T.);
#1389 = EDGE_CURVE('',#1382,#1390,#1392,.T.);
#1390 = VERTEX_POINT('',#1391);
#1391 = CARTESIAN_POINT('',(-6.798373876249,-20.92324335849,0.));
#1392 = LINE('',#1393,#1394);
#1393 = CARTESIAN_POINT('',(-7.367351467762,-20.72974028661,0.));
#1394 = VECTOR('',#1395,1.);
#1395 = DIRECTION('',(0.946747035591,-0.321978338712,0.));
#1396 = ORIENTED_EDGE('',*,*,#1397,.T.);
#1397 = EDGE_CURVE('',#1390,#1398,#1400,.T.);
#1398 = VERTEX_POINT('',#1399);
#1399 = CARTESIAN_POINT('',(-6.947223304352,-22.97250722841,0.));
#1400 = LINE('',#1401,#1402);
#1401 = CARTESIAN_POINT('',(-6.798373876249,-20.92324335849,0.));
#1402 = VECTOR('',#1403,1.);
#1403 = DIRECTION('',(-7.244470467592E-02,-0.997372430321,0.));
#1404 = ORIENTED_EDGE('',*,*,#1405,.T.);
#1405 = EDGE_CURVE('',#1398,#1406,#1408,.T.);
#1406 = VERTEX_POINT('',#1407);
#1407 = CARTESIAN_POINT('',(-6.000303649,-23.23782167329,0.));
#1408 = LINE('',#1409,#1410);
#1409 = CARTESIAN_POINT('',(-6.947223304352,-22.97250722841,0.));
#1410 = VECTOR('',#1411,1.);
#1411 = DIRECTION('',(0.962917287348,-0.269796771157,0.));
#1412 = ORIENTED_EDGE('',*,*,#1413,.T.);
#1413 = EDGE_CURVE('',#1406,#1414,#1416,.T.);
#1414 = VERTEX_POINT('',#1415);
#1415 = CARTESIAN_POINT('',(-5.06271887253,-21.40955108398,0.));
#1416 = LINE('',#1417,#1418);
#1417 = CARTESIAN_POINT('',(-6.000303649,-23.23782167329,0.));
#1418 = VECTOR('',#1419,1.);
#1419 = DIRECTION('',(0.456320545571,0.889815463841,0.));
#1420 = ORIENTED_EDGE('',*,*,#1421,.T.);
#1421 = EDGE_CURVE('',#1414,#1422,#1424,.T.);
#1422 = VERTEX_POINT('',#1423);
#1423 = CARTESIAN_POINT('',(-4.476032287158,-21.53984992901,0.));
#1424 = LINE('',#1425,#1426);
#1425 = CARTESIAN_POINT('',(-5.06271887253,-21.40955108398,0.));
#1426 = VECTOR('',#1427,1.);
#1427 = DIRECTION('',(0.97621381546,-0.216810023998,0.));
#1428 = ORIENTED_EDGE('',*,*,#1429,.T.);
#1429 = EDGE_CURVE('',#1422,#1430,#1432,.T.);
#1430 = VERTEX_POINT('',#1431);
#1431 = CARTESIAN_POINT('',(-3.886005518749,-21.65407493079,0.));
#1432 = LINE('',#1433,#1434);
#1433 = CARTESIAN_POINT('',(-4.476032287158,-21.53984992901,0.));
#1434 = VECTOR('',#1435,1.);
#1435 = DIRECTION('',(0.981771694076,-0.190064043712,0.));
#1436 = ORIENTED_EDGE('',*,*,#1437,.T.);
#1437 = EDGE_CURVE('',#1430,#1438,#1440,.T.);
#1438 = VERTEX_POINT('',#1439);
#1439 = CARTESIAN_POINT('',(-3.754427160966,-23.70452017428,0.));
#1440 = LINE('',#1441,#1442);
#1441 = CARTESIAN_POINT('',(-3.886005518749,-21.65407493079,0.));
#1442 = VECTOR('',#1443,1.);
#1443 = DIRECTION('',(6.403891095061E-02,-0.997947402364,0.));
#1444 = ORIENTED_EDGE('',*,*,#1445,.T.);
#1445 = EDGE_CURVE('',#1438,#1446,#1448,.T.);
#1446 = VERTEX_POINT('',#1447);
#1447 = CARTESIAN_POINT('',(-2.780200187466,-23.83842458967,0.));
#1448 = LINE('',#1449,#1450);
#1449 = CARTESIAN_POINT('',(-3.754427160966,-23.70452017428,0.));
#1450 = VECTOR('',#1451,1.);
#1451 = DIRECTION('',(0.990685946036,-0.136166649096,0.));
#1452 = ORIENTED_EDGE('',*,*,#1453,.T.);
#1453 = EDGE_CURVE('',#1446,#1454,#1456,.T.);
#1454 = VERTEX_POINT('',#1455);
#1455 = CARTESIAN_POINT('',(-2.100297605987,-21.89951483403,0.));
#1456 = LINE('',#1457,#1458);
#1457 = CARTESIAN_POINT('',(-2.780200187466,-23.83842458967,0.));
#1458 = VECTOR('',#1459,1.);
#1459 = DIRECTION('',(0.33090716136,0.943663314197,0.));
#1460 = ORIENTED_EDGE('',*,*,#1461,.T.);
#1461 = EDGE_CURVE('',#1454,#1462,#1464,.T.);
#1462 = VERTEX_POINT('',#1463);
#1463 = CARTESIAN_POINT('',(-1.501333094023,-21.94871292219,0.));
#1464 = LINE('',#1465,#1466);
#1465 = CARTESIAN_POINT('',(-2.100297605987,-21.89951483403,0.));
#1466 = VECTOR('',#1467,1.);
#1467 = DIRECTION('',(0.996643601761,-8.186287968181E-02,0.));
#1468 = ORIENTED_EDGE('',*,*,#1469,.T.);
#1469 = EDGE_CURVE('',#1462,#1470,#1472,.T.);
#1470 = VERTEX_POINT('',#1471);
#1471 = CARTESIAN_POINT('',(-0.90124823104,-21.9815320582,0.));
#1472 = LINE('',#1473,#1474);
#1473 = CARTESIAN_POINT('',(-1.501333094023,-21.94871292219,0.));
#1474 = VECTOR('',#1475,1.);
#1475 = DIRECTION('',(0.998507803483,-5.460921519211E-02,0.));
#1476 = ORIENTED_EDGE('',*,*,#1477,.T.);
#1477 = EDGE_CURVE('',#1470,#1478,#1480,.T.);
#1478 = VERTEX_POINT('',#1479);
#1479 = CARTESIAN_POINT('',(-0.491693143219,-23.99496275998,0.));
#1480 = LINE('',#1481,#1482);
#1481 = CARTESIAN_POINT('',(-0.90124823104,-21.9815320582,0.));
#1482 = VECTOR('',#1483,1.);
#1483 = DIRECTION('',(0.199329602832,-0.979932502489,0.));
#1484 = ORIENTED_EDGE('',*,*,#1485,.T.);
#1485 = EDGE_CURVE('',#1478,#1486,#1488,.T.);
#1486 = VERTEX_POINT('',#1487);
#1487 = CARTESIAN_POINT('',(0.491693143219,-23.99496275998,0.));
#1488 = LINE('',#1489,#1490);
#1489 = CARTESIAN_POINT('',(-0.491693143219,-23.99496275998,0.));
#1490 = VECTOR('',#1491,1.);
#1491 = DIRECTION('',(1.,0.,0.));
#1492 = ORIENTED_EDGE('',*,*,#1493,.T.);
#1493 = EDGE_CURVE('',#1486,#1494,#1496,.T.);
#1494 = VERTEX_POINT('',#1495);
#1495 = CARTESIAN_POINT('',(0.90124823104,-21.9815320582,0.));
#1496 = LINE('',#1497,#1498);
#1497 = CARTESIAN_POINT('',(0.491693143219,-23.99496275998,0.));
#1498 = VECTOR('',#1499,1.);
#1499 = DIRECTION('',(0.199329602832,0.979932502489,0.));
#1500 = ORIENTED_EDGE('',*,*,#1501,.T.);
#1501 = EDGE_CURVE('',#1494,#1502,#1504,.T.);
#1502 = VERTEX_POINT('',#1503);
#1503 = CARTESIAN_POINT('',(1.501333094023,-21.94871292219,0.));
#1504 = LINE('',#1505,#1506);
#1505 = CARTESIAN_POINT('',(0.90124823104,-21.9815320582,0.));
#1506 = VECTOR('',#1507,1.);
#1507 = DIRECTION('',(0.998507803483,5.460921519211E-02,0.));
#1508 = ORIENTED_EDGE('',*,*,#1509,.T.);
#1509 = EDGE_CURVE('',#1502,#1510,#1512,.T.);
#1510 = VERTEX_POINT('',#1511);
#1511 = CARTESIAN_POINT('',(2.100297605987,-21.89951483403,0.));
#1512 = LINE('',#1513,#1514);
#1513 = CARTESIAN_POINT('',(1.501333094023,-21.94871292219,0.));
#1514 = VECTOR('',#1515,1.);
#1515 = DIRECTION('',(0.996643601761,8.186287968181E-02,0.));
#1516 = ORIENTED_EDGE('',*,*,#1517,.T.);
#1517 = EDGE_CURVE('',#1510,#1518,#1520,.T.);
#1518 = VERTEX_POINT('',#1519);
#1519 = CARTESIAN_POINT('',(2.780200187466,-23.83842458967,0.));
#1520 = LINE('',#1521,#1522);
#1521 = CARTESIAN_POINT('',(2.100297605987,-21.89951483403,0.));
#1522 = VECTOR('',#1523,1.);
#1523 = DIRECTION('',(0.33090716136,-0.943663314197,0.));
#1524 = ORIENTED_EDGE('',*,*,#1525,.T.);
#1525 = EDGE_CURVE('',#1518,#1526,#1528,.T.);
#1526 = VERTEX_POINT('',#1527);
#1527 = CARTESIAN_POINT('',(3.754427160966,-23.70452017428,0.));
#1528 = LINE('',#1529,#1530);
#1529 = CARTESIAN_POINT('',(2.780200187466,-23.83842458967,0.));
#1530 = VECTOR('',#1531,1.);
#1531 = DIRECTION('',(0.990685946036,0.136166649096,0.));
#1532 = ORIENTED_EDGE('',*,*,#1533,.T.);
#1533 = EDGE_CURVE('',#1526,#1534,#1536,.T.);
#1534 = VERTEX_POINT('',#1535);
#1535 = CARTESIAN_POINT('',(3.886005518749,-21.65407493079,0.));
#1536 = LINE('',#1537,#1538);
#1537 = CARTESIAN_POINT('',(3.754427160966,-23.70452017428,0.));
#1538 = VECTOR('',#1539,1.);
#1539 = DIRECTION('',(6.403891095061E-02,0.997947402364,0.));
#1540 = ORIENTED_EDGE('',*,*,#1541,.T.);
#1541 = EDGE_CURVE('',#1534,#1542,#1544,.T.);
#1542 = VERTEX_POINT('',#1543);
#1543 = CARTESIAN_POINT('',(4.476032287158,-21.53984992901,0.));
#1544 = LINE('',#1545,#1546);
#1545 = CARTESIAN_POINT('',(3.886005518749,-21.65407493079,0.));
#1546 = VECTOR('',#1547,1.);
#1547 = DIRECTION('',(0.981771694076,0.190064043712,0.));
#1548 = ORIENTED_EDGE('',*,*,#1549,.T.);
#1549 = EDGE_CURVE('',#1542,#1550,#1552,.T.);
#1550 = VERTEX_POINT('',#1551);
#1551 = CARTESIAN_POINT('',(5.06271887253,-21.40955108398,0.));
#1552 = LINE('',#1553,#1554);
#1553 = CARTESIAN_POINT('',(4.476032287158,-21.53984992901,0.));
#1554 = VECTOR('',#1555,1.);
#1555 = DIRECTION('',(0.97621381546,0.216810023998,0.));
#1556 = ORIENTED_EDGE('',*,*,#1557,.T.);
#1557 = EDGE_CURVE('',#1550,#1558,#1560,.T.);
#1558 = VERTEX_POINT('',#1559);
#1559 = CARTESIAN_POINT('',(6.000303649,-23.23782167329,0.));
#1560 = LINE('',#1561,#1562);
#1561 = CARTESIAN_POINT('',(5.06271887253,-21.40955108398,0.));
#1562 = VECTOR('',#1563,1.);
#1563 = DIRECTION('',(0.456320545571,-0.889815463841,0.));
#1564 = ORIENTED_EDGE('',*,*,#1565,.T.);
#1565 = EDGE_CURVE('',#1558,#1566,#1568,.T.);
#1566 = VERTEX_POINT('',#1567);
#1567 = CARTESIAN_POINT('',(6.947223304352,-22.97250722841,0.));
#1568 = LINE('',#1569,#1570);
#1569 = CARTESIAN_POINT('',(6.000303649,-23.23782167329,0.));
#1570 = VECTOR('',#1571,1.);
#1571 = DIRECTION('',(0.962917287348,0.269796771157,0.));
#1572 = ORIENTED_EDGE('',*,*,#1573,.T.);
#1573 = EDGE_CURVE('',#1566,#1574,#1576,.T.);
#1574 = VERTEX_POINT('',#1575);
#1575 = CARTESIAN_POINT('',(6.798373876249,-20.92324335849,0.));
#1576 = LINE('',#1577,#1578);
#1577 = CARTESIAN_POINT('',(6.947223304352,-22.97250722841,0.));
#1578 = VECTOR('',#1579,1.);
#1579 = DIRECTION('',(-7.244470467592E-02,0.997372430321,0.));
#1580 = ORIENTED_EDGE('',*,*,#1581,.T.);
#1581 = EDGE_CURVE('',#1574,#1582,#1584,.T.);
#1582 = VERTEX_POINT('',#1583);
#1583 = CARTESIAN_POINT('',(7.367351467762,-20.72974028661,0.));
#1584 = LINE('',#1585,#1586);
#1585 = CARTESIAN_POINT('',(6.798373876249,-20.92324335849,0.));
#1586 = VECTOR('',#1587,1.);
#1587 = DIRECTION('',(0.946747035591,0.321978338712,0.));
#1588 = ORIENTED_EDGE('',*,*,#1589,.T.);
#1589 = EDGE_CURVE('',#1582,#1590,#1592,.T.);
#1590 = VERTEX_POINT('',#1591);
#1591 = CARTESIAN_POINT('',(7.930831265509,-20.52076790566,0.));
#1592 = LINE('',#1593,#1594);
#1593 = CARTESIAN_POINT('',(7.367351467762,-20.72974028661,0.));
#1594 = VECTOR('',#1595,1.);
#1595 = DIRECTION('',(0.937599012844,0.347718407787,0.));
#1596 = ORIENTED_EDGE('',*,*,#1597,.T.);
#1597 = EDGE_CURVE('',#1590,#1598,#1600,.T.);
#1598 = VERTEX_POINT('',#1599);
#1599 = CARTESIAN_POINT('',(9.108632806563,-22.20434210678,0.));
#1600 = LINE('',#1601,#1602);
#1601 = CARTESIAN_POINT('',(7.930831265509,-20.52076790566,0.));
#1602 = VECTOR('',#1603,1.);
#1603 = DIRECTION('',(0.57323354141,-0.819392034989,0.));
#1604 = ORIENTED_EDGE('',*,*,#1605,.T.);
#1605 = EDGE_CURVE('',#1598,#1606,#1608,.T.);
#1606 = VERTEX_POINT('',#1607);
#1607 = CARTESIAN_POINT('',(10.01060582223,-21.81255993852,0.));
#1608 = LINE('',#1609,#1610);
#1609 = CARTESIAN_POINT('',(9.108632806563,-22.20434210678,0.));
#1610 = VECTOR('',#1611,1.);
#1611 = DIRECTION('',(0.917211301505,0.398401089846,0.));
#1612 = ORIENTED_EDGE('',*,*,#1613,.T.);
#1613 = EDGE_CURVE('',#1606,#1614,#1616,.T.);
#1614 = VERTEX_POINT('',#1615);
#1615 = CARTESIAN_POINT('',(9.584101391452,-19.80265135072,0.));
#1616 = LINE('',#1617,#1618);
#1617 = CARTESIAN_POINT('',(10.01060582223,-21.81255993852,0.));
#1618 = VECTOR('',#1619,1.);
#1619 = DIRECTION('',(-0.207578812525,0.978218297003,0.));
#1620 = ORIENTED_EDGE('',*,*,#1621,.T.);
#1621 = EDGE_CURVE('',#1614,#1622,#1624,.T.);
#1622 = VERTEX_POINT('',#1623);
#1623 = CARTESIAN_POINT('',(10.121430830085,-19.53347480485,0.));
#1624 = LINE('',#1625,#1626);
#1625 = CARTESIAN_POINT('',(9.584101391452,-19.80265135072,0.));
#1626 = VECTOR('',#1627,1.);
#1627 = DIRECTION('',(0.894086271148,0.447894786468,0.));
#1628 = ORIENTED_EDGE('',*,*,#1629,.T.);
#1629 = EDGE_CURVE('',#1622,#1630,#1632,.T.);
#1630 = VERTEX_POINT('',#1631);
#1631 = CARTESIAN_POINT('',(10.651207277721,-19.24972164804,0.));
#1632 = LINE('',#1633,#1634);
#1633 = CARTESIAN_POINT('',(10.121430830085,-19.53347480485,0.));
#1634 = VECTOR('',#1635,1.);
#1635 = DIRECTION('',(0.881518514625,0.472149455548,0.));
#1636 = ORIENTED_EDGE('',*,*,#1637,.T.);
#1637 = EDGE_CURVE('',#1630,#1638,#1640,.T.);
#1638 = VERTEX_POINT('',#1639);
#1639 = CARTESIAN_POINT('',(12.047285369136,-20.75723765905,0.));
#1640 = LINE('',#1641,#1642);
#1641 = CARTESIAN_POINT('',(10.651207277721,-19.24972164804,0.));
#1642 = VECTOR('',#1643,1.);
#1643 = DIRECTION('',(0.679468280972,-0.733704882874,0.));
#1644 = ORIENTED_EDGE('',*,*,#1645,.T.);
#1645 = EDGE_CURVE('',#1638,#1646,#1648,.T.);
#1646 = VERTEX_POINT('',#1647);
#1647 = CARTESIAN_POINT('',(12.887509694433,-20.24628592794,0.));
#1648 = LINE('',#1649,#1650);
#1649 = CARTESIAN_POINT('',(12.047285369136,-20.75723765905,0.));
#1650 = VECTOR('',#1651,1.);
#1651 = DIRECTION('',(0.854419404546,0.519583950035,0.));
#1652 = ORIENTED_EDGE('',*,*,#1653,.T.);
#1653 = EDGE_CURVE('',#1646,#1654,#1656,.T.);
#1654 = VERTEX_POINT('',#1655);
#1655 = CARTESIAN_POINT('',(12.191295231548,-18.31317341634,0.));
#1656 = LINE('',#1657,#1658);
#1657 = CARTESIAN_POINT('',(12.887509694433,-20.24628592794,0.));
#1658 = VECTOR('',#1659,1.);
#1659 = DIRECTION('',(-0.338846119851,0.940841807671,0.));
#1660 = ORIENTED_EDGE('',*,*,#1661,.T.);
#1661 = EDGE_CURVE('',#1654,#1662,#1664,.T.);
#1662 = VERTEX_POINT('',#1663);
#1663 = CARTESIAN_POINT('',(12.686967086527,-17.97333764623,0.));
#1664 = LINE('',#1665,#1666);
#1665 = CARTESIAN_POINT('',(12.191295231548,-18.31317341634,0.));
#1666 = VECTOR('',#1667,1.);
#1667 = DIRECTION('',(0.824770371149,0.565467801802,0.));
#1668 = ORIENTED_EDGE('',*,*,#1669,.T.);
#1669 = EDGE_CURVE('',#1662,#1670,#1672,.T.);
#1670 = VERTEX_POINT('',#1671);
#1671 = CARTESIAN_POINT('',(13.173171451207,-17.62008949798,0.));
#1672 = LINE('',#1673,#1674);
#1673 = CARTESIAN_POINT('',(12.686967086527,-17.97333764623,0.));
#1674 = VECTOR('',#1675,1.);
#1675 = DIRECTION('',(0.809016994375,0.587785252292,0.));
#1676 = ORIENTED_EDGE('',*,*,#1677,.T.);
#1677 = EDGE_CURVE('',#1670,#1678,#1680,.T.);
#1678 = VERTEX_POINT('',#1679);
#1679 = CARTESIAN_POINT('',(14.76151979962,-18.92346514794,0.));
#1680 = LINE('',#1681,#1682);
#1681 = CARTESIAN_POINT('',(13.173171451207,-17.62008949798,0.));
#1682 = VECTOR('',#1683,1.);
#1683 = DIRECTION('',(0.773045812063,-0.634350197014,0.));
#1684 = ORIENTED_EDGE('',*,*,#1685,.T.);
#1685 = EDGE_CURVE('',#1678,#1686,#1688,.T.);
#1686 = VERTEX_POINT('',#1687);
#1687 = CARTESIAN_POINT('',(15.524343645134,-18.30286191795,0.));
#1688 = LINE('',#1689,#1690);
#1689 = CARTESIAN_POINT('',(14.76151979962,-18.92346514794,0.));
#1690 = VECTOR('',#1691,1.);
#1691 = DIRECTION('',(0.775711290704,0.631087944326,0.));
#1692 = ORIENTED_EDGE('',*,*,#1693,.T.);
#1693 = EDGE_CURVE('',#1686,#1694,#1696,.T.);
#1694 = VERTEX_POINT('',#1695);
#1695 = CARTESIAN_POINT('',(14.571388308297,-16.48255571107,0.));
#1696 = LINE('',#1697,#1698);
#1697 = CARTESIAN_POINT('',(15.524343645134,-18.30286191795,0.));
#1698 = VECTOR('',#1699,1.);
#1699 = DIRECTION('',(-0.463801365085,0.885939215604,0.));
#1700 = ORIENTED_EDGE('',*,*,#1701,.T.);
#1701 = EDGE_CURVE('',#1694,#1702,#1704,.T.);
#1702 = VERTEX_POINT('',#1703);
#1703 = CARTESIAN_POINT('',(15.01616915081,-16.07839121411,0.));
#1704 = LINE('',#1705,#1706);
#1705 = CARTESIAN_POINT('',(14.571388308297,-16.48255571107,0.));
#1706 = VECTOR('',#1707,1.);
#1707 = DIRECTION('',(0.740090559661,0.672507221895,0.));
#1708 = ORIENTED_EDGE('',*,*,#1709,.T.);
#1709 = EDGE_CURVE('',#1702,#1710,#1712,.T.);
#1710 = VERTEX_POINT('',#1711);
#1711 = CARTESIAN_POINT('',(15.449744365155,-15.66222841907,0.));
#1712 = LINE('',#1713,#1714);
#1713 = CARTESIAN_POINT('',(15.01616915081,-16.07839121411,0.));
#1714 = VECTOR('',#1715,1.);
#1715 = DIRECTION('',(0.721445018239,0.69247172192,0.));
#1716 = ORIENTED_EDGE('',*,*,#1717,.T.);
#1717 = EDGE_CURVE('',#1710,#1718,#1720,.T.);
#1718 = VERTEX_POINT('',#1719);
#1719 = CARTESIAN_POINT('',(17.200775046106,-16.73718428569,0.));
#1720 = LINE('',#1721,#1722);
#1721 = CARTESIAN_POINT('',(15.449744365155,-15.66222841907,0.));
#1722 = VECTOR('',#1723,1.);
#1723 = DIRECTION('',(0.852222962334,-0.523178767221,0.));
#1724 = ORIENTED_EDGE('',*,*,#1725,.T.);
#1725 = EDGE_CURVE('',#1718,#1726,#1728,.T.);
#1726 = VERTEX_POINT('',#1727);
#1727 = CARTESIAN_POINT('',(17.871988446912,-16.01849022078,0.));
#1728 = LINE('',#1729,#1730);
#1729 = CARTESIAN_POINT('',(17.200775046106,-16.73718428569,0.));
#1730 = VECTOR('',#1731,1.);
#1731 = DIRECTION('',(0.682553143219,0.730835964278,0.));
#1732 = ORIENTED_EDGE('',*,*,#1733,.T.);
#1733 = EDGE_CURVE('',#1726,#1734,#1736,.T.);
#1734 = VERTEX_POINT('',#1735);
#1735 = CARTESIAN_POINT('',(16.680043990988,-14.3448991791,0.));
#1736 = LINE('',#1737,#1738);
#1737 = CARTESIAN_POINT('',(17.871988446912,-16.01849022078,0.));
#1738 = VECTOR('',#1739,1.);
#1739 = DIRECTION('',(-0.580116868434,0.814533252211,0.));
#1740 = ORIENTED_EDGE('',*,*,#1741,.T.);
#1741 = EDGE_CURVE('',#1734,#1742,#1744,.T.);
#1742 = VERTEX_POINT('',#1743);
#1743 = CARTESIAN_POINT('',(17.065648395497,-13.88393477517,0.));
#1744 = LINE('',#1745,#1746);
#1745 = CARTESIAN_POINT('',(16.680043990988,-14.3448991791,0.));
#1746 = VECTOR('',#1747,1.);
#1747 = DIRECTION('',(0.641624261352,0.767019104876,0.));
#1748 = ORIENTED_EDGE('',*,*,#1749,.T.);
#1749 = EDGE_CURVE('',#1742,#1750,#1752,.T.);
#1750 = VERTEX_POINT('',#1751);
#1751 = CARTESIAN_POINT('',(17.438517773619,-13.41260965879,0.));
#1752 = LINE('',#1753,#1754);
#1753 = CARTESIAN_POINT('',(17.065648395497,-13.88393477517,0.));
#1754 = VECTOR('',#1755,1.);
#1755 = DIRECTION('',(0.62043388644,0.784258753574,0.));
#1756 = ORIENTED_EDGE('',*,*,#1757,.T.);
#1757 = EDGE_CURVE('',#1750,#1758,#1760,.T.);
#1758 = VERTEX_POINT('',#1759);
#1759 = CARTESIAN_POINT('',(19.319612398599,-14.23912134817,0.));
#1760 = LINE('',#1761,#1762);
#1761 = CARTESIAN_POINT('',(17.438517773619,-13.41260965879,0.));
#1762 = VECTOR('',#1763,1.);
#1763 = DIRECTION('',(0.915524811284,-0.402261506886,0.));
#1764 = ORIENTED_EDGE('',*,*,#1765,.T.);
#1765 = EDGE_CURVE('',#1758,#1766,#1768,.T.);
#1766 = VERTEX_POINT('',#1767);
#1767 = CARTESIAN_POINT('',(19.886711919025,-13.43572435895,0.));
#1768 = LINE('',#1769,#1770);
#1769 = CARTESIAN_POINT('',(19.319612398599,-14.23912134817,0.));
#1770 = VECTOR('',#1771,1.);
#1771 = DIRECTION('',(0.576680322115,0.81696989301,0.));
#1772 = ORIENTED_EDGE('',*,*,#1773,.T.);
#1773 = EDGE_CURVE('',#1766,#1774,#1776,.T.);
#1774 = VERTEX_POINT('',#1775);
#1775 = CARTESIAN_POINT('',(18.477982013982,-11.94002431701,0.));
#1776 = LINE('',#1777,#1778);
#1777 = CARTESIAN_POINT('',(19.886711919025,-13.43572435895,0.));
#1778 = VECTOR('',#1779,1.);
#1779 = DIRECTION('',(-0.685625892148,0.727954075486,0.));
#1780 = ORIENTED_EDGE('',*,*,#1781,.T.);
#1781 = EDGE_CURVE('',#1774,#1782,#1784,.T.);
#1782 = VERTEX_POINT('',#1783);
#1783 = CARTESIAN_POINT('',(18.797226900023,-11.43084690078,0.));
#1784 = LINE('',#1785,#1786);
#1785 = CARTESIAN_POINT('',(18.477982013982,-11.94002431701,0.));
#1786 = VECTOR('',#1787,1.);
#1787 = DIRECTION('',(0.531205717054,0.847242873189,0.));
#1788 = ORIENTED_EDGE('',*,*,#1789,.T.);
#1789 = EDGE_CURVE('',#1782,#1790,#1792,.T.);
#1790 = VERTEX_POINT('',#1791);
#1791 = CARTESIAN_POINT('',(19.102444590903,-10.91313935819,0.));
#1792 = LINE('',#1793,#1794);
#1793 = CARTESIAN_POINT('',(18.797226900023,-11.43084690078,0.));
#1794 = VECTOR('',#1795,1.);
#1795 = DIRECTION('',(0.507865245242,0.861436528524,0.));
#1796 = ORIENTED_EDGE('',*,*,#1797,.T.);
#1797 = EDGE_CURVE('',#1790,#1798,#1800,.T.);
#1798 = VERTEX_POINT('',#1799);
#1799 = CARTESIAN_POINT('',(21.078561926216,-11.47581052138,0.));
#1800 = LINE('',#1801,#1802);
#1801 = CARTESIAN_POINT('',(19.102444590903,-10.91313935819,0.));
#1802 = VECTOR('',#1803,1.);
#1803 = DIRECTION('',(0.96177216524,-0.273850875787,0.));
#1804 = ORIENTED_EDGE('',*,*,#1805,.T.);
#1805 = EDGE_CURVE('',#1798,#1806,#1808,.T.);
#1806 = VERTEX_POINT('',#1807);
#1807 = CARTESIAN_POINT('',(21.530983575191,-10.60267637367,0.));
#1808 = LINE('',#1809,#1810);
#1809 = CARTESIAN_POINT('',(21.078561926216,-11.47581052138,0.));
#1810 = VECTOR('',#1811,1.);
#1811 = DIRECTION('',(0.460065037731,0.887885218402,0.));
#1812 = ORIENTED_EDGE('',*,*,#1813,.T.);
#1813 = EDGE_CURVE('',#1806,#1814,#1816,.T.);
#1814 = VERTEX_POINT('',#1815);
#1815 = CARTESIAN_POINT('',(19.93171019374,-9.312729393297,0.));
#1816 = LINE('',#1817,#1818);
#1817 = CARTESIAN_POINT('',(21.530983575191,-10.60267637367,0.));
#1818 = VECTOR('',#1819,1.);
#1819 = DIRECTION('',(-0.778363002744,0.627814491677,0.));
#1820 = ORIENTED_EDGE('',*,*,#1821,.T.);
#1821 = EDGE_CURVE('',#1814,#1822,#1824,.T.);
#1822 = VERTEX_POINT('',#1823);
#1823 = CARTESIAN_POINT('',(20.17864863312,-8.764823976617,0.));
#1824 = LINE('',#1825,#1826);
#1825 = CARTESIAN_POINT('',(19.93171019374,-9.312729393297,0.));
#1826 = VECTOR('',#1827,1.);
#1827 = DIRECTION('',(0.410891815327,0.91168410982,0.));
#1828 = ORIENTED_EDGE('',*,*,#1829,.T.);
#1829 = EDGE_CURVE('',#1822,#1830,#1832,.T.);
#1830 = VERTEX_POINT('',#1831);
#1831 = CARTESIAN_POINT('',(20.410529008672,-8.210377919814,0.));
#1832 = LINE('',#1833,#1834);
#1833 = CARTESIAN_POINT('',(20.17864863312,-8.764823976617,0.));
#1834 = VECTOR('',#1835,1.);
#1835 = DIRECTION('',(0.385836035443,0.922567370848,0.));
#1836 = ORIENTED_EDGE('',*,*,#1837,.T.);
#1837 = EDGE_CURVE('',#1830,#1838,#1840,.T.);
#1838 = VERTEX_POINT('',#1839);
#1839 = CARTESIAN_POINT('',(22.444857727319,-8.498727057649,0.));
#1840 = LINE('',#1841,#1842);
#1841 = CARTESIAN_POINT('',(20.410529008672,-8.210377919814,0.));
#1842 = VECTOR('',#1843,1.);
#1843 = DIRECTION('',(0.9901035235,-0.140338921017,0.));
#1844 = ORIENTED_EDGE('',*,*,#1845,.T.);
#1845 = EDGE_CURVE('',#1838,#1846,#1848,.T.);
#1846 = VERTEX_POINT('',#1847);
#1847 = CARTESIAN_POINT('',(22.774173745536,-7.572120588591,0.));
#1848 = LINE('',#1849,#1850);
#1849 = CARTESIAN_POINT('',(22.444857727319,-8.498727057649,0.));
#1850 = VECTOR('',#1851,1.);
#1851 = DIRECTION('',(0.334879612171,0.942260922119,0.));
#1852 = ORIENTED_EDGE('',*,*,#1853,.T.);
#1853 = EDGE_CURVE('',#1846,#1854,#1856,.T.);
#1854 = VERTEX_POINT('',#1855);
#1855 = CARTESIAN_POINT('',(21.014148324832,-6.51195594134,0.));
#1856 = LINE('',#1857,#1858);
#1857 = CARTESIAN_POINT('',(22.774173745536,-7.572120588591,0.));
#1858 = VECTOR('',#1859,1.);
#1859 = DIRECTION('',(-0.856600683319,0.515979911758,0.));
#1860 = ORIENTED_EDGE('',*,*,#1861,.T.);
#1861 = EDGE_CURVE('',#1854,#1862,#1864,.T.);
#1862 = VERTEX_POINT('',#1863);
#1863 = CARTESIAN_POINT('',(21.184180321652,-5.935528965455,0.));
#1864 = LINE('',#1865,#1866);
#1865 = CARTESIAN_POINT('',(21.014148324832,-6.51195594134,0.));
#1866 = VECTOR('',#1867,1.);
#1867 = DIRECTION('',(0.282923776517,0.959142396457,0.));
#1868 = ORIENTED_EDGE('',*,*,#1869,.T.);
#1869 = EDGE_CURVE('',#1862,#1870,#1872,.T.);
#1870 = VERTEX_POINT('',#1871);
#1871 = CARTESIAN_POINT('',(21.338403889213,-5.354672675414,0.));
#1872 = LINE('',#1873,#1874);
#1873 = CARTESIAN_POINT('',(21.184180321652,-5.935528965455,0.));
#1874 = VECTOR('',#1875,1.);
#1875 = DIRECTION('',(0.256619430334,0.966512528618,0.));
#1876 = ORIENTED_EDGE('',*,*,#1877,.T.);
#1877 = EDGE_CURVE('',#1870,#1878,#1880,.T.);
#1878 = VERTEX_POINT('',#1879);
#1879 = CARTESIAN_POINT('',(23.393048296263,-5.363328389041,0.));
#1880 = LINE('',#1881,#1882);
#1881 = CARTESIAN_POINT('',(21.338403889213,-5.354672675414,0.));
#1882 = VECTOR('',#1883,1.);
#1883 = DIRECTION('',(0.999991126466,-4.212717679911E-03,0.));
#1884 = ORIENTED_EDGE('',*,*,#1885,.T.);
#1885 = EDGE_CURVE('',#1878,#1886,#1888,.T.);
#1886 = VERTEX_POINT('',#1887);
#1887 = CARTESIAN_POINT('',(23.593124149393,-4.400510523944,0.));
#1888 = LINE('',#1889,#1890);
#1889 = CARTESIAN_POINT('',(23.393048296263,-5.363328389041,0.));
#1890 = VECTOR('',#1891,1.);
#1891 = DIRECTION('',(0.203456013053,0.979084087682,0.));
#1892 = ORIENTED_EDGE('',*,*,#1893,.T.);
#1893 = EDGE_CURVE('',#1886,#1894,#1896,.T.);
#1894 = VERTEX_POINT('',#1895);
#1895 = CARTESIAN_POINT('',(21.705132632929,-3.589877071289,0.));
#1896 = LINE('',#1897,#1898);
#1897 = CARTESIAN_POINT('',(23.593124149393,-4.400510523944,0.));
#1898 = VECTOR('',#1899,1.);
#1899 = DIRECTION('',(-0.918881513914,0.394533602354,0.));
#1900 = ORIENTED_EDGE('',*,*,#1901,.T.);
#1901 = EDGE_CURVE('',#1894,#1902,#1904,.T.);
#1902 = VERTEX_POINT('',#1903);
#1903 = CARTESIAN_POINT('',(21.795090812799,-2.995666280117,0.));
#1904 = LINE('',#1905,#1906);
#1905 = CARTESIAN_POINT('',(21.705132632929,-3.589877071289,0.));
#1906 = VECTOR('',#1907,1.);
#1907 = DIRECTION('',(0.149685403063,0.988733675016,0.));
#1908 = ORIENTED_EDGE('',*,*,#1909,.T.);
#1909 = EDGE_CURVE('',#1902,#1910,#1912,.T.);
#1910 = VERTEX_POINT('',#1911);
#1911 = CARTESIAN_POINT('',(21.868784679108,-2.399220010501,0.));
#1912 = LINE('',#1913,#1914);
#1913 = CARTESIAN_POINT('',(21.795090812799,-2.995666280117,0.));
#1914 = VECTOR('',#1915,1.);
#1915 = DIRECTION('',(0.12262249078,0.992453386691,0.));
#1916 = ORIENTED_EDGE('',*,*,#1917,.T.);
#1917 = EDGE_CURVE('',#1910,#1918,#1920,.T.);
#1918 = VERTEX_POINT('',#1919);
#1919 = CARTESIAN_POINT('',(23.905470636796,-2.128021060351,0.));
#1920 = LINE('',#1921,#1922);
#1921 = CARTESIAN_POINT('',(21.868784679108,-2.399220010501,0.));
#1922 = VECTOR('',#1923,1.);
#1923 = DIRECTION('',(0.9912507868,0.131991960617,0.));
#1924 = ORIENTED_EDGE('',*,*,#1925,.T.);
#1925 = EDGE_CURVE('',#1918,#1926,#1928,.T.);
#1926 = VERTEX_POINT('',#1927);
#1927 = CARTESIAN_POINT('',(23.972579290252,-1.146927274322,0.));
#1928 = LINE('',#1929,#1930);
#1929 = CARTESIAN_POINT('',(23.905470636796,-2.128021060351,0.));
#1930 = VECTOR('',#1931,1.);
#1931 = DIRECTION('',(6.824241336467E-02,0.997668769191,0.));
#1932 = ORIENTED_EDGE('',*,*,#1933,.T.);
#1933 = EDGE_CURVE('',#1926,#62,#1934,.T.);
#1934 = LINE('',#1935,#1936);
#1935 = CARTESIAN_POINT('',(23.972579290252,-1.146927274322,0.));
#1936 = VECTOR('',#1937,1.);
#1937 = DIRECTION('',(-0.964045320496,0.265737878425,0.));
#1938 = ORIENTED_EDGE('',*,*,#78,.T.);
#1939 = FACE_BOUND('',#1940,.F.);
#1940 = EDGE_LOOP('',(#1941));
#1941 = ORIENTED_EDGE('',*,*,#1942,.F.);
#1942 = EDGE_CURVE('',#1943,#1943,#1945,.T.);
#1943 = VERTEX_POINT('',#1944);
#1944 = CARTESIAN_POINT('',(4.,-9.797174393179E-16,0.));
#1945 = CIRCLE('',#1946,4.);
#1946 = AXIS2_PLACEMENT_3D('',#1947,#1948,#1949);
#1947 = CARTESIAN_POINT('',(0.,0.,0.));
#1948 = DIRECTION('',(0.,0.,1.));
#1949 = DIRECTION('',(1.,0.,0.));
#1950 = PLANE('',#1951);
#1951 = AXIS2_PLACEMENT_3D('',#1952,#1953,#1954);
#1952 = CARTESIAN_POINT('',(1.241679716893E-14,-3.374817349228E-15,0.));
#1953 = DIRECTION('',(0.,0.,1.));
#1954 = DIRECTION('',(1.,0.,0.));
#1955 = ADVANCED_FACE('',(#1956,#3775),#3786,.T.);
#1956 = FACE_BOUND('',#1957,.T.);
#1957 = EDGE_LOOP('',(#1958,#1959,#1960,#1968,#1976,#1984,#1992,#2000,
    #2008,#2016,#2024,#2032,#2040,#2048,#2056,#2064,#2072,#2080,#2088,
    #2096,#2104,#2112,#2120,#2128,#2136,#2144,#2152,#2160,#2168,#2176,
    #2184,#2192,#2200,#2208,#2216,#2224,#2232,#2240,#2248,#2256,#2264,
    #2272,#2280,#2288,#2296,#2304,#2312,#2320,#2328,#2336,#2344,#2352,
    #2360,#2368,#2376,#2384,#2392,#2400,#2408,#2416,#2424,#2432,#2440,
    #2448,#2456,#2464,#2472,#2480,#2488,#2496,#2504,#2512,#2520,#2528,
    #2536,#2544,#2552,#2560,#2568,#2576,#2584,#2592,#2600,#2608,#2616,
    #2624,#2632,#2640,#2648,#2656,#2664,#2672,#2680,#2688,#2696,#2704,
    #2712,#2720,#2728,#2736,#2744,#2752,#2760,#2768,#2776,#2784,#2792,
    #2800,#2808,#2816,#2824,#2832,#2840,#2848,#2856,#2864,#2872,#2880,
    #2888,#2896,#2904,#2912,#2920,#2928,#2936,#2944,#2952,#2960,#2968,
    #2976,#2984,#2992,#3000,#3008,#3016,#3024,#3032,#3040,#3048,#3056,
    #3064,#3072,#3080,#3088,#3096,#3104,#3112,#3120,#3128,#3136,#3144,
    #3152,#3160,#3168,#3176,#3184,#3192,#3200,#3208,#3216,#3224,#3232,
    #3240,#3248,#3256,#3264,#3272,#3280,#3288,#3296,#3304,#3312,#3320,
    #3328,#3336,#3344,#3352,#3360,#3368,#3376,#3384,#3392,#3400,#3408,
    #3416,#3424,#3432,#3440,#3448,#3456,#3464,#3472,#3480,#3488,#3496,
    #3504,#3512,#3520,#3528,#3536,#3544,#3552,#3560,#3568,#3576,#3584,
    #3592,#3600,#3608,#3616,#3624,#3632,#3640,#3648,#3656,#3664,#3672,
    #3680,#3688,#3696,#3704,#3712,#3720,#3728,#3736,#3744,#3752,#3760,
    #3768,#3774));
#1958 = ORIENTED_EDGE('',*,*,#31,.T.);
#1959 = ORIENTED_EDGE('',*,*,#93,.T.);
#1960 = ORIENTED_EDGE('',*,*,#1961,.T.);
#1961 = EDGE_CURVE('',#94,#1962,#1964,.T.);
#1962 = VERTEX_POINT('',#1963);
#1963 = CARTESIAN_POINT('',(23.905470636796,2.128021060351,4.));
#1964 = LINE('',#1965,#1966);
#1965 = CARTESIAN_POINT('',(23.972579290252,1.146927274322,4.));
#1966 = VECTOR('',#1967,1.);
#1967 = DIRECTION('',(-6.824241336467E-02,0.997668769191,0.));
#1968 = ORIENTED_EDGE('',*,*,#1969,.T.);
#1969 = EDGE_CURVE('',#1962,#1970,#1972,.T.);
#1970 = VERTEX_POINT('',#1971);
#1971 = CARTESIAN_POINT('',(21.868784679108,2.399220010501,4.));
#1972 = LINE('',#1973,#1974);
#1973 = CARTESIAN_POINT('',(23.905470636796,2.128021060351,4.));
#1974 = VECTOR('',#1975,1.);
#1975 = DIRECTION('',(-0.9912507868,0.131991960617,0.));
#1976 = ORIENTED_EDGE('',*,*,#1977,.T.);
#1977 = EDGE_CURVE('',#1970,#1978,#1980,.T.);
#1978 = VERTEX_POINT('',#1979);
#1979 = CARTESIAN_POINT('',(21.795090812799,2.995666280117,4.));
#1980 = LINE('',#1981,#1982);
#1981 = CARTESIAN_POINT('',(21.868784679108,2.399220010501,4.));
#1982 = VECTOR('',#1983,1.);
#1983 = DIRECTION('',(-0.12262249078,0.992453386691,0.));
#1984 = ORIENTED_EDGE('',*,*,#1985,.T.);
#1985 = EDGE_CURVE('',#1978,#1986,#1988,.T.);
#1986 = VERTEX_POINT('',#1987);
#1987 = CARTESIAN_POINT('',(21.705132632929,3.589877071289,4.));
#1988 = LINE('',#1989,#1990);
#1989 = CARTESIAN_POINT('',(21.795090812799,2.995666280117,4.));
#1990 = VECTOR('',#1991,1.);
#1991 = DIRECTION('',(-0.149685403063,0.988733675016,0.));
#1992 = ORIENTED_EDGE('',*,*,#1993,.T.);
#1993 = EDGE_CURVE('',#1986,#1994,#1996,.T.);
#1994 = VERTEX_POINT('',#1995);
#1995 = CARTESIAN_POINT('',(23.593124149393,4.400510523944,4.));
#1996 = LINE('',#1997,#1998);
#1997 = CARTESIAN_POINT('',(21.705132632929,3.589877071289,4.));
#1998 = VECTOR('',#1999,1.);
#1999 = DIRECTION('',(0.918881513914,0.394533602354,0.));
#2000 = ORIENTED_EDGE('',*,*,#2001,.T.);
#2001 = EDGE_CURVE('',#1994,#2002,#2004,.T.);
#2002 = VERTEX_POINT('',#2003);
#2003 = CARTESIAN_POINT('',(23.393048296263,5.363328389041,4.));
#2004 = LINE('',#2005,#2006);
#2005 = CARTESIAN_POINT('',(23.593124149393,4.400510523944,4.));
#2006 = VECTOR('',#2007,1.);
#2007 = DIRECTION('',(-0.203456013053,0.979084087682,0.));
#2008 = ORIENTED_EDGE('',*,*,#2009,.T.);
#2009 = EDGE_CURVE('',#2002,#2010,#2012,.T.);
#2010 = VERTEX_POINT('',#2011);
#2011 = CARTESIAN_POINT('',(21.338403889213,5.354672675414,4.));
#2012 = LINE('',#2013,#2014);
#2013 = CARTESIAN_POINT('',(23.393048296263,5.363328389041,4.));
#2014 = VECTOR('',#2015,1.);
#2015 = DIRECTION('',(-0.999991126466,-4.212717679898E-03,0.));
#2016 = ORIENTED_EDGE('',*,*,#2017,.T.);
#2017 = EDGE_CURVE('',#2010,#2018,#2020,.T.);
#2018 = VERTEX_POINT('',#2019);
#2019 = CARTESIAN_POINT('',(21.184180321652,5.935528965455,4.));
#2020 = LINE('',#2021,#2022);
#2021 = CARTESIAN_POINT('',(21.338403889213,5.354672675414,4.));
#2022 = VECTOR('',#2023,1.);
#2023 = DIRECTION('',(-0.256619430334,0.966512528618,0.));
#2024 = ORIENTED_EDGE('',*,*,#2025,.T.);
#2025 = EDGE_CURVE('',#2018,#2026,#2028,.T.);
#2026 = VERTEX_POINT('',#2027);
#2027 = CARTESIAN_POINT('',(21.014148324832,6.51195594134,4.));
#2028 = LINE('',#2029,#2030);
#2029 = CARTESIAN_POINT('',(21.184180321652,5.935528965455,4.));
#2030 = VECTOR('',#2031,1.);
#2031 = DIRECTION('',(-0.282923776517,0.959142396457,0.));
#2032 = ORIENTED_EDGE('',*,*,#2033,.T.);
#2033 = EDGE_CURVE('',#2026,#2034,#2036,.T.);
#2034 = VERTEX_POINT('',#2035);
#2035 = CARTESIAN_POINT('',(22.774173745536,7.572120588591,4.));
#2036 = LINE('',#2037,#2038);
#2037 = CARTESIAN_POINT('',(21.014148324832,6.51195594134,4.));
#2038 = VECTOR('',#2039,1.);
#2039 = DIRECTION('',(0.856600683319,0.515979911758,0.));
#2040 = ORIENTED_EDGE('',*,*,#2041,.T.);
#2041 = EDGE_CURVE('',#2034,#2042,#2044,.T.);
#2042 = VERTEX_POINT('',#2043);
#2043 = CARTESIAN_POINT('',(22.444857727319,8.498727057649,4.));
#2044 = LINE('',#2045,#2046);
#2045 = CARTESIAN_POINT('',(22.774173745536,7.572120588591,4.));
#2046 = VECTOR('',#2047,1.);
#2047 = DIRECTION('',(-0.334879612171,0.942260922119,0.));
#2048 = ORIENTED_EDGE('',*,*,#2049,.T.);
#2049 = EDGE_CURVE('',#2042,#2050,#2052,.T.);
#2050 = VERTEX_POINT('',#2051);
#2051 = CARTESIAN_POINT('',(20.410529008672,8.210377919814,4.));
#2052 = LINE('',#2053,#2054);
#2053 = CARTESIAN_POINT('',(22.444857727319,8.498727057649,4.));
#2054 = VECTOR('',#2055,1.);
#2055 = DIRECTION('',(-0.9901035235,-0.140338921017,0.));
#2056 = ORIENTED_EDGE('',*,*,#2057,.T.);
#2057 = EDGE_CURVE('',#2050,#2058,#2060,.T.);
#2058 = VERTEX_POINT('',#2059);
#2059 = CARTESIAN_POINT('',(20.17864863312,8.764823976617,4.));
#2060 = LINE('',#2061,#2062);
#2061 = CARTESIAN_POINT('',(20.410529008672,8.210377919814,4.));
#2062 = VECTOR('',#2063,1.);
#2063 = DIRECTION('',(-0.385836035443,0.922567370848,0.));
#2064 = ORIENTED_EDGE('',*,*,#2065,.T.);
#2065 = EDGE_CURVE('',#2058,#2066,#2068,.T.);
#2066 = VERTEX_POINT('',#2067);
#2067 = CARTESIAN_POINT('',(19.93171019374,9.312729393297,4.));
#2068 = LINE('',#2069,#2070);
#2069 = CARTESIAN_POINT('',(20.17864863312,8.764823976617,4.));
#2070 = VECTOR('',#2071,1.);
#2071 = DIRECTION('',(-0.410891815327,0.91168410982,0.));
#2072 = ORIENTED_EDGE('',*,*,#2073,.T.);
#2073 = EDGE_CURVE('',#2066,#2074,#2076,.T.);
#2074 = VERTEX_POINT('',#2075);
#2075 = CARTESIAN_POINT('',(21.530983575191,10.602676373675,4.));
#2076 = LINE('',#2077,#2078);
#2077 = CARTESIAN_POINT('',(19.93171019374,9.312729393297,4.));
#2078 = VECTOR('',#2079,1.);
#2079 = DIRECTION('',(0.778363002744,0.627814491677,0.));
#2080 = ORIENTED_EDGE('',*,*,#2081,.T.);
#2081 = EDGE_CURVE('',#2074,#2082,#2084,.T.);
#2082 = VERTEX_POINT('',#2083);
#2083 = CARTESIAN_POINT('',(21.078561926216,11.475810521383,4.));
#2084 = LINE('',#2085,#2086);
#2085 = CARTESIAN_POINT('',(21.530983575191,10.602676373675,4.));
#2086 = VECTOR('',#2087,1.);
#2087 = DIRECTION('',(-0.460065037731,0.887885218402,0.));
#2088 = ORIENTED_EDGE('',*,*,#2089,.T.);
#2089 = EDGE_CURVE('',#2082,#2090,#2092,.T.);
#2090 = VERTEX_POINT('',#2091);
#2091 = CARTESIAN_POINT('',(19.102444590903,10.913139358199,4.));
#2092 = LINE('',#2093,#2094);
#2093 = CARTESIAN_POINT('',(21.078561926216,11.475810521383,4.));
#2094 = VECTOR('',#2095,1.);
#2095 = DIRECTION('',(-0.96177216524,-0.273850875787,0.));
#2096 = ORIENTED_EDGE('',*,*,#2097,.T.);
#2097 = EDGE_CURVE('',#2090,#2098,#2100,.T.);
#2098 = VERTEX_POINT('',#2099);
#2099 = CARTESIAN_POINT('',(18.797226900023,11.43084690078,4.));
#2100 = LINE('',#2101,#2102);
#2101 = CARTESIAN_POINT('',(19.102444590903,10.913139358199,4.));
#2102 = VECTOR('',#2103,1.);
#2103 = DIRECTION('',(-0.507865245242,0.861436528524,0.));
#2104 = ORIENTED_EDGE('',*,*,#2105,.T.);
#2105 = EDGE_CURVE('',#2098,#2106,#2108,.T.);
#2106 = VERTEX_POINT('',#2107);
#2107 = CARTESIAN_POINT('',(18.477982013982,11.940024317018,4.));
#2108 = LINE('',#2109,#2110);
#2109 = CARTESIAN_POINT('',(18.797226900023,11.43084690078,4.));
#2110 = VECTOR('',#2111,1.);
#2111 = DIRECTION('',(-0.531205717054,0.847242873189,0.));
#2112 = ORIENTED_EDGE('',*,*,#2113,.T.);
#2113 = EDGE_CURVE('',#2106,#2114,#2116,.T.);
#2114 = VERTEX_POINT('',#2115);
#2115 = CARTESIAN_POINT('',(19.886711919025,13.435724358951,4.));
#2116 = LINE('',#2117,#2118);
#2117 = CARTESIAN_POINT('',(18.477982013982,11.940024317018,4.));
#2118 = VECTOR('',#2119,1.);
#2119 = DIRECTION('',(0.685625892148,0.727954075486,0.));
#2120 = ORIENTED_EDGE('',*,*,#2121,.T.);
#2121 = EDGE_CURVE('',#2114,#2122,#2124,.T.);
#2122 = VERTEX_POINT('',#2123);
#2123 = CARTESIAN_POINT('',(19.319612398599,14.23912134817,4.));
#2124 = LINE('',#2125,#2126);
#2125 = CARTESIAN_POINT('',(19.886711919025,13.435724358951,4.));
#2126 = VECTOR('',#2127,1.);
#2127 = DIRECTION('',(-0.576680322115,0.81696989301,0.));
#2128 = ORIENTED_EDGE('',*,*,#2129,.T.);
#2129 = EDGE_CURVE('',#2122,#2130,#2132,.T.);
#2130 = VERTEX_POINT('',#2131);
#2131 = CARTESIAN_POINT('',(17.438517773619,13.412609658794,4.));
#2132 = LINE('',#2133,#2134);
#2133 = CARTESIAN_POINT('',(19.319612398599,14.23912134817,4.));
#2134 = VECTOR('',#2135,1.);
#2135 = DIRECTION('',(-0.915524811284,-0.402261506886,0.));
#2136 = ORIENTED_EDGE('',*,*,#2137,.T.);
#2137 = EDGE_CURVE('',#2130,#2138,#2140,.T.);
#2138 = VERTEX_POINT('',#2139);
#2139 = CARTESIAN_POINT('',(17.065648395497,13.883934775173,4.));
#2140 = LINE('',#2141,#2142);
#2141 = CARTESIAN_POINT('',(17.438517773619,13.412609658794,4.));
#2142 = VECTOR('',#2143,1.);
#2143 = DIRECTION('',(-0.62043388644,0.784258753574,0.));
#2144 = ORIENTED_EDGE('',*,*,#2145,.T.);
#2145 = EDGE_CURVE('',#2138,#2146,#2148,.T.);
#2146 = VERTEX_POINT('',#2147);
#2147 = CARTESIAN_POINT('',(16.680043990988,14.344899179106,4.));
#2148 = LINE('',#2149,#2150);
#2149 = CARTESIAN_POINT('',(17.065648395497,13.883934775173,4.));
#2150 = VECTOR('',#2151,1.);
#2151 = DIRECTION('',(-0.641624261352,0.767019104876,0.));
#2152 = ORIENTED_EDGE('',*,*,#2153,.T.);
#2153 = EDGE_CURVE('',#2146,#2154,#2156,.T.);
#2154 = VERTEX_POINT('',#2155);
#2155 = CARTESIAN_POINT('',(17.871988446912,16.018490220787,4.));
#2156 = LINE('',#2157,#2158);
#2157 = CARTESIAN_POINT('',(16.680043990988,14.344899179106,4.));
#2158 = VECTOR('',#2159,1.);
#2159 = DIRECTION('',(0.580116868434,0.814533252211,0.));
#2160 = ORIENTED_EDGE('',*,*,#2161,.T.);
#2161 = EDGE_CURVE('',#2154,#2162,#2164,.T.);
#2162 = VERTEX_POINT('',#2163);
#2163 = CARTESIAN_POINT('',(17.200775046106,16.737184285694,4.));
#2164 = LINE('',#2165,#2166);
#2165 = CARTESIAN_POINT('',(17.871988446912,16.018490220787,4.));
#2166 = VECTOR('',#2167,1.);
#2167 = DIRECTION('',(-0.682553143219,0.730835964278,0.));
#2168 = ORIENTED_EDGE('',*,*,#2169,.T.);
#2169 = EDGE_CURVE('',#2162,#2170,#2172,.T.);
#2170 = VERTEX_POINT('',#2171);
#2171 = CARTESIAN_POINT('',(15.449744365155,15.662228419078,4.));
#2172 = LINE('',#2173,#2174);
#2173 = CARTESIAN_POINT('',(17.200775046106,16.737184285694,4.));
#2174 = VECTOR('',#2175,1.);
#2175 = DIRECTION('',(-0.852222962334,-0.523178767221,0.));
#2176 = ORIENTED_EDGE('',*,*,#2177,.T.);
#2177 = EDGE_CURVE('',#2170,#2178,#2180,.T.);
#2178 = VERTEX_POINT('',#2179);
#2179 = CARTESIAN_POINT('',(15.01616915081,16.078391214119,4.));
#2180 = LINE('',#2181,#2182);
#2181 = CARTESIAN_POINT('',(15.449744365155,15.662228419078,4.));
#2182 = VECTOR('',#2183,1.);
#2183 = DIRECTION('',(-0.721445018239,0.69247172192,0.));
#2184 = ORIENTED_EDGE('',*,*,#2185,.T.);
#2185 = EDGE_CURVE('',#2178,#2186,#2188,.T.);
#2186 = VERTEX_POINT('',#2187);
#2187 = CARTESIAN_POINT('',(14.571388308297,16.482555711079,4.));
#2188 = LINE('',#2189,#2190);
#2189 = CARTESIAN_POINT('',(15.01616915081,16.078391214119,4.));
#2190 = VECTOR('',#2191,1.);
#2191 = DIRECTION('',(-0.740090559661,0.672507221895,0.));
#2192 = ORIENTED_EDGE('',*,*,#2193,.T.);
#2193 = EDGE_CURVE('',#2186,#2194,#2196,.T.);
#2194 = VERTEX_POINT('',#2195);
#2195 = CARTESIAN_POINT('',(15.524343645134,18.302861917957,4.));
#2196 = LINE('',#2197,#2198);
#2197 = CARTESIAN_POINT('',(14.571388308297,16.482555711079,4.));
#2198 = VECTOR('',#2199,1.);
#2199 = DIRECTION('',(0.463801365085,0.885939215604,0.));
#2200 = ORIENTED_EDGE('',*,*,#2201,.T.);
#2201 = EDGE_CURVE('',#2194,#2202,#2204,.T.);
#2202 = VERTEX_POINT('',#2203);
#2203 = CARTESIAN_POINT('',(14.76151979962,18.923465147943,4.));
#2204 = LINE('',#2205,#2206);
#2205 = CARTESIAN_POINT('',(15.524343645134,18.302861917957,4.));
#2206 = VECTOR('',#2207,1.);
#2207 = DIRECTION('',(-0.775711290704,0.631087944326,0.));
#2208 = ORIENTED_EDGE('',*,*,#2209,.T.);
#2209 = EDGE_CURVE('',#2202,#2210,#2212,.T.);
#2210 = VERTEX_POINT('',#2211);
#2211 = CARTESIAN_POINT('',(13.173171451207,17.620089497988,4.));
#2212 = LINE('',#2213,#2214);
#2213 = CARTESIAN_POINT('',(14.76151979962,18.923465147943,4.));
#2214 = VECTOR('',#2215,1.);
#2215 = DIRECTION('',(-0.773045812063,-0.634350197014,0.));
#2216 = ORIENTED_EDGE('',*,*,#2217,.T.);
#2217 = EDGE_CURVE('',#2210,#2218,#2220,.T.);
#2218 = VERTEX_POINT('',#2219);
#2219 = CARTESIAN_POINT('',(12.686967086527,17.97333764623,4.));
#2220 = LINE('',#2221,#2222);
#2221 = CARTESIAN_POINT('',(13.173171451207,17.620089497988,4.));
#2222 = VECTOR('',#2223,1.);
#2223 = DIRECTION('',(-0.809016994375,0.587785252292,0.));
#2224 = ORIENTED_EDGE('',*,*,#2225,.T.);
#2225 = EDGE_CURVE('',#2218,#2226,#2228,.T.);
#2226 = VERTEX_POINT('',#2227);
#2227 = CARTESIAN_POINT('',(12.191295231548,18.313173416348,4.));
#2228 = LINE('',#2229,#2230);
#2229 = CARTESIAN_POINT('',(12.686967086527,17.97333764623,4.));
#2230 = VECTOR('',#2231,1.);
#2231 = DIRECTION('',(-0.824770371149,0.565467801802,0.));
#2232 = ORIENTED_EDGE('',*,*,#2233,.T.);
#2233 = EDGE_CURVE('',#2226,#2234,#2236,.T.);
#2234 = VERTEX_POINT('',#2235);
#2235 = CARTESIAN_POINT('',(12.887509694433,20.24628592794,4.));
#2236 = LINE('',#2237,#2238);
#2237 = CARTESIAN_POINT('',(12.191295231548,18.313173416348,4.));
#2238 = VECTOR('',#2239,1.);
#2239 = DIRECTION('',(0.338846119851,0.940841807671,0.));
#2240 = ORIENTED_EDGE('',*,*,#2241,.T.);
#2241 = EDGE_CURVE('',#2234,#2242,#2244,.T.);
#2242 = VERTEX_POINT('',#2243);
#2243 = CARTESIAN_POINT('',(12.047285369136,20.757237659058,4.));
#2244 = LINE('',#2245,#2246);
#2245 = CARTESIAN_POINT('',(12.887509694433,20.24628592794,4.));
#2246 = VECTOR('',#2247,1.);
#2247 = DIRECTION('',(-0.854419404546,0.519583950035,0.));
#2248 = ORIENTED_EDGE('',*,*,#2249,.T.);
#2249 = EDGE_CURVE('',#2242,#2250,#2252,.T.);
#2250 = VERTEX_POINT('',#2251);
#2251 = CARTESIAN_POINT('',(10.651207277721,19.24972164804,4.));
#2252 = LINE('',#2253,#2254);
#2253 = CARTESIAN_POINT('',(12.047285369136,20.757237659058,4.));
#2254 = VECTOR('',#2255,1.);
#2255 = DIRECTION('',(-0.679468280972,-0.733704882874,0.));
#2256 = ORIENTED_EDGE('',*,*,#2257,.T.);
#2257 = EDGE_CURVE('',#2250,#2258,#2260,.T.);
#2258 = VERTEX_POINT('',#2259);
#2259 = CARTESIAN_POINT('',(10.121430830085,19.533474804852,4.));
#2260 = LINE('',#2261,#2262);
#2261 = CARTESIAN_POINT('',(10.651207277721,19.24972164804,4.));
#2262 = VECTOR('',#2263,1.);
#2263 = DIRECTION('',(-0.881518514625,0.472149455548,0.));
#2264 = ORIENTED_EDGE('',*,*,#2265,.T.);
#2265 = EDGE_CURVE('',#2258,#2266,#2268,.T.);
#2266 = VERTEX_POINT('',#2267);
#2267 = CARTESIAN_POINT('',(9.584101391452,19.802651350725,4.));
#2268 = LINE('',#2269,#2270);
#2269 = CARTESIAN_POINT('',(10.121430830085,19.533474804852,4.));
#2270 = VECTOR('',#2271,1.);
#2271 = DIRECTION('',(-0.894086271148,0.447894786468,0.));
#2272 = ORIENTED_EDGE('',*,*,#2273,.T.);
#2273 = EDGE_CURVE('',#2266,#2274,#2276,.T.);
#2274 = VERTEX_POINT('',#2275);
#2275 = CARTESIAN_POINT('',(10.01060582223,21.812559938529,4.));
#2276 = LINE('',#2277,#2278);
#2277 = CARTESIAN_POINT('',(9.584101391452,19.802651350725,4.));
#2278 = VECTOR('',#2279,1.);
#2279 = DIRECTION('',(0.207578812525,0.978218297003,0.));
#2280 = ORIENTED_EDGE('',*,*,#2281,.T.);
#2281 = EDGE_CURVE('',#2274,#2282,#2284,.T.);
#2282 = VERTEX_POINT('',#2283);
#2283 = CARTESIAN_POINT('',(9.108632806563,22.204342106786,4.));
#2284 = LINE('',#2285,#2286);
#2285 = CARTESIAN_POINT('',(10.01060582223,21.812559938529,4.));
#2286 = VECTOR('',#2287,1.);
#2287 = DIRECTION('',(-0.917211301505,0.398401089846,0.));
#2288 = ORIENTED_EDGE('',*,*,#2289,.T.);
#2289 = EDGE_CURVE('',#2282,#2290,#2292,.T.);
#2290 = VERTEX_POINT('',#2291);
#2291 = CARTESIAN_POINT('',(7.930831265509,20.520767905661,4.));
#2292 = LINE('',#2293,#2294);
#2293 = CARTESIAN_POINT('',(9.108632806563,22.204342106786,4.));
#2294 = VECTOR('',#2295,1.);
#2295 = DIRECTION('',(-0.57323354141,-0.819392034989,0.));
#2296 = ORIENTED_EDGE('',*,*,#2297,.T.);
#2297 = EDGE_CURVE('',#2290,#2298,#2300,.T.);
#2298 = VERTEX_POINT('',#2299);
#2299 = CARTESIAN_POINT('',(7.367351467762,20.729740286614,4.));
#2300 = LINE('',#2301,#2302);
#2301 = CARTESIAN_POINT('',(7.930831265509,20.520767905661,4.));
#2302 = VECTOR('',#2303,1.);
#2303 = DIRECTION('',(-0.937599012844,0.347718407787,0.));
#2304 = ORIENTED_EDGE('',*,*,#2305,.T.);
#2305 = EDGE_CURVE('',#2298,#2306,#2308,.T.);
#2306 = VERTEX_POINT('',#2307);
#2307 = CARTESIAN_POINT('',(6.798373876249,20.923243358493,4.));
#2308 = LINE('',#2309,#2310);
#2309 = CARTESIAN_POINT('',(7.367351467762,20.729740286614,4.));
#2310 = VECTOR('',#2311,1.);
#2311 = DIRECTION('',(-0.946747035591,0.321978338712,0.));
#2312 = ORIENTED_EDGE('',*,*,#2313,.T.);
#2313 = EDGE_CURVE('',#2306,#2314,#2316,.T.);
#2314 = VERTEX_POINT('',#2315);
#2315 = CARTESIAN_POINT('',(6.947223304352,22.972507228413,4.));
#2316 = LINE('',#2317,#2318);
#2317 = CARTESIAN_POINT('',(6.798373876249,20.923243358493,4.));
#2318 = VECTOR('',#2319,1.);
#2319 = DIRECTION('',(7.244470467591E-02,0.997372430321,0.));
#2320 = ORIENTED_EDGE('',*,*,#2321,.T.);
#2321 = EDGE_CURVE('',#2314,#2322,#2324,.T.);
#2322 = VERTEX_POINT('',#2323);
#2323 = CARTESIAN_POINT('',(6.000303649,23.237821673294,4.));
#2324 = LINE('',#2325,#2326);
#2325 = CARTESIAN_POINT('',(6.947223304352,22.972507228413,4.));
#2326 = VECTOR('',#2327,1.);
#2327 = DIRECTION('',(-0.962917287348,0.269796771157,0.));
#2328 = ORIENTED_EDGE('',*,*,#2329,.T.);
#2329 = EDGE_CURVE('',#2322,#2330,#2332,.T.);
#2330 = VERTEX_POINT('',#2331);
#2331 = CARTESIAN_POINT('',(5.06271887253,21.409551083984,4.));
#2332 = LINE('',#2333,#2334);
#2333 = CARTESIAN_POINT('',(6.000303649,23.237821673294,4.));
#2334 = VECTOR('',#2335,1.);
#2335 = DIRECTION('',(-0.456320545571,-0.889815463841,0.));
#2336 = ORIENTED_EDGE('',*,*,#2337,.T.);
#2337 = EDGE_CURVE('',#2330,#2338,#2340,.T.);
#2338 = VERTEX_POINT('',#2339);
#2339 = CARTESIAN_POINT('',(4.476032287158,21.539849929011,4.));
#2340 = LINE('',#2341,#2342);
#2341 = CARTESIAN_POINT('',(5.06271887253,21.409551083984,4.));
#2342 = VECTOR('',#2343,1.);
#2343 = DIRECTION('',(-0.97621381546,0.216810023998,0.));
#2344 = ORIENTED_EDGE('',*,*,#2345,.T.);
#2345 = EDGE_CURVE('',#2338,#2346,#2348,.T.);
#2346 = VERTEX_POINT('',#2347);
#2347 = CARTESIAN_POINT('',(3.886005518749,21.65407493079,4.));
#2348 = LINE('',#2349,#2350);
#2349 = CARTESIAN_POINT('',(4.476032287158,21.539849929011,4.));
#2350 = VECTOR('',#2351,1.);
#2351 = DIRECTION('',(-0.981771694076,0.190064043712,0.));
#2352 = ORIENTED_EDGE('',*,*,#2353,.T.);
#2353 = EDGE_CURVE('',#2346,#2354,#2356,.T.);
#2354 = VERTEX_POINT('',#2355);
#2355 = CARTESIAN_POINT('',(3.754427160966,23.704520174283,4.));
#2356 = LINE('',#2357,#2358);
#2357 = CARTESIAN_POINT('',(3.886005518749,21.65407493079,4.));
#2358 = VECTOR('',#2359,1.);
#2359 = DIRECTION('',(-6.403891095061E-02,0.997947402364,0.));
#2360 = ORIENTED_EDGE('',*,*,#2361,.T.);
#2361 = EDGE_CURVE('',#2354,#2362,#2364,.T.);
#2362 = VERTEX_POINT('',#2363);
#2363 = CARTESIAN_POINT('',(2.780200187466,23.838424589675,4.));
#2364 = LINE('',#2365,#2366);
#2365 = CARTESIAN_POINT('',(3.754427160966,23.704520174283,4.));
#2366 = VECTOR('',#2367,1.);
#2367 = DIRECTION('',(-0.990685946036,0.136166649096,0.));
#2368 = ORIENTED_EDGE('',*,*,#2369,.T.);
#2369 = EDGE_CURVE('',#2362,#2370,#2372,.T.);
#2370 = VERTEX_POINT('',#2371);
#2371 = CARTESIAN_POINT('',(2.100297605987,21.899514834039,4.));
#2372 = LINE('',#2373,#2374);
#2373 = CARTESIAN_POINT('',(2.780200187466,23.838424589675,4.));
#2374 = VECTOR('',#2375,1.);
#2375 = DIRECTION('',(-0.33090716136,-0.943663314197,0.));
#2376 = ORIENTED_EDGE('',*,*,#2377,.T.);
#2377 = EDGE_CURVE('',#2370,#2378,#2380,.T.);
#2378 = VERTEX_POINT('',#2379);
#2379 = CARTESIAN_POINT('',(1.501333094023,21.948712922192,4.));
#2380 = LINE('',#2381,#2382);
#2381 = CARTESIAN_POINT('',(2.100297605987,21.899514834039,4.));
#2382 = VECTOR('',#2383,1.);
#2383 = DIRECTION('',(-0.996643601761,8.186287968182E-02,0.));
#2384 = ORIENTED_EDGE('',*,*,#2385,.T.);
#2385 = EDGE_CURVE('',#2378,#2386,#2388,.T.);
#2386 = VERTEX_POINT('',#2387);
#2387 = CARTESIAN_POINT('',(0.90124823104,21.981532058209,4.));
#2388 = LINE('',#2389,#2390);
#2389 = CARTESIAN_POINT('',(1.501333094023,21.948712922192,4.));
#2390 = VECTOR('',#2391,1.);
#2391 = DIRECTION('',(-0.998507803483,5.46092151921E-02,0.));
#2392 = ORIENTED_EDGE('',*,*,#2393,.T.);
#2393 = EDGE_CURVE('',#2386,#2394,#2396,.T.);
#2394 = VERTEX_POINT('',#2395);
#2395 = CARTESIAN_POINT('',(0.491693143219,23.994962759982,4.));
#2396 = LINE('',#2397,#2398);
#2397 = CARTESIAN_POINT('',(0.90124823104,21.981532058209,4.));
#2398 = VECTOR('',#2399,1.);
#2399 = DIRECTION('',(-0.199329602832,0.979932502489,0.));
#2400 = ORIENTED_EDGE('',*,*,#2401,.T.);
#2401 = EDGE_CURVE('',#2394,#2402,#2404,.T.);
#2402 = VERTEX_POINT('',#2403);
#2403 = CARTESIAN_POINT('',(-0.491693143219,23.994962759982,4.));
#2404 = LINE('',#2405,#2406);
#2405 = CARTESIAN_POINT('',(0.491693143219,23.994962759982,4.));
#2406 = VECTOR('',#2407,1.);
#2407 = DIRECTION('',(-1.,0.,0.));
#2408 = ORIENTED_EDGE('',*,*,#2409,.T.);
#2409 = EDGE_CURVE('',#2402,#2410,#2412,.T.);
#2410 = VERTEX_POINT('',#2411);
#2411 = CARTESIAN_POINT('',(-0.90124823104,21.981532058209,4.));
#2412 = LINE('',#2413,#2414);
#2413 = CARTESIAN_POINT('',(-0.491693143219,23.994962759982,4.));
#2414 = VECTOR('',#2415,1.);
#2415 = DIRECTION('',(-0.199329602832,-0.979932502489,0.));
#2416 = ORIENTED_EDGE('',*,*,#2417,.T.);
#2417 = EDGE_CURVE('',#2410,#2418,#2420,.T.);
#2418 = VERTEX_POINT('',#2419);
#2419 = CARTESIAN_POINT('',(-1.501333094023,21.948712922192,4.));
#2420 = LINE('',#2421,#2422);
#2421 = CARTESIAN_POINT('',(-0.90124823104,21.981532058209,4.));
#2422 = VECTOR('',#2423,1.);
#2423 = DIRECTION('',(-0.998507803483,-5.460921519211E-02,0.));
#2424 = ORIENTED_EDGE('',*,*,#2425,.T.);
#2425 = EDGE_CURVE('',#2418,#2426,#2428,.T.);
#2426 = VERTEX_POINT('',#2427);
#2427 = CARTESIAN_POINT('',(-2.100297605987,21.899514834039,4.));
#2428 = LINE('',#2429,#2430);
#2429 = CARTESIAN_POINT('',(-1.501333094023,21.948712922192,4.));
#2430 = VECTOR('',#2431,1.);
#2431 = DIRECTION('',(-0.996643601761,-8.186287968182E-02,0.));
#2432 = ORIENTED_EDGE('',*,*,#2433,.T.);
#2433 = EDGE_CURVE('',#2426,#2434,#2436,.T.);
#2434 = VERTEX_POINT('',#2435);
#2435 = CARTESIAN_POINT('',(-2.780200187466,23.838424589675,4.));
#2436 = LINE('',#2437,#2438);
#2437 = CARTESIAN_POINT('',(-2.100297605987,21.899514834039,4.));
#2438 = VECTOR('',#2439,1.);
#2439 = DIRECTION('',(-0.33090716136,0.943663314197,0.));
#2440 = ORIENTED_EDGE('',*,*,#2441,.T.);
#2441 = EDGE_CURVE('',#2434,#2442,#2444,.T.);
#2442 = VERTEX_POINT('',#2443);
#2443 = CARTESIAN_POINT('',(-3.754427160966,23.704520174283,4.));
#2444 = LINE('',#2445,#2446);
#2445 = CARTESIAN_POINT('',(-2.780200187466,23.838424589675,4.));
#2446 = VECTOR('',#2447,1.);
#2447 = DIRECTION('',(-0.990685946036,-0.136166649096,0.));
#2448 = ORIENTED_EDGE('',*,*,#2449,.T.);
#2449 = EDGE_CURVE('',#2442,#2450,#2452,.T.);
#2450 = VERTEX_POINT('',#2451);
#2451 = CARTESIAN_POINT('',(-3.886005518749,21.65407493079,4.));
#2452 = LINE('',#2453,#2454);
#2453 = CARTESIAN_POINT('',(-3.754427160966,23.704520174283,4.));
#2454 = VECTOR('',#2455,1.);
#2455 = DIRECTION('',(-6.403891095061E-02,-0.997947402364,0.));
#2456 = ORIENTED_EDGE('',*,*,#2457,.T.);
#2457 = EDGE_CURVE('',#2450,#2458,#2460,.T.);
#2458 = VERTEX_POINT('',#2459);
#2459 = CARTESIAN_POINT('',(-4.476032287158,21.539849929011,4.));
#2460 = LINE('',#2461,#2462);
#2461 = CARTESIAN_POINT('',(-3.886005518749,21.65407493079,4.));
#2462 = VECTOR('',#2463,1.);
#2463 = DIRECTION('',(-0.981771694076,-0.190064043712,0.));
#2464 = ORIENTED_EDGE('',*,*,#2465,.T.);
#2465 = EDGE_CURVE('',#2458,#2466,#2468,.T.);
#2466 = VERTEX_POINT('',#2467);
#2467 = CARTESIAN_POINT('',(-5.06271887253,21.409551083984,4.));
#2468 = LINE('',#2469,#2470);
#2469 = CARTESIAN_POINT('',(-4.476032287158,21.539849929011,4.));
#2470 = VECTOR('',#2471,1.);
#2471 = DIRECTION('',(-0.97621381546,-0.216810023998,0.));
#2472 = ORIENTED_EDGE('',*,*,#2473,.T.);
#2473 = EDGE_CURVE('',#2466,#2474,#2476,.T.);
#2474 = VERTEX_POINT('',#2475);
#2475 = CARTESIAN_POINT('',(-6.000303649,23.237821673294,4.));
#2476 = LINE('',#2477,#2478);
#2477 = CARTESIAN_POINT('',(-5.06271887253,21.409551083984,4.));
#2478 = VECTOR('',#2479,1.);
#2479 = DIRECTION('',(-0.456320545571,0.889815463841,0.));
#2480 = ORIENTED_EDGE('',*,*,#2481,.T.);
#2481 = EDGE_CURVE('',#2474,#2482,#2484,.T.);
#2482 = VERTEX_POINT('',#2483);
#2483 = CARTESIAN_POINT('',(-6.947223304352,22.972507228413,4.));
#2484 = LINE('',#2485,#2486);
#2485 = CARTESIAN_POINT('',(-6.000303649,23.237821673294,4.));
#2486 = VECTOR('',#2487,1.);
#2487 = DIRECTION('',(-0.962917287348,-0.269796771157,0.));
#2488 = ORIENTED_EDGE('',*,*,#2489,.T.);
#2489 = EDGE_CURVE('',#2482,#2490,#2492,.T.);
#2490 = VERTEX_POINT('',#2491);
#2491 = CARTESIAN_POINT('',(-6.798373876249,20.923243358493,4.));
#2492 = LINE('',#2493,#2494);
#2493 = CARTESIAN_POINT('',(-6.947223304352,22.972507228413,4.));
#2494 = VECTOR('',#2495,1.);
#2495 = DIRECTION('',(7.244470467591E-02,-0.997372430321,0.));
#2496 = ORIENTED_EDGE('',*,*,#2497,.T.);
#2497 = EDGE_CURVE('',#2490,#2498,#2500,.T.);
#2498 = VERTEX_POINT('',#2499);
#2499 = CARTESIAN_POINT('',(-7.367351467762,20.729740286614,4.));
#2500 = LINE('',#2501,#2502);
#2501 = CARTESIAN_POINT('',(-6.798373876249,20.923243358493,4.));
#2502 = VECTOR('',#2503,1.);
#2503 = DIRECTION('',(-0.946747035591,-0.321978338712,0.));
#2504 = ORIENTED_EDGE('',*,*,#2505,.T.);
#2505 = EDGE_CURVE('',#2498,#2506,#2508,.T.);
#2506 = VERTEX_POINT('',#2507);
#2507 = CARTESIAN_POINT('',(-7.930831265509,20.520767905661,4.));
#2508 = LINE('',#2509,#2510);
#2509 = CARTESIAN_POINT('',(-7.367351467762,20.729740286614,4.));
#2510 = VECTOR('',#2511,1.);
#2511 = DIRECTION('',(-0.937599012844,-0.347718407787,0.));
#2512 = ORIENTED_EDGE('',*,*,#2513,.T.);
#2513 = EDGE_CURVE('',#2506,#2514,#2516,.T.);
#2514 = VERTEX_POINT('',#2515);
#2515 = CARTESIAN_POINT('',(-9.108632806563,22.204342106786,4.));
#2516 = LINE('',#2517,#2518);
#2517 = CARTESIAN_POINT('',(-7.930831265509,20.520767905661,4.));
#2518 = VECTOR('',#2519,1.);
#2519 = DIRECTION('',(-0.57323354141,0.819392034989,0.));
#2520 = ORIENTED_EDGE('',*,*,#2521,.T.);
#2521 = EDGE_CURVE('',#2514,#2522,#2524,.T.);
#2522 = VERTEX_POINT('',#2523);
#2523 = CARTESIAN_POINT('',(-10.01060582223,21.812559938529,4.));
#2524 = LINE('',#2525,#2526);
#2525 = CARTESIAN_POINT('',(-9.108632806563,22.204342106786,4.));
#2526 = VECTOR('',#2527,1.);
#2527 = DIRECTION('',(-0.917211301505,-0.398401089846,0.));
#2528 = ORIENTED_EDGE('',*,*,#2529,.T.);
#2529 = EDGE_CURVE('',#2522,#2530,#2532,.T.);
#2530 = VERTEX_POINT('',#2531);
#2531 = CARTESIAN_POINT('',(-9.584101391452,19.802651350725,4.));
#2532 = LINE('',#2533,#2534);
#2533 = CARTESIAN_POINT('',(-10.01060582223,21.812559938529,4.));
#2534 = VECTOR('',#2535,1.);
#2535 = DIRECTION('',(0.207578812525,-0.978218297003,0.));
#2536 = ORIENTED_EDGE('',*,*,#2537,.T.);
#2537 = EDGE_CURVE('',#2530,#2538,#2540,.T.);
#2538 = VERTEX_POINT('',#2539);
#2539 = CARTESIAN_POINT('',(-10.12143083008,19.533474804852,4.));
#2540 = LINE('',#2541,#2542);
#2541 = CARTESIAN_POINT('',(-9.584101391452,19.802651350725,4.));
#2542 = VECTOR('',#2543,1.);
#2543 = DIRECTION('',(-0.894086271148,-0.447894786468,0.));
#2544 = ORIENTED_EDGE('',*,*,#2545,.T.);
#2545 = EDGE_CURVE('',#2538,#2546,#2548,.T.);
#2546 = VERTEX_POINT('',#2547);
#2547 = CARTESIAN_POINT('',(-10.65120727772,19.24972164804,4.));
#2548 = LINE('',#2549,#2550);
#2549 = CARTESIAN_POINT('',(-10.12143083008,19.533474804852,4.));
#2550 = VECTOR('',#2551,1.);
#2551 = DIRECTION('',(-0.881518514625,-0.472149455548,0.));
#2552 = ORIENTED_EDGE('',*,*,#2553,.T.);
#2553 = EDGE_CURVE('',#2546,#2554,#2556,.T.);
#2554 = VERTEX_POINT('',#2555);
#2555 = CARTESIAN_POINT('',(-12.04728536913,20.757237659058,4.));
#2556 = LINE('',#2557,#2558);
#2557 = CARTESIAN_POINT('',(-10.65120727772,19.24972164804,4.));
#2558 = VECTOR('',#2559,1.);
#2559 = DIRECTION('',(-0.679468280972,0.733704882874,0.));
#2560 = ORIENTED_EDGE('',*,*,#2561,.T.);
#2561 = EDGE_CURVE('',#2554,#2562,#2564,.T.);
#2562 = VERTEX_POINT('',#2563);
#2563 = CARTESIAN_POINT('',(-12.88750969443,20.24628592794,4.));
#2564 = LINE('',#2565,#2566);
#2565 = CARTESIAN_POINT('',(-12.04728536913,20.757237659058,4.));
#2566 = VECTOR('',#2567,1.);
#2567 = DIRECTION('',(-0.854419404546,-0.519583950035,0.));
#2568 = ORIENTED_EDGE('',*,*,#2569,.T.);
#2569 = EDGE_CURVE('',#2562,#2570,#2572,.T.);
#2570 = VERTEX_POINT('',#2571);
#2571 = CARTESIAN_POINT('',(-12.19129523154,18.313173416348,4.));
#2572 = LINE('',#2573,#2574);
#2573 = CARTESIAN_POINT('',(-12.88750969443,20.24628592794,4.));
#2574 = VECTOR('',#2575,1.);
#2575 = DIRECTION('',(0.338846119851,-0.940841807671,0.));
#2576 = ORIENTED_EDGE('',*,*,#2577,.T.);
#2577 = EDGE_CURVE('',#2570,#2578,#2580,.T.);
#2578 = VERTEX_POINT('',#2579);
#2579 = CARTESIAN_POINT('',(-12.68696708652,17.97333764623,4.));
#2580 = LINE('',#2581,#2582);
#2581 = CARTESIAN_POINT('',(-12.19129523154,18.313173416348,4.));
#2582 = VECTOR('',#2583,1.);
#2583 = DIRECTION('',(-0.824770371149,-0.565467801802,0.));
#2584 = ORIENTED_EDGE('',*,*,#2585,.T.);
#2585 = EDGE_CURVE('',#2578,#2586,#2588,.T.);
#2586 = VERTEX_POINT('',#2587);
#2587 = CARTESIAN_POINT('',(-13.1731714512,17.620089497988,4.));
#2588 = LINE('',#2589,#2590);
#2589 = CARTESIAN_POINT('',(-12.68696708652,17.97333764623,4.));
#2590 = VECTOR('',#2591,1.);
#2591 = DIRECTION('',(-0.809016994375,-0.587785252292,0.));
#2592 = ORIENTED_EDGE('',*,*,#2593,.T.);
#2593 = EDGE_CURVE('',#2586,#2594,#2596,.T.);
#2594 = VERTEX_POINT('',#2595);
#2595 = CARTESIAN_POINT('',(-14.76151979962,18.923465147943,4.));
#2596 = LINE('',#2597,#2598);
#2597 = CARTESIAN_POINT('',(-13.1731714512,17.620089497988,4.));
#2598 = VECTOR('',#2599,1.);
#2599 = DIRECTION('',(-0.773045812063,0.634350197014,0.));
#2600 = ORIENTED_EDGE('',*,*,#2601,.T.);
#2601 = EDGE_CURVE('',#2594,#2602,#2604,.T.);
#2602 = VERTEX_POINT('',#2603);
#2603 = CARTESIAN_POINT('',(-15.52434364513,18.302861917957,4.));
#2604 = LINE('',#2605,#2606);
#2605 = CARTESIAN_POINT('',(-14.76151979962,18.923465147943,4.));
#2606 = VECTOR('',#2607,1.);
#2607 = DIRECTION('',(-0.775711290704,-0.631087944326,0.));
#2608 = ORIENTED_EDGE('',*,*,#2609,.T.);
#2609 = EDGE_CURVE('',#2602,#2610,#2612,.T.);
#2610 = VERTEX_POINT('',#2611);
#2611 = CARTESIAN_POINT('',(-14.57138830829,16.482555711079,4.));
#2612 = LINE('',#2613,#2614);
#2613 = CARTESIAN_POINT('',(-15.52434364513,18.302861917957,4.));
#2614 = VECTOR('',#2615,1.);
#2615 = DIRECTION('',(0.463801365085,-0.885939215604,0.));
#2616 = ORIENTED_EDGE('',*,*,#2617,.T.);
#2617 = EDGE_CURVE('',#2610,#2618,#2620,.T.);
#2618 = VERTEX_POINT('',#2619);
#2619 = CARTESIAN_POINT('',(-15.01616915081,16.078391214119,4.));
#2620 = LINE('',#2621,#2622);
#2621 = CARTESIAN_POINT('',(-14.57138830829,16.482555711079,4.));
#2622 = VECTOR('',#2623,1.);
#2623 = DIRECTION('',(-0.740090559661,-0.672507221895,0.));
#2624 = ORIENTED_EDGE('',*,*,#2625,.T.);
#2625 = EDGE_CURVE('',#2618,#2626,#2628,.T.);
#2626 = VERTEX_POINT('',#2627);
#2627 = CARTESIAN_POINT('',(-15.44974436515,15.662228419078,4.));
#2628 = LINE('',#2629,#2630);
#2629 = CARTESIAN_POINT('',(-15.01616915081,16.078391214119,4.));
#2630 = VECTOR('',#2631,1.);
#2631 = DIRECTION('',(-0.721445018239,-0.69247172192,0.));
#2632 = ORIENTED_EDGE('',*,*,#2633,.T.);
#2633 = EDGE_CURVE('',#2626,#2634,#2636,.T.);
#2634 = VERTEX_POINT('',#2635);
#2635 = CARTESIAN_POINT('',(-17.2007750461,16.737184285694,4.));
#2636 = LINE('',#2637,#2638);
#2637 = CARTESIAN_POINT('',(-15.44974436515,15.662228419078,4.));
#2638 = VECTOR('',#2639,1.);
#2639 = DIRECTION('',(-0.852222962334,0.523178767221,0.));
#2640 = ORIENTED_EDGE('',*,*,#2641,.T.);
#2641 = EDGE_CURVE('',#2634,#2642,#2644,.T.);
#2642 = VERTEX_POINT('',#2643);
#2643 = CARTESIAN_POINT('',(-17.87198844691,16.018490220787,4.));
#2644 = LINE('',#2645,#2646);
#2645 = CARTESIAN_POINT('',(-17.2007750461,16.737184285694,4.));
#2646 = VECTOR('',#2647,1.);
#2647 = DIRECTION('',(-0.682553143219,-0.730835964278,0.));
#2648 = ORIENTED_EDGE('',*,*,#2649,.T.);
#2649 = EDGE_CURVE('',#2642,#2650,#2652,.T.);
#2650 = VERTEX_POINT('',#2651);
#2651 = CARTESIAN_POINT('',(-16.68004399098,14.344899179106,4.));
#2652 = LINE('',#2653,#2654);
#2653 = CARTESIAN_POINT('',(-17.87198844691,16.018490220787,4.));
#2654 = VECTOR('',#2655,1.);
#2655 = DIRECTION('',(0.580116868434,-0.814533252211,0.));
#2656 = ORIENTED_EDGE('',*,*,#2657,.T.);
#2657 = EDGE_CURVE('',#2650,#2658,#2660,.T.);
#2658 = VERTEX_POINT('',#2659);
#2659 = CARTESIAN_POINT('',(-17.06564839549,13.883934775173,4.));
#2660 = LINE('',#2661,#2662);
#2661 = CARTESIAN_POINT('',(-16.68004399098,14.344899179106,4.));
#2662 = VECTOR('',#2663,1.);
#2663 = DIRECTION('',(-0.641624261352,-0.767019104876,0.));
#2664 = ORIENTED_EDGE('',*,*,#2665,.T.);
#2665 = EDGE_CURVE('',#2658,#2666,#2668,.T.);
#2666 = VERTEX_POINT('',#2667);
#2667 = CARTESIAN_POINT('',(-17.43851777361,13.412609658794,4.));
#2668 = LINE('',#2669,#2670);
#2669 = CARTESIAN_POINT('',(-17.06564839549,13.883934775173,4.));
#2670 = VECTOR('',#2671,1.);
#2671 = DIRECTION('',(-0.62043388644,-0.784258753574,0.));
#2672 = ORIENTED_EDGE('',*,*,#2673,.T.);
#2673 = EDGE_CURVE('',#2666,#2674,#2676,.T.);
#2674 = VERTEX_POINT('',#2675);
#2675 = CARTESIAN_POINT('',(-19.31961239859,14.23912134817,4.));
#2676 = LINE('',#2677,#2678);
#2677 = CARTESIAN_POINT('',(-17.43851777361,13.412609658794,4.));
#2678 = VECTOR('',#2679,1.);
#2679 = DIRECTION('',(-0.915524811284,0.402261506886,0.));
#2680 = ORIENTED_EDGE('',*,*,#2681,.T.);
#2681 = EDGE_CURVE('',#2674,#2682,#2684,.T.);
#2682 = VERTEX_POINT('',#2683);
#2683 = CARTESIAN_POINT('',(-19.88671191902,13.435724358951,4.));
#2684 = LINE('',#2685,#2686);
#2685 = CARTESIAN_POINT('',(-19.31961239859,14.23912134817,4.));
#2686 = VECTOR('',#2687,1.);
#2687 = DIRECTION('',(-0.576680322115,-0.81696989301,0.));
#2688 = ORIENTED_EDGE('',*,*,#2689,.T.);
#2689 = EDGE_CURVE('',#2682,#2690,#2692,.T.);
#2690 = VERTEX_POINT('',#2691);
#2691 = CARTESIAN_POINT('',(-18.47798201398,11.940024317018,4.));
#2692 = LINE('',#2693,#2694);
#2693 = CARTESIAN_POINT('',(-19.88671191902,13.435724358951,4.));
#2694 = VECTOR('',#2695,1.);
#2695 = DIRECTION('',(0.685625892148,-0.727954075486,0.));
#2696 = ORIENTED_EDGE('',*,*,#2697,.T.);
#2697 = EDGE_CURVE('',#2690,#2698,#2700,.T.);
#2698 = VERTEX_POINT('',#2699);
#2699 = CARTESIAN_POINT('',(-18.79722690002,11.43084690078,4.));
#2700 = LINE('',#2701,#2702);
#2701 = CARTESIAN_POINT('',(-18.47798201398,11.940024317018,4.));
#2702 = VECTOR('',#2703,1.);
#2703 = DIRECTION('',(-0.531205717054,-0.847242873189,0.));
#2704 = ORIENTED_EDGE('',*,*,#2705,.T.);
#2705 = EDGE_CURVE('',#2698,#2706,#2708,.T.);
#2706 = VERTEX_POINT('',#2707);
#2707 = CARTESIAN_POINT('',(-19.1024445909,10.9131393582,4.));
#2708 = LINE('',#2709,#2710);
#2709 = CARTESIAN_POINT('',(-18.79722690002,11.43084690078,4.));
#2710 = VECTOR('',#2711,1.);
#2711 = DIRECTION('',(-0.507865245242,-0.861436528524,0.));
#2712 = ORIENTED_EDGE('',*,*,#2713,.T.);
#2713 = EDGE_CURVE('',#2706,#2714,#2716,.T.);
#2714 = VERTEX_POINT('',#2715);
#2715 = CARTESIAN_POINT('',(-21.07856192621,11.475810521383,4.));
#2716 = LINE('',#2717,#2718);
#2717 = CARTESIAN_POINT('',(-19.1024445909,10.9131393582,4.));
#2718 = VECTOR('',#2719,1.);
#2719 = DIRECTION('',(-0.96177216524,0.273850875787,0.));
#2720 = ORIENTED_EDGE('',*,*,#2721,.T.);
#2721 = EDGE_CURVE('',#2714,#2722,#2724,.T.);
#2722 = VERTEX_POINT('',#2723);
#2723 = CARTESIAN_POINT('',(-21.53098357519,10.602676373675,4.));
#2724 = LINE('',#2725,#2726);
#2725 = CARTESIAN_POINT('',(-21.07856192621,11.475810521383,4.));
#2726 = VECTOR('',#2727,1.);
#2727 = DIRECTION('',(-0.460065037731,-0.887885218402,0.));
#2728 = ORIENTED_EDGE('',*,*,#2729,.T.);
#2729 = EDGE_CURVE('',#2722,#2730,#2732,.T.);
#2730 = VERTEX_POINT('',#2731);
#2731 = CARTESIAN_POINT('',(-19.93171019374,9.312729393297,4.));
#2732 = LINE('',#2733,#2734);
#2733 = CARTESIAN_POINT('',(-21.53098357519,10.602676373675,4.));
#2734 = VECTOR('',#2735,1.);
#2735 = DIRECTION('',(0.778363002744,-0.627814491677,0.));
#2736 = ORIENTED_EDGE('',*,*,#2737,.T.);
#2737 = EDGE_CURVE('',#2730,#2738,#2740,.T.);
#2738 = VERTEX_POINT('',#2739);
#2739 = CARTESIAN_POINT('',(-20.17864863312,8.764823976617,4.));
#2740 = LINE('',#2741,#2742);
#2741 = CARTESIAN_POINT('',(-19.93171019374,9.312729393297,4.));
#2742 = VECTOR('',#2743,1.);
#2743 = DIRECTION('',(-0.410891815327,-0.91168410982,0.));
#2744 = ORIENTED_EDGE('',*,*,#2745,.T.);
#2745 = EDGE_CURVE('',#2738,#2746,#2748,.T.);
#2746 = VERTEX_POINT('',#2747);
#2747 = CARTESIAN_POINT('',(-20.41052900867,8.210377919814,4.));
#2748 = LINE('',#2749,#2750);
#2749 = CARTESIAN_POINT('',(-20.17864863312,8.764823976617,4.));
#2750 = VECTOR('',#2751,1.);
#2751 = DIRECTION('',(-0.385836035443,-0.922567370848,0.));
#2752 = ORIENTED_EDGE('',*,*,#2753,.T.);
#2753 = EDGE_CURVE('',#2746,#2754,#2756,.T.);
#2754 = VERTEX_POINT('',#2755);
#2755 = CARTESIAN_POINT('',(-22.44485772731,8.498727057649,4.));
#2756 = LINE('',#2757,#2758);
#2757 = CARTESIAN_POINT('',(-20.41052900867,8.210377919814,4.));
#2758 = VECTOR('',#2759,1.);
#2759 = DIRECTION('',(-0.9901035235,0.140338921017,0.));
#2760 = ORIENTED_EDGE('',*,*,#2761,.T.);
#2761 = EDGE_CURVE('',#2754,#2762,#2764,.T.);
#2762 = VERTEX_POINT('',#2763);
#2763 = CARTESIAN_POINT('',(-22.77417374553,7.572120588591,4.));
#2764 = LINE('',#2765,#2766);
#2765 = CARTESIAN_POINT('',(-22.44485772731,8.498727057649,4.));
#2766 = VECTOR('',#2767,1.);
#2767 = DIRECTION('',(-0.334879612171,-0.942260922119,0.));
#2768 = ORIENTED_EDGE('',*,*,#2769,.T.);
#2769 = EDGE_CURVE('',#2762,#2770,#2772,.T.);
#2770 = VERTEX_POINT('',#2771);
#2771 = CARTESIAN_POINT('',(-21.01414832483,6.51195594134,4.));
#2772 = LINE('',#2773,#2774);
#2773 = CARTESIAN_POINT('',(-22.77417374553,7.572120588591,4.));
#2774 = VECTOR('',#2775,1.);
#2775 = DIRECTION('',(0.856600683319,-0.515979911758,0.));
#2776 = ORIENTED_EDGE('',*,*,#2777,.T.);
#2777 = EDGE_CURVE('',#2770,#2778,#2780,.T.);
#2778 = VERTEX_POINT('',#2779);
#2779 = CARTESIAN_POINT('',(-21.18418032165,5.935528965455,4.));
#2780 = LINE('',#2781,#2782);
#2781 = CARTESIAN_POINT('',(-21.01414832483,6.51195594134,4.));
#2782 = VECTOR('',#2783,1.);
#2783 = DIRECTION('',(-0.282923776517,-0.959142396457,0.));
#2784 = ORIENTED_EDGE('',*,*,#2785,.T.);
#2785 = EDGE_CURVE('',#2778,#2786,#2788,.T.);
#2786 = VERTEX_POINT('',#2787);
#2787 = CARTESIAN_POINT('',(-21.33840388921,5.354672675414,4.));
#2788 = LINE('',#2789,#2790);
#2789 = CARTESIAN_POINT('',(-21.18418032165,5.935528965455,4.));
#2790 = VECTOR('',#2791,1.);
#2791 = DIRECTION('',(-0.256619430334,-0.966512528618,0.));
#2792 = ORIENTED_EDGE('',*,*,#2793,.T.);
#2793 = EDGE_CURVE('',#2786,#2794,#2796,.T.);
#2794 = VERTEX_POINT('',#2795);
#2795 = CARTESIAN_POINT('',(-23.39304829626,5.363328389041,4.));
#2796 = LINE('',#2797,#2798);
#2797 = CARTESIAN_POINT('',(-21.33840388921,5.354672675414,4.));
#2798 = VECTOR('',#2799,1.);
#2799 = DIRECTION('',(-0.999991126466,4.212717679893E-03,0.));
#2800 = ORIENTED_EDGE('',*,*,#2801,.T.);
#2801 = EDGE_CURVE('',#2794,#2802,#2804,.T.);
#2802 = VERTEX_POINT('',#2803);
#2803 = CARTESIAN_POINT('',(-23.59312414939,4.400510523944,4.));
#2804 = LINE('',#2805,#2806);
#2805 = CARTESIAN_POINT('',(-23.39304829626,5.363328389041,4.));
#2806 = VECTOR('',#2807,1.);
#2807 = DIRECTION('',(-0.203456013053,-0.979084087682,0.));
#2808 = ORIENTED_EDGE('',*,*,#2809,.T.);
#2809 = EDGE_CURVE('',#2802,#2810,#2812,.T.);
#2810 = VERTEX_POINT('',#2811);
#2811 = CARTESIAN_POINT('',(-21.70513263292,3.589877071289,4.));
#2812 = LINE('',#2813,#2814);
#2813 = CARTESIAN_POINT('',(-23.59312414939,4.400510523944,4.));
#2814 = VECTOR('',#2815,1.);
#2815 = DIRECTION('',(0.918881513914,-0.394533602354,0.));
#2816 = ORIENTED_EDGE('',*,*,#2817,.T.);
#2817 = EDGE_CURVE('',#2810,#2818,#2820,.T.);
#2818 = VERTEX_POINT('',#2819);
#2819 = CARTESIAN_POINT('',(-21.79509081279,2.995666280117,4.));
#2820 = LINE('',#2821,#2822);
#2821 = CARTESIAN_POINT('',(-21.70513263292,3.589877071289,4.));
#2822 = VECTOR('',#2823,1.);
#2823 = DIRECTION('',(-0.149685403063,-0.988733675016,0.));
#2824 = ORIENTED_EDGE('',*,*,#2825,.T.);
#2825 = EDGE_CURVE('',#2818,#2826,#2828,.T.);
#2826 = VERTEX_POINT('',#2827);
#2827 = CARTESIAN_POINT('',(-21.8687846791,2.399220010501,4.));
#2828 = LINE('',#2829,#2830);
#2829 = CARTESIAN_POINT('',(-21.79509081279,2.995666280117,4.));
#2830 = VECTOR('',#2831,1.);
#2831 = DIRECTION('',(-0.12262249078,-0.992453386691,0.));
#2832 = ORIENTED_EDGE('',*,*,#2833,.T.);
#2833 = EDGE_CURVE('',#2826,#2834,#2836,.T.);
#2834 = VERTEX_POINT('',#2835);
#2835 = CARTESIAN_POINT('',(-23.90547063679,2.128021060351,4.));
#2836 = LINE('',#2837,#2838);
#2837 = CARTESIAN_POINT('',(-21.8687846791,2.399220010501,4.));
#2838 = VECTOR('',#2839,1.);
#2839 = DIRECTION('',(-0.9912507868,-0.131991960617,0.));
#2840 = ORIENTED_EDGE('',*,*,#2841,.T.);
#2841 = EDGE_CURVE('',#2834,#2842,#2844,.T.);
#2842 = VERTEX_POINT('',#2843);
#2843 = CARTESIAN_POINT('',(-23.97257929025,1.146927274322,4.));
#2844 = LINE('',#2845,#2846);
#2845 = CARTESIAN_POINT('',(-23.90547063679,2.128021060351,4.));
#2846 = VECTOR('',#2847,1.);
#2847 = DIRECTION('',(-6.824241336467E-02,-0.997668769191,0.));
#2848 = ORIENTED_EDGE('',*,*,#2849,.T.);
#2849 = EDGE_CURVE('',#2842,#2850,#2852,.T.);
#2850 = VERTEX_POINT('',#2851);
#2851 = CARTESIAN_POINT('',(-21.99179138776,0.600925583709,4.));
#2852 = LINE('',#2853,#2854);
#2853 = CARTESIAN_POINT('',(-23.97257929025,1.146927274322,4.));
#2854 = VECTOR('',#2855,1.);
#2855 = DIRECTION('',(0.964045320496,-0.265737878425,0.));
#2856 = ORIENTED_EDGE('',*,*,#2857,.T.);
#2857 = EDGE_CURVE('',#2850,#2858,#2860,.T.);
#2858 = VERTEX_POINT('',#2859);
#2859 = CARTESIAN_POINT('',(-22.,2.694222958124E-15,4.));
#2860 = LINE('',#2861,#2862);
#2861 = CARTESIAN_POINT('',(-21.99179138776,0.600925583709,4.));
#2862 = VECTOR('',#2863,1.);
#2863 = DIRECTION('',(-1.365867376595E-02,-0.999906715965,0.));
#2864 = ORIENTED_EDGE('',*,*,#2865,.T.);
#2865 = EDGE_CURVE('',#2858,#2866,#2868,.T.);
#2866 = VERTEX_POINT('',#2867);
#2867 = CARTESIAN_POINT('',(-21.99179138776,-0.600925583709,4.));
#2868 = LINE('',#2869,#2870);
#2869 = CARTESIAN_POINT('',(-22.,2.694222958124E-15,4.));
#2870 = VECTOR('',#2871,1.);
#2871 = DIRECTION('',(1.365867376595E-02,-0.999906715965,0.));
#2872 = ORIENTED_EDGE('',*,*,#2873,.T.);
#2873 = EDGE_CURVE('',#2866,#2874,#2876,.T.);
#2874 = VERTEX_POINT('',#2875);
#2875 = CARTESIAN_POINT('',(-23.97257929025,-1.146927274322,4.));
#2876 = LINE('',#2877,#2878);
#2877 = CARTESIAN_POINT('',(-21.99179138776,-0.600925583709,4.));
#2878 = VECTOR('',#2879,1.);
#2879 = DIRECTION('',(-0.964045320496,-0.265737878425,0.));
#2880 = ORIENTED_EDGE('',*,*,#2881,.T.);
#2881 = EDGE_CURVE('',#2874,#2882,#2884,.T.);
#2882 = VERTEX_POINT('',#2883);
#2883 = CARTESIAN_POINT('',(-23.90547063679,-2.128021060351,4.));
#2884 = LINE('',#2885,#2886);
#2885 = CARTESIAN_POINT('',(-23.97257929025,-1.146927274322,4.));
#2886 = VECTOR('',#2887,1.);
#2887 = DIRECTION('',(6.824241336467E-02,-0.997668769191,0.));
#2888 = ORIENTED_EDGE('',*,*,#2889,.T.);
#2889 = EDGE_CURVE('',#2882,#2890,#2892,.T.);
#2890 = VERTEX_POINT('',#2891);
#2891 = CARTESIAN_POINT('',(-21.8687846791,-2.399220010501,4.));
#2892 = LINE('',#2893,#2894);
#2893 = CARTESIAN_POINT('',(-23.90547063679,-2.128021060351,4.));
#2894 = VECTOR('',#2895,1.);
#2895 = DIRECTION('',(0.9912507868,-0.131991960617,0.));
#2896 = ORIENTED_EDGE('',*,*,#2897,.T.);
#2897 = EDGE_CURVE('',#2890,#2898,#2900,.T.);
#2898 = VERTEX_POINT('',#2899);
#2899 = CARTESIAN_POINT('',(-21.79509081279,-2.995666280117,4.));
#2900 = LINE('',#2901,#2902);
#2901 = CARTESIAN_POINT('',(-21.8687846791,-2.399220010501,4.));
#2902 = VECTOR('',#2903,1.);
#2903 = DIRECTION('',(0.12262249078,-0.992453386691,0.));
#2904 = ORIENTED_EDGE('',*,*,#2905,.T.);
#2905 = EDGE_CURVE('',#2898,#2906,#2908,.T.);
#2906 = VERTEX_POINT('',#2907);
#2907 = CARTESIAN_POINT('',(-21.70513263292,-3.589877071289,4.));
#2908 = LINE('',#2909,#2910);
#2909 = CARTESIAN_POINT('',(-21.79509081279,-2.995666280117,4.));
#2910 = VECTOR('',#2911,1.);
#2911 = DIRECTION('',(0.149685403063,-0.988733675016,0.));
#2912 = ORIENTED_EDGE('',*,*,#2913,.T.);
#2913 = EDGE_CURVE('',#2906,#2914,#2916,.T.);
#2914 = VERTEX_POINT('',#2915);
#2915 = CARTESIAN_POINT('',(-23.59312414939,-4.400510523944,4.));
#2916 = LINE('',#2917,#2918);
#2917 = CARTESIAN_POINT('',(-21.70513263292,-3.589877071289,4.));
#2918 = VECTOR('',#2919,1.);
#2919 = DIRECTION('',(-0.918881513914,-0.394533602354,0.));
#2920 = ORIENTED_EDGE('',*,*,#2921,.T.);
#2921 = EDGE_CURVE('',#2914,#2922,#2924,.T.);
#2922 = VERTEX_POINT('',#2923);
#2923 = CARTESIAN_POINT('',(-23.39304829626,-5.363328389041,4.));
#2924 = LINE('',#2925,#2926);
#2925 = CARTESIAN_POINT('',(-23.59312414939,-4.400510523944,4.));
#2926 = VECTOR('',#2927,1.);
#2927 = DIRECTION('',(0.203456013053,-0.979084087682,0.));
#2928 = ORIENTED_EDGE('',*,*,#2929,.T.);
#2929 = EDGE_CURVE('',#2922,#2930,#2932,.T.);
#2930 = VERTEX_POINT('',#2931);
#2931 = CARTESIAN_POINT('',(-21.33840388921,-5.354672675414,4.));
#2932 = LINE('',#2933,#2934);
#2933 = CARTESIAN_POINT('',(-23.39304829626,-5.363328389041,4.));
#2934 = VECTOR('',#2935,1.);
#2935 = DIRECTION('',(0.999991126466,4.212717679897E-03,0.));
#2936 = ORIENTED_EDGE('',*,*,#2937,.T.);
#2937 = EDGE_CURVE('',#2930,#2938,#2940,.T.);
#2938 = VERTEX_POINT('',#2939);
#2939 = CARTESIAN_POINT('',(-21.18418032165,-5.935528965455,4.));
#2940 = LINE('',#2941,#2942);
#2941 = CARTESIAN_POINT('',(-21.33840388921,-5.354672675414,4.));
#2942 = VECTOR('',#2943,1.);
#2943 = DIRECTION('',(0.256619430334,-0.966512528618,0.));
#2944 = ORIENTED_EDGE('',*,*,#2945,.T.);
#2945 = EDGE_CURVE('',#2938,#2946,#2948,.T.);
#2946 = VERTEX_POINT('',#2947);
#2947 = CARTESIAN_POINT('',(-21.01414832483,-6.51195594134,4.));
#2948 = LINE('',#2949,#2950);
#2949 = CARTESIAN_POINT('',(-21.18418032165,-5.935528965455,4.));
#2950 = VECTOR('',#2951,1.);
#2951 = DIRECTION('',(0.282923776517,-0.959142396457,0.));
#2952 = ORIENTED_EDGE('',*,*,#2953,.T.);
#2953 = EDGE_CURVE('',#2946,#2954,#2956,.T.);
#2954 = VERTEX_POINT('',#2955);
#2955 = CARTESIAN_POINT('',(-22.77417374553,-7.572120588591,4.));
#2956 = LINE('',#2957,#2958);
#2957 = CARTESIAN_POINT('',(-21.01414832483,-6.51195594134,4.));
#2958 = VECTOR('',#2959,1.);
#2959 = DIRECTION('',(-0.856600683319,-0.515979911758,0.));
#2960 = ORIENTED_EDGE('',*,*,#2961,.T.);
#2961 = EDGE_CURVE('',#2954,#2962,#2964,.T.);
#2962 = VERTEX_POINT('',#2963);
#2963 = CARTESIAN_POINT('',(-22.44485772731,-8.498727057649,4.));
#2964 = LINE('',#2965,#2966);
#2965 = CARTESIAN_POINT('',(-22.77417374553,-7.572120588591,4.));
#2966 = VECTOR('',#2967,1.);
#2967 = DIRECTION('',(0.334879612171,-0.942260922119,0.));
#2968 = ORIENTED_EDGE('',*,*,#2969,.T.);
#2969 = EDGE_CURVE('',#2962,#2970,#2972,.T.);
#2970 = VERTEX_POINT('',#2971);
#2971 = CARTESIAN_POINT('',(-20.41052900867,-8.210377919814,4.));
#2972 = LINE('',#2973,#2974);
#2973 = CARTESIAN_POINT('',(-22.44485772731,-8.498727057649,4.));
#2974 = VECTOR('',#2975,1.);
#2975 = DIRECTION('',(0.9901035235,0.140338921017,0.));
#2976 = ORIENTED_EDGE('',*,*,#2977,.T.);
#2977 = EDGE_CURVE('',#2970,#2978,#2980,.T.);
#2978 = VERTEX_POINT('',#2979);
#2979 = CARTESIAN_POINT('',(-20.17864863312,-8.764823976617,4.));
#2980 = LINE('',#2981,#2982);
#2981 = CARTESIAN_POINT('',(-20.41052900867,-8.210377919814,4.));
#2982 = VECTOR('',#2983,1.);
#2983 = DIRECTION('',(0.385836035443,-0.922567370848,0.));
#2984 = ORIENTED_EDGE('',*,*,#2985,.T.);
#2985 = EDGE_CURVE('',#2978,#2986,#2988,.T.);
#2986 = VERTEX_POINT('',#2987);
#2987 = CARTESIAN_POINT('',(-19.93171019374,-9.312729393297,4.));
#2988 = LINE('',#2989,#2990);
#2989 = CARTESIAN_POINT('',(-20.17864863312,-8.764823976617,4.));
#2990 = VECTOR('',#2991,1.);
#2991 = DIRECTION('',(0.410891815327,-0.91168410982,0.));
#2992 = ORIENTED_EDGE('',*,*,#2993,.T.);
#2993 = EDGE_CURVE('',#2986,#2994,#2996,.T.);
#2994 = VERTEX_POINT('',#2995);
#2995 = CARTESIAN_POINT('',(-21.53098357519,-10.60267637367,4.));
#2996 = LINE('',#2997,#2998);
#2997 = CARTESIAN_POINT('',(-19.93171019374,-9.312729393297,4.));
#2998 = VECTOR('',#2999,1.);
#2999 = DIRECTION('',(-0.778363002744,-0.627814491677,0.));
#3000 = ORIENTED_EDGE('',*,*,#3001,.T.);
#3001 = EDGE_CURVE('',#2994,#3002,#3004,.T.);
#3002 = VERTEX_POINT('',#3003);
#3003 = CARTESIAN_POINT('',(-21.07856192621,-11.47581052138,4.));
#3004 = LINE('',#3005,#3006);
#3005 = CARTESIAN_POINT('',(-21.53098357519,-10.60267637367,4.));
#3006 = VECTOR('',#3007,1.);
#3007 = DIRECTION('',(0.460065037731,-0.887885218402,0.));
#3008 = ORIENTED_EDGE('',*,*,#3009,.T.);
#3009 = EDGE_CURVE('',#3002,#3010,#3012,.T.);
#3010 = VERTEX_POINT('',#3011);
#3011 = CARTESIAN_POINT('',(-19.1024445909,-10.91313935819,4.));
#3012 = LINE('',#3013,#3014);
#3013 = CARTESIAN_POINT('',(-21.07856192621,-11.47581052138,4.));
#3014 = VECTOR('',#3015,1.);
#3015 = DIRECTION('',(0.96177216524,0.273850875787,0.));
#3016 = ORIENTED_EDGE('',*,*,#3017,.T.);
#3017 = EDGE_CURVE('',#3010,#3018,#3020,.T.);
#3018 = VERTEX_POINT('',#3019);
#3019 = CARTESIAN_POINT('',(-18.79722690002,-11.43084690078,4.));
#3020 = LINE('',#3021,#3022);
#3021 = CARTESIAN_POINT('',(-19.1024445909,-10.91313935819,4.));
#3022 = VECTOR('',#3023,1.);
#3023 = DIRECTION('',(0.507865245242,-0.861436528524,0.));
#3024 = ORIENTED_EDGE('',*,*,#3025,.T.);
#3025 = EDGE_CURVE('',#3018,#3026,#3028,.T.);
#3026 = VERTEX_POINT('',#3027);
#3027 = CARTESIAN_POINT('',(-18.47798201398,-11.94002431701,4.));
#3028 = LINE('',#3029,#3030);
#3029 = CARTESIAN_POINT('',(-18.79722690002,-11.43084690078,4.));
#3030 = VECTOR('',#3031,1.);
#3031 = DIRECTION('',(0.531205717054,-0.847242873189,0.));
#3032 = ORIENTED_EDGE('',*,*,#3033,.T.);
#3033 = EDGE_CURVE('',#3026,#3034,#3036,.T.);
#3034 = VERTEX_POINT('',#3035);
#3035 = CARTESIAN_POINT('',(-19.88671191902,-13.43572435895,4.));
#3036 = LINE('',#3037,#3038);
#3037 = CARTESIAN_POINT('',(-18.47798201398,-11.94002431701,4.));
#3038 = VECTOR('',#3039,1.);
#3039 = DIRECTION('',(-0.685625892148,-0.727954075486,0.));
#3040 = ORIENTED_EDGE('',*,*,#3041,.T.);
#3041 = EDGE_CURVE('',#3034,#3042,#3044,.T.);
#3042 = VERTEX_POINT('',#3043);
#3043 = CARTESIAN_POINT('',(-19.31961239859,-14.23912134817,4.));
#3044 = LINE('',#3045,#3046);
#3045 = CARTESIAN_POINT('',(-19.88671191902,-13.43572435895,4.));
#3046 = VECTOR('',#3047,1.);
#3047 = DIRECTION('',(0.576680322115,-0.81696989301,0.));
#3048 = ORIENTED_EDGE('',*,*,#3049,.T.);
#3049 = EDGE_CURVE('',#3042,#3050,#3052,.T.);
#3050 = VERTEX_POINT('',#3051);
#3051 = CARTESIAN_POINT('',(-17.43851777361,-13.41260965879,4.));
#3052 = LINE('',#3053,#3054);
#3053 = CARTESIAN_POINT('',(-19.31961239859,-14.23912134817,4.));
#3054 = VECTOR('',#3055,1.);
#3055 = DIRECTION('',(0.915524811284,0.402261506886,0.));
#3056 = ORIENTED_EDGE('',*,*,#3057,.T.);
#3057 = EDGE_CURVE('',#3050,#3058,#3060,.T.);
#3058 = VERTEX_POINT('',#3059);
#3059 = CARTESIAN_POINT('',(-17.06564839549,-13.88393477517,4.));
#3060 = LINE('',#3061,#3062);
#3061 = CARTESIAN_POINT('',(-17.43851777361,-13.41260965879,4.));
#3062 = VECTOR('',#3063,1.);
#3063 = DIRECTION('',(0.62043388644,-0.784258753574,0.));
#3064 = ORIENTED_EDGE('',*,*,#3065,.T.);
#3065 = EDGE_CURVE('',#3058,#3066,#3068,.T.);
#3066 = VERTEX_POINT('',#3067);
#3067 = CARTESIAN_POINT('',(-16.68004399098,-14.3448991791,4.));
#3068 = LINE('',#3069,#3070);
#3069 = CARTESIAN_POINT('',(-17.06564839549,-13.88393477517,4.));
#3070 = VECTOR('',#3071,1.);
#3071 = DIRECTION('',(0.641624261352,-0.767019104876,0.));
#3072 = ORIENTED_EDGE('',*,*,#3073,.T.);
#3073 = EDGE_CURVE('',#3066,#3074,#3076,.T.);
#3074 = VERTEX_POINT('',#3075);
#3075 = CARTESIAN_POINT('',(-17.87198844691,-16.01849022078,4.));
#3076 = LINE('',#3077,#3078);
#3077 = CARTESIAN_POINT('',(-16.68004399098,-14.3448991791,4.));
#3078 = VECTOR('',#3079,1.);
#3079 = DIRECTION('',(-0.580116868434,-0.814533252211,0.));
#3080 = ORIENTED_EDGE('',*,*,#3081,.T.);
#3081 = EDGE_CURVE('',#3074,#3082,#3084,.T.);
#3082 = VERTEX_POINT('',#3083);
#3083 = CARTESIAN_POINT('',(-17.2007750461,-16.73718428569,4.));
#3084 = LINE('',#3085,#3086);
#3085 = CARTESIAN_POINT('',(-17.87198844691,-16.01849022078,4.));
#3086 = VECTOR('',#3087,1.);
#3087 = DIRECTION('',(0.682553143219,-0.730835964278,0.));
#3088 = ORIENTED_EDGE('',*,*,#3089,.T.);
#3089 = EDGE_CURVE('',#3082,#3090,#3092,.T.);
#3090 = VERTEX_POINT('',#3091);
#3091 = CARTESIAN_POINT('',(-15.44974436515,-15.66222841907,4.));
#3092 = LINE('',#3093,#3094);
#3093 = CARTESIAN_POINT('',(-17.2007750461,-16.73718428569,4.));
#3094 = VECTOR('',#3095,1.);
#3095 = DIRECTION('',(0.852222962334,0.523178767221,0.));
#3096 = ORIENTED_EDGE('',*,*,#3097,.T.);
#3097 = EDGE_CURVE('',#3090,#3098,#3100,.T.);
#3098 = VERTEX_POINT('',#3099);
#3099 = CARTESIAN_POINT('',(-15.01616915081,-16.07839121411,4.));
#3100 = LINE('',#3101,#3102);
#3101 = CARTESIAN_POINT('',(-15.44974436515,-15.66222841907,4.));
#3102 = VECTOR('',#3103,1.);
#3103 = DIRECTION('',(0.721445018239,-0.69247172192,0.));
#3104 = ORIENTED_EDGE('',*,*,#3105,.T.);
#3105 = EDGE_CURVE('',#3098,#3106,#3108,.T.);
#3106 = VERTEX_POINT('',#3107);
#3107 = CARTESIAN_POINT('',(-14.57138830829,-16.48255571107,4.));
#3108 = LINE('',#3109,#3110);
#3109 = CARTESIAN_POINT('',(-15.01616915081,-16.07839121411,4.));
#3110 = VECTOR('',#3111,1.);
#3111 = DIRECTION('',(0.740090559661,-0.672507221895,0.));
#3112 = ORIENTED_EDGE('',*,*,#3113,.T.);
#3113 = EDGE_CURVE('',#3106,#3114,#3116,.T.);
#3114 = VERTEX_POINT('',#3115);
#3115 = CARTESIAN_POINT('',(-15.52434364513,-18.30286191795,4.));
#3116 = LINE('',#3117,#3118);
#3117 = CARTESIAN_POINT('',(-14.57138830829,-16.48255571107,4.));
#3118 = VECTOR('',#3119,1.);
#3119 = DIRECTION('',(-0.463801365085,-0.885939215604,0.));
#3120 = ORIENTED_EDGE('',*,*,#3121,.T.);
#3121 = EDGE_CURVE('',#3114,#3122,#3124,.T.);
#3122 = VERTEX_POINT('',#3123);
#3123 = CARTESIAN_POINT('',(-14.76151979962,-18.92346514794,4.));
#3124 = LINE('',#3125,#3126);
#3125 = CARTESIAN_POINT('',(-15.52434364513,-18.30286191795,4.));
#3126 = VECTOR('',#3127,1.);
#3127 = DIRECTION('',(0.775711290704,-0.631087944326,0.));
#3128 = ORIENTED_EDGE('',*,*,#3129,.T.);
#3129 = EDGE_CURVE('',#3122,#3130,#3132,.T.);
#3130 = VERTEX_POINT('',#3131);
#3131 = CARTESIAN_POINT('',(-13.1731714512,-17.62008949798,4.));
#3132 = LINE('',#3133,#3134);
#3133 = CARTESIAN_POINT('',(-14.76151979962,-18.92346514794,4.));
#3134 = VECTOR('',#3135,1.);
#3135 = DIRECTION('',(0.773045812063,0.634350197014,0.));
#3136 = ORIENTED_EDGE('',*,*,#3137,.T.);
#3137 = EDGE_CURVE('',#3130,#3138,#3140,.T.);
#3138 = VERTEX_POINT('',#3139);
#3139 = CARTESIAN_POINT('',(-12.68696708652,-17.97333764623,4.));
#3140 = LINE('',#3141,#3142);
#3141 = CARTESIAN_POINT('',(-13.1731714512,-17.62008949798,4.));
#3142 = VECTOR('',#3143,1.);
#3143 = DIRECTION('',(0.809016994375,-0.587785252292,0.));
#3144 = ORIENTED_EDGE('',*,*,#3145,.T.);
#3145 = EDGE_CURVE('',#3138,#3146,#3148,.T.);
#3146 = VERTEX_POINT('',#3147);
#3147 = CARTESIAN_POINT('',(-12.19129523154,-18.31317341634,4.));
#3148 = LINE('',#3149,#3150);
#3149 = CARTESIAN_POINT('',(-12.68696708652,-17.97333764623,4.));
#3150 = VECTOR('',#3151,1.);
#3151 = DIRECTION('',(0.824770371149,-0.565467801802,0.));
#3152 = ORIENTED_EDGE('',*,*,#3153,.T.);
#3153 = EDGE_CURVE('',#3146,#3154,#3156,.T.);
#3154 = VERTEX_POINT('',#3155);
#3155 = CARTESIAN_POINT('',(-12.88750969443,-20.24628592794,4.));
#3156 = LINE('',#3157,#3158);
#3157 = CARTESIAN_POINT('',(-12.19129523154,-18.31317341634,4.));
#3158 = VECTOR('',#3159,1.);
#3159 = DIRECTION('',(-0.338846119851,-0.940841807671,0.));
#3160 = ORIENTED_EDGE('',*,*,#3161,.T.);
#3161 = EDGE_CURVE('',#3154,#3162,#3164,.T.);
#3162 = VERTEX_POINT('',#3163);
#3163 = CARTESIAN_POINT('',(-12.04728536913,-20.75723765905,4.));
#3164 = LINE('',#3165,#3166);
#3165 = CARTESIAN_POINT('',(-12.88750969443,-20.24628592794,4.));
#3166 = VECTOR('',#3167,1.);
#3167 = DIRECTION('',(0.854419404546,-0.519583950035,0.));
#3168 = ORIENTED_EDGE('',*,*,#3169,.T.);
#3169 = EDGE_CURVE('',#3162,#3170,#3172,.T.);
#3170 = VERTEX_POINT('',#3171);
#3171 = CARTESIAN_POINT('',(-10.65120727772,-19.24972164804,4.));
#3172 = LINE('',#3173,#3174);
#3173 = CARTESIAN_POINT('',(-12.04728536913,-20.75723765905,4.));
#3174 = VECTOR('',#3175,1.);
#3175 = DIRECTION('',(0.679468280972,0.733704882874,0.));
#3176 = ORIENTED_EDGE('',*,*,#3177,.T.);
#3177 = EDGE_CURVE('',#3170,#3178,#3180,.T.);
#3178 = VERTEX_POINT('',#3179);
#3179 = CARTESIAN_POINT('',(-10.12143083008,-19.53347480485,4.));
#3180 = LINE('',#3181,#3182);
#3181 = CARTESIAN_POINT('',(-10.65120727772,-19.24972164804,4.));
#3182 = VECTOR('',#3183,1.);
#3183 = DIRECTION('',(0.881518514625,-0.472149455548,0.));
#3184 = ORIENTED_EDGE('',*,*,#3185,.T.);
#3185 = EDGE_CURVE('',#3178,#3186,#3188,.T.);
#3186 = VERTEX_POINT('',#3187);
#3187 = CARTESIAN_POINT('',(-9.584101391452,-19.80265135072,4.));
#3188 = LINE('',#3189,#3190);
#3189 = CARTESIAN_POINT('',(-10.12143083008,-19.53347480485,4.));
#3190 = VECTOR('',#3191,1.);
#3191 = DIRECTION('',(0.894086271148,-0.447894786468,0.));
#3192 = ORIENTED_EDGE('',*,*,#3193,.T.);
#3193 = EDGE_CURVE('',#3186,#3194,#3196,.T.);
#3194 = VERTEX_POINT('',#3195);
#3195 = CARTESIAN_POINT('',(-10.01060582223,-21.81255993852,4.));
#3196 = LINE('',#3197,#3198);
#3197 = CARTESIAN_POINT('',(-9.584101391452,-19.80265135072,4.));
#3198 = VECTOR('',#3199,1.);
#3199 = DIRECTION('',(-0.207578812525,-0.978218297003,0.));
#3200 = ORIENTED_EDGE('',*,*,#3201,.T.);
#3201 = EDGE_CURVE('',#3194,#3202,#3204,.T.);
#3202 = VERTEX_POINT('',#3203);
#3203 = CARTESIAN_POINT('',(-9.108632806563,-22.20434210678,4.));
#3204 = LINE('',#3205,#3206);
#3205 = CARTESIAN_POINT('',(-10.01060582223,-21.81255993852,4.));
#3206 = VECTOR('',#3207,1.);
#3207 = DIRECTION('',(0.917211301505,-0.398401089846,0.));
#3208 = ORIENTED_EDGE('',*,*,#3209,.T.);
#3209 = EDGE_CURVE('',#3202,#3210,#3212,.T.);
#3210 = VERTEX_POINT('',#3211);
#3211 = CARTESIAN_POINT('',(-7.930831265509,-20.52076790566,4.));
#3212 = LINE('',#3213,#3214);
#3213 = CARTESIAN_POINT('',(-9.108632806563,-22.20434210678,4.));
#3214 = VECTOR('',#3215,1.);
#3215 = DIRECTION('',(0.57323354141,0.819392034989,0.));
#3216 = ORIENTED_EDGE('',*,*,#3217,.T.);
#3217 = EDGE_CURVE('',#3210,#3218,#3220,.T.);
#3218 = VERTEX_POINT('',#3219);
#3219 = CARTESIAN_POINT('',(-7.367351467762,-20.72974028661,4.));
#3220 = LINE('',#3221,#3222);
#3221 = CARTESIAN_POINT('',(-7.930831265509,-20.52076790566,4.));
#3222 = VECTOR('',#3223,1.);
#3223 = DIRECTION('',(0.937599012844,-0.347718407787,0.));
#3224 = ORIENTED_EDGE('',*,*,#3225,.T.);
#3225 = EDGE_CURVE('',#3218,#3226,#3228,.T.);
#3226 = VERTEX_POINT('',#3227);
#3227 = CARTESIAN_POINT('',(-6.798373876249,-20.92324335849,4.));
#3228 = LINE('',#3229,#3230);
#3229 = CARTESIAN_POINT('',(-7.367351467762,-20.72974028661,4.));
#3230 = VECTOR('',#3231,1.);
#3231 = DIRECTION('',(0.946747035591,-0.321978338712,0.));
#3232 = ORIENTED_EDGE('',*,*,#3233,.T.);
#3233 = EDGE_CURVE('',#3226,#3234,#3236,.T.);
#3234 = VERTEX_POINT('',#3235);
#3235 = CARTESIAN_POINT('',(-6.947223304352,-22.97250722841,4.));
#3236 = LINE('',#3237,#3238);
#3237 = CARTESIAN_POINT('',(-6.798373876249,-20.92324335849,4.));
#3238 = VECTOR('',#3239,1.);
#3239 = DIRECTION('',(-7.244470467592E-02,-0.997372430321,0.));
#3240 = ORIENTED_EDGE('',*,*,#3241,.T.);
#3241 = EDGE_CURVE('',#3234,#3242,#3244,.T.);
#3242 = VERTEX_POINT('',#3243);
#3243 = CARTESIAN_POINT('',(-6.000303649,-23.23782167329,4.));
#3244 = LINE('',#3245,#3246);
#3245 = CARTESIAN_POINT('',(-6.947223304352,-22.97250722841,4.));
#3246 = VECTOR('',#3247,1.);
#3247 = DIRECTION('',(0.962917287348,-0.269796771157,0.));
#3248 = ORIENTED_EDGE('',*,*,#3249,.T.);
#3249 = EDGE_CURVE('',#3242,#3250,#3252,.T.);
#3250 = VERTEX_POINT('',#3251);
#3251 = CARTESIAN_POINT('',(-5.06271887253,-21.40955108398,4.));
#3252 = LINE('',#3253,#3254);
#3253 = CARTESIAN_POINT('',(-6.000303649,-23.23782167329,4.));
#3254 = VECTOR('',#3255,1.);
#3255 = DIRECTION('',(0.456320545571,0.889815463841,0.));
#3256 = ORIENTED_EDGE('',*,*,#3257,.T.);
#3257 = EDGE_CURVE('',#3250,#3258,#3260,.T.);
#3258 = VERTEX_POINT('',#3259);
#3259 = CARTESIAN_POINT('',(-4.476032287158,-21.53984992901,4.));
#3260 = LINE('',#3261,#3262);
#3261 = CARTESIAN_POINT('',(-5.06271887253,-21.40955108398,4.));
#3262 = VECTOR('',#3263,1.);
#3263 = DIRECTION('',(0.97621381546,-0.216810023998,0.));
#3264 = ORIENTED_EDGE('',*,*,#3265,.T.);
#3265 = EDGE_CURVE('',#3258,#3266,#3268,.T.);
#3266 = VERTEX_POINT('',#3267);
#3267 = CARTESIAN_POINT('',(-3.886005518749,-21.65407493079,4.));
#3268 = LINE('',#3269,#3270);
#3269 = CARTESIAN_POINT('',(-4.476032287158,-21.53984992901,4.));
#3270 = VECTOR('',#3271,1.);
#3271 = DIRECTION('',(0.981771694076,-0.190064043712,0.));
#3272 = ORIENTED_EDGE('',*,*,#3273,.T.);
#3273 = EDGE_CURVE('',#3266,#3274,#3276,.T.);
#3274 = VERTEX_POINT('',#3275);
#3275 = CARTESIAN_POINT('',(-3.754427160966,-23.70452017428,4.));
#3276 = LINE('',#3277,#3278);
#3277 = CARTESIAN_POINT('',(-3.886005518749,-21.65407493079,4.));
#3278 = VECTOR('',#3279,1.);
#3279 = DIRECTION('',(6.403891095061E-02,-0.997947402364,0.));
#3280 = ORIENTED_EDGE('',*,*,#3281,.T.);
#3281 = EDGE_CURVE('',#3274,#3282,#3284,.T.);
#3282 = VERTEX_POINT('',#3283);
#3283 = CARTESIAN_POINT('',(-2.780200187466,-23.83842458967,4.));
#3284 = LINE('',#3285,#3286);
#3285 = CARTESIAN_POINT('',(-3.754427160966,-23.70452017428,4.));
#3286 = VECTOR('',#3287,1.);
#3287 = DIRECTION('',(0.990685946036,-0.136166649096,0.));
#3288 = ORIENTED_EDGE('',*,*,#3289,.T.);
#3289 = EDGE_CURVE('',#3282,#3290,#3292,.T.);
#3290 = VERTEX_POINT('',#3291);
#3291 = CARTESIAN_POINT('',(-2.100297605987,-21.89951483403,4.));
#3292 = LINE('',#3293,#3294);
#3293 = CARTESIAN_POINT('',(-2.780200187466,-23.83842458967,4.));
#3294 = VECTOR('',#3295,1.);
#3295 = DIRECTION('',(0.33090716136,0.943663314197,0.));
#3296 = ORIENTED_EDGE('',*,*,#3297,.T.);
#3297 = EDGE_CURVE('',#3290,#3298,#3300,.T.);
#3298 = VERTEX_POINT('',#3299);
#3299 = CARTESIAN_POINT('',(-1.501333094023,-21.94871292219,4.));
#3300 = LINE('',#3301,#3302);
#3301 = CARTESIAN_POINT('',(-2.100297605987,-21.89951483403,4.));
#3302 = VECTOR('',#3303,1.);
#3303 = DIRECTION('',(0.996643601761,-8.186287968181E-02,0.));
#3304 = ORIENTED_EDGE('',*,*,#3305,.T.);
#3305 = EDGE_CURVE('',#3298,#3306,#3308,.T.);
#3306 = VERTEX_POINT('',#3307);
#3307 = CARTESIAN_POINT('',(-0.90124823104,-21.9815320582,4.));
#3308 = LINE('',#3309,#3310);
#3309 = CARTESIAN_POINT('',(-1.501333094023,-21.94871292219,4.));
#3310 = VECTOR('',#3311,1.);
#3311 = DIRECTION('',(0.998507803483,-5.460921519211E-02,0.));
#3312 = ORIENTED_EDGE('',*,*,#3313,.T.);
#3313 = EDGE_CURVE('',#3306,#3314,#3316,.T.);
#3314 = VERTEX_POINT('',#3315);
#3315 = CARTESIAN_POINT('',(-0.491693143219,-23.99496275998,4.));
#3316 = LINE('',#3317,#3318);
#3317 = CARTESIAN_POINT('',(-0.90124823104,-21.9815320582,4.));
#3318 = VECTOR('',#3319,1.);
#3319 = DIRECTION('',(0.199329602832,-0.979932502489,0.));
#3320 = ORIENTED_EDGE('',*,*,#3321,.T.);
#3321 = EDGE_CURVE('',#3314,#3322,#3324,.T.);
#3322 = VERTEX_POINT('',#3323);
#3323 = CARTESIAN_POINT('',(0.491693143219,-23.99496275998,4.));
#3324 = LINE('',#3325,#3326);
#3325 = CARTESIAN_POINT('',(-0.491693143219,-23.99496275998,4.));
#3326 = VECTOR('',#3327,1.);
#3327 = DIRECTION('',(1.,0.,0.));
#3328 = ORIENTED_EDGE('',*,*,#3329,.T.);
#3329 = EDGE_CURVE('',#3322,#3330,#3332,.T.);
#3330 = VERTEX_POINT('',#3331);
#3331 = CARTESIAN_POINT('',(0.90124823104,-21.9815320582,4.));
#3332 = LINE('',#3333,#3334);
#3333 = CARTESIAN_POINT('',(0.491693143219,-23.99496275998,4.));
#3334 = VECTOR('',#3335,1.);
#3335 = DIRECTION('',(0.199329602832,0.979932502489,0.));
#3336 = ORIENTED_EDGE('',*,*,#3337,.T.);
#3337 = EDGE_CURVE('',#3330,#3338,#3340,.T.);
#3338 = VERTEX_POINT('',#3339);
#3339 = CARTESIAN_POINT('',(1.501333094023,-21.94871292219,4.));
#3340 = LINE('',#3341,#3342);
#3341 = CARTESIAN_POINT('',(0.90124823104,-21.9815320582,4.));
#3342 = VECTOR('',#3343,1.);
#3343 = DIRECTION('',(0.998507803483,5.460921519211E-02,0.));
#3344 = ORIENTED_EDGE('',*,*,#3345,.T.);
#3345 = EDGE_CURVE('',#3338,#3346,#3348,.T.);
#3346 = VERTEX_POINT('',#3347);
#3347 = CARTESIAN_POINT('',(2.100297605987,-21.89951483403,4.));
#3348 = LINE('',#3349,#3350);
#3349 = CARTESIAN_POINT('',(1.501333094023,-21.94871292219,4.));
#3350 = VECTOR('',#3351,1.);
#3351 = DIRECTION('',(0.996643601761,8.186287968181E-02,0.));
#3352 = ORIENTED_EDGE('',*,*,#3353,.T.);
#3353 = EDGE_CURVE('',#3346,#3354,#3356,.T.);
#3354 = VERTEX_POINT('',#3355);
#3355 = CARTESIAN_POINT('',(2.780200187466,-23.83842458967,4.));
#3356 = LINE('',#3357,#3358);
#3357 = CARTESIAN_POINT('',(2.100297605987,-21.89951483403,4.));
#3358 = VECTOR('',#3359,1.);
#3359 = DIRECTION('',(0.33090716136,-0.943663314197,0.));
#3360 = ORIENTED_EDGE('',*,*,#3361,.T.);
#3361 = EDGE_CURVE('',#3354,#3362,#3364,.T.);
#3362 = VERTEX_POINT('',#3363);
#3363 = CARTESIAN_POINT('',(3.754427160966,-23.70452017428,4.));
#3364 = LINE('',#3365,#3366);
#3365 = CARTESIAN_POINT('',(2.780200187466,-23.83842458967,4.));
#3366 = VECTOR('',#3367,1.);
#3367 = DIRECTION('',(0.990685946036,0.136166649096,0.));
#3368 = ORIENTED_EDGE('',*,*,#3369,.T.);
#3369 = EDGE_CURVE('',#3362,#3370,#3372,.T.);
#3370 = VERTEX_POINT('',#3371);
#3371 = CARTESIAN_POINT('',(3.886005518749,-21.65407493079,4.));
#3372 = LINE('',#3373,#3374);
#3373 = CARTESIAN_POINT('',(3.754427160966,-23.70452017428,4.));
#3374 = VECTOR('',#3375,1.);
#3375 = DIRECTION('',(6.403891095061E-02,0.997947402364,0.));
#3376 = ORIENTED_EDGE('',*,*,#3377,.T.);
#3377 = EDGE_CURVE('',#3370,#3378,#3380,.T.);
#3378 = VERTEX_POINT('',#3379);
#3379 = CARTESIAN_POINT('',(4.476032287158,-21.53984992901,4.));
#3380 = LINE('',#3381,#3382);
#3381 = CARTESIAN_POINT('',(3.886005518749,-21.65407493079,4.));
#3382 = VECTOR('',#3383,1.);
#3383 = DIRECTION('',(0.981771694076,0.190064043712,0.));
#3384 = ORIENTED_EDGE('',*,*,#3385,.T.);
#3385 = EDGE_CURVE('',#3378,#3386,#3388,.T.);
#3386 = VERTEX_POINT('',#3387);
#3387 = CARTESIAN_POINT('',(5.06271887253,-21.40955108398,4.));
#3388 = LINE('',#3389,#3390);
#3389 = CARTESIAN_POINT('',(4.476032287158,-21.53984992901,4.));
#3390 = VECTOR('',#3391,1.);
#3391 = DIRECTION('',(0.97621381546,0.216810023998,0.));
#3392 = ORIENTED_EDGE('',*,*,#3393,.T.);
#3393 = EDGE_CURVE('',#3386,#3394,#3396,.T.);
#3394 = VERTEX_POINT('',#3395);
#3395 = CARTESIAN_POINT('',(6.000303649,-23.23782167329,4.));
#3396 = LINE('',#3397,#3398);
#3397 = CARTESIAN_POINT('',(5.06271887253,-21.40955108398,4.));
#3398 = VECTOR('',#3399,1.);
#3399 = DIRECTION('',(0.456320545571,-0.889815463841,0.));
#3400 = ORIENTED_EDGE('',*,*,#3401,.T.);
#3401 = EDGE_CURVE('',#3394,#3402,#3404,.T.);
#3402 = VERTEX_POINT('',#3403);
#3403 = CARTESIAN_POINT('',(6.947223304352,-22.97250722841,4.));
#3404 = LINE('',#3405,#3406);
#3405 = CARTESIAN_POINT('',(6.000303649,-23.23782167329,4.));
#3406 = VECTOR('',#3407,1.);
#3407 = DIRECTION('',(0.962917287348,0.269796771157,0.));
#3408 = ORIENTED_EDGE('',*,*,#3409,.T.);
#3409 = EDGE_CURVE('',#3402,#3410,#3412,.T.);
#3410 = VERTEX_POINT('',#3411);
#3411 = CARTESIAN_POINT('',(6.798373876249,-20.92324335849,4.));
#3412 = LINE('',#3413,#3414);
#3413 = CARTESIAN_POINT('',(6.947223304352,-22.97250722841,4.));
#3414 = VECTOR('',#3415,1.);
#3415 = DIRECTION('',(-7.244470467592E-02,0.997372430321,0.));
#3416 = ORIENTED_EDGE('',*,*,#3417,.T.);
#3417 = EDGE_CURVE('',#3410,#3418,#3420,.T.);
#3418 = VERTEX_POINT('',#3419);
#3419 = CARTESIAN_POINT('',(7.367351467762,-20.72974028661,4.));
#3420 = LINE('',#3421,#3422);
#3421 = CARTESIAN_POINT('',(6.798373876249,-20.92324335849,4.));
#3422 = VECTOR('',#3423,1.);
#3423 = DIRECTION('',(0.946747035591,0.321978338712,0.));
#3424 = ORIENTED_EDGE('',*,*,#3425,.T.);
#3425 = EDGE_CURVE('',#3418,#3426,#3428,.T.);
#3426 = VERTEX_POINT('',#3427);
#3427 = CARTESIAN_POINT('',(7.930831265509,-20.52076790566,4.));
#3428 = LINE('',#3429,#3430);
#3429 = CARTESIAN_POINT('',(7.367351467762,-20.72974028661,4.));
#3430 = VECTOR('',#3431,1.);
#3431 = DIRECTION('',(0.937599012844,0.347718407787,0.));
#3432 = ORIENTED_EDGE('',*,*,#3433,.T.);
#3433 = EDGE_CURVE('',#3426,#3434,#3436,.T.);
#3434 = VERTEX_POINT('',#3435);
#3435 = CARTESIAN_POINT('',(9.108632806563,-22.20434210678,4.));
#3436 = LINE('',#3437,#3438);
#3437 = CARTESIAN_POINT('',(7.930831265509,-20.52076790566,4.));
#3438 = VECTOR('',#3439,1.);
#3439 = DIRECTION('',(0.57323354141,-0.819392034989,0.));
#3440 = ORIENTED_EDGE('',*,*,#3441,.T.);
#3441 = EDGE_CURVE('',#3434,#3442,#3444,.T.);
#3442 = VERTEX_POINT('',#3443);
#3443 = CARTESIAN_POINT('',(10.01060582223,-21.81255993852,4.));
#3444 = LINE('',#3445,#3446);
#3445 = CARTESIAN_POINT('',(9.108632806563,-22.20434210678,4.));
#3446 = VECTOR('',#3447,1.);
#3447 = DIRECTION('',(0.917211301505,0.398401089846,0.));
#3448 = ORIENTED_EDGE('',*,*,#3449,.T.);
#3449 = EDGE_CURVE('',#3442,#3450,#3452,.T.);
#3450 = VERTEX_POINT('',#3451);
#3451 = CARTESIAN_POINT('',(9.584101391452,-19.80265135072,4.));
#3452 = LINE('',#3453,#3454);
#3453 = CARTESIAN_POINT('',(10.01060582223,-21.81255993852,4.));
#3454 = VECTOR('',#3455,1.);
#3455 = DIRECTION('',(-0.207578812525,0.978218297003,0.));
#3456 = ORIENTED_EDGE('',*,*,#3457,.T.);
#3457 = EDGE_CURVE('',#3450,#3458,#3460,.T.);
#3458 = VERTEX_POINT('',#3459);
#3459 = CARTESIAN_POINT('',(10.121430830085,-19.53347480485,4.));
#3460 = LINE('',#3461,#3462);
#3461 = CARTESIAN_POINT('',(9.584101391452,-19.80265135072,4.));
#3462 = VECTOR('',#3463,1.);
#3463 = DIRECTION('',(0.894086271148,0.447894786468,0.));
#3464 = ORIENTED_EDGE('',*,*,#3465,.T.);
#3465 = EDGE_CURVE('',#3458,#3466,#3468,.T.);
#3466 = VERTEX_POINT('',#3467);
#3467 = CARTESIAN_POINT('',(10.651207277721,-19.24972164804,4.));
#3468 = LINE('',#3469,#3470);
#3469 = CARTESIAN_POINT('',(10.121430830085,-19.53347480485,4.));
#3470 = VECTOR('',#3471,1.);
#3471 = DIRECTION('',(0.881518514625,0.472149455548,0.));
#3472 = ORIENTED_EDGE('',*,*,#3473,.T.);
#3473 = EDGE_CURVE('',#3466,#3474,#3476,.T.);
#3474 = VERTEX_POINT('',#3475);
#3475 = CARTESIAN_POINT('',(12.047285369136,-20.75723765905,4.));
#3476 = LINE('',#3477,#3478);
#3477 = CARTESIAN_POINT('',(10.651207277721,-19.24972164804,4.));
#3478 = VECTOR('',#3479,1.);
#3479 = DIRECTION('',(0.679468280972,-0.733704882874,0.));
#3480 = ORIENTED_EDGE('',*,*,#3481,.T.);
#3481 = EDGE_CURVE('',#3474,#3482,#3484,.T.);
#3482 = VERTEX_POINT('',#3483);
#3483 = CARTESIAN_POINT('',(12.887509694433,-20.24628592794,4.));
#3484 = LINE('',#3485,#3486);
#3485 = CARTESIAN_POINT('',(12.047285369136,-20.75723765905,4.));
#3486 = VECTOR('',#3487,1.);
#3487 = DIRECTION('',(0.854419404546,0.519583950035,0.));
#3488 = ORIENTED_EDGE('',*,*,#3489,.T.);
#3489 = EDGE_CURVE('',#3482,#3490,#3492,.T.);
#3490 = VERTEX_POINT('',#3491);
#3491 = CARTESIAN_POINT('',(12.191295231548,-18.31317341634,4.));
#3492 = LINE('',#3493,#3494);
#3493 = CARTESIAN_POINT('',(12.887509694433,-20.24628592794,4.));
#3494 = VECTOR('',#3495,1.);
#3495 = DIRECTION('',(-0.338846119851,0.940841807671,0.));
#3496 = ORIENTED_EDGE('',*,*,#3497,.T.);
#3497 = EDGE_CURVE('',#3490,#3498,#3500,.T.);
#3498 = VERTEX_POINT('',#3499);
#3499 = CARTESIAN_POINT('',(12.686967086527,-17.97333764623,4.));
#3500 = LINE('',#3501,#3502);
#3501 = CARTESIAN_POINT('',(12.191295231548,-18.31317341634,4.));
#3502 = VECTOR('',#3503,1.);
#3503 = DIRECTION('',(0.824770371149,0.565467801802,0.));
#3504 = ORIENTED_EDGE('',*,*,#3505,.T.);
#3505 = EDGE_CURVE('',#3498,#3506,#3508,.T.);
#3506 = VERTEX_POINT('',#3507);
#3507 = CARTESIAN_POINT('',(13.173171451207,-17.62008949798,4.));
#3508 = LINE('',#3509,#3510);
#3509 = CARTESIAN_POINT('',(12.686967086527,-17.97333764623,4.));
#3510 = VECTOR('',#3511,1.);
#3511 = DIRECTION('',(0.809016994375,0.587785252292,0.));
#3512 = ORIENTED_EDGE('',*,*,#3513,.T.);
#3513 = EDGE_CURVE('',#3506,#3514,#3516,.T.);
#3514 = VERTEX_POINT('',#3515);
#3515 = CARTESIAN_POINT('',(14.76151979962,-18.92346514794,4.));
#3516 = LINE('',#3517,#3518);
#3517 = CARTESIAN_POINT('',(13.173171451207,-17.62008949798,4.));
#3518 = VECTOR('',#3519,1.);
#3519 = DIRECTION('',(0.773045812063,-0.634350197014,0.));
#3520 = ORIENTED_EDGE('',*,*,#3521,.T.);
#3521 = EDGE_CURVE('',#3514,#3522,#3524,.T.);
#3522 = VERTEX_POINT('',#3523);
#3523 = CARTESIAN_POINT('',(15.524343645134,-18.30286191795,4.));
#3524 = LINE('',#3525,#3526);
#3525 = CARTESIAN_POINT('',(14.76151979962,-18.92346514794,4.));
#3526 = VECTOR('',#3527,1.);
#3527 = DIRECTION('',(0.775711290704,0.631087944326,0.));
#3528 = ORIENTED_EDGE('',*,*,#3529,.T.);
#3529 = EDGE_CURVE('',#3522,#3530,#3532,.T.);
#3530 = VERTEX_POINT('',#3531);
#3531 = CARTESIAN_POINT('',(14.571388308297,-16.48255571107,4.));
#3532 = LINE('',#3533,#3534);
#3533 = CARTESIAN_POINT('',(15.524343645134,-18.30286191795,4.));
#3534 = VECTOR('',#3535,1.);
#3535 = DIRECTION('',(-0.463801365085,0.885939215604,0.));
#3536 = ORIENTED_EDGE('',*,*,#3537,.T.);
#3537 = EDGE_CURVE('',#3530,#3538,#3540,.T.);
#3538 = VERTEX_POINT('',#3539);
#3539 = CARTESIAN_POINT('',(15.01616915081,-16.07839121411,4.));
#3540 = LINE('',#3541,#3542);
#3541 = CARTESIAN_POINT('',(14.571388308297,-16.48255571107,4.));
#3542 = VECTOR('',#3543,1.);
#3543 = DIRECTION('',(0.740090559661,0.672507221895,0.));
#3544 = ORIENTED_EDGE('',*,*,#3545,.T.);
#3545 = EDGE_CURVE('',#3538,#3546,#3548,.T.);
#3546 = VERTEX_POINT('',#3547);
#3547 = CARTESIAN_POINT('',(15.449744365155,-15.66222841907,4.));
#3548 = LINE('',#3549,#3550);
#3549 = CARTESIAN_POINT('',(15.01616915081,-16.07839121411,4.));
#3550 = VECTOR('',#3551,1.);
#3551 = DIRECTION('',(0.721445018239,0.69247172192,0.));
#3552 = ORIENTED_EDGE('',*,*,#3553,.T.);
#3553 = EDGE_CURVE('',#3546,#3554,#3556,.T.);
#3554 = VERTEX_POINT('',#3555);
#3555 = CARTESIAN_POINT('',(17.200775046106,-16.73718428569,4.));
#3556 = LINE('',#3557,#3558);
#3557 = CARTESIAN_POINT('',(15.449744365155,-15.66222841907,4.));
#3558 = VECTOR('',#3559,1.);
#3559 = DIRECTION('',(0.852222962334,-0.523178767221,0.));
#3560 = ORIENTED_EDGE('',*,*,#3561,.T.);
#3561 = EDGE_CURVE('',#3554,#3562,#3564,.T.);
#3562 = VERTEX_POINT('',#3563);
#3563 = CARTESIAN_POINT('',(17.871988446912,-16.01849022078,4.));
#3564 = LINE('',#3565,#3566);
#3565 = CARTESIAN_POINT('',(17.200775046106,-16.73718428569,4.));
#3566 = VECTOR('',#3567,1.);
#3567 = DIRECTION('',(0.682553143219,0.730835964278,0.));
#3568 = ORIENTED_EDGE('',*,*,#3569,.T.);
#3569 = EDGE_CURVE('',#3562,#3570,#3572,.T.);
#3570 = VERTEX_POINT('',#3571);
#3571 = CARTESIAN_POINT('',(16.680043990988,-14.3448991791,4.));
#3572 = LINE('',#3573,#3574);
#3573 = CARTESIAN_POINT('',(17.871988446912,-16.01849022078,4.));
#3574 = VECTOR('',#3575,1.);
#3575 = DIRECTION('',(-0.580116868434,0.814533252211,0.));
#3576 = ORIENTED_EDGE('',*,*,#3577,.T.);
#3577 = EDGE_CURVE('',#3570,#3578,#3580,.T.);
#3578 = VERTEX_POINT('',#3579);
#3579 = CARTESIAN_POINT('',(17.065648395497,-13.88393477517,4.));
#3580 = LINE('',#3581,#3582);
#3581 = CARTESIAN_POINT('',(16.680043990988,-14.3448991791,4.));
#3582 = VECTOR('',#3583,1.);
#3583 = DIRECTION('',(0.641624261352,0.767019104876,0.));
#3584 = ORIENTED_EDGE('',*,*,#3585,.T.);
#3585 = EDGE_CURVE('',#3578,#3586,#3588,.T.);
#3586 = VERTEX_POINT('',#3587);
#3587 = CARTESIAN_POINT('',(17.438517773619,-13.41260965879,4.));
#3588 = LINE('',#3589,#3590);
#3589 = CARTESIAN_POINT('',(17.065648395497,-13.88393477517,4.));
#3590 = VECTOR('',#3591,1.);
#3591 = DIRECTION('',(0.62043388644,0.784258753574,0.));
#3592 = ORIENTED_EDGE('',*,*,#3593,.T.);
#3593 = EDGE_CURVE('',#3586,#3594,#3596,.T.);
#3594 = VERTEX_POINT('',#3595);
#3595 = CARTESIAN_POINT('',(19.319612398599,-14.23912134817,4.));
#3596 = LINE('',#3597,#3598);
#3597 = CARTESIAN_POINT('',(17.438517773619,-13.41260965879,4.));
#3598 = VECTOR('',#3599,1.);
#3599 = DIRECTION('',(0.915524811284,-0.402261506886,0.));
#3600 = ORIENTED_EDGE('',*,*,#3601,.T.);
#3601 = EDGE_CURVE('',#3594,#3602,#3604,.T.);
#3602 = VERTEX_POINT('',#3603);
#3603 = CARTESIAN_POINT('',(19.886711919025,-13.43572435895,4.));
#3604 = LINE('',#3605,#3606);
#3605 = CARTESIAN_POINT('',(19.319612398599,-14.23912134817,4.));
#3606 = VECTOR('',#3607,1.);
#3607 = DIRECTION('',(0.576680322115,0.81696989301,0.));
#3608 = ORIENTED_EDGE('',*,*,#3609,.T.);
#3609 = EDGE_CURVE('',#3602,#3610,#3612,.T.);
#3610 = VERTEX_POINT('',#3611);
#3611 = CARTESIAN_POINT('',(18.477982013982,-11.94002431701,4.));
#3612 = LINE('',#3613,#3614);
#3613 = CARTESIAN_POINT('',(19.886711919025,-13.43572435895,4.));
#3614 = VECTOR('',#3615,1.);
#3615 = DIRECTION('',(-0.685625892148,0.727954075486,0.));
#3616 = ORIENTED_EDGE('',*,*,#3617,.T.);
#3617 = EDGE_CURVE('',#3610,#3618,#3620,.T.);
#3618 = VERTEX_POINT('',#3619);
#3619 = CARTESIAN_POINT('',(18.797226900023,-11.43084690078,4.));
#3620 = LINE('',#3621,#3622);
#3621 = CARTESIAN_POINT('',(18.477982013982,-11.94002431701,4.));
#3622 = VECTOR('',#3623,1.);
#3623 = DIRECTION('',(0.531205717054,0.847242873189,0.));
#3624 = ORIENTED_EDGE('',*,*,#3625,.T.);
#3625 = EDGE_CURVE('',#3618,#3626,#3628,.T.);
#3626 = VERTEX_POINT('',#3627);
#3627 = CARTESIAN_POINT('',(19.102444590903,-10.91313935819,4.));
#3628 = LINE('',#3629,#3630);
#3629 = CARTESIAN_POINT('',(18.797226900023,-11.43084690078,4.));
#3630 = VECTOR('',#3631,1.);
#3631 = DIRECTION('',(0.507865245242,0.861436528524,0.));
#3632 = ORIENTED_EDGE('',*,*,#3633,.T.);
#3633 = EDGE_CURVE('',#3626,#3634,#3636,.T.);
#3634 = VERTEX_POINT('',#3635);
#3635 = CARTESIAN_POINT('',(21.078561926216,-11.47581052138,4.));
#3636 = LINE('',#3637,#3638);
#3637 = CARTESIAN_POINT('',(19.102444590903,-10.91313935819,4.));
#3638 = VECTOR('',#3639,1.);
#3639 = DIRECTION('',(0.96177216524,-0.273850875787,0.));
#3640 = ORIENTED_EDGE('',*,*,#3641,.T.);
#3641 = EDGE_CURVE('',#3634,#3642,#3644,.T.);
#3642 = VERTEX_POINT('',#3643);
#3643 = CARTESIAN_POINT('',(21.530983575191,-10.60267637367,4.));
#3644 = LINE('',#3645,#3646);
#3645 = CARTESIAN_POINT('',(21.078561926216,-11.47581052138,4.));
#3646 = VECTOR('',#3647,1.);
#3647 = DIRECTION('',(0.460065037731,0.887885218402,0.));
#3648 = ORIENTED_EDGE('',*,*,#3649,.T.);
#3649 = EDGE_CURVE('',#3642,#3650,#3652,.T.);
#3650 = VERTEX_POINT('',#3651);
#3651 = CARTESIAN_POINT('',(19.93171019374,-9.312729393297,4.));
#3652 = LINE('',#3653,#3654);
#3653 = CARTESIAN_POINT('',(21.530983575191,-10.60267637367,4.));
#3654 = VECTOR('',#3655,1.);
#3655 = DIRECTION('',(-0.778363002744,0.627814491677,0.));
#3656 = ORIENTED_EDGE('',*,*,#3657,.T.);
#3657 = EDGE_CURVE('',#3650,#3658,#3660,.T.);
#3658 = VERTEX_POINT('',#3659);
#3659 = CARTESIAN_POINT('',(20.17864863312,-8.764823976617,4.));
#3660 = LINE('',#3661,#3662);
#3661 = CARTESIAN_POINT('',(19.93171019374,-9.312729393297,4.));
#3662 = VECTOR('',#3663,1.);
#3663 = DIRECTION('',(0.410891815327,0.91168410982,0.));
#3664 = ORIENTED_EDGE('',*,*,#3665,.T.);
#3665 = EDGE_CURVE('',#3658,#3666,#3668,.T.);
#3666 = VERTEX_POINT('',#3667);
#3667 = CARTESIAN_POINT('',(20.410529008672,-8.210377919814,4.));
#3668 = LINE('',#3669,#3670);
#3669 = CARTESIAN_POINT('',(20.17864863312,-8.764823976617,4.));
#3670 = VECTOR('',#3671,1.);
#3671 = DIRECTION('',(0.385836035443,0.922567370848,0.));
#3672 = ORIENTED_EDGE('',*,*,#3673,.T.);
#3673 = EDGE_CURVE('',#3666,#3674,#3676,.T.);
#3674 = VERTEX_POINT('',#3675);
#3675 = CARTESIAN_POINT('',(22.444857727319,-8.498727057649,4.));
#3676 = LINE('',#3677,#3678);
#3677 = CARTESIAN_POINT('',(20.410529008672,-8.210377919814,4.));
#3678 = VECTOR('',#3679,1.);
#3679 = DIRECTION('',(0.9901035235,-0.140338921017,0.));
#3680 = ORIENTED_EDGE('',*,*,#3681,.T.);
#3681 = EDGE_CURVE('',#3674,#3682,#3684,.T.);
#3682 = VERTEX_POINT('',#3683);
#3683 = CARTESIAN_POINT('',(22.774173745536,-7.572120588591,4.));
#3684 = LINE('',#3685,#3686);
#3685 = CARTESIAN_POINT('',(22.444857727319,-8.498727057649,4.));
#3686 = VECTOR('',#3687,1.);
#3687 = DIRECTION('',(0.334879612171,0.942260922119,0.));
#3688 = ORIENTED_EDGE('',*,*,#3689,.T.);
#3689 = EDGE_CURVE('',#3682,#3690,#3692,.T.);
#3690 = VERTEX_POINT('',#3691);
#3691 = CARTESIAN_POINT('',(21.014148324832,-6.51195594134,4.));
#3692 = LINE('',#3693,#3694);
#3693 = CARTESIAN_POINT('',(22.774173745536,-7.572120588591,4.));
#3694 = VECTOR('',#3695,1.);
#3695 = DIRECTION('',(-0.856600683319,0.515979911758,0.));
#3696 = ORIENTED_EDGE('',*,*,#3697,.T.);
#3697 = EDGE_CURVE('',#3690,#3698,#3700,.T.);
#3698 = VERTEX_POINT('',#3699);
#3699 = CARTESIAN_POINT('',(21.184180321652,-5.935528965455,4.));
#3700 = LINE('',#3701,#3702);
#3701 = CARTESIAN_POINT('',(21.014148324832,-6.51195594134,4.));
#3702 = VECTOR('',#3703,1.);
#3703 = DIRECTION('',(0.282923776517,0.959142396457,0.));
#3704 = ORIENTED_EDGE('',*,*,#3705,.T.);
#3705 = EDGE_CURVE('',#3698,#3706,#3708,.T.);
#3706 = VERTEX_POINT('',#3707);
#3707 = CARTESIAN_POINT('',(21.338403889213,-5.354672675414,4.));
#3708 = LINE('',#3709,#3710);
#3709 = CARTESIAN_POINT('',(21.184180321652,-5.935528965455,4.));
#3710 = VECTOR('',#3711,1.);
#3711 = DIRECTION('',(0.256619430334,0.966512528618,0.));
#3712 = ORIENTED_EDGE('',*,*,#3713,.T.);
#3713 = EDGE_CURVE('',#3706,#3714,#3716,.T.);
#3714 = VERTEX_POINT('',#3715);
#3715 = CARTESIAN_POINT('',(23.393048296263,-5.363328389041,4.));
#3716 = LINE('',#3717,#3718);
#3717 = CARTESIAN_POINT('',(21.338403889213,-5.354672675414,4.));
#3718 = VECTOR('',#3719,1.);
#3719 = DIRECTION('',(0.999991126466,-4.212717679911E-03,0.));
#3720 = ORIENTED_EDGE('',*,*,#3721,.T.);
#3721 = EDGE_CURVE('',#3714,#3722,#3724,.T.);
#3722 = VERTEX_POINT('',#3723);
#3723 = CARTESIAN_POINT('',(23.593124149393,-4.400510523944,4.));
#3724 = LINE('',#3725,#3726);
#3725 = CARTESIAN_POINT('',(23.393048296263,-5.363328389041,4.));
#3726 = VECTOR('',#3727,1.);
#3727 = DIRECTION('',(0.203456013053,0.979084087682,0.));
#3728 = ORIENTED_EDGE('',*,*,#3729,.T.);
#3729 = EDGE_CURVE('',#3722,#3730,#3732,.T.);
#3730 = VERTEX_POINT('',#3731);
#3731 = CARTESIAN_POINT('',(21.705132632929,-3.589877071289,4.));
#3732 = LINE('',#3733,#3734);
#3733 = CARTESIAN_POINT('',(23.593124149393,-4.400510523944,4.));
#3734 = VECTOR('',#3735,1.);
#3735 = DIRECTION('',(-0.918881513914,0.394533602354,0.));
#3736 = ORIENTED_EDGE('',*,*,#3737,.T.);
#3737 = EDGE_CURVE('',#3730,#3738,#3740,.T.);
#3738 = VERTEX_POINT('',#3739);
#3739 = CARTESIAN_POINT('',(21.795090812799,-2.995666280117,4.));
#3740 = LINE('',#3741,#3742);
#3741 = CARTESIAN_POINT('',(21.705132632929,-3.589877071289,4.));
#3742 = VECTOR('',#3743,1.);
#3743 = DIRECTION('',(0.149685403063,0.988733675016,0.));
#3744 = ORIENTED_EDGE('',*,*,#3745,.T.);
#3745 = EDGE_CURVE('',#3738,#3746,#3748,.T.);
#3746 = VERTEX_POINT('',#3747);
#3747 = CARTESIAN_POINT('',(21.868784679108,-2.399220010501,4.));
#3748 = LINE('',#3749,#3750);
#3749 = CARTESIAN_POINT('',(21.795090812799,-2.995666280117,4.));
#3750 = VECTOR('',#3751,1.);
#3751 = DIRECTION('',(0.12262249078,0.992453386691,0.));
#3752 = ORIENTED_EDGE('',*,*,#3753,.T.);
#3753 = EDGE_CURVE('',#3746,#3754,#3756,.T.);
#3754 = VERTEX_POINT('',#3755);
#3755 = CARTESIAN_POINT('',(23.905470636796,-2.128021060351,4.));
#3756 = LINE('',#3757,#3758);
#3757 = CARTESIAN_POINT('',(21.868784679108,-2.399220010501,4.));
#3758 = VECTOR('',#3759,1.);
#3759 = DIRECTION('',(0.9912507868,0.131991960617,0.));
#3760 = ORIENTED_EDGE('',*,*,#3761,.T.);
#3761 = EDGE_CURVE('',#3754,#3762,#3764,.T.);
#3762 = VERTEX_POINT('',#3763);
#3763 = CARTESIAN_POINT('',(23.972579290252,-1.146927274322,4.));
#3764 = LINE('',#3765,#3766);
#3765 = CARTESIAN_POINT('',(23.905470636796,-2.128021060351,4.));
#3766 = VECTOR('',#3767,1.);
#3767 = DIRECTION('',(6.824241336467E-02,0.997668769191,0.));
#3768 = ORIENTED_EDGE('',*,*,#3769,.T.);
#3769 = EDGE_CURVE('',#3762,#64,#3770,.T.);
#3770 = LINE('',#3771,#3772);
#3771 = CARTESIAN_POINT('',(23.972579290252,-1.146927274322,4.));
#3772 = VECTOR('',#3773,1.);
#3773 = DIRECTION('',(-0.964045320496,0.265737878425,0.));
#3774 = ORIENTED_EDGE('',*,*,#71,.T.);
#3775 = FACE_BOUND('',#3776,.T.);
#3776 = EDGE_LOOP('',(#3777));
#3777 = ORIENTED_EDGE('',*,*,#3778,.F.);
#3778 = EDGE_CURVE('',#3779,#3779,#3781,.T.);
#3779 = VERTEX_POINT('',#3780);
#3780 = CARTESIAN_POINT('',(4.,-9.797174393179E-16,4.));
#3781 = CIRCLE('',#3782,4.);
#3782 = AXIS2_PLACEMENT_3D('',#3783,#3784,#3785);
#3783 = CARTESIAN_POINT('',(0.,0.,4.));
#3784 = DIRECTION('',(0.,0.,1.));
#3785 = DIRECTION('',(1.,0.,0.));
#3786 = PLANE('',#3787);
#3787 = AXIS2_PLACEMENT_3D('',#3788,#3789,#3790);
#3788 = CARTESIAN_POINT('',(1.241679716893E-14,-3.374817349228E-15,4.));
#3789 = DIRECTION('',(0.,0.,1.));
#3790 = DIRECTION('',(1.,0.,0.));
#3791 = ADVANCED_FACE('',(#3792),#3803,.F.);
#3792 = FACE_BOUND('',#3793,.F.);
#3793 = EDGE_LOOP('',(#3794,#3800,#3801,#3802));
#3794 = ORIENTED_EDGE('',*,*,#3795,.T.);
#3795 = EDGE_CURVE('',#1926,#3762,#3796,.T.);
#3796 = LINE('',#3797,#3798);
#3797 = CARTESIAN_POINT('',(23.972579290252,-1.146927274322,0.));
#3798 = VECTOR('',#3799,1.);
#3799 = DIRECTION('',(0.,0.,1.));
#3800 = ORIENTED_EDGE('',*,*,#3769,.T.);
#3801 = ORIENTED_EDGE('',*,*,#61,.F.);
#3802 = ORIENTED_EDGE('',*,*,#1933,.F.);
#3803 = PLANE('',#3804);
#3804 = AXIS2_PLACEMENT_3D('',#3805,#3806,#3807);
#3805 = CARTESIAN_POINT('',(23.972579290252,-1.146927274322,0.));
#3806 = DIRECTION('',(-0.265737878425,-0.964045320496,0.));
#3807 = DIRECTION('',(-0.964045320496,0.265737878425,0.));
#3808 = ADVANCED_FACE('',(#3809),#3820,.F.);
#3809 = FACE_BOUND('',#3810,.F.);
#3810 = EDGE_LOOP('',(#3811,#3812,#3813,#3819));
#3811 = ORIENTED_EDGE('',*,*,#101,.T.);
#3812 = ORIENTED_EDGE('',*,*,#1961,.T.);
#3813 = ORIENTED_EDGE('',*,*,#3814,.F.);
#3814 = EDGE_CURVE('',#126,#1962,#3815,.T.);
#3815 = LINE('',#3816,#3817);
#3816 = CARTESIAN_POINT('',(23.905470636796,2.128021060351,0.));
#3817 = VECTOR('',#3818,1.);
#3818 = DIRECTION('',(0.,0.,1.));
#3819 = ORIENTED_EDGE('',*,*,#125,.F.);
#3820 = PLANE('',#3821);
#3821 = AXIS2_PLACEMENT_3D('',#3822,#3823,#3824);
#3822 = CARTESIAN_POINT('',(23.972579290252,1.146927274322,0.));
#3823 = DIRECTION('',(-0.997668769191,-6.824241336467E-02,0.));
#3824 = DIRECTION('',(-6.824241336467E-02,0.997668769191,0.));
#3825 = ADVANCED_FACE('',(#3826),#3837,.F.);
#3826 = FACE_BOUND('',#3827,.F.);
#3827 = EDGE_LOOP('',(#3828,#3834,#3835,#3836));
#3828 = ORIENTED_EDGE('',*,*,#3829,.T.);
#3829 = EDGE_CURVE('',#1918,#3754,#3830,.T.);
#3830 = LINE('',#3831,#3832);
#3831 = CARTESIAN_POINT('',(23.905470636796,-2.128021060351,0.));
#3832 = VECTOR('',#3833,1.);
#3833 = DIRECTION('',(0.,0.,1.));
#3834 = ORIENTED_EDGE('',*,*,#3761,.T.);
#3835 = ORIENTED_EDGE('',*,*,#3795,.F.);
#3836 = ORIENTED_EDGE('',*,*,#1925,.F.);
#3837 = PLANE('',#3838);
#3838 = AXIS2_PLACEMENT_3D('',#3839,#3840,#3841);
#3839 = CARTESIAN_POINT('',(23.905470636796,-2.128021060351,0.));
#3840 = DIRECTION('',(-0.997668769191,6.824241336467E-02,0.));
#3841 = DIRECTION('',(6.824241336467E-02,0.997668769191,0.));
#3842 = ADVANCED_FACE('',(#3843),#3854,.F.);
#3843 = FACE_BOUND('',#3844,.F.);
#3844 = EDGE_LOOP('',(#3845,#3846,#3847,#3853));
#3845 = ORIENTED_EDGE('',*,*,#3814,.T.);
#3846 = ORIENTED_EDGE('',*,*,#1969,.T.);
#3847 = ORIENTED_EDGE('',*,*,#3848,.F.);
#3848 = EDGE_CURVE('',#134,#1970,#3849,.T.);
#3849 = LINE('',#3850,#3851);
#3850 = CARTESIAN_POINT('',(21.868784679108,2.399220010501,0.));
#3851 = VECTOR('',#3852,1.);
#3852 = DIRECTION('',(0.,0.,1.));
#3853 = ORIENTED_EDGE('',*,*,#133,.F.);
#3854 = PLANE('',#3855);
#3855 = AXIS2_PLACEMENT_3D('',#3856,#3857,#3858);
#3856 = CARTESIAN_POINT('',(23.905470636796,2.128021060351,0.));
#3857 = DIRECTION('',(-0.131991960617,-0.9912507868,0.));
#3858 = DIRECTION('',(-0.9912507868,0.131991960617,0.));
#3859 = ADVANCED_FACE('',(#3860),#3871,.F.);
#3860 = FACE_BOUND('',#3861,.F.);
#3861 = EDGE_LOOP('',(#3862,#3868,#3869,#3870));
#3862 = ORIENTED_EDGE('',*,*,#3863,.T.);
#3863 = EDGE_CURVE('',#1910,#3746,#3864,.T.);
#3864 = LINE('',#3865,#3866);
#3865 = CARTESIAN_POINT('',(21.868784679108,-2.399220010501,0.));
#3866 = VECTOR('',#3867,1.);
#3867 = DIRECTION('',(0.,0.,1.));
#3868 = ORIENTED_EDGE('',*,*,#3753,.T.);
#3869 = ORIENTED_EDGE('',*,*,#3829,.F.);
#3870 = ORIENTED_EDGE('',*,*,#1917,.F.);
#3871 = PLANE('',#3872);
#3872 = AXIS2_PLACEMENT_3D('',#3873,#3874,#3875);
#3873 = CARTESIAN_POINT('',(21.868784679108,-2.399220010501,0.));
#3874 = DIRECTION('',(-0.131991960617,0.9912507868,0.));
#3875 = DIRECTION('',(0.9912507868,0.131991960617,0.));
#3876 = ADVANCED_FACE('',(#3877),#3888,.F.);
#3877 = FACE_BOUND('',#3878,.F.);
#3878 = EDGE_LOOP('',(#3879,#3880,#3881,#3887));
#3879 = ORIENTED_EDGE('',*,*,#3848,.T.);
#3880 = ORIENTED_EDGE('',*,*,#1977,.T.);
#3881 = ORIENTED_EDGE('',*,*,#3882,.F.);
#3882 = EDGE_CURVE('',#142,#1978,#3883,.T.);
#3883 = LINE('',#3884,#3885);
#3884 = CARTESIAN_POINT('',(21.795090812799,2.995666280117,0.));
#3885 = VECTOR('',#3886,1.);
#3886 = DIRECTION('',(0.,0.,1.));
#3887 = ORIENTED_EDGE('',*,*,#141,.F.);
#3888 = PLANE('',#3889);
#3889 = AXIS2_PLACEMENT_3D('',#3890,#3891,#3892);
#3890 = CARTESIAN_POINT('',(21.868784679108,2.399220010501,0.));
#3891 = DIRECTION('',(-0.992453386691,-0.12262249078,0.));
#3892 = DIRECTION('',(-0.12262249078,0.992453386691,0.));
#3893 = ADVANCED_FACE('',(#3894),#3905,.F.);
#3894 = FACE_BOUND('',#3895,.F.);
#3895 = EDGE_LOOP('',(#3896,#3902,#3903,#3904));
#3896 = ORIENTED_EDGE('',*,*,#3897,.T.);
#3897 = EDGE_CURVE('',#1902,#3738,#3898,.T.);
#3898 = LINE('',#3899,#3900);
#3899 = CARTESIAN_POINT('',(21.795090812799,-2.995666280117,0.));
#3900 = VECTOR('',#3901,1.);
#3901 = DIRECTION('',(0.,0.,1.));
#3902 = ORIENTED_EDGE('',*,*,#3745,.T.);
#3903 = ORIENTED_EDGE('',*,*,#3863,.F.);
#3904 = ORIENTED_EDGE('',*,*,#1909,.F.);
#3905 = PLANE('',#3906);
#3906 = AXIS2_PLACEMENT_3D('',#3907,#3908,#3909);
#3907 = CARTESIAN_POINT('',(21.795090812799,-2.995666280117,0.));
#3908 = DIRECTION('',(-0.992453386691,0.12262249078,0.));
#3909 = DIRECTION('',(0.12262249078,0.992453386691,0.));
#3910 = ADVANCED_FACE('',(#3911),#3922,.F.);
#3911 = FACE_BOUND('',#3912,.F.);
#3912 = EDGE_LOOP('',(#3913,#3914,#3915,#3921));
#3913 = ORIENTED_EDGE('',*,*,#3882,.T.);
#3914 = ORIENTED_EDGE('',*,*,#1985,.T.);
#3915 = ORIENTED_EDGE('',*,*,#3916,.F.);
#3916 = EDGE_CURVE('',#150,#1986,#3917,.T.);
#3917 = LINE('',#3918,#3919);
#3918 = CARTESIAN_POINT('',(21.705132632929,3.589877071289,0.));
#3919 = VECTOR('',#3920,1.);
#3920 = DIRECTION('',(0.,0.,1.));
#3921 = ORIENTED_EDGE('',*,*,#149,.F.);
#3922 = PLANE('',#3923);
#3923 = AXIS2_PLACEMENT_3D('',#3924,#3925,#3926);
#3924 = CARTESIAN_POINT('',(21.795090812799,2.995666280117,0.));
#3925 = DIRECTION('',(-0.988733675016,-0.149685403063,0.));
#3926 = DIRECTION('',(-0.149685403063,0.988733675016,0.));
#3927 = ADVANCED_FACE('',(#3928),#3939,.F.);
#3928 = FACE_BOUND('',#3929,.F.);
#3929 = EDGE_LOOP('',(#3930,#3936,#3937,#3938));
#3930 = ORIENTED_EDGE('',*,*,#3931,.T.);
#3931 = EDGE_CURVE('',#1894,#3730,#3932,.T.);
#3932 = LINE('',#3933,#3934);
#3933 = CARTESIAN_POINT('',(21.705132632929,-3.589877071289,0.));
#3934 = VECTOR('',#3935,1.);
#3935 = DIRECTION('',(0.,0.,1.));
#3936 = ORIENTED_EDGE('',*,*,#3737,.T.);
#3937 = ORIENTED_EDGE('',*,*,#3897,.F.);
#3938 = ORIENTED_EDGE('',*,*,#1901,.F.);
#3939 = PLANE('',#3940);
#3940 = AXIS2_PLACEMENT_3D('',#3941,#3942,#3943);
#3941 = CARTESIAN_POINT('',(21.705132632929,-3.589877071289,0.));
#3942 = DIRECTION('',(-0.988733675016,0.149685403063,0.));
#3943 = DIRECTION('',(0.149685403063,0.988733675016,0.));
#3944 = ADVANCED_FACE('',(#3945),#3956,.F.);
#3945 = FACE_BOUND('',#3946,.F.);
#3946 = EDGE_LOOP('',(#3947,#3948,#3949,#3955));
#3947 = ORIENTED_EDGE('',*,*,#3916,.T.);
#3948 = ORIENTED_EDGE('',*,*,#1993,.T.);
#3949 = ORIENTED_EDGE('',*,*,#3950,.F.);
#3950 = EDGE_CURVE('',#158,#1994,#3951,.T.);
#3951 = LINE('',#3952,#3953);
#3952 = CARTESIAN_POINT('',(23.593124149393,4.400510523944,0.));
#3953 = VECTOR('',#3954,1.);
#3954 = DIRECTION('',(0.,0.,1.));
#3955 = ORIENTED_EDGE('',*,*,#157,.F.);
#3956 = PLANE('',#3957);
#3957 = AXIS2_PLACEMENT_3D('',#3958,#3959,#3960);
#3958 = CARTESIAN_POINT('',(21.705132632929,3.589877071289,0.));
#3959 = DIRECTION('',(-0.394533602354,0.918881513914,0.));
#3960 = DIRECTION('',(0.918881513914,0.394533602354,0.));
#3961 = ADVANCED_FACE('',(#3962),#3973,.F.);
#3962 = FACE_BOUND('',#3963,.F.);
#3963 = EDGE_LOOP('',(#3964,#3970,#3971,#3972));
#3964 = ORIENTED_EDGE('',*,*,#3965,.T.);
#3965 = EDGE_CURVE('',#1886,#3722,#3966,.T.);
#3966 = LINE('',#3967,#3968);
#3967 = CARTESIAN_POINT('',(23.593124149393,-4.400510523944,0.));
#3968 = VECTOR('',#3969,1.);
#3969 = DIRECTION('',(0.,0.,1.));
#3970 = ORIENTED_EDGE('',*,*,#3729,.T.);
#3971 = ORIENTED_EDGE('',*,*,#3931,.F.);
#3972 = ORIENTED_EDGE('',*,*,#1893,.F.);
#3973 = PLANE('',#3974);
#3974 = AXIS2_PLACEMENT_3D('',#3975,#3976,#3977);
#3975 = CARTESIAN_POINT('',(23.593124149393,-4.400510523944,0.));
#3976 = DIRECTION('',(-0.394533602354,-0.918881513914,0.));
#3977 = DIRECTION('',(-0.918881513914,0.394533602354,0.));
#3978 = ADVANCED_FACE('',(#3979),#3990,.F.);
#3979 = FACE_BOUND('',#3980,.F.);
#3980 = EDGE_LOOP('',(#3981,#3982,#3983,#3989));
#3981 = ORIENTED_EDGE('',*,*,#3950,.T.);
#3982 = ORIENTED_EDGE('',*,*,#2001,.T.);
#3983 = ORIENTED_EDGE('',*,*,#3984,.F.);
#3984 = EDGE_CURVE('',#166,#2002,#3985,.T.);
#3985 = LINE('',#3986,#3987);
#3986 = CARTESIAN_POINT('',(23.393048296263,5.363328389041,0.));
#3987 = VECTOR('',#3988,1.);
#3988 = DIRECTION('',(0.,0.,1.));
#3989 = ORIENTED_EDGE('',*,*,#165,.F.);
#3990 = PLANE('',#3991);
#3991 = AXIS2_PLACEMENT_3D('',#3992,#3993,#3994);
#3992 = CARTESIAN_POINT('',(23.593124149393,4.400510523944,0.));
#3993 = DIRECTION('',(-0.979084087682,-0.203456013053,0.));
#3994 = DIRECTION('',(-0.203456013053,0.979084087682,0.));
#3995 = ADVANCED_FACE('',(#3996),#4007,.F.);
#3996 = FACE_BOUND('',#3997,.F.);
#3997 = EDGE_LOOP('',(#3998,#4004,#4005,#4006));
#3998 = ORIENTED_EDGE('',*,*,#3999,.T.);
#3999 = EDGE_CURVE('',#1878,#3714,#4000,.T.);
#4000 = LINE('',#4001,#4002);
#4001 = CARTESIAN_POINT('',(23.393048296263,-5.363328389041,0.));
#4002 = VECTOR('',#4003,1.);
#4003 = DIRECTION('',(0.,0.,1.));
#4004 = ORIENTED_EDGE('',*,*,#3721,.T.);
#4005 = ORIENTED_EDGE('',*,*,#3965,.F.);
#4006 = ORIENTED_EDGE('',*,*,#1885,.F.);
#4007 = PLANE('',#4008);
#4008 = AXIS2_PLACEMENT_3D('',#4009,#4010,#4011);
#4009 = CARTESIAN_POINT('',(23.393048296263,-5.363328389041,0.));
#4010 = DIRECTION('',(-0.979084087682,0.203456013053,0.));
#4011 = DIRECTION('',(0.203456013053,0.979084087682,0.));
#4012 = ADVANCED_FACE('',(#4013),#4024,.F.);
#4013 = FACE_BOUND('',#4014,.F.);
#4014 = EDGE_LOOP('',(#4015,#4016,#4017,#4023));
#4015 = ORIENTED_EDGE('',*,*,#3984,.T.);
#4016 = ORIENTED_EDGE('',*,*,#2009,.T.);
#4017 = ORIENTED_EDGE('',*,*,#4018,.F.);
#4018 = EDGE_CURVE('',#174,#2010,#4019,.T.);
#4019 = LINE('',#4020,#4021);
#4020 = CARTESIAN_POINT('',(21.338403889213,5.354672675414,0.));
#4021 = VECTOR('',#4022,1.);
#4022 = DIRECTION('',(0.,0.,1.));
#4023 = ORIENTED_EDGE('',*,*,#173,.F.);
#4024 = PLANE('',#4025);
#4025 = AXIS2_PLACEMENT_3D('',#4026,#4027,#4028);
#4026 = CARTESIAN_POINT('',(23.393048296263,5.363328389041,0.));
#4027 = DIRECTION('',(4.212717679898E-03,-0.999991126466,0.));
#4028 = DIRECTION('',(-0.999991126466,-4.212717679898E-03,0.));
#4029 = ADVANCED_FACE('',(#4030),#4041,.F.);
#4030 = FACE_BOUND('',#4031,.F.);
#4031 = EDGE_LOOP('',(#4032,#4038,#4039,#4040));
#4032 = ORIENTED_EDGE('',*,*,#4033,.T.);
#4033 = EDGE_CURVE('',#1870,#3706,#4034,.T.);
#4034 = LINE('',#4035,#4036);
#4035 = CARTESIAN_POINT('',(21.338403889213,-5.354672675414,0.));
#4036 = VECTOR('',#4037,1.);
#4037 = DIRECTION('',(0.,0.,1.));
#4038 = ORIENTED_EDGE('',*,*,#3713,.T.);
#4039 = ORIENTED_EDGE('',*,*,#3999,.F.);
#4040 = ORIENTED_EDGE('',*,*,#1877,.F.);
#4041 = PLANE('',#4042);
#4042 = AXIS2_PLACEMENT_3D('',#4043,#4044,#4045);
#4043 = CARTESIAN_POINT('',(21.338403889213,-5.354672675414,0.));
#4044 = DIRECTION('',(4.212717679911E-03,0.999991126466,0.));
#4045 = DIRECTION('',(0.999991126466,-4.212717679911E-03,0.));
#4046 = ADVANCED_FACE('',(#4047),#4058,.F.);
#4047 = FACE_BOUND('',#4048,.F.);
#4048 = EDGE_LOOP('',(#4049,#4050,#4051,#4057));
#4049 = ORIENTED_EDGE('',*,*,#4018,.T.);
#4050 = ORIENTED_EDGE('',*,*,#2017,.T.);
#4051 = ORIENTED_EDGE('',*,*,#4052,.F.);
#4052 = EDGE_CURVE('',#182,#2018,#4053,.T.);
#4053 = LINE('',#4054,#4055);
#4054 = CARTESIAN_POINT('',(21.184180321652,5.935528965455,0.));
#4055 = VECTOR('',#4056,1.);
#4056 = DIRECTION('',(0.,0.,1.));
#4057 = ORIENTED_EDGE('',*,*,#181,.F.);
#4058 = PLANE('',#4059);
#4059 = AXIS2_PLACEMENT_3D('',#4060,#4061,#4062);
#4060 = CARTESIAN_POINT('',(21.338403889213,5.354672675414,0.));
#4061 = DIRECTION('',(-0.966512528618,-0.256619430334,0.));
#4062 = DIRECTION('',(-0.256619430334,0.966512528618,0.));
#4063 = ADVANCED_FACE('',(#4064),#4075,.F.);
#4064 = FACE_BOUND('',#4065,.F.);
#4065 = EDGE_LOOP('',(#4066,#4072,#4073,#4074));
#4066 = ORIENTED_EDGE('',*,*,#4067,.T.);
#4067 = EDGE_CURVE('',#1862,#3698,#4068,.T.);
#4068 = LINE('',#4069,#4070);
#4069 = CARTESIAN_POINT('',(21.184180321652,-5.935528965455,0.));
#4070 = VECTOR('',#4071,1.);
#4071 = DIRECTION('',(0.,0.,1.));
#4072 = ORIENTED_EDGE('',*,*,#3705,.T.);
#4073 = ORIENTED_EDGE('',*,*,#4033,.F.);
#4074 = ORIENTED_EDGE('',*,*,#1869,.F.);
#4075 = PLANE('',#4076);
#4076 = AXIS2_PLACEMENT_3D('',#4077,#4078,#4079);
#4077 = CARTESIAN_POINT('',(21.184180321652,-5.935528965455,0.));
#4078 = DIRECTION('',(-0.966512528618,0.256619430334,0.));
#4079 = DIRECTION('',(0.256619430334,0.966512528618,0.));
#4080 = ADVANCED_FACE('',(#4081),#4092,.F.);
#4081 = FACE_BOUND('',#4082,.F.);
#4082 = EDGE_LOOP('',(#4083,#4084,#4085,#4091));
#4083 = ORIENTED_EDGE('',*,*,#4052,.T.);
#4084 = ORIENTED_EDGE('',*,*,#2025,.T.);
#4085 = ORIENTED_EDGE('',*,*,#4086,.F.);
#4086 = EDGE_CURVE('',#190,#2026,#4087,.T.);
#4087 = LINE('',#4088,#4089);
#4088 = CARTESIAN_POINT('',(21.014148324832,6.51195594134,0.));
#4089 = VECTOR('',#4090,1.);
#4090 = DIRECTION('',(0.,0.,1.));
#4091 = ORIENTED_EDGE('',*,*,#189,.F.);
#4092 = PLANE('',#4093);
#4093 = AXIS2_PLACEMENT_3D('',#4094,#4095,#4096);
#4094 = CARTESIAN_POINT('',(21.184180321652,5.935528965455,0.));
#4095 = DIRECTION('',(-0.959142396457,-0.282923776517,0.));
#4096 = DIRECTION('',(-0.282923776517,0.959142396457,0.));
#4097 = ADVANCED_FACE('',(#4098),#4109,.F.);
#4098 = FACE_BOUND('',#4099,.F.);
#4099 = EDGE_LOOP('',(#4100,#4106,#4107,#4108));
#4100 = ORIENTED_EDGE('',*,*,#4101,.T.);
#4101 = EDGE_CURVE('',#1854,#3690,#4102,.T.);
#4102 = LINE('',#4103,#4104);
#4103 = CARTESIAN_POINT('',(21.014148324832,-6.51195594134,0.));
#4104 = VECTOR('',#4105,1.);
#4105 = DIRECTION('',(0.,0.,1.));
#4106 = ORIENTED_EDGE('',*,*,#3697,.T.);
#4107 = ORIENTED_EDGE('',*,*,#4067,.F.);
#4108 = ORIENTED_EDGE('',*,*,#1861,.F.);
#4109 = PLANE('',#4110);
#4110 = AXIS2_PLACEMENT_3D('',#4111,#4112,#4113);
#4111 = CARTESIAN_POINT('',(21.014148324832,-6.51195594134,0.));
#4112 = DIRECTION('',(-0.959142396457,0.282923776517,0.));
#4113 = DIRECTION('',(0.282923776517,0.959142396457,0.));
#4114 = ADVANCED_FACE('',(#4115),#4126,.F.);
#4115 = FACE_BOUND('',#4116,.F.);
#4116 = EDGE_LOOP('',(#4117,#4118,#4119,#4125));
#4117 = ORIENTED_EDGE('',*,*,#4086,.T.);
#4118 = ORIENTED_EDGE('',*,*,#2033,.T.);
#4119 = ORIENTED_EDGE('',*,*,#4120,.F.);
#4120 = EDGE_CURVE('',#198,#2034,#4121,.T.);
#4121 = LINE('',#4122,#4123);
#4122 = CARTESIAN_POINT('',(22.774173745536,7.572120588591,0.));
#4123 = VECTOR('',#4124,1.);
#4124 = DIRECTION('',(0.,0.,1.));
#4125 = ORIENTED_EDGE('',*,*,#197,.F.);
#4126 = PLANE('',#4127);
#4127 = AXIS2_PLACEMENT_3D('',#4128,#4129,#4130);
#4128 = CARTESIAN_POINT('',(21.014148324832,6.51195594134,0.));
#4129 = DIRECTION('',(-0.515979911758,0.856600683319,0.));
#4130 = DIRECTION('',(0.856600683319,0.515979911758,0.));
#4131 = ADVANCED_FACE('',(#4132),#4143,.F.);
#4132 = FACE_BOUND('',#4133,.F.);
#4133 = EDGE_LOOP('',(#4134,#4140,#4141,#4142));
#4134 = ORIENTED_EDGE('',*,*,#4135,.T.);
#4135 = EDGE_CURVE('',#1846,#3682,#4136,.T.);
#4136 = LINE('',#4137,#4138);
#4137 = CARTESIAN_POINT('',(22.774173745536,-7.572120588591,0.));
#4138 = VECTOR('',#4139,1.);
#4139 = DIRECTION('',(0.,0.,1.));
#4140 = ORIENTED_EDGE('',*,*,#3689,.T.);
#4141 = ORIENTED_EDGE('',*,*,#4101,.F.);
#4142 = ORIENTED_EDGE('',*,*,#1853,.F.);
#4143 = PLANE('',#4144);
#4144 = AXIS2_PLACEMENT_3D('',#4145,#4146,#4147);
#4145 = CARTESIAN_POINT('',(22.774173745536,-7.572120588591,0.));
#4146 = DIRECTION('',(-0.515979911758,-0.856600683319,0.));
#4147 = DIRECTION('',(-0.856600683319,0.515979911758,0.));
#4148 = ADVANCED_FACE('',(#4149),#4160,.F.);
#4149 = FACE_BOUND('',#4150,.F.);
#4150 = EDGE_LOOP('',(#4151,#4152,#4153,#4159));
#4151 = ORIENTED_EDGE('',*,*,#4120,.T.);
#4152 = ORIENTED_EDGE('',*,*,#2041,.T.);
#4153 = ORIENTED_EDGE('',*,*,#4154,.F.);
#4154 = EDGE_CURVE('',#206,#2042,#4155,.T.);
#4155 = LINE('',#4156,#4157);
#4156 = CARTESIAN_POINT('',(22.444857727319,8.498727057649,0.));
#4157 = VECTOR('',#4158,1.);
#4158 = DIRECTION('',(0.,0.,1.));
#4159 = ORIENTED_EDGE('',*,*,#205,.F.);
#4160 = PLANE('',#4161);
#4161 = AXIS2_PLACEMENT_3D('',#4162,#4163,#4164);
#4162 = CARTESIAN_POINT('',(22.774173745536,7.572120588591,0.));
#4163 = DIRECTION('',(-0.942260922119,-0.334879612171,0.));
#4164 = DIRECTION('',(-0.334879612171,0.942260922119,0.));
#4165 = ADVANCED_FACE('',(#4166),#4177,.F.);
#4166 = FACE_BOUND('',#4167,.F.);
#4167 = EDGE_LOOP('',(#4168,#4174,#4175,#4176));
#4168 = ORIENTED_EDGE('',*,*,#4169,.T.);
#4169 = EDGE_CURVE('',#1838,#3674,#4170,.T.);
#4170 = LINE('',#4171,#4172);
#4171 = CARTESIAN_POINT('',(22.444857727319,-8.498727057649,0.));
#4172 = VECTOR('',#4173,1.);
#4173 = DIRECTION('',(0.,0.,1.));
#4174 = ORIENTED_EDGE('',*,*,#3681,.T.);
#4175 = ORIENTED_EDGE('',*,*,#4135,.F.);
#4176 = ORIENTED_EDGE('',*,*,#1845,.F.);
#4177 = PLANE('',#4178);
#4178 = AXIS2_PLACEMENT_3D('',#4179,#4180,#4181);
#4179 = CARTESIAN_POINT('',(22.444857727319,-8.498727057649,0.));
#4180 = DIRECTION('',(-0.942260922119,0.334879612171,0.));
#4181 = DIRECTION('',(0.334879612171,0.942260922119,0.));
#4182 = ADVANCED_FACE('',(#4183),#4194,.F.);
#4183 = FACE_BOUND('',#4184,.F.);
#4184 = EDGE_LOOP('',(#4185,#4186,#4187,#4193));
#4185 = ORIENTED_EDGE('',*,*,#4154,.T.);
#4186 = ORIENTED_EDGE('',*,*,#2049,.T.);
#4187 = ORIENTED_EDGE('',*,*,#4188,.F.);
#4188 = EDGE_CURVE('',#214,#2050,#4189,.T.);
#4189 = LINE('',#4190,#4191);
#4190 = CARTESIAN_POINT('',(20.410529008672,8.210377919814,0.));
#4191 = VECTOR('',#4192,1.);
#4192 = DIRECTION('',(0.,0.,1.));
#4193 = ORIENTED_EDGE('',*,*,#213,.F.);
#4194 = PLANE('',#4195);
#4195 = AXIS2_PLACEMENT_3D('',#4196,#4197,#4198);
#4196 = CARTESIAN_POINT('',(22.444857727319,8.498727057649,0.));
#4197 = DIRECTION('',(0.140338921017,-0.9901035235,0.));
#4198 = DIRECTION('',(-0.9901035235,-0.140338921017,0.));
#4199 = ADVANCED_FACE('',(#4200),#4211,.F.);
#4200 = FACE_BOUND('',#4201,.F.);
#4201 = EDGE_LOOP('',(#4202,#4208,#4209,#4210));
#4202 = ORIENTED_EDGE('',*,*,#4203,.T.);
#4203 = EDGE_CURVE('',#1830,#3666,#4204,.T.);
#4204 = LINE('',#4205,#4206);
#4205 = CARTESIAN_POINT('',(20.410529008672,-8.210377919814,0.));
#4206 = VECTOR('',#4207,1.);
#4207 = DIRECTION('',(0.,0.,1.));
#4208 = ORIENTED_EDGE('',*,*,#3673,.T.);
#4209 = ORIENTED_EDGE('',*,*,#4169,.F.);
#4210 = ORIENTED_EDGE('',*,*,#1837,.F.);
#4211 = PLANE('',#4212);
#4212 = AXIS2_PLACEMENT_3D('',#4213,#4214,#4215);
#4213 = CARTESIAN_POINT('',(20.410529008672,-8.210377919814,0.));
#4214 = DIRECTION('',(0.140338921017,0.9901035235,0.));
#4215 = DIRECTION('',(0.9901035235,-0.140338921017,0.));
#4216 = ADVANCED_FACE('',(#4217),#4228,.F.);
#4217 = FACE_BOUND('',#4218,.F.);
#4218 = EDGE_LOOP('',(#4219,#4220,#4221,#4227));
#4219 = ORIENTED_EDGE('',*,*,#4188,.T.);
#4220 = ORIENTED_EDGE('',*,*,#2057,.T.);
#4221 = ORIENTED_EDGE('',*,*,#4222,.F.);
#4222 = EDGE_CURVE('',#222,#2058,#4223,.T.);
#4223 = LINE('',#4224,#4225);
#4224 = CARTESIAN_POINT('',(20.17864863312,8.764823976617,0.));
#4225 = VECTOR('',#4226,1.);
#4226 = DIRECTION('',(0.,0.,1.));
#4227 = ORIENTED_EDGE('',*,*,#221,.F.);
#4228 = PLANE('',#4229);
#4229 = AXIS2_PLACEMENT_3D('',#4230,#4231,#4232);
#4230 = CARTESIAN_POINT('',(20.410529008672,8.210377919814,0.));
#4231 = DIRECTION('',(-0.922567370848,-0.385836035443,0.));
#4232 = DIRECTION('',(-0.385836035443,0.922567370848,0.));
#4233 = ADVANCED_FACE('',(#4234),#4245,.F.);
#4234 = FACE_BOUND('',#4235,.F.);
#4235 = EDGE_LOOP('',(#4236,#4242,#4243,#4244));
#4236 = ORIENTED_EDGE('',*,*,#4237,.T.);
#4237 = EDGE_CURVE('',#1822,#3658,#4238,.T.);
#4238 = LINE('',#4239,#4240);
#4239 = CARTESIAN_POINT('',(20.17864863312,-8.764823976617,0.));
#4240 = VECTOR('',#4241,1.);
#4241 = DIRECTION('',(0.,0.,1.));
#4242 = ORIENTED_EDGE('',*,*,#3665,.T.);
#4243 = ORIENTED_EDGE('',*,*,#4203,.F.);
#4244 = ORIENTED_EDGE('',*,*,#1829,.F.);
#4245 = PLANE('',#4246);
#4246 = AXIS2_PLACEMENT_3D('',#4247,#4248,#4249);
#4247 = CARTESIAN_POINT('',(20.17864863312,-8.764823976617,0.));
#4248 = DIRECTION('',(-0.922567370848,0.385836035443,0.));
#4249 = DIRECTION('',(0.385836035443,0.922567370848,0.));
#4250 = ADVANCED_FACE('',(#4251),#4262,.F.);
#4251 = FACE_BOUND('',#4252,.F.);
#4252 = EDGE_LOOP('',(#4253,#4254,#4255,#4261));
#4253 = ORIENTED_EDGE('',*,*,#4222,.T.);
#4254 = ORIENTED_EDGE('',*,*,#2065,.T.);
#4255 = ORIENTED_EDGE('',*,*,#4256,.F.);
#4256 = EDGE_CURVE('',#230,#2066,#4257,.T.);
#4257 = LINE('',#4258,#4259);
#4258 = CARTESIAN_POINT('',(19.93171019374,9.312729393297,0.));
#4259 = VECTOR('',#4260,1.);
#4260 = DIRECTION('',(0.,0.,1.));
#4261 = ORIENTED_EDGE('',*,*,#229,.F.);
#4262 = PLANE('',#4263);
#4263 = AXIS2_PLACEMENT_3D('',#4264,#4265,#4266);
#4264 = CARTESIAN_POINT('',(20.17864863312,8.764823976617,0.));
#4265 = DIRECTION('',(-0.91168410982,-0.410891815327,0.));
#4266 = DIRECTION('',(-0.410891815327,0.91168410982,0.));
#4267 = ADVANCED_FACE('',(#4268),#4279,.F.);
#4268 = FACE_BOUND('',#4269,.F.);
#4269 = EDGE_LOOP('',(#4270,#4276,#4277,#4278));
#4270 = ORIENTED_EDGE('',*,*,#4271,.T.);
#4271 = EDGE_CURVE('',#1814,#3650,#4272,.T.);
#4272 = LINE('',#4273,#4274);
#4273 = CARTESIAN_POINT('',(19.93171019374,-9.312729393297,0.));
#4274 = VECTOR('',#4275,1.);
#4275 = DIRECTION('',(0.,0.,1.));
#4276 = ORIENTED_EDGE('',*,*,#3657,.T.);
#4277 = ORIENTED_EDGE('',*,*,#4237,.F.);
#4278 = ORIENTED_EDGE('',*,*,#1821,.F.);
#4279 = PLANE('',#4280);
#4280 = AXIS2_PLACEMENT_3D('',#4281,#4282,#4283);
#4281 = CARTESIAN_POINT('',(19.93171019374,-9.312729393297,0.));
#4282 = DIRECTION('',(-0.91168410982,0.410891815327,0.));
#4283 = DIRECTION('',(0.410891815327,0.91168410982,0.));
#4284 = ADVANCED_FACE('',(#4285),#4296,.F.);
#4285 = FACE_BOUND('',#4286,.F.);
#4286 = EDGE_LOOP('',(#4287,#4288,#4289,#4295));
#4287 = ORIENTED_EDGE('',*,*,#4256,.T.);
#4288 = ORIENTED_EDGE('',*,*,#2073,.T.);
#4289 = ORIENTED_EDGE('',*,*,#4290,.F.);
#4290 = EDGE_CURVE('',#238,#2074,#4291,.T.);
#4291 = LINE('',#4292,#4293);
#4292 = CARTESIAN_POINT('',(21.530983575191,10.602676373675,0.));
#4293 = VECTOR('',#4294,1.);
#4294 = DIRECTION('',(0.,0.,1.));
#4295 = ORIENTED_EDGE('',*,*,#237,.F.);
#4296 = PLANE('',#4297);
#4297 = AXIS2_PLACEMENT_3D('',#4298,#4299,#4300);
#4298 = CARTESIAN_POINT('',(19.93171019374,9.312729393297,0.));
#4299 = DIRECTION('',(-0.627814491677,0.778363002744,0.));
#4300 = DIRECTION('',(0.778363002744,0.627814491677,0.));
#4301 = ADVANCED_FACE('',(#4302),#4313,.F.);
#4302 = FACE_BOUND('',#4303,.F.);
#4303 = EDGE_LOOP('',(#4304,#4310,#4311,#4312));
#4304 = ORIENTED_EDGE('',*,*,#4305,.T.);
#4305 = EDGE_CURVE('',#1806,#3642,#4306,.T.);
#4306 = LINE('',#4307,#4308);
#4307 = CARTESIAN_POINT('',(21.530983575191,-10.60267637367,0.));
#4308 = VECTOR('',#4309,1.);
#4309 = DIRECTION('',(0.,0.,1.));
#4310 = ORIENTED_EDGE('',*,*,#3649,.T.);
#4311 = ORIENTED_EDGE('',*,*,#4271,.F.);
#4312 = ORIENTED_EDGE('',*,*,#1813,.F.);
#4313 = PLANE('',#4314);
#4314 = AXIS2_PLACEMENT_3D('',#4315,#4316,#4317);
#4315 = CARTESIAN_POINT('',(21.530983575191,-10.60267637367,0.));
#4316 = DIRECTION('',(-0.627814491677,-0.778363002744,0.));
#4317 = DIRECTION('',(-0.778363002744,0.627814491677,0.));
#4318 = ADVANCED_FACE('',(#4319),#4330,.F.);
#4319 = FACE_BOUND('',#4320,.F.);
#4320 = EDGE_LOOP('',(#4321,#4322,#4323,#4329));
#4321 = ORIENTED_EDGE('',*,*,#4290,.T.);
#4322 = ORIENTED_EDGE('',*,*,#2081,.T.);
#4323 = ORIENTED_EDGE('',*,*,#4324,.F.);
#4324 = EDGE_CURVE('',#246,#2082,#4325,.T.);
#4325 = LINE('',#4326,#4327);
#4326 = CARTESIAN_POINT('',(21.078561926216,11.475810521383,0.));
#4327 = VECTOR('',#4328,1.);
#4328 = DIRECTION('',(0.,0.,1.));
#4329 = ORIENTED_EDGE('',*,*,#245,.F.);
#4330 = PLANE('',#4331);
#4331 = AXIS2_PLACEMENT_3D('',#4332,#4333,#4334);
#4332 = CARTESIAN_POINT('',(21.530983575191,10.602676373675,0.));
#4333 = DIRECTION('',(-0.887885218402,-0.460065037731,0.));
#4334 = DIRECTION('',(-0.460065037731,0.887885218402,0.));
#4335 = ADVANCED_FACE('',(#4336),#4347,.F.);
#4336 = FACE_BOUND('',#4337,.F.);
#4337 = EDGE_LOOP('',(#4338,#4344,#4345,#4346));
#4338 = ORIENTED_EDGE('',*,*,#4339,.T.);
#4339 = EDGE_CURVE('',#1798,#3634,#4340,.T.);
#4340 = LINE('',#4341,#4342);
#4341 = CARTESIAN_POINT('',(21.078561926216,-11.47581052138,0.));
#4342 = VECTOR('',#4343,1.);
#4343 = DIRECTION('',(0.,0.,1.));
#4344 = ORIENTED_EDGE('',*,*,#3641,.T.);
#4345 = ORIENTED_EDGE('',*,*,#4305,.F.);
#4346 = ORIENTED_EDGE('',*,*,#1805,.F.);
#4347 = PLANE('',#4348);
#4348 = AXIS2_PLACEMENT_3D('',#4349,#4350,#4351);
#4349 = CARTESIAN_POINT('',(21.078561926216,-11.47581052138,0.));
#4350 = DIRECTION('',(-0.887885218402,0.460065037731,0.));
#4351 = DIRECTION('',(0.460065037731,0.887885218402,0.));
#4352 = ADVANCED_FACE('',(#4353),#4364,.F.);
#4353 = FACE_BOUND('',#4354,.F.);
#4354 = EDGE_LOOP('',(#4355,#4356,#4357,#4363));
#4355 = ORIENTED_EDGE('',*,*,#4324,.T.);
#4356 = ORIENTED_EDGE('',*,*,#2089,.T.);
#4357 = ORIENTED_EDGE('',*,*,#4358,.F.);
#4358 = EDGE_CURVE('',#254,#2090,#4359,.T.);
#4359 = LINE('',#4360,#4361);
#4360 = CARTESIAN_POINT('',(19.102444590903,10.913139358199,0.));
#4361 = VECTOR('',#4362,1.);
#4362 = DIRECTION('',(0.,0.,1.));
#4363 = ORIENTED_EDGE('',*,*,#253,.F.);
#4364 = PLANE('',#4365);
#4365 = AXIS2_PLACEMENT_3D('',#4366,#4367,#4368);
#4366 = CARTESIAN_POINT('',(21.078561926216,11.475810521383,0.));
#4367 = DIRECTION('',(0.273850875787,-0.96177216524,0.));
#4368 = DIRECTION('',(-0.96177216524,-0.273850875787,0.));
#4369 = ADVANCED_FACE('',(#4370),#4381,.F.);
#4370 = FACE_BOUND('',#4371,.F.);
#4371 = EDGE_LOOP('',(#4372,#4378,#4379,#4380));
#4372 = ORIENTED_EDGE('',*,*,#4373,.T.);
#4373 = EDGE_CURVE('',#1790,#3626,#4374,.T.);
#4374 = LINE('',#4375,#4376);
#4375 = CARTESIAN_POINT('',(19.102444590903,-10.91313935819,0.));
#4376 = VECTOR('',#4377,1.);
#4377 = DIRECTION('',(0.,0.,1.));
#4378 = ORIENTED_EDGE('',*,*,#3633,.T.);
#4379 = ORIENTED_EDGE('',*,*,#4339,.F.);
#4380 = ORIENTED_EDGE('',*,*,#1797,.F.);
#4381 = PLANE('',#4382);
#4382 = AXIS2_PLACEMENT_3D('',#4383,#4384,#4385);
#4383 = CARTESIAN_POINT('',(19.102444590903,-10.91313935819,0.));
#4384 = DIRECTION('',(0.273850875787,0.96177216524,0.));
#4385 = DIRECTION('',(0.96177216524,-0.273850875787,0.));
#4386 = ADVANCED_FACE('',(#4387),#4398,.F.);
#4387 = FACE_BOUND('',#4388,.F.);
#4388 = EDGE_LOOP('',(#4389,#4390,#4391,#4397));
#4389 = ORIENTED_EDGE('',*,*,#4358,.T.);
#4390 = ORIENTED_EDGE('',*,*,#2097,.T.);
#4391 = ORIENTED_EDGE('',*,*,#4392,.F.);
#4392 = EDGE_CURVE('',#262,#2098,#4393,.T.);
#4393 = LINE('',#4394,#4395);
#4394 = CARTESIAN_POINT('',(18.797226900023,11.43084690078,0.));
#4395 = VECTOR('',#4396,1.);
#4396 = DIRECTION('',(0.,0.,1.));
#4397 = ORIENTED_EDGE('',*,*,#261,.F.);
#4398 = PLANE('',#4399);
#4399 = AXIS2_PLACEMENT_3D('',#4400,#4401,#4402);
#4400 = CARTESIAN_POINT('',(19.102444590903,10.913139358199,0.));
#4401 = DIRECTION('',(-0.861436528524,-0.507865245242,0.));
#4402 = DIRECTION('',(-0.507865245242,0.861436528524,0.));
#4403 = ADVANCED_FACE('',(#4404),#4415,.F.);
#4404 = FACE_BOUND('',#4405,.F.);
#4405 = EDGE_LOOP('',(#4406,#4412,#4413,#4414));
#4406 = ORIENTED_EDGE('',*,*,#4407,.T.);
#4407 = EDGE_CURVE('',#1782,#3618,#4408,.T.);
#4408 = LINE('',#4409,#4410);
#4409 = CARTESIAN_POINT('',(18.797226900023,-11.43084690078,0.));
#4410 = VECTOR('',#4411,1.);
#4411 = DIRECTION('',(0.,0.,1.));
#4412 = ORIENTED_EDGE('',*,*,#3625,.T.);
#4413 = ORIENTED_EDGE('',*,*,#4373,.F.);
#4414 = ORIENTED_EDGE('',*,*,#1789,.F.);
#4415 = PLANE('',#4416);
#4416 = AXIS2_PLACEMENT_3D('',#4417,#4418,#4419);
#4417 = CARTESIAN_POINT('',(18.797226900023,-11.43084690078,0.));
#4418 = DIRECTION('',(-0.861436528524,0.507865245242,0.));
#4419 = DIRECTION('',(0.507865245242,0.861436528524,0.));
#4420 = ADVANCED_FACE('',(#4421),#4432,.F.);
#4421 = FACE_BOUND('',#4422,.F.);
#4422 = EDGE_LOOP('',(#4423,#4424,#4425,#4431));
#4423 = ORIENTED_EDGE('',*,*,#4392,.T.);
#4424 = ORIENTED_EDGE('',*,*,#2105,.T.);
#4425 = ORIENTED_EDGE('',*,*,#4426,.F.);
#4426 = EDGE_CURVE('',#270,#2106,#4427,.T.);
#4427 = LINE('',#4428,#4429);
#4428 = CARTESIAN_POINT('',(18.477982013982,11.940024317018,0.));
#4429 = VECTOR('',#4430,1.);
#4430 = DIRECTION('',(0.,0.,1.));
#4431 = ORIENTED_EDGE('',*,*,#269,.F.);
#4432 = PLANE('',#4433);
#4433 = AXIS2_PLACEMENT_3D('',#4434,#4435,#4436);
#4434 = CARTESIAN_POINT('',(18.797226900023,11.43084690078,0.));
#4435 = DIRECTION('',(-0.847242873189,-0.531205717054,0.));
#4436 = DIRECTION('',(-0.531205717054,0.847242873189,0.));
#4437 = ADVANCED_FACE('',(#4438),#4449,.F.);
#4438 = FACE_BOUND('',#4439,.F.);
#4439 = EDGE_LOOP('',(#4440,#4446,#4447,#4448));
#4440 = ORIENTED_EDGE('',*,*,#4441,.T.);
#4441 = EDGE_CURVE('',#1774,#3610,#4442,.T.);
#4442 = LINE('',#4443,#4444);
#4443 = CARTESIAN_POINT('',(18.477982013982,-11.94002431701,0.));
#4444 = VECTOR('',#4445,1.);
#4445 = DIRECTION('',(0.,0.,1.));
#4446 = ORIENTED_EDGE('',*,*,#3617,.T.);
#4447 = ORIENTED_EDGE('',*,*,#4407,.F.);
#4448 = ORIENTED_EDGE('',*,*,#1781,.F.);
#4449 = PLANE('',#4450);
#4450 = AXIS2_PLACEMENT_3D('',#4451,#4452,#4453);
#4451 = CARTESIAN_POINT('',(18.477982013982,-11.94002431701,0.));
#4452 = DIRECTION('',(-0.847242873189,0.531205717054,0.));
#4453 = DIRECTION('',(0.531205717054,0.847242873189,0.));
#4454 = ADVANCED_FACE('',(#4455),#4466,.F.);
#4455 = FACE_BOUND('',#4456,.F.);
#4456 = EDGE_LOOP('',(#4457,#4458,#4459,#4465));
#4457 = ORIENTED_EDGE('',*,*,#4426,.T.);
#4458 = ORIENTED_EDGE('',*,*,#2113,.T.);
#4459 = ORIENTED_EDGE('',*,*,#4460,.F.);
#4460 = EDGE_CURVE('',#278,#2114,#4461,.T.);
#4461 = LINE('',#4462,#4463);
#4462 = CARTESIAN_POINT('',(19.886711919025,13.435724358951,0.));
#4463 = VECTOR('',#4464,1.);
#4464 = DIRECTION('',(0.,0.,1.));
#4465 = ORIENTED_EDGE('',*,*,#277,.F.);
#4466 = PLANE('',#4467);
#4467 = AXIS2_PLACEMENT_3D('',#4468,#4469,#4470);
#4468 = CARTESIAN_POINT('',(18.477982013982,11.940024317018,0.));
#4469 = DIRECTION('',(-0.727954075486,0.685625892148,0.));
#4470 = DIRECTION('',(0.685625892148,0.727954075486,0.));
#4471 = ADVANCED_FACE('',(#4472),#4483,.F.);
#4472 = FACE_BOUND('',#4473,.F.);
#4473 = EDGE_LOOP('',(#4474,#4480,#4481,#4482));
#4474 = ORIENTED_EDGE('',*,*,#4475,.T.);
#4475 = EDGE_CURVE('',#1766,#3602,#4476,.T.);
#4476 = LINE('',#4477,#4478);
#4477 = CARTESIAN_POINT('',(19.886711919025,-13.43572435895,0.));
#4478 = VECTOR('',#4479,1.);
#4479 = DIRECTION('',(0.,0.,1.));
#4480 = ORIENTED_EDGE('',*,*,#3609,.T.);
#4481 = ORIENTED_EDGE('',*,*,#4441,.F.);
#4482 = ORIENTED_EDGE('',*,*,#1773,.F.);
#4483 = PLANE('',#4484);
#4484 = AXIS2_PLACEMENT_3D('',#4485,#4486,#4487);
#4485 = CARTESIAN_POINT('',(19.886711919025,-13.43572435895,0.));
#4486 = DIRECTION('',(-0.727954075486,-0.685625892148,0.));
#4487 = DIRECTION('',(-0.685625892148,0.727954075486,0.));
#4488 = ADVANCED_FACE('',(#4489),#4500,.F.);
#4489 = FACE_BOUND('',#4490,.F.);
#4490 = EDGE_LOOP('',(#4491,#4492,#4493,#4499));
#4491 = ORIENTED_EDGE('',*,*,#4460,.T.);
#4492 = ORIENTED_EDGE('',*,*,#2121,.T.);
#4493 = ORIENTED_EDGE('',*,*,#4494,.F.);
#4494 = EDGE_CURVE('',#286,#2122,#4495,.T.);
#4495 = LINE('',#4496,#4497);
#4496 = CARTESIAN_POINT('',(19.319612398599,14.23912134817,0.));
#4497 = VECTOR('',#4498,1.);
#4498 = DIRECTION('',(0.,0.,1.));
#4499 = ORIENTED_EDGE('',*,*,#285,.F.);
#4500 = PLANE('',#4501);
#4501 = AXIS2_PLACEMENT_3D('',#4502,#4503,#4504);
#4502 = CARTESIAN_POINT('',(19.886711919025,13.435724358951,0.));
#4503 = DIRECTION('',(-0.81696989301,-0.576680322115,0.));
#4504 = DIRECTION('',(-0.576680322115,0.81696989301,0.));
#4505 = ADVANCED_FACE('',(#4506),#4517,.F.);
#4506 = FACE_BOUND('',#4507,.F.);
#4507 = EDGE_LOOP('',(#4508,#4514,#4515,#4516));
#4508 = ORIENTED_EDGE('',*,*,#4509,.T.);
#4509 = EDGE_CURVE('',#1758,#3594,#4510,.T.);
#4510 = LINE('',#4511,#4512);
#4511 = CARTESIAN_POINT('',(19.319612398599,-14.23912134817,0.));
#4512 = VECTOR('',#4513,1.);
#4513 = DIRECTION('',(0.,0.,1.));
#4514 = ORIENTED_EDGE('',*,*,#3601,.T.);
#4515 = ORIENTED_EDGE('',*,*,#4475,.F.);
#4516 = ORIENTED_EDGE('',*,*,#1765,.F.);
#4517 = PLANE('',#4518);
#4518 = AXIS2_PLACEMENT_3D('',#4519,#4520,#4521);
#4519 = CARTESIAN_POINT('',(19.319612398599,-14.23912134817,0.));
#4520 = DIRECTION('',(-0.81696989301,0.576680322115,0.));
#4521 = DIRECTION('',(0.576680322115,0.81696989301,0.));
#4522 = ADVANCED_FACE('',(#4523),#4534,.F.);
#4523 = FACE_BOUND('',#4524,.F.);
#4524 = EDGE_LOOP('',(#4525,#4526,#4527,#4533));
#4525 = ORIENTED_EDGE('',*,*,#4494,.T.);
#4526 = ORIENTED_EDGE('',*,*,#2129,.T.);
#4527 = ORIENTED_EDGE('',*,*,#4528,.F.);
#4528 = EDGE_CURVE('',#294,#2130,#4529,.T.);
#4529 = LINE('',#4530,#4531);
#4530 = CARTESIAN_POINT('',(17.438517773619,13.412609658794,0.));
#4531 = VECTOR('',#4532,1.);
#4532 = DIRECTION('',(0.,0.,1.));
#4533 = ORIENTED_EDGE('',*,*,#293,.F.);
#4534 = PLANE('',#4535);
#4535 = AXIS2_PLACEMENT_3D('',#4536,#4537,#4538);
#4536 = CARTESIAN_POINT('',(19.319612398599,14.23912134817,0.));
#4537 = DIRECTION('',(0.402261506886,-0.915524811284,0.));
#4538 = DIRECTION('',(-0.915524811284,-0.402261506886,0.));
#4539 = ADVANCED_FACE('',(#4540),#4551,.F.);
#4540 = FACE_BOUND('',#4541,.F.);
#4541 = EDGE_LOOP('',(#4542,#4548,#4549,#4550));
#4542 = ORIENTED_EDGE('',*,*,#4543,.T.);
#4543 = EDGE_CURVE('',#1750,#3586,#4544,.T.);
#4544 = LINE('',#4545,#4546);
#4545 = CARTESIAN_POINT('',(17.438517773619,-13.41260965879,0.));
#4546 = VECTOR('',#4547,1.);
#4547 = DIRECTION('',(0.,0.,1.));
#4548 = ORIENTED_EDGE('',*,*,#3593,.T.);
#4549 = ORIENTED_EDGE('',*,*,#4509,.F.);
#4550 = ORIENTED_EDGE('',*,*,#1757,.F.);
#4551 = PLANE('',#4552);
#4552 = AXIS2_PLACEMENT_3D('',#4553,#4554,#4555);
#4553 = CARTESIAN_POINT('',(17.438517773619,-13.41260965879,0.));
#4554 = DIRECTION('',(0.402261506886,0.915524811284,0.));
#4555 = DIRECTION('',(0.915524811284,-0.402261506886,0.));
#4556 = ADVANCED_FACE('',(#4557),#4568,.F.);
#4557 = FACE_BOUND('',#4558,.F.);
#4558 = EDGE_LOOP('',(#4559,#4560,#4561,#4567));
#4559 = ORIENTED_EDGE('',*,*,#4528,.T.);
#4560 = ORIENTED_EDGE('',*,*,#2137,.T.);
#4561 = ORIENTED_EDGE('',*,*,#4562,.F.);
#4562 = EDGE_CURVE('',#302,#2138,#4563,.T.);
#4563 = LINE('',#4564,#4565);
#4564 = CARTESIAN_POINT('',(17.065648395497,13.883934775173,0.));
#4565 = VECTOR('',#4566,1.);
#4566 = DIRECTION('',(0.,0.,1.));
#4567 = ORIENTED_EDGE('',*,*,#301,.F.);
#4568 = PLANE('',#4569);
#4569 = AXIS2_PLACEMENT_3D('',#4570,#4571,#4572);
#4570 = CARTESIAN_POINT('',(17.438517773619,13.412609658794,0.));
#4571 = DIRECTION('',(-0.784258753574,-0.62043388644,0.));
#4572 = DIRECTION('',(-0.62043388644,0.784258753574,0.));
#4573 = ADVANCED_FACE('',(#4574),#4585,.F.);
#4574 = FACE_BOUND('',#4575,.F.);
#4575 = EDGE_LOOP('',(#4576,#4582,#4583,#4584));
#4576 = ORIENTED_EDGE('',*,*,#4577,.T.);
#4577 = EDGE_CURVE('',#1742,#3578,#4578,.T.);
#4578 = LINE('',#4579,#4580);
#4579 = CARTESIAN_POINT('',(17.065648395497,-13.88393477517,0.));
#4580 = VECTOR('',#4581,1.);
#4581 = DIRECTION('',(0.,0.,1.));
#4582 = ORIENTED_EDGE('',*,*,#3585,.T.);
#4583 = ORIENTED_EDGE('',*,*,#4543,.F.);
#4584 = ORIENTED_EDGE('',*,*,#1749,.F.);
#4585 = PLANE('',#4586);
#4586 = AXIS2_PLACEMENT_3D('',#4587,#4588,#4589);
#4587 = CARTESIAN_POINT('',(17.065648395497,-13.88393477517,0.));
#4588 = DIRECTION('',(-0.784258753574,0.62043388644,0.));
#4589 = DIRECTION('',(0.62043388644,0.784258753574,0.));
#4590 = ADVANCED_FACE('',(#4591),#4602,.F.);
#4591 = FACE_BOUND('',#4592,.F.);
#4592 = EDGE_LOOP('',(#4593,#4594,#4595,#4601));
#4593 = ORIENTED_EDGE('',*,*,#4562,.T.);
#4594 = ORIENTED_EDGE('',*,*,#2145,.T.);
#4595 = ORIENTED_EDGE('',*,*,#4596,.F.);
#4596 = EDGE_CURVE('',#310,#2146,#4597,.T.);
#4597 = LINE('',#4598,#4599);
#4598 = CARTESIAN_POINT('',(16.680043990988,14.344899179106,0.));
#4599 = VECTOR('',#4600,1.);
#4600 = DIRECTION('',(0.,0.,1.));
#4601 = ORIENTED_EDGE('',*,*,#309,.F.);
#4602 = PLANE('',#4603);
#4603 = AXIS2_PLACEMENT_3D('',#4604,#4605,#4606);
#4604 = CARTESIAN_POINT('',(17.065648395497,13.883934775173,0.));
#4605 = DIRECTION('',(-0.767019104876,-0.641624261352,0.));
#4606 = DIRECTION('',(-0.641624261352,0.767019104876,0.));
#4607 = ADVANCED_FACE('',(#4608),#4619,.F.);
#4608 = FACE_BOUND('',#4609,.F.);
#4609 = EDGE_LOOP('',(#4610,#4616,#4617,#4618));
#4610 = ORIENTED_EDGE('',*,*,#4611,.T.);
#4611 = EDGE_CURVE('',#1734,#3570,#4612,.T.);
#4612 = LINE('',#4613,#4614);
#4613 = CARTESIAN_POINT('',(16.680043990988,-14.3448991791,0.));
#4614 = VECTOR('',#4615,1.);
#4615 = DIRECTION('',(0.,0.,1.));
#4616 = ORIENTED_EDGE('',*,*,#3577,.T.);
#4617 = ORIENTED_EDGE('',*,*,#4577,.F.);
#4618 = ORIENTED_EDGE('',*,*,#1741,.F.);
#4619 = PLANE('',#4620);
#4620 = AXIS2_PLACEMENT_3D('',#4621,#4622,#4623);
#4621 = CARTESIAN_POINT('',(16.680043990988,-14.3448991791,0.));
#4622 = DIRECTION('',(-0.767019104876,0.641624261352,0.));
#4623 = DIRECTION('',(0.641624261352,0.767019104876,0.));
#4624 = ADVANCED_FACE('',(#4625),#4636,.F.);
#4625 = FACE_BOUND('',#4626,.F.);
#4626 = EDGE_LOOP('',(#4627,#4628,#4629,#4635));
#4627 = ORIENTED_EDGE('',*,*,#4596,.T.);
#4628 = ORIENTED_EDGE('',*,*,#2153,.T.);
#4629 = ORIENTED_EDGE('',*,*,#4630,.F.);
#4630 = EDGE_CURVE('',#318,#2154,#4631,.T.);
#4631 = LINE('',#4632,#4633);
#4632 = CARTESIAN_POINT('',(17.871988446912,16.018490220787,0.));
#4633 = VECTOR('',#4634,1.);
#4634 = DIRECTION('',(0.,0.,1.));
#4635 = ORIENTED_EDGE('',*,*,#317,.F.);
#4636 = PLANE('',#4637);
#4637 = AXIS2_PLACEMENT_3D('',#4638,#4639,#4640);
#4638 = CARTESIAN_POINT('',(16.680043990988,14.344899179106,0.));
#4639 = DIRECTION('',(-0.814533252211,0.580116868434,0.));
#4640 = DIRECTION('',(0.580116868434,0.814533252211,0.));
#4641 = ADVANCED_FACE('',(#4642),#4653,.F.);
#4642 = FACE_BOUND('',#4643,.F.);
#4643 = EDGE_LOOP('',(#4644,#4650,#4651,#4652));
#4644 = ORIENTED_EDGE('',*,*,#4645,.T.);
#4645 = EDGE_CURVE('',#1726,#3562,#4646,.T.);
#4646 = LINE('',#4647,#4648);
#4647 = CARTESIAN_POINT('',(17.871988446912,-16.01849022078,0.));
#4648 = VECTOR('',#4649,1.);
#4649 = DIRECTION('',(0.,0.,1.));
#4650 = ORIENTED_EDGE('',*,*,#3569,.T.);
#4651 = ORIENTED_EDGE('',*,*,#4611,.F.);
#4652 = ORIENTED_EDGE('',*,*,#1733,.F.);
#4653 = PLANE('',#4654);
#4654 = AXIS2_PLACEMENT_3D('',#4655,#4656,#4657);
#4655 = CARTESIAN_POINT('',(17.871988446912,-16.01849022078,0.));
#4656 = DIRECTION('',(-0.814533252211,-0.580116868434,0.));
#4657 = DIRECTION('',(-0.580116868434,0.814533252211,0.));
#4658 = ADVANCED_FACE('',(#4659),#4670,.F.);
#4659 = FACE_BOUND('',#4660,.F.);
#4660 = EDGE_LOOP('',(#4661,#4662,#4663,#4669));
#4661 = ORIENTED_EDGE('',*,*,#4630,.T.);
#4662 = ORIENTED_EDGE('',*,*,#2161,.T.);
#4663 = ORIENTED_EDGE('',*,*,#4664,.F.);
#4664 = EDGE_CURVE('',#326,#2162,#4665,.T.);
#4665 = LINE('',#4666,#4667);
#4666 = CARTESIAN_POINT('',(17.200775046106,16.737184285694,0.));
#4667 = VECTOR('',#4668,1.);
#4668 = DIRECTION('',(0.,0.,1.));
#4669 = ORIENTED_EDGE('',*,*,#325,.F.);
#4670 = PLANE('',#4671);
#4671 = AXIS2_PLACEMENT_3D('',#4672,#4673,#4674);
#4672 = CARTESIAN_POINT('',(17.871988446912,16.018490220787,0.));
#4673 = DIRECTION('',(-0.730835964278,-0.682553143219,0.));
#4674 = DIRECTION('',(-0.682553143219,0.730835964278,0.));
#4675 = ADVANCED_FACE('',(#4676),#4687,.F.);
#4676 = FACE_BOUND('',#4677,.F.);
#4677 = EDGE_LOOP('',(#4678,#4684,#4685,#4686));
#4678 = ORIENTED_EDGE('',*,*,#4679,.T.);
#4679 = EDGE_CURVE('',#1718,#3554,#4680,.T.);
#4680 = LINE('',#4681,#4682);
#4681 = CARTESIAN_POINT('',(17.200775046106,-16.73718428569,0.));
#4682 = VECTOR('',#4683,1.);
#4683 = DIRECTION('',(0.,0.,1.));
#4684 = ORIENTED_EDGE('',*,*,#3561,.T.);
#4685 = ORIENTED_EDGE('',*,*,#4645,.F.);
#4686 = ORIENTED_EDGE('',*,*,#1725,.F.);
#4687 = PLANE('',#4688);
#4688 = AXIS2_PLACEMENT_3D('',#4689,#4690,#4691);
#4689 = CARTESIAN_POINT('',(17.200775046106,-16.73718428569,0.));
#4690 = DIRECTION('',(-0.730835964278,0.682553143219,0.));
#4691 = DIRECTION('',(0.682553143219,0.730835964278,0.));
#4692 = ADVANCED_FACE('',(#4693),#4704,.F.);
#4693 = FACE_BOUND('',#4694,.F.);
#4694 = EDGE_LOOP('',(#4695,#4696,#4697,#4703));
#4695 = ORIENTED_EDGE('',*,*,#4664,.T.);
#4696 = ORIENTED_EDGE('',*,*,#2169,.T.);
#4697 = ORIENTED_EDGE('',*,*,#4698,.F.);
#4698 = EDGE_CURVE('',#334,#2170,#4699,.T.);
#4699 = LINE('',#4700,#4701);
#4700 = CARTESIAN_POINT('',(15.449744365155,15.662228419078,0.));
#4701 = VECTOR('',#4702,1.);
#4702 = DIRECTION('',(0.,0.,1.));
#4703 = ORIENTED_EDGE('',*,*,#333,.F.);
#4704 = PLANE('',#4705);
#4705 = AXIS2_PLACEMENT_3D('',#4706,#4707,#4708);
#4706 = CARTESIAN_POINT('',(17.200775046106,16.737184285694,0.));
#4707 = DIRECTION('',(0.523178767221,-0.852222962334,0.));
#4708 = DIRECTION('',(-0.852222962334,-0.523178767221,0.));
#4709 = ADVANCED_FACE('',(#4710),#4721,.F.);
#4710 = FACE_BOUND('',#4711,.F.);
#4711 = EDGE_LOOP('',(#4712,#4718,#4719,#4720));
#4712 = ORIENTED_EDGE('',*,*,#4713,.T.);
#4713 = EDGE_CURVE('',#1710,#3546,#4714,.T.);
#4714 = LINE('',#4715,#4716);
#4715 = CARTESIAN_POINT('',(15.449744365155,-15.66222841907,0.));
#4716 = VECTOR('',#4717,1.);
#4717 = DIRECTION('',(0.,0.,1.));
#4718 = ORIENTED_EDGE('',*,*,#3553,.T.);
#4719 = ORIENTED_EDGE('',*,*,#4679,.F.);
#4720 = ORIENTED_EDGE('',*,*,#1717,.F.);
#4721 = PLANE('',#4722);
#4722 = AXIS2_PLACEMENT_3D('',#4723,#4724,#4725);
#4723 = CARTESIAN_POINT('',(15.449744365155,-15.66222841907,0.));
#4724 = DIRECTION('',(0.523178767221,0.852222962334,0.));
#4725 = DIRECTION('',(0.852222962334,-0.523178767221,0.));
#4726 = ADVANCED_FACE('',(#4727),#4738,.F.);
#4727 = FACE_BOUND('',#4728,.F.);
#4728 = EDGE_LOOP('',(#4729,#4730,#4731,#4737));
#4729 = ORIENTED_EDGE('',*,*,#4698,.T.);
#4730 = ORIENTED_EDGE('',*,*,#2177,.T.);
#4731 = ORIENTED_EDGE('',*,*,#4732,.F.);
#4732 = EDGE_CURVE('',#342,#2178,#4733,.T.);
#4733 = LINE('',#4734,#4735);
#4734 = CARTESIAN_POINT('',(15.01616915081,16.078391214119,0.));
#4735 = VECTOR('',#4736,1.);
#4736 = DIRECTION('',(0.,0.,1.));
#4737 = ORIENTED_EDGE('',*,*,#341,.F.);
#4738 = PLANE('',#4739);
#4739 = AXIS2_PLACEMENT_3D('',#4740,#4741,#4742);
#4740 = CARTESIAN_POINT('',(15.449744365155,15.662228419078,0.));
#4741 = DIRECTION('',(-0.69247172192,-0.721445018239,0.));
#4742 = DIRECTION('',(-0.721445018239,0.69247172192,0.));
#4743 = ADVANCED_FACE('',(#4744),#4755,.F.);
#4744 = FACE_BOUND('',#4745,.F.);
#4745 = EDGE_LOOP('',(#4746,#4752,#4753,#4754));
#4746 = ORIENTED_EDGE('',*,*,#4747,.T.);
#4747 = EDGE_CURVE('',#1702,#3538,#4748,.T.);
#4748 = LINE('',#4749,#4750);
#4749 = CARTESIAN_POINT('',(15.01616915081,-16.07839121411,0.));
#4750 = VECTOR('',#4751,1.);
#4751 = DIRECTION('',(0.,0.,1.));
#4752 = ORIENTED_EDGE('',*,*,#3545,.T.);
#4753 = ORIENTED_EDGE('',*,*,#4713,.F.);
#4754 = ORIENTED_EDGE('',*,*,#1709,.F.);
#4755 = PLANE('',#4756);
#4756 = AXIS2_PLACEMENT_3D('',#4757,#4758,#4759);
#4757 = CARTESIAN_POINT('',(15.01616915081,-16.07839121411,0.));
#4758 = DIRECTION('',(-0.69247172192,0.721445018239,0.));
#4759 = DIRECTION('',(0.721445018239,0.69247172192,0.));
#4760 = ADVANCED_FACE('',(#4761),#4772,.F.);
#4761 = FACE_BOUND('',#4762,.F.);
#4762 = EDGE_LOOP('',(#4763,#4764,#4765,#4771));
#4763 = ORIENTED_EDGE('',*,*,#4732,.T.);
#4764 = ORIENTED_EDGE('',*,*,#2185,.T.);
#4765 = ORIENTED_EDGE('',*,*,#4766,.F.);
#4766 = EDGE_CURVE('',#350,#2186,#4767,.T.);
#4767 = LINE('',#4768,#4769);
#4768 = CARTESIAN_POINT('',(14.571388308297,16.482555711079,0.));
#4769 = VECTOR('',#4770,1.);
#4770 = DIRECTION('',(0.,0.,1.));
#4771 = ORIENTED_EDGE('',*,*,#349,.F.);
#4772 = PLANE('',#4773);
#4773 = AXIS2_PLACEMENT_3D('',#4774,#4775,#4776);
#4774 = CARTESIAN_POINT('',(15.01616915081,16.078391214119,0.));
#4775 = DIRECTION('',(-0.672507221895,-0.740090559661,0.));
#4776 = DIRECTION('',(-0.740090559661,0.672507221895,0.));
#4777 = ADVANCED_FACE('',(#4778),#4789,.F.);
#4778 = FACE_BOUND('',#4779,.F.);
#4779 = EDGE_LOOP('',(#4780,#4786,#4787,#4788));
#4780 = ORIENTED_EDGE('',*,*,#4781,.T.);
#4781 = EDGE_CURVE('',#1694,#3530,#4782,.T.);
#4782 = LINE('',#4783,#4784);
#4783 = CARTESIAN_POINT('',(14.571388308297,-16.48255571107,0.));
#4784 = VECTOR('',#4785,1.);
#4785 = DIRECTION('',(0.,0.,1.));
#4786 = ORIENTED_EDGE('',*,*,#3537,.T.);
#4787 = ORIENTED_EDGE('',*,*,#4747,.F.);
#4788 = ORIENTED_EDGE('',*,*,#1701,.F.);
#4789 = PLANE('',#4790);
#4790 = AXIS2_PLACEMENT_3D('',#4791,#4792,#4793);
#4791 = CARTESIAN_POINT('',(14.571388308297,-16.48255571107,0.));
#4792 = DIRECTION('',(-0.672507221895,0.740090559661,0.));
#4793 = DIRECTION('',(0.740090559661,0.672507221895,0.));
#4794 = ADVANCED_FACE('',(#4795),#4806,.F.);
#4795 = FACE_BOUND('',#4796,.F.);
#4796 = EDGE_LOOP('',(#4797,#4798,#4799,#4805));
#4797 = ORIENTED_EDGE('',*,*,#4766,.T.);
#4798 = ORIENTED_EDGE('',*,*,#2193,.T.);
#4799 = ORIENTED_EDGE('',*,*,#4800,.F.);
#4800 = EDGE_CURVE('',#358,#2194,#4801,.T.);
#4801 = LINE('',#4802,#4803);
#4802 = CARTESIAN_POINT('',(15.524343645134,18.302861917957,0.));
#4803 = VECTOR('',#4804,1.);
#4804 = DIRECTION('',(0.,0.,1.));
#4805 = ORIENTED_EDGE('',*,*,#357,.F.);
#4806 = PLANE('',#4807);
#4807 = AXIS2_PLACEMENT_3D('',#4808,#4809,#4810);
#4808 = CARTESIAN_POINT('',(14.571388308297,16.482555711079,0.));
#4809 = DIRECTION('',(-0.885939215604,0.463801365085,0.));
#4810 = DIRECTION('',(0.463801365085,0.885939215604,0.));
#4811 = ADVANCED_FACE('',(#4812),#4823,.F.);
#4812 = FACE_BOUND('',#4813,.F.);
#4813 = EDGE_LOOP('',(#4814,#4820,#4821,#4822));
#4814 = ORIENTED_EDGE('',*,*,#4815,.T.);
#4815 = EDGE_CURVE('',#1686,#3522,#4816,.T.);
#4816 = LINE('',#4817,#4818);
#4817 = CARTESIAN_POINT('',(15.524343645134,-18.30286191795,0.));
#4818 = VECTOR('',#4819,1.);
#4819 = DIRECTION('',(0.,0.,1.));
#4820 = ORIENTED_EDGE('',*,*,#3529,.T.);
#4821 = ORIENTED_EDGE('',*,*,#4781,.F.);
#4822 = ORIENTED_EDGE('',*,*,#1693,.F.);
#4823 = PLANE('',#4824);
#4824 = AXIS2_PLACEMENT_3D('',#4825,#4826,#4827);
#4825 = CARTESIAN_POINT('',(15.524343645134,-18.30286191795,0.));
#4826 = DIRECTION('',(-0.885939215604,-0.463801365085,0.));
#4827 = DIRECTION('',(-0.463801365085,0.885939215604,0.));
#4828 = ADVANCED_FACE('',(#4829),#4840,.F.);
#4829 = FACE_BOUND('',#4830,.F.);
#4830 = EDGE_LOOP('',(#4831,#4832,#4833,#4839));
#4831 = ORIENTED_EDGE('',*,*,#4800,.T.);
#4832 = ORIENTED_EDGE('',*,*,#2201,.T.);
#4833 = ORIENTED_EDGE('',*,*,#4834,.F.);
#4834 = EDGE_CURVE('',#366,#2202,#4835,.T.);
#4835 = LINE('',#4836,#4837);
#4836 = CARTESIAN_POINT('',(14.76151979962,18.923465147943,0.));
#4837 = VECTOR('',#4838,1.);
#4838 = DIRECTION('',(0.,0.,1.));
#4839 = ORIENTED_EDGE('',*,*,#365,.F.);
#4840 = PLANE('',#4841);
#4841 = AXIS2_PLACEMENT_3D('',#4842,#4843,#4844);
#4842 = CARTESIAN_POINT('',(15.524343645134,18.302861917957,0.));
#4843 = DIRECTION('',(-0.631087944326,-0.775711290704,0.));
#4844 = DIRECTION('',(-0.775711290704,0.631087944326,0.));
#4845 = ADVANCED_FACE('',(#4846),#4857,.F.);
#4846 = FACE_BOUND('',#4847,.F.);
#4847 = EDGE_LOOP('',(#4848,#4854,#4855,#4856));
#4848 = ORIENTED_EDGE('',*,*,#4849,.T.);
#4849 = EDGE_CURVE('',#1678,#3514,#4850,.T.);
#4850 = LINE('',#4851,#4852);
#4851 = CARTESIAN_POINT('',(14.76151979962,-18.92346514794,0.));
#4852 = VECTOR('',#4853,1.);
#4853 = DIRECTION('',(0.,0.,1.));
#4854 = ORIENTED_EDGE('',*,*,#3521,.T.);
#4855 = ORIENTED_EDGE('',*,*,#4815,.F.);
#4856 = ORIENTED_EDGE('',*,*,#1685,.F.);
#4857 = PLANE('',#4858);
#4858 = AXIS2_PLACEMENT_3D('',#4859,#4860,#4861);
#4859 = CARTESIAN_POINT('',(14.76151979962,-18.92346514794,0.));
#4860 = DIRECTION('',(-0.631087944326,0.775711290704,0.));
#4861 = DIRECTION('',(0.775711290704,0.631087944326,0.));
#4862 = ADVANCED_FACE('',(#4863),#4874,.F.);
#4863 = FACE_BOUND('',#4864,.F.);
#4864 = EDGE_LOOP('',(#4865,#4866,#4867,#4873));
#4865 = ORIENTED_EDGE('',*,*,#4834,.T.);
#4866 = ORIENTED_EDGE('',*,*,#2209,.T.);
#4867 = ORIENTED_EDGE('',*,*,#4868,.F.);
#4868 = EDGE_CURVE('',#374,#2210,#4869,.T.);
#4869 = LINE('',#4870,#4871);
#4870 = CARTESIAN_POINT('',(13.173171451207,17.620089497988,0.));
#4871 = VECTOR('',#4872,1.);
#4872 = DIRECTION('',(0.,0.,1.));
#4873 = ORIENTED_EDGE('',*,*,#373,.F.);
#4874 = PLANE('',#4875);
#4875 = AXIS2_PLACEMENT_3D('',#4876,#4877,#4878);
#4876 = CARTESIAN_POINT('',(14.76151979962,18.923465147943,0.));
#4877 = DIRECTION('',(0.634350197014,-0.773045812063,0.));
#4878 = DIRECTION('',(-0.773045812063,-0.634350197014,0.));
#4879 = ADVANCED_FACE('',(#4880),#4891,.F.);
#4880 = FACE_BOUND('',#4881,.F.);
#4881 = EDGE_LOOP('',(#4882,#4888,#4889,#4890));
#4882 = ORIENTED_EDGE('',*,*,#4883,.T.);
#4883 = EDGE_CURVE('',#1670,#3506,#4884,.T.);
#4884 = LINE('',#4885,#4886);
#4885 = CARTESIAN_POINT('',(13.173171451207,-17.62008949798,0.));
#4886 = VECTOR('',#4887,1.);
#4887 = DIRECTION('',(0.,0.,1.));
#4888 = ORIENTED_EDGE('',*,*,#3513,.T.);
#4889 = ORIENTED_EDGE('',*,*,#4849,.F.);
#4890 = ORIENTED_EDGE('',*,*,#1677,.F.);
#4891 = PLANE('',#4892);
#4892 = AXIS2_PLACEMENT_3D('',#4893,#4894,#4895);
#4893 = CARTESIAN_POINT('',(13.173171451207,-17.62008949798,0.));
#4894 = DIRECTION('',(0.634350197014,0.773045812063,0.));
#4895 = DIRECTION('',(0.773045812063,-0.634350197014,0.));
#4896 = ADVANCED_FACE('',(#4897),#4908,.F.);
#4897 = FACE_BOUND('',#4898,.F.);
#4898 = EDGE_LOOP('',(#4899,#4900,#4901,#4907));
#4899 = ORIENTED_EDGE('',*,*,#4868,.T.);
#4900 = ORIENTED_EDGE('',*,*,#2217,.T.);
#4901 = ORIENTED_EDGE('',*,*,#4902,.F.);
#4902 = EDGE_CURVE('',#382,#2218,#4903,.T.);
#4903 = LINE('',#4904,#4905);
#4904 = CARTESIAN_POINT('',(12.686967086527,17.97333764623,0.));
#4905 = VECTOR('',#4906,1.);
#4906 = DIRECTION('',(0.,0.,1.));
#4907 = ORIENTED_EDGE('',*,*,#381,.F.);
#4908 = PLANE('',#4909);
#4909 = AXIS2_PLACEMENT_3D('',#4910,#4911,#4912);
#4910 = CARTESIAN_POINT('',(13.173171451207,17.620089497988,0.));
#4911 = DIRECTION('',(-0.587785252292,-0.809016994375,0.));
#4912 = DIRECTION('',(-0.809016994375,0.587785252292,0.));
#4913 = ADVANCED_FACE('',(#4914),#4925,.F.);
#4914 = FACE_BOUND('',#4915,.F.);
#4915 = EDGE_LOOP('',(#4916,#4922,#4923,#4924));
#4916 = ORIENTED_EDGE('',*,*,#4917,.T.);
#4917 = EDGE_CURVE('',#1662,#3498,#4918,.T.);
#4918 = LINE('',#4919,#4920);
#4919 = CARTESIAN_POINT('',(12.686967086527,-17.97333764623,0.));
#4920 = VECTOR('',#4921,1.);
#4921 = DIRECTION('',(0.,0.,1.));
#4922 = ORIENTED_EDGE('',*,*,#3505,.T.);
#4923 = ORIENTED_EDGE('',*,*,#4883,.F.);
#4924 = ORIENTED_EDGE('',*,*,#1669,.F.);
#4925 = PLANE('',#4926);
#4926 = AXIS2_PLACEMENT_3D('',#4927,#4928,#4929);
#4927 = CARTESIAN_POINT('',(12.686967086527,-17.97333764623,0.));
#4928 = DIRECTION('',(-0.587785252292,0.809016994375,0.));
#4929 = DIRECTION('',(0.809016994375,0.587785252292,0.));
#4930 = ADVANCED_FACE('',(#4931),#4942,.F.);
#4931 = FACE_BOUND('',#4932,.F.);
#4932 = EDGE_LOOP('',(#4933,#4934,#4935,#4941));
#4933 = ORIENTED_EDGE('',*,*,#4902,.T.);
#4934 = ORIENTED_EDGE('',*,*,#2225,.T.);
#4935 = ORIENTED_EDGE('',*,*,#4936,.F.);
#4936 = EDGE_CURVE('',#390,#2226,#4937,.T.);
#4937 = LINE('',#4938,#4939);
#4938 = CARTESIAN_POINT('',(12.191295231548,18.313173416348,0.));
#4939 = VECTOR('',#4940,1.);
#4940 = DIRECTION('',(0.,0.,1.));
#4941 = ORIENTED_EDGE('',*,*,#389,.F.);
#4942 = PLANE('',#4943);
#4943 = AXIS2_PLACEMENT_3D('',#4944,#4945,#4946);
#4944 = CARTESIAN_POINT('',(12.686967086527,17.97333764623,0.));
#4945 = DIRECTION('',(-0.565467801802,-0.824770371149,0.));
#4946 = DIRECTION('',(-0.824770371149,0.565467801802,0.));
#4947 = ADVANCED_FACE('',(#4948),#4959,.F.);
#4948 = FACE_BOUND('',#4949,.F.);
#4949 = EDGE_LOOP('',(#4950,#4956,#4957,#4958));
#4950 = ORIENTED_EDGE('',*,*,#4951,.T.);
#4951 = EDGE_CURVE('',#1654,#3490,#4952,.T.);
#4952 = LINE('',#4953,#4954);
#4953 = CARTESIAN_POINT('',(12.191295231548,-18.31317341634,0.));
#4954 = VECTOR('',#4955,1.);
#4955 = DIRECTION('',(0.,0.,1.));
#4956 = ORIENTED_EDGE('',*,*,#3497,.T.);
#4957 = ORIENTED_EDGE('',*,*,#4917,.F.);
#4958 = ORIENTED_EDGE('',*,*,#1661,.F.);
#4959 = PLANE('',#4960);
#4960 = AXIS2_PLACEMENT_3D('',#4961,#4962,#4963);
#4961 = CARTESIAN_POINT('',(12.191295231548,-18.31317341634,0.));
#4962 = DIRECTION('',(-0.565467801802,0.824770371149,0.));
#4963 = DIRECTION('',(0.824770371149,0.565467801802,0.));
#4964 = ADVANCED_FACE('',(#4965),#4976,.F.);
#4965 = FACE_BOUND('',#4966,.F.);
#4966 = EDGE_LOOP('',(#4967,#4968,#4969,#4975));
#4967 = ORIENTED_EDGE('',*,*,#4936,.T.);
#4968 = ORIENTED_EDGE('',*,*,#2233,.T.);
#4969 = ORIENTED_EDGE('',*,*,#4970,.F.);
#4970 = EDGE_CURVE('',#398,#2234,#4971,.T.);
#4971 = LINE('',#4972,#4973);
#4972 = CARTESIAN_POINT('',(12.887509694433,20.24628592794,0.));
#4973 = VECTOR('',#4974,1.);
#4974 = DIRECTION('',(0.,0.,1.));
#4975 = ORIENTED_EDGE('',*,*,#397,.F.);
#4976 = PLANE('',#4977);
#4977 = AXIS2_PLACEMENT_3D('',#4978,#4979,#4980);
#4978 = CARTESIAN_POINT('',(12.191295231548,18.313173416348,0.));
#4979 = DIRECTION('',(-0.940841807671,0.338846119851,0.));
#4980 = DIRECTION('',(0.338846119851,0.940841807671,0.));
#4981 = ADVANCED_FACE('',(#4982),#4993,.F.);
#4982 = FACE_BOUND('',#4983,.F.);
#4983 = EDGE_LOOP('',(#4984,#4990,#4991,#4992));
#4984 = ORIENTED_EDGE('',*,*,#4985,.T.);
#4985 = EDGE_CURVE('',#1646,#3482,#4986,.T.);
#4986 = LINE('',#4987,#4988);
#4987 = CARTESIAN_POINT('',(12.887509694433,-20.24628592794,0.));
#4988 = VECTOR('',#4989,1.);
#4989 = DIRECTION('',(0.,0.,1.));
#4990 = ORIENTED_EDGE('',*,*,#3489,.T.);
#4991 = ORIENTED_EDGE('',*,*,#4951,.F.);
#4992 = ORIENTED_EDGE('',*,*,#1653,.F.);
#4993 = PLANE('',#4994);
#4994 = AXIS2_PLACEMENT_3D('',#4995,#4996,#4997);
#4995 = CARTESIAN_POINT('',(12.887509694433,-20.24628592794,0.));
#4996 = DIRECTION('',(-0.940841807671,-0.338846119851,0.));
#4997 = DIRECTION('',(-0.338846119851,0.940841807671,0.));
#4998 = ADVANCED_FACE('',(#4999),#5010,.F.);
#4999 = FACE_BOUND('',#5000,.F.);
#5000 = EDGE_LOOP('',(#5001,#5002,#5003,#5009));
#5001 = ORIENTED_EDGE('',*,*,#4970,.T.);
#5002 = ORIENTED_EDGE('',*,*,#2241,.T.);
#5003 = ORIENTED_EDGE('',*,*,#5004,.F.);
#5004 = EDGE_CURVE('',#406,#2242,#5005,.T.);
#5005 = LINE('',#5006,#5007);
#5006 = CARTESIAN_POINT('',(12.047285369136,20.757237659058,0.));
#5007 = VECTOR('',#5008,1.);
#5008 = DIRECTION('',(0.,0.,1.));
#5009 = ORIENTED_EDGE('',*,*,#405,.F.);
#5010 = PLANE('',#5011);
#5011 = AXIS2_PLACEMENT_3D('',#5012,#5013,#5014);
#5012 = CARTESIAN_POINT('',(12.887509694433,20.24628592794,0.));
#5013 = DIRECTION('',(-0.519583950035,-0.854419404546,0.));
#5014 = DIRECTION('',(-0.854419404546,0.519583950035,0.));
#5015 = ADVANCED_FACE('',(#5016),#5027,.F.);
#5016 = FACE_BOUND('',#5017,.F.);
#5017 = EDGE_LOOP('',(#5018,#5024,#5025,#5026));
#5018 = ORIENTED_EDGE('',*,*,#5019,.T.);
#5019 = EDGE_CURVE('',#1638,#3474,#5020,.T.);
#5020 = LINE('',#5021,#5022);
#5021 = CARTESIAN_POINT('',(12.047285369136,-20.75723765905,0.));
#5022 = VECTOR('',#5023,1.);
#5023 = DIRECTION('',(0.,0.,1.));
#5024 = ORIENTED_EDGE('',*,*,#3481,.T.);
#5025 = ORIENTED_EDGE('',*,*,#4985,.F.);
#5026 = ORIENTED_EDGE('',*,*,#1645,.F.);
#5027 = PLANE('',#5028);
#5028 = AXIS2_PLACEMENT_3D('',#5029,#5030,#5031);
#5029 = CARTESIAN_POINT('',(12.047285369136,-20.75723765905,0.));
#5030 = DIRECTION('',(-0.519583950035,0.854419404546,0.));
#5031 = DIRECTION('',(0.854419404546,0.519583950035,0.));
#5032 = ADVANCED_FACE('',(#5033),#5044,.F.);
#5033 = FACE_BOUND('',#5034,.F.);
#5034 = EDGE_LOOP('',(#5035,#5036,#5037,#5043));
#5035 = ORIENTED_EDGE('',*,*,#5004,.T.);
#5036 = ORIENTED_EDGE('',*,*,#2249,.T.);
#5037 = ORIENTED_EDGE('',*,*,#5038,.F.);
#5038 = EDGE_CURVE('',#414,#2250,#5039,.T.);
#5039 = LINE('',#5040,#5041);
#5040 = CARTESIAN_POINT('',(10.651207277721,19.24972164804,0.));
#5041 = VECTOR('',#5042,1.);
#5042 = DIRECTION('',(0.,0.,1.));
#5043 = ORIENTED_EDGE('',*,*,#413,.F.);
#5044 = PLANE('',#5045);
#5045 = AXIS2_PLACEMENT_3D('',#5046,#5047,#5048);
#5046 = CARTESIAN_POINT('',(12.047285369136,20.757237659058,0.));
#5047 = DIRECTION('',(0.733704882874,-0.679468280972,0.));
#5048 = DIRECTION('',(-0.679468280972,-0.733704882874,0.));
#5049 = ADVANCED_FACE('',(#5050),#5061,.F.);
#5050 = FACE_BOUND('',#5051,.F.);
#5051 = EDGE_LOOP('',(#5052,#5058,#5059,#5060));
#5052 = ORIENTED_EDGE('',*,*,#5053,.T.);
#5053 = EDGE_CURVE('',#1630,#3466,#5054,.T.);
#5054 = LINE('',#5055,#5056);
#5055 = CARTESIAN_POINT('',(10.651207277721,-19.24972164804,0.));
#5056 = VECTOR('',#5057,1.);
#5057 = DIRECTION('',(0.,0.,1.));
#5058 = ORIENTED_EDGE('',*,*,#3473,.T.);
#5059 = ORIENTED_EDGE('',*,*,#5019,.F.);
#5060 = ORIENTED_EDGE('',*,*,#1637,.F.);
#5061 = PLANE('',#5062);
#5062 = AXIS2_PLACEMENT_3D('',#5063,#5064,#5065);
#5063 = CARTESIAN_POINT('',(10.651207277721,-19.24972164804,0.));
#5064 = DIRECTION('',(0.733704882874,0.679468280972,0.));
#5065 = DIRECTION('',(0.679468280972,-0.733704882874,0.));
#5066 = ADVANCED_FACE('',(#5067),#5078,.F.);
#5067 = FACE_BOUND('',#5068,.F.);
#5068 = EDGE_LOOP('',(#5069,#5070,#5071,#5077));
#5069 = ORIENTED_EDGE('',*,*,#5038,.T.);
#5070 = ORIENTED_EDGE('',*,*,#2257,.T.);
#5071 = ORIENTED_EDGE('',*,*,#5072,.F.);
#5072 = EDGE_CURVE('',#422,#2258,#5073,.T.);
#5073 = LINE('',#5074,#5075);
#5074 = CARTESIAN_POINT('',(10.121430830085,19.533474804852,0.));
#5075 = VECTOR('',#5076,1.);
#5076 = DIRECTION('',(0.,0.,1.));
#5077 = ORIENTED_EDGE('',*,*,#421,.F.);
#5078 = PLANE('',#5079);
#5079 = AXIS2_PLACEMENT_3D('',#5080,#5081,#5082);
#5080 = CARTESIAN_POINT('',(10.651207277721,19.24972164804,0.));
#5081 = DIRECTION('',(-0.472149455548,-0.881518514625,0.));
#5082 = DIRECTION('',(-0.881518514625,0.472149455548,0.));
#5083 = ADVANCED_FACE('',(#5084),#5095,.F.);
#5084 = FACE_BOUND('',#5085,.F.);
#5085 = EDGE_LOOP('',(#5086,#5092,#5093,#5094));
#5086 = ORIENTED_EDGE('',*,*,#5087,.T.);
#5087 = EDGE_CURVE('',#1622,#3458,#5088,.T.);
#5088 = LINE('',#5089,#5090);
#5089 = CARTESIAN_POINT('',(10.121430830085,-19.53347480485,0.));
#5090 = VECTOR('',#5091,1.);
#5091 = DIRECTION('',(0.,0.,1.));
#5092 = ORIENTED_EDGE('',*,*,#3465,.T.);
#5093 = ORIENTED_EDGE('',*,*,#5053,.F.);
#5094 = ORIENTED_EDGE('',*,*,#1629,.F.);
#5095 = PLANE('',#5096);
#5096 = AXIS2_PLACEMENT_3D('',#5097,#5098,#5099);
#5097 = CARTESIAN_POINT('',(10.121430830085,-19.53347480485,0.));
#5098 = DIRECTION('',(-0.472149455548,0.881518514625,0.));
#5099 = DIRECTION('',(0.881518514625,0.472149455548,0.));
#5100 = ADVANCED_FACE('',(#5101),#5112,.F.);
#5101 = FACE_BOUND('',#5102,.F.);
#5102 = EDGE_LOOP('',(#5103,#5104,#5105,#5111));
#5103 = ORIENTED_EDGE('',*,*,#5072,.T.);
#5104 = ORIENTED_EDGE('',*,*,#2265,.T.);
#5105 = ORIENTED_EDGE('',*,*,#5106,.F.);
#5106 = EDGE_CURVE('',#430,#2266,#5107,.T.);
#5107 = LINE('',#5108,#5109);
#5108 = CARTESIAN_POINT('',(9.584101391452,19.802651350725,0.));
#5109 = VECTOR('',#5110,1.);
#5110 = DIRECTION('',(0.,0.,1.));
#5111 = ORIENTED_EDGE('',*,*,#429,.F.);
#5112 = PLANE('',#5113);
#5113 = AXIS2_PLACEMENT_3D('',#5114,#5115,#5116);
#5114 = CARTESIAN_POINT('',(10.121430830085,19.533474804852,0.));
#5115 = DIRECTION('',(-0.447894786468,-0.894086271148,0.));
#5116 = DIRECTION('',(-0.894086271148,0.447894786468,0.));
#5117 = ADVANCED_FACE('',(#5118),#5129,.F.);
#5118 = FACE_BOUND('',#5119,.F.);
#5119 = EDGE_LOOP('',(#5120,#5126,#5127,#5128));
#5120 = ORIENTED_EDGE('',*,*,#5121,.T.);
#5121 = EDGE_CURVE('',#1614,#3450,#5122,.T.);
#5122 = LINE('',#5123,#5124);
#5123 = CARTESIAN_POINT('',(9.584101391452,-19.80265135072,0.));
#5124 = VECTOR('',#5125,1.);
#5125 = DIRECTION('',(0.,0.,1.));
#5126 = ORIENTED_EDGE('',*,*,#3457,.T.);
#5127 = ORIENTED_EDGE('',*,*,#5087,.F.);
#5128 = ORIENTED_EDGE('',*,*,#1621,.F.);
#5129 = PLANE('',#5130);
#5130 = AXIS2_PLACEMENT_3D('',#5131,#5132,#5133);
#5131 = CARTESIAN_POINT('',(9.584101391452,-19.80265135072,0.));
#5132 = DIRECTION('',(-0.447894786468,0.894086271148,0.));
#5133 = DIRECTION('',(0.894086271148,0.447894786468,0.));
#5134 = ADVANCED_FACE('',(#5135),#5146,.F.);
#5135 = FACE_BOUND('',#5136,.F.);
#5136 = EDGE_LOOP('',(#5137,#5138,#5139,#5145));
#5137 = ORIENTED_EDGE('',*,*,#5106,.T.);
#5138 = ORIENTED_EDGE('',*,*,#2273,.T.);
#5139 = ORIENTED_EDGE('',*,*,#5140,.F.);
#5140 = EDGE_CURVE('',#438,#2274,#5141,.T.);
#5141 = LINE('',#5142,#5143);
#5142 = CARTESIAN_POINT('',(10.01060582223,21.812559938529,0.));
#5143 = VECTOR('',#5144,1.);
#5144 = DIRECTION('',(0.,0.,1.));
#5145 = ORIENTED_EDGE('',*,*,#437,.F.);
#5146 = PLANE('',#5147);
#5147 = AXIS2_PLACEMENT_3D('',#5148,#5149,#5150);
#5148 = CARTESIAN_POINT('',(9.584101391452,19.802651350725,0.));
#5149 = DIRECTION('',(-0.978218297003,0.207578812525,0.));
#5150 = DIRECTION('',(0.207578812525,0.978218297003,0.));
#5151 = ADVANCED_FACE('',(#5152),#5163,.F.);
#5152 = FACE_BOUND('',#5153,.F.);
#5153 = EDGE_LOOP('',(#5154,#5160,#5161,#5162));
#5154 = ORIENTED_EDGE('',*,*,#5155,.T.);
#5155 = EDGE_CURVE('',#1606,#3442,#5156,.T.);
#5156 = LINE('',#5157,#5158);
#5157 = CARTESIAN_POINT('',(10.01060582223,-21.81255993852,0.));
#5158 = VECTOR('',#5159,1.);
#5159 = DIRECTION('',(0.,0.,1.));
#5160 = ORIENTED_EDGE('',*,*,#3449,.T.);
#5161 = ORIENTED_EDGE('',*,*,#5121,.F.);
#5162 = ORIENTED_EDGE('',*,*,#1613,.F.);
#5163 = PLANE('',#5164);
#5164 = AXIS2_PLACEMENT_3D('',#5165,#5166,#5167);
#5165 = CARTESIAN_POINT('',(10.01060582223,-21.81255993852,0.));
#5166 = DIRECTION('',(-0.978218297003,-0.207578812525,0.));
#5167 = DIRECTION('',(-0.207578812525,0.978218297003,0.));
#5168 = ADVANCED_FACE('',(#5169),#5180,.F.);
#5169 = FACE_BOUND('',#5170,.F.);
#5170 = EDGE_LOOP('',(#5171,#5172,#5173,#5179));
#5171 = ORIENTED_EDGE('',*,*,#5140,.T.);
#5172 = ORIENTED_EDGE('',*,*,#2281,.T.);
#5173 = ORIENTED_EDGE('',*,*,#5174,.F.);
#5174 = EDGE_CURVE('',#446,#2282,#5175,.T.);
#5175 = LINE('',#5176,#5177);
#5176 = CARTESIAN_POINT('',(9.108632806563,22.204342106786,0.));
#5177 = VECTOR('',#5178,1.);
#5178 = DIRECTION('',(0.,0.,1.));
#5179 = ORIENTED_EDGE('',*,*,#445,.F.);
#5180 = PLANE('',#5181);
#5181 = AXIS2_PLACEMENT_3D('',#5182,#5183,#5184);
#5182 = CARTESIAN_POINT('',(10.01060582223,21.812559938529,0.));
#5183 = DIRECTION('',(-0.398401089846,-0.917211301505,0.));
#5184 = DIRECTION('',(-0.917211301505,0.398401089846,0.));
#5185 = ADVANCED_FACE('',(#5186),#5197,.F.);
#5186 = FACE_BOUND('',#5187,.F.);
#5187 = EDGE_LOOP('',(#5188,#5194,#5195,#5196));
#5188 = ORIENTED_EDGE('',*,*,#5189,.T.);
#5189 = EDGE_CURVE('',#1598,#3434,#5190,.T.);
#5190 = LINE('',#5191,#5192);
#5191 = CARTESIAN_POINT('',(9.108632806563,-22.20434210678,0.));
#5192 = VECTOR('',#5193,1.);
#5193 = DIRECTION('',(0.,0.,1.));
#5194 = ORIENTED_EDGE('',*,*,#3441,.T.);
#5195 = ORIENTED_EDGE('',*,*,#5155,.F.);
#5196 = ORIENTED_EDGE('',*,*,#1605,.F.);
#5197 = PLANE('',#5198);
#5198 = AXIS2_PLACEMENT_3D('',#5199,#5200,#5201);
#5199 = CARTESIAN_POINT('',(9.108632806563,-22.20434210678,0.));
#5200 = DIRECTION('',(-0.398401089846,0.917211301505,0.));
#5201 = DIRECTION('',(0.917211301505,0.398401089846,0.));
#5202 = ADVANCED_FACE('',(#5203),#5214,.F.);
#5203 = FACE_BOUND('',#5204,.F.);
#5204 = EDGE_LOOP('',(#5205,#5206,#5207,#5213));
#5205 = ORIENTED_EDGE('',*,*,#5174,.T.);
#5206 = ORIENTED_EDGE('',*,*,#2289,.T.);
#5207 = ORIENTED_EDGE('',*,*,#5208,.F.);
#5208 = EDGE_CURVE('',#454,#2290,#5209,.T.);
#5209 = LINE('',#5210,#5211);
#5210 = CARTESIAN_POINT('',(7.930831265509,20.520767905661,0.));
#5211 = VECTOR('',#5212,1.);
#5212 = DIRECTION('',(0.,0.,1.));
#5213 = ORIENTED_EDGE('',*,*,#453,.F.);
#5214 = PLANE('',#5215);
#5215 = AXIS2_PLACEMENT_3D('',#5216,#5217,#5218);
#5216 = CARTESIAN_POINT('',(9.108632806563,22.204342106786,0.));
#5217 = DIRECTION('',(0.819392034989,-0.57323354141,0.));
#5218 = DIRECTION('',(-0.57323354141,-0.819392034989,0.));
#5219 = ADVANCED_FACE('',(#5220),#5231,.F.);
#5220 = FACE_BOUND('',#5221,.F.);
#5221 = EDGE_LOOP('',(#5222,#5228,#5229,#5230));
#5222 = ORIENTED_EDGE('',*,*,#5223,.T.);
#5223 = EDGE_CURVE('',#1590,#3426,#5224,.T.);
#5224 = LINE('',#5225,#5226);
#5225 = CARTESIAN_POINT('',(7.930831265509,-20.52076790566,0.));
#5226 = VECTOR('',#5227,1.);
#5227 = DIRECTION('',(0.,0.,1.));
#5228 = ORIENTED_EDGE('',*,*,#3433,.T.);
#5229 = ORIENTED_EDGE('',*,*,#5189,.F.);
#5230 = ORIENTED_EDGE('',*,*,#1597,.F.);
#5231 = PLANE('',#5232);
#5232 = AXIS2_PLACEMENT_3D('',#5233,#5234,#5235);
#5233 = CARTESIAN_POINT('',(7.930831265509,-20.52076790566,0.));
#5234 = DIRECTION('',(0.819392034989,0.57323354141,0.));
#5235 = DIRECTION('',(0.57323354141,-0.819392034989,0.));
#5236 = ADVANCED_FACE('',(#5237),#5248,.F.);
#5237 = FACE_BOUND('',#5238,.F.);
#5238 = EDGE_LOOP('',(#5239,#5240,#5241,#5247));
#5239 = ORIENTED_EDGE('',*,*,#5208,.T.);
#5240 = ORIENTED_EDGE('',*,*,#2297,.T.);
#5241 = ORIENTED_EDGE('',*,*,#5242,.F.);
#5242 = EDGE_CURVE('',#462,#2298,#5243,.T.);
#5243 = LINE('',#5244,#5245);
#5244 = CARTESIAN_POINT('',(7.367351467762,20.729740286614,0.));
#5245 = VECTOR('',#5246,1.);
#5246 = DIRECTION('',(0.,0.,1.));
#5247 = ORIENTED_EDGE('',*,*,#461,.F.);
#5248 = PLANE('',#5249);
#5249 = AXIS2_PLACEMENT_3D('',#5250,#5251,#5252);
#5250 = CARTESIAN_POINT('',(7.930831265509,20.520767905661,0.));
#5251 = DIRECTION('',(-0.347718407787,-0.937599012844,0.));
#5252 = DIRECTION('',(-0.937599012844,0.347718407787,0.));
#5253 = ADVANCED_FACE('',(#5254),#5265,.F.);
#5254 = FACE_BOUND('',#5255,.F.);
#5255 = EDGE_LOOP('',(#5256,#5262,#5263,#5264));
#5256 = ORIENTED_EDGE('',*,*,#5257,.T.);
#5257 = EDGE_CURVE('',#1582,#3418,#5258,.T.);
#5258 = LINE('',#5259,#5260);
#5259 = CARTESIAN_POINT('',(7.367351467762,-20.72974028661,0.));
#5260 = VECTOR('',#5261,1.);
#5261 = DIRECTION('',(0.,0.,1.));
#5262 = ORIENTED_EDGE('',*,*,#3425,.T.);
#5263 = ORIENTED_EDGE('',*,*,#5223,.F.);
#5264 = ORIENTED_EDGE('',*,*,#1589,.F.);
#5265 = PLANE('',#5266);
#5266 = AXIS2_PLACEMENT_3D('',#5267,#5268,#5269);
#5267 = CARTESIAN_POINT('',(7.367351467762,-20.72974028661,0.));
#5268 = DIRECTION('',(-0.347718407787,0.937599012844,0.));
#5269 = DIRECTION('',(0.937599012844,0.347718407787,0.));
#5270 = ADVANCED_FACE('',(#5271),#5282,.F.);
#5271 = FACE_BOUND('',#5272,.F.);
#5272 = EDGE_LOOP('',(#5273,#5274,#5275,#5281));
#5273 = ORIENTED_EDGE('',*,*,#5242,.T.);
#5274 = ORIENTED_EDGE('',*,*,#2305,.T.);
#5275 = ORIENTED_EDGE('',*,*,#5276,.F.);
#5276 = EDGE_CURVE('',#470,#2306,#5277,.T.);
#5277 = LINE('',#5278,#5279);
#5278 = CARTESIAN_POINT('',(6.798373876249,20.923243358493,0.));
#5279 = VECTOR('',#5280,1.);
#5280 = DIRECTION('',(0.,0.,1.));
#5281 = ORIENTED_EDGE('',*,*,#469,.F.);
#5282 = PLANE('',#5283);
#5283 = AXIS2_PLACEMENT_3D('',#5284,#5285,#5286);
#5284 = CARTESIAN_POINT('',(7.367351467762,20.729740286614,0.));
#5285 = DIRECTION('',(-0.321978338712,-0.946747035591,0.));
#5286 = DIRECTION('',(-0.946747035591,0.321978338712,0.));
#5287 = ADVANCED_FACE('',(#5288),#5299,.F.);
#5288 = FACE_BOUND('',#5289,.F.);
#5289 = EDGE_LOOP('',(#5290,#5296,#5297,#5298));
#5290 = ORIENTED_EDGE('',*,*,#5291,.T.);
#5291 = EDGE_CURVE('',#1574,#3410,#5292,.T.);
#5292 = LINE('',#5293,#5294);
#5293 = CARTESIAN_POINT('',(6.798373876249,-20.92324335849,0.));
#5294 = VECTOR('',#5295,1.);
#5295 = DIRECTION('',(0.,0.,1.));
#5296 = ORIENTED_EDGE('',*,*,#3417,.T.);
#5297 = ORIENTED_EDGE('',*,*,#5257,.F.);
#5298 = ORIENTED_EDGE('',*,*,#1581,.F.);
#5299 = PLANE('',#5300);
#5300 = AXIS2_PLACEMENT_3D('',#5301,#5302,#5303);
#5301 = CARTESIAN_POINT('',(6.798373876249,-20.92324335849,0.));
#5302 = DIRECTION('',(-0.321978338712,0.946747035591,0.));
#5303 = DIRECTION('',(0.946747035591,0.321978338712,0.));
#5304 = ADVANCED_FACE('',(#5305),#5316,.F.);
#5305 = FACE_BOUND('',#5306,.F.);
#5306 = EDGE_LOOP('',(#5307,#5308,#5309,#5315));
#5307 = ORIENTED_EDGE('',*,*,#5276,.T.);
#5308 = ORIENTED_EDGE('',*,*,#2313,.T.);
#5309 = ORIENTED_EDGE('',*,*,#5310,.F.);
#5310 = EDGE_CURVE('',#478,#2314,#5311,.T.);
#5311 = LINE('',#5312,#5313);
#5312 = CARTESIAN_POINT('',(6.947223304352,22.972507228413,0.));
#5313 = VECTOR('',#5314,1.);
#5314 = DIRECTION('',(0.,0.,1.));
#5315 = ORIENTED_EDGE('',*,*,#477,.F.);
#5316 = PLANE('',#5317);
#5317 = AXIS2_PLACEMENT_3D('',#5318,#5319,#5320);
#5318 = CARTESIAN_POINT('',(6.798373876249,20.923243358493,0.));
#5319 = DIRECTION('',(-0.997372430321,7.244470467591E-02,0.));
#5320 = DIRECTION('',(7.244470467591E-02,0.997372430321,0.));
#5321 = ADVANCED_FACE('',(#5322),#5333,.F.);
#5322 = FACE_BOUND('',#5323,.F.);
#5323 = EDGE_LOOP('',(#5324,#5330,#5331,#5332));
#5324 = ORIENTED_EDGE('',*,*,#5325,.T.);
#5325 = EDGE_CURVE('',#1566,#3402,#5326,.T.);
#5326 = LINE('',#5327,#5328);
#5327 = CARTESIAN_POINT('',(6.947223304352,-22.97250722841,0.));
#5328 = VECTOR('',#5329,1.);
#5329 = DIRECTION('',(0.,0.,1.));
#5330 = ORIENTED_EDGE('',*,*,#3409,.T.);
#5331 = ORIENTED_EDGE('',*,*,#5291,.F.);
#5332 = ORIENTED_EDGE('',*,*,#1573,.F.);
#5333 = PLANE('',#5334);
#5334 = AXIS2_PLACEMENT_3D('',#5335,#5336,#5337);
#5335 = CARTESIAN_POINT('',(6.947223304352,-22.97250722841,0.));
#5336 = DIRECTION('',(-0.997372430321,-7.244470467592E-02,0.));
#5337 = DIRECTION('',(-7.244470467592E-02,0.997372430321,0.));
#5338 = ADVANCED_FACE('',(#5339),#5350,.F.);
#5339 = FACE_BOUND('',#5340,.F.);
#5340 = EDGE_LOOP('',(#5341,#5342,#5343,#5349));
#5341 = ORIENTED_EDGE('',*,*,#5310,.T.);
#5342 = ORIENTED_EDGE('',*,*,#2321,.T.);
#5343 = ORIENTED_EDGE('',*,*,#5344,.F.);
#5344 = EDGE_CURVE('',#486,#2322,#5345,.T.);
#5345 = LINE('',#5346,#5347);
#5346 = CARTESIAN_POINT('',(6.000303649,23.237821673294,0.));
#5347 = VECTOR('',#5348,1.);
#5348 = DIRECTION('',(0.,0.,1.));
#5349 = ORIENTED_EDGE('',*,*,#485,.F.);
#5350 = PLANE('',#5351);
#5351 = AXIS2_PLACEMENT_3D('',#5352,#5353,#5354);
#5352 = CARTESIAN_POINT('',(6.947223304352,22.972507228413,0.));
#5353 = DIRECTION('',(-0.269796771157,-0.962917287348,0.));
#5354 = DIRECTION('',(-0.962917287348,0.269796771157,0.));
#5355 = ADVANCED_FACE('',(#5356),#5367,.F.);
#5356 = FACE_BOUND('',#5357,.F.);
#5357 = EDGE_LOOP('',(#5358,#5364,#5365,#5366));
#5358 = ORIENTED_EDGE('',*,*,#5359,.T.);
#5359 = EDGE_CURVE('',#1558,#3394,#5360,.T.);
#5360 = LINE('',#5361,#5362);
#5361 = CARTESIAN_POINT('',(6.000303649,-23.23782167329,0.));
#5362 = VECTOR('',#5363,1.);
#5363 = DIRECTION('',(0.,0.,1.));
#5364 = ORIENTED_EDGE('',*,*,#3401,.T.);
#5365 = ORIENTED_EDGE('',*,*,#5325,.F.);
#5366 = ORIENTED_EDGE('',*,*,#1565,.F.);
#5367 = PLANE('',#5368);
#5368 = AXIS2_PLACEMENT_3D('',#5369,#5370,#5371);
#5369 = CARTESIAN_POINT('',(6.000303649,-23.23782167329,0.));
#5370 = DIRECTION('',(-0.269796771157,0.962917287348,0.));
#5371 = DIRECTION('',(0.962917287348,0.269796771157,0.));
#5372 = ADVANCED_FACE('',(#5373),#5384,.F.);
#5373 = FACE_BOUND('',#5374,.F.);
#5374 = EDGE_LOOP('',(#5375,#5376,#5377,#5383));
#5375 = ORIENTED_EDGE('',*,*,#5344,.T.);
#5376 = ORIENTED_EDGE('',*,*,#2329,.T.);
#5377 = ORIENTED_EDGE('',*,*,#5378,.F.);
#5378 = EDGE_CURVE('',#494,#2330,#5379,.T.);
#5379 = LINE('',#5380,#5381);
#5380 = CARTESIAN_POINT('',(5.06271887253,21.409551083984,0.));
#5381 = VECTOR('',#5382,1.);
#5382 = DIRECTION('',(0.,0.,1.));
#5383 = ORIENTED_EDGE('',*,*,#493,.F.);
#5384 = PLANE('',#5385);
#5385 = AXIS2_PLACEMENT_3D('',#5386,#5387,#5388);
#5386 = CARTESIAN_POINT('',(6.000303649,23.237821673294,0.));
#5387 = DIRECTION('',(0.889815463841,-0.456320545571,0.));
#5388 = DIRECTION('',(-0.456320545571,-0.889815463841,0.));
#5389 = ADVANCED_FACE('',(#5390),#5401,.F.);
#5390 = FACE_BOUND('',#5391,.F.);
#5391 = EDGE_LOOP('',(#5392,#5398,#5399,#5400));
#5392 = ORIENTED_EDGE('',*,*,#5393,.T.);
#5393 = EDGE_CURVE('',#1550,#3386,#5394,.T.);
#5394 = LINE('',#5395,#5396);
#5395 = CARTESIAN_POINT('',(5.06271887253,-21.40955108398,0.));
#5396 = VECTOR('',#5397,1.);
#5397 = DIRECTION('',(0.,0.,1.));
#5398 = ORIENTED_EDGE('',*,*,#3393,.T.);
#5399 = ORIENTED_EDGE('',*,*,#5359,.F.);
#5400 = ORIENTED_EDGE('',*,*,#1557,.F.);
#5401 = PLANE('',#5402);
#5402 = AXIS2_PLACEMENT_3D('',#5403,#5404,#5405);
#5403 = CARTESIAN_POINT('',(5.06271887253,-21.40955108398,0.));
#5404 = DIRECTION('',(0.889815463841,0.456320545571,0.));
#5405 = DIRECTION('',(0.456320545571,-0.889815463841,0.));
#5406 = ADVANCED_FACE('',(#5407),#5418,.F.);
#5407 = FACE_BOUND('',#5408,.F.);
#5408 = EDGE_LOOP('',(#5409,#5410,#5411,#5417));
#5409 = ORIENTED_EDGE('',*,*,#5378,.T.);
#5410 = ORIENTED_EDGE('',*,*,#2337,.T.);
#5411 = ORIENTED_EDGE('',*,*,#5412,.F.);
#5412 = EDGE_CURVE('',#502,#2338,#5413,.T.);
#5413 = LINE('',#5414,#5415);
#5414 = CARTESIAN_POINT('',(4.476032287158,21.539849929011,0.));
#5415 = VECTOR('',#5416,1.);
#5416 = DIRECTION('',(0.,0.,1.));
#5417 = ORIENTED_EDGE('',*,*,#501,.F.);
#5418 = PLANE('',#5419);
#5419 = AXIS2_PLACEMENT_3D('',#5420,#5421,#5422);
#5420 = CARTESIAN_POINT('',(5.06271887253,21.409551083984,0.));
#5421 = DIRECTION('',(-0.216810023998,-0.97621381546,0.));
#5422 = DIRECTION('',(-0.97621381546,0.216810023998,0.));
#5423 = ADVANCED_FACE('',(#5424),#5435,.F.);
#5424 = FACE_BOUND('',#5425,.F.);
#5425 = EDGE_LOOP('',(#5426,#5432,#5433,#5434));
#5426 = ORIENTED_EDGE('',*,*,#5427,.T.);
#5427 = EDGE_CURVE('',#1542,#3378,#5428,.T.);
#5428 = LINE('',#5429,#5430);
#5429 = CARTESIAN_POINT('',(4.476032287158,-21.53984992901,0.));
#5430 = VECTOR('',#5431,1.);
#5431 = DIRECTION('',(0.,0.,1.));
#5432 = ORIENTED_EDGE('',*,*,#3385,.T.);
#5433 = ORIENTED_EDGE('',*,*,#5393,.F.);
#5434 = ORIENTED_EDGE('',*,*,#1549,.F.);
#5435 = PLANE('',#5436);
#5436 = AXIS2_PLACEMENT_3D('',#5437,#5438,#5439);
#5437 = CARTESIAN_POINT('',(4.476032287158,-21.53984992901,0.));
#5438 = DIRECTION('',(-0.216810023998,0.97621381546,0.));
#5439 = DIRECTION('',(0.97621381546,0.216810023998,0.));
#5440 = ADVANCED_FACE('',(#5441),#5452,.F.);
#5441 = FACE_BOUND('',#5442,.F.);
#5442 = EDGE_LOOP('',(#5443,#5444,#5445,#5451));
#5443 = ORIENTED_EDGE('',*,*,#5412,.T.);
#5444 = ORIENTED_EDGE('',*,*,#2345,.T.);
#5445 = ORIENTED_EDGE('',*,*,#5446,.F.);
#5446 = EDGE_CURVE('',#510,#2346,#5447,.T.);
#5447 = LINE('',#5448,#5449);
#5448 = CARTESIAN_POINT('',(3.886005518749,21.65407493079,0.));
#5449 = VECTOR('',#5450,1.);
#5450 = DIRECTION('',(0.,0.,1.));
#5451 = ORIENTED_EDGE('',*,*,#509,.F.);
#5452 = PLANE('',#5453);
#5453 = AXIS2_PLACEMENT_3D('',#5454,#5455,#5456);
#5454 = CARTESIAN_POINT('',(4.476032287158,21.539849929011,0.));
#5455 = DIRECTION('',(-0.190064043712,-0.981771694076,0.));
#5456 = DIRECTION('',(-0.981771694076,0.190064043712,0.));
#5457 = ADVANCED_FACE('',(#5458),#5469,.F.);
#5458 = FACE_BOUND('',#5459,.F.);
#5459 = EDGE_LOOP('',(#5460,#5466,#5467,#5468));
#5460 = ORIENTED_EDGE('',*,*,#5461,.T.);
#5461 = EDGE_CURVE('',#1534,#3370,#5462,.T.);
#5462 = LINE('',#5463,#5464);
#5463 = CARTESIAN_POINT('',(3.886005518749,-21.65407493079,0.));
#5464 = VECTOR('',#5465,1.);
#5465 = DIRECTION('',(0.,0.,1.));
#5466 = ORIENTED_EDGE('',*,*,#3377,.T.);
#5467 = ORIENTED_EDGE('',*,*,#5427,.F.);
#5468 = ORIENTED_EDGE('',*,*,#1541,.F.);
#5469 = PLANE('',#5470);
#5470 = AXIS2_PLACEMENT_3D('',#5471,#5472,#5473);
#5471 = CARTESIAN_POINT('',(3.886005518749,-21.65407493079,0.));
#5472 = DIRECTION('',(-0.190064043712,0.981771694076,0.));
#5473 = DIRECTION('',(0.981771694076,0.190064043712,0.));
#5474 = ADVANCED_FACE('',(#5475),#5486,.F.);
#5475 = FACE_BOUND('',#5476,.F.);
#5476 = EDGE_LOOP('',(#5477,#5478,#5479,#5485));
#5477 = ORIENTED_EDGE('',*,*,#5446,.T.);
#5478 = ORIENTED_EDGE('',*,*,#2353,.T.);
#5479 = ORIENTED_EDGE('',*,*,#5480,.F.);
#5480 = EDGE_CURVE('',#518,#2354,#5481,.T.);
#5481 = LINE('',#5482,#5483);
#5482 = CARTESIAN_POINT('',(3.754427160966,23.704520174283,0.));
#5483 = VECTOR('',#5484,1.);
#5484 = DIRECTION('',(0.,0.,1.));
#5485 = ORIENTED_EDGE('',*,*,#517,.F.);
#5486 = PLANE('',#5487);
#5487 = AXIS2_PLACEMENT_3D('',#5488,#5489,#5490);
#5488 = CARTESIAN_POINT('',(3.886005518749,21.65407493079,0.));
#5489 = DIRECTION('',(-0.997947402364,-6.403891095061E-02,0.));
#5490 = DIRECTION('',(-6.403891095061E-02,0.997947402364,0.));
#5491 = ADVANCED_FACE('',(#5492),#5503,.F.);
#5492 = FACE_BOUND('',#5493,.F.);
#5493 = EDGE_LOOP('',(#5494,#5500,#5501,#5502));
#5494 = ORIENTED_EDGE('',*,*,#5495,.T.);
#5495 = EDGE_CURVE('',#1526,#3362,#5496,.T.);
#5496 = LINE('',#5497,#5498);
#5497 = CARTESIAN_POINT('',(3.754427160966,-23.70452017428,0.));
#5498 = VECTOR('',#5499,1.);
#5499 = DIRECTION('',(0.,0.,1.));
#5500 = ORIENTED_EDGE('',*,*,#3369,.T.);
#5501 = ORIENTED_EDGE('',*,*,#5461,.F.);
#5502 = ORIENTED_EDGE('',*,*,#1533,.F.);
#5503 = PLANE('',#5504);
#5504 = AXIS2_PLACEMENT_3D('',#5505,#5506,#5507);
#5505 = CARTESIAN_POINT('',(3.754427160966,-23.70452017428,0.));
#5506 = DIRECTION('',(-0.997947402364,6.403891095061E-02,0.));
#5507 = DIRECTION('',(6.403891095061E-02,0.997947402364,0.));
#5508 = ADVANCED_FACE('',(#5509),#5520,.F.);
#5509 = FACE_BOUND('',#5510,.F.);
#5510 = EDGE_LOOP('',(#5511,#5512,#5513,#5519));
#5511 = ORIENTED_EDGE('',*,*,#5480,.T.);
#5512 = ORIENTED_EDGE('',*,*,#2361,.T.);
#5513 = ORIENTED_EDGE('',*,*,#5514,.F.);
#5514 = EDGE_CURVE('',#526,#2362,#5515,.T.);
#5515 = LINE('',#5516,#5517);
#5516 = CARTESIAN_POINT('',(2.780200187466,23.838424589675,0.));
#5517 = VECTOR('',#5518,1.);
#5518 = DIRECTION('',(0.,0.,1.));
#5519 = ORIENTED_EDGE('',*,*,#525,.F.);
#5520 = PLANE('',#5521);
#5521 = AXIS2_PLACEMENT_3D('',#5522,#5523,#5524);
#5522 = CARTESIAN_POINT('',(3.754427160966,23.704520174283,0.));
#5523 = DIRECTION('',(-0.136166649096,-0.990685946036,0.));
#5524 = DIRECTION('',(-0.990685946036,0.136166649096,0.));
#5525 = ADVANCED_FACE('',(#5526),#5537,.F.);
#5526 = FACE_BOUND('',#5527,.F.);
#5527 = EDGE_LOOP('',(#5528,#5534,#5535,#5536));
#5528 = ORIENTED_EDGE('',*,*,#5529,.T.);
#5529 = EDGE_CURVE('',#1518,#3354,#5530,.T.);
#5530 = LINE('',#5531,#5532);
#5531 = CARTESIAN_POINT('',(2.780200187466,-23.83842458967,0.));
#5532 = VECTOR('',#5533,1.);
#5533 = DIRECTION('',(0.,0.,1.));
#5534 = ORIENTED_EDGE('',*,*,#3361,.T.);
#5535 = ORIENTED_EDGE('',*,*,#5495,.F.);
#5536 = ORIENTED_EDGE('',*,*,#1525,.F.);
#5537 = PLANE('',#5538);
#5538 = AXIS2_PLACEMENT_3D('',#5539,#5540,#5541);
#5539 = CARTESIAN_POINT('',(2.780200187466,-23.83842458967,0.));
#5540 = DIRECTION('',(-0.136166649096,0.990685946036,0.));
#5541 = DIRECTION('',(0.990685946036,0.136166649096,0.));
#5542 = ADVANCED_FACE('',(#5543),#5554,.F.);
#5543 = FACE_BOUND('',#5544,.F.);
#5544 = EDGE_LOOP('',(#5545,#5546,#5547,#5553));
#5545 = ORIENTED_EDGE('',*,*,#5514,.T.);
#5546 = ORIENTED_EDGE('',*,*,#2369,.T.);
#5547 = ORIENTED_EDGE('',*,*,#5548,.F.);
#5548 = EDGE_CURVE('',#534,#2370,#5549,.T.);
#5549 = LINE('',#5550,#5551);
#5550 = CARTESIAN_POINT('',(2.100297605987,21.899514834039,0.));
#5551 = VECTOR('',#5552,1.);
#5552 = DIRECTION('',(0.,0.,1.));
#5553 = ORIENTED_EDGE('',*,*,#533,.F.);
#5554 = PLANE('',#5555);
#5555 = AXIS2_PLACEMENT_3D('',#5556,#5557,#5558);
#5556 = CARTESIAN_POINT('',(2.780200187466,23.838424589675,0.));
#5557 = DIRECTION('',(0.943663314197,-0.33090716136,0.));
#5558 = DIRECTION('',(-0.33090716136,-0.943663314197,0.));
#5559 = ADVANCED_FACE('',(#5560),#5571,.F.);
#5560 = FACE_BOUND('',#5561,.F.);
#5561 = EDGE_LOOP('',(#5562,#5568,#5569,#5570));
#5562 = ORIENTED_EDGE('',*,*,#5563,.T.);
#5563 = EDGE_CURVE('',#1510,#3346,#5564,.T.);
#5564 = LINE('',#5565,#5566);
#5565 = CARTESIAN_POINT('',(2.100297605987,-21.89951483403,0.));
#5566 = VECTOR('',#5567,1.);
#5567 = DIRECTION('',(0.,0.,1.));
#5568 = ORIENTED_EDGE('',*,*,#3353,.T.);
#5569 = ORIENTED_EDGE('',*,*,#5529,.F.);
#5570 = ORIENTED_EDGE('',*,*,#1517,.F.);
#5571 = PLANE('',#5572);
#5572 = AXIS2_PLACEMENT_3D('',#5573,#5574,#5575);
#5573 = CARTESIAN_POINT('',(2.100297605987,-21.89951483403,0.));
#5574 = DIRECTION('',(0.943663314197,0.33090716136,0.));
#5575 = DIRECTION('',(0.33090716136,-0.943663314197,0.));
#5576 = ADVANCED_FACE('',(#5577),#5588,.F.);
#5577 = FACE_BOUND('',#5578,.F.);
#5578 = EDGE_LOOP('',(#5579,#5580,#5581,#5587));
#5579 = ORIENTED_EDGE('',*,*,#5548,.T.);
#5580 = ORIENTED_EDGE('',*,*,#2377,.T.);
#5581 = ORIENTED_EDGE('',*,*,#5582,.F.);
#5582 = EDGE_CURVE('',#542,#2378,#5583,.T.);
#5583 = LINE('',#5584,#5585);
#5584 = CARTESIAN_POINT('',(1.501333094023,21.948712922192,0.));
#5585 = VECTOR('',#5586,1.);
#5586 = DIRECTION('',(0.,0.,1.));
#5587 = ORIENTED_EDGE('',*,*,#541,.F.);
#5588 = PLANE('',#5589);
#5589 = AXIS2_PLACEMENT_3D('',#5590,#5591,#5592);
#5590 = CARTESIAN_POINT('',(2.100297605987,21.899514834039,0.));
#5591 = DIRECTION('',(-8.186287968182E-02,-0.996643601761,0.));
#5592 = DIRECTION('',(-0.996643601761,8.186287968182E-02,0.));
#5593 = ADVANCED_FACE('',(#5594),#5605,.F.);
#5594 = FACE_BOUND('',#5595,.F.);
#5595 = EDGE_LOOP('',(#5596,#5602,#5603,#5604));
#5596 = ORIENTED_EDGE('',*,*,#5597,.T.);
#5597 = EDGE_CURVE('',#1502,#3338,#5598,.T.);
#5598 = LINE('',#5599,#5600);
#5599 = CARTESIAN_POINT('',(1.501333094023,-21.94871292219,0.));
#5600 = VECTOR('',#5601,1.);
#5601 = DIRECTION('',(0.,0.,1.));
#5602 = ORIENTED_EDGE('',*,*,#3345,.T.);
#5603 = ORIENTED_EDGE('',*,*,#5563,.F.);
#5604 = ORIENTED_EDGE('',*,*,#1509,.F.);
#5605 = PLANE('',#5606);
#5606 = AXIS2_PLACEMENT_3D('',#5607,#5608,#5609);
#5607 = CARTESIAN_POINT('',(1.501333094023,-21.94871292219,0.));
#5608 = DIRECTION('',(-8.186287968181E-02,0.996643601761,0.));
#5609 = DIRECTION('',(0.996643601761,8.186287968181E-02,0.));
#5610 = ADVANCED_FACE('',(#5611),#5622,.F.);
#5611 = FACE_BOUND('',#5612,.F.);
#5612 = EDGE_LOOP('',(#5613,#5614,#5615,#5621));
#5613 = ORIENTED_EDGE('',*,*,#5582,.T.);
#5614 = ORIENTED_EDGE('',*,*,#2385,.T.);
#5615 = ORIENTED_EDGE('',*,*,#5616,.F.);
#5616 = EDGE_CURVE('',#550,#2386,#5617,.T.);
#5617 = LINE('',#5618,#5619);
#5618 = CARTESIAN_POINT('',(0.90124823104,21.981532058209,0.));
#5619 = VECTOR('',#5620,1.);
#5620 = DIRECTION('',(0.,0.,1.));
#5621 = ORIENTED_EDGE('',*,*,#549,.F.);
#5622 = PLANE('',#5623);
#5623 = AXIS2_PLACEMENT_3D('',#5624,#5625,#5626);
#5624 = CARTESIAN_POINT('',(1.501333094023,21.948712922192,0.));
#5625 = DIRECTION('',(-5.46092151921E-02,-0.998507803483,0.));
#5626 = DIRECTION('',(-0.998507803483,5.46092151921E-02,0.));
#5627 = ADVANCED_FACE('',(#5628),#5639,.F.);
#5628 = FACE_BOUND('',#5629,.F.);
#5629 = EDGE_LOOP('',(#5630,#5636,#5637,#5638));
#5630 = ORIENTED_EDGE('',*,*,#5631,.T.);
#5631 = EDGE_CURVE('',#1494,#3330,#5632,.T.);
#5632 = LINE('',#5633,#5634);
#5633 = CARTESIAN_POINT('',(0.90124823104,-21.9815320582,0.));
#5634 = VECTOR('',#5635,1.);
#5635 = DIRECTION('',(0.,0.,1.));
#5636 = ORIENTED_EDGE('',*,*,#3337,.T.);
#5637 = ORIENTED_EDGE('',*,*,#5597,.F.);
#5638 = ORIENTED_EDGE('',*,*,#1501,.F.);
#5639 = PLANE('',#5640);
#5640 = AXIS2_PLACEMENT_3D('',#5641,#5642,#5643);
#5641 = CARTESIAN_POINT('',(0.90124823104,-21.9815320582,0.));
#5642 = DIRECTION('',(-5.460921519211E-02,0.998507803483,0.));
#5643 = DIRECTION('',(0.998507803483,5.460921519211E-02,0.));
#5644 = ADVANCED_FACE('',(#5645),#5656,.F.);
#5645 = FACE_BOUND('',#5646,.F.);
#5646 = EDGE_LOOP('',(#5647,#5648,#5649,#5655));
#5647 = ORIENTED_EDGE('',*,*,#5616,.T.);
#5648 = ORIENTED_EDGE('',*,*,#2393,.T.);
#5649 = ORIENTED_EDGE('',*,*,#5650,.F.);
#5650 = EDGE_CURVE('',#558,#2394,#5651,.T.);
#5651 = LINE('',#5652,#5653);
#5652 = CARTESIAN_POINT('',(0.491693143219,23.994962759982,0.));
#5653 = VECTOR('',#5654,1.);
#5654 = DIRECTION('',(0.,0.,1.));
#5655 = ORIENTED_EDGE('',*,*,#557,.F.);
#5656 = PLANE('',#5657);
#5657 = AXIS2_PLACEMENT_3D('',#5658,#5659,#5660);
#5658 = CARTESIAN_POINT('',(0.90124823104,21.981532058209,0.));
#5659 = DIRECTION('',(-0.979932502489,-0.199329602832,0.));
#5660 = DIRECTION('',(-0.199329602832,0.979932502489,0.));
#5661 = ADVANCED_FACE('',(#5662),#5673,.F.);
#5662 = FACE_BOUND('',#5663,.F.);
#5663 = EDGE_LOOP('',(#5664,#5670,#5671,#5672));
#5664 = ORIENTED_EDGE('',*,*,#5665,.T.);
#5665 = EDGE_CURVE('',#1486,#3322,#5666,.T.);
#5666 = LINE('',#5667,#5668);
#5667 = CARTESIAN_POINT('',(0.491693143219,-23.99496275998,0.));
#5668 = VECTOR('',#5669,1.);
#5669 = DIRECTION('',(0.,0.,1.));
#5670 = ORIENTED_EDGE('',*,*,#3329,.T.);
#5671 = ORIENTED_EDGE('',*,*,#5631,.F.);
#5672 = ORIENTED_EDGE('',*,*,#1493,.F.);
#5673 = PLANE('',#5674);
#5674 = AXIS2_PLACEMENT_3D('',#5675,#5676,#5677);
#5675 = CARTESIAN_POINT('',(0.491693143219,-23.99496275998,0.));
#5676 = DIRECTION('',(-0.979932502489,0.199329602832,0.));
#5677 = DIRECTION('',(0.199329602832,0.979932502489,0.));
#5678 = ADVANCED_FACE('',(#5679),#5690,.F.);
#5679 = FACE_BOUND('',#5680,.F.);
#5680 = EDGE_LOOP('',(#5681,#5682,#5683,#5689));
#5681 = ORIENTED_EDGE('',*,*,#5650,.T.);
#5682 = ORIENTED_EDGE('',*,*,#2401,.T.);
#5683 = ORIENTED_EDGE('',*,*,#5684,.F.);
#5684 = EDGE_CURVE('',#566,#2402,#5685,.T.);
#5685 = LINE('',#5686,#5687);
#5686 = CARTESIAN_POINT('',(-0.491693143219,23.994962759982,0.));
#5687 = VECTOR('',#5688,1.);
#5688 = DIRECTION('',(0.,0.,1.));
#5689 = ORIENTED_EDGE('',*,*,#565,.F.);
#5690 = PLANE('',#5691);
#5691 = AXIS2_PLACEMENT_3D('',#5692,#5693,#5694);
#5692 = CARTESIAN_POINT('',(0.491693143219,23.994962759982,0.));
#5693 = DIRECTION('',(0.,-1.,0.));
#5694 = DIRECTION('',(-1.,0.,0.));
#5695 = ADVANCED_FACE('',(#5696),#5707,.F.);
#5696 = FACE_BOUND('',#5697,.F.);
#5697 = EDGE_LOOP('',(#5698,#5704,#5705,#5706));
#5698 = ORIENTED_EDGE('',*,*,#5699,.T.);
#5699 = EDGE_CURVE('',#1478,#3314,#5700,.T.);
#5700 = LINE('',#5701,#5702);
#5701 = CARTESIAN_POINT('',(-0.491693143219,-23.99496275998,0.));
#5702 = VECTOR('',#5703,1.);
#5703 = DIRECTION('',(0.,0.,1.));
#5704 = ORIENTED_EDGE('',*,*,#3321,.T.);
#5705 = ORIENTED_EDGE('',*,*,#5665,.F.);
#5706 = ORIENTED_EDGE('',*,*,#1485,.F.);
#5707 = PLANE('',#5708);
#5708 = AXIS2_PLACEMENT_3D('',#5709,#5710,#5711);
#5709 = CARTESIAN_POINT('',(-0.491693143219,-23.99496275998,0.));
#5710 = DIRECTION('',(0.,1.,0.));
#5711 = DIRECTION('',(1.,0.,0.));
#5712 = ADVANCED_FACE('',(#5713),#5724,.F.);
#5713 = FACE_BOUND('',#5714,.F.);
#5714 = EDGE_LOOP('',(#5715,#5716,#5717,#5723));
#5715 = ORIENTED_EDGE('',*,*,#5684,.T.);
#5716 = ORIENTED_EDGE('',*,*,#2409,.T.);
#5717 = ORIENTED_EDGE('',*,*,#5718,.F.);
#5718 = EDGE_CURVE('',#574,#2410,#5719,.T.);
#5719 = LINE('',#5720,#5721);
#5720 = CARTESIAN_POINT('',(-0.90124823104,21.981532058209,0.));
#5721 = VECTOR('',#5722,1.);
#5722 = DIRECTION('',(0.,0.,1.));
#5723 = ORIENTED_EDGE('',*,*,#573,.F.);
#5724 = PLANE('',#5725);
#5725 = AXIS2_PLACEMENT_3D('',#5726,#5727,#5728);
#5726 = CARTESIAN_POINT('',(-0.491693143219,23.994962759982,0.));
#5727 = DIRECTION('',(0.979932502489,-0.199329602832,0.));
#5728 = DIRECTION('',(-0.199329602832,-0.979932502489,0.));
#5729 = ADVANCED_FACE('',(#5730),#5741,.F.);
#5730 = FACE_BOUND('',#5731,.F.);
#5731 = EDGE_LOOP('',(#5732,#5738,#5739,#5740));
#5732 = ORIENTED_EDGE('',*,*,#5733,.T.);
#5733 = EDGE_CURVE('',#1470,#3306,#5734,.T.);
#5734 = LINE('',#5735,#5736);
#5735 = CARTESIAN_POINT('',(-0.90124823104,-21.9815320582,0.));
#5736 = VECTOR('',#5737,1.);
#5737 = DIRECTION('',(0.,0.,1.));
#5738 = ORIENTED_EDGE('',*,*,#3313,.T.);
#5739 = ORIENTED_EDGE('',*,*,#5699,.F.);
#5740 = ORIENTED_EDGE('',*,*,#1477,.F.);
#5741 = PLANE('',#5742);
#5742 = AXIS2_PLACEMENT_3D('',#5743,#5744,#5745);
#5743 = CARTESIAN_POINT('',(-0.90124823104,-21.9815320582,0.));
#5744 = DIRECTION('',(0.979932502489,0.199329602832,0.));
#5745 = DIRECTION('',(0.199329602832,-0.979932502489,0.));
#5746 = ADVANCED_FACE('',(#5747),#5758,.F.);
#5747 = FACE_BOUND('',#5748,.F.);
#5748 = EDGE_LOOP('',(#5749,#5750,#5751,#5757));
#5749 = ORIENTED_EDGE('',*,*,#5718,.T.);
#5750 = ORIENTED_EDGE('',*,*,#2417,.T.);
#5751 = ORIENTED_EDGE('',*,*,#5752,.F.);
#5752 = EDGE_CURVE('',#582,#2418,#5753,.T.);
#5753 = LINE('',#5754,#5755);
#5754 = CARTESIAN_POINT('',(-1.501333094023,21.948712922192,0.));
#5755 = VECTOR('',#5756,1.);
#5756 = DIRECTION('',(0.,0.,1.));
#5757 = ORIENTED_EDGE('',*,*,#581,.F.);
#5758 = PLANE('',#5759);
#5759 = AXIS2_PLACEMENT_3D('',#5760,#5761,#5762);
#5760 = CARTESIAN_POINT('',(-0.90124823104,21.981532058209,0.));
#5761 = DIRECTION('',(5.460921519211E-02,-0.998507803483,0.));
#5762 = DIRECTION('',(-0.998507803483,-5.460921519211E-02,0.));
#5763 = ADVANCED_FACE('',(#5764),#5775,.F.);
#5764 = FACE_BOUND('',#5765,.F.);
#5765 = EDGE_LOOP('',(#5766,#5772,#5773,#5774));
#5766 = ORIENTED_EDGE('',*,*,#5767,.T.);
#5767 = EDGE_CURVE('',#1462,#3298,#5768,.T.);
#5768 = LINE('',#5769,#5770);
#5769 = CARTESIAN_POINT('',(-1.501333094023,-21.94871292219,0.));
#5770 = VECTOR('',#5771,1.);
#5771 = DIRECTION('',(0.,0.,1.));
#5772 = ORIENTED_EDGE('',*,*,#3305,.T.);
#5773 = ORIENTED_EDGE('',*,*,#5733,.F.);
#5774 = ORIENTED_EDGE('',*,*,#1469,.F.);
#5775 = PLANE('',#5776);
#5776 = AXIS2_PLACEMENT_3D('',#5777,#5778,#5779);
#5777 = CARTESIAN_POINT('',(-1.501333094023,-21.94871292219,0.));
#5778 = DIRECTION('',(5.460921519211E-02,0.998507803483,0.));
#5779 = DIRECTION('',(0.998507803483,-5.460921519211E-02,0.));
#5780 = ADVANCED_FACE('',(#5781),#5792,.F.);
#5781 = FACE_BOUND('',#5782,.F.);
#5782 = EDGE_LOOP('',(#5783,#5784,#5785,#5791));
#5783 = ORIENTED_EDGE('',*,*,#5752,.T.);
#5784 = ORIENTED_EDGE('',*,*,#2425,.T.);
#5785 = ORIENTED_EDGE('',*,*,#5786,.F.);
#5786 = EDGE_CURVE('',#590,#2426,#5787,.T.);
#5787 = LINE('',#5788,#5789);
#5788 = CARTESIAN_POINT('',(-2.100297605987,21.899514834039,0.));
#5789 = VECTOR('',#5790,1.);
#5790 = DIRECTION('',(0.,0.,1.));
#5791 = ORIENTED_EDGE('',*,*,#589,.F.);
#5792 = PLANE('',#5793);
#5793 = AXIS2_PLACEMENT_3D('',#5794,#5795,#5796);
#5794 = CARTESIAN_POINT('',(-1.501333094023,21.948712922192,0.));
#5795 = DIRECTION('',(8.186287968182E-02,-0.996643601761,0.));
#5796 = DIRECTION('',(-0.996643601761,-8.186287968182E-02,0.));
#5797 = ADVANCED_FACE('',(#5798),#5809,.F.);
#5798 = FACE_BOUND('',#5799,.F.);
#5799 = EDGE_LOOP('',(#5800,#5806,#5807,#5808));
#5800 = ORIENTED_EDGE('',*,*,#5801,.T.);
#5801 = EDGE_CURVE('',#1454,#3290,#5802,.T.);
#5802 = LINE('',#5803,#5804);
#5803 = CARTESIAN_POINT('',(-2.100297605987,-21.89951483403,0.));
#5804 = VECTOR('',#5805,1.);
#5805 = DIRECTION('',(0.,0.,1.));
#5806 = ORIENTED_EDGE('',*,*,#3297,.T.);
#5807 = ORIENTED_EDGE('',*,*,#5767,.F.);
#5808 = ORIENTED_EDGE('',*,*,#1461,.F.);
#5809 = PLANE('',#5810);
#5810 = AXIS2_PLACEMENT_3D('',#5811,#5812,#5813);
#5811 = CARTESIAN_POINT('',(-2.100297605987,-21.89951483403,0.));
#5812 = DIRECTION('',(8.186287968181E-02,0.996643601761,0.));
#5813 = DIRECTION('',(0.996643601761,-8.186287968181E-02,0.));
#5814 = ADVANCED_FACE('',(#5815),#5826,.F.);
#5815 = FACE_BOUND('',#5816,.F.);
#5816 = EDGE_LOOP('',(#5817,#5818,#5819,#5825));
#5817 = ORIENTED_EDGE('',*,*,#5786,.T.);
#5818 = ORIENTED_EDGE('',*,*,#2433,.T.);
#5819 = ORIENTED_EDGE('',*,*,#5820,.F.);
#5820 = EDGE_CURVE('',#598,#2434,#5821,.T.);
#5821 = LINE('',#5822,#5823);
#5822 = CARTESIAN_POINT('',(-2.780200187466,23.838424589675,0.));
#5823 = VECTOR('',#5824,1.);
#5824 = DIRECTION('',(0.,0.,1.));
#5825 = ORIENTED_EDGE('',*,*,#597,.F.);
#5826 = PLANE('',#5827);
#5827 = AXIS2_PLACEMENT_3D('',#5828,#5829,#5830);
#5828 = CARTESIAN_POINT('',(-2.100297605987,21.899514834039,0.));
#5829 = DIRECTION('',(-0.943663314197,-0.33090716136,0.));
#5830 = DIRECTION('',(-0.33090716136,0.943663314197,0.));
#5831 = ADVANCED_FACE('',(#5832),#5843,.F.);
#5832 = FACE_BOUND('',#5833,.F.);
#5833 = EDGE_LOOP('',(#5834,#5840,#5841,#5842));
#5834 = ORIENTED_EDGE('',*,*,#5835,.T.);
#5835 = EDGE_CURVE('',#1446,#3282,#5836,.T.);
#5836 = LINE('',#5837,#5838);
#5837 = CARTESIAN_POINT('',(-2.780200187466,-23.83842458967,0.));
#5838 = VECTOR('',#5839,1.);
#5839 = DIRECTION('',(0.,0.,1.));
#5840 = ORIENTED_EDGE('',*,*,#3289,.T.);
#5841 = ORIENTED_EDGE('',*,*,#5801,.F.);
#5842 = ORIENTED_EDGE('',*,*,#1453,.F.);
#5843 = PLANE('',#5844);
#5844 = AXIS2_PLACEMENT_3D('',#5845,#5846,#5847);
#5845 = CARTESIAN_POINT('',(-2.780200187466,-23.83842458967,0.));
#5846 = DIRECTION('',(-0.943663314197,0.33090716136,0.));
#5847 = DIRECTION('',(0.33090716136,0.943663314197,0.));
#5848 = ADVANCED_FACE('',(#5849),#5860,.F.);
#5849 = FACE_BOUND('',#5850,.F.);
#5850 = EDGE_LOOP('',(#5851,#5852,#5853,#5859));
#5851 = ORIENTED_EDGE('',*,*,#5820,.T.);
#5852 = ORIENTED_EDGE('',*,*,#2441,.T.);
#5853 = ORIENTED_EDGE('',*,*,#5854,.F.);
#5854 = EDGE_CURVE('',#606,#2442,#5855,.T.);
#5855 = LINE('',#5856,#5857);
#5856 = CARTESIAN_POINT('',(-3.754427160966,23.704520174283,0.));
#5857 = VECTOR('',#5858,1.);
#5858 = DIRECTION('',(0.,0.,1.));
#5859 = ORIENTED_EDGE('',*,*,#605,.F.);
#5860 = PLANE('',#5861);
#5861 = AXIS2_PLACEMENT_3D('',#5862,#5863,#5864);
#5862 = CARTESIAN_POINT('',(-2.780200187466,23.838424589675,0.));
#5863 = DIRECTION('',(0.136166649096,-0.990685946036,0.));
#5864 = DIRECTION('',(-0.990685946036,-0.136166649096,0.));
#5865 = ADVANCED_FACE('',(#5866),#5877,.F.);
#5866 = FACE_BOUND('',#5867,.F.);
#5867 = EDGE_LOOP('',(#5868,#5874,#5875,#5876));
#5868 = ORIENTED_EDGE('',*,*,#5869,.T.);
#5869 = EDGE_CURVE('',#1438,#3274,#5870,.T.);
#5870 = LINE('',#5871,#5872);
#5871 = CARTESIAN_POINT('',(-3.754427160966,-23.70452017428,0.));
#5872 = VECTOR('',#5873,1.);
#5873 = DIRECTION('',(0.,0.,1.));
#5874 = ORIENTED_EDGE('',*,*,#3281,.T.);
#5875 = ORIENTED_EDGE('',*,*,#5835,.F.);
#5876 = ORIENTED_EDGE('',*,*,#1445,.F.);
#5877 = PLANE('',#5878);
#5878 = AXIS2_PLACEMENT_3D('',#5879,#5880,#5881);
#5879 = CARTESIAN_POINT('',(-3.754427160966,-23.70452017428,0.));
#5880 = DIRECTION('',(0.136166649096,0.990685946036,0.));
#5881 = DIRECTION('',(0.990685946036,-0.136166649096,0.));
#5882 = ADVANCED_FACE('',(#5883),#5894,.F.);
#5883 = FACE_BOUND('',#5884,.F.);
#5884 = EDGE_LOOP('',(#5885,#5886,#5887,#5893));
#5885 = ORIENTED_EDGE('',*,*,#5854,.T.);
#5886 = ORIENTED_EDGE('',*,*,#2449,.T.);
#5887 = ORIENTED_EDGE('',*,*,#5888,.F.);
#5888 = EDGE_CURVE('',#614,#2450,#5889,.T.);
#5889 = LINE('',#5890,#5891);
#5890 = CARTESIAN_POINT('',(-3.886005518749,21.65407493079,0.));
#5891 = VECTOR('',#5892,1.);
#5892 = DIRECTION('',(0.,0.,1.));
#5893 = ORIENTED_EDGE('',*,*,#613,.F.);
#5894 = PLANE('',#5895);
#5895 = AXIS2_PLACEMENT_3D('',#5896,#5897,#5898);
#5896 = CARTESIAN_POINT('',(-3.754427160966,23.704520174283,0.));
#5897 = DIRECTION('',(0.997947402364,-6.403891095061E-02,0.));
#5898 = DIRECTION('',(-6.403891095061E-02,-0.997947402364,0.));
#5899 = ADVANCED_FACE('',(#5900),#5911,.F.);
#5900 = FACE_BOUND('',#5901,.F.);
#5901 = EDGE_LOOP('',(#5902,#5908,#5909,#5910));
#5902 = ORIENTED_EDGE('',*,*,#5903,.T.);
#5903 = EDGE_CURVE('',#1430,#3266,#5904,.T.);
#5904 = LINE('',#5905,#5906);
#5905 = CARTESIAN_POINT('',(-3.886005518749,-21.65407493079,0.));
#5906 = VECTOR('',#5907,1.);
#5907 = DIRECTION('',(0.,0.,1.));
#5908 = ORIENTED_EDGE('',*,*,#3273,.T.);
#5909 = ORIENTED_EDGE('',*,*,#5869,.F.);
#5910 = ORIENTED_EDGE('',*,*,#1437,.F.);
#5911 = PLANE('',#5912);
#5912 = AXIS2_PLACEMENT_3D('',#5913,#5914,#5915);
#5913 = CARTESIAN_POINT('',(-3.886005518749,-21.65407493079,0.));
#5914 = DIRECTION('',(0.997947402364,6.403891095061E-02,0.));
#5915 = DIRECTION('',(6.403891095061E-02,-0.997947402364,0.));
#5916 = ADVANCED_FACE('',(#5917),#5928,.F.);
#5917 = FACE_BOUND('',#5918,.F.);
#5918 = EDGE_LOOP('',(#5919,#5920,#5921,#5927));
#5919 = ORIENTED_EDGE('',*,*,#5888,.T.);
#5920 = ORIENTED_EDGE('',*,*,#2457,.T.);
#5921 = ORIENTED_EDGE('',*,*,#5922,.F.);
#5922 = EDGE_CURVE('',#622,#2458,#5923,.T.);
#5923 = LINE('',#5924,#5925);
#5924 = CARTESIAN_POINT('',(-4.476032287158,21.539849929011,0.));
#5925 = VECTOR('',#5926,1.);
#5926 = DIRECTION('',(0.,0.,1.));
#5927 = ORIENTED_EDGE('',*,*,#621,.F.);
#5928 = PLANE('',#5929);
#5929 = AXIS2_PLACEMENT_3D('',#5930,#5931,#5932);
#5930 = CARTESIAN_POINT('',(-3.886005518749,21.65407493079,0.));
#5931 = DIRECTION('',(0.190064043712,-0.981771694076,0.));
#5932 = DIRECTION('',(-0.981771694076,-0.190064043712,0.));
#5933 = ADVANCED_FACE('',(#5934),#5945,.F.);
#5934 = FACE_BOUND('',#5935,.F.);
#5935 = EDGE_LOOP('',(#5936,#5942,#5943,#5944));
#5936 = ORIENTED_EDGE('',*,*,#5937,.T.);
#5937 = EDGE_CURVE('',#1422,#3258,#5938,.T.);
#5938 = LINE('',#5939,#5940);
#5939 = CARTESIAN_POINT('',(-4.476032287158,-21.53984992901,0.));
#5940 = VECTOR('',#5941,1.);
#5941 = DIRECTION('',(0.,0.,1.));
#5942 = ORIENTED_EDGE('',*,*,#3265,.T.);
#5943 = ORIENTED_EDGE('',*,*,#5903,.F.);
#5944 = ORIENTED_EDGE('',*,*,#1429,.F.);
#5945 = PLANE('',#5946);
#5946 = AXIS2_PLACEMENT_3D('',#5947,#5948,#5949);
#5947 = CARTESIAN_POINT('',(-4.476032287158,-21.53984992901,0.));
#5948 = DIRECTION('',(0.190064043712,0.981771694076,0.));
#5949 = DIRECTION('',(0.981771694076,-0.190064043712,0.));
#5950 = ADVANCED_FACE('',(#5951),#5962,.F.);
#5951 = FACE_BOUND('',#5952,.F.);
#5952 = EDGE_LOOP('',(#5953,#5954,#5955,#5961));
#5953 = ORIENTED_EDGE('',*,*,#5922,.T.);
#5954 = ORIENTED_EDGE('',*,*,#2465,.T.);
#5955 = ORIENTED_EDGE('',*,*,#5956,.F.);
#5956 = EDGE_CURVE('',#630,#2466,#5957,.T.);
#5957 = LINE('',#5958,#5959);
#5958 = CARTESIAN_POINT('',(-5.06271887253,21.409551083984,0.));
#5959 = VECTOR('',#5960,1.);
#5960 = DIRECTION('',(0.,0.,1.));
#5961 = ORIENTED_EDGE('',*,*,#629,.F.);
#5962 = PLANE('',#5963);
#5963 = AXIS2_PLACEMENT_3D('',#5964,#5965,#5966);
#5964 = CARTESIAN_POINT('',(-4.476032287158,21.539849929011,0.));
#5965 = DIRECTION('',(0.216810023998,-0.97621381546,0.));
#5966 = DIRECTION('',(-0.97621381546,-0.216810023998,0.));
#5967 = ADVANCED_FACE('',(#5968),#5979,.F.);
#5968 = FACE_BOUND('',#5969,.F.);
#5969 = EDGE_LOOP('',(#5970,#5976,#5977,#5978));
#5970 = ORIENTED_EDGE('',*,*,#5971,.T.);
#5971 = EDGE_CURVE('',#1414,#3250,#5972,.T.);
#5972 = LINE('',#5973,#5974);
#5973 = CARTESIAN_POINT('',(-5.06271887253,-21.40955108398,0.));
#5974 = VECTOR('',#5975,1.);
#5975 = DIRECTION('',(0.,0.,1.));
#5976 = ORIENTED_EDGE('',*,*,#3257,.T.);
#5977 = ORIENTED_EDGE('',*,*,#5937,.F.);
#5978 = ORIENTED_EDGE('',*,*,#1421,.F.);
#5979 = PLANE('',#5980);
#5980 = AXIS2_PLACEMENT_3D('',#5981,#5982,#5983);
#5981 = CARTESIAN_POINT('',(-5.06271887253,-21.40955108398,0.));
#5982 = DIRECTION('',(0.216810023998,0.97621381546,0.));
#5983 = DIRECTION('',(0.97621381546,-0.216810023998,0.));
#5984 = ADVANCED_FACE('',(#5985),#5996,.F.);
#5985 = FACE_BOUND('',#5986,.F.);
#5986 = EDGE_LOOP('',(#5987,#5988,#5989,#5995));
#5987 = ORIENTED_EDGE('',*,*,#5956,.T.);
#5988 = ORIENTED_EDGE('',*,*,#2473,.T.);
#5989 = ORIENTED_EDGE('',*,*,#5990,.F.);
#5990 = EDGE_CURVE('',#638,#2474,#5991,.T.);
#5991 = LINE('',#5992,#5993);
#5992 = CARTESIAN_POINT('',(-6.000303649,23.237821673294,0.));
#5993 = VECTOR('',#5994,1.);
#5994 = DIRECTION('',(0.,0.,1.));
#5995 = ORIENTED_EDGE('',*,*,#637,.F.);
#5996 = PLANE('',#5997);
#5997 = AXIS2_PLACEMENT_3D('',#5998,#5999,#6000);
#5998 = CARTESIAN_POINT('',(-5.06271887253,21.409551083984,0.));
#5999 = DIRECTION('',(-0.889815463841,-0.456320545571,0.));
#6000 = DIRECTION('',(-0.456320545571,0.889815463841,0.));
#6001 = ADVANCED_FACE('',(#6002),#6013,.F.);
#6002 = FACE_BOUND('',#6003,.F.);
#6003 = EDGE_LOOP('',(#6004,#6010,#6011,#6012));
#6004 = ORIENTED_EDGE('',*,*,#6005,.T.);
#6005 = EDGE_CURVE('',#1406,#3242,#6006,.T.);
#6006 = LINE('',#6007,#6008);
#6007 = CARTESIAN_POINT('',(-6.000303649,-23.23782167329,0.));
#6008 = VECTOR('',#6009,1.);
#6009 = DIRECTION('',(0.,0.,1.));
#6010 = ORIENTED_EDGE('',*,*,#3249,.T.);
#6011 = ORIENTED_EDGE('',*,*,#5971,.F.);
#6012 = ORIENTED_EDGE('',*,*,#1413,.F.);
#6013 = PLANE('',#6014);
#6014 = AXIS2_PLACEMENT_3D('',#6015,#6016,#6017);
#6015 = CARTESIAN_POINT('',(-6.000303649,-23.23782167329,0.));
#6016 = DIRECTION('',(-0.889815463841,0.456320545571,0.));
#6017 = DIRECTION('',(0.456320545571,0.889815463841,0.));
#6018 = ADVANCED_FACE('',(#6019),#6030,.F.);
#6019 = FACE_BOUND('',#6020,.F.);
#6020 = EDGE_LOOP('',(#6021,#6022,#6023,#6029));
#6021 = ORIENTED_EDGE('',*,*,#5990,.T.);
#6022 = ORIENTED_EDGE('',*,*,#2481,.T.);
#6023 = ORIENTED_EDGE('',*,*,#6024,.F.);
#6024 = EDGE_CURVE('',#646,#2482,#6025,.T.);
#6025 = LINE('',#6026,#6027);
#6026 = CARTESIAN_POINT('',(-6.947223304352,22.972507228413,0.));
#6027 = VECTOR('',#6028,1.);
#6028 = DIRECTION('',(0.,0.,1.));
#6029 = ORIENTED_EDGE('',*,*,#645,.F.);
#6030 = PLANE('',#6031);
#6031 = AXIS2_PLACEMENT_3D('',#6032,#6033,#6034);
#6032 = CARTESIAN_POINT('',(-6.000303649,23.237821673294,0.));
#6033 = DIRECTION('',(0.269796771157,-0.962917287348,0.));
#6034 = DIRECTION('',(-0.962917287348,-0.269796771157,0.));
#6035 = ADVANCED_FACE('',(#6036),#6047,.F.);
#6036 = FACE_BOUND('',#6037,.F.);
#6037 = EDGE_LOOP('',(#6038,#6044,#6045,#6046));
#6038 = ORIENTED_EDGE('',*,*,#6039,.T.);
#6039 = EDGE_CURVE('',#1398,#3234,#6040,.T.);
#6040 = LINE('',#6041,#6042);
#6041 = CARTESIAN_POINT('',(-6.947223304352,-22.97250722841,0.));
#6042 = VECTOR('',#6043,1.);
#6043 = DIRECTION('',(0.,0.,1.));
#6044 = ORIENTED_EDGE('',*,*,#3241,.T.);
#6045 = ORIENTED_EDGE('',*,*,#6005,.F.);
#6046 = ORIENTED_EDGE('',*,*,#1405,.F.);
#6047 = PLANE('',#6048);
#6048 = AXIS2_PLACEMENT_3D('',#6049,#6050,#6051);
#6049 = CARTESIAN_POINT('',(-6.947223304352,-22.97250722841,0.));
#6050 = DIRECTION('',(0.269796771157,0.962917287348,0.));
#6051 = DIRECTION('',(0.962917287348,-0.269796771157,0.));
#6052 = ADVANCED_FACE('',(#6053),#6064,.F.);
#6053 = FACE_BOUND('',#6054,.F.);
#6054 = EDGE_LOOP('',(#6055,#6056,#6057,#6063));
#6055 = ORIENTED_EDGE('',*,*,#6024,.T.);
#6056 = ORIENTED_EDGE('',*,*,#2489,.T.);
#6057 = ORIENTED_EDGE('',*,*,#6058,.F.);
#6058 = EDGE_CURVE('',#654,#2490,#6059,.T.);
#6059 = LINE('',#6060,#6061);
#6060 = CARTESIAN_POINT('',(-6.798373876249,20.923243358493,0.));
#6061 = VECTOR('',#6062,1.);
#6062 = DIRECTION('',(0.,0.,1.));
#6063 = ORIENTED_EDGE('',*,*,#653,.F.);
#6064 = PLANE('',#6065);
#6065 = AXIS2_PLACEMENT_3D('',#6066,#6067,#6068);
#6066 = CARTESIAN_POINT('',(-6.947223304352,22.972507228413,0.));
#6067 = DIRECTION('',(0.997372430321,7.244470467591E-02,0.));
#6068 = DIRECTION('',(7.244470467591E-02,-0.997372430321,0.));
#6069 = ADVANCED_FACE('',(#6070),#6081,.F.);
#6070 = FACE_BOUND('',#6071,.F.);
#6071 = EDGE_LOOP('',(#6072,#6078,#6079,#6080));
#6072 = ORIENTED_EDGE('',*,*,#6073,.T.);
#6073 = EDGE_CURVE('',#1390,#3226,#6074,.T.);
#6074 = LINE('',#6075,#6076);
#6075 = CARTESIAN_POINT('',(-6.798373876249,-20.92324335849,0.));
#6076 = VECTOR('',#6077,1.);
#6077 = DIRECTION('',(0.,0.,1.));
#6078 = ORIENTED_EDGE('',*,*,#3233,.T.);
#6079 = ORIENTED_EDGE('',*,*,#6039,.F.);
#6080 = ORIENTED_EDGE('',*,*,#1397,.F.);
#6081 = PLANE('',#6082);
#6082 = AXIS2_PLACEMENT_3D('',#6083,#6084,#6085);
#6083 = CARTESIAN_POINT('',(-6.798373876249,-20.92324335849,0.));
#6084 = DIRECTION('',(0.997372430321,-7.244470467592E-02,0.));
#6085 = DIRECTION('',(-7.244470467592E-02,-0.997372430321,0.));
#6086 = ADVANCED_FACE('',(#6087),#6098,.F.);
#6087 = FACE_BOUND('',#6088,.F.);
#6088 = EDGE_LOOP('',(#6089,#6090,#6091,#6097));
#6089 = ORIENTED_EDGE('',*,*,#6058,.T.);
#6090 = ORIENTED_EDGE('',*,*,#2497,.T.);
#6091 = ORIENTED_EDGE('',*,*,#6092,.F.);
#6092 = EDGE_CURVE('',#662,#2498,#6093,.T.);
#6093 = LINE('',#6094,#6095);
#6094 = CARTESIAN_POINT('',(-7.367351467762,20.729740286614,0.));
#6095 = VECTOR('',#6096,1.);
#6096 = DIRECTION('',(0.,0.,1.));
#6097 = ORIENTED_EDGE('',*,*,#661,.F.);
#6098 = PLANE('',#6099);
#6099 = AXIS2_PLACEMENT_3D('',#6100,#6101,#6102);
#6100 = CARTESIAN_POINT('',(-6.798373876249,20.923243358493,0.));
#6101 = DIRECTION('',(0.321978338712,-0.946747035591,0.));
#6102 = DIRECTION('',(-0.946747035591,-0.321978338712,0.));
#6103 = ADVANCED_FACE('',(#6104),#6115,.F.);
#6104 = FACE_BOUND('',#6105,.F.);
#6105 = EDGE_LOOP('',(#6106,#6112,#6113,#6114));
#6106 = ORIENTED_EDGE('',*,*,#6107,.T.);
#6107 = EDGE_CURVE('',#1382,#3218,#6108,.T.);
#6108 = LINE('',#6109,#6110);
#6109 = CARTESIAN_POINT('',(-7.367351467762,-20.72974028661,0.));
#6110 = VECTOR('',#6111,1.);
#6111 = DIRECTION('',(0.,0.,1.));
#6112 = ORIENTED_EDGE('',*,*,#3225,.T.);
#6113 = ORIENTED_EDGE('',*,*,#6073,.F.);
#6114 = ORIENTED_EDGE('',*,*,#1389,.F.);
#6115 = PLANE('',#6116);
#6116 = AXIS2_PLACEMENT_3D('',#6117,#6118,#6119);
#6117 = CARTESIAN_POINT('',(-7.367351467762,-20.72974028661,0.));
#6118 = DIRECTION('',(0.321978338712,0.946747035591,0.));
#6119 = DIRECTION('',(0.946747035591,-0.321978338712,0.));
#6120 = ADVANCED_FACE('',(#6121),#6132,.F.);
#6121 = FACE_BOUND('',#6122,.F.);
#6122 = EDGE_LOOP('',(#6123,#6124,#6125,#6131));
#6123 = ORIENTED_EDGE('',*,*,#6092,.T.);
#6124 = ORIENTED_EDGE('',*,*,#2505,.T.);
#6125 = ORIENTED_EDGE('',*,*,#6126,.F.);
#6126 = EDGE_CURVE('',#670,#2506,#6127,.T.);
#6127 = LINE('',#6128,#6129);
#6128 = CARTESIAN_POINT('',(-7.930831265509,20.520767905661,0.));
#6129 = VECTOR('',#6130,1.);
#6130 = DIRECTION('',(0.,0.,1.));
#6131 = ORIENTED_EDGE('',*,*,#669,.F.);
#6132 = PLANE('',#6133);
#6133 = AXIS2_PLACEMENT_3D('',#6134,#6135,#6136);
#6134 = CARTESIAN_POINT('',(-7.367351467762,20.729740286614,0.));
#6135 = DIRECTION('',(0.347718407787,-0.937599012844,0.));
#6136 = DIRECTION('',(-0.937599012844,-0.347718407787,0.));
#6137 = ADVANCED_FACE('',(#6138),#6149,.F.);
#6138 = FACE_BOUND('',#6139,.F.);
#6139 = EDGE_LOOP('',(#6140,#6146,#6147,#6148));
#6140 = ORIENTED_EDGE('',*,*,#6141,.T.);
#6141 = EDGE_CURVE('',#1374,#3210,#6142,.T.);
#6142 = LINE('',#6143,#6144);
#6143 = CARTESIAN_POINT('',(-7.930831265509,-20.52076790566,0.));
#6144 = VECTOR('',#6145,1.);
#6145 = DIRECTION('',(0.,0.,1.));
#6146 = ORIENTED_EDGE('',*,*,#3217,.T.);
#6147 = ORIENTED_EDGE('',*,*,#6107,.F.);
#6148 = ORIENTED_EDGE('',*,*,#1381,.F.);
#6149 = PLANE('',#6150);
#6150 = AXIS2_PLACEMENT_3D('',#6151,#6152,#6153);
#6151 = CARTESIAN_POINT('',(-7.930831265509,-20.52076790566,0.));
#6152 = DIRECTION('',(0.347718407787,0.937599012844,0.));
#6153 = DIRECTION('',(0.937599012844,-0.347718407787,0.));
#6154 = ADVANCED_FACE('',(#6155),#6166,.F.);
#6155 = FACE_BOUND('',#6156,.F.);
#6156 = EDGE_LOOP('',(#6157,#6158,#6159,#6165));
#6157 = ORIENTED_EDGE('',*,*,#6126,.T.);
#6158 = ORIENTED_EDGE('',*,*,#2513,.T.);
#6159 = ORIENTED_EDGE('',*,*,#6160,.F.);
#6160 = EDGE_CURVE('',#678,#2514,#6161,.T.);
#6161 = LINE('',#6162,#6163);
#6162 = CARTESIAN_POINT('',(-9.108632806563,22.204342106786,0.));
#6163 = VECTOR('',#6164,1.);
#6164 = DIRECTION('',(0.,0.,1.));
#6165 = ORIENTED_EDGE('',*,*,#677,.F.);
#6166 = PLANE('',#6167);
#6167 = AXIS2_PLACEMENT_3D('',#6168,#6169,#6170);
#6168 = CARTESIAN_POINT('',(-7.930831265509,20.520767905661,0.));
#6169 = DIRECTION('',(-0.819392034989,-0.57323354141,0.));
#6170 = DIRECTION('',(-0.57323354141,0.819392034989,0.));
#6171 = ADVANCED_FACE('',(#6172),#6183,.F.);
#6172 = FACE_BOUND('',#6173,.F.);
#6173 = EDGE_LOOP('',(#6174,#6180,#6181,#6182));
#6174 = ORIENTED_EDGE('',*,*,#6175,.T.);
#6175 = EDGE_CURVE('',#1366,#3202,#6176,.T.);
#6176 = LINE('',#6177,#6178);
#6177 = CARTESIAN_POINT('',(-9.108632806563,-22.20434210678,0.));
#6178 = VECTOR('',#6179,1.);
#6179 = DIRECTION('',(0.,0.,1.));
#6180 = ORIENTED_EDGE('',*,*,#3209,.T.);
#6181 = ORIENTED_EDGE('',*,*,#6141,.F.);
#6182 = ORIENTED_EDGE('',*,*,#1373,.F.);
#6183 = PLANE('',#6184);
#6184 = AXIS2_PLACEMENT_3D('',#6185,#6186,#6187);
#6185 = CARTESIAN_POINT('',(-9.108632806563,-22.20434210678,0.));
#6186 = DIRECTION('',(-0.819392034989,0.57323354141,0.));
#6187 = DIRECTION('',(0.57323354141,0.819392034989,0.));
#6188 = ADVANCED_FACE('',(#6189),#6200,.F.);
#6189 = FACE_BOUND('',#6190,.F.);
#6190 = EDGE_LOOP('',(#6191,#6192,#6193,#6199));
#6191 = ORIENTED_EDGE('',*,*,#6160,.T.);
#6192 = ORIENTED_EDGE('',*,*,#2521,.T.);
#6193 = ORIENTED_EDGE('',*,*,#6194,.F.);
#6194 = EDGE_CURVE('',#686,#2522,#6195,.T.);
#6195 = LINE('',#6196,#6197);
#6196 = CARTESIAN_POINT('',(-10.01060582223,21.812559938529,0.));
#6197 = VECTOR('',#6198,1.);
#6198 = DIRECTION('',(0.,0.,1.));
#6199 = ORIENTED_EDGE('',*,*,#685,.F.);
#6200 = PLANE('',#6201);
#6201 = AXIS2_PLACEMENT_3D('',#6202,#6203,#6204);
#6202 = CARTESIAN_POINT('',(-9.108632806563,22.204342106786,0.));
#6203 = DIRECTION('',(0.398401089846,-0.917211301505,0.));
#6204 = DIRECTION('',(-0.917211301505,-0.398401089846,0.));
#6205 = ADVANCED_FACE('',(#6206),#6217,.F.);
#6206 = FACE_BOUND('',#6207,.F.);
#6207 = EDGE_LOOP('',(#6208,#6214,#6215,#6216));
#6208 = ORIENTED_EDGE('',*,*,#6209,.T.);
#6209 = EDGE_CURVE('',#1358,#3194,#6210,.T.);
#6210 = LINE('',#6211,#6212);
#6211 = CARTESIAN_POINT('',(-10.01060582223,-21.81255993852,0.));
#6212 = VECTOR('',#6213,1.);
#6213 = DIRECTION('',(0.,0.,1.));
#6214 = ORIENTED_EDGE('',*,*,#3201,.T.);
#6215 = ORIENTED_EDGE('',*,*,#6175,.F.);
#6216 = ORIENTED_EDGE('',*,*,#1365,.F.);
#6217 = PLANE('',#6218);
#6218 = AXIS2_PLACEMENT_3D('',#6219,#6220,#6221);
#6219 = CARTESIAN_POINT('',(-10.01060582223,-21.81255993852,0.));
#6220 = DIRECTION('',(0.398401089846,0.917211301505,0.));
#6221 = DIRECTION('',(0.917211301505,-0.398401089846,0.));
#6222 = ADVANCED_FACE('',(#6223),#6234,.F.);
#6223 = FACE_BOUND('',#6224,.F.);
#6224 = EDGE_LOOP('',(#6225,#6226,#6227,#6233));
#6225 = ORIENTED_EDGE('',*,*,#6194,.T.);
#6226 = ORIENTED_EDGE('',*,*,#2529,.T.);
#6227 = ORIENTED_EDGE('',*,*,#6228,.F.);
#6228 = EDGE_CURVE('',#694,#2530,#6229,.T.);
#6229 = LINE('',#6230,#6231);
#6230 = CARTESIAN_POINT('',(-9.584101391452,19.802651350725,0.));
#6231 = VECTOR('',#6232,1.);
#6232 = DIRECTION('',(0.,0.,1.));
#6233 = ORIENTED_EDGE('',*,*,#693,.F.);
#6234 = PLANE('',#6235);
#6235 = AXIS2_PLACEMENT_3D('',#6236,#6237,#6238);
#6236 = CARTESIAN_POINT('',(-10.01060582223,21.812559938529,0.));
#6237 = DIRECTION('',(0.978218297003,0.207578812525,0.));
#6238 = DIRECTION('',(0.207578812525,-0.978218297003,0.));
#6239 = ADVANCED_FACE('',(#6240),#6251,.F.);
#6240 = FACE_BOUND('',#6241,.F.);
#6241 = EDGE_LOOP('',(#6242,#6248,#6249,#6250));
#6242 = ORIENTED_EDGE('',*,*,#6243,.T.);
#6243 = EDGE_CURVE('',#1350,#3186,#6244,.T.);
#6244 = LINE('',#6245,#6246);
#6245 = CARTESIAN_POINT('',(-9.584101391452,-19.80265135072,0.));
#6246 = VECTOR('',#6247,1.);
#6247 = DIRECTION('',(0.,0.,1.));
#6248 = ORIENTED_EDGE('',*,*,#3193,.T.);
#6249 = ORIENTED_EDGE('',*,*,#6209,.F.);
#6250 = ORIENTED_EDGE('',*,*,#1357,.F.);
#6251 = PLANE('',#6252);
#6252 = AXIS2_PLACEMENT_3D('',#6253,#6254,#6255);
#6253 = CARTESIAN_POINT('',(-9.584101391452,-19.80265135072,0.));
#6254 = DIRECTION('',(0.978218297003,-0.207578812525,0.));
#6255 = DIRECTION('',(-0.207578812525,-0.978218297003,0.));
#6256 = ADVANCED_FACE('',(#6257),#6268,.F.);
#6257 = FACE_BOUND('',#6258,.F.);
#6258 = EDGE_LOOP('',(#6259,#6260,#6261,#6267));
#6259 = ORIENTED_EDGE('',*,*,#6228,.T.);
#6260 = ORIENTED_EDGE('',*,*,#2537,.T.);
#6261 = ORIENTED_EDGE('',*,*,#6262,.F.);
#6262 = EDGE_CURVE('',#702,#2538,#6263,.T.);
#6263 = LINE('',#6264,#6265);
#6264 = CARTESIAN_POINT('',(-10.12143083008,19.533474804852,0.));
#6265 = VECTOR('',#6266,1.);
#6266 = DIRECTION('',(0.,0.,1.));
#6267 = ORIENTED_EDGE('',*,*,#701,.F.);
#6268 = PLANE('',#6269);
#6269 = AXIS2_PLACEMENT_3D('',#6270,#6271,#6272);
#6270 = CARTESIAN_POINT('',(-9.584101391452,19.802651350725,0.));
#6271 = DIRECTION('',(0.447894786468,-0.894086271148,0.));
#6272 = DIRECTION('',(-0.894086271148,-0.447894786468,0.));
#6273 = ADVANCED_FACE('',(#6274),#6285,.F.);
#6274 = FACE_BOUND('',#6275,.F.);
#6275 = EDGE_LOOP('',(#6276,#6282,#6283,#6284));
#6276 = ORIENTED_EDGE('',*,*,#6277,.T.);
#6277 = EDGE_CURVE('',#1342,#3178,#6278,.T.);
#6278 = LINE('',#6279,#6280);
#6279 = CARTESIAN_POINT('',(-10.12143083008,-19.53347480485,0.));
#6280 = VECTOR('',#6281,1.);
#6281 = DIRECTION('',(0.,0.,1.));
#6282 = ORIENTED_EDGE('',*,*,#3185,.T.);
#6283 = ORIENTED_EDGE('',*,*,#6243,.F.);
#6284 = ORIENTED_EDGE('',*,*,#1349,.F.);
#6285 = PLANE('',#6286);
#6286 = AXIS2_PLACEMENT_3D('',#6287,#6288,#6289);
#6287 = CARTESIAN_POINT('',(-10.12143083008,-19.53347480485,0.));
#6288 = DIRECTION('',(0.447894786468,0.894086271148,0.));
#6289 = DIRECTION('',(0.894086271148,-0.447894786468,0.));
#6290 = ADVANCED_FACE('',(#6291),#6302,.F.);
#6291 = FACE_BOUND('',#6292,.F.);
#6292 = EDGE_LOOP('',(#6293,#6294,#6295,#6301));
#6293 = ORIENTED_EDGE('',*,*,#6262,.T.);
#6294 = ORIENTED_EDGE('',*,*,#2545,.T.);
#6295 = ORIENTED_EDGE('',*,*,#6296,.F.);
#6296 = EDGE_CURVE('',#710,#2546,#6297,.T.);
#6297 = LINE('',#6298,#6299);
#6298 = CARTESIAN_POINT('',(-10.65120727772,19.24972164804,0.));
#6299 = VECTOR('',#6300,1.);
#6300 = DIRECTION('',(0.,0.,1.));
#6301 = ORIENTED_EDGE('',*,*,#709,.F.);
#6302 = PLANE('',#6303);
#6303 = AXIS2_PLACEMENT_3D('',#6304,#6305,#6306);
#6304 = CARTESIAN_POINT('',(-10.12143083008,19.533474804852,0.));
#6305 = DIRECTION('',(0.472149455548,-0.881518514625,0.));
#6306 = DIRECTION('',(-0.881518514625,-0.472149455548,0.));
#6307 = ADVANCED_FACE('',(#6308),#6319,.F.);
#6308 = FACE_BOUND('',#6309,.F.);
#6309 = EDGE_LOOP('',(#6310,#6316,#6317,#6318));
#6310 = ORIENTED_EDGE('',*,*,#6311,.T.);
#6311 = EDGE_CURVE('',#1334,#3170,#6312,.T.);
#6312 = LINE('',#6313,#6314);
#6313 = CARTESIAN_POINT('',(-10.65120727772,-19.24972164804,0.));
#6314 = VECTOR('',#6315,1.);
#6315 = DIRECTION('',(0.,0.,1.));
#6316 = ORIENTED_EDGE('',*,*,#3177,.T.);
#6317 = ORIENTED_EDGE('',*,*,#6277,.F.);
#6318 = ORIENTED_EDGE('',*,*,#1341,.F.);
#6319 = PLANE('',#6320);
#6320 = AXIS2_PLACEMENT_3D('',#6321,#6322,#6323);
#6321 = CARTESIAN_POINT('',(-10.65120727772,-19.24972164804,0.));
#6322 = DIRECTION('',(0.472149455548,0.881518514625,0.));
#6323 = DIRECTION('',(0.881518514625,-0.472149455548,0.));
#6324 = ADVANCED_FACE('',(#6325),#6336,.F.);
#6325 = FACE_BOUND('',#6326,.F.);
#6326 = EDGE_LOOP('',(#6327,#6328,#6329,#6335));
#6327 = ORIENTED_EDGE('',*,*,#6296,.T.);
#6328 = ORIENTED_EDGE('',*,*,#2553,.T.);
#6329 = ORIENTED_EDGE('',*,*,#6330,.F.);
#6330 = EDGE_CURVE('',#718,#2554,#6331,.T.);
#6331 = LINE('',#6332,#6333);
#6332 = CARTESIAN_POINT('',(-12.04728536913,20.757237659058,0.));
#6333 = VECTOR('',#6334,1.);
#6334 = DIRECTION('',(0.,0.,1.));
#6335 = ORIENTED_EDGE('',*,*,#717,.F.);
#6336 = PLANE('',#6337);
#6337 = AXIS2_PLACEMENT_3D('',#6338,#6339,#6340);
#6338 = CARTESIAN_POINT('',(-10.65120727772,19.24972164804,0.));
#6339 = DIRECTION('',(-0.733704882874,-0.679468280972,0.));
#6340 = DIRECTION('',(-0.679468280972,0.733704882874,0.));
#6341 = ADVANCED_FACE('',(#6342),#6353,.F.);
#6342 = FACE_BOUND('',#6343,.F.);
#6343 = EDGE_LOOP('',(#6344,#6350,#6351,#6352));
#6344 = ORIENTED_EDGE('',*,*,#6345,.T.);
#6345 = EDGE_CURVE('',#1326,#3162,#6346,.T.);
#6346 = LINE('',#6347,#6348);
#6347 = CARTESIAN_POINT('',(-12.04728536913,-20.75723765905,0.));
#6348 = VECTOR('',#6349,1.);
#6349 = DIRECTION('',(0.,0.,1.));
#6350 = ORIENTED_EDGE('',*,*,#3169,.T.);
#6351 = ORIENTED_EDGE('',*,*,#6311,.F.);
#6352 = ORIENTED_EDGE('',*,*,#1333,.F.);
#6353 = PLANE('',#6354);
#6354 = AXIS2_PLACEMENT_3D('',#6355,#6356,#6357);
#6355 = CARTESIAN_POINT('',(-12.04728536913,-20.75723765905,0.));
#6356 = DIRECTION('',(-0.733704882874,0.679468280972,0.));
#6357 = DIRECTION('',(0.679468280972,0.733704882874,0.));
#6358 = ADVANCED_FACE('',(#6359),#6370,.F.);
#6359 = FACE_BOUND('',#6360,.F.);
#6360 = EDGE_LOOP('',(#6361,#6362,#6363,#6369));
#6361 = ORIENTED_EDGE('',*,*,#6330,.T.);
#6362 = ORIENTED_EDGE('',*,*,#2561,.T.);
#6363 = ORIENTED_EDGE('',*,*,#6364,.F.);
#6364 = EDGE_CURVE('',#726,#2562,#6365,.T.);
#6365 = LINE('',#6366,#6367);
#6366 = CARTESIAN_POINT('',(-12.88750969443,20.24628592794,0.));
#6367 = VECTOR('',#6368,1.);
#6368 = DIRECTION('',(0.,0.,1.));
#6369 = ORIENTED_EDGE('',*,*,#725,.F.);
#6370 = PLANE('',#6371);
#6371 = AXIS2_PLACEMENT_3D('',#6372,#6373,#6374);
#6372 = CARTESIAN_POINT('',(-12.04728536913,20.757237659058,0.));
#6373 = DIRECTION('',(0.519583950035,-0.854419404546,0.));
#6374 = DIRECTION('',(-0.854419404546,-0.519583950035,0.));
#6375 = ADVANCED_FACE('',(#6376),#6387,.F.);
#6376 = FACE_BOUND('',#6377,.F.);
#6377 = EDGE_LOOP('',(#6378,#6384,#6385,#6386));
#6378 = ORIENTED_EDGE('',*,*,#6379,.T.);
#6379 = EDGE_CURVE('',#1318,#3154,#6380,.T.);
#6380 = LINE('',#6381,#6382);
#6381 = CARTESIAN_POINT('',(-12.88750969443,-20.24628592794,0.));
#6382 = VECTOR('',#6383,1.);
#6383 = DIRECTION('',(0.,0.,1.));
#6384 = ORIENTED_EDGE('',*,*,#3161,.T.);
#6385 = ORIENTED_EDGE('',*,*,#6345,.F.);
#6386 = ORIENTED_EDGE('',*,*,#1325,.F.);
#6387 = PLANE('',#6388);
#6388 = AXIS2_PLACEMENT_3D('',#6389,#6390,#6391);
#6389 = CARTESIAN_POINT('',(-12.88750969443,-20.24628592794,0.));
#6390 = DIRECTION('',(0.519583950035,0.854419404546,0.));
#6391 = DIRECTION('',(0.854419404546,-0.519583950035,0.));
#6392 = ADVANCED_FACE('',(#6393),#6404,.F.);
#6393 = FACE_BOUND('',#6394,.F.);
#6394 = EDGE_LOOP('',(#6395,#6396,#6397,#6403));
#6395 = ORIENTED_EDGE('',*,*,#6364,.T.);
#6396 = ORIENTED_EDGE('',*,*,#2569,.T.);
#6397 = ORIENTED_EDGE('',*,*,#6398,.F.);
#6398 = EDGE_CURVE('',#734,#2570,#6399,.T.);
#6399 = LINE('',#6400,#6401);
#6400 = CARTESIAN_POINT('',(-12.19129523154,18.313173416348,0.));
#6401 = VECTOR('',#6402,1.);
#6402 = DIRECTION('',(0.,0.,1.));
#6403 = ORIENTED_EDGE('',*,*,#733,.F.);
#6404 = PLANE('',#6405);
#6405 = AXIS2_PLACEMENT_3D('',#6406,#6407,#6408);
#6406 = CARTESIAN_POINT('',(-12.88750969443,20.24628592794,0.));
#6407 = DIRECTION('',(0.940841807671,0.338846119851,0.));
#6408 = DIRECTION('',(0.338846119851,-0.940841807671,0.));
#6409 = ADVANCED_FACE('',(#6410),#6421,.F.);
#6410 = FACE_BOUND('',#6411,.F.);
#6411 = EDGE_LOOP('',(#6412,#6418,#6419,#6420));
#6412 = ORIENTED_EDGE('',*,*,#6413,.T.);
#6413 = EDGE_CURVE('',#1310,#3146,#6414,.T.);
#6414 = LINE('',#6415,#6416);
#6415 = CARTESIAN_POINT('',(-12.19129523154,-18.31317341634,0.));
#6416 = VECTOR('',#6417,1.);
#6417 = DIRECTION('',(0.,0.,1.));
#6418 = ORIENTED_EDGE('',*,*,#3153,.T.);
#6419 = ORIENTED_EDGE('',*,*,#6379,.F.);
#6420 = ORIENTED_EDGE('',*,*,#1317,.F.);
#6421 = PLANE('',#6422);
#6422 = AXIS2_PLACEMENT_3D('',#6423,#6424,#6425);
#6423 = CARTESIAN_POINT('',(-12.19129523154,-18.31317341634,0.));
#6424 = DIRECTION('',(0.940841807671,-0.338846119851,0.));
#6425 = DIRECTION('',(-0.338846119851,-0.940841807671,0.));
#6426 = ADVANCED_FACE('',(#6427),#6438,.F.);
#6427 = FACE_BOUND('',#6428,.F.);
#6428 = EDGE_LOOP('',(#6429,#6430,#6431,#6437));
#6429 = ORIENTED_EDGE('',*,*,#6398,.T.);
#6430 = ORIENTED_EDGE('',*,*,#2577,.T.);
#6431 = ORIENTED_EDGE('',*,*,#6432,.F.);
#6432 = EDGE_CURVE('',#742,#2578,#6433,.T.);
#6433 = LINE('',#6434,#6435);
#6434 = CARTESIAN_POINT('',(-12.68696708652,17.97333764623,0.));
#6435 = VECTOR('',#6436,1.);
#6436 = DIRECTION('',(0.,0.,1.));
#6437 = ORIENTED_EDGE('',*,*,#741,.F.);
#6438 = PLANE('',#6439);
#6439 = AXIS2_PLACEMENT_3D('',#6440,#6441,#6442);
#6440 = CARTESIAN_POINT('',(-12.19129523154,18.313173416348,0.));
#6441 = DIRECTION('',(0.565467801802,-0.824770371149,0.));
#6442 = DIRECTION('',(-0.824770371149,-0.565467801802,0.));
#6443 = ADVANCED_FACE('',(#6444),#6455,.F.);
#6444 = FACE_BOUND('',#6445,.F.);
#6445 = EDGE_LOOP('',(#6446,#6452,#6453,#6454));
#6446 = ORIENTED_EDGE('',*,*,#6447,.T.);
#6447 = EDGE_CURVE('',#1302,#3138,#6448,.T.);
#6448 = LINE('',#6449,#6450);
#6449 = CARTESIAN_POINT('',(-12.68696708652,-17.97333764623,0.));
#6450 = VECTOR('',#6451,1.);
#6451 = DIRECTION('',(0.,0.,1.));
#6452 = ORIENTED_EDGE('',*,*,#3145,.T.);
#6453 = ORIENTED_EDGE('',*,*,#6413,.F.);
#6454 = ORIENTED_EDGE('',*,*,#1309,.F.);
#6455 = PLANE('',#6456);
#6456 = AXIS2_PLACEMENT_3D('',#6457,#6458,#6459);
#6457 = CARTESIAN_POINT('',(-12.68696708652,-17.97333764623,0.));
#6458 = DIRECTION('',(0.565467801802,0.824770371149,0.));
#6459 = DIRECTION('',(0.824770371149,-0.565467801802,0.));
#6460 = ADVANCED_FACE('',(#6461),#6472,.F.);
#6461 = FACE_BOUND('',#6462,.F.);
#6462 = EDGE_LOOP('',(#6463,#6464,#6465,#6471));
#6463 = ORIENTED_EDGE('',*,*,#6432,.T.);
#6464 = ORIENTED_EDGE('',*,*,#2585,.T.);
#6465 = ORIENTED_EDGE('',*,*,#6466,.F.);
#6466 = EDGE_CURVE('',#750,#2586,#6467,.T.);
#6467 = LINE('',#6468,#6469);
#6468 = CARTESIAN_POINT('',(-13.1731714512,17.620089497988,0.));
#6469 = VECTOR('',#6470,1.);
#6470 = DIRECTION('',(0.,0.,1.));
#6471 = ORIENTED_EDGE('',*,*,#749,.F.);
#6472 = PLANE('',#6473);
#6473 = AXIS2_PLACEMENT_3D('',#6474,#6475,#6476);
#6474 = CARTESIAN_POINT('',(-12.68696708652,17.97333764623,0.));
#6475 = DIRECTION('',(0.587785252292,-0.809016994375,0.));
#6476 = DIRECTION('',(-0.809016994375,-0.587785252292,0.));
#6477 = ADVANCED_FACE('',(#6478),#6489,.F.);
#6478 = FACE_BOUND('',#6479,.F.);
#6479 = EDGE_LOOP('',(#6480,#6486,#6487,#6488));
#6480 = ORIENTED_EDGE('',*,*,#6481,.T.);
#6481 = EDGE_CURVE('',#1294,#3130,#6482,.T.);
#6482 = LINE('',#6483,#6484);
#6483 = CARTESIAN_POINT('',(-13.1731714512,-17.62008949798,0.));
#6484 = VECTOR('',#6485,1.);
#6485 = DIRECTION('',(0.,0.,1.));
#6486 = ORIENTED_EDGE('',*,*,#3137,.T.);
#6487 = ORIENTED_EDGE('',*,*,#6447,.F.);
#6488 = ORIENTED_EDGE('',*,*,#1301,.F.);
#6489 = PLANE('',#6490);
#6490 = AXIS2_PLACEMENT_3D('',#6491,#6492,#6493);
#6491 = CARTESIAN_POINT('',(-13.1731714512,-17.62008949798,0.));
#6492 = DIRECTION('',(0.587785252292,0.809016994375,0.));
#6493 = DIRECTION('',(0.809016994375,-0.587785252292,0.));
#6494 = ADVANCED_FACE('',(#6495),#6506,.F.);
#6495 = FACE_BOUND('',#6496,.F.);
#6496 = EDGE_LOOP('',(#6497,#6498,#6499,#6505));
#6497 = ORIENTED_EDGE('',*,*,#6466,.T.);
#6498 = ORIENTED_EDGE('',*,*,#2593,.T.);
#6499 = ORIENTED_EDGE('',*,*,#6500,.F.);
#6500 = EDGE_CURVE('',#758,#2594,#6501,.T.);
#6501 = LINE('',#6502,#6503);
#6502 = CARTESIAN_POINT('',(-14.76151979962,18.923465147943,0.));
#6503 = VECTOR('',#6504,1.);
#6504 = DIRECTION('',(0.,0.,1.));
#6505 = ORIENTED_EDGE('',*,*,#757,.F.);
#6506 = PLANE('',#6507);
#6507 = AXIS2_PLACEMENT_3D('',#6508,#6509,#6510);
#6508 = CARTESIAN_POINT('',(-13.1731714512,17.620089497988,0.));
#6509 = DIRECTION('',(-0.634350197014,-0.773045812063,0.));
#6510 = DIRECTION('',(-0.773045812063,0.634350197014,0.));
#6511 = ADVANCED_FACE('',(#6512),#6523,.F.);
#6512 = FACE_BOUND('',#6513,.F.);
#6513 = EDGE_LOOP('',(#6514,#6520,#6521,#6522));
#6514 = ORIENTED_EDGE('',*,*,#6515,.T.);
#6515 = EDGE_CURVE('',#1286,#3122,#6516,.T.);
#6516 = LINE('',#6517,#6518);
#6517 = CARTESIAN_POINT('',(-14.76151979962,-18.92346514794,0.));
#6518 = VECTOR('',#6519,1.);
#6519 = DIRECTION('',(0.,0.,1.));
#6520 = ORIENTED_EDGE('',*,*,#3129,.T.);
#6521 = ORIENTED_EDGE('',*,*,#6481,.F.);
#6522 = ORIENTED_EDGE('',*,*,#1293,.F.);
#6523 = PLANE('',#6524);
#6524 = AXIS2_PLACEMENT_3D('',#6525,#6526,#6527);
#6525 = CARTESIAN_POINT('',(-14.76151979962,-18.92346514794,0.));
#6526 = DIRECTION('',(-0.634350197014,0.773045812063,0.));
#6527 = DIRECTION('',(0.773045812063,0.634350197014,0.));
#6528 = ADVANCED_FACE('',(#6529),#6540,.F.);
#6529 = FACE_BOUND('',#6530,.F.);
#6530 = EDGE_LOOP('',(#6531,#6532,#6533,#6539));
#6531 = ORIENTED_EDGE('',*,*,#6500,.T.);
#6532 = ORIENTED_EDGE('',*,*,#2601,.T.);
#6533 = ORIENTED_EDGE('',*,*,#6534,.F.);
#6534 = EDGE_CURVE('',#766,#2602,#6535,.T.);
#6535 = LINE('',#6536,#6537);
#6536 = CARTESIAN_POINT('',(-15.52434364513,18.302861917957,0.));
#6537 = VECTOR('',#6538,1.);
#6538 = DIRECTION('',(0.,0.,1.));
#6539 = ORIENTED_EDGE('',*,*,#765,.F.);
#6540 = PLANE('',#6541);
#6541 = AXIS2_PLACEMENT_3D('',#6542,#6543,#6544);
#6542 = CARTESIAN_POINT('',(-14.76151979962,18.923465147943,0.));
#6543 = DIRECTION('',(0.631087944326,-0.775711290704,0.));
#6544 = DIRECTION('',(-0.775711290704,-0.631087944326,0.));
#6545 = ADVANCED_FACE('',(#6546),#6557,.F.);
#6546 = FACE_BOUND('',#6547,.F.);
#6547 = EDGE_LOOP('',(#6548,#6554,#6555,#6556));
#6548 = ORIENTED_EDGE('',*,*,#6549,.T.);
#6549 = EDGE_CURVE('',#1278,#3114,#6550,.T.);
#6550 = LINE('',#6551,#6552);
#6551 = CARTESIAN_POINT('',(-15.52434364513,-18.30286191795,0.));
#6552 = VECTOR('',#6553,1.);
#6553 = DIRECTION('',(0.,0.,1.));
#6554 = ORIENTED_EDGE('',*,*,#3121,.T.);
#6555 = ORIENTED_EDGE('',*,*,#6515,.F.);
#6556 = ORIENTED_EDGE('',*,*,#1285,.F.);
#6557 = PLANE('',#6558);
#6558 = AXIS2_PLACEMENT_3D('',#6559,#6560,#6561);
#6559 = CARTESIAN_POINT('',(-15.52434364513,-18.30286191795,0.));
#6560 = DIRECTION('',(0.631087944326,0.775711290704,0.));
#6561 = DIRECTION('',(0.775711290704,-0.631087944326,0.));
#6562 = ADVANCED_FACE('',(#6563),#6574,.F.);
#6563 = FACE_BOUND('',#6564,.F.);
#6564 = EDGE_LOOP('',(#6565,#6566,#6567,#6573));
#6565 = ORIENTED_EDGE('',*,*,#6534,.T.);
#6566 = ORIENTED_EDGE('',*,*,#2609,.T.);
#6567 = ORIENTED_EDGE('',*,*,#6568,.F.);
#6568 = EDGE_CURVE('',#774,#2610,#6569,.T.);
#6569 = LINE('',#6570,#6571);
#6570 = CARTESIAN_POINT('',(-14.57138830829,16.482555711079,0.));
#6571 = VECTOR('',#6572,1.);
#6572 = DIRECTION('',(0.,0.,1.));
#6573 = ORIENTED_EDGE('',*,*,#773,.F.);
#6574 = PLANE('',#6575);
#6575 = AXIS2_PLACEMENT_3D('',#6576,#6577,#6578);
#6576 = CARTESIAN_POINT('',(-15.52434364513,18.302861917957,0.));
#6577 = DIRECTION('',(0.885939215604,0.463801365085,0.));
#6578 = DIRECTION('',(0.463801365085,-0.885939215604,0.));
#6579 = ADVANCED_FACE('',(#6580),#6591,.F.);
#6580 = FACE_BOUND('',#6581,.F.);
#6581 = EDGE_LOOP('',(#6582,#6588,#6589,#6590));
#6582 = ORIENTED_EDGE('',*,*,#6583,.T.);
#6583 = EDGE_CURVE('',#1270,#3106,#6584,.T.);
#6584 = LINE('',#6585,#6586);
#6585 = CARTESIAN_POINT('',(-14.57138830829,-16.48255571107,0.));
#6586 = VECTOR('',#6587,1.);
#6587 = DIRECTION('',(0.,0.,1.));
#6588 = ORIENTED_EDGE('',*,*,#3113,.T.);
#6589 = ORIENTED_EDGE('',*,*,#6549,.F.);
#6590 = ORIENTED_EDGE('',*,*,#1277,.F.);
#6591 = PLANE('',#6592);
#6592 = AXIS2_PLACEMENT_3D('',#6593,#6594,#6595);
#6593 = CARTESIAN_POINT('',(-14.57138830829,-16.48255571107,0.));
#6594 = DIRECTION('',(0.885939215604,-0.463801365085,0.));
#6595 = DIRECTION('',(-0.463801365085,-0.885939215604,0.));
#6596 = ADVANCED_FACE('',(#6597),#6608,.F.);
#6597 = FACE_BOUND('',#6598,.F.);
#6598 = EDGE_LOOP('',(#6599,#6600,#6601,#6607));
#6599 = ORIENTED_EDGE('',*,*,#6568,.T.);
#6600 = ORIENTED_EDGE('',*,*,#2617,.T.);
#6601 = ORIENTED_EDGE('',*,*,#6602,.F.);
#6602 = EDGE_CURVE('',#782,#2618,#6603,.T.);
#6603 = LINE('',#6604,#6605);
#6604 = CARTESIAN_POINT('',(-15.01616915081,16.078391214119,0.));
#6605 = VECTOR('',#6606,1.);
#6606 = DIRECTION('',(0.,0.,1.));
#6607 = ORIENTED_EDGE('',*,*,#781,.F.);
#6608 = PLANE('',#6609);
#6609 = AXIS2_PLACEMENT_3D('',#6610,#6611,#6612);
#6610 = CARTESIAN_POINT('',(-14.57138830829,16.482555711079,0.));
#6611 = DIRECTION('',(0.672507221895,-0.740090559661,0.));
#6612 = DIRECTION('',(-0.740090559661,-0.672507221895,0.));
#6613 = ADVANCED_FACE('',(#6614),#6625,.F.);
#6614 = FACE_BOUND('',#6615,.F.);
#6615 = EDGE_LOOP('',(#6616,#6622,#6623,#6624));
#6616 = ORIENTED_EDGE('',*,*,#6617,.T.);
#6617 = EDGE_CURVE('',#1262,#3098,#6618,.T.);
#6618 = LINE('',#6619,#6620);
#6619 = CARTESIAN_POINT('',(-15.01616915081,-16.07839121411,0.));
#6620 = VECTOR('',#6621,1.);
#6621 = DIRECTION('',(0.,0.,1.));
#6622 = ORIENTED_EDGE('',*,*,#3105,.T.);
#6623 = ORIENTED_EDGE('',*,*,#6583,.F.);
#6624 = ORIENTED_EDGE('',*,*,#1269,.F.);
#6625 = PLANE('',#6626);
#6626 = AXIS2_PLACEMENT_3D('',#6627,#6628,#6629);
#6627 = CARTESIAN_POINT('',(-15.01616915081,-16.07839121411,0.));
#6628 = DIRECTION('',(0.672507221895,0.740090559661,0.));
#6629 = DIRECTION('',(0.740090559661,-0.672507221895,0.));
#6630 = ADVANCED_FACE('',(#6631),#6642,.F.);
#6631 = FACE_BOUND('',#6632,.F.);
#6632 = EDGE_LOOP('',(#6633,#6634,#6635,#6641));
#6633 = ORIENTED_EDGE('',*,*,#6602,.T.);
#6634 = ORIENTED_EDGE('',*,*,#2625,.T.);
#6635 = ORIENTED_EDGE('',*,*,#6636,.F.);
#6636 = EDGE_CURVE('',#790,#2626,#6637,.T.);
#6637 = LINE('',#6638,#6639);
#6638 = CARTESIAN_POINT('',(-15.44974436515,15.662228419078,0.));
#6639 = VECTOR('',#6640,1.);
#6640 = DIRECTION('',(0.,0.,1.));
#6641 = ORIENTED_EDGE('',*,*,#789,.F.);
#6642 = PLANE('',#6643);
#6643 = AXIS2_PLACEMENT_3D('',#6644,#6645,#6646);
#6644 = CARTESIAN_POINT('',(-15.01616915081,16.078391214119,0.));
#6645 = DIRECTION('',(0.69247172192,-0.721445018239,0.));
#6646 = DIRECTION('',(-0.721445018239,-0.69247172192,0.));
#6647 = ADVANCED_FACE('',(#6648),#6659,.F.);
#6648 = FACE_BOUND('',#6649,.F.);
#6649 = EDGE_LOOP('',(#6650,#6656,#6657,#6658));
#6650 = ORIENTED_EDGE('',*,*,#6651,.T.);
#6651 = EDGE_CURVE('',#1254,#3090,#6652,.T.);
#6652 = LINE('',#6653,#6654);
#6653 = CARTESIAN_POINT('',(-15.44974436515,-15.66222841907,0.));
#6654 = VECTOR('',#6655,1.);
#6655 = DIRECTION('',(0.,0.,1.));
#6656 = ORIENTED_EDGE('',*,*,#3097,.T.);
#6657 = ORIENTED_EDGE('',*,*,#6617,.F.);
#6658 = ORIENTED_EDGE('',*,*,#1261,.F.);
#6659 = PLANE('',#6660);
#6660 = AXIS2_PLACEMENT_3D('',#6661,#6662,#6663);
#6661 = CARTESIAN_POINT('',(-15.44974436515,-15.66222841907,0.));
#6662 = DIRECTION('',(0.69247172192,0.721445018239,0.));
#6663 = DIRECTION('',(0.721445018239,-0.69247172192,0.));
#6664 = ADVANCED_FACE('',(#6665),#6676,.F.);
#6665 = FACE_BOUND('',#6666,.F.);
#6666 = EDGE_LOOP('',(#6667,#6668,#6669,#6675));
#6667 = ORIENTED_EDGE('',*,*,#6636,.T.);
#6668 = ORIENTED_EDGE('',*,*,#2633,.T.);
#6669 = ORIENTED_EDGE('',*,*,#6670,.F.);
#6670 = EDGE_CURVE('',#798,#2634,#6671,.T.);
#6671 = LINE('',#6672,#6673);
#6672 = CARTESIAN_POINT('',(-17.2007750461,16.737184285694,0.));
#6673 = VECTOR('',#6674,1.);
#6674 = DIRECTION('',(0.,0.,1.));
#6675 = ORIENTED_EDGE('',*,*,#797,.F.);
#6676 = PLANE('',#6677);
#6677 = AXIS2_PLACEMENT_3D('',#6678,#6679,#6680);
#6678 = CARTESIAN_POINT('',(-15.44974436515,15.662228419078,0.));
#6679 = DIRECTION('',(-0.523178767221,-0.852222962334,0.));
#6680 = DIRECTION('',(-0.852222962334,0.523178767221,0.));
#6681 = ADVANCED_FACE('',(#6682),#6693,.F.);
#6682 = FACE_BOUND('',#6683,.F.);
#6683 = EDGE_LOOP('',(#6684,#6690,#6691,#6692));
#6684 = ORIENTED_EDGE('',*,*,#6685,.T.);
#6685 = EDGE_CURVE('',#1246,#3082,#6686,.T.);
#6686 = LINE('',#6687,#6688);
#6687 = CARTESIAN_POINT('',(-17.2007750461,-16.73718428569,0.));
#6688 = VECTOR('',#6689,1.);
#6689 = DIRECTION('',(0.,0.,1.));
#6690 = ORIENTED_EDGE('',*,*,#3089,.T.);
#6691 = ORIENTED_EDGE('',*,*,#6651,.F.);
#6692 = ORIENTED_EDGE('',*,*,#1253,.F.);
#6693 = PLANE('',#6694);
#6694 = AXIS2_PLACEMENT_3D('',#6695,#6696,#6697);
#6695 = CARTESIAN_POINT('',(-17.2007750461,-16.73718428569,0.));
#6696 = DIRECTION('',(-0.523178767221,0.852222962334,0.));
#6697 = DIRECTION('',(0.852222962334,0.523178767221,0.));
#6698 = ADVANCED_FACE('',(#6699),#6710,.F.);
#6699 = FACE_BOUND('',#6700,.F.);
#6700 = EDGE_LOOP('',(#6701,#6702,#6703,#6709));
#6701 = ORIENTED_EDGE('',*,*,#6670,.T.);
#6702 = ORIENTED_EDGE('',*,*,#2641,.T.);
#6703 = ORIENTED_EDGE('',*,*,#6704,.F.);
#6704 = EDGE_CURVE('',#806,#2642,#6705,.T.);
#6705 = LINE('',#6706,#6707);
#6706 = CARTESIAN_POINT('',(-17.87198844691,16.018490220787,0.));
#6707 = VECTOR('',#6708,1.);
#6708 = DIRECTION('',(0.,0.,1.));
#6709 = ORIENTED_EDGE('',*,*,#805,.F.);
#6710 = PLANE('',#6711);
#6711 = AXIS2_PLACEMENT_3D('',#6712,#6713,#6714);
#6712 = CARTESIAN_POINT('',(-17.2007750461,16.737184285694,0.));
#6713 = DIRECTION('',(0.730835964278,-0.682553143219,0.));
#6714 = DIRECTION('',(-0.682553143219,-0.730835964278,0.));
#6715 = ADVANCED_FACE('',(#6716),#6727,.F.);
#6716 = FACE_BOUND('',#6717,.F.);
#6717 = EDGE_LOOP('',(#6718,#6724,#6725,#6726));
#6718 = ORIENTED_EDGE('',*,*,#6719,.T.);
#6719 = EDGE_CURVE('',#1238,#3074,#6720,.T.);
#6720 = LINE('',#6721,#6722);
#6721 = CARTESIAN_POINT('',(-17.87198844691,-16.01849022078,0.));
#6722 = VECTOR('',#6723,1.);
#6723 = DIRECTION('',(0.,0.,1.));
#6724 = ORIENTED_EDGE('',*,*,#3081,.T.);
#6725 = ORIENTED_EDGE('',*,*,#6685,.F.);
#6726 = ORIENTED_EDGE('',*,*,#1245,.F.);
#6727 = PLANE('',#6728);
#6728 = AXIS2_PLACEMENT_3D('',#6729,#6730,#6731);
#6729 = CARTESIAN_POINT('',(-17.87198844691,-16.01849022078,0.));
#6730 = DIRECTION('',(0.730835964278,0.682553143219,0.));
#6731 = DIRECTION('',(0.682553143219,-0.730835964278,0.));
#6732 = ADVANCED_FACE('',(#6733),#6744,.F.);
#6733 = FACE_BOUND('',#6734,.F.);
#6734 = EDGE_LOOP('',(#6735,#6736,#6737,#6743));
#6735 = ORIENTED_EDGE('',*,*,#6704,.T.);
#6736 = ORIENTED_EDGE('',*,*,#2649,.T.);
#6737 = ORIENTED_EDGE('',*,*,#6738,.F.);
#6738 = EDGE_CURVE('',#814,#2650,#6739,.T.);
#6739 = LINE('',#6740,#6741);
#6740 = CARTESIAN_POINT('',(-16.68004399098,14.344899179106,0.));
#6741 = VECTOR('',#6742,1.);
#6742 = DIRECTION('',(0.,0.,1.));
#6743 = ORIENTED_EDGE('',*,*,#813,.F.);
#6744 = PLANE('',#6745);
#6745 = AXIS2_PLACEMENT_3D('',#6746,#6747,#6748);
#6746 = CARTESIAN_POINT('',(-17.87198844691,16.018490220787,0.));
#6747 = DIRECTION('',(0.814533252211,0.580116868434,0.));
#6748 = DIRECTION('',(0.580116868434,-0.814533252211,0.));
#6749 = ADVANCED_FACE('',(#6750),#6761,.F.);
#6750 = FACE_BOUND('',#6751,.F.);
#6751 = EDGE_LOOP('',(#6752,#6758,#6759,#6760));
#6752 = ORIENTED_EDGE('',*,*,#6753,.T.);
#6753 = EDGE_CURVE('',#1230,#3066,#6754,.T.);
#6754 = LINE('',#6755,#6756);
#6755 = CARTESIAN_POINT('',(-16.68004399098,-14.3448991791,0.));
#6756 = VECTOR('',#6757,1.);
#6757 = DIRECTION('',(0.,0.,1.));
#6758 = ORIENTED_EDGE('',*,*,#3073,.T.);
#6759 = ORIENTED_EDGE('',*,*,#6719,.F.);
#6760 = ORIENTED_EDGE('',*,*,#1237,.F.);
#6761 = PLANE('',#6762);
#6762 = AXIS2_PLACEMENT_3D('',#6763,#6764,#6765);
#6763 = CARTESIAN_POINT('',(-16.68004399098,-14.3448991791,0.));
#6764 = DIRECTION('',(0.814533252211,-0.580116868434,0.));
#6765 = DIRECTION('',(-0.580116868434,-0.814533252211,0.));
#6766 = ADVANCED_FACE('',(#6767),#6778,.F.);
#6767 = FACE_BOUND('',#6768,.F.);
#6768 = EDGE_LOOP('',(#6769,#6770,#6771,#6777));
#6769 = ORIENTED_EDGE('',*,*,#6738,.T.);
#6770 = ORIENTED_EDGE('',*,*,#2657,.T.);
#6771 = ORIENTED_EDGE('',*,*,#6772,.F.);
#6772 = EDGE_CURVE('',#822,#2658,#6773,.T.);
#6773 = LINE('',#6774,#6775);
#6774 = CARTESIAN_POINT('',(-17.06564839549,13.883934775173,0.));
#6775 = VECTOR('',#6776,1.);
#6776 = DIRECTION('',(0.,0.,1.));
#6777 = ORIENTED_EDGE('',*,*,#821,.F.);
#6778 = PLANE('',#6779);
#6779 = AXIS2_PLACEMENT_3D('',#6780,#6781,#6782);
#6780 = CARTESIAN_POINT('',(-16.68004399098,14.344899179106,0.));
#6781 = DIRECTION('',(0.767019104876,-0.641624261352,0.));
#6782 = DIRECTION('',(-0.641624261352,-0.767019104876,0.));
#6783 = ADVANCED_FACE('',(#6784),#6795,.F.);
#6784 = FACE_BOUND('',#6785,.F.);
#6785 = EDGE_LOOP('',(#6786,#6792,#6793,#6794));
#6786 = ORIENTED_EDGE('',*,*,#6787,.T.);
#6787 = EDGE_CURVE('',#1222,#3058,#6788,.T.);
#6788 = LINE('',#6789,#6790);
#6789 = CARTESIAN_POINT('',(-17.06564839549,-13.88393477517,0.));
#6790 = VECTOR('',#6791,1.);
#6791 = DIRECTION('',(0.,0.,1.));
#6792 = ORIENTED_EDGE('',*,*,#3065,.T.);
#6793 = ORIENTED_EDGE('',*,*,#6753,.F.);
#6794 = ORIENTED_EDGE('',*,*,#1229,.F.);
#6795 = PLANE('',#6796);
#6796 = AXIS2_PLACEMENT_3D('',#6797,#6798,#6799);
#6797 = CARTESIAN_POINT('',(-17.06564839549,-13.88393477517,0.));
#6798 = DIRECTION('',(0.767019104876,0.641624261352,0.));
#6799 = DIRECTION('',(0.641624261352,-0.767019104876,0.));
#6800 = ADVANCED_FACE('',(#6801),#6812,.F.);
#6801 = FACE_BOUND('',#6802,.F.);
#6802 = EDGE_LOOP('',(#6803,#6804,#6805,#6811));
#6803 = ORIENTED_EDGE('',*,*,#6772,.T.);
#6804 = ORIENTED_EDGE('',*,*,#2665,.T.);
#6805 = ORIENTED_EDGE('',*,*,#6806,.F.);
#6806 = EDGE_CURVE('',#830,#2666,#6807,.T.);
#6807 = LINE('',#6808,#6809);
#6808 = CARTESIAN_POINT('',(-17.43851777361,13.412609658794,0.));
#6809 = VECTOR('',#6810,1.);
#6810 = DIRECTION('',(0.,0.,1.));
#6811 = ORIENTED_EDGE('',*,*,#829,.F.);
#6812 = PLANE('',#6813);
#6813 = AXIS2_PLACEMENT_3D('',#6814,#6815,#6816);
#6814 = CARTESIAN_POINT('',(-17.06564839549,13.883934775173,0.));
#6815 = DIRECTION('',(0.784258753574,-0.62043388644,0.));
#6816 = DIRECTION('',(-0.62043388644,-0.784258753574,0.));
#6817 = ADVANCED_FACE('',(#6818),#6829,.F.);
#6818 = FACE_BOUND('',#6819,.F.);
#6819 = EDGE_LOOP('',(#6820,#6826,#6827,#6828));
#6820 = ORIENTED_EDGE('',*,*,#6821,.T.);
#6821 = EDGE_CURVE('',#1214,#3050,#6822,.T.);
#6822 = LINE('',#6823,#6824);
#6823 = CARTESIAN_POINT('',(-17.43851777361,-13.41260965879,0.));
#6824 = VECTOR('',#6825,1.);
#6825 = DIRECTION('',(0.,0.,1.));
#6826 = ORIENTED_EDGE('',*,*,#3057,.T.);
#6827 = ORIENTED_EDGE('',*,*,#6787,.F.);
#6828 = ORIENTED_EDGE('',*,*,#1221,.F.);
#6829 = PLANE('',#6830);
#6830 = AXIS2_PLACEMENT_3D('',#6831,#6832,#6833);
#6831 = CARTESIAN_POINT('',(-17.43851777361,-13.41260965879,0.));
#6832 = DIRECTION('',(0.784258753574,0.62043388644,0.));
#6833 = DIRECTION('',(0.62043388644,-0.784258753574,0.));
#6834 = ADVANCED_FACE('',(#6835),#6846,.F.);
#6835 = FACE_BOUND('',#6836,.F.);
#6836 = EDGE_LOOP('',(#6837,#6838,#6839,#6845));
#6837 = ORIENTED_EDGE('',*,*,#6806,.T.);
#6838 = ORIENTED_EDGE('',*,*,#2673,.T.);
#6839 = ORIENTED_EDGE('',*,*,#6840,.F.);
#6840 = EDGE_CURVE('',#838,#2674,#6841,.T.);
#6841 = LINE('',#6842,#6843);
#6842 = CARTESIAN_POINT('',(-19.31961239859,14.23912134817,0.));
#6843 = VECTOR('',#6844,1.);
#6844 = DIRECTION('',(0.,0.,1.));
#6845 = ORIENTED_EDGE('',*,*,#837,.F.);
#6846 = PLANE('',#6847);
#6847 = AXIS2_PLACEMENT_3D('',#6848,#6849,#6850);
#6848 = CARTESIAN_POINT('',(-17.43851777361,13.412609658794,0.));
#6849 = DIRECTION('',(-0.402261506886,-0.915524811284,0.));
#6850 = DIRECTION('',(-0.915524811284,0.402261506886,0.));
#6851 = ADVANCED_FACE('',(#6852),#6863,.F.);
#6852 = FACE_BOUND('',#6853,.F.);
#6853 = EDGE_LOOP('',(#6854,#6860,#6861,#6862));
#6854 = ORIENTED_EDGE('',*,*,#6855,.T.);
#6855 = EDGE_CURVE('',#1206,#3042,#6856,.T.);
#6856 = LINE('',#6857,#6858);
#6857 = CARTESIAN_POINT('',(-19.31961239859,-14.23912134817,0.));
#6858 = VECTOR('',#6859,1.);
#6859 = DIRECTION('',(0.,0.,1.));
#6860 = ORIENTED_EDGE('',*,*,#3049,.T.);
#6861 = ORIENTED_EDGE('',*,*,#6821,.F.);
#6862 = ORIENTED_EDGE('',*,*,#1213,.F.);
#6863 = PLANE('',#6864);
#6864 = AXIS2_PLACEMENT_3D('',#6865,#6866,#6867);
#6865 = CARTESIAN_POINT('',(-19.31961239859,-14.23912134817,0.));
#6866 = DIRECTION('',(-0.402261506886,0.915524811284,0.));
#6867 = DIRECTION('',(0.915524811284,0.402261506886,0.));
#6868 = ADVANCED_FACE('',(#6869),#6880,.F.);
#6869 = FACE_BOUND('',#6870,.F.);
#6870 = EDGE_LOOP('',(#6871,#6872,#6873,#6879));
#6871 = ORIENTED_EDGE('',*,*,#6840,.T.);
#6872 = ORIENTED_EDGE('',*,*,#2681,.T.);
#6873 = ORIENTED_EDGE('',*,*,#6874,.F.);
#6874 = EDGE_CURVE('',#846,#2682,#6875,.T.);
#6875 = LINE('',#6876,#6877);
#6876 = CARTESIAN_POINT('',(-19.88671191902,13.435724358951,0.));
#6877 = VECTOR('',#6878,1.);
#6878 = DIRECTION('',(0.,0.,1.));
#6879 = ORIENTED_EDGE('',*,*,#845,.F.);
#6880 = PLANE('',#6881);
#6881 = AXIS2_PLACEMENT_3D('',#6882,#6883,#6884);
#6882 = CARTESIAN_POINT('',(-19.31961239859,14.23912134817,0.));
#6883 = DIRECTION('',(0.81696989301,-0.576680322115,0.));
#6884 = DIRECTION('',(-0.576680322115,-0.81696989301,0.));
#6885 = ADVANCED_FACE('',(#6886),#6897,.F.);
#6886 = FACE_BOUND('',#6887,.F.);
#6887 = EDGE_LOOP('',(#6888,#6894,#6895,#6896));
#6888 = ORIENTED_EDGE('',*,*,#6889,.T.);
#6889 = EDGE_CURVE('',#1198,#3034,#6890,.T.);
#6890 = LINE('',#6891,#6892);
#6891 = CARTESIAN_POINT('',(-19.88671191902,-13.43572435895,0.));
#6892 = VECTOR('',#6893,1.);
#6893 = DIRECTION('',(0.,0.,1.));
#6894 = ORIENTED_EDGE('',*,*,#3041,.T.);
#6895 = ORIENTED_EDGE('',*,*,#6855,.F.);
#6896 = ORIENTED_EDGE('',*,*,#1205,.F.);
#6897 = PLANE('',#6898);
#6898 = AXIS2_PLACEMENT_3D('',#6899,#6900,#6901);
#6899 = CARTESIAN_POINT('',(-19.88671191902,-13.43572435895,0.));
#6900 = DIRECTION('',(0.81696989301,0.576680322115,0.));
#6901 = DIRECTION('',(0.576680322115,-0.81696989301,0.));
#6902 = ADVANCED_FACE('',(#6903),#6914,.F.);
#6903 = FACE_BOUND('',#6904,.F.);
#6904 = EDGE_LOOP('',(#6905,#6906,#6907,#6913));
#6905 = ORIENTED_EDGE('',*,*,#6874,.T.);
#6906 = ORIENTED_EDGE('',*,*,#2689,.T.);
#6907 = ORIENTED_EDGE('',*,*,#6908,.F.);
#6908 = EDGE_CURVE('',#854,#2690,#6909,.T.);
#6909 = LINE('',#6910,#6911);
#6910 = CARTESIAN_POINT('',(-18.47798201398,11.940024317018,0.));
#6911 = VECTOR('',#6912,1.);
#6912 = DIRECTION('',(0.,0.,1.));
#6913 = ORIENTED_EDGE('',*,*,#853,.F.);
#6914 = PLANE('',#6915);
#6915 = AXIS2_PLACEMENT_3D('',#6916,#6917,#6918);
#6916 = CARTESIAN_POINT('',(-19.88671191902,13.435724358951,0.));
#6917 = DIRECTION('',(0.727954075486,0.685625892148,0.));
#6918 = DIRECTION('',(0.685625892148,-0.727954075486,0.));
#6919 = ADVANCED_FACE('',(#6920),#6931,.F.);
#6920 = FACE_BOUND('',#6921,.F.);
#6921 = EDGE_LOOP('',(#6922,#6928,#6929,#6930));
#6922 = ORIENTED_EDGE('',*,*,#6923,.T.);
#6923 = EDGE_CURVE('',#1190,#3026,#6924,.T.);
#6924 = LINE('',#6925,#6926);
#6925 = CARTESIAN_POINT('',(-18.47798201398,-11.94002431701,0.));
#6926 = VECTOR('',#6927,1.);
#6927 = DIRECTION('',(0.,0.,1.));
#6928 = ORIENTED_EDGE('',*,*,#3033,.T.);
#6929 = ORIENTED_EDGE('',*,*,#6889,.F.);
#6930 = ORIENTED_EDGE('',*,*,#1197,.F.);
#6931 = PLANE('',#6932);
#6932 = AXIS2_PLACEMENT_3D('',#6933,#6934,#6935);
#6933 = CARTESIAN_POINT('',(-18.47798201398,-11.94002431701,0.));
#6934 = DIRECTION('',(0.727954075486,-0.685625892148,0.));
#6935 = DIRECTION('',(-0.685625892148,-0.727954075486,0.));
#6936 = ADVANCED_FACE('',(#6937),#6948,.F.);
#6937 = FACE_BOUND('',#6938,.F.);
#6938 = EDGE_LOOP('',(#6939,#6940,#6941,#6947));
#6939 = ORIENTED_EDGE('',*,*,#6908,.T.);
#6940 = ORIENTED_EDGE('',*,*,#2697,.T.);
#6941 = ORIENTED_EDGE('',*,*,#6942,.F.);
#6942 = EDGE_CURVE('',#862,#2698,#6943,.T.);
#6943 = LINE('',#6944,#6945);
#6944 = CARTESIAN_POINT('',(-18.79722690002,11.43084690078,0.));
#6945 = VECTOR('',#6946,1.);
#6946 = DIRECTION('',(0.,0.,1.));
#6947 = ORIENTED_EDGE('',*,*,#861,.F.);
#6948 = PLANE('',#6949);
#6949 = AXIS2_PLACEMENT_3D('',#6950,#6951,#6952);
#6950 = CARTESIAN_POINT('',(-18.47798201398,11.940024317018,0.));
#6951 = DIRECTION('',(0.847242873189,-0.531205717054,0.));
#6952 = DIRECTION('',(-0.531205717054,-0.847242873189,0.));
#6953 = ADVANCED_FACE('',(#6954),#6965,.F.);
#6954 = FACE_BOUND('',#6955,.F.);
#6955 = EDGE_LOOP('',(#6956,#6962,#6963,#6964));
#6956 = ORIENTED_EDGE('',*,*,#6957,.T.);
#6957 = EDGE_CURVE('',#1182,#3018,#6958,.T.);
#6958 = LINE('',#6959,#6960);
#6959 = CARTESIAN_POINT('',(-18.79722690002,-11.43084690078,0.));
#6960 = VECTOR('',#6961,1.);
#6961 = DIRECTION('',(0.,0.,1.));
#6962 = ORIENTED_EDGE('',*,*,#3025,.T.);
#6963 = ORIENTED_EDGE('',*,*,#6923,.F.);
#6964 = ORIENTED_EDGE('',*,*,#1189,.F.);
#6965 = PLANE('',#6966);
#6966 = AXIS2_PLACEMENT_3D('',#6967,#6968,#6969);
#6967 = CARTESIAN_POINT('',(-18.79722690002,-11.43084690078,0.));
#6968 = DIRECTION('',(0.847242873189,0.531205717054,0.));
#6969 = DIRECTION('',(0.531205717054,-0.847242873189,0.));
#6970 = ADVANCED_FACE('',(#6971),#6982,.F.);
#6971 = FACE_BOUND('',#6972,.F.);
#6972 = EDGE_LOOP('',(#6973,#6974,#6975,#6981));
#6973 = ORIENTED_EDGE('',*,*,#6942,.T.);
#6974 = ORIENTED_EDGE('',*,*,#2705,.T.);
#6975 = ORIENTED_EDGE('',*,*,#6976,.F.);
#6976 = EDGE_CURVE('',#870,#2706,#6977,.T.);
#6977 = LINE('',#6978,#6979);
#6978 = CARTESIAN_POINT('',(-19.1024445909,10.9131393582,0.));
#6979 = VECTOR('',#6980,1.);
#6980 = DIRECTION('',(0.,0.,1.));
#6981 = ORIENTED_EDGE('',*,*,#869,.F.);
#6982 = PLANE('',#6983);
#6983 = AXIS2_PLACEMENT_3D('',#6984,#6985,#6986);
#6984 = CARTESIAN_POINT('',(-18.79722690002,11.43084690078,0.));
#6985 = DIRECTION('',(0.861436528524,-0.507865245242,0.));
#6986 = DIRECTION('',(-0.507865245242,-0.861436528524,0.));
#6987 = ADVANCED_FACE('',(#6988),#6999,.F.);
#6988 = FACE_BOUND('',#6989,.F.);
#6989 = EDGE_LOOP('',(#6990,#6996,#6997,#6998));
#6990 = ORIENTED_EDGE('',*,*,#6991,.T.);
#6991 = EDGE_CURVE('',#1174,#3010,#6992,.T.);
#6992 = LINE('',#6993,#6994);
#6993 = CARTESIAN_POINT('',(-19.1024445909,-10.91313935819,0.));
#6994 = VECTOR('',#6995,1.);
#6995 = DIRECTION('',(0.,0.,1.));
#6996 = ORIENTED_EDGE('',*,*,#3017,.T.);
#6997 = ORIENTED_EDGE('',*,*,#6957,.F.);
#6998 = ORIENTED_EDGE('',*,*,#1181,.F.);
#6999 = PLANE('',#7000);
#7000 = AXIS2_PLACEMENT_3D('',#7001,#7002,#7003);
#7001 = CARTESIAN_POINT('',(-19.1024445909,-10.91313935819,0.));
#7002 = DIRECTION('',(0.861436528524,0.507865245242,0.));
#7003 = DIRECTION('',(0.507865245242,-0.861436528524,0.));
#7004 = ADVANCED_FACE('',(#7005),#7016,.F.);
#7005 = FACE_BOUND('',#7006,.F.);
#7006 = EDGE_LOOP('',(#7007,#7008,#7009,#7015));
#7007 = ORIENTED_EDGE('',*,*,#6976,.T.);
#7008 = ORIENTED_EDGE('',*,*,#2713,.T.);
#7009 = ORIENTED_EDGE('',*,*,#7010,.F.);
#7010 = EDGE_CURVE('',#878,#2714,#7011,.T.);
#7011 = LINE('',#7012,#7013);
#7012 = CARTESIAN_POINT('',(-21.07856192621,11.475810521383,0.));
#7013 = VECTOR('',#7014,1.);
#7014 = DIRECTION('',(0.,0.,1.));
#7015 = ORIENTED_EDGE('',*,*,#877,.F.);
#7016 = PLANE('',#7017);
#7017 = AXIS2_PLACEMENT_3D('',#7018,#7019,#7020);
#7018 = CARTESIAN_POINT('',(-19.1024445909,10.9131393582,0.));
#7019 = DIRECTION('',(-0.273850875787,-0.96177216524,0.));
#7020 = DIRECTION('',(-0.96177216524,0.273850875787,0.));
#7021 = ADVANCED_FACE('',(#7022),#7033,.F.);
#7022 = FACE_BOUND('',#7023,.F.);
#7023 = EDGE_LOOP('',(#7024,#7030,#7031,#7032));
#7024 = ORIENTED_EDGE('',*,*,#7025,.T.);
#7025 = EDGE_CURVE('',#1166,#3002,#7026,.T.);
#7026 = LINE('',#7027,#7028);
#7027 = CARTESIAN_POINT('',(-21.07856192621,-11.47581052138,0.));
#7028 = VECTOR('',#7029,1.);
#7029 = DIRECTION('',(0.,0.,1.));
#7030 = ORIENTED_EDGE('',*,*,#3009,.T.);
#7031 = ORIENTED_EDGE('',*,*,#6991,.F.);
#7032 = ORIENTED_EDGE('',*,*,#1173,.F.);
#7033 = PLANE('',#7034);
#7034 = AXIS2_PLACEMENT_3D('',#7035,#7036,#7037);
#7035 = CARTESIAN_POINT('',(-21.07856192621,-11.47581052138,0.));
#7036 = DIRECTION('',(-0.273850875787,0.96177216524,0.));
#7037 = DIRECTION('',(0.96177216524,0.273850875787,0.));
#7038 = ADVANCED_FACE('',(#7039),#7050,.F.);
#7039 = FACE_BOUND('',#7040,.F.);
#7040 = EDGE_LOOP('',(#7041,#7042,#7043,#7049));
#7041 = ORIENTED_EDGE('',*,*,#7010,.T.);
#7042 = ORIENTED_EDGE('',*,*,#2721,.T.);
#7043 = ORIENTED_EDGE('',*,*,#7044,.F.);
#7044 = EDGE_CURVE('',#886,#2722,#7045,.T.);
#7045 = LINE('',#7046,#7047);
#7046 = CARTESIAN_POINT('',(-21.53098357519,10.602676373675,0.));
#7047 = VECTOR('',#7048,1.);
#7048 = DIRECTION('',(0.,0.,1.));
#7049 = ORIENTED_EDGE('',*,*,#885,.F.);
#7050 = PLANE('',#7051);
#7051 = AXIS2_PLACEMENT_3D('',#7052,#7053,#7054);
#7052 = CARTESIAN_POINT('',(-21.07856192621,11.475810521383,0.));
#7053 = DIRECTION('',(0.887885218402,-0.460065037731,0.));
#7054 = DIRECTION('',(-0.460065037731,-0.887885218402,0.));
#7055 = ADVANCED_FACE('',(#7056),#7067,.F.);
#7056 = FACE_BOUND('',#7057,.F.);
#7057 = EDGE_LOOP('',(#7058,#7064,#7065,#7066));
#7058 = ORIENTED_EDGE('',*,*,#7059,.T.);
#7059 = EDGE_CURVE('',#1158,#2994,#7060,.T.);
#7060 = LINE('',#7061,#7062);
#7061 = CARTESIAN_POINT('',(-21.53098357519,-10.60267637367,0.));
#7062 = VECTOR('',#7063,1.);
#7063 = DIRECTION('',(0.,0.,1.));
#7064 = ORIENTED_EDGE('',*,*,#3001,.T.);
#7065 = ORIENTED_EDGE('',*,*,#7025,.F.);
#7066 = ORIENTED_EDGE('',*,*,#1165,.F.);
#7067 = PLANE('',#7068);
#7068 = AXIS2_PLACEMENT_3D('',#7069,#7070,#7071);
#7069 = CARTESIAN_POINT('',(-21.53098357519,-10.60267637367,0.));
#7070 = DIRECTION('',(0.887885218402,0.460065037731,0.));
#7071 = DIRECTION('',(0.460065037731,-0.887885218402,0.));
#7072 = ADVANCED_FACE('',(#7073),#7084,.F.);
#7073 = FACE_BOUND('',#7074,.F.);
#7074 = EDGE_LOOP('',(#7075,#7076,#7077,#7083));
#7075 = ORIENTED_EDGE('',*,*,#7044,.T.);
#7076 = ORIENTED_EDGE('',*,*,#2729,.T.);
#7077 = ORIENTED_EDGE('',*,*,#7078,.F.);
#7078 = EDGE_CURVE('',#894,#2730,#7079,.T.);
#7079 = LINE('',#7080,#7081);
#7080 = CARTESIAN_POINT('',(-19.93171019374,9.312729393297,0.));
#7081 = VECTOR('',#7082,1.);
#7082 = DIRECTION('',(0.,0.,1.));
#7083 = ORIENTED_EDGE('',*,*,#893,.F.);
#7084 = PLANE('',#7085);
#7085 = AXIS2_PLACEMENT_3D('',#7086,#7087,#7088);
#7086 = CARTESIAN_POINT('',(-21.53098357519,10.602676373675,0.));
#7087 = DIRECTION('',(0.627814491677,0.778363002744,0.));
#7088 = DIRECTION('',(0.778363002744,-0.627814491677,0.));
#7089 = ADVANCED_FACE('',(#7090),#7101,.F.);
#7090 = FACE_BOUND('',#7091,.F.);
#7091 = EDGE_LOOP('',(#7092,#7098,#7099,#7100));
#7092 = ORIENTED_EDGE('',*,*,#7093,.T.);
#7093 = EDGE_CURVE('',#1150,#2986,#7094,.T.);
#7094 = LINE('',#7095,#7096);
#7095 = CARTESIAN_POINT('',(-19.93171019374,-9.312729393297,0.));
#7096 = VECTOR('',#7097,1.);
#7097 = DIRECTION('',(0.,0.,1.));
#7098 = ORIENTED_EDGE('',*,*,#2993,.T.);
#7099 = ORIENTED_EDGE('',*,*,#7059,.F.);
#7100 = ORIENTED_EDGE('',*,*,#1157,.F.);
#7101 = PLANE('',#7102);
#7102 = AXIS2_PLACEMENT_3D('',#7103,#7104,#7105);
#7103 = CARTESIAN_POINT('',(-19.93171019374,-9.312729393297,0.));
#7104 = DIRECTION('',(0.627814491677,-0.778363002744,0.));
#7105 = DIRECTION('',(-0.778363002744,-0.627814491677,0.));
#7106 = ADVANCED_FACE('',(#7107),#7118,.F.);
#7107 = FACE_BOUND('',#7108,.F.);
#7108 = EDGE_LOOP('',(#7109,#7110,#7111,#7117));
#7109 = ORIENTED_EDGE('',*,*,#7078,.T.);
#7110 = ORIENTED_EDGE('',*,*,#2737,.T.);
#7111 = ORIENTED_EDGE('',*,*,#7112,.F.);
#7112 = EDGE_CURVE('',#902,#2738,#7113,.T.);
#7113 = LINE('',#7114,#7115);
#7114 = CARTESIAN_POINT('',(-20.17864863312,8.764823976617,0.));
#7115 = VECTOR('',#7116,1.);
#7116 = DIRECTION('',(0.,0.,1.));
#7117 = ORIENTED_EDGE('',*,*,#901,.F.);
#7118 = PLANE('',#7119);
#7119 = AXIS2_PLACEMENT_3D('',#7120,#7121,#7122);
#7120 = CARTESIAN_POINT('',(-19.93171019374,9.312729393297,0.));
#7121 = DIRECTION('',(0.91168410982,-0.410891815327,0.));
#7122 = DIRECTION('',(-0.410891815327,-0.91168410982,0.));
#7123 = ADVANCED_FACE('',(#7124),#7135,.F.);
#7124 = FACE_BOUND('',#7125,.F.);
#7125 = EDGE_LOOP('',(#7126,#7132,#7133,#7134));
#7126 = ORIENTED_EDGE('',*,*,#7127,.T.);
#7127 = EDGE_CURVE('',#1142,#2978,#7128,.T.);
#7128 = LINE('',#7129,#7130);
#7129 = CARTESIAN_POINT('',(-20.17864863312,-8.764823976617,0.));
#7130 = VECTOR('',#7131,1.);
#7131 = DIRECTION('',(0.,0.,1.));
#7132 = ORIENTED_EDGE('',*,*,#2985,.T.);
#7133 = ORIENTED_EDGE('',*,*,#7093,.F.);
#7134 = ORIENTED_EDGE('',*,*,#1149,.F.);
#7135 = PLANE('',#7136);
#7136 = AXIS2_PLACEMENT_3D('',#7137,#7138,#7139);
#7137 = CARTESIAN_POINT('',(-20.17864863312,-8.764823976617,0.));
#7138 = DIRECTION('',(0.91168410982,0.410891815327,0.));
#7139 = DIRECTION('',(0.410891815327,-0.91168410982,0.));
#7140 = ADVANCED_FACE('',(#7141),#7152,.F.);
#7141 = FACE_BOUND('',#7142,.F.);
#7142 = EDGE_LOOP('',(#7143,#7144,#7145,#7151));
#7143 = ORIENTED_EDGE('',*,*,#7112,.T.);
#7144 = ORIENTED_EDGE('',*,*,#2745,.T.);
#7145 = ORIENTED_EDGE('',*,*,#7146,.F.);
#7146 = EDGE_CURVE('',#910,#2746,#7147,.T.);
#7147 = LINE('',#7148,#7149);
#7148 = CARTESIAN_POINT('',(-20.41052900867,8.210377919814,0.));
#7149 = VECTOR('',#7150,1.);
#7150 = DIRECTION('',(0.,0.,1.));
#7151 = ORIENTED_EDGE('',*,*,#909,.F.);
#7152 = PLANE('',#7153);
#7153 = AXIS2_PLACEMENT_3D('',#7154,#7155,#7156);
#7154 = CARTESIAN_POINT('',(-20.17864863312,8.764823976617,0.));
#7155 = DIRECTION('',(0.922567370848,-0.385836035443,0.));
#7156 = DIRECTION('',(-0.385836035443,-0.922567370848,0.));
#7157 = ADVANCED_FACE('',(#7158),#7169,.F.);
#7158 = FACE_BOUND('',#7159,.F.);
#7159 = EDGE_LOOP('',(#7160,#7166,#7167,#7168));
#7160 = ORIENTED_EDGE('',*,*,#7161,.T.);
#7161 = EDGE_CURVE('',#1134,#2970,#7162,.T.);
#7162 = LINE('',#7163,#7164);
#7163 = CARTESIAN_POINT('',(-20.41052900867,-8.210377919814,0.));
#7164 = VECTOR('',#7165,1.);
#7165 = DIRECTION('',(0.,0.,1.));
#7166 = ORIENTED_EDGE('',*,*,#2977,.T.);
#7167 = ORIENTED_EDGE('',*,*,#7127,.F.);
#7168 = ORIENTED_EDGE('',*,*,#1141,.F.);
#7169 = PLANE('',#7170);
#7170 = AXIS2_PLACEMENT_3D('',#7171,#7172,#7173);
#7171 = CARTESIAN_POINT('',(-20.41052900867,-8.210377919814,0.));
#7172 = DIRECTION('',(0.922567370848,0.385836035443,0.));
#7173 = DIRECTION('',(0.385836035443,-0.922567370848,0.));
#7174 = ADVANCED_FACE('',(#7175),#7186,.F.);
#7175 = FACE_BOUND('',#7176,.F.);
#7176 = EDGE_LOOP('',(#7177,#7178,#7179,#7185));
#7177 = ORIENTED_EDGE('',*,*,#7146,.T.);
#7178 = ORIENTED_EDGE('',*,*,#2753,.T.);
#7179 = ORIENTED_EDGE('',*,*,#7180,.F.);
#7180 = EDGE_CURVE('',#918,#2754,#7181,.T.);
#7181 = LINE('',#7182,#7183);
#7182 = CARTESIAN_POINT('',(-22.44485772731,8.498727057649,0.));
#7183 = VECTOR('',#7184,1.);
#7184 = DIRECTION('',(0.,0.,1.));
#7185 = ORIENTED_EDGE('',*,*,#917,.F.);
#7186 = PLANE('',#7187);
#7187 = AXIS2_PLACEMENT_3D('',#7188,#7189,#7190);
#7188 = CARTESIAN_POINT('',(-20.41052900867,8.210377919814,0.));
#7189 = DIRECTION('',(-0.140338921017,-0.9901035235,0.));
#7190 = DIRECTION('',(-0.9901035235,0.140338921017,0.));
#7191 = ADVANCED_FACE('',(#7192),#7203,.F.);
#7192 = FACE_BOUND('',#7193,.F.);
#7193 = EDGE_LOOP('',(#7194,#7200,#7201,#7202));
#7194 = ORIENTED_EDGE('',*,*,#7195,.T.);
#7195 = EDGE_CURVE('',#1126,#2962,#7196,.T.);
#7196 = LINE('',#7197,#7198);
#7197 = CARTESIAN_POINT('',(-22.44485772731,-8.498727057649,0.));
#7198 = VECTOR('',#7199,1.);
#7199 = DIRECTION('',(0.,0.,1.));
#7200 = ORIENTED_EDGE('',*,*,#2969,.T.);
#7201 = ORIENTED_EDGE('',*,*,#7161,.F.);
#7202 = ORIENTED_EDGE('',*,*,#1133,.F.);
#7203 = PLANE('',#7204);
#7204 = AXIS2_PLACEMENT_3D('',#7205,#7206,#7207);
#7205 = CARTESIAN_POINT('',(-22.44485772731,-8.498727057649,0.));
#7206 = DIRECTION('',(-0.140338921017,0.9901035235,0.));
#7207 = DIRECTION('',(0.9901035235,0.140338921017,0.));
#7208 = ADVANCED_FACE('',(#7209),#7220,.F.);
#7209 = FACE_BOUND('',#7210,.F.);
#7210 = EDGE_LOOP('',(#7211,#7212,#7213,#7219));
#7211 = ORIENTED_EDGE('',*,*,#7180,.T.);
#7212 = ORIENTED_EDGE('',*,*,#2761,.T.);
#7213 = ORIENTED_EDGE('',*,*,#7214,.F.);
#7214 = EDGE_CURVE('',#926,#2762,#7215,.T.);
#7215 = LINE('',#7216,#7217);
#7216 = CARTESIAN_POINT('',(-22.77417374553,7.572120588591,0.));
#7217 = VECTOR('',#7218,1.);
#7218 = DIRECTION('',(0.,0.,1.));
#7219 = ORIENTED_EDGE('',*,*,#925,.F.);
#7220 = PLANE('',#7221);
#7221 = AXIS2_PLACEMENT_3D('',#7222,#7223,#7224);
#7222 = CARTESIAN_POINT('',(-22.44485772731,8.498727057649,0.));
#7223 = DIRECTION('',(0.942260922119,-0.334879612171,0.));
#7224 = DIRECTION('',(-0.334879612171,-0.942260922119,0.));
#7225 = ADVANCED_FACE('',(#7226),#7237,.F.);
#7226 = FACE_BOUND('',#7227,.F.);
#7227 = EDGE_LOOP('',(#7228,#7234,#7235,#7236));
#7228 = ORIENTED_EDGE('',*,*,#7229,.T.);
#7229 = EDGE_CURVE('',#1118,#2954,#7230,.T.);
#7230 = LINE('',#7231,#7232);
#7231 = CARTESIAN_POINT('',(-22.77417374553,-7.572120588591,0.));
#7232 = VECTOR('',#7233,1.);
#7233 = DIRECTION('',(0.,0.,1.));
#7234 = ORIENTED_EDGE('',*,*,#2961,.T.);
#7235 = ORIENTED_EDGE('',*,*,#7195,.F.);
#7236 = ORIENTED_EDGE('',*,*,#1125,.F.);
#7237 = PLANE('',#7238);
#7238 = AXIS2_PLACEMENT_3D('',#7239,#7240,#7241);
#7239 = CARTESIAN_POINT('',(-22.77417374553,-7.572120588591,0.));
#7240 = DIRECTION('',(0.942260922119,0.334879612171,0.));
#7241 = DIRECTION('',(0.334879612171,-0.942260922119,0.));
#7242 = ADVANCED_FACE('',(#7243),#7254,.F.);
#7243 = FACE_BOUND('',#7244,.F.);
#7244 = EDGE_LOOP('',(#7245,#7246,#7247,#7253));
#7245 = ORIENTED_EDGE('',*,*,#7214,.T.);
#7246 = ORIENTED_EDGE('',*,*,#2769,.T.);
#7247 = ORIENTED_EDGE('',*,*,#7248,.F.);
#7248 = EDGE_CURVE('',#934,#2770,#7249,.T.);
#7249 = LINE('',#7250,#7251);
#7250 = CARTESIAN_POINT('',(-21.01414832483,6.51195594134,0.));
#7251 = VECTOR('',#7252,1.);
#7252 = DIRECTION('',(0.,0.,1.));
#7253 = ORIENTED_EDGE('',*,*,#933,.F.);
#7254 = PLANE('',#7255);
#7255 = AXIS2_PLACEMENT_3D('',#7256,#7257,#7258);
#7256 = CARTESIAN_POINT('',(-22.77417374553,7.572120588591,0.));
#7257 = DIRECTION('',(0.515979911758,0.856600683319,0.));
#7258 = DIRECTION('',(0.856600683319,-0.515979911758,0.));
#7259 = ADVANCED_FACE('',(#7260),#7271,.F.);
#7260 = FACE_BOUND('',#7261,.F.);
#7261 = EDGE_LOOP('',(#7262,#7268,#7269,#7270));
#7262 = ORIENTED_EDGE('',*,*,#7263,.T.);
#7263 = EDGE_CURVE('',#1110,#2946,#7264,.T.);
#7264 = LINE('',#7265,#7266);
#7265 = CARTESIAN_POINT('',(-21.01414832483,-6.51195594134,0.));
#7266 = VECTOR('',#7267,1.);
#7267 = DIRECTION('',(0.,0.,1.));
#7268 = ORIENTED_EDGE('',*,*,#2953,.T.);
#7269 = ORIENTED_EDGE('',*,*,#7229,.F.);
#7270 = ORIENTED_EDGE('',*,*,#1117,.F.);
#7271 = PLANE('',#7272);
#7272 = AXIS2_PLACEMENT_3D('',#7273,#7274,#7275);
#7273 = CARTESIAN_POINT('',(-21.01414832483,-6.51195594134,0.));
#7274 = DIRECTION('',(0.515979911758,-0.856600683319,0.));
#7275 = DIRECTION('',(-0.856600683319,-0.515979911758,0.));
#7276 = ADVANCED_FACE('',(#7277),#7288,.F.);
#7277 = FACE_BOUND('',#7278,.F.);
#7278 = EDGE_LOOP('',(#7279,#7280,#7281,#7287));
#7279 = ORIENTED_EDGE('',*,*,#7248,.T.);
#7280 = ORIENTED_EDGE('',*,*,#2777,.T.);
#7281 = ORIENTED_EDGE('',*,*,#7282,.F.);
#7282 = EDGE_CURVE('',#942,#2778,#7283,.T.);
#7283 = LINE('',#7284,#7285);
#7284 = CARTESIAN_POINT('',(-21.18418032165,5.935528965455,0.));
#7285 = VECTOR('',#7286,1.);
#7286 = DIRECTION('',(0.,0.,1.));
#7287 = ORIENTED_EDGE('',*,*,#941,.F.);
#7288 = PLANE('',#7289);
#7289 = AXIS2_PLACEMENT_3D('',#7290,#7291,#7292);
#7290 = CARTESIAN_POINT('',(-21.01414832483,6.51195594134,0.));
#7291 = DIRECTION('',(0.959142396457,-0.282923776517,0.));
#7292 = DIRECTION('',(-0.282923776517,-0.959142396457,0.));
#7293 = ADVANCED_FACE('',(#7294),#7305,.F.);
#7294 = FACE_BOUND('',#7295,.F.);
#7295 = EDGE_LOOP('',(#7296,#7302,#7303,#7304));
#7296 = ORIENTED_EDGE('',*,*,#7297,.T.);
#7297 = EDGE_CURVE('',#1102,#2938,#7298,.T.);
#7298 = LINE('',#7299,#7300);
#7299 = CARTESIAN_POINT('',(-21.18418032165,-5.935528965455,0.));
#7300 = VECTOR('',#7301,1.);
#7301 = DIRECTION('',(0.,0.,1.));
#7302 = ORIENTED_EDGE('',*,*,#2945,.T.);
#7303 = ORIENTED_EDGE('',*,*,#7263,.F.);
#7304 = ORIENTED_EDGE('',*,*,#1109,.F.);
#7305 = PLANE('',#7306);
#7306 = AXIS2_PLACEMENT_3D('',#7307,#7308,#7309);
#7307 = CARTESIAN_POINT('',(-21.18418032165,-5.935528965455,0.));
#7308 = DIRECTION('',(0.959142396457,0.282923776517,0.));
#7309 = DIRECTION('',(0.282923776517,-0.959142396457,0.));
#7310 = ADVANCED_FACE('',(#7311),#7322,.F.);
#7311 = FACE_BOUND('',#7312,.F.);
#7312 = EDGE_LOOP('',(#7313,#7314,#7315,#7321));
#7313 = ORIENTED_EDGE('',*,*,#7282,.T.);
#7314 = ORIENTED_EDGE('',*,*,#2785,.T.);
#7315 = ORIENTED_EDGE('',*,*,#7316,.F.);
#7316 = EDGE_CURVE('',#950,#2786,#7317,.T.);
#7317 = LINE('',#7318,#7319);
#7318 = CARTESIAN_POINT('',(-21.33840388921,5.354672675414,0.));
#7319 = VECTOR('',#7320,1.);
#7320 = DIRECTION('',(0.,0.,1.));
#7321 = ORIENTED_EDGE('',*,*,#949,.F.);
#7322 = PLANE('',#7323);
#7323 = AXIS2_PLACEMENT_3D('',#7324,#7325,#7326);
#7324 = CARTESIAN_POINT('',(-21.18418032165,5.935528965455,0.));
#7325 = DIRECTION('',(0.966512528618,-0.256619430334,0.));
#7326 = DIRECTION('',(-0.256619430334,-0.966512528618,0.));
#7327 = ADVANCED_FACE('',(#7328),#7339,.F.);
#7328 = FACE_BOUND('',#7329,.F.);
#7329 = EDGE_LOOP('',(#7330,#7336,#7337,#7338));
#7330 = ORIENTED_EDGE('',*,*,#7331,.T.);
#7331 = EDGE_CURVE('',#1094,#2930,#7332,.T.);
#7332 = LINE('',#7333,#7334);
#7333 = CARTESIAN_POINT('',(-21.33840388921,-5.354672675414,0.));
#7334 = VECTOR('',#7335,1.);
#7335 = DIRECTION('',(0.,0.,1.));
#7336 = ORIENTED_EDGE('',*,*,#2937,.T.);
#7337 = ORIENTED_EDGE('',*,*,#7297,.F.);
#7338 = ORIENTED_EDGE('',*,*,#1101,.F.);
#7339 = PLANE('',#7340);
#7340 = AXIS2_PLACEMENT_3D('',#7341,#7342,#7343);
#7341 = CARTESIAN_POINT('',(-21.33840388921,-5.354672675414,0.));
#7342 = DIRECTION('',(0.966512528618,0.256619430334,0.));
#7343 = DIRECTION('',(0.256619430334,-0.966512528618,0.));
#7344 = ADVANCED_FACE('',(#7345),#7356,.F.);
#7345 = FACE_BOUND('',#7346,.F.);
#7346 = EDGE_LOOP('',(#7347,#7348,#7349,#7355));
#7347 = ORIENTED_EDGE('',*,*,#7316,.T.);
#7348 = ORIENTED_EDGE('',*,*,#2793,.T.);
#7349 = ORIENTED_EDGE('',*,*,#7350,.F.);
#7350 = EDGE_CURVE('',#958,#2794,#7351,.T.);
#7351 = LINE('',#7352,#7353);
#7352 = CARTESIAN_POINT('',(-23.39304829626,5.363328389041,0.));
#7353 = VECTOR('',#7354,1.);
#7354 = DIRECTION('',(0.,0.,1.));
#7355 = ORIENTED_EDGE('',*,*,#957,.F.);
#7356 = PLANE('',#7357);
#7357 = AXIS2_PLACEMENT_3D('',#7358,#7359,#7360);
#7358 = CARTESIAN_POINT('',(-21.33840388921,5.354672675414,0.));
#7359 = DIRECTION('',(-4.212717679893E-03,-0.999991126466,0.));
#7360 = DIRECTION('',(-0.999991126466,4.212717679893E-03,0.));
#7361 = ADVANCED_FACE('',(#7362),#7373,.F.);
#7362 = FACE_BOUND('',#7363,.F.);
#7363 = EDGE_LOOP('',(#7364,#7370,#7371,#7372));
#7364 = ORIENTED_EDGE('',*,*,#7365,.T.);
#7365 = EDGE_CURVE('',#1086,#2922,#7366,.T.);
#7366 = LINE('',#7367,#7368);
#7367 = CARTESIAN_POINT('',(-23.39304829626,-5.363328389041,0.));
#7368 = VECTOR('',#7369,1.);
#7369 = DIRECTION('',(0.,0.,1.));
#7370 = ORIENTED_EDGE('',*,*,#2929,.T.);
#7371 = ORIENTED_EDGE('',*,*,#7331,.F.);
#7372 = ORIENTED_EDGE('',*,*,#1093,.F.);
#7373 = PLANE('',#7374);
#7374 = AXIS2_PLACEMENT_3D('',#7375,#7376,#7377);
#7375 = CARTESIAN_POINT('',(-23.39304829626,-5.363328389041,0.));
#7376 = DIRECTION('',(-4.212717679897E-03,0.999991126466,0.));
#7377 = DIRECTION('',(0.999991126466,4.212717679897E-03,0.));
#7378 = ADVANCED_FACE('',(#7379),#7390,.F.);
#7379 = FACE_BOUND('',#7380,.F.);
#7380 = EDGE_LOOP('',(#7381,#7382,#7383,#7389));
#7381 = ORIENTED_EDGE('',*,*,#7350,.T.);
#7382 = ORIENTED_EDGE('',*,*,#2801,.T.);
#7383 = ORIENTED_EDGE('',*,*,#7384,.F.);
#7384 = EDGE_CURVE('',#966,#2802,#7385,.T.);
#7385 = LINE('',#7386,#7387);
#7386 = CARTESIAN_POINT('',(-23.59312414939,4.400510523944,0.));
#7387 = VECTOR('',#7388,1.);
#7388 = DIRECTION('',(0.,0.,1.));
#7389 = ORIENTED_EDGE('',*,*,#965,.F.);
#7390 = PLANE('',#7391);
#7391 = AXIS2_PLACEMENT_3D('',#7392,#7393,#7394);
#7392 = CARTESIAN_POINT('',(-23.39304829626,5.363328389041,0.));
#7393 = DIRECTION('',(0.979084087682,-0.203456013053,0.));
#7394 = DIRECTION('',(-0.203456013053,-0.979084087682,0.));
#7395 = ADVANCED_FACE('',(#7396),#7407,.F.);
#7396 = FACE_BOUND('',#7397,.F.);
#7397 = EDGE_LOOP('',(#7398,#7404,#7405,#7406));
#7398 = ORIENTED_EDGE('',*,*,#7399,.T.);
#7399 = EDGE_CURVE('',#1078,#2914,#7400,.T.);
#7400 = LINE('',#7401,#7402);
#7401 = CARTESIAN_POINT('',(-23.59312414939,-4.400510523944,0.));
#7402 = VECTOR('',#7403,1.);
#7403 = DIRECTION('',(0.,0.,1.));
#7404 = ORIENTED_EDGE('',*,*,#2921,.T.);
#7405 = ORIENTED_EDGE('',*,*,#7365,.F.);
#7406 = ORIENTED_EDGE('',*,*,#1085,.F.);
#7407 = PLANE('',#7408);
#7408 = AXIS2_PLACEMENT_3D('',#7409,#7410,#7411);
#7409 = CARTESIAN_POINT('',(-23.59312414939,-4.400510523944,0.));
#7410 = DIRECTION('',(0.979084087682,0.203456013053,0.));
#7411 = DIRECTION('',(0.203456013053,-0.979084087682,0.));
#7412 = ADVANCED_FACE('',(#7413),#7424,.F.);
#7413 = FACE_BOUND('',#7414,.F.);
#7414 = EDGE_LOOP('',(#7415,#7416,#7417,#7423));
#7415 = ORIENTED_EDGE('',*,*,#7384,.T.);
#7416 = ORIENTED_EDGE('',*,*,#2809,.T.);
#7417 = ORIENTED_EDGE('',*,*,#7418,.F.);
#7418 = EDGE_CURVE('',#974,#2810,#7419,.T.);
#7419 = LINE('',#7420,#7421);
#7420 = CARTESIAN_POINT('',(-21.70513263292,3.589877071289,0.));
#7421 = VECTOR('',#7422,1.);
#7422 = DIRECTION('',(0.,0.,1.));
#7423 = ORIENTED_EDGE('',*,*,#973,.F.);
#7424 = PLANE('',#7425);
#7425 = AXIS2_PLACEMENT_3D('',#7426,#7427,#7428);
#7426 = CARTESIAN_POINT('',(-23.59312414939,4.400510523944,0.));
#7427 = DIRECTION('',(0.394533602354,0.918881513914,0.));
#7428 = DIRECTION('',(0.918881513914,-0.394533602354,0.));
#7429 = ADVANCED_FACE('',(#7430),#7441,.F.);
#7430 = FACE_BOUND('',#7431,.F.);
#7431 = EDGE_LOOP('',(#7432,#7438,#7439,#7440));
#7432 = ORIENTED_EDGE('',*,*,#7433,.T.);
#7433 = EDGE_CURVE('',#1070,#2906,#7434,.T.);
#7434 = LINE('',#7435,#7436);
#7435 = CARTESIAN_POINT('',(-21.70513263292,-3.589877071289,0.));
#7436 = VECTOR('',#7437,1.);
#7437 = DIRECTION('',(0.,0.,1.));
#7438 = ORIENTED_EDGE('',*,*,#2913,.T.);
#7439 = ORIENTED_EDGE('',*,*,#7399,.F.);
#7440 = ORIENTED_EDGE('',*,*,#1077,.F.);
#7441 = PLANE('',#7442);
#7442 = AXIS2_PLACEMENT_3D('',#7443,#7444,#7445);
#7443 = CARTESIAN_POINT('',(-21.70513263292,-3.589877071289,0.));
#7444 = DIRECTION('',(0.394533602354,-0.918881513914,0.));
#7445 = DIRECTION('',(-0.918881513914,-0.394533602354,0.));
#7446 = ADVANCED_FACE('',(#7447),#7458,.F.);
#7447 = FACE_BOUND('',#7448,.F.);
#7448 = EDGE_LOOP('',(#7449,#7450,#7451,#7457));
#7449 = ORIENTED_EDGE('',*,*,#7418,.T.);
#7450 = ORIENTED_EDGE('',*,*,#2817,.T.);
#7451 = ORIENTED_EDGE('',*,*,#7452,.F.);
#7452 = EDGE_CURVE('',#982,#2818,#7453,.T.);
#7453 = LINE('',#7454,#7455);
#7454 = CARTESIAN_POINT('',(-21.79509081279,2.995666280117,0.));
#7455 = VECTOR('',#7456,1.);
#7456 = DIRECTION('',(0.,0.,1.));
#7457 = ORIENTED_EDGE('',*,*,#981,.F.);
#7458 = PLANE('',#7459);
#7459 = AXIS2_PLACEMENT_3D('',#7460,#7461,#7462);
#7460 = CARTESIAN_POINT('',(-21.70513263292,3.589877071289,0.));
#7461 = DIRECTION('',(0.988733675016,-0.149685403063,0.));
#7462 = DIRECTION('',(-0.149685403063,-0.988733675016,0.));
#7463 = ADVANCED_FACE('',(#7464),#7475,.F.);
#7464 = FACE_BOUND('',#7465,.F.);
#7465 = EDGE_LOOP('',(#7466,#7472,#7473,#7474));
#7466 = ORIENTED_EDGE('',*,*,#7467,.T.);
#7467 = EDGE_CURVE('',#1062,#2898,#7468,.T.);
#7468 = LINE('',#7469,#7470);
#7469 = CARTESIAN_POINT('',(-21.79509081279,-2.995666280117,0.));
#7470 = VECTOR('',#7471,1.);
#7471 = DIRECTION('',(0.,0.,1.));
#7472 = ORIENTED_EDGE('',*,*,#2905,.T.);
#7473 = ORIENTED_EDGE('',*,*,#7433,.F.);
#7474 = ORIENTED_EDGE('',*,*,#1069,.F.);
#7475 = PLANE('',#7476);
#7476 = AXIS2_PLACEMENT_3D('',#7477,#7478,#7479);
#7477 = CARTESIAN_POINT('',(-21.79509081279,-2.995666280117,0.));
#7478 = DIRECTION('',(0.988733675016,0.149685403063,0.));
#7479 = DIRECTION('',(0.149685403063,-0.988733675016,0.));
#7480 = ADVANCED_FACE('',(#7481),#7492,.F.);
#7481 = FACE_BOUND('',#7482,.F.);
#7482 = EDGE_LOOP('',(#7483,#7484,#7485,#7491));
#7483 = ORIENTED_EDGE('',*,*,#7452,.T.);
#7484 = ORIENTED_EDGE('',*,*,#2825,.T.);
#7485 = ORIENTED_EDGE('',*,*,#7486,.F.);
#7486 = EDGE_CURVE('',#990,#2826,#7487,.T.);
#7487 = LINE('',#7488,#7489);
#7488 = CARTESIAN_POINT('',(-21.8687846791,2.399220010501,0.));
#7489 = VECTOR('',#7490,1.);
#7490 = DIRECTION('',(0.,0.,1.));
#7491 = ORIENTED_EDGE('',*,*,#989,.F.);
#7492 = PLANE('',#7493);
#7493 = AXIS2_PLACEMENT_3D('',#7494,#7495,#7496);
#7494 = CARTESIAN_POINT('',(-21.79509081279,2.995666280117,0.));
#7495 = DIRECTION('',(0.992453386691,-0.12262249078,0.));
#7496 = DIRECTION('',(-0.12262249078,-0.992453386691,0.));
#7497 = ADVANCED_FACE('',(#7498),#7509,.F.);
#7498 = FACE_BOUND('',#7499,.F.);
#7499 = EDGE_LOOP('',(#7500,#7506,#7507,#7508));
#7500 = ORIENTED_EDGE('',*,*,#7501,.T.);
#7501 = EDGE_CURVE('',#1054,#2890,#7502,.T.);
#7502 = LINE('',#7503,#7504);
#7503 = CARTESIAN_POINT('',(-21.8687846791,-2.399220010501,0.));
#7504 = VECTOR('',#7505,1.);
#7505 = DIRECTION('',(0.,0.,1.));
#7506 = ORIENTED_EDGE('',*,*,#2897,.T.);
#7507 = ORIENTED_EDGE('',*,*,#7467,.F.);
#7508 = ORIENTED_EDGE('',*,*,#1061,.F.);
#7509 = PLANE('',#7510);
#7510 = AXIS2_PLACEMENT_3D('',#7511,#7512,#7513);
#7511 = CARTESIAN_POINT('',(-21.8687846791,-2.399220010501,0.));
#7512 = DIRECTION('',(0.992453386691,0.12262249078,0.));
#7513 = DIRECTION('',(0.12262249078,-0.992453386691,0.));
#7514 = ADVANCED_FACE('',(#7515),#7526,.F.);
#7515 = FACE_BOUND('',#7516,.F.);
#7516 = EDGE_LOOP('',(#7517,#7518,#7519,#7525));
#7517 = ORIENTED_EDGE('',*,*,#7486,.T.);
#7518 = ORIENTED_EDGE('',*,*,#2833,.T.);
#7519 = ORIENTED_EDGE('',*,*,#7520,.F.);
#7520 = EDGE_CURVE('',#998,#2834,#7521,.T.);
#7521 = LINE('',#7522,#7523);
#7522 = CARTESIAN_POINT('',(-23.90547063679,2.128021060351,0.));
#7523 = VECTOR('',#7524,1.);
#7524 = DIRECTION('',(0.,0.,1.));
#7525 = ORIENTED_EDGE('',*,*,#997,.F.);
#7526 = PLANE('',#7527);
#7527 = AXIS2_PLACEMENT_3D('',#7528,#7529,#7530);
#7528 = CARTESIAN_POINT('',(-21.8687846791,2.399220010501,0.));
#7529 = DIRECTION('',(0.131991960617,-0.9912507868,0.));
#7530 = DIRECTION('',(-0.9912507868,-0.131991960617,0.));
#7531 = ADVANCED_FACE('',(#7532),#7543,.F.);
#7532 = FACE_BOUND('',#7533,.F.);
#7533 = EDGE_LOOP('',(#7534,#7540,#7541,#7542));
#7534 = ORIENTED_EDGE('',*,*,#7535,.T.);
#7535 = EDGE_CURVE('',#1046,#2882,#7536,.T.);
#7536 = LINE('',#7537,#7538);
#7537 = CARTESIAN_POINT('',(-23.90547063679,-2.128021060351,0.));
#7538 = VECTOR('',#7539,1.);
#7539 = DIRECTION('',(0.,0.,1.));
#7540 = ORIENTED_EDGE('',*,*,#2889,.T.);
#7541 = ORIENTED_EDGE('',*,*,#7501,.F.);
#7542 = ORIENTED_EDGE('',*,*,#1053,.F.);
#7543 = PLANE('',#7544);
#7544 = AXIS2_PLACEMENT_3D('',#7545,#7546,#7547);
#7545 = CARTESIAN_POINT('',(-23.90547063679,-2.128021060351,0.));
#7546 = DIRECTION('',(0.131991960617,0.9912507868,0.));
#7547 = DIRECTION('',(0.9912507868,-0.131991960617,0.));
#7548 = ADVANCED_FACE('',(#7549),#7560,.F.);
#7549 = FACE_BOUND('',#7550,.F.);
#7550 = EDGE_LOOP('',(#7551,#7552,#7553,#7559));
#7551 = ORIENTED_EDGE('',*,*,#7520,.T.);
#7552 = ORIENTED_EDGE('',*,*,#2841,.T.);
#7553 = ORIENTED_EDGE('',*,*,#7554,.F.);
#7554 = EDGE_CURVE('',#1006,#2842,#7555,.T.);
#7555 = LINE('',#7556,#7557);
#7556 = CARTESIAN_POINT('',(-23.97257929025,1.146927274322,0.));
#7557 = VECTOR('',#7558,1.);
#7558 = DIRECTION('',(0.,0.,1.));
#7559 = ORIENTED_EDGE('',*,*,#1005,.F.);
#7560 = PLANE('',#7561);
#7561 = AXIS2_PLACEMENT_3D('',#7562,#7563,#7564);
#7562 = CARTESIAN_POINT('',(-23.90547063679,2.128021060351,0.));
#7563 = DIRECTION('',(0.997668769191,-6.824241336467E-02,0.));
#7564 = DIRECTION('',(-6.824241336467E-02,-0.997668769191,0.));
#7565 = ADVANCED_FACE('',(#7566),#7577,.F.);
#7566 = FACE_BOUND('',#7567,.F.);
#7567 = EDGE_LOOP('',(#7568,#7574,#7575,#7576));
#7568 = ORIENTED_EDGE('',*,*,#7569,.T.);
#7569 = EDGE_CURVE('',#1038,#2874,#7570,.T.);
#7570 = LINE('',#7571,#7572);
#7571 = CARTESIAN_POINT('',(-23.97257929025,-1.146927274322,0.));
#7572 = VECTOR('',#7573,1.);
#7573 = DIRECTION('',(0.,0.,1.));
#7574 = ORIENTED_EDGE('',*,*,#2881,.T.);
#7575 = ORIENTED_EDGE('',*,*,#7535,.F.);
#7576 = ORIENTED_EDGE('',*,*,#1045,.F.);
#7577 = PLANE('',#7578);
#7578 = AXIS2_PLACEMENT_3D('',#7579,#7580,#7581);
#7579 = CARTESIAN_POINT('',(-23.97257929025,-1.146927274322,0.));
#7580 = DIRECTION('',(0.997668769191,6.824241336467E-02,0.));
#7581 = DIRECTION('',(6.824241336467E-02,-0.997668769191,0.));
#7582 = ADVANCED_FACE('',(#7583),#7594,.F.);
#7583 = FACE_BOUND('',#7584,.F.);
#7584 = EDGE_LOOP('',(#7585,#7586,#7587,#7593));
#7585 = ORIENTED_EDGE('',*,*,#7554,.T.);
#7586 = ORIENTED_EDGE('',*,*,#2849,.T.);
#7587 = ORIENTED_EDGE('',*,*,#7588,.F.);
#7588 = EDGE_CURVE('',#1014,#2850,#7589,.T.);
#7589 = LINE('',#7590,#7591);
#7590 = CARTESIAN_POINT('',(-21.99179138776,0.600925583709,0.));
#7591 = VECTOR('',#7592,1.);
#7592 = DIRECTION('',(0.,0.,1.));
#7593 = ORIENTED_EDGE('',*,*,#1013,.F.);
#7594 = PLANE('',#7595);
#7595 = AXIS2_PLACEMENT_3D('',#7596,#7597,#7598);
#7596 = CARTESIAN_POINT('',(-23.97257929025,1.146927274322,0.));
#7597 = DIRECTION('',(0.265737878425,0.964045320496,0.));
#7598 = DIRECTION('',(0.964045320496,-0.265737878425,0.));
#7599 = ADVANCED_FACE('',(#7600),#7611,.F.);
#7600 = FACE_BOUND('',#7601,.F.);
#7601 = EDGE_LOOP('',(#7602,#7608,#7609,#7610));
#7602 = ORIENTED_EDGE('',*,*,#7603,.T.);
#7603 = EDGE_CURVE('',#1030,#2866,#7604,.T.);
#7604 = LINE('',#7605,#7606);
#7605 = CARTESIAN_POINT('',(-21.99179138776,-0.600925583709,0.));
#7606 = VECTOR('',#7607,1.);
#7607 = DIRECTION('',(0.,0.,1.));
#7608 = ORIENTED_EDGE('',*,*,#2873,.T.);
#7609 = ORIENTED_EDGE('',*,*,#7569,.F.);
#7610 = ORIENTED_EDGE('',*,*,#1037,.F.);
#7611 = PLANE('',#7612);
#7612 = AXIS2_PLACEMENT_3D('',#7613,#7614,#7615);
#7613 = CARTESIAN_POINT('',(-21.99179138776,-0.600925583709,0.));
#7614 = DIRECTION('',(0.265737878425,-0.964045320496,0.));
#7615 = DIRECTION('',(-0.964045320496,-0.265737878425,0.));
#7616 = ADVANCED_FACE('',(#7617),#7628,.F.);
#7617 = FACE_BOUND('',#7618,.F.);
#7618 = EDGE_LOOP('',(#7619,#7620,#7621,#7627));
#7619 = ORIENTED_EDGE('',*,*,#7588,.T.);
#7620 = ORIENTED_EDGE('',*,*,#2857,.T.);
#7621 = ORIENTED_EDGE('',*,*,#7622,.F.);
#7622 = EDGE_CURVE('',#1022,#2858,#7623,.T.);
#7623 = LINE('',#7624,#7625);
#7624 = CARTESIAN_POINT('',(-22.,2.694222958124E-15,0.));
#7625 = VECTOR('',#7626,1.);
#7626 = DIRECTION('',(0.,0.,1.));
#7627 = ORIENTED_EDGE('',*,*,#1021,.F.);
#7628 = PLANE('',#7629);
#7629 = AXIS2_PLACEMENT_3D('',#7630,#7631,#7632);
#7630 = CARTESIAN_POINT('',(-21.99179138776,0.600925583709,0.));
#7631 = DIRECTION('',(0.999906715965,-1.365867376595E-02,0.));
#7632 = DIRECTION('',(-1.365867376595E-02,-0.999906715965,0.));
#7633 = ADVANCED_FACE('',(#7634),#7640,.F.);
#7634 = FACE_BOUND('',#7635,.F.);
#7635 = EDGE_LOOP('',(#7636,#7637,#7638,#7639));
#7636 = ORIENTED_EDGE('',*,*,#7622,.T.);
#7637 = ORIENTED_EDGE('',*,*,#2865,.T.);
#7638 = ORIENTED_EDGE('',*,*,#7603,.F.);
#7639 = ORIENTED_EDGE('',*,*,#1029,.F.);
#7640 = PLANE('',#7641);
#7641 = AXIS2_PLACEMENT_3D('',#7642,#7643,#7644);
#7642 = CARTESIAN_POINT('',(-22.,2.694222958124E-15,0.));
#7643 = DIRECTION('',(0.999906715965,1.365867376595E-02,0.));
#7644 = DIRECTION('',(1.365867376595E-02,-0.999906715965,0.));
#7645 = ADVANCED_FACE('',(#7646),#7657,.F.);
#7646 = FACE_BOUND('',#7647,.F.);
#7647 = EDGE_LOOP('',(#7648,#7649,#7655,#7656));
#7648 = ORIENTED_EDGE('',*,*,#3778,.F.);
#7649 = ORIENTED_EDGE('',*,*,#7650,.F.);
#7650 = EDGE_CURVE('',#1943,#3779,#7651,.T.);
#7651 = LINE('',#7652,#7653);
#7652 = CARTESIAN_POINT('',(4.,-9.797174393179E-16,0.));
#7653 = VECTOR('',#7654,1.);
#7654 = DIRECTION('',(0.,0.,1.));
#7655 = ORIENTED_EDGE('',*,*,#1942,.T.);
#7656 = ORIENTED_EDGE('',*,*,#7650,.T.);
#7657 = CYLINDRICAL_SURFACE('',#7658,4.);
#7658 = AXIS2_PLACEMENT_3D('',#7659,#7660,#7661);
#7659 = CARTESIAN_POINT('',(0.,0.,0.));
#7660 = DIRECTION('',(0.,0.,1.));
#7661 = DIRECTION('',(1.,0.,0.));
#7662 = ( GEOMETRIC_REPRESENTATION_CONTEXT(3) 
GLOBAL_UNCERTAINTY_ASSIGNED_CONTEXT((#7666)) 
GLOBAL_UNIT_ASSIGNED_CONTEXT((#7663,#7664,#7665)) REPRESENTATION_CONTEXT
('Context #1','3D Context with UNIT and UNCERTAINTY') );
#7663 = ( LENGTH_UNIT() NAMED_UNIT(*) SI_UNIT(.MILLI.,.METRE.) );
#7664 = ( NAMED_UNIT(*) PLANE_ANGLE_UNIT() SI_UNIT($,.RADIAN.) );
#7665 = ( NAMED_UNIT(*) SI_UNIT($,.STERADIAN.) SOLID_ANGLE_UNIT() );
#7666 = UNCERTAINTY_MEASURE_WITH_UNIT(LENGTH_MEASURE(1.E-07),#7663,
  'distance_accuracy_value','confusion accuracy');
#7667 = PRODUCT_RELATED_PRODUCT_CATEGORY('part',$,(#7));
ENDSEC;
END-ISO-10303-21;
