ISO-10303-21;
HEADER;
FILE_DESCRIPTION(('FreeCAD Model'),'2;1');
FILE_NAME('Open CASCADE Shape Model','2026-09-14T00:06:17',('FreeCAD'),(
    'FreeCAD'),'Open CASCADE STEP processor 7.8','FreeCAD','Unknown');
FILE_SCHEMA(('AUTOMOTIVE_DESIGN { 1 0 10303 214 1 1 1 1 }'));
ENDSEC;
DATA;
#1 = APPLICATION_PROTOCOL_DEFINITION('international standard',
  'automotive_design',2000,#2);
#2 = APPLICATION_CONTEXT(
  'core data for automotive mechanical design processes');
#3 = SHAPE_DEFINITION_REPRESENTATION(#4,#10);
#4 = PRODUCT_DEFINITION_SHAPE('','',#5);
#5 = PRODUCT_DEFINITION('design','',#6,#9);
#6 = PRODUCT_DEFINITION_FORMATION('','',#7);
#7 = PRODUCT('Open CASCADE STEP translator 7.8 24',
  'Open CASCADE STEP translator 7.8 24','',(#8));
#8 = PRODUCT_CONTEXT('',#2,'mechanical');
#9 = PRODUCT_DEFINITION_CONTEXT('part definition',#2,'design');
#10 = ADVANCED_BREP_SHAPE_REPRESENTATION('',(#11,#15),#1163);
#11 = AXIS2_PLACEMENT_3D('',#12,#13,#14);
#12 = CARTESIAN_POINT('',(0.,0.,0.));
#13 = DIRECTION('',(0.,0.,1.));
#14 = DIRECTION('',(1.,0.,-0.));
#15 = MANIFOLD_SOLID_BREP('',#16);
#16 = CLOSED_SHELL('',(#17,#1145,#1154));
#17 = ADVANCED_FACE('',(#18),#185,.T.);
#18 = FACE_BOUND('',#19,.T.);
#19 = EDGE_LOOP('',(#20,#164,#174,#175));
#20 = ORIENTED_EDGE('',*,*,#21,.T.);
#21 = EDGE_CURVE('',#22,#24,#26,.T.);
#22 = VERTEX_POINT('',#23);
#23 = CARTESIAN_POINT('',(11.7,-7.521760991835E-15,12.));
#24 = VERTEX_POINT('',#25);
#25 = CARTESIAN_POINT('',(11.699999999998,-3.152387806557E-07,
    114.00000185253));
#26 = ( BOUNDED_CURVE() B_SPLINE_CURVE(9,(#27,#28,#29,#30,#31,#32,#33,
    #34,#35,#36,#37,#38,#39,#40,#41,#42,#43,#44,#45,#46,#47,#48,#49,#50,
    #51,#52,#53,#54,#55,#56,#57,#58,#59,#60,#61,#62,#63,#64,#65,#66,#67,
    #68,#69,#70,#71,#72,#73,#74,#75,#76,#77,#78,#79,#80,#81,#82,#83,#84,
    #85,#86,#87,#88,#89,#90,#91,#92,#93,#94,#95,#96,#97,#98,#99,#100,
    #101,#102,#103,#104,#105,#106,#107,#108,#109,#110,#111,#112,#113,
    #114,#115,#116,#117,#118,#119,#120,#121,#122,#123,#124,#125,#126,
    #127,#128,#129,#130,#131,#132,#133,#134,#135,#136,#137,#138,#139,
    #140,#141,#142,#143,#144,#145,#146,#147,#148,#149,#150,#151,#152,
    #153,#154,#155,#156,#157,#158,#159,#160,#161,#162,#163),
.UNSPECIFIED.,.F.,.F.) B_SPLINE_CURVE_WITH_KNOTS((10,8,9,8,9,8,9,8,9,8,9
    ,8,9,8,9,8,10),(0.,7.289159284179,14.578318568357,21.867477852536,
    29.156637136715,36.445796420894,43.734955705072,51.024114989251,
    58.31327427343,65.602433557608,72.891592841787,80.180752125966,
    87.469911410145,94.759070694323,102.0482299785,109.33738926268,
116.62654854685),.UNSPECIFIED.) CURVE() GEOMETRIC_REPRESENTATION_ITEM() 
RATIONAL_B_SPLINE_CURVE((1.669078461068,1.669078461068,1.669078461068,
    1.669078461068,1.669078461068,1.669078461068,1.669078461068,
    1.669078461068,1.669078461068,1.669078461068,1.669078461068,
    1.669078461068,1.669078461068,1.669078461068,1.669078461068,
    1.669078461068,1.669078461068,1.669078461068,1.669078461068,
    1.669078461068,1.669078461068,1.669078461068,1.669078461068,
    1.669078461068,1.669078461068,1.669078461068,1.669078461068,
    1.669078461068,1.669078461068,1.669078461069,1.669078461068,
    1.669078461069,1.669078461068,1.669078461068,1.669078461068,
    1.669078461068,1.669078461068,1.669078461068,1.669078461068,
    1.669078461068,1.669078461068,1.669078461068,1.669078461068,
    1.669078461068,1.669078461068,1.669078461068,1.669078461069,
    1.669078461068,1.669078461068,1.669078461068,1.669078461068,
    1.669078461068,1.669078461068,1.669078461068,1.669078461068,
    1.669078461068,1.669078461068,1.669078461068,1.669078461068,
    1.669078461068,1.669078461068,1.669078461068,1.669078461068,
    1.669078461068,1.669078461068,1.669078461068,1.669078461068,
    1.669078461068,1.669078461068,1.669078461068,1.669078461068,
    1.669078461068,1.669078461069,1.669078461068,1.669078461068,
    1.669078461068,1.669078461068,1.669078461068,1.669078461068,
    1.669078461068,1.669078461068,1.669078461068,1.669078461068,
    1.669078461068,1.669078461068,1.669078461068,1.669078461068,
    1.669078461068,1.669078461068,1.669078461068,1.669078461068,
    1.669078461068,1.669078461068,1.669078461068,1.669078461068,
    1.669078461068,1.669078461068,1.669078461068,1.669078461069,
    1.669078461068,1.669078461068,1.669078461068,1.669078461068,
    1.669078461068,1.669078461068,1.669078461068,1.669078461069,
    1.669078461068,1.669078461069,1.669078461068,1.669078461068,
    1.669078461068,1.669078461068,1.669078461068,1.669078461068,
    1.669078461068,1.669078461068,1.669078461068,1.669078461068,
    1.669078461068,1.669078461068,1.669078461068,1.669078461068,
    1.669078461068,1.669078461068,1.669078461068,1.669078461068,
    1.669078461068,1.669078461068,1.669078461068,1.669078461068,
    1.669078461068,1.669078461068,1.669078461068,1.669078461068,
1.669078461068,1.669078461068)) REPRESENTATION_ITEM('') );
#27 = CARTESIAN_POINT('',(11.7,-7.521760991835E-15,12.));
#28 = CARTESIAN_POINT('',(11.7,4.594586910741,12.708341911368));
#29 = CARTESIAN_POINT('',(9.670155790119,9.189254327828,13.416642220703)
  );
#30 = CARTESIAN_POINT('',(5.610611363726,12.758216466537,14.12505311967)
  );
#31 = CARTESIAN_POINT('',(0.124709241056,14.28101517079,14.833264325112)
  );
#32 = CARTESIAN_POINT('',(-5.580357554562,13.146371099268,
    15.541726774584));
#33 = CARTESIAN_POINT('',(-10.06585854481,9.639866957116,16.249972086327
    ));
#34 = CARTESIAN_POINT('',(-12.45065080442,4.789194304258,16.958340449121
    ));
#35 = CARTESIAN_POINT('',(-12.56765901547,-0.232558498174,
    17.666667699347));
#36 = CARTESIAN_POINT('',(-9.051120839567,-8.722232978535,
    19.083334153166));
#37 = CARTESIAN_POINT('',(-5.417468173477,-12.19041123699,
    19.791661403391));
#38 = CARTESIAN_POINT('',(-0.301221915848,-13.9340521225,20.500029766189
    ));
#39 = CARTESIAN_POINT('',(5.3499791273,-13.24179696469,21.208275077925)
  );
#40 = CARTESIAN_POINT('',(10.186385149741,-10.01002019395,
    21.916737527405));
#41 = CARTESIAN_POINT('',(12.988722585112,-5.054120387363,22.62494873284
    ));
#42 = CARTESIAN_POINT('',(13.335616792712,0.340048325745,23.333359631811
    ));
#43 = CARTESIAN_POINT('',(11.522013036596,5.024285468115,24.041659941145
    ));
#44 = CARTESIAN_POINT('',(8.273149562787,8.273149116977,24.750001852514)
  );
#45 = CARTESIAN_POINT('',(5.024285371349,11.52201330842,25.458338527221)
  );
#46 = CARTESIAN_POINT('',(0.340049265574,13.335616203064,26.166647045193
    ));
#47 = CARTESIAN_POINT('',(-5.054120696944,12.988723380742,
    26.875047638636));
#48 = CARTESIAN_POINT('',(-10.01001931996,10.186384820008,
    27.583269307478));
#49 = CARTESIAN_POINT('',(-13.24179725155,5.349979915013,28.291723192661
    ));
#50 = CARTESIAN_POINT('',(-13.93405189401,-0.301221776994,28.99997405266
    ));
#51 = CARTESIAN_POINT('',(-12.19041147344,-5.417467754553,
    29.708339697142));
#52 = CARTESIAN_POINT('',(-8.722233205639,-9.051120621324,
    30.416667838645));
#53 = CARTESIAN_POINT('',(-0.232558844792,-12.5676590012,31.833334086628
    ));
#54 = CARTESIAN_POINT('',(4.789193980241,-12.45065094489,32.541661498463
    ));
#55 = CARTESIAN_POINT('',(9.639866672856,-10.06585879151,33.25002965775)
  );
#56 = CARTESIAN_POINT('',(13.146370960868,-5.580357920667,
    33.958275177192));
#57 = CARTESIAN_POINT('',(14.281015165453,0.124708864921,34.666737455112
    ));
#58 = CARTESIAN_POINT('',(12.758216622596,5.610611015128,35.374948773584
    ));
#59 = CARTESIAN_POINT('',(9.189254586378,9.670155544506,36.083359615179)
  );
#60 = CARTESIAN_POINT('',(4.59458722646,11.699999875731,36.791659945185)
  );
#61 = CARTESIAN_POINT('',(3.152335558143E-07,11.699999999999,
    37.500001852514));
#62 = CARTESIAN_POINT('',(-4.594587486605,11.700000000004,
    38.208338527221));
#63 = CARTESIAN_POINT('',(-9.189253506868,9.670155790112,38.916647045185
    ));
#64 = CARTESIAN_POINT('',(-12.75821739921,5.610611363736,39.625047638653
    ));
#65 = CARTESIAN_POINT('',(-14.28101432296,0.124709241046,40.33326930746)
  );
#66 = CARTESIAN_POINT('',(-13.14637170878,-5.580357554555,
    41.041723192673));
#67 = CARTESIAN_POINT('',(-9.639866622515,-10.06585854481,
    41.749974052655));
#68 = CARTESIAN_POINT('',(-4.789194432218,-12.45065080442,
    42.458339697144));
#69 = CARTESIAN_POINT('',(0.232558521878,-12.56765901547,43.166667838645
    ));
#70 = CARTESIAN_POINT('',(8.722232967212,-9.051120839567,44.583334086628
    ));
#71 = CARTESIAN_POINT('',(12.190411253172,-5.417468173477,
    45.291661498463));
#72 = CARTESIAN_POINT('',(13.93405210405,-0.301221915845,46.00002965775)
  );
#73 = CARTESIAN_POINT('',(13.24179698159,5.349979127292,46.708275177191)
  );
#74 = CARTESIAN_POINT('',(10.010020181642,10.186385149752,
    47.416737455113));
#75 = CARTESIAN_POINT('',(5.054120394301,12.988722585103,48.124948773586
    ));
#76 = CARTESIAN_POINT('',(-0.340048328577,13.335616792716,
    48.833359615175));
#77 = CARTESIAN_POINT('',(-5.024285467428,11.522013036596,
    49.541659945191));
#78 = CARTESIAN_POINT('',(-8.273149116978,8.273149562785,50.250001852511
    ));
#79 = CARTESIAN_POINT('',(-11.52201330841,5.02428537135,50.958338527229)
  );
#80 = CARTESIAN_POINT('',(-13.33561620306,0.340049265576,51.666647045178
    ));
#81 = CARTESIAN_POINT('',(-12.98872338073,-5.054120696947,
    52.375047638655));
#82 = CARTESIAN_POINT('',(-10.18638482001,-10.01001931996,
    53.083269307464));
#83 = CARTESIAN_POINT('',(-5.34997991501,-13.24179725155,53.791723192668
    ));
#84 = CARTESIAN_POINT('',(0.301221776992,-13.93405189401,54.499974052656
    ));
#85 = CARTESIAN_POINT('',(5.417467754554,-12.19041147344,55.208339697144
    ));
#86 = CARTESIAN_POINT('',(9.051120621324,-8.722233205639,55.916667838645
    ));
#87 = CARTESIAN_POINT('',(12.567659001201,-0.232558844792,
    57.333334086628));
#88 = CARTESIAN_POINT('',(12.450650944899,4.789193980243,58.041661498463
    ));
#89 = CARTESIAN_POINT('',(10.065858791514,9.639866672841,58.750029657748
    ));
#90 = CARTESIAN_POINT('',(5.580357920667,13.146370960899,59.458275177198
    ));
#91 = CARTESIAN_POINT('',(-0.124708864921,14.281015165414,
    60.166737455102));
#92 = CARTESIAN_POINT('',(-5.610611015127,12.758216622624,
    60.874948773591));
#93 = CARTESIAN_POINT('',(-9.670155544508,9.189254586368,61.583359615183
    ));
#94 = CARTESIAN_POINT('',(-11.69999987572,4.594587226457,62.291659945173
    ));
#95 = CARTESIAN_POINT('',(-11.69999999999,3.152372626755E-07,
    63.000001852526));
#96 = CARTESIAN_POINT('',(-11.7,-4.594587486613,63.70833852719));
#97 = CARTESIAN_POINT('',(-9.670155790115,-9.189253506853,
    64.416647045262));
#98 = CARTESIAN_POINT('',(-5.610611363728,-12.75821739923,
    65.125047638533));
#99 = CARTESIAN_POINT('',(-0.124709241056,-14.28101432294,
    65.833269307583));
#100 = CARTESIAN_POINT('',(5.580357554562,-13.1463717088,66.541723192585
    ));
#101 = CARTESIAN_POINT('',(10.065858544816,-9.639866622504,67.2499740527
    ));
#102 = CARTESIAN_POINT('',(12.450650804429,-4.789194432222,
    67.958339697128));
#103 = CARTESIAN_POINT('',(12.567659015473,0.232558521878,
    68.666667838648));
#104 = CARTESIAN_POINT('',(9.051120839567,8.722232967212,70.083334086627
    ));
#105 = CARTESIAN_POINT('',(5.41746817348,12.190411253172,70.791661498465
    ));
#106 = CARTESIAN_POINT('',(0.301221915833,13.93405210405,71.500029657743
    ));
#107 = CARTESIAN_POINT('',(-5.349979127267,13.24179698159,
    72.208275177207));
#108 = CARTESIAN_POINT('',(-10.18638514978,10.010020181644,
    72.916737455093));
#109 = CARTESIAN_POINT('',(-12.98872258507,5.054120394298,
    73.624948773591));
#110 = CARTESIAN_POINT('',(-13.33561679273,-0.340048328572,
    74.333359615197));
#111 = CARTESIAN_POINT('',(-11.52201303658,-5.024285467432,
    75.041659945155));
#112 = CARTESIAN_POINT('',(-8.273149562787,-8.273149116975,
    75.750001852533));
#113 = CARTESIAN_POINT('',(-5.024285371346,-11.52201330842,
    76.458338527184));
#114 = CARTESIAN_POINT('',(-0.34004926558,-13.33561620306,
    77.166647045229));
#115 = CARTESIAN_POINT('',(5.05412069695,-12.98872338074,77.875047638612
    ));
#116 = CARTESIAN_POINT('',(10.010019319961,-10.18638482001,
    78.583269307494));
#117 = CARTESIAN_POINT('',(13.241797251559,-5.349979915011,
    79.291723192647));
#118 = CARTESIAN_POINT('',(13.934051894017,0.301221776993,
    79.999974052669));
#119 = CARTESIAN_POINT('',(12.19041147344,5.417467754553,80.708339697138
    ));
#120 = CARTESIAN_POINT('',(8.722233205639,9.051120621324,81.416667838646
    ));
#121 = CARTESIAN_POINT('',(0.232558844792,12.567659001201,
    82.833334086628));
#122 = CARTESIAN_POINT('',(-4.789193980241,12.450650944901,
    83.541661498463));
#123 = CARTESIAN_POINT('',(-9.639866672849,10.06585879151,
    84.250029657751));
#124 = CARTESIAN_POINT('',(-13.14637096088,5.580357920674,84.95827517719
    ));
#125 = CARTESIAN_POINT('',(-14.28101516542,-0.124708864926,
    85.666737455112));
#126 = CARTESIAN_POINT('',(-12.75821662261,-5.610611015127,
    86.374948773589));
#127 = CARTESIAN_POINT('',(-9.189254586369,-9.670155544506,
    87.083359615174));
#128 = CARTESIAN_POINT('',(-4.594587226461,-11.69999987573,
    87.791659945188));
#129 = CARTESIAN_POINT('',(-3.15234619741E-07,-11.69999999999,
    88.500001852515));
#130 = CARTESIAN_POINT('',(4.594587486607,-11.7,89.208338527218));
#131 = CARTESIAN_POINT('',(9.189253506865,-9.670155790116,
    89.916647045202));
#132 = CARTESIAN_POINT('',(12.758217399221,-5.610611363728,
    90.625047638619));
#133 = CARTESIAN_POINT('',(14.28101432296,-0.124709241056,
    91.333269307499));
#134 = CARTESIAN_POINT('',(13.14637170879,5.580357554563,92.041723192644
    ));
#135 = CARTESIAN_POINT('',(9.639866622513,10.065858544815,
    92.749974052668));
#136 = CARTESIAN_POINT('',(4.789194432218,12.450650804429,93.45833969714
    ));
#137 = CARTESIAN_POINT('',(-0.232558521878,12.567659015473,
    94.166667838646));
#138 = CARTESIAN_POINT('',(-8.722232967213,9.051120839567,
    95.583334086628));
#139 = CARTESIAN_POINT('',(-12.19041125317,5.41746817348,96.291661498463
    ));
#140 = CARTESIAN_POINT('',(-13.93405210405,0.301221915831,
    97.000029657748));
#141 = CARTESIAN_POINT('',(-13.24179698158,-5.349979127264,
    97.708275177198));
#142 = CARTESIAN_POINT('',(-10.01002018165,-10.18638514978,
    98.416737455105));
#143 = CARTESIAN_POINT('',(-5.054120394291,-12.98872258507,
    99.124948773587));
#144 = CARTESIAN_POINT('',(0.340048328571,-13.33561679273,
    99.833359615186));
#145 = CARTESIAN_POINT('',(5.02428546743,-11.52201303659,100.54165994517
    ));
#146 = CARTESIAN_POINT('',(8.273149116975,-8.273149562787,
    101.25000185252));
#147 = CARTESIAN_POINT('',(11.522013308422,-5.024285371347,
    101.95833852718));
#148 = CARTESIAN_POINT('',(13.335616203064,-0.340049265584,
    102.66664704528));
#149 = CARTESIAN_POINT('',(12.988723380741,5.054120696963,103.3750476385
    ));
#150 = CARTESIAN_POINT('',(10.186384820008,10.010019319943,
    104.0832693076));
#151 = CARTESIAN_POINT('',(5.349979915014,13.241797251574,
    104.79172319256));
#152 = CARTESIAN_POINT('',(-0.301221776996,13.93405189401,105.4999740527
    ));
#153 = CARTESIAN_POINT('',(-5.417467754552,12.190411473442,
    106.20833969712));
#154 = CARTESIAN_POINT('',(-9.051120621324,8.722233205639,
    106.91666783864));
#155 = CARTESIAN_POINT('',(-12.5676590012,0.232558844792,108.33333408662
    ));
#156 = CARTESIAN_POINT('',(-12.4506509449,-4.78919398024,109.04166149846
    ));
#157 = CARTESIAN_POINT('',(-10.06585879151,-9.639866672854,
    109.75002965774));
#158 = CARTESIAN_POINT('',(-5.580357920676,-13.14637096087,
    110.4582751772));
#159 = CARTESIAN_POINT('',(0.124708864932,-14.28101516544,
    111.16673745509));
#160 = CARTESIAN_POINT('',(5.610611015119,-12.75821662259,
    111.87494877359));
#161 = CARTESIAN_POINT('',(9.670155544511,-9.189254586384,
    112.58335961519));
#162 = CARTESIAN_POINT('',(11.69999987573,-4.594587226453,
    113.29165994515));
#163 = CARTESIAN_POINT('',(11.699999999998,-3.152387806557E-07,
    114.00000185253));
#164 = ORIENTED_EDGE('',*,*,#165,.F.);
#165 = EDGE_CURVE('',#24,#24,#166,.T.);
#166 = ( BOUNDED_CURVE() B_SPLINE_CURVE(6,(#167,#168,#169,#170,#171,#172
,#173),.UNSPECIFIED.,.T.,.F.) B_SPLINE_CURVE_WITH_KNOTS((1,6,6,1),(
    -6.28318530718,0.,6.28318530718,12.566370614359),.UNSPECIFIED.) 
CURVE() GEOMETRIC_REPRESENTATION_ITEM() RATIONAL_B_SPLINE_CURVE((
    1.669078461068,1.03672962321,1.038346699848,0.853534330196,
1.038346699848,1.03672962321,1.669078461068)) REPRESENTATION_ITEM('') );
#167 = CARTESIAN_POINT('',(11.699999999998,-3.152387806557E-07,
    114.00000185253));
#168 = CARTESIAN_POINT('',(11.700003078069,-3.152427754619E-07,
    112.17230446941));
#169 = CARTESIAN_POINT('',(9.440000510428,3.324291015169E-07,
    111.90987442484));
#170 = CARTESIAN_POINT('',(7.575971386895,8.666267822671E-07,
    113.99999490715));
#171 = CARTESIAN_POINT('',(9.439993470369,3.324382437907E-07,
    116.09012166797));
#172 = CARTESIAN_POINT('',(11.699996921927,-3.152347857627E-07,
    115.82769923566));
#173 = CARTESIAN_POINT('',(11.699999999998,-3.152387806557E-07,
    114.00000185253));
#174 = ORIENTED_EDGE('',*,*,#21,.F.);
#175 = ORIENTED_EDGE('',*,*,#176,.T.);
#176 = EDGE_CURVE('',#22,#22,#177,.T.);
#177 = ( BOUNDED_CURVE() B_SPLINE_CURVE(6,(#178,#179,#180,#181,#182,#183
,#184),.UNSPECIFIED.,.T.,.F.) B_SPLINE_CURVE_WITH_KNOTS((1,6,6,1),(
    -6.28318530718,0.,6.28318530718,12.566370614359),.UNSPECIFIED.) 
CURVE() GEOMETRIC_REPRESENTATION_ITEM() RATIONAL_B_SPLINE_CURVE((
    1.669078461068,1.03672962321,1.038346699848,0.853534330196,
1.038346699848,1.03672962321,1.669078461068)) REPRESENTATION_ITEM('') );
#178 = CARTESIAN_POINT('',(11.7,-7.521760991835E-15,12.));
#179 = CARTESIAN_POINT('',(11.7,-9.946904411251E-15,10.172302616872));
#180 = CARTESIAN_POINT('',(9.439996990397,-7.042977312466E-15,
    9.90987637843));
#181 = CARTESIAN_POINT('',(7.575971386891,-3.374037160775E-15,12.));
#182 = CARTESIAN_POINT('',(9.439996990397,-1.911665270526E-15,
    14.09012362157));
#183 = CARTESIAN_POINT('',(11.7,-9.939965517347E-15,13.827697383128));
#184 = CARTESIAN_POINT('',(11.7,-7.521760991835E-15,12.));
#185 = ( BOUNDED_SURFACE() B_SPLINE_SURFACE(6,9,(
    (#186,#187,#188,#189,#190,#191,#192,#193,#194,#195,#196,#197,#198
      ,#199,#200,#201,#202,#203,#204,#205,#206,#207,#208,#209,#210,#211
      ,#212,#213,#214,#215,#216,#217,#218,#219,#220,#221,#222,#223,#224
      ,#225,#226,#227,#228,#229,#230,#231,#232,#233,#234,#235,#236,#237
      ,#238,#239,#240,#241,#242,#243,#244,#245,#246,#247,#248,#249,#250
      ,#251,#252,#253,#254,#255,#256,#257,#258,#259,#260,#261,#262,#263
      ,#264,#265,#266,#267,#268,#269,#270,#271,#272,#273,#274,#275,#276
      ,#277,#278,#279,#280,#281,#282,#283,#284,#285,#286,#287,#288,#289
      ,#290,#291,#292,#293,#294,#295,#296,#297,#298,#299,#300,#301,#302
      ,#303,#304,#305,#306,#307,#308,#309,#310,#311,#312,#313,#314,#315
      ,#316,#317,#318,#319,#320,#321,#322)
    ,(#323,#324,#325,#326,#327,#328,#329,#330,#331,#332,#333,#334,#335
      ,#336,#337,#338,#339,#340,#341,#342,#343,#344,#345,#346,#347,#348
      ,#349,#350,#351,#352,#353,#354,#355,#356,#357,#358,#359,#360,#361
      ,#362,#363,#364,#365,#366,#367,#368,#369,#370,#371,#372,#373,#374
      ,#375,#376,#377,#378,#379,#380,#381,#382,#383,#384,#385,#386,#387
      ,#388,#389,#390,#391,#392,#393,#394,#395,#396,#397,#398,#399,#400
      ,#401,#402,#403,#404,#405,#406,#407,#408,#409,#410,#411,#412,#413
      ,#414,#415,#416,#417,#418,#419,#420,#421,#422,#423,#424,#425,#426
      ,#427,#428,#429,#430,#431,#432,#433,#434,#435,#436,#437,#438,#439
      ,#440,#441,#442,#443,#444,#445,#446,#447,#448,#449,#450,#451,#452
      ,#453,#454,#455,#456,#457,#458,#459)
    ,(#460,#461,#462,#463,#464,#465,#466,#467,#468,#469,#470,#471,#472
      ,#473,#474,#475,#476,#477,#478,#479,#480,#481,#482,#483,#484,#485
      ,#486,#487,#488,#489,#490,#491,#492,#493,#494,#495,#496,#497,#498
      ,#499,#500,#501,#502,#503,#504,#505,#506,#507,#508,#509,#510,#511
      ,#512,#513,#514,#515,#516,#517,#518,#519,#520,#521,#522,#523,#524
      ,#525,#526,#527,#528,#529,#530,#531,#532,#533,#534,#535,#536,#537
      ,#538,#539,#540,#541,#542,#543,#544,#545,#546,#547,#548,#549,#550
      ,#551,#552,#553,#554,#555,#556,#557,#558,#559,#560,#561,#562,#563
      ,#564,#565,#566,#567,#568,#569,#570,#571,#572,#573,#574,#575,#576
      ,#577,#578,#579,#580,#581,#582,#583,#584,#585,#586,#587,#588,#589
      ,#590,#591,#592,#593,#594,#595,#596)
    ,(#597,#598,#599,#600,#601,#602,#603,#604,#605,#606,#607,#608,#609
      ,#610,#611,#612,#613,#614,#615,#616,#617,#618,#619,#620,#621,#622
      ,#623,#624,#625,#626,#627,#628,#629,#630,#631,#632,#633,#634,#635
      ,#636,#637,#638,#639,#640,#641,#642,#643,#644,#645,#646,#647,#648
      ,#649,#650,#651,#652,#653,#654,#655,#656,#657,#658,#659,#660,#661
      ,#662,#663,#664,#665,#666,#667,#668,#669,#670,#671,#672,#673,#674
      ,#675,#676,#677,#678,#679,#680,#681,#682,#683,#684,#685,#686,#687
      ,#688,#689,#690,#691,#692,#693,#694,#695,#696,#697,#698,#699,#700
      ,#701,#702,#703,#704,#705,#706,#707,#708,#709,#710,#711,#712,#713
      ,#714,#715,#716,#717,#718,#719,#720,#721,#722,#723,#724,#725,#726
      ,#727,#728,#729,#730,#731,#732,#733)
    ,(#734,#735,#736,#737,#738,#739,#740,#741,#742,#743,#744,#745,#746
      ,#747,#748,#749,#750,#751,#752,#753,#754,#755,#756,#757,#758,#759
      ,#760,#761,#762,#763,#764,#765,#766,#767,#768,#769,#770,#771,#772
      ,#773,#774,#775,#776,#777,#778,#779,#780,#781,#782,#783,#784,#785
      ,#786,#787,#788,#789,#790,#791,#792,#793,#794,#795,#796,#797,#798
      ,#799,#800,#801,#802,#803,#804,#805,#806,#807,#808,#809,#810,#811
      ,#812,#813,#814,#815,#816,#817,#818,#819,#820,#821,#822,#823,#824
      ,#825,#826,#827,#828,#829,#830,#831,#832,#833,#834,#835,#836,#837
      ,#838,#839,#840,#841,#842,#843,#844,#845,#846,#847,#848,#849,#850
      ,#851,#852,#853,#854,#855,#856,#857,#858,#859,#860,#861,#862,#863
      ,#864,#865,#866,#867,#868,#869,#870)
    ,(#871,#872,#873,#874,#875,#876,#877,#878,#879,#880,#881,#882,#883
      ,#884,#885,#886,#887,#888,#889,#890,#891,#892,#893,#894,#895,#896
      ,#897,#898,#899,#900,#901,#902,#903,#904,#905,#906,#907,#908,#909
      ,#910,#911,#912,#913,#914,#915,#916,#917,#918,#919,#920,#921,#922
      ,#923,#924,#925,#926,#927,#928,#929,#930,#931,#932,#933,#934,#935
      ,#936,#937,#938,#939,#940,#941,#942,#943,#944,#945,#946,#947,#948
      ,#949,#950,#951,#952,#953,#954,#955,#956,#957,#958,#959,#960,#961
      ,#962,#963,#964,#965,#966,#967,#968,#969,#970,#971,#972,#973,#974
      ,#975,#976,#977,#978,#979,#980,#981,#982,#983,#984,#985,#986,#987
      ,#988,#989,#990,#991,#992,#993,#994,#995,#996,#997,#998,#999,#1000
      ,#1001,#1002,#1003,#1004,#1005,#1006,#1007)
    ,(#1008,#1009,#1010,#1011,#1012,#1013,#1014,#1015,#1016,#1017,#1018
      ,#1019,#1020,#1021,#1022,#1023,#1024,#1025,#1026,#1027,#1028,#1029
      ,#1030,#1031,#1032,#1033,#1034,#1035,#1036,#1037,#1038,#1039,#1040
      ,#1041,#1042,#1043,#1044,#1045,#1046,#1047,#1048,#1049,#1050,#1051
      ,#1052,#1053,#1054,#1055,#1056,#1057,#1058,#1059,#1060,#1061,#1062
      ,#1063,#1064,#1065,#1066,#1067,#1068,#1069,#1070,#1071,#1072,#1073
      ,#1074,#1075,#1076,#1077,#1078,#1079,#1080,#1081,#1082,#1083,#1084
      ,#1085,#1086,#1087,#1088,#1089,#1090,#1091,#1092,#1093,#1094,#1095
      ,#1096,#1097,#1098,#1099,#1100,#1101,#1102,#1103,#1104,#1105,#1106
      ,#1107,#1108,#1109,#1110,#1111,#1112,#1113,#1114,#1115,#1116,#1117
      ,#1118,#1119,#1120,#1121,#1122,#1123,#1124,#1125,#1126,#1127,#1128
      ,#1129,#1130,#1131,#1132,#1133,#1134,#1135,#1136,#1137,#1138,#1139
      ,#1140,#1141,#1142,#1143,#1144
)),.UNSPECIFIED.,.T.,.F.,.F.) B_SPLINE_SURFACE_WITH_KNOTS((1,6,6,1),(10,
    8,9,8,9,8,9,8,9,8,9,8,9,8,9,8,10),(-6.28318530718,0.,6.28318530718,
    12.566370614359),(0.,7.289159284179,14.578318568357,21.867477852536,
    29.156637136715,36.445796420894,43.734955705072,51.024114989251,
    58.31327427343,65.602433557608,72.891592841787,80.180752125966,
    87.469911410145,94.759070694323,102.0482299785,109.33738926268,
116.62654854685),.UNSPECIFIED.) GEOMETRIC_REPRESENTATION_ITEM() 
RATIONAL_B_SPLINE_SURFACE((
    (1.669078461068,1.669078461068,1.669078461068,1.669078461068
      ,1.669078461068,1.669078461068,1.669078461068,1.669078461068
      ,1.669078461068,1.669078461068,1.669078461068,1.669078461068
      ,1.669078461068,1.669078461068,1.669078461068,1.669078461068
      ,1.669078461068,1.669078461068,1.669078461068,1.669078461068
      ,1.669078461068,1.669078461068,1.669078461068,1.669078461068
      ,1.669078461068,1.669078461068,1.669078461068,1.669078461068
      ,1.669078461068,1.669078461069,1.669078461068,1.669078461069
      ,1.669078461068,1.669078461068,1.669078461068,1.669078461068
      ,1.669078461068,1.669078461068,1.669078461068,1.669078461068
      ,1.669078461068,1.669078461068,1.669078461068,1.669078461068
      ,1.669078461068,1.669078461068,1.669078461069,1.669078461068
      ,1.669078461068,1.669078461068,1.669078461068,1.669078461068
      ,1.669078461068,1.669078461068,1.669078461068,1.669078461068
      ,1.669078461068,1.669078461068,1.669078461068,1.669078461068
      ,1.669078461068,1.669078461068,1.669078461068,1.669078461068
      ,1.669078461068,1.669078461068,1.669078461068,1.669078461068
      ,1.669078461068,1.669078461068,1.669078461068,1.669078461068
      ,1.669078461069,1.669078461068,1.669078461068,1.669078461068
      ,1.669078461068,1.669078461068,1.669078461068,1.669078461068
      ,1.669078461068,1.669078461068,1.669078461068,1.669078461068
      ,1.669078461068,1.669078461068,1.669078461068,1.669078461068
      ,1.669078461068,1.669078461068,1.669078461068,1.669078461068
      ,1.669078461068,1.669078461068,1.669078461068,1.669078461068
      ,1.669078461068,1.669078461068,1.669078461069,1.669078461068
      ,1.669078461068,1.669078461068,1.669078461068,1.669078461068
      ,1.669078461068,1.669078461068,1.669078461069,1.669078461068
      ,1.669078461069,1.669078461068,1.669078461068,1.669078461068
      ,1.669078461068,1.669078461068,1.669078461068,1.669078461068
      ,1.669078461068,1.669078461068,1.669078461068,1.669078461068
      ,1.669078461068,1.669078461068,1.669078461068,1.669078461068
      ,1.669078461068,1.669078461068,1.669078461068,1.669078461068
      ,1.669078461068,1.669078461068,1.669078461068,1.669078461068
      ,1.669078461068,1.669078461068,1.669078461068,1.669078461068
      ,1.669078461068)
    ,(1.03672962321,1.03672962321,1.03672962321,1.03672962321
      ,1.03672962321,1.03672962321,1.03672962321,1.03672962321
      ,1.03672962321,1.03672962321,1.03672962321,1.03672962321
      ,1.03672962321,1.03672962321,1.03672962321,1.03672962321
      ,1.03672962321,1.03672962321,1.03672962321,1.03672962321
      ,1.03672962321,1.03672962321,1.03672962321,1.03672962321
      ,1.03672962321,1.03672962321,1.03672962321,1.03672962321
      ,1.036729623209,1.03672962321,1.036729623209,1.03672962321
      ,1.03672962321,1.03672962321,1.03672962321,1.03672962321
      ,1.03672962321,1.03672962321,1.03672962321,1.03672962321
      ,1.03672962321,1.03672962321,1.03672962321,1.03672962321
      ,1.03672962321,1.03672962321,1.03672962321,1.036729623209
      ,1.03672962321,1.03672962321,1.03672962321,1.03672962321
      ,1.03672962321,1.03672962321,1.03672962321,1.03672962321
      ,1.03672962321,1.03672962321,1.03672962321,1.03672962321
      ,1.03672962321,1.03672962321,1.03672962321,1.03672962321
      ,1.03672962321,1.03672962321,1.03672962321,1.03672962321
      ,1.03672962321,1.03672962321,1.03672962321,1.03672962321
      ,1.03672962321,1.036729623209,1.03672962321,1.03672962321
      ,1.03672962321,1.03672962321,1.03672962321,1.03672962321
      ,1.036729623209,1.03672962321,1.03672962321,1.03672962321
      ,1.03672962321,1.03672962321,1.03672962321,1.03672962321
      ,1.03672962321,1.03672962321,1.03672962321,1.03672962321
      ,1.03672962321,1.03672962321,1.03672962321,1.03672962321
      ,1.03672962321,1.036729623209,1.03672962321,1.036729623209
      ,1.03672962321,1.03672962321,1.03672962321,1.03672962321
      ,1.03672962321,1.036729623209,1.03672962321,1.036729623209
      ,1.03672962321,1.03672962321,1.03672962321,1.03672962321
      ,1.03672962321,1.03672962321,1.03672962321,1.03672962321
      ,1.03672962321,1.03672962321,1.03672962321,1.03672962321
      ,1.03672962321,1.03672962321,1.03672962321,1.03672962321
      ,1.03672962321,1.03672962321,1.03672962321,1.03672962321
      ,1.03672962321,1.03672962321,1.03672962321,1.03672962321
      ,1.03672962321,1.03672962321,1.03672962321,1.03672962321
      ,1.03672962321)
    ,(1.038346699848,1.038346699848,1.038346699848,1.038346699847
      ,1.038346699848,1.038346699847,1.038346699848,1.038346699847
      ,1.038346699848,1.038346699848,1.038346699848,1.038346699847
      ,1.038346699848,1.038346699847,1.038346699848,1.038346699847
      ,1.038346699848,1.038346699848,1.038346699848,1.038346699848
      ,1.038346699848,1.038346699848,1.038346699847,1.038346699848
      ,1.038346699847,1.038346699848,1.038346699847,1.038346699848
      ,1.038346699847,1.038346699848,1.038346699847,1.038346699848
      ,1.038346699847,1.038346699848,1.038346699848,1.038346699848
      ,1.038346699847,1.038346699848,1.038346699847,1.038346699848
      ,1.038346699847,1.038346699848,1.038346699848,1.038346699848
      ,1.038346699848,1.038346699847,1.038346699848,1.038346699847
      ,1.038346699848,1.038346699847,1.038346699848,1.038346699848
      ,1.038346699848,1.038346699848,1.038346699847,1.038346699848
      ,1.038346699847,1.038346699848,1.038346699847,1.038346699848
      ,1.038346699847,1.038346699848,1.038346699847,1.038346699848
      ,1.038346699847,1.038346699848,1.038346699847,1.038346699848
      ,1.038346699848,1.038346699847,1.038346699848,1.038346699847
      ,1.038346699848,1.038346699847,1.038346699848,1.038346699847
      ,1.038346699848,1.038346699848,1.038346699847,1.038346699848
      ,1.038346699847,1.038346699848,1.038346699847,1.038346699848
      ,1.038346699848,1.038346699848,1.038346699848,1.038346699847
      ,1.038346699848,1.038346699847,1.038346699848,1.038346699847
      ,1.038346699848,1.038346699848,1.038346699848,1.038346699847
      ,1.038346699848,1.038346699847,1.038346699848,1.038346699847
      ,1.038346699848,1.038346699848,1.038346699848,1.038346699847
      ,1.038346699848,1.038346699847,1.038346699848,1.038346699847
      ,1.038346699848,1.038346699847,1.038346699848,1.038346699847
      ,1.038346699848,1.038346699847,1.038346699848,1.038346699847
      ,1.038346699848,1.038346699847,1.038346699848,1.038346699848
      ,1.038346699847,1.038346699848,1.038346699847,1.038346699848
      ,1.038346699847,1.038346699848,1.038346699847,1.038346699848
      ,1.038346699848,1.038346699848,1.038346699847,1.038346699848
      ,1.038346699847,1.038346699848,1.038346699847,1.038346699848
      ,1.038346699848)
    ,(0.853534330196,0.853534330196,0.853534330196,0.853534330196
      ,0.853534330196,0.853534330196,0.853534330196,0.853534330196
      ,0.853534330196,0.853534330196,0.853534330196,0.853534330196
      ,0.853534330196,0.853534330196,0.853534330196,0.853534330196
      ,0.853534330196,0.853534330196,0.853534330196,0.853534330196
      ,0.853534330196,0.853534330196,0.853534330196,0.853534330196
      ,0.853534330196,0.853534330196,0.853534330196,0.853534330196
      ,0.853534330196,0.853534330196,0.853534330196,0.853534330196
      ,0.853534330196,0.853534330196,0.853534330196,0.853534330196
      ,0.853534330196,0.853534330196,0.853534330196,0.853534330196
      ,0.853534330196,0.853534330196,0.853534330196,0.853534330196
      ,0.853534330196,0.853534330196,0.853534330196,0.853534330196
      ,0.853534330196,0.853534330196,0.853534330196,0.853534330196
      ,0.853534330196,0.853534330196,0.853534330196,0.853534330196
      ,0.853534330196,0.853534330196,0.853534330196,0.853534330196
      ,0.853534330196,0.853534330196,0.853534330196,0.853534330196
      ,0.853534330196,0.853534330196,0.853534330196,0.853534330196
      ,0.853534330196,0.853534330196,0.853534330196,0.853534330196
      ,0.853534330196,0.853534330196,0.853534330196,0.853534330196
      ,0.853534330196,0.853534330196,0.853534330196,0.853534330196
      ,0.853534330196,0.853534330196,0.853534330196,0.853534330196
      ,0.853534330196,0.853534330196,0.853534330196,0.853534330196
      ,0.853534330196,0.853534330196,0.853534330196,0.853534330196
      ,0.853534330196,0.853534330196,0.853534330196,0.853534330196
      ,0.853534330196,0.853534330196,0.853534330196,0.853534330196
      ,0.853534330196,0.853534330196,0.853534330196,0.853534330196
      ,0.853534330196,0.853534330196,0.853534330196,0.853534330196
      ,0.853534330196,0.853534330196,0.853534330196,0.853534330196
      ,0.853534330196,0.853534330196,0.853534330196,0.853534330196
      ,0.853534330196,0.853534330196,0.853534330196,0.853534330196
      ,0.853534330196,0.853534330196,0.853534330196,0.853534330196
      ,0.853534330196,0.853534330196,0.853534330196,0.853534330196
      ,0.853534330196,0.853534330196,0.853534330196,0.853534330196
      ,0.853534330196,0.853534330196,0.853534330196,0.853534330196
      ,0.853534330196)
    ,(1.038346699848,1.038346699848,1.038346699848,1.038346699847
      ,1.038346699848,1.038346699847,1.038346699848,1.038346699847
      ,1.038346699848,1.038346699848,1.038346699848,1.038346699847
      ,1.038346699848,1.038346699847,1.038346699848,1.038346699847
      ,1.038346699848,1.038346699848,1.038346699848,1.038346699848
      ,1.038346699848,1.038346699848,1.038346699847,1.038346699848
      ,1.038346699847,1.038346699848,1.038346699847,1.038346699848
      ,1.038346699847,1.038346699848,1.038346699847,1.038346699848
      ,1.038346699847,1.038346699848,1.038346699848,1.038346699848
      ,1.038346699847,1.038346699848,1.038346699847,1.038346699848
      ,1.038346699847,1.038346699848,1.038346699848,1.038346699848
      ,1.038346699848,1.038346699847,1.038346699848,1.038346699847
      ,1.038346699848,1.038346699847,1.038346699848,1.038346699848
      ,1.038346699848,1.038346699848,1.038346699847,1.038346699848
      ,1.038346699847,1.038346699848,1.038346699847,1.038346699848
      ,1.038346699847,1.038346699848,1.038346699847,1.038346699848
      ,1.038346699847,1.038346699848,1.038346699847,1.038346699848
      ,1.038346699848,1.038346699847,1.038346699848,1.038346699847
      ,1.038346699848,1.038346699847,1.038346699848,1.038346699847
      ,1.038346699848,1.038346699848,1.038346699847,1.038346699848
      ,1.038346699847,1.038346699848,1.038346699847,1.038346699848
      ,1.038346699848,1.038346699848,1.038346699848,1.038346699847
      ,1.038346699848,1.038346699847,1.038346699848,1.038346699847
      ,1.038346699848,1.038346699848,1.038346699848,1.038346699847
      ,1.038346699848,1.038346699847,1.038346699848,1.038346699847
      ,1.038346699848,1.038346699848,1.038346699848,1.038346699847
      ,1.038346699848,1.038346699847,1.038346699848,1.038346699847
      ,1.038346699848,1.038346699847,1.038346699848,1.038346699847
      ,1.038346699848,1.038346699847,1.038346699848,1.038346699847
      ,1.038346699848,1.038346699847,1.038346699848,1.038346699848
      ,1.038346699847,1.038346699848,1.038346699847,1.038346699848
      ,1.038346699847,1.038346699848,1.038346699847,1.038346699848
      ,1.038346699848,1.038346699848,1.038346699847,1.038346699848
      ,1.038346699847,1.038346699848,1.038346699847,1.038346699848
      ,1.038346699848)
    ,(1.03672962321,1.03672962321,1.03672962321,1.03672962321
      ,1.03672962321,1.03672962321,1.03672962321,1.03672962321
      ,1.03672962321,1.03672962321,1.03672962321,1.03672962321
      ,1.03672962321,1.03672962321,1.03672962321,1.03672962321
      ,1.03672962321,1.03672962321,1.03672962321,1.03672962321
      ,1.03672962321,1.03672962321,1.03672962321,1.03672962321
      ,1.03672962321,1.03672962321,1.03672962321,1.03672962321
      ,1.036729623209,1.03672962321,1.036729623209,1.03672962321
      ,1.03672962321,1.03672962321,1.03672962321,1.03672962321
      ,1.03672962321,1.03672962321,1.03672962321,1.03672962321
      ,1.03672962321,1.03672962321,1.03672962321,1.03672962321
      ,1.03672962321,1.03672962321,1.03672962321,1.036729623209
      ,1.03672962321,1.03672962321,1.03672962321,1.03672962321
      ,1.03672962321,1.03672962321,1.03672962321,1.03672962321
      ,1.03672962321,1.03672962321,1.03672962321,1.03672962321
      ,1.03672962321,1.03672962321,1.03672962321,1.03672962321
      ,1.03672962321,1.03672962321,1.03672962321,1.03672962321
      ,1.03672962321,1.03672962321,1.03672962321,1.03672962321
      ,1.03672962321,1.03672962321,1.03672962321,1.03672962321
      ,1.03672962321,1.03672962321,1.03672962321,1.03672962321
      ,1.036729623209,1.03672962321,1.03672962321,1.03672962321
      ,1.03672962321,1.03672962321,1.03672962321,1.03672962321
      ,1.03672962321,1.036729623209,1.03672962321,1.03672962321
      ,1.03672962321,1.03672962321,1.03672962321,1.03672962321
      ,1.03672962321,1.036729623209,1.03672962321,1.036729623209
      ,1.03672962321,1.03672962321,1.03672962321,1.03672962321
      ,1.03672962321,1.036729623209,1.03672962321,1.036729623209
      ,1.03672962321,1.03672962321,1.03672962321,1.03672962321
      ,1.03672962321,1.03672962321,1.03672962321,1.03672962321
      ,1.03672962321,1.03672962321,1.03672962321,1.03672962321
      ,1.03672962321,1.03672962321,1.036729623209,1.03672962321
      ,1.036729623209,1.03672962321,1.03672962321,1.03672962321
      ,1.03672962321,1.03672962321,1.03672962321,1.03672962321
      ,1.03672962321,1.03672962321,1.03672962321,1.03672962321
      ,1.03672962321)
    ,(1.669078461068,1.669078461068,1.669078461068,1.669078461068
      ,1.669078461068,1.669078461068,1.669078461068,1.669078461068
      ,1.669078461068,1.669078461068,1.669078461068,1.669078461068
      ,1.669078461068,1.669078461068,1.669078461068,1.669078461068
      ,1.669078461068,1.669078461068,1.669078461068,1.669078461068
      ,1.669078461068,1.669078461068,1.669078461068,1.669078461068
      ,1.669078461068,1.669078461068,1.669078461068,1.669078461068
      ,1.669078461068,1.669078461069,1.669078461068,1.669078461069
      ,1.669078461068,1.669078461068,1.669078461068,1.669078461068
      ,1.669078461068,1.669078461068,1.669078461068,1.669078461068
      ,1.669078461068,1.669078461068,1.669078461068,1.669078461068
      ,1.669078461068,1.669078461068,1.669078461069,1.669078461068
      ,1.669078461068,1.669078461068,1.669078461068,1.669078461068
      ,1.669078461068,1.669078461068,1.669078461068,1.669078461068
      ,1.669078461068,1.669078461068,1.669078461068,1.669078461068
      ,1.669078461068,1.669078461068,1.669078461068,1.669078461068
      ,1.669078461068,1.669078461068,1.669078461068,1.669078461068
      ,1.669078461068,1.669078461068,1.669078461068,1.669078461068
      ,1.669078461069,1.669078461068,1.669078461068,1.669078461068
      ,1.669078461068,1.669078461068,1.669078461068,1.669078461068
      ,1.669078461068,1.669078461068,1.669078461068,1.669078461068
      ,1.669078461068,1.669078461068,1.669078461068,1.669078461068
      ,1.669078461068,1.669078461068,1.669078461068,1.669078461068
      ,1.669078461068,1.669078461068,1.669078461068,1.669078461068
      ,1.669078461068,1.669078461068,1.669078461069,1.669078461068
      ,1.669078461068,1.669078461068,1.669078461068,1.669078461068
      ,1.669078461068,1.669078461068,1.669078461069,1.669078461068
      ,1.669078461069,1.669078461068,1.669078461068,1.669078461068
      ,1.669078461068,1.669078461068,1.669078461068,1.669078461068
      ,1.669078461068,1.669078461068,1.669078461068,1.669078461068
      ,1.669078461068,1.669078461068,1.669078461068,1.669078461068
      ,1.669078461068,1.669078461068,1.669078461068,1.669078461068
      ,1.669078461068,1.669078461068,1.669078461068,1.669078461068
      ,1.669078461068,1.669078461068,1.669078461068,1.669078461068
,1.669078461068))) REPRESENTATION_ITEM('') SURFACE() );
#186 = CARTESIAN_POINT('',(11.7,-7.521760991835E-15,12.));
#187 = CARTESIAN_POINT('',(11.7,4.594586910741,12.708341911368));
#188 = CARTESIAN_POINT('',(9.670155790119,9.189254327828,13.416642220703
    ));
#189 = CARTESIAN_POINT('',(5.610611363726,12.758216466537,14.12505311967
    ));
#190 = CARTESIAN_POINT('',(0.124709241056,14.28101517079,14.833264325112
    ));
#191 = CARTESIAN_POINT('',(-5.580357554562,13.146371099268,
    15.541726774584));
#192 = CARTESIAN_POINT('',(-10.06585854481,9.639866957116,
    16.249972086327));
#193 = CARTESIAN_POINT('',(-12.45065080442,4.789194304258,
    16.958340449121));
#194 = CARTESIAN_POINT('',(-12.56765901547,-0.232558498174,
    17.666667699347));
#195 = CARTESIAN_POINT('',(-9.051120839567,-8.722232978535,
    19.083334153166));
#196 = CARTESIAN_POINT('',(-5.417468173477,-12.19041123699,
    19.791661403391));
#197 = CARTESIAN_POINT('',(-0.301221915848,-13.9340521225,
    20.500029766189));
#198 = CARTESIAN_POINT('',(5.3499791273,-13.24179696469,21.208275077925)
  );
#199 = CARTESIAN_POINT('',(10.186385149741,-10.01002019395,
    21.916737527405));
#200 = CARTESIAN_POINT('',(12.988722585112,-5.054120387363,
    22.62494873284));
#201 = CARTESIAN_POINT('',(13.335616792712,0.340048325745,
    23.333359631811));
#202 = CARTESIAN_POINT('',(11.522013036596,5.024285468115,
    24.041659941145));
#203 = CARTESIAN_POINT('',(8.273149562787,8.273149116977,24.750001852514
    ));
#204 = CARTESIAN_POINT('',(5.024285371349,11.52201330842,25.458338527221
    ));
#205 = CARTESIAN_POINT('',(0.340049265574,13.335616203064,
    26.166647045193));
#206 = CARTESIAN_POINT('',(-5.054120696944,12.988723380742,
    26.875047638636));
#207 = CARTESIAN_POINT('',(-10.01001931996,10.186384820008,
    27.583269307478));
#208 = CARTESIAN_POINT('',(-13.24179725155,5.349979915013,
    28.291723192661));
#209 = CARTESIAN_POINT('',(-13.93405189401,-0.301221776994,
    28.99997405266));
#210 = CARTESIAN_POINT('',(-12.19041147344,-5.417467754553,
    29.708339697142));
#211 = CARTESIAN_POINT('',(-8.722233205639,-9.051120621324,
    30.416667838645));
#212 = CARTESIAN_POINT('',(-0.232558844792,-12.5676590012,
    31.833334086628));
#213 = CARTESIAN_POINT('',(4.789193980241,-12.45065094489,
    32.541661498463));
#214 = CARTESIAN_POINT('',(9.639866672856,-10.06585879151,33.25002965775
    ));
#215 = CARTESIAN_POINT('',(13.146370960868,-5.580357920667,
    33.958275177192));
#216 = CARTESIAN_POINT('',(14.281015165453,0.124708864921,
    34.666737455112));
#217 = CARTESIAN_POINT('',(12.758216622596,5.610611015128,
    35.374948773584));
#218 = CARTESIAN_POINT('',(9.189254586378,9.670155544506,36.083359615179
    ));
#219 = CARTESIAN_POINT('',(4.59458722646,11.699999875731,36.791659945185
    ));
#220 = CARTESIAN_POINT('',(3.152335558143E-07,11.699999999999,
    37.500001852514));
#221 = CARTESIAN_POINT('',(-4.594587486605,11.700000000004,
    38.208338527221));
#222 = CARTESIAN_POINT('',(-9.189253506868,9.670155790112,
    38.916647045185));
#223 = CARTESIAN_POINT('',(-12.75821739921,5.610611363736,
    39.625047638653));
#224 = CARTESIAN_POINT('',(-14.28101432296,0.124709241046,40.33326930746
    ));
#225 = CARTESIAN_POINT('',(-13.14637170878,-5.580357554555,
    41.041723192673));
#226 = CARTESIAN_POINT('',(-9.639866622515,-10.06585854481,
    41.749974052655));
#227 = CARTESIAN_POINT('',(-4.789194432218,-12.45065080442,
    42.458339697144));
#228 = CARTESIAN_POINT('',(0.232558521878,-12.56765901547,
    43.166667838645));
#229 = CARTESIAN_POINT('',(8.722232967212,-9.051120839567,
    44.583334086628));
#230 = CARTESIAN_POINT('',(12.190411253172,-5.417468173477,
    45.291661498463));
#231 = CARTESIAN_POINT('',(13.93405210405,-0.301221915845,46.00002965775
    ));
#232 = CARTESIAN_POINT('',(13.24179698159,5.349979127292,46.708275177191
    ));
#233 = CARTESIAN_POINT('',(10.010020181642,10.186385149752,
    47.416737455113));
#234 = CARTESIAN_POINT('',(5.054120394301,12.988722585103,
    48.124948773586));
#235 = CARTESIAN_POINT('',(-0.340048328577,13.335616792716,
    48.833359615175));
#236 = CARTESIAN_POINT('',(-5.024285467428,11.522013036596,
    49.541659945191));
#237 = CARTESIAN_POINT('',(-8.273149116978,8.273149562785,
    50.250001852511));
#238 = CARTESIAN_POINT('',(-11.52201330841,5.02428537135,50.958338527229
    ));
#239 = CARTESIAN_POINT('',(-13.33561620306,0.340049265576,
    51.666647045178));
#240 = CARTESIAN_POINT('',(-12.98872338073,-5.054120696947,
    52.375047638655));
#241 = CARTESIAN_POINT('',(-10.18638482001,-10.01001931996,
    53.083269307464));
#242 = CARTESIAN_POINT('',(-5.34997991501,-13.24179725155,
    53.791723192668));
#243 = CARTESIAN_POINT('',(0.301221776992,-13.93405189401,
    54.499974052656));
#244 = CARTESIAN_POINT('',(5.417467754554,-12.19041147344,
    55.208339697144));
#245 = CARTESIAN_POINT('',(9.051120621324,-8.722233205639,
    55.916667838645));
#246 = CARTESIAN_POINT('',(12.567659001201,-0.232558844792,
    57.333334086628));
#247 = CARTESIAN_POINT('',(12.450650944899,4.789193980243,
    58.041661498463));
#248 = CARTESIAN_POINT('',(10.065858791514,9.639866672841,
    58.750029657748));
#249 = CARTESIAN_POINT('',(5.580357920667,13.146370960899,
    59.458275177198));
#250 = CARTESIAN_POINT('',(-0.124708864921,14.281015165414,
    60.166737455102));
#251 = CARTESIAN_POINT('',(-5.610611015127,12.758216622624,
    60.874948773591));
#252 = CARTESIAN_POINT('',(-9.670155544508,9.189254586368,
    61.583359615183));
#253 = CARTESIAN_POINT('',(-11.69999987572,4.594587226457,
    62.291659945173));
#254 = CARTESIAN_POINT('',(-11.69999999999,3.152372626755E-07,
    63.000001852526));
#255 = CARTESIAN_POINT('',(-11.7,-4.594587486613,63.70833852719));
#256 = CARTESIAN_POINT('',(-9.670155790115,-9.189253506853,
    64.416647045262));
#257 = CARTESIAN_POINT('',(-5.610611363728,-12.75821739923,
    65.125047638533));
#258 = CARTESIAN_POINT('',(-0.124709241056,-14.28101432294,
    65.833269307583));
#259 = CARTESIAN_POINT('',(5.580357554562,-13.1463717088,66.541723192585
    ));
#260 = CARTESIAN_POINT('',(10.065858544816,-9.639866622504,67.2499740527
    ));
#261 = CARTESIAN_POINT('',(12.450650804429,-4.789194432222,
    67.958339697128));
#262 = CARTESIAN_POINT('',(12.567659015473,0.232558521878,
    68.666667838648));
#263 = CARTESIAN_POINT('',(9.051120839567,8.722232967212,70.083334086627
    ));
#264 = CARTESIAN_POINT('',(5.41746817348,12.190411253172,70.791661498465
    ));
#265 = CARTESIAN_POINT('',(0.301221915833,13.93405210405,71.500029657743
    ));
#266 = CARTESIAN_POINT('',(-5.349979127267,13.24179698159,
    72.208275177207));
#267 = CARTESIAN_POINT('',(-10.18638514978,10.010020181644,
    72.916737455093));
#268 = CARTESIAN_POINT('',(-12.98872258507,5.054120394298,
    73.624948773591));
#269 = CARTESIAN_POINT('',(-13.33561679273,-0.340048328572,
    74.333359615197));
#270 = CARTESIAN_POINT('',(-11.52201303658,-5.024285467432,
    75.041659945155));
#271 = CARTESIAN_POINT('',(-8.273149562787,-8.273149116975,
    75.750001852533));
#272 = CARTESIAN_POINT('',(-5.024285371346,-11.52201330842,
    76.458338527184));
#273 = CARTESIAN_POINT('',(-0.34004926558,-13.33561620306,
    77.166647045229));
#274 = CARTESIAN_POINT('',(5.05412069695,-12.98872338074,77.875047638612
    ));
#275 = CARTESIAN_POINT('',(10.010019319961,-10.18638482001,
    78.583269307494));
#276 = CARTESIAN_POINT('',(13.241797251559,-5.349979915011,
    79.291723192647));
#277 = CARTESIAN_POINT('',(13.934051894017,0.301221776993,
    79.999974052669));
#278 = CARTESIAN_POINT('',(12.19041147344,5.417467754553,80.708339697138
    ));
#279 = CARTESIAN_POINT('',(8.722233205639,9.051120621324,81.416667838646
    ));
#280 = CARTESIAN_POINT('',(0.232558844792,12.567659001201,
    82.833334086628));
#281 = CARTESIAN_POINT('',(-4.789193980241,12.450650944901,
    83.541661498463));
#282 = CARTESIAN_POINT('',(-9.639866672849,10.06585879151,
    84.250029657751));
#283 = CARTESIAN_POINT('',(-13.14637096088,5.580357920674,84.95827517719
    ));
#284 = CARTESIAN_POINT('',(-14.28101516542,-0.124708864926,
    85.666737455112));
#285 = CARTESIAN_POINT('',(-12.75821662261,-5.610611015127,
    86.374948773589));
#286 = CARTESIAN_POINT('',(-9.189254586369,-9.670155544506,
    87.083359615174));
#287 = CARTESIAN_POINT('',(-4.594587226461,-11.69999987573,
    87.791659945188));
#288 = CARTESIAN_POINT('',(-3.15234619741E-07,-11.69999999999,
    88.500001852515));
#289 = CARTESIAN_POINT('',(4.594587486607,-11.7,89.208338527218));
#290 = CARTESIAN_POINT('',(9.189253506865,-9.670155790116,
    89.916647045202));
#291 = CARTESIAN_POINT('',(12.758217399221,-5.610611363728,
    90.625047638619));
#292 = CARTESIAN_POINT('',(14.28101432296,-0.124709241056,
    91.333269307499));
#293 = CARTESIAN_POINT('',(13.14637170879,5.580357554563,92.041723192644
    ));
#294 = CARTESIAN_POINT('',(9.639866622513,10.065858544815,
    92.749974052668));
#295 = CARTESIAN_POINT('',(4.789194432218,12.450650804429,93.45833969714
    ));
#296 = CARTESIAN_POINT('',(-0.232558521878,12.567659015473,
    94.166667838646));
#297 = CARTESIAN_POINT('',(-8.722232967213,9.051120839567,
    95.583334086628));
#298 = CARTESIAN_POINT('',(-12.19041125317,5.41746817348,96.291661498463
    ));
#299 = CARTESIAN_POINT('',(-13.93405210405,0.301221915831,
    97.000029657748));
#300 = CARTESIAN_POINT('',(-13.24179698158,-5.349979127264,
    97.708275177198));
#301 = CARTESIAN_POINT('',(-10.01002018165,-10.18638514978,
    98.416737455105));
#302 = CARTESIAN_POINT('',(-5.054120394291,-12.98872258507,
    99.124948773587));
#303 = CARTESIAN_POINT('',(0.340048328571,-13.33561679273,
    99.833359615186));
#304 = CARTESIAN_POINT('',(5.02428546743,-11.52201303659,100.54165994517
    ));
#305 = CARTESIAN_POINT('',(8.273149116975,-8.273149562787,
    101.25000185252));
#306 = CARTESIAN_POINT('',(11.522013308422,-5.024285371347,
    101.95833852718));
#307 = CARTESIAN_POINT('',(13.335616203064,-0.340049265584,
    102.66664704528));
#308 = CARTESIAN_POINT('',(12.988723380741,5.054120696963,103.3750476385
    ));
#309 = CARTESIAN_POINT('',(10.186384820008,10.010019319943,
    104.0832693076));
#310 = CARTESIAN_POINT('',(5.349979915014,13.241797251574,
    104.79172319256));
#311 = CARTESIAN_POINT('',(-0.301221776996,13.93405189401,105.4999740527
    ));
#312 = CARTESIAN_POINT('',(-5.417467754552,12.190411473442,
    106.20833969712));
#313 = CARTESIAN_POINT('',(-9.051120621324,8.722233205639,
    106.91666783864));
#314 = CARTESIAN_POINT('',(-12.5676590012,0.232558844792,108.33333408662
    ));
#315 = CARTESIAN_POINT('',(-12.4506509449,-4.78919398024,109.04166149846
    ));
#316 = CARTESIAN_POINT('',(-10.06585879151,-9.639866672854,
    109.75002965774));
#317 = CARTESIAN_POINT('',(-5.580357920676,-13.14637096087,
    110.4582751772));
#318 = CARTESIAN_POINT('',(0.124708864932,-14.28101516544,
    111.16673745509));
#319 = CARTESIAN_POINT('',(5.610611015119,-12.75821662259,
    111.87494877359));
#320 = CARTESIAN_POINT('',(9.670155544511,-9.189254586384,
    112.58335961519));
#321 = CARTESIAN_POINT('',(11.69999987573,-4.594587226453,
    113.29165994515));
#322 = CARTESIAN_POINT('',(11.699999999998,-3.152387806557E-07,
    114.00000185253));
#323 = CARTESIAN_POINT('',(11.7,-9.946904411251E-15,10.172302616872));
#324 = CARTESIAN_POINT('',(11.700014252775,4.594587515124,10.88064452824
    ));
#325 = CARTESIAN_POINT('',(9.670117003318,9.189254129456,11.588944837578
    ));
#326 = CARTESIAN_POINT('',(5.610685986121,12.758228356539,
    12.297355736545));
#327 = CARTESIAN_POINT('',(0.124625315411,14.280992225682,
    13.005566941968));
#328 = CARTESIAN_POINT('',(-5.580300042073,13.146400827315,
    13.71402939148));
#329 = CARTESIAN_POINT('',(-10.06588385348,9.639852925643,
    14.422274703184));
#330 = CARTESIAN_POINT('',(-12.45064715319,4.789198455043,
    15.130643065998));
#331 = CARTESIAN_POINT('',(-12.56766083179,-0.232558607157,
    15.83897031622));
#332 = CARTESIAN_POINT('',(-9.05112185934,-8.722234065908,
    17.255636770039));
#333 = CARTESIAN_POINT('',(-5.417475115561,-12.19041409081,
    17.963964020249));
#334 = CARTESIAN_POINT('',(-0.301194177437,-13.93404781403,
    18.67233238313));
#335 = CARTESIAN_POINT('',(5.349918846458,-13.24182009503,
    19.380577694652));
#336 = CARTESIAN_POINT('',(10.186463398508,-10.00997970746,
    20.089040144461));
#337 = CARTESIAN_POINT('',(12.988664828767,-5.054166075643,
    20.797251349567));
#338 = CARTESIAN_POINT('',(13.335647867668,0.340075701414,
    21.505662248758));
#339 = CARTESIAN_POINT('',(11.522005562219,5.024277139017,
    22.213962557996));
#340 = CARTESIAN_POINT('',(8.273151739285,8.273151293474,22.922304469388
    ));
#341 = CARTESIAN_POINT('',(5.024291046226,11.522019838024,
    23.630641144088));
#342 = CARTESIAN_POINT('',(0.340027647658,13.335594304619,
    24.338949662076));
#343 = CARTESIAN_POINT('',(-5.054082778022,12.98877811464,
    25.047350255501));
#344 = CARTESIAN_POINT('',(-10.01005658601,10.186315104702,
    25.755571924344));
#345 = CARTESIAN_POINT('',(-13.24178181333,5.350037395023,
    26.464025809549));
#346 = CARTESIAN_POINT('',(-13.93405755797,-0.301247284448,
    27.172276669522));
#347 = CARTESIAN_POINT('',(-12.19041271016,-5.417463121183,
    27.880642314017));
#348 = CARTESIAN_POINT('',(-8.722234249247,-9.051121819057,
    28.588970455518));
#349 = CARTESIAN_POINT('',(-0.232558875167,-12.56766056935,
    30.005636703501));
#350 = CARTESIAN_POINT('',(4.789191201101,-12.45065775995,30.71396411532
    ));
#351 = CARTESIAN_POINT('',(9.639883112925,-10.06583625835,
    31.422332274691));
#352 = CARTESIAN_POINT('',(13.146344808122,-5.580416784654,
    32.130577793918));
#353 = CARTESIAN_POINT('',(14.281041782474,0.124792738495,
    32.839040072167));
#354 = CARTESIAN_POINT('',(12.758208137062,5.610537916597,
    33.547251390312));
#355 = CARTESIAN_POINT('',(9.189257182623,9.670196855801,34.255662232126
    ));
#356 = CARTESIAN_POINT('',(4.594587835588,11.699988705732,
    34.963962562035));
#357 = CARTESIAN_POINT('',(3.152340467549E-07,11.700003078031,
    35.672304469389));
#358 = CARTESIAN_POINT('',(-4.594588090989,11.700008629872,
    36.380641144088));
#359 = CARTESIAN_POINT('',(-9.189253308494,9.670125019397,
    37.088949662068));
#360 = CARTESIAN_POINT('',(-12.75822928922,5.610676879183,
    37.797350255517));
#361 = CARTESIAN_POINT('',(-14.28099137785,0.124633593788,
    38.505571924328));
#362 = CARTESIAN_POINT('',(-13.14640143683,-5.580305993564,
    39.21402580956));
#363 = CARTESIAN_POINT('',(-9.639852591043,-10.06588058634,
    39.922276669517));
#364 = CARTESIAN_POINT('',(-4.789198583004,-12.45064840263,
    40.630642314018));
#365 = CARTESIAN_POINT('',(0.23255863086,-12.56766060034,41.338970455518
    ));
#366 = CARTESIAN_POINT('',(8.722234054585,-9.051121969896,
    42.755636703501));
#367 = CARTESIAN_POINT('',(12.190414106994,-5.417474957598,
    43.46396411532));
#368 = CARTESIAN_POINT('',(13.934047795588,-0.301194357604,
    44.172332274693));
#369 = CARTESIAN_POINT('',(13.24182011192,5.349919011376,44.880577793915
    ));
#370 = CARTESIAN_POINT('',(10.009979695161,10.186463278411,
    45.589040072171));
#371 = CARTESIAN_POINT('',(5.054166082572,12.988664896454,
    46.297251390311));
#372 = CARTESIAN_POINT('',(-0.340075704238,13.335647840031,
    47.005662232122));
#373 = CARTESIAN_POINT('',(-5.024277138334,11.522005568941,
    47.713962562041));
#374 = CARTESIAN_POINT('',(-8.273151293472,8.27315173928,48.422304469386
    ));
#375 = CARTESIAN_POINT('',(-11.52201983803,5.024291046234,
    49.130641144096));
#376 = CARTESIAN_POINT('',(-13.3355943046,0.340027647647,49.83894966206)
  );
#377 = CARTESIAN_POINT('',(-12.98877811465,-5.054082778006,
    50.54735025552));
#378 = CARTESIAN_POINT('',(-10.18631510468,-10.01005658603,
    51.255571924331));
#379 = CARTESIAN_POINT('',(-5.35003739503,-13.24178181331,
    51.964025809556));
#380 = CARTESIAN_POINT('',(0.30124728445,-13.93405755798,52.672276669519
    ));
#381 = CARTESIAN_POINT('',(5.417463121182,-12.19041271016,
    53.380642314018));
#382 = CARTESIAN_POINT('',(9.051121819057,-8.722234249248,
    54.088970455518));
#383 = CARTESIAN_POINT('',(12.567660569353,-0.232558875166,
    55.505636703501));
#384 = CARTESIAN_POINT('',(12.450657759954,4.789191201105,56.21396411532
    ));
#385 = CARTESIAN_POINT('',(10.065836258354,9.639883112905,
    56.922332274689));
#386 = CARTESIAN_POINT('',(5.580416784654,13.146344808171,
    57.630577793924));
#387 = CARTESIAN_POINT('',(-0.124792738502,14.281041782405,
    58.339040072158));
#388 = CARTESIAN_POINT('',(-5.610537916578,12.758208137121,
    59.047251390317));
#389 = CARTESIAN_POINT('',(-9.670196855831,9.189257182597,59.75566223213
    ));
#390 = CARTESIAN_POINT('',(-11.6999887057,4.594587835588,60.463962562023
    ));
#391 = CARTESIAN_POINT('',(-11.70000307805,3.152406518134E-07,
    61.172304469401));
#392 = CARTESIAN_POINT('',(-11.70000862983,-4.594588090993,
    61.880641144057));
#393 = CARTESIAN_POINT('',(-9.670125019476,-9.189253308524,
    62.588949662145));
#394 = CARTESIAN_POINT('',(-5.610676879056,-12.75822928914,
    63.297350255397));
#395 = CARTESIAN_POINT('',(-0.124633593931,-14.28099137793,
    64.00557192445));
#396 = CARTESIAN_POINT('',(5.580305993683,-13.14640143678,
    64.714025809472));
#397 = CARTESIAN_POINT('',(10.065880586277,-9.63985259106,
    65.422276669563));
#398 = CARTESIAN_POINT('',(12.45064840266,-4.789198583002,
    66.130642314002));
#399 = CARTESIAN_POINT('',(12.567660600337,0.232558630861,66.83897045552
    ));
#400 = CARTESIAN_POINT('',(9.051121969898,8.722234054585,68.255636703499
    ));
#401 = CARTESIAN_POINT('',(5.417474957594,12.190414106998,
    68.963964115323));
#402 = CARTESIAN_POINT('',(0.301194357615,13.934047795567,
    69.672332274684));
#403 = CARTESIAN_POINT('',(-5.349919011392,13.241820111975,
    70.380577793933));
#404 = CARTESIAN_POINT('',(-10.18646327839,10.00997969507,
    71.089040072149));
#405 = CARTESIAN_POINT('',(-12.98866489643,5.054166082674,
    71.797251390317));
#406 = CARTESIAN_POINT('',(-13.33564784008,-0.340075704318,
    72.505662232144));
#407 = CARTESIAN_POINT('',(-11.52200556888,-5.024277138289,
    73.213962562005));
#408 = CARTESIAN_POINT('',(-8.273151739305,-8.27315129349,
    73.922304469407));
#409 = CARTESIAN_POINT('',(-5.024291046179,-11.52201983798,
    74.630641144052));
#410 = CARTESIAN_POINT('',(-0.340027647735,-13.33559430466,
    75.338949662111));
#411 = CARTESIAN_POINT('',(5.054082778114,-12.98877811461,
    76.047350255477));
#412 = CARTESIAN_POINT('',(10.010056585938,-10.18631510471,
    76.75557192436));
#413 = CARTESIAN_POINT('',(13.241781813384,-5.350037395017,
    77.464025809536));
#414 = CARTESIAN_POINT('',(13.934057557959,0.301247284443,
    78.172276669531));
#415 = CARTESIAN_POINT('',(12.190412710171,5.417463121186,
    78.880642314013));
#416 = CARTESIAN_POINT('',(8.722234249246,9.051121819056,79.588970455519
    ));
#417 = CARTESIAN_POINT('',(0.232558875167,12.567660569353,81.0056367035)
  );
#418 = CARTESIAN_POINT('',(-4.789191201101,12.450657759955,
    81.713964115321));
#419 = CARTESIAN_POINT('',(-9.639883112921,10.065836258351,
    82.422332274691));
#420 = CARTESIAN_POINT('',(-13.14634480813,5.580416784654,
    83.130577793918));
#421 = CARTESIAN_POINT('',(-14.28104178245,-0.124792738489,
    83.839040072166));
#422 = CARTESIAN_POINT('',(-12.75820813707,-5.610537916607,
    84.547251390316));
#423 = CARTESIAN_POINT('',(-9.189257182614,-9.670196855793,
    85.25566223212));
#424 = CARTESIAN_POINT('',(-4.59458783559,-11.69998870573,
    85.963962562038));
#425 = CARTESIAN_POINT('',(-3.152359645542E-07,-11.70000307803,
    86.672304469389));
#426 = CARTESIAN_POINT('',(4.594588090989,-11.70000862987,
    87.380641144085));
#427 = CARTESIAN_POINT('',(9.18925330851,-9.670125019406,88.088949662086
    ));
#428 = CARTESIAN_POINT('',(12.758229289184,-5.610676879157,
    88.797350255481));
#429 = CARTESIAN_POINT('',(14.280991377901,-0.124633593826,
    89.50557192437));
#430 = CARTESIAN_POINT('',(13.146401436802,5.580305993601,
    90.214025809527));
#431 = CARTESIAN_POINT('',(9.639852591055,10.065880586325,
    90.922276669535));
#432 = CARTESIAN_POINT('',(4.789198583001,12.450648402642,
    91.630642314012));
#433 = CARTESIAN_POINT('',(-0.23255863086,12.56766060034,92.338970455519
    ));
#434 = CARTESIAN_POINT('',(-8.722234054585,9.051121969896,93.7556367035)
  );
#435 = CARTESIAN_POINT('',(-12.19041410699,5.417474957598,
    94.463964115321));
#436 = CARTESIAN_POINT('',(-13.93404779557,0.301194357603,
    95.172332274688));
#437 = CARTESIAN_POINT('',(-13.24182011194,-5.34991901137,
    95.880577793926));
#438 = CARTESIAN_POINT('',(-10.00997969511,-10.18646327842,
    96.589040072159));
#439 = CARTESIAN_POINT('',(-5.054166082622,-12.98866489643,
    97.297251390314));
#440 = CARTESIAN_POINT('',(0.340075704282,-13.33564784006,
    98.005662232133));
#441 = CARTESIAN_POINT('',(5.024277138304,-11.5220055689,98.713962562022
    ));
#442 = CARTESIAN_POINT('',(8.273151293488,-8.273151739305,
    99.422304469401));
#443 = CARTESIAN_POINT('',(11.522019837991,-5.024291046195,
    100.13064114405));
#444 = CARTESIAN_POINT('',(13.335594304715,-0.340027647701,
    100.83894966216));
#445 = CARTESIAN_POINT('',(12.988778114477,5.054082778074,
    101.54735025537));
#446 = CARTESIAN_POINT('',(10.186315104881,10.010056585959,
    102.25557192447));
#447 = CARTESIAN_POINT('',(5.350037394889,13.241781813391,
    102.96402580945));
#448 = CARTESIAN_POINT('',(-0.301247284378,13.93405755794,
    103.67227666957));
#449 = CARTESIAN_POINT('',(-5.417463121206,12.190412710183,
    104.38064231399));
#450 = CARTESIAN_POINT('',(-9.051121819053,8.722234249243,
    105.08897045552));
#451 = CARTESIAN_POINT('',(-12.56766056935,0.232558875168,
    106.50563670349));
#452 = CARTESIAN_POINT('',(-12.45065775995,-4.789191201108,
    107.21396411532));
#453 = CARTESIAN_POINT('',(-10.06583625834,-9.639883112897,
    107.92233227467));
#454 = CARTESIAN_POINT('',(-5.580416784674,-13.14634480818,
    108.63057779394));
#455 = CARTESIAN_POINT('',(0.12479273854,-14.28104178238,109.33904007214
    ));
#456 = CARTESIAN_POINT('',(5.610537916526,-12.75820813713,
    110.04725139032));
#457 = CARTESIAN_POINT('',(9.670196855883,-9.189257182592,
    110.75566223214));
#458 = CARTESIAN_POINT('',(11.699988705663,-4.594587835585,111.463962562
    ));
#459 = CARTESIAN_POINT('',(11.700003078069,-3.152427754619E-07,
    112.17230446941));
#460 = CARTESIAN_POINT('',(9.439996990397,-7.042977312466E-15,
    9.90987637843));
#461 = CARTESIAN_POINT('',(9.440013289628,3.707070768104,10.618200665812
    ));
#462 = CARTESIAN_POINT('',(7.802188881356,7.414296617352,11.326568824549
    ));
#463 = CARTESIAN_POINT('',(4.526963795041,10.293696875756,
    12.034820361177));
#464 = CARTESIAN_POINT('',(0.100486138653,11.522568143222,
    12.743282484246));
#465 = CARTESIAN_POINT('',(-4.502346217339,10.606922379189,
    13.451479658422));
#466 = CARTESIAN_POINT('',(-8.121553677646,7.777825190419,
    14.159905814732));
#467 = CARTESIAN_POINT('',(-10.04564295661,3.864098676528,
    14.868202207825));
#468 = CARTESIAN_POINT('',(-10.14005892567,-0.187636564796,
    15.576541956086));
#469 = CARTESIAN_POINT('',(-7.302782876849,-7.037425460668,
    16.99320884721));
#470 = CARTESIAN_POINT('',(-4.371025780131,-9.835675646901,
    17.701548595459));
#471 = CARTESIAN_POINT('',(-0.242988815284,-11.24254457659,
    18.409844988627));
#472 = CARTESIAN_POINT('',(4.316448094589,-10.68391505031,
    19.118271144733));
#473 = CARTESIAN_POINT('',(8.218916688694,-8.07653574057,19.826468319242
    ));
#474 = CARTESIAN_POINT('',(10.479653799399,-4.077798673624,
    20.534930441954));
#475 = CARTESIAN_POINT('',(10.759747133898,0.274344139486,
    21.243181978837));
#476 = CARTESIAN_POINT('',(9.296371585698,4.0537822989,21.951550137459)
  );
#477 = CARTESIAN_POINT('',(6.675088140235,6.67508861036,22.659874424867)
  );
#478 = CARTESIAN_POINT('',(4.053798415653,9.29638731376,23.36820423455)
  );
#479 = CARTESIAN_POINT('',(0.274287120156,10.759687176237,
    24.076563736911));
#480 = CARTESIAN_POINT('',(-4.077702735373,10.479781602279,
    24.784826141166));
#481 = CARTESIAN_POINT('',(-8.076625578719,8.218747827246,
    25.493277230125));
#482 = CARTESIAN_POINT('',(-10.68387064146,4.316581933192,
    26.201483435718));
#483 = CARTESIAN_POINT('',(-11.24255622184,-0.243049852765,
    26.909903741145));
#484 = CARTESIAN_POINT('',(-9.835673548272,-4.371012984416,
    27.618203000822));
#485 = CARTESIAN_POINT('',(-7.037425171127,-7.302783310508,
    28.32654180919));
#486 = CARTESIAN_POINT('',(-0.187636109376,-10.14005865692,
    29.743208917378));
#487 = CARTESIAN_POINT('',(3.864091093273,-10.04565477754,
    30.451548495201));
#488 = CARTESIAN_POINT('',(7.777860336936,-8.121498706392,
    31.159845102981));
#489 = CARTESIAN_POINT('',(10.606858620782,-4.502478917426,
    31.868271040054));
#490 = CARTESIAN_POINT('',(11.522624827301,0.100678427648,
    32.576468395476));
#491 = CARTESIAN_POINT('',(10.293673410033,4.526795231503,
    33.284930398991));
#492 = CARTESIAN_POINT('',(7.414299540591,7.802280739194,33.993181996374
    ));
#493 = CARTESIAN_POINT('',(3.707070440588,9.439984347622,34.701550133199
    ));
#494 = CARTESIAN_POINT('',(-3.32430244887E-07,9.440000510384,
    35.409874424868));
#495 = CARTESIAN_POINT('',(-3.707070160823,9.440006859365,
    36.118204234553));
#496 = CARTESIAN_POINT('',(-7.414297483099,7.802198048418,
    36.826563736907));
#497 = CARTESIAN_POINT('',(-10.29369589219,4.526953380487,
    37.534826141166));
#498 = CARTESIAN_POINT('',(-11.5225690373,0.100495605677,38.243277230127
    ));
#499 = CARTESIAN_POINT('',(-10.60692173641,-4.502353023374,
    38.951483435715));
#500 = CARTESIAN_POINT('',(-7.777825543275,-8.121549941403,
    39.659903741147));
#501 = CARTESIAN_POINT('',(-3.864098541586,-10.04564438545,
    40.36820300082));
#502 = CARTESIAN_POINT('',(0.187636539799,-10.14005866099,41.07654180919
    ));
#503 = CARTESIAN_POINT('',(7.037425472608,-7.302783003279,
    42.493208917378));
#504 = CARTESIAN_POINT('',(9.835675629841,-4.371025599488,
    43.201548495202));
#505 = CARTESIAN_POINT('',(11.242544596054,-0.242989021322,
    43.90984510298));
#506 = CARTESIAN_POINT('',(10.683915032507,4.316448283188,
    44.618271040053));
#507 = CARTESIAN_POINT('',(8.076535753544,8.21891655135,45.32646839548)
  );
#508 = CARTESIAN_POINT('',(4.077798666308,10.479653876806,
    46.034930398983));
#509 = CARTESIAN_POINT('',(-0.274344136494,10.759747102293,
    46.743181996384));
#510 = CARTESIAN_POINT('',(-4.053782299632,9.296371593383,
    47.451550133192));
#511 = CARTESIAN_POINT('',(-6.675088610357,6.675088140231,48.15987442487
    ));
#512 = CARTESIAN_POINT('',(-9.296387313772,4.053798415658,
    48.868204234544));
#513 = CARTESIAN_POINT('',(-10.75968717621,0.274287120152,
    49.576563736922));
#514 = CARTESIAN_POINT('',(-10.47978160231,-4.077702735367,
    50.28482614115));
#515 = CARTESIAN_POINT('',(-8.218747827214,-8.076625578729,
    50.99327723014));
#516 = CARTESIAN_POINT('',(-4.316581933212,-10.68387064144,
    51.701483435707));
#517 = CARTESIAN_POINT('',(0.243049852774,-11.24255622184,
    52.409903741151));
#518 = CARTESIAN_POINT('',(4.371012984413,-9.83567354827,53.118203000819
    ));
#519 = CARTESIAN_POINT('',(7.302783310508,-7.037425171127,
    53.826541809191));
#520 = CARTESIAN_POINT('',(10.140058656928,-0.187636109376,
    55.243208917378));
#521 = CARTESIAN_POINT('',(10.045654777548,3.864091093278,
    55.951548495202));
#522 = CARTESIAN_POINT('',(8.121498706396,7.777860336913,56.659845102978
    ));
#523 = CARTESIAN_POINT('',(4.502478917419,10.606858620835,
    57.368271040062));
#524 = CARTESIAN_POINT('',(-0.100678427645,11.522624827224,
    58.076468395462));
#525 = CARTESIAN_POINT('',(-4.526795231493,10.293673410103,
    58.784930399012));
#526 = CARTESIAN_POINT('',(-7.802280739221,7.414299540553,
    59.493181996349));
#527 = CARTESIAN_POINT('',(-9.439984347588,3.707070440597,
    60.201550133222));
#528 = CARTESIAN_POINT('',(-9.440000510409,-3.324283098169E-07,
    60.909874424852));
#529 = CARTESIAN_POINT('',(-9.440006859327,-3.707070160819,
    61.618204234568));
#530 = CARTESIAN_POINT('',(-7.802198048494,-7.414297483153,
    62.326563736878));
#531 = CARTESIAN_POINT('',(-4.526953380368,-10.29369589208,
    63.034826141215));
#532 = CARTESIAN_POINT('',(-0.100495605814,-11.52256903742,
    63.743277230069));
#533 = CARTESIAN_POINT('',(4.502353023493,-10.60692173633,
    64.451483435765));
#534 = CARTESIAN_POINT('',(8.121549941329,-7.777825543309,
    65.159903741115));
#535 = CARTESIAN_POINT('',(10.045644385482,-3.864098541579,
    65.868203000835));
#536 = CARTESIAN_POINT('',(10.140058660988,0.187636539799,
    66.576541809187));
#537 = CARTESIAN_POINT('',(7.302783003281,7.037425472608,67.993208917379
    ));
#538 = CARTESIAN_POINT('',(4.371025599482,9.835675629843,68.701548495201
    ));
#539 = CARTESIAN_POINT('',(0.24298902134,11.242544596037,69.409845102976
    ));
#540 = CARTESIAN_POINT('',(-4.316448283226,10.683915032557,
    70.118271040071));
#541 = CARTESIAN_POINT('',(-8.218916551306,8.076535753452,
    70.826468395441));
#542 = CARTESIAN_POINT('',(-10.47965387682,4.07779866642,71.534930399042
    ));
#543 = CARTESIAN_POINT('',(-10.75974710232,-0.274344136591,
    72.243181996318));
#544 = CARTESIAN_POINT('',(-9.296371593334,-4.053782299569,
    72.951550133241));
#545 = CARTESIAN_POINT('',(-6.675088140254,-6.675088610383,
    73.659874424853));
#546 = CARTESIAN_POINT('',(-4.053798415606,-9.296387313705,
    74.368204234591));
#547 = CARTESIAN_POINT('',(-0.27428712024,-10.75968717629,75.07656373685
    ));
#548 = CARTESIAN_POINT('',(4.07770273548,-10.47978160224,75.784826141228
    ));
#549 = CARTESIAN_POINT('',(8.076625578623,-8.218747827263,
    76.493277230075));
#550 = CARTESIAN_POINT('',(10.683870641518,-4.316581933184,
    77.20148343575));
#551 = CARTESIAN_POINT('',(11.242556221819,0.243049852759,
    77.909903741129));
#552 = CARTESIAN_POINT('',(9.835673548279,4.371012984419,78.618203000826
    ));
#553 = CARTESIAN_POINT('',(7.037425171126,7.302783310507,79.326541809189
    ));
#554 = CARTESIAN_POINT('',(0.187636109377,10.140058656929,
    80.743208917378));
#555 = CARTESIAN_POINT('',(-3.864091093274,10.04565477755,81.4515484952)
  );
#556 = CARTESIAN_POINT('',(-7.777860336932,8.12149870639,82.159845102984
    ));
#557 = CARTESIAN_POINT('',(-10.60685862079,4.502478917426,
    82.868271040047));
#558 = CARTESIAN_POINT('',(-11.52262482728,-0.100678427642,
    83.576468395485));
#559 = CARTESIAN_POINT('',(-10.29367341004,-4.526795231514,
    84.284930398981));
#560 = CARTESIAN_POINT('',(-7.414299540583,-7.802280739184,
    84.99318199638));
#561 = CARTESIAN_POINT('',(-3.70707044059,-9.439984347626,
    85.701550133198));
#562 = CARTESIAN_POINT('',(3.324287803919E-07,-9.440000510388,
    86.409874424865));
#563 = CARTESIAN_POINT('',(3.707070160824,-9.440006859366,
    87.118204234549));
#564 = CARTESIAN_POINT('',(7.414297483118,-7.802198048422,
    87.826563736913));
#565 = CARTESIAN_POINT('',(10.293695892147,-4.526953380472,
    88.534826141165));
#566 = CARTESIAN_POINT('',(11.522569037355,-0.100495605704,
    89.243277230123));
#567 = CARTESIAN_POINT('',(10.606921736378,4.502353023404,
    89.951483435722));
#568 = CARTESIAN_POINT('',(7.777825543292,8.121549941381,90.659903741141
    ));
#569 = CARTESIAN_POINT('',(3.864098541582,10.045644385461,
    91.368203000824));
#570 = CARTESIAN_POINT('',(-0.187636539799,10.140058660992,
    92.076541809189));
#571 = CARTESIAN_POINT('',(-7.037425472608,7.302783003279,
    93.493208917378));
#572 = CARTESIAN_POINT('',(-9.835675629842,4.371025599486,94.2015484952)
  );
#573 = CARTESIAN_POINT('',(-11.24254459604,0.242989021325,94.90984510298
    ));
#574 = CARTESIAN_POINT('',(-10.68391503253,-4.316448283195,
    95.61827104006));
#575 = CARTESIAN_POINT('',(-8.076535753499,-8.218916551344,
    96.326468395461));
#576 = CARTESIAN_POINT('',(-4.077798666365,-10.4796538768,
    97.034930399015));
#577 = CARTESIAN_POINT('',(0.274344136548,-10.75974710231,
    97.743181996346));
#578 = CARTESIAN_POINT('',(4.053782299591,-9.296371593354,
    98.451550133224));
#579 = CARTESIAN_POINT('',(6.675088610379,-6.675088140255,
    99.159874424849));
#580 = CARTESIAN_POINT('',(9.29638731372,-4.053798415625,99.86820423457)
  );
#581 = CARTESIAN_POINT('',(10.759687176348,-0.274287120182,
    100.57656373687));
#582 = CARTESIAN_POINT('',(10.479781602093,4.077702735393,
    101.28482614122));
#583 = CARTESIAN_POINT('',(8.218747827451,8.076625578695,101.99327723005
    ));
#584 = CARTESIAN_POINT('',(4.316581933034,10.683870641493,
    102.70148343577));
#585 = CARTESIAN_POINT('',(-0.243049852681,11.242556221813,
    103.4099037411));
#586 = CARTESIAN_POINT('',(-4.371012984445,9.835673548288,
    104.11820300083));
#587 = CARTESIAN_POINT('',(-7.302783310503,7.037425171123,
    104.82654180918));
#588 = CARTESIAN_POINT('',(-10.14005865693,0.187636109378,
    106.24320891737));
#589 = CARTESIAN_POINT('',(-10.04565477754,-3.864091093281,
    106.9515484952));
#590 = CARTESIAN_POINT('',(-8.121498706394,-7.777860336904,
    107.65984510297));
#591 = CARTESIAN_POINT('',(-4.502478917432,-10.60685862085,
    108.36827104007));
#592 = CARTESIAN_POINT('',(0.100678427675,-11.52262482719,
    109.07646839543));
#593 = CARTESIAN_POINT('',(4.526795231446,-10.29367341013,
    109.78493039905));
#594 = CARTESIAN_POINT('',(7.802280739274,-7.414299540537,
    110.49318199631));
#595 = CARTESIAN_POINT('',(9.439984347546,-3.7070704406,111.20155013324)
  );
#596 = CARTESIAN_POINT('',(9.440000510428,3.324291015169E-07,
    111.90987442484));
#597 = CARTESIAN_POINT('',(7.575971386891,-3.374037160775E-15,12.));
#598 = CARTESIAN_POINT('',(7.575971386891,2.975055962485,12.708309751312
    ));
#599 = CARTESIAN_POINT('',(6.261591278372,5.950331450999,13.416733871481
    ));
#600 = CARTESIAN_POINT('',(3.63302748768,8.260963435447,14.124853967812)
  );
#601 = CARTESIAN_POINT('',(8.068232628279E-02,9.247479282521,
    14.833523045007));
#602 = CARTESIAN_POINT('',(-3.613334350409,8.51235099349,15.54150142297)
  );
#603 = CARTESIAN_POINT('',(-6.517859612653,6.242062920024,
    16.250076737953));
#604 = CARTESIAN_POINT('',(-8.062026578194,3.101081324666,16.9583137712)
  );
#605 = CARTESIAN_POINT('',(-8.137797305098,-0.150585221236,
    17.666663827707));
#606 = CARTESIAN_POINT('',(-5.860770843386,-5.647812497688,
    19.083331079518));
#607 = CARTESIAN_POINT('',(-3.507917126938,-7.893509698502,
    19.791681136023));
#608 = CARTESIAN_POINT('',(-0.195016679438,-9.022627772572,
    20.499918169272));
#609 = CARTESIAN_POINT('',(3.464128870161,-8.574153936975,
    21.208493484252));
#610 = CARTESIAN_POINT('',(6.59600707118,-6.481903534926,21.91647186222)
  );
#611 = CARTESIAN_POINT('',(8.410322011357,-3.272443929591,22.62514093941
    ));
#612 = CARTESIAN_POINT('',(8.635133348135,0.220094922472,23.333261035745
    ));
#613 = CARTESIAN_POINT('',(7.46070261506,3.253339349674,24.041685155912)
  );
#614 = CARTESIAN_POINT('',(5.357020128959,5.35702135454,24.749994907221)
  );
#615 = CARTESIAN_POINT('',(3.253339615697,7.460701867785,25.458319054723
    ));
#616 = CARTESIAN_POINT('',(0.220092338761,8.635134969158,26.166720608414
    ));
#617 = CARTESIAN_POINT('',(-3.272443078499,8.410319824042,
    26.874869035785));
#618 = CARTESIAN_POINT('',(-6.481905937627,6.596007977707,
    27.583509347928));
#619 = CARTESIAN_POINT('',(-8.574153148346,3.464126704603,
    28.291511270079));
#620 = CARTESIAN_POINT('',(-9.02262840071,-0.195017061142,
    29.000071332279));
#621 = CARTESIAN_POINT('',(-7.893509048484,-3.507918278612,
    29.708315838477));
#622 = CARTESIAN_POINT('',(-5.647811873352,-5.860771443361,
    30.416663444761));
#623 = CARTESIAN_POINT('',(-0.150584268344,-8.137797344334,
    31.833331262438));
#624 = CARTESIAN_POINT('',(3.101082215424,-8.062026192023,
    32.541680874664));
#625 = CARTESIAN_POINT('',(6.242063701512,-6.517858934449,
    33.249918467377));
#626 = CARTESIAN_POINT('',(8.512351373909,-3.613333343952,
    33.958493211369));
#627 = CARTESIAN_POINT('',(9.247479297271,8.068336034381E-02,
    34.66647206095));
#628 = CARTESIAN_POINT('',(8.260963006361,3.633028445993,35.375140827409
    ));
#629 = CARTESIAN_POINT('',(5.950330740242,6.261591953603,36.083261081464
    ));
#630 = CARTESIAN_POINT('',(2.975055094533,7.575971728517,36.791685144807
    ));
#631 = CARTESIAN_POINT('',(-8.666172414129E-07,7.575971386896,
    37.499994907222));
#632 = CARTESIAN_POINT('',(-2.975054379358,7.575971386883,
    38.208319054728));
#633 = CARTESIAN_POINT('',(-5.950333707927,6.261591278383,
    38.916720608416));
#634 = CARTESIAN_POINT('',(-8.260960871385,3.633027487667,39.62486903577
    ));
#635 = CARTESIAN_POINT('',(-9.247481613301,8.06823262948E-02,
    40.33350934795));
#636 = CARTESIAN_POINT('',(-8.512349317846,-3.613334350417,
    41.04151127006));
#637 = CARTESIAN_POINT('',(-6.242063839885,-6.517859612648,
    41.750071332292));
#638 = CARTESIAN_POINT('',(-3.101080972887,-8.062026578196,
    42.458315838472));
#639 = CARTESIAN_POINT('',(0.150585156072,-8.137797305098,
    43.166663444762));
#640 = CARTESIAN_POINT('',(5.647812528814,-5.860770843386,
    44.583331262437));
#641 = CARTESIAN_POINT('',(7.893509654028,-3.507917126938,
    45.291680874666));
#642 = CARTESIAN_POINT('',(9.022627823297,-0.195016679434,
    45.999918467375));
#643 = CARTESIAN_POINT('',(8.574153890544,3.46412887015,46.708493211368)
  );
#644 = CARTESIAN_POINT('',(6.481903568738,6.596007071195,47.416472060957
    ));
#645 = CARTESIAN_POINT('',(3.272443910536,8.410322011345,48.125140827394
    ));
#646 = CARTESIAN_POINT('',(-0.220094914692,8.635133348142,
    48.833261081485));
#647 = CARTESIAN_POINT('',(-3.253339351566,7.460702615059,
    49.541685144788));
#648 = CARTESIAN_POINT('',(-5.357021354539,5.357020128959,
    50.249994907228));
#649 = CARTESIAN_POINT('',(-7.46070186779,3.25333961569,50.958319054706)
  );
#650 = CARTESIAN_POINT('',(-8.635134969146,0.220092338778,
    51.666720608446));
#651 = CARTESIAN_POINT('',(-8.410319824061,-3.272443078522,
    52.374869035745));
#652 = CARTESIAN_POINT('',(-6.596007977687,-6.481905937606,
    53.083509347963));
#653 = CARTESIAN_POINT('',(-3.464126704617,-8.574153148358,
    53.791511270057));
#654 = CARTESIAN_POINT('',(0.195017061149,-9.022628400705,
    54.500071332291));
#655 = CARTESIAN_POINT('',(3.50791827861,-7.893509048485,55.208315838472
    ));
#656 = CARTESIAN_POINT('',(5.860771443361,-5.647811873352,
    55.916663444762));
#657 = CARTESIAN_POINT('',(8.137797344333,-0.150584268344,
    57.333331262437));
#658 = CARTESIAN_POINT('',(8.062026192022,3.101082215427,58.041680874666
    ));
#659 = CARTESIAN_POINT('',(6.517858934454,6.2420637015,58.749918467371)
  );
#660 = CARTESIAN_POINT('',(3.613333343939,8.512351373938,59.45849321138)
  );
#661 = CARTESIAN_POINT('',(-8.068336032392E-02,9.24747929723,
    60.16647206093));
#662 = CARTESIAN_POINT('',(-3.633028446011,8.260963006398,
    60.875140827444));
#663 = CARTESIAN_POINT('',(-6.261591953594,5.950330740217,
    61.583261081413));
#664 = CARTESIAN_POINT('',(-7.575971728519,2.975055094546,
    62.291685144859));
#665 = CARTESIAN_POINT('',(-7.575971386895,-8.666228229932E-07,
    62.999994907183));
#666 = CARTESIAN_POINT('',(-7.575971386889,-2.97505437935,
    63.708319054782));
#667 = CARTESIAN_POINT('',(-6.261591278361,-5.950333707946,
    64.416720608298));
#668 = CARTESIAN_POINT('',(-3.633027487703,-8.260960871354,
    65.12486903596));
#669 = CARTESIAN_POINT('',(-8.068232625904E-02,-9.247481613337,
    65.83350934774));
#670 = CARTESIAN_POINT('',(3.613334350395,-8.512349317816,
    66.541511270228));
#671 = CARTESIAN_POINT('',(6.517859612657,-6.242063839903,
    67.250071332192));
#672 = CARTESIAN_POINT('',(8.062026578194,-3.101080972879,
    67.958315838513));
#673 = CARTESIAN_POINT('',(8.137797305098,0.150585156071,68.666663444754
    ));
#674 = CARTESIAN_POINT('',(5.860770843386,5.647812528815,70.083331262441
    ));
#675 = CARTESIAN_POINT('',(3.507917126939,7.893509654025,70.791680874662
    ));
#676 = CARTESIAN_POINT('',(0.195016679434,9.022627823307,71.49991846737)
  );
#677 = CARTESIAN_POINT('',(-3.464128870157,8.574153890524,
    72.208493211394));
#678 = CARTESIAN_POINT('',(-6.596007071175,6.481903568761,
    72.916472060895));
#679 = CARTESIAN_POINT('',(-8.410322011373,3.272443910523,
    73.625140827503));
#680 = CARTESIAN_POINT('',(-8.635133348114,-0.220094914698,
    74.333261081344));
#681 = CARTESIAN_POINT('',(-7.460702615077,-3.253339351552,
    75.041685144908));
#682 = CARTESIAN_POINT('',(-5.357020128953,-5.357021354544,
    75.74999490718));
#683 = CARTESIAN_POINT('',(-3.253339615705,-7.460701867775,
    76.458319054829));
#684 = CARTESIAN_POINT('',(-0.220092338761,-8.635134969173,
    77.166720608273));
#685 = CARTESIAN_POINT('',(3.272443078509,-8.410319824028,
    77.874869035921));
#686 = CARTESIAN_POINT('',(6.481905937613,-6.596007977717,
    78.583509347821));
#687 = CARTESIAN_POINT('',(8.574153148355,-3.464126704598,
    79.291511270151));
#688 = CARTESIAN_POINT('',(9.022628400708,0.19501706114,80.000071332243)
  );
#689 = CARTESIAN_POINT('',(7.893509048484,3.507918278613,80.708315838489
    ));
#690 = CARTESIAN_POINT('',(5.647811873352,5.86077144336,81.416663444759)
  );
#691 = CARTESIAN_POINT('',(0.150584268343,8.137797344333,82.833331262438
    ));
#692 = CARTESIAN_POINT('',(-3.101082215425,8.062026192024,
    83.541680874663));
#693 = CARTESIAN_POINT('',(-6.242063701506,6.517858934443,
    84.249918467379));
#694 = CARTESIAN_POINT('',(-8.512351373925,3.613333343962,
    84.958493211364));
#695 = CARTESIAN_POINT('',(-9.247479297249,-8.068336035302E-02,
    85.666472060961));
#696 = CARTESIAN_POINT('',(-8.260963006377,-3.633028445987,
    86.375140827393));
#697 = CARTESIAN_POINT('',(-5.950330740235,-6.261591953605,
    87.083261081477));
#698 = CARTESIAN_POINT('',(-2.975055094534,-7.575971728518,
    87.791685144803));
#699 = CARTESIAN_POINT('',(8.666172374161E-07,-7.575971386896,
    88.499994907216));
#700 = CARTESIAN_POINT('',(2.975054379361,-7.575971386884,
    89.208319054725));
#701 = CARTESIAN_POINT('',(5.950333707925,-6.261591278374,
    89.916720608408));
#702 = CARTESIAN_POINT('',(8.260960871384,-3.633027487683,
    90.624869035803));
#703 = CARTESIAN_POINT('',(9.247481613307,-8.068232627782E-02,
    91.3335093479));
#704 = CARTESIAN_POINT('',(8.512349317838,3.613334350407,92.041511270107
    ));
#705 = CARTESIAN_POINT('',(6.242063839892,6.517859612652,92.750071332262
    ));
#706 = CARTESIAN_POINT('',(3.101080972883,8.062026578195,93.458315838485
    ));
#707 = CARTESIAN_POINT('',(-0.150585156072,8.137797305098,94.16666344476
    ));
#708 = CARTESIAN_POINT('',(-5.647812528815,5.860770843386,
    95.583331262438));
#709 = CARTESIAN_POINT('',(-7.893509654026,3.50791712694,96.291680874664
    ));
#710 = CARTESIAN_POINT('',(-9.022627823304,0.195016679428,
    96.999918467372));
#711 = CARTESIAN_POINT('',(-8.574153890529,-3.46412887014,
    97.708493211383));
#712 = CARTESIAN_POINT('',(-6.481903568757,-6.596007071203,
    98.416472060921));
#713 = CARTESIAN_POINT('',(-3.272443910522,-8.410322011346,
    99.125140827457));
#714 = CARTESIAN_POINT('',(0.22009491469,-8.635133348133,99.833261081404
    ));
#715 = CARTESIAN_POINT('',(3.253339351559,-7.460702615069,
    100.54168514486));
#716 = CARTESIAN_POINT('',(5.357021354544,-5.357020128953,
    101.24999490717));
#717 = CARTESIAN_POINT('',(7.460701867782,-3.253339615709,
    101.95831905479));
#718 = CARTESIAN_POINT('',(8.63513496916,-0.220092338731,102.66672060827
    ));
#719 = CARTESIAN_POINT('',(8.410319824041,3.27244307845,103.374869036));
#720 = CARTESIAN_POINT('',(6.596007977713,6.481905937679,104.08350934769
    ));
#721 = CARTESIAN_POINT('',(3.464126704593,8.574153148308,104.79151127026
    ));
#722 = CARTESIAN_POINT('',(-0.195017061133,9.02262840073,105.50007133217
    ));
#723 = CARTESIAN_POINT('',(-3.507918278617,7.893509048477,
    106.20831583852));
#724 = CARTESIAN_POINT('',(-5.860771443359,5.647811873353,
    106.91666344475));
#725 = CARTESIAN_POINT('',(-8.137797344334,0.150584268343,
    108.33333126244));
#726 = CARTESIAN_POINT('',(-8.062026192021,-3.101082215423,
    109.04168087466));
#727 = CARTESIAN_POINT('',(-6.517858934457,-6.242063701511,
    109.74991846736));
#728 = CARTESIAN_POINT('',(-3.613333343933,-8.512351373915,
    110.45849321139));
#729 = CARTESIAN_POINT('',(8.068336031344E-02,-9.247479297256,
    111.16647206088));
#730 = CARTESIAN_POINT('',(3.633028446022,-8.260963006383,
    111.87514082751));
#731 = CARTESIAN_POINT('',(6.261591953587,-5.950330740217,
    112.58326108132));
#732 = CARTESIAN_POINT('',(7.575971728522,-2.975055094554,
    113.29168514492));
#733 = CARTESIAN_POINT('',(7.575971386895,8.666267822671E-07,
    113.99999490715));
#734 = CARTESIAN_POINT('',(9.439996990397,-1.911665270526E-15,
    14.09012362157));
#735 = CARTESIAN_POINT('',(9.439980691166,3.70706938578,14.798447908951)
  );
#736 = CARTESIAN_POINT('',(7.802277593206,7.414297071062,15.506816067682
    ));
#737 = CARTESIAN_POINT('',(4.526793121238,10.293669681347,
    16.215067604312));
#738 = CARTESIAN_POINT('',(0.100678090531,11.522620622491,
    16.923529727419));
#739 = CARTESIAN_POINT('',(-4.502477757949,10.606854386214,
    17.631726901513));
#740 = CARTESIAN_POINT('',(-8.121495792528,7.777857282725,18.3401530579)
  );
#741 = CARTESIAN_POINT('',(-10.04565130759,3.864089182992,
    19.048449450957));
#742 = CARTESIAN_POINT('',(-10.14005477145,-0.187636315535,
    19.756789199225));
#743 = CARTESIAN_POINT('',(-7.302780544458,-7.037422973666,
    21.17345609035));
#744 = CARTESIAN_POINT('',(-4.371009902432,-9.835669119735,
    21.88179583863));
#745 = CARTESIAN_POINT('',(-0.243052257635,-11.24255443076,
    22.590092231611));
#746 = CARTESIAN_POINT('',(4.316585966883,-10.6838621474,23.298518388204
    ));
#747 = CARTESIAN_POINT('',(8.218737720774,-8.076628339888,
    24.006715561964));
#748 = CARTESIAN_POINT('',(10.479785897747,-4.077694176946,
    24.715177685426));
#749 = CARTESIAN_POINT('',(10.759676060316,0.274281526789,
    25.423429221805));
#750 = CARTESIAN_POINT('',(9.296388680838,4.05380134893,26.131797380649)
  );
#751 = CARTESIAN_POINT('',(6.675083162223,6.675083632351,26.840121668001
    ));
#752 = CARTESIAN_POINT('',(4.053785436268,9.296372379474,27.548451477701
    ));
#753 = CARTESIAN_POINT('',(0.274336563917,10.759737261614,
    28.256810980025));
#754 = CARTESIAN_POINT('',(-4.07778946224,10.479656416769,
    28.965073384324));
#755 = CARTESIAN_POINT('',(-8.076540345074,8.218907277719,
    29.673524473274));
#756 = CARTESIAN_POINT('',(-10.68390595123,4.31645046687,30.381730678827
    ));
#757 = CARTESIAN_POINT('',(-11.24254326742,-0.242991512987,
    31.090150984303));
#758 = CARTESIAN_POINT('',(-9.835670719676,-4.371023581703,
    31.798450243958));
#759 = CARTESIAN_POINT('',(-7.037422784222,-7.302780571095,
    32.506789052328));
#760 = CARTESIAN_POINT('',(-0.187636039905,-10.1400550703,
    33.923456160517));
#761 = CARTESIAN_POINT('',(3.864097449627,-10.04563919038,
    34.631795738373));
#762 = CARTESIAN_POINT('',(7.777822735767,-8.121550243472,
    35.340092345963));
#763 = CARTESIAN_POINT('',(10.606918436454,-4.50234428572,
    36.048518283526));
#764 = CARTESIAN_POINT('',(11.522563949755,0.100486594864,
    36.756715638197));
#765 = CARTESIAN_POINT('',(10.293692817859,4.526962419977,
    37.465177642463));
#766 = CARTESIAN_POINT('',(7.414293602546,7.802186253404,38.173429239342
    ));
#767 = CARTESIAN_POINT('',(3.70706904741,9.440009895264,38.881797376388)
  );
#768 = CARTESIAN_POINT('',(-3.324313619935E-07,9.439993470414,
    39.590121668002));
#769 = CARTESIAN_POINT('',(-3.707068778498,9.439987121424,
    40.298451477704));
#770 = CARTESIAN_POINT('',(-7.414297936813,7.802268426151,
    41.006810980022));
#771 = CARTESIAN_POINT('',(-10.29366869777,4.526803535786,
    41.715073384325));
#772 = CARTESIAN_POINT('',(-11.52262151657,0.100668623511,
    42.423524473276));
#773 = CARTESIAN_POINT('',(-10.60685374343,-4.502470951916,
    43.131730678823));
#774 = CARTESIAN_POINT('',(-7.777857635582,-8.12149952877,
    43.840150984306));
#775 = CARTESIAN_POINT('',(-3.864089048051,-10.04564987875,
    44.548450243956));
#776 = CARTESIAN_POINT('',(0.187636290538,-10.14005503613,
    45.256789052328));
#777 = CARTESIAN_POINT('',(7.037422985606,-7.302780418029,
    46.673456160517));
#778 = CARTESIAN_POINT('',(9.835669102675,-4.371010083077,
    47.381795738373));
#779 = CARTESIAN_POINT('',(11.242554450224,-0.24305205159,
    48.090092345964));
#780 = CARTESIAN_POINT('',(10.683862129603,4.316585778265,
    48.798518283524));
#781 = CARTESIAN_POINT('',(8.076628352846,8.218737858143,49.506715638202
    ));
#782 = CARTESIAN_POINT('',(4.077694169649,10.47978582032,50.215177642454
    ));
#783 = CARTESIAN_POINT('',(-0.274281523814,10.759676091931,
    50.923429239353));
#784 = CARTESIAN_POINT('',(-4.05380134965,9.296388673151,51.631797376381
    ));
#785 = CARTESIAN_POINT('',(-6.675083632353,6.675083162226,
    52.340121668004));
#786 = CARTESIAN_POINT('',(-9.296372379467,4.053785436256,
    53.048451477695));
#787 = CARTESIAN_POINT('',(-10.75973726162,0.274336563941,
    53.756810980036));
#788 = CARTESIAN_POINT('',(-10.47965641675,-4.077789462276,
    54.465073384308));
#789 = CARTESIAN_POINT('',(-8.21890727773,-8.076540345037,
    55.173524473289));
#790 = CARTESIAN_POINT('',(-4.316450466864,-10.68390595126,
    55.881730678815));
#791 = CARTESIAN_POINT('',(0.242991512983,-11.2425432674,56.590150984309
    ));
#792 = CARTESIAN_POINT('',(4.371023581705,-9.83567071968,57.298450243955
    ));
#793 = CARTESIAN_POINT('',(7.302780571094,-7.037422784221,
    58.006789052328));
#794 = CARTESIAN_POINT('',(10.140055070305,-0.187636039905,
    59.423456160517));
#795 = CARTESIAN_POINT('',(10.045639190387,3.864097449628,
    60.131795738374));
#796 = CARTESIAN_POINT('',(8.121550243473,7.777822735763,60.84009234596)
  );
#797 = CARTESIAN_POINT('',(4.502344285713,10.60691843646,61.548518283534
    ));
#798 = CARTESIAN_POINT('',(-0.100486594846,11.522563949753,
    62.256715638182));
#799 = CARTESIAN_POINT('',(-4.526962420006,10.293692817854,
    62.965177642484));
#800 = CARTESIAN_POINT('',(-7.802186253369,7.414293602549,
    63.673429239317));
#801 = CARTESIAN_POINT('',(-9.440009895298,3.707069047413,
    64.381797376412));
#802 = CARTESIAN_POINT('',(-9.439993470388,-3.324360715127E-07,
    65.090121667986));
#803 = CARTESIAN_POINT('',(-9.439987121469,-3.7070687785,65.798451477719
    ));
#804 = CARTESIAN_POINT('',(-7.802268426054,-7.414297936765,
    66.506810979993));
#805 = CARTESIAN_POINT('',(-4.526803535938,-10.29366869788,
    67.215073384372));
#806 = CARTESIAN_POINT('',(-0.100668623342,-11.52262151646,
    67.92352447322));
#807 = CARTESIAN_POINT('',(4.502470951779,-10.60685374351,
    68.631730678871));
#808 = CARTESIAN_POINT('',(8.121499528849,-7.777857635553,
    69.340150984275));
#809 = CARTESIAN_POINT('',(10.045649878723,-3.864089048055,
    70.04845024397));
#810 = CARTESIAN_POINT('',(10.140055036143,0.187636290538,
    70.756789052325));
#811 = CARTESIAN_POINT('',(7.302780418027,7.037422985606,72.173456160519
    ));
#812 = CARTESIAN_POINT('',(4.371010083087,9.83566910267,72.881795738373)
  );
#813 = CARTESIAN_POINT('',(0.24305205156,11.242554450251,73.590092345958
    ));
#814 = CARTESIAN_POINT('',(-4.316585778211,10.68386212953,
    74.298518283544));
#815 = CARTESIAN_POINT('',(-8.218737858198,8.076628352966,
    75.006715638161));
#816 = CARTESIAN_POINT('',(-10.4797858203,4.07769416952,75.715177642515)
  );
#817 = CARTESIAN_POINT('',(-10.75967609188,-0.274281523719,
    76.423429239286));
#818 = CARTESIAN_POINT('',(-9.296388673213,-4.053801349702,
    77.13179737643));
#819 = CARTESIAN_POINT('',(-6.675083162197,-6.675083632331,
    77.840121667987));
#820 = CARTESIAN_POINT('',(-4.053785436321,-9.29637237952,
    78.548451477743));
#821 = CARTESIAN_POINT('',(-0.274336563838,-10.75973726156,
    79.256810979965));
#822 = CARTESIAN_POINT('',(4.077789462151,-10.47965641679,
    79.965073384386));
#823 = CARTESIAN_POINT('',(8.07654034515,-8.218907277714,80.673524473224
    ));
#824 = CARTESIAN_POINT('',(10.683905951188,-4.316450466872,
    81.381730678858));
#825 = CARTESIAN_POINT('',(11.242543267444,0.242991512989,
    82.090150984288));
#826 = CARTESIAN_POINT('',(9.835670719669,4.3710235817,82.798450243962)
  );
#827 = CARTESIAN_POINT('',(7.037422784223,7.302780571096,83.506789052327
    ));
#828 = CARTESIAN_POINT('',(0.187636039904,10.140055070304,
    84.923456160518));
#829 = CARTESIAN_POINT('',(-3.864097449627,10.04563919039,
    85.631795738372));
#830 = CARTESIAN_POINT('',(-7.777822735757,8.121550243463,
    86.340092345967));
#831 = CARTESIAN_POINT('',(-10.60691843647,4.502344285737,
    87.048518283519));
#832 = CARTESIAN_POINT('',(-11.52256394972,-0.100486594885,
    87.756715638206));
#833 = CARTESIAN_POINT('',(-10.29369281788,-4.526962419958,
    88.465177642454));
#834 = CARTESIAN_POINT('',(-7.414293602539,-7.802186253416,
    89.173429239349));
#835 = CARTESIAN_POINT('',(-3.70706904741,-9.440009895262,
    89.881797376387));
#836 = CARTESIAN_POINT('',(3.324318649245E-07,-9.439993470411,
    90.590121667999));
#837 = CARTESIAN_POINT('',(3.707068778501,-9.439987121424,91.2984514777)
  );
#838 = CARTESIAN_POINT('',(7.414297936789,-7.802268426142,
    92.006810980028));
#839 = CARTESIAN_POINT('',(10.29366869783,-4.526803535812,
    92.715073384321));
#840 = CARTESIAN_POINT('',(11.522621516516,-0.100668623474,
    93.423524473275));
#841 = CARTESIAN_POINT('',(10.606853743479,4.502470951883,
    94.131730678827));
#842 = CARTESIAN_POINT('',(7.777857635567,8.121499528791,94.840150984301
    ));
#843 = CARTESIAN_POINT('',(3.864089048053,10.045649878745,
    95.548450243959));
#844 = CARTESIAN_POINT('',(-0.187636290538,10.140055036139,
    96.256789052328));
#845 = CARTESIAN_POINT('',(-7.037422985606,7.302780418029,
    97.673456160518));
#846 = CARTESIAN_POINT('',(-9.835669102672,4.371010083083,
    98.381795738373));
#847 = CARTESIAN_POINT('',(-11.24255445024,0.243052051567,
    99.090092345961));
#848 = CARTESIAN_POINT('',(-10.68386212955,-4.316585778221,
    99.798518283533));
#849 = CARTESIAN_POINT('',(-8.07662835292,-8.218737858193,
    100.50671563818));
#850 = CARTESIAN_POINT('',(-4.077694169569,-10.47978582029,
    101.21517764248));
#851 = CARTESIAN_POINT('',(0.274281523753,-10.75967609191,
    101.92342923931));
#852 = CARTESIAN_POINT('',(4.053801349686,-9.296388673187,
    102.63179737641));
#853 = CARTESIAN_POINT('',(6.675083632334,-6.675083162197,
    103.34012166798));
#854 = CARTESIAN_POINT('',(9.296372379511,-4.053785436308,
    104.04845147772));
#855 = CARTESIAN_POINT('',(10.759737261505,-0.274336563867,
    104.75681097998));
#856 = CARTESIAN_POINT('',(10.479656416954,4.077789462186,
    105.46507338438));
#857 = CARTESIAN_POINT('',(8.218907277519,8.076540345133,106.1735244732)
  );
#858 = CARTESIAN_POINT('',(4.316450467019,10.683905951176,
    106.88173067888));
#859 = CARTESIAN_POINT('',(-0.242991513062,11.242543267466,
    107.59015098426));
#860 = CARTESIAN_POINT('',(-4.371023581678,9.835670719655,
    108.29845024397));
#861 = CARTESIAN_POINT('',(-7.302780571098,7.037422784226,
    109.00678905232));
#862 = CARTESIAN_POINT('',(-10.1400550703,0.187636039903,110.42345616051
    ));
#863 = CARTESIAN_POINT('',(-10.04563919039,-3.864097449618,
    111.13179573837));
#864 = CARTESIAN_POINT('',(-8.121550243473,-7.777822735796,
    111.84009234595));
#865 = CARTESIAN_POINT('',(-4.502344285702,-10.60691843639,
    112.54851828355));
#866 = CARTESIAN_POINT('',(0.100486594814,-11.52256394984,
    113.25671563815));
#867 = CARTESIAN_POINT('',(4.526962420058,-10.29369281778,
    113.96517764252));
#868 = CARTESIAN_POINT('',(7.802186253311,-7.414293602578,
    114.67342923927));
#869 = CARTESIAN_POINT('',(9.440009895343,-3.707069047415,
    115.38179737643));
#870 = CARTESIAN_POINT('',(9.439993470369,3.324382437907E-07,
    116.09012166797));
#871 = CARTESIAN_POINT('',(11.7,-9.939965517347E-15,13.827697383128));
#872 = CARTESIAN_POINT('',(11.699985747225,4.594586306358,
    14.536039294497));
#873 = CARTESIAN_POINT('',(9.67019457692,9.1892545262,15.244339603825));
#874 = CARTESIAN_POINT('',(5.610536741331,12.758204576534,
    15.952750502802));
#875 = CARTESIAN_POINT('',(0.124793166701,14.281038115898,
    16.660961708246));
#876 = CARTESIAN_POINT('',(-5.580415067052,13.146341371221,
    17.369424157698));
#877 = CARTESIAN_POINT('',(-10.06583323615,9.639880988589,
    18.077669469463));
#878 = CARTESIAN_POINT('',(-12.45065445566,4.789190153472,
    18.786037832247));
#879 = CARTESIAN_POINT('',(-12.56765719915,-0.232558389192,
    19.494365082475));
#880 = CARTESIAN_POINT('',(-9.051119819793,-8.722231891162,
    20.911031536294));
#881 = CARTESIAN_POINT('',(-5.417461231392,-12.19040838317,
    21.619358786534));
#882 = CARTESIAN_POINT('',(-0.30124965426,-13.93405643096,
    22.327727149248));
#883 = CARTESIAN_POINT('',(5.350039408145,-13.24177383436,
    23.035972461199));
#884 = CARTESIAN_POINT('',(10.186306900971,-10.01006068043,
    23.74443491035));
#885 = CARTESIAN_POINT('',(12.988780341459,-5.054074699083,
    24.452646116114));
#886 = CARTESIAN_POINT('',(13.335585717756,0.340020950077,
    25.161057014864));
#887 = CARTESIAN_POINT('',(11.522020510972,5.024293797214,
    25.869357324295));
#888 = CARTESIAN_POINT('',(8.273147386289,8.273146940481,26.577699235639
    ));
#889 = CARTESIAN_POINT('',(5.024279696473,11.522006778817,
    27.286035910353));
#890 = CARTESIAN_POINT('',(0.340070883489,13.335638101509,
    27.994344428311));
#891 = CARTESIAN_POINT('',(-5.054158615866,12.988668646843,
    28.702745021771));
#892 = CARTESIAN_POINT('',(-10.00998205391,10.186454535313,
    29.410966690611));
#893 = CARTESIAN_POINT('',(-13.24181268978,5.349922435004,
    30.119420575774));
#894 = CARTESIAN_POINT('',(-13.93404623005,-0.301196269541,
    30.827671435797));
#895 = CARTESIAN_POINT('',(-12.19041023671,-5.417472387924,
    31.536037080268));
#896 = CARTESIAN_POINT('',(-8.722232162031,-9.051119423591,
    32.244365221772));
#897 = CARTESIAN_POINT('',(-0.232558814418,-12.56765743304,
    33.661031469756));
#898 = CARTESIAN_POINT('',(4.78919675938,-12.45064412984,34.369358881605
    ));
#899 = CARTESIAN_POINT('',(9.639850232786,-10.06588132467,
    35.077727040808));
#900 = CARTESIAN_POINT('',(13.146397113615,-5.580299056681,
    35.785972560467));
#901 = CARTESIAN_POINT('',(14.280988548431,0.124624991346,
    36.494434838055));
#902 = CARTESIAN_POINT('',(12.758225108131,5.610684113661,37.20264615686
    ));
#903 = CARTESIAN_POINT('',(9.189251990132,9.67011423321,37.911056998231)
  );
#904 = CARTESIAN_POINT('',(4.594586617332,11.70001104573,38.619357328335
    ));
#905 = CARTESIAN_POINT('',(3.15233071313E-07,11.699996921967,
    39.32769923564));
#906 = CARTESIAN_POINT('',(-4.594586882222,11.699991370135,
    40.036035910354));
#907 = CARTESIAN_POINT('',(-9.189253705242,9.670186560828,
    40.744344428301));
#908 = CARTESIAN_POINT('',(-12.75820550921,5.610545848288,41.45274502179
    ));
#909 = CARTESIAN_POINT('',(-14.28103726807,0.124784888304,42.16096669059
    ));
#910 = CARTESIAN_POINT('',(-13.14634198073,-5.580409115545,
    42.86942057579));
#911 = CARTESIAN_POINT('',(-9.639880653989,-10.06583650329,
    43.577671435788));
#912 = CARTESIAN_POINT('',(-4.789190281432,-12.45065320622,
    44.286037080271));
#913 = CARTESIAN_POINT('',(0.232558412895,-12.5676574306,44.994365221772
    ));
#914 = CARTESIAN_POINT('',(8.72223187984,-9.051119709238,46.411031469756
    ));
#915 = CARTESIAN_POINT('',(12.190408399349,-5.417461389356,
    47.119358881604));
#916 = CARTESIAN_POINT('',(13.934056412513,-0.301249474085,
    47.827727040811));
#917 = CARTESIAN_POINT('',(13.24177385126,5.350039243208,48.535972560462
    ));
#918 = CARTESIAN_POINT('',(10.010060668123,10.186307021095,
    49.244434838059));
#919 = CARTESIAN_POINT('',(5.05407470603,12.988780273752,49.952646156858
    ));
#920 = CARTESIAN_POINT('',(-0.340020952917,13.335585745401,
    50.661056998228));
#921 = CARTESIAN_POINT('',(-5.024293796521,11.522020504252,
    51.36935732834));
#922 = CARTESIAN_POINT('',(-8.273146940484,8.273147386291,
    52.077699235637));
#923 = CARTESIAN_POINT('',(-11.5220067788,5.024279696466,52.786035910362
    ));
#924 = CARTESIAN_POINT('',(-13.33563810152,0.340070883504,
    53.494344428294));
#925 = CARTESIAN_POINT('',(-12.98866864681,-5.054158615887,
    54.202745021791));
#926 = CARTESIAN_POINT('',(-10.18645453533,-10.00998205389,
    54.910966690596));
#927 = CARTESIAN_POINT('',(-5.349922434988,-13.24181268979,
    55.619420575783));
#928 = CARTESIAN_POINT('',(0.301196269533,-13.93404623004,
    56.327671435792));
#929 = CARTESIAN_POINT('',(5.417472387926,-12.19041023671,57.03603708027
    ));
#930 = CARTESIAN_POINT('',(9.051119423591,-8.72223216203,57.744365221772
    ));
#931 = CARTESIAN_POINT('',(12.56765743305,-0.232558814418,
    59.161031469756));
#932 = CARTESIAN_POINT('',(12.450644129844,4.789196759382,
    59.869358881605));
#933 = CARTESIAN_POINT('',(10.065881324675,9.639850232779,
    60.577727040807));
#934 = CARTESIAN_POINT('',(5.580299056681,13.146397113625,
    61.285972560471));
#935 = CARTESIAN_POINT('',(-0.12462499134,14.280988548425,
    61.994434838047));
#936 = CARTESIAN_POINT('',(-5.610684113676,12.758225108127,
    62.702646156864));
#937 = CARTESIAN_POINT('',(-9.670114233185,9.18925199014,63.411056998236
    ));
#938 = CARTESIAN_POINT('',(-11.70001104575,4.594586617326,
    64.119357328322));
#939 = CARTESIAN_POINT('',(-11.69999692194,3.152338700907E-07,
    64.827699235652));
#940 = CARTESIAN_POINT('',(-11.69999137017,-4.594586882232,
    65.536035910323));
#941 = CARTESIAN_POINT('',(-9.670186560755,-9.189253705183,
    66.244344428379));
#942 = CARTESIAN_POINT('',(-5.610545848399,-12.75820550932,
    66.952745021668));
#943 = CARTESIAN_POINT('',(-0.124784888179,-14.28103726794,
    67.660966690716));
#944 = CARTESIAN_POINT('',(5.580409115439,-13.14634198082,
    68.369420575698));
#945 = CARTESIAN_POINT('',(10.065836503356,-9.639880653949,
    69.077671435837));
#946 = CARTESIAN_POINT('',(12.450653206196,-4.789190281442,
    69.786037080254));
#947 = CARTESIAN_POINT('',(12.56765743061,0.232558412896,70.494365221775
    ));
#948 = CARTESIAN_POINT('',(9.051119709236,8.722231879839,71.911031469755
    ));
#949 = CARTESIAN_POINT('',(5.417461389367,12.190408399346,
    72.619358881607));
#950 = CARTESIAN_POINT('',(0.301249474051,13.934056412532,
    73.327727040803));
#951 = CARTESIAN_POINT('',(-5.350039243142,13.241773851206,
    74.035972560479));
#952 = CARTESIAN_POINT('',(-10.18630702117,10.010060668218,
    74.744434838038));
#953 = CARTESIAN_POINT('',(-12.98878027371,5.054074705921,
    75.452646156864));
#954 = CARTESIAN_POINT('',(-13.33558574538,-0.340020952827,
    76.16105699825));
#955 = CARTESIAN_POINT('',(-11.52202050429,-5.024293796575,
    76.869357328305));
#956 = CARTESIAN_POINT('',(-8.27314738627,-8.27314694046,77.577699235659
    ));
#957 = CARTESIAN_POINT('',(-5.024279696513,-11.52200677886,
    78.286035910317));
#958 = CARTESIAN_POINT('',(-0.340070883424,-13.33563810146,
    78.994344428346));
#959 = CARTESIAN_POINT('',(5.054158615786,-12.98866864687,
    79.702745021748));
#960 = CARTESIAN_POINT('',(10.009982053984,-10.1864545353,
    80.410966690626));
#961 = CARTESIAN_POINT('',(13.241812689736,-5.349922435007,
    81.119420575761));
#962 = CARTESIAN_POINT('',(13.934046230075,0.301196269545,
    81.827671435805));
#963 = CARTESIAN_POINT('',(12.190410236708,5.41747238792,82.536037080264
    ));
#964 = CARTESIAN_POINT('',(8.722232162032,9.051119423592,83.244365221773
    ));
#965 = CARTESIAN_POINT('',(0.232558814417,12.567657433049,
    84.661031469756));
#966 = CARTESIAN_POINT('',(-4.78919675938,12.450644129847,
    85.369358881605));
#967 = CARTESIAN_POINT('',(-9.639850232776,10.065881324668,
    86.077727040809));
#968 = CARTESIAN_POINT('',(-13.14639711363,5.580299056696,
    86.785972560465));
#969 = CARTESIAN_POINT('',(-14.28098854839,-0.124624991364,
    87.494434838054));
#970 = CARTESIAN_POINT('',(-12.75822510815,-5.610684113645,
    88.202646156864));
#971 = CARTESIAN_POINT('',(-9.189251990123,-9.670114233219,
    88.911056998226));
#972 = CARTESIAN_POINT('',(-4.594586617332,-11.70001104572,
    89.619357328337));
#973 = CARTESIAN_POINT('',(-3.152332680445E-07,-11.69999692196,
    90.327699235641));
#974 = CARTESIAN_POINT('',(4.594586882224,-11.69999137013,
    91.036035910351));
#975 = CARTESIAN_POINT('',(9.189253705221,-9.670186560826,
    91.744344428319));
#976 = CARTESIAN_POINT('',(12.758205509259,-5.610545848299,
    92.452745021754));
#977 = CARTESIAN_POINT('',(14.28103726802,-0.124784888286,
    93.160966690632));
#978 = CARTESIAN_POINT('',(13.146341980777,5.580409115526,
    93.869420575757));
#979 = CARTESIAN_POINT('',(9.639880653972,10.065836503306,
    94.577671435805));
#980 = CARTESIAN_POINT('',(4.789190281435,12.450653206215,
    95.286037080265));
#981 = CARTESIAN_POINT('',(-0.232558412895,12.567657430607,
    95.994365221773));
#982 = CARTESIAN_POINT('',(-8.72223187984,9.051119709238,97.411031469756
    ));
#983 = CARTESIAN_POINT('',(-12.19040839934,5.417461389362,
    98.119358881606));
#984 = CARTESIAN_POINT('',(-13.93405641252,0.301249474061,
    98.827727040804));
#985 = CARTESIAN_POINT('',(-13.24177385122,-5.350039243159,
    99.535972560476));
#986 = CARTESIAN_POINT('',(-10.01006066818,-10.18630702115,
    100.24443483804));
#987 = CARTESIAN_POINT('',(-5.054074705961,-12.98878027371,
    100.95264615686));
#988 = CARTESIAN_POINT('',(0.34002095286,-13.3355857454,101.66105699823)
  );
#989 = CARTESIAN_POINT('',(5.024293796556,-11.52202050427,
    102.36935732832));
#990 = CARTESIAN_POINT('',(8.273146940463,-8.273147386269,
    103.07769923565));
#991 = CARTESIAN_POINT('',(11.522006778853,-5.0242796965,103.78603591031
    ));
#992 = CARTESIAN_POINT('',(13.335638101412,-0.340070883467,
    104.49434442839));
#993 = CARTESIAN_POINT('',(12.988668647006,5.054158615854,
    105.20274502164));
#994 = CARTESIAN_POINT('',(10.186454535135,10.009982053927,
    105.91096669073));
#995 = CARTESIAN_POINT('',(5.349922435139,13.241812689757,
    106.61942057568));
#996 = CARTESIAN_POINT('',(-0.301196269612,13.93404623008,
    107.32767143584));
#997 = CARTESIAN_POINT('',(-5.417472387899,12.190410236701,
    108.03603708025));
#998 = CARTESIAN_POINT('',(-9.051119423595,8.722232162034,
    108.74436522177));
#999 = CARTESIAN_POINT('',(-12.56765743304,0.232558814416,
    110.16103146975));
#1000 = CARTESIAN_POINT('',(-12.45064412984,-4.789196759373,
    110.8693588816));
#1001 = CARTESIAN_POINT('',(-10.06588132467,-9.63985023281,
    111.5777270408));
#1002 = CARTESIAN_POINT('',(-5.58029905668,-13.14639711356,
    112.28597256047));
#1003 = CARTESIAN_POINT('',(0.124624991324,-14.28098854851,
    112.99443483804));
#1004 = CARTESIAN_POINT('',(5.61068411371,-12.75822510805,
    113.70264615686));
#1005 = CARTESIAN_POINT('',(9.670114233139,-9.189251990175,
    114.41105699825));
#1006 = CARTESIAN_POINT('',(11.700011045797,-4.594586617322,
    115.1193573283));
#1007 = CARTESIAN_POINT('',(11.699996921927,-3.152347857627E-07,
    115.82769923566));
#1008 = CARTESIAN_POINT('',(11.7,-7.521760991835E-15,12.));
#1009 = CARTESIAN_POINT('',(11.7,4.594586910741,12.708341911368));
#1010 = CARTESIAN_POINT('',(9.670155790119,9.189254327828,
    13.416642220703));
#1011 = CARTESIAN_POINT('',(5.610611363726,12.758216466537,
    14.12505311967));
#1012 = CARTESIAN_POINT('',(0.124709241056,14.28101517079,
    14.833264325112));
#1013 = CARTESIAN_POINT('',(-5.580357554562,13.146371099268,
    15.541726774584));
#1014 = CARTESIAN_POINT('',(-10.06585854481,9.639866957116,
    16.249972086327));
#1015 = CARTESIAN_POINT('',(-12.45065080442,4.789194304258,
    16.958340449121));
#1016 = CARTESIAN_POINT('',(-12.56765901547,-0.232558498174,
    17.666667699347));
#1017 = CARTESIAN_POINT('',(-9.051120839567,-8.722232978535,
    19.083334153166));
#1018 = CARTESIAN_POINT('',(-5.417468173477,-12.19041123699,
    19.791661403391));
#1019 = CARTESIAN_POINT('',(-0.301221915848,-13.9340521225,
    20.500029766189));
#1020 = CARTESIAN_POINT('',(5.3499791273,-13.24179696469,21.208275077925
    ));
#1021 = CARTESIAN_POINT('',(10.186385149741,-10.01002019395,
    21.916737527405));
#1022 = CARTESIAN_POINT('',(12.988722585112,-5.054120387363,
    22.62494873284));
#1023 = CARTESIAN_POINT('',(13.335616792712,0.340048325745,
    23.333359631811));
#1024 = CARTESIAN_POINT('',(11.522013036596,5.024285468115,
    24.041659941145));
#1025 = CARTESIAN_POINT('',(8.273149562787,8.273149116977,
    24.750001852514));
#1026 = CARTESIAN_POINT('',(5.024285371349,11.52201330842,
    25.458338527221));
#1027 = CARTESIAN_POINT('',(0.340049265574,13.335616203064,
    26.166647045193));
#1028 = CARTESIAN_POINT('',(-5.054120696944,12.988723380742,
    26.875047638636));
#1029 = CARTESIAN_POINT('',(-10.01001931996,10.186384820008,
    27.583269307478));
#1030 = CARTESIAN_POINT('',(-13.24179725155,5.349979915013,
    28.291723192661));
#1031 = CARTESIAN_POINT('',(-13.93405189401,-0.301221776994,
    28.99997405266));
#1032 = CARTESIAN_POINT('',(-12.19041147344,-5.417467754553,
    29.708339697142));
#1033 = CARTESIAN_POINT('',(-8.722233205639,-9.051120621324,
    30.416667838645));
#1034 = CARTESIAN_POINT('',(-0.232558844792,-12.5676590012,
    31.833334086628));
#1035 = CARTESIAN_POINT('',(4.789193980241,-12.45065094489,
    32.541661498463));
#1036 = CARTESIAN_POINT('',(9.639866672856,-10.06585879151,
    33.25002965775));
#1037 = CARTESIAN_POINT('',(13.146370960868,-5.580357920667,
    33.958275177192));
#1038 = CARTESIAN_POINT('',(14.281015165453,0.124708864921,
    34.666737455112));
#1039 = CARTESIAN_POINT('',(12.758216622596,5.610611015128,
    35.374948773584));
#1040 = CARTESIAN_POINT('',(9.189254586378,9.670155544506,
    36.083359615179));
#1041 = CARTESIAN_POINT('',(4.59458722646,11.699999875731,
    36.791659945185));
#1042 = CARTESIAN_POINT('',(3.152335558143E-07,11.699999999999,
    37.500001852514));
#1043 = CARTESIAN_POINT('',(-4.594587486605,11.700000000004,
    38.208338527221));
#1044 = CARTESIAN_POINT('',(-9.189253506868,9.670155790112,
    38.916647045185));
#1045 = CARTESIAN_POINT('',(-12.75821739921,5.610611363736,
    39.625047638653));
#1046 = CARTESIAN_POINT('',(-14.28101432296,0.124709241046,
    40.33326930746));
#1047 = CARTESIAN_POINT('',(-13.14637170878,-5.580357554555,
    41.041723192673));
#1048 = CARTESIAN_POINT('',(-9.639866622515,-10.06585854481,
    41.749974052655));
#1049 = CARTESIAN_POINT('',(-4.789194432218,-12.45065080442,
    42.458339697144));
#1050 = CARTESIAN_POINT('',(0.232558521878,-12.56765901547,
    43.166667838645));
#1051 = CARTESIAN_POINT('',(8.722232967212,-9.051120839567,
    44.583334086628));
#1052 = CARTESIAN_POINT('',(12.190411253172,-5.417468173477,
    45.291661498463));
#1053 = CARTESIAN_POINT('',(13.93405210405,-0.301221915845,
    46.00002965775));
#1054 = CARTESIAN_POINT('',(13.24179698159,5.349979127292,
    46.708275177191));
#1055 = CARTESIAN_POINT('',(10.010020181642,10.186385149752,
    47.416737455113));
#1056 = CARTESIAN_POINT('',(5.054120394301,12.988722585103,
    48.124948773586));
#1057 = CARTESIAN_POINT('',(-0.340048328577,13.335616792716,
    48.833359615175));
#1058 = CARTESIAN_POINT('',(-5.024285467428,11.522013036596,
    49.541659945191));
#1059 = CARTESIAN_POINT('',(-8.273149116978,8.273149562785,
    50.250001852511));
#1060 = CARTESIAN_POINT('',(-11.52201330841,5.02428537135,
    50.958338527229));
#1061 = CARTESIAN_POINT('',(-13.33561620306,0.340049265576,
    51.666647045178));
#1062 = CARTESIAN_POINT('',(-12.98872338073,-5.054120696947,
    52.375047638655));
#1063 = CARTESIAN_POINT('',(-10.18638482001,-10.01001931996,
    53.083269307464));
#1064 = CARTESIAN_POINT('',(-5.34997991501,-13.24179725155,
    53.791723192668));
#1065 = CARTESIAN_POINT('',(0.301221776992,-13.93405189401,
    54.499974052656));
#1066 = CARTESIAN_POINT('',(5.417467754554,-12.19041147344,
    55.208339697144));
#1067 = CARTESIAN_POINT('',(9.051120621324,-8.722233205639,
    55.916667838645));
#1068 = CARTESIAN_POINT('',(12.567659001201,-0.232558844792,
    57.333334086628));
#1069 = CARTESIAN_POINT('',(12.450650944899,4.789193980243,
    58.041661498463));
#1070 = CARTESIAN_POINT('',(10.065858791514,9.639866672841,
    58.750029657748));
#1071 = CARTESIAN_POINT('',(5.580357920667,13.146370960899,
    59.458275177198));
#1072 = CARTESIAN_POINT('',(-0.124708864921,14.281015165414,
    60.166737455102));
#1073 = CARTESIAN_POINT('',(-5.610611015127,12.758216622624,
    60.874948773591));
#1074 = CARTESIAN_POINT('',(-9.670155544508,9.189254586368,
    61.583359615183));
#1075 = CARTESIAN_POINT('',(-11.69999987572,4.594587226457,
    62.291659945173));
#1076 = CARTESIAN_POINT('',(-11.69999999999,3.152372626755E-07,
    63.000001852526));
#1077 = CARTESIAN_POINT('',(-11.7,-4.594587486613,63.70833852719));
#1078 = CARTESIAN_POINT('',(-9.670155790115,-9.189253506853,
    64.416647045262));
#1079 = CARTESIAN_POINT('',(-5.610611363728,-12.75821739923,
    65.125047638533));
#1080 = CARTESIAN_POINT('',(-0.124709241056,-14.28101432294,
    65.833269307583));
#1081 = CARTESIAN_POINT('',(5.580357554562,-13.1463717088,
    66.541723192585));
#1082 = CARTESIAN_POINT('',(10.065858544816,-9.639866622504,
    67.2499740527));
#1083 = CARTESIAN_POINT('',(12.450650804429,-4.789194432222,
    67.958339697128));
#1084 = CARTESIAN_POINT('',(12.567659015473,0.232558521878,
    68.666667838648));
#1085 = CARTESIAN_POINT('',(9.051120839567,8.722232967212,
    70.083334086627));
#1086 = CARTESIAN_POINT('',(5.41746817348,12.190411253172,
    70.791661498465));
#1087 = CARTESIAN_POINT('',(0.301221915833,13.93405210405,
    71.500029657743));
#1088 = CARTESIAN_POINT('',(-5.349979127267,13.24179698159,
    72.208275177207));
#1089 = CARTESIAN_POINT('',(-10.18638514978,10.010020181644,
    72.916737455093));
#1090 = CARTESIAN_POINT('',(-12.98872258507,5.054120394298,
    73.624948773591));
#1091 = CARTESIAN_POINT('',(-13.33561679273,-0.340048328572,
    74.333359615197));
#1092 = CARTESIAN_POINT('',(-11.52201303658,-5.024285467432,
    75.041659945155));
#1093 = CARTESIAN_POINT('',(-8.273149562787,-8.273149116975,
    75.750001852533));
#1094 = CARTESIAN_POINT('',(-5.024285371346,-11.52201330842,
    76.458338527184));
#1095 = CARTESIAN_POINT('',(-0.34004926558,-13.33561620306,
    77.166647045229));
#1096 = CARTESIAN_POINT('',(5.05412069695,-12.98872338074,
    77.875047638612));
#1097 = CARTESIAN_POINT('',(10.010019319961,-10.18638482001,
    78.583269307494));
#1098 = CARTESIAN_POINT('',(13.241797251559,-5.349979915011,
    79.291723192647));
#1099 = CARTESIAN_POINT('',(13.934051894017,0.301221776993,
    79.999974052669));
#1100 = CARTESIAN_POINT('',(12.19041147344,5.417467754553,
    80.708339697138));
#1101 = CARTESIAN_POINT('',(8.722233205639,9.051120621324,
    81.416667838646));
#1102 = CARTESIAN_POINT('',(0.232558844792,12.567659001201,
    82.833334086628));
#1103 = CARTESIAN_POINT('',(-4.789193980241,12.450650944901,
    83.541661498463));
#1104 = CARTESIAN_POINT('',(-9.639866672849,10.06585879151,
    84.250029657751));
#1105 = CARTESIAN_POINT('',(-13.14637096088,5.580357920674,
    84.95827517719));
#1106 = CARTESIAN_POINT('',(-14.28101516542,-0.124708864926,
    85.666737455112));
#1107 = CARTESIAN_POINT('',(-12.75821662261,-5.610611015127,
    86.374948773589));
#1108 = CARTESIAN_POINT('',(-9.189254586369,-9.670155544506,
    87.083359615174));
#1109 = CARTESIAN_POINT('',(-4.594587226461,-11.69999987573,
    87.791659945188));
#1110 = CARTESIAN_POINT('',(-3.15234619741E-07,-11.69999999999,
    88.500001852515));
#1111 = CARTESIAN_POINT('',(4.594587486607,-11.7,89.208338527218));
#1112 = CARTESIAN_POINT('',(9.189253506865,-9.670155790116,
    89.916647045202));
#1113 = CARTESIAN_POINT('',(12.758217399221,-5.610611363728,
    90.625047638619));
#1114 = CARTESIAN_POINT('',(14.28101432296,-0.124709241056,
    91.333269307499));
#1115 = CARTESIAN_POINT('',(13.14637170879,5.580357554563,
    92.041723192644));
#1116 = CARTESIAN_POINT('',(9.639866622513,10.065858544815,
    92.749974052668));
#1117 = CARTESIAN_POINT('',(4.789194432218,12.450650804429,
    93.45833969714));
#1118 = CARTESIAN_POINT('',(-0.232558521878,12.567659015473,
    94.166667838646));
#1119 = CARTESIAN_POINT('',(-8.722232967213,9.051120839567,
    95.583334086628));
#1120 = CARTESIAN_POINT('',(-12.19041125317,5.41746817348,
    96.291661498463));
#1121 = CARTESIAN_POINT('',(-13.93405210405,0.301221915831,
    97.000029657748));
#1122 = CARTESIAN_POINT('',(-13.24179698158,-5.349979127264,
    97.708275177198));
#1123 = CARTESIAN_POINT('',(-10.01002018165,-10.18638514978,
    98.416737455105));
#1124 = CARTESIAN_POINT('',(-5.054120394291,-12.98872258507,
    99.124948773587));
#1125 = CARTESIAN_POINT('',(0.340048328571,-13.33561679273,
    99.833359615186));
#1126 = CARTESIAN_POINT('',(5.02428546743,-11.52201303659,
    100.54165994517));
#1127 = CARTESIAN_POINT('',(8.273149116975,-8.273149562787,
    101.25000185252));
#1128 = CARTESIAN_POINT('',(11.522013308422,-5.024285371347,
    101.95833852718));
#1129 = CARTESIAN_POINT('',(13.335616203064,-0.340049265584,
    102.66664704528));
#1130 = CARTESIAN_POINT('',(12.988723380741,5.054120696963,
    103.3750476385));
#1131 = CARTESIAN_POINT('',(10.186384820008,10.010019319943,
    104.0832693076));
#1132 = CARTESIAN_POINT('',(5.349979915014,13.241797251574,
    104.79172319256));
#1133 = CARTESIAN_POINT('',(-0.301221776996,13.93405189401,
    105.4999740527));
#1134 = CARTESIAN_POINT('',(-5.417467754552,12.190411473442,
    106.20833969712));
#1135 = CARTESIAN_POINT('',(-9.051120621324,8.722233205639,
    106.91666783864));
#1136 = CARTESIAN_POINT('',(-12.5676590012,0.232558844792,
    108.33333408662));
#1137 = CARTESIAN_POINT('',(-12.4506509449,-4.78919398024,
    109.04166149846));
#1138 = CARTESIAN_POINT('',(-10.06585879151,-9.639866672854,
    109.75002965774));
#1139 = CARTESIAN_POINT('',(-5.580357920676,-13.14637096087,
    110.4582751772));
#1140 = CARTESIAN_POINT('',(0.124708864932,-14.28101516544,
    111.16673745509));
#1141 = CARTESIAN_POINT('',(5.610611015119,-12.75821662259,
    111.87494877359));
#1142 = CARTESIAN_POINT('',(9.670155544511,-9.189254586384,
    112.58335961519));
#1143 = CARTESIAN_POINT('',(11.69999987573,-4.594587226453,
    113.29165994515));
#1144 = CARTESIAN_POINT('',(11.699999999998,-3.152387806557E-07,
    114.00000185253));
#1145 = ADVANCED_FACE('',(#1146),#1149,.F.);
#1146 = FACE_BOUND('',#1147,.F.);
#1147 = EDGE_LOOP('',(#1148));
#1148 = ORIENTED_EDGE('',*,*,#176,.T.);
#1149 = PLANE('',#1150);
#1150 = AXIS2_PLACEMENT_3D('',#1151,#1152,#1153);
#1151 = CARTESIAN_POINT('',(10.600174265558,-6.776411102873E-15,12.));
#1152 = DIRECTION('',(1.076337761838E-15,1.,-5.468709542161E-16));
#1153 = DIRECTION('',(1.,-1.076337761838E-15,-3.909182636851E-47));
#1154 = ADVANCED_FACE('',(#1155),#1158,.T.);
#1155 = FACE_BOUND('',#1156,.T.);
#1156 = EDGE_LOOP('',(#1157));
#1157 = ORIENTED_EDGE('',*,*,#165,.T.);
#1158 = PLANE('',#1159);
#1159 = AXIS2_PLACEMENT_3D('',#1160,#1161,#1162);
#1160 = CARTESIAN_POINT('',(10.600174265558,-5.033683075359E-11,
    114.00000000029));
#1161 = DIRECTION('',(2.865803499118E-07,1.,-1.703664305554E-12));
#1162 = DIRECTION('',(1.,-2.865803499118E-07,-8.934843645444E-36));
#1163 = ( GEOMETRIC_REPRESENTATION_CONTEXT(3) 
GLOBAL_UNCERTAINTY_ASSIGNED_CONTEXT((#1167)) 
GLOBAL_UNIT_ASSIGNED_CONTEXT((#1164,#1165,#1166)) REPRESENTATION_CONTEXT
('Context #1','3D Context with UNIT and UNCERTAINTY') );
#1164 = ( LENGTH_UNIT() NAMED_UNIT(*) SI_UNIT(.MILLI.,.METRE.) );
#1165 = ( NAMED_UNIT(*) PLANE_ANGLE_UNIT() SI_UNIT($,.RADIAN.) );
#1166 = ( NAMED_UNIT(*) SI_UNIT($,.STERADIAN.) SOLID_ANGLE_UNIT() );
#1167 = UNCERTAINTY_MEASURE_WITH_UNIT(LENGTH_MEASURE(5.E-06),#1164,
  'distance_accuracy_value','confusion accuracy');
#1168 = PRODUCT_RELATED_PRODUCT_CATEGORY('part',$,(#7));
ENDSEC;
END-ISO-10303-21;
