ISO-10303-21;
HEADER;
FILE_DESCRIPTION(('FreeCAD Model'),'2;1');
FILE_NAME('Open CASCADE Shape Model','2026-09-13T17:49:09',('FreeCAD'),(
    'FreeCAD'),'Open CASCADE STEP processor 7.8','FreeCAD','Unknown');
FILE_SCHEMA(('AUTOMOTIVE_DESIGN { 1 0 10303 214 1 1 1 1 }'));
ENDSEC;
DATA;
#1 = APPLICATION_PROTOCOL_DEFINITION('international standard',
  'automotive_design',2000,#2);
#2 = APPLICATION_CONTEXT(
  'core data for automotive mechanical design processes');
#3 = SHAPE_DEFINITION_REPRESENTATION(#4,#10);
#4 = PRODUCT_DEFINITION_SHAPE('','',#5);
#5 = PRODUCT_DEFINITION('design','',#6,#9);
#6 = PRODUCT_DEFINITION_FORMATION('','',#7);
#7 = PRODUCT('Open CASCADE STEP translator 7.8 19',
  'Open CASCADE STEP translator 7.8 19','',(#8));
#8 = PRODUCT_CONTEXT('',#2,'mechanical');
#9 = PRODUCT_DEFINITION_CONTEXT('part definition',#2,'design');
#10 = ADVANCED_BREP_SHAPE_REPRESENTATION('',(#11,#15),#1163);
#11 = AXIS2_PLACEMENT_3D('',#12,#13,#14);
#12 = CARTESIAN_POINT('',(0.,0.,0.));
#13 = DIRECTION('',(0.,0.,1.));
#14 = DIRECTION('',(1.,0.,-0.));
#15 = MANIFOLD_SOLID_BREP('',#16);
#16 = CLOSED_SHELL('',(#17,#1145,#1154));
#17 = ADVANCED_FACE('',(#18),#185,.T.);
#18 = FACE_BOUND('',#19,.T.);
#19 = EDGE_LOOP('',(#20,#164,#174,#175));
#20 = ORIENTED_EDGE('',*,*,#21,.T.);
#21 = EDGE_CURVE('',#22,#24,#26,.T.);
#22 = VERTEX_POINT('',#23);
#23 = CARTESIAN_POINT('',(11.7,-5.405398351144E-15,12.));
#24 = VERTEX_POINT('',#25);
#25 = CARTESIAN_POINT('',(11.699999999998,-1.96033459663E-07,
    92.000001468814));
#26 = ( BOUNDED_CURVE() B_SPLINE_CURVE(9,(#27,#28,#29,#30,#31,#32,#33,
    #34,#35,#36,#37,#38,#39,#40,#41,#42,#43,#44,#45,#46,#47,#48,#49,#50,
    #51,#52,#53,#54,#55,#56,#57,#58,#59,#60,#61,#62,#63,#64,#65,#66,#67,
    #68,#69,#70,#71,#72,#73,#74,#75,#76,#77,#78,#79,#80,#81,#82,#83,#84,
    #85,#86,#87,#88,#89,#90,#91,#92,#93,#94,#95,#96,#97,#98,#99,#100,
    #101,#102,#103,#104,#105,#106,#107,#108,#109,#110,#111,#112,#113,
    #114,#115,#116,#117,#118,#119,#120,#121,#122,#123,#124,#125,#126,
    #127,#128,#129,#130,#131,#132,#133,#134,#135,#136,#137,#138,#139,
    #140,#141,#142,#143,#144,#145,#146,#147,#148,#149,#150,#151,#152,
    #153,#154,#155,#156,#157,#158,#159,#160,#161,#162,#163),
.UNSPECIFIED.,.F.,.F.) B_SPLINE_CURVE_WITH_KNOTS((10,8,9,8,9,8,9,8,9,8,9
    ,8,9,8,9,8,10),(0.,6.123007273402,12.246014546803,18.369021820205,
    24.492029093606,30.615036367008,36.73804364041,42.861050913811,
    48.984058187213,55.107065460614,61.230072734016,67.353080007417,
    73.476087280819,79.599094554221,85.722101827622,91.845109101024,
97.968116374425),.UNSPECIFIED.) CURVE() GEOMETRIC_REPRESENTATION_ITEM() 
RATIONAL_B_SPLINE_CURVE((1.669078461068,1.669078461068,1.669078461068,
    1.669078461068,1.669078461068,1.669078461068,1.669078461068,
    1.669078461068,1.669078461068,1.669078461068,1.669078461068,
    1.669078461068,1.669078461068,1.669078461068,1.669078461068,
    1.669078461068,1.669078461068,1.669078461068,1.669078461068,
    1.669078461068,1.669078461068,1.669078461068,1.669078461068,
    1.669078461068,1.669078461068,1.669078461068,1.669078461068,
    1.669078461068,1.669078461068,1.669078461068,1.669078461068,
    1.669078461068,1.669078461068,1.669078461068,1.669078461068,
    1.669078461068,1.669078461068,1.669078461068,1.669078461069,
    1.669078461068,1.669078461068,1.669078461068,1.669078461068,
    1.669078461068,1.669078461068,1.669078461068,1.669078461068,
    1.669078461068,1.669078461068,1.669078461068,1.669078461068,
    1.669078461068,1.669078461068,1.669078461068,1.669078461068,
    1.669078461068,1.669078461069,1.669078461068,1.669078461068,
    1.669078461068,1.669078461068,1.669078461068,1.669078461068,
    1.669078461068,1.669078461069,1.669078461068,1.669078461068,
    1.669078461068,1.669078461068,1.669078461068,1.669078461068,
    1.669078461068,1.669078461068,1.669078461068,1.669078461068,
    1.669078461068,1.669078461068,1.669078461068,1.669078461068,
    1.669078461068,1.669078461069,1.669078461068,1.669078461069,
    1.669078461068,1.669078461068,1.669078461068,1.669078461068,
    1.669078461068,1.669078461069,1.669078461068,1.669078461069,
    1.669078461068,1.669078461068,1.669078461068,1.669078461068,
    1.669078461068,1.669078461068,1.669078461068,1.669078461069,
    1.669078461068,1.669078461068,1.669078461068,1.669078461068,
    1.669078461068,1.669078461068,1.669078461068,1.669078461068,
    1.669078461068,1.669078461068,1.669078461068,1.669078461068,
    1.669078461068,1.669078461068,1.669078461069,1.669078461068,
    1.669078461069,1.669078461068,1.669078461068,1.669078461068,
    1.669078461068,1.669078461068,1.669078461068,1.669078461068,
    1.669078461068,1.669078461068,1.669078461068,1.669078461068,
    1.669078461068,1.669078461068,1.669078461068,1.669078461069,
    1.669078461068,1.669078461069,1.669078461068,1.669078461068,
1.669078461068,1.669078461068)) REPRESENTATION_ITEM('') );
#27 = CARTESIAN_POINT('',(11.7,-5.405398351144E-15,12.));
#28 = CARTESIAN_POINT('',(11.7,4.594587462673,12.555562357089));
#29 = CARTESIAN_POINT('',(9.670155728804,9.189252861127,13.11109172788)
  );
#30 = CARTESIAN_POINT('',(5.610611012612,12.758219228651,13.66670878531)
  );
#31 = CARTESIAN_POINT('',(0.124710019527,14.28101210188,14.22216750553)
  );
#32 = CARTESIAN_POINT('',(-5.580358649993,13.146373211447,14.77782543741
    ));
#33 = CARTESIAN_POINT('',(-10.06585800092,9.639866003701,15.333311200553
    ));
#34 = CARTESIAN_POINT('',(-12.45065097243,4.789194445703,15.888894531004
    ));
#35 = CARTESIAN_POINT('',(-12.56765901166,-0.232558568518,
    16.444445263258));
#36 = CARTESIAN_POINT('',(-9.051120797758,-8.722233018313,
    17.555556205601));
#37 = CARTESIAN_POINT('',(-5.417468068074,-12.190411511,18.111106937856)
  );
#38 = CARTESIAN_POINT('',(-0.301222063456,-13.93405106682,
    18.666690268307));
#39 = CARTESIAN_POINT('',(5.349979981119,-13.24179917831,19.222176031451
    ));
#40 = CARTESIAN_POINT('',(10.186383632174,-10.01001736966,19.77783396333
    ));
#41 = CARTESIAN_POINT('',(12.988724341409,-5.054122456431,20.33329268355
    ));
#42 = CARTESIAN_POINT('',(13.335615708789,0.340049455366,20.88890974098)
  );
#43 = CARTESIAN_POINT('',(11.522013375683,5.02428519522,21.444439111771)
  );
#44 = CARTESIAN_POINT('',(8.273149478503,8.273149201262,22.00000146886)
  );
#45 = CARTESIAN_POINT('',(5.024285135043,11.522013544725,22.555559673795
    ));
#46 = CARTESIAN_POINT('',(0.340050039833,13.335615342098,23.111095553217
    ));
#47 = CARTESIAN_POINT('',(-5.054122648959,12.9887248362,23.666704439406)
  );
#48 = CARTESIAN_POINT('',(-10.01001682613,10.186383427112,
    24.222171456036));
#49 = CARTESIAN_POINT('',(-13.24179935671,5.34998047099,24.777822597313)
  );
#50 = CARTESIAN_POINT('',(-13.93405092472,-0.301221977108,
    25.333312759652));
#51 = CARTESIAN_POINT('',(-12.19041165804,-5.417467807552,
    25.888893934762));
#52 = CARTESIAN_POINT('',(-8.722233159546,-9.051120662036,
    26.444445373707));
#53 = CARTESIAN_POINT('',(-0.232558784074,-12.56765900279,
    27.555556152844));
#54 = CARTESIAN_POINT('',(4.789194244203,-12.45065105979,28.111107013235
    ));
#55 = CARTESIAN_POINT('',(9.639865826919,-10.06585815434,28.666690182332
    ));
#56 = CARTESIAN_POINT('',(13.146373125393,-5.580358877661,29.22217611015
    ));
#57 = CARTESIAN_POINT('',(14.281012098542,0.124709785602,29.777833906017
    ));
#58 = CARTESIAN_POINT('',(12.758219325718,5.610610795837,30.333292715851
    ));
#59 = CARTESIAN_POINT('',(9.189253021906,9.670155576055,30.888909727791)
  );
#60 = CARTESIAN_POINT('',(4.594587659016,11.699999922721,31.444439114977
    ));
#61 = CARTESIAN_POINT('',(1.960390657585E-07,11.699999999999,
    32.000001468858));
#62 = CARTESIAN_POINT('',(-4.594587820795,11.700000000001,
    32.555559673801));
#63 = CARTESIAN_POINT('',(-9.189252350582,9.670155728803,33.111095553204
    ));
#64 = CARTESIAN_POINT('',(-12.75821980867,5.610611012612,33.666704439425
    ));
#65 = CARTESIAN_POINT('',(-14.28101157462,0.124710019527,34.222171456019
    ));
#66 = CARTESIAN_POINT('',(-13.14637359049,-5.580358649995,
    34.777822597323));
#67 = CARTESIAN_POINT('',(-9.639865795618,-10.06585800092,
    35.333312759647));
#68 = CARTESIAN_POINT('',(-4.789194525279,-12.45065097244,
    35.888893934764));
#69 = CARTESIAN_POINT('',(0.232558583259,-12.56765901166,36.444445373706
    ));
#70 = CARTESIAN_POINT('',(8.722233011272,-9.051120797758,37.555556152844
    ));
#71 = CARTESIAN_POINT('',(12.190411521064,-5.417468068072,
    38.111107013236));
#72 = CARTESIAN_POINT('',(13.934051055344,-0.301222063464,
    38.666690182329));
#73 = CARTESIAN_POINT('',(13.241799188826,5.349979981135,39.222176110154
    ));
#74 = CARTESIAN_POINT('',(10.010017362001,10.186383632155,
    39.777833906012));
#75 = CARTESIAN_POINT('',(5.054122460751,12.988724341422,40.333292715856
    ));
#76 = CARTESIAN_POINT('',(-0.340049457132,13.335615708785,
    40.888909727788));
#77 = CARTESIAN_POINT('',(-5.024285194792,11.522013375681,
    41.444439114978));
#78 = CARTESIAN_POINT('',(-8.273149201262,8.273149478503,42.000001468861
    ));
#79 = CARTESIAN_POINT('',(-11.52201354472,5.024285135043,42.55555967379)
  );
#80 = CARTESIAN_POINT('',(-13.33561534209,0.340050039833,43.111095553243
    ));
#81 = CARTESIAN_POINT('',(-12.9887248362,-5.05412264896,43.666704439359)
  );
#82 = CARTESIAN_POINT('',(-10.1863834271,-10.01001682613,44.222171456088
    ));
#83 = CARTESIAN_POINT('',(-5.349980470998,-13.24179935671,
    44.777822597274));
#84 = CARTESIAN_POINT('',(0.301221977113,-13.93405092472,45.333312759672
    ));
#85 = CARTESIAN_POINT('',(5.41746780755,-12.19041165804,45.888893934755)
  );
#86 = CARTESIAN_POINT('',(9.051120662037,-8.722233159546,46.444445373708
    ));
#87 = CARTESIAN_POINT('',(12.567659002793,-0.232558784073,
    47.555556152844));
#88 = CARTESIAN_POINT('',(12.450651059797,4.789194244203,48.111107013237
    ));
#89 = CARTESIAN_POINT('',(10.065858154341,9.639865826917,48.666690182327
    ));
#90 = CARTESIAN_POINT('',(5.580358877677,13.146373125398,49.222176110159
    ));
#91 = CARTESIAN_POINT('',(-0.124709785625,14.281012098538,
    49.777833906007));
#92 = CARTESIAN_POINT('',(-5.610610795817,12.758219325717,
    50.333292715856));
#93 = CARTESIAN_POINT('',(-9.670155576066,9.189253021911,50.888909727796
    ));
#94 = CARTESIAN_POINT('',(-11.69999992271,4.59458765901,51.444439114967)
  );
#95 = CARTESIAN_POINT('',(-11.69999999999,1.960405722097E-07,
    52.000001468869));
#96 = CARTESIAN_POINT('',(-11.7,-4.594587820797,52.55555967377));
#97 = CARTESIAN_POINT('',(-9.670155728804,-9.189252350578,
    53.111095553285));
#98 = CARTESIAN_POINT('',(-5.61061101261,-12.75821980868,53.666704439299
    ));
#99 = CARTESIAN_POINT('',(-0.124710019529,-14.28101157462,
    54.222171456147));
#100 = CARTESIAN_POINT('',(5.580358649994,-13.1463735905,54.777822597233
    ));
#101 = CARTESIAN_POINT('',(10.065858000929,-9.639865795612,
    55.333312759694));
#102 = CARTESIAN_POINT('',(12.450650972439,-4.789194525282,
    55.888893934747));
#103 = CARTESIAN_POINT('',(12.567659011668,0.232558583259,56.44444537371
    ));
#104 = CARTESIAN_POINT('',(9.051120797758,8.722233011272,57.555556152843
    ));
#105 = CARTESIAN_POINT('',(5.417468068074,12.190411521063,
    58.111107013238));
#106 = CARTESIAN_POINT('',(0.301222063453,13.934051055348,
    58.666690182324));
#107 = CARTESIAN_POINT('',(-5.349979981109,13.241799188816,
    59.222176110162));
#108 = CARTESIAN_POINT('',(-10.18638363218,10.010017362014,
    59.777833906004));
#109 = CARTESIAN_POINT('',(-12.98872434139,5.054122460741,
    60.333292715853));
#110 = CARTESIAN_POINT('',(-13.33561570879,-0.340049457126,
    60.888909727806));
#111 = CARTESIAN_POINT('',(-11.52201337568,-5.024285194794,
    61.444439114957));
#112 = CARTESIAN_POINT('',(-8.273149478503,-8.273149201261,
    62.000001468871));
#113 = CARTESIAN_POINT('',(-5.024285135042,-11.52201354472,
    62.555559673776));
#114 = CARTESIAN_POINT('',(-0.340050039835,-13.33561534209,
    63.111095553237));
#115 = CARTESIAN_POINT('',(5.05412264896,-12.9887248362,63.666704439388)
  );
#116 = CARTESIAN_POINT('',(10.01001682614,-10.18638342711,
    64.222171456051));
#117 = CARTESIAN_POINT('',(13.241799356712,-5.34998047099,
    64.777822597302));
#118 = CARTESIAN_POINT('',(13.93405092473,0.301221977108,65.333312759659
    ));
#119 = CARTESIAN_POINT('',(12.190411658045,5.417467807551,
    65.888893934759));
#120 = CARTESIAN_POINT('',(8.722233159546,9.051120662037,66.444445373707
    ));
#121 = CARTESIAN_POINT('',(0.232558784073,12.567659002793,
    67.555556152844));
#122 = CARTESIAN_POINT('',(-4.789194244202,12.450651059796,
    68.111107013236));
#123 = CARTESIAN_POINT('',(-9.639865826923,10.065858154348,
    68.66669018233));
#124 = CARTESIAN_POINT('',(-13.14637312538,5.580358877659,69.22217611015
    ));
#125 = CARTESIAN_POINT('',(-14.28101209855,-0.124709785599,
    69.777833906019));
#126 = CARTESIAN_POINT('',(-12.7582193257,-5.61061079584,70.333292715851
    ));
#127 = CARTESIAN_POINT('',(-9.189253021908,-9.670155576052,
    70.888909727786));
#128 = CARTESIAN_POINT('',(-4.594587659017,-11.69999992272,
    71.44443911499));
#129 = CARTESIAN_POINT('',(-1.96034896871E-07,-11.69999999999,
    72.000001468844));
#130 = CARTESIAN_POINT('',(4.594587820788,-11.7,72.555559673844));
#131 = CARTESIAN_POINT('',(9.189252350599,-9.670155728798,
    73.111095553084));
#132 = CARTESIAN_POINT('',(12.758219808647,-5.610611012621,
    73.666704439618));
#133 = CARTESIAN_POINT('',(14.28101157466,-0.124710019518,
    74.222171455818));
#134 = CARTESIAN_POINT('',(13.146373590473,5.580358649989,
    74.777822597468));
#135 = CARTESIAN_POINT('',(9.639865795631,10.06585800093,75.333312759572
    ));
#136 = CARTESIAN_POINT('',(4.789194525275,12.450650972439,
    75.888893934791));
#137 = CARTESIAN_POINT('',(-0.232558583258,12.567659011669,
    76.444445373702));
#138 = CARTESIAN_POINT('',(-8.722233011273,9.051120797758,
    77.555556152846));
#139 = CARTESIAN_POINT('',(-12.19041152106,5.417468068074,
    78.111107013232));
#140 = CARTESIAN_POINT('',(-13.93405105534,0.301222063458,
    78.666690182339));
#141 = CARTESIAN_POINT('',(-13.24179918881,-5.349979981129,
    79.222176110134));
#142 = CARTESIAN_POINT('',(-10.01001736201,-10.18638363215,
    79.777833906034));
#143 = CARTESIAN_POINT('',(-5.054122460745,-12.98872434142,
    80.333292715854));
#144 = CARTESIAN_POINT('',(0.340049457132,-13.33561570877,
    80.888909727759));
#145 = CARTESIAN_POINT('',(5.024285194787,-11.52201337569,
    81.444439115026));
#146 = CARTESIAN_POINT('',(8.273149201265,-8.273149478499,
    82.000001468822));
#147 = CARTESIAN_POINT('',(11.522013544718,-5.02428513505,
    82.555559673889));
#148 = CARTESIAN_POINT('',(13.335615342108,-0.340050039818,
    83.111095553015));
#149 = CARTESIAN_POINT('',(12.988724836186,5.054122648934,83.6667044397)
  );
#150 = CARTESIAN_POINT('',(10.18638342713,10.010016826167,
    84.222171455742));
#151 = CARTESIAN_POINT('',(5.349980470974,13.241799356692,
    84.777822597522));
#152 = CARTESIAN_POINT('',(-0.301221977098,13.93405092474,
    85.333312759543));
#153 = CARTESIAN_POINT('',(-5.417467807556,12.190411658041,
    85.888893934802));
#154 = CARTESIAN_POINT('',(-9.051120662036,8.722233159546,86.4444453737)
  );
#155 = CARTESIAN_POINT('',(-12.56765900279,0.232558784073,
    87.555556152847));
#156 = CARTESIAN_POINT('',(-12.45065105979,-4.789194244203,
    88.111107013231));
#157 = CARTESIAN_POINT('',(-10.06585815435,-9.639865826913,
    88.666690182342));
#158 = CARTESIAN_POINT('',(-5.58035887765,-13.14637312541,
    89.222176110129));
#159 = CARTESIAN_POINT('',(0.124709785585,-14.28101209851,
    89.777833906041));
#160 = CARTESIAN_POINT('',(5.610610795853,-12.75821932574,90.33329271585
    ));
#161 = CARTESIAN_POINT('',(9.670155576046,-9.189253021887,
    90.888909727752));
#162 = CARTESIAN_POINT('',(11.699999922722,-4.594587659026,
    91.444439115038));
#163 = CARTESIAN_POINT('',(11.699999999998,-1.96033459663E-07,
    92.000001468814));
#164 = ORIENTED_EDGE('',*,*,#165,.F.);
#165 = EDGE_CURVE('',#24,#24,#166,.T.);
#166 = ( BOUNDED_CURVE() B_SPLINE_CURVE(6,(#167,#168,#169,#170,#171,#172
,#173),.UNSPECIFIED.,.T.,.F.) B_SPLINE_CURVE_WITH_KNOTS((1,6,6,1),(
    -6.28318530718,0.,6.28318530718,12.566370614359),.UNSPECIFIED.) 
CURVE() GEOMETRIC_REPRESENTATION_ITEM() RATIONAL_B_SPLINE_CURVE((
    1.669078461068,1.03672962321,1.038346699848,0.853534330196,
1.038346699848,1.03672962321,1.669078461068)) REPRESENTATION_ITEM('') );
#167 = CARTESIAN_POINT('',(11.699999999998,-1.96033459663E-07,
    92.000001468814));
#168 = CARTESIAN_POINT('',(11.700002440497,-1.960268470845E-07,
    90.172304085688));
#169 = CARTESIAN_POINT('',(9.43999978131,2.067327389589E-07,
    89.909874829496));
#170 = CARTESIAN_POINT('',(7.575971386893,5.389160674836E-07,
    91.999995962058));
#171 = CARTESIAN_POINT('',(9.439994199485,2.067176141721E-07,
    94.090122072633));
#172 = CARTESIAN_POINT('',(11.6999975595,-1.960400695632E-07,
    93.827698851941));
#173 = CARTESIAN_POINT('',(11.699999999998,-1.96033459663E-07,
    92.000001468814));
#174 = ORIENTED_EDGE('',*,*,#21,.F.);
#175 = ORIENTED_EDGE('',*,*,#176,.T.);
#176 = EDGE_CURVE('',#22,#22,#177,.T.);
#177 = ( BOUNDED_CURVE() B_SPLINE_CURVE(6,(#178,#179,#180,#181,#182,#183
,#184),.UNSPECIFIED.,.T.,.F.) B_SPLINE_CURVE_WITH_KNOTS((1,6,6,1),(
    -6.28318530718,0.,6.28318530718,12.566370614359),.UNSPECIFIED.) 
CURVE() GEOMETRIC_REPRESENTATION_ITEM() RATIONAL_B_SPLINE_CURVE((
    1.669078461068,1.03672962321,1.038346699848,0.853534330196,
1.038346699848,1.03672962321,1.669078461068)) REPRESENTATION_ITEM('') );
#178 = CARTESIAN_POINT('',(11.7,-5.405398351144E-15,12.));
#179 = CARTESIAN_POINT('',(11.7,-1.330185961379E-14,10.172302616872));
#180 = CARTESIAN_POINT('',(9.439996990397,-9.259953914764E-15,
    9.90987637843));
#181 = CARTESIAN_POINT('',(7.575971386891,-4.413136522885E-15,12.));
#182 = CARTESIAN_POINT('',(9.439996990397,-7.549516567451E-15,
    14.09012362157));
#183 = CARTESIAN_POINT('',(11.7,-9.867107131356E-15,13.827697383128));
#184 = CARTESIAN_POINT('',(11.7,-5.405398351144E-15,12.));
#185 = ( BOUNDED_SURFACE() B_SPLINE_SURFACE(6,9,(
    (#186,#187,#188,#189,#190,#191,#192,#193,#194,#195,#196,#197,#198
      ,#199,#200,#201,#202,#203,#204,#205,#206,#207,#208,#209,#210,#211
      ,#212,#213,#214,#215,#216,#217,#218,#219,#220,#221,#222,#223,#224
      ,#225,#226,#227,#228,#229,#230,#231,#232,#233,#234,#235,#236,#237
      ,#238,#239,#240,#241,#242,#243,#244,#245,#246,#247,#248,#249,#250
      ,#251,#252,#253,#254,#255,#256,#257,#258,#259,#260,#261,#262,#263
      ,#264,#265,#266,#267,#268,#269,#270,#271,#272,#273,#274,#275,#276
      ,#277,#278,#279,#280,#281,#282,#283,#284,#285,#286,#287,#288,#289
      ,#290,#291,#292,#293,#294,#295,#296,#297,#298,#299,#300,#301,#302
      ,#303,#304,#305,#306,#307,#308,#309,#310,#311,#312,#313,#314,#315
      ,#316,#317,#318,#319,#320,#321,#322)
    ,(#323,#324,#325,#326,#327,#328,#329,#330,#331,#332,#333,#334,#335
      ,#336,#337,#338,#339,#340,#341,#342,#343,#344,#345,#346,#347,#348
      ,#349,#350,#351,#352,#353,#354,#355,#356,#357,#358,#359,#360,#361
      ,#362,#363,#364,#365,#366,#367,#368,#369,#370,#371,#372,#373,#374
      ,#375,#376,#377,#378,#379,#380,#381,#382,#383,#384,#385,#386,#387
      ,#388,#389,#390,#391,#392,#393,#394,#395,#396,#397,#398,#399,#400
      ,#401,#402,#403,#404,#405,#406,#407,#408,#409,#410,#411,#412,#413
      ,#414,#415,#416,#417,#418,#419,#420,#421,#422,#423,#424,#425,#426
      ,#427,#428,#429,#430,#431,#432,#433,#434,#435,#436,#437,#438,#439
      ,#440,#441,#442,#443,#444,#445,#446,#447,#448,#449,#450,#451,#452
      ,#453,#454,#455,#456,#457,#458,#459)
    ,(#460,#461,#462,#463,#464,#465,#466,#467,#468,#469,#470,#471,#472
      ,#473,#474,#475,#476,#477,#478,#479,#480,#481,#482,#483,#484,#485
      ,#486,#487,#488,#489,#490,#491,#492,#493,#494,#495,#496,#497,#498
      ,#499,#500,#501,#502,#503,#504,#505,#506,#507,#508,#509,#510,#511
      ,#512,#513,#514,#515,#516,#517,#518,#519,#520,#521,#522,#523,#524
      ,#525,#526,#527,#528,#529,#530,#531,#532,#533,#534,#535,#536,#537
      ,#538,#539,#540,#541,#542,#543,#544,#545,#546,#547,#548,#549,#550
      ,#551,#552,#553,#554,#555,#556,#557,#558,#559,#560,#561,#562,#563
      ,#564,#565,#566,#567,#568,#569,#570,#571,#572,#573,#574,#575,#576
      ,#577,#578,#579,#580,#581,#582,#583,#584,#585,#586,#587,#588,#589
      ,#590,#591,#592,#593,#594,#595,#596)
    ,(#597,#598,#599,#600,#601,#602,#603,#604,#605,#606,#607,#608,#609
      ,#610,#611,#612,#613,#614,#615,#616,#617,#618,#619,#620,#621,#622
      ,#623,#624,#625,#626,#627,#628,#629,#630,#631,#632,#633,#634,#635
      ,#636,#637,#638,#639,#640,#641,#642,#643,#644,#645,#646,#647,#648
      ,#649,#650,#651,#652,#653,#654,#655,#656,#657,#658,#659,#660,#661
      ,#662,#663,#664,#665,#666,#667,#668,#669,#670,#671,#672,#673,#674
      ,#675,#676,#677,#678,#679,#680,#681,#682,#683,#684,#685,#686,#687
      ,#688,#689,#690,#691,#692,#693,#694,#695,#696,#697,#698,#699,#700
      ,#701,#702,#703,#704,#705,#706,#707,#708,#709,#710,#711,#712,#713
      ,#714,#715,#716,#717,#718,#719,#720,#721,#722,#723,#724,#725,#726
      ,#727,#728,#729,#730,#731,#732,#733)
    ,(#734,#735,#736,#737,#738,#739,#740,#741,#742,#743,#744,#745,#746
      ,#747,#748,#749,#750,#751,#752,#753,#754,#755,#756,#757,#758,#759
      ,#760,#761,#762,#763,#764,#765,#766,#767,#768,#769,#770,#771,#772
      ,#773,#774,#775,#776,#777,#778,#779,#780,#781,#782,#783,#784,#785
      ,#786,#787,#788,#789,#790,#791,#792,#793,#794,#795,#796,#797,#798
      ,#799,#800,#801,#802,#803,#804,#805,#806,#807,#808,#809,#810,#811
      ,#812,#813,#814,#815,#816,#817,#818,#819,#820,#821,#822,#823,#824
      ,#825,#826,#827,#828,#829,#830,#831,#832,#833,#834,#835,#836,#837
      ,#838,#839,#840,#841,#842,#843,#844,#845,#846,#847,#848,#849,#850
      ,#851,#852,#853,#854,#855,#856,#857,#858,#859,#860,#861,#862,#863
      ,#864,#865,#866,#867,#868,#869,#870)
    ,(#871,#872,#873,#874,#875,#876,#877,#878,#879,#880,#881,#882,#883
      ,#884,#885,#886,#887,#888,#889,#890,#891,#892,#893,#894,#895,#896
      ,#897,#898,#899,#900,#901,#902,#903,#904,#905,#906,#907,#908,#909
      ,#910,#911,#912,#913,#914,#915,#916,#917,#918,#919,#920,#921,#922
      ,#923,#924,#925,#926,#927,#928,#929,#930,#931,#932,#933,#934,#935
      ,#936,#937,#938,#939,#940,#941,#942,#943,#944,#945,#946,#947,#948
      ,#949,#950,#951,#952,#953,#954,#955,#956,#957,#958,#959,#960,#961
      ,#962,#963,#964,#965,#966,#967,#968,#969,#970,#971,#972,#973,#974
      ,#975,#976,#977,#978,#979,#980,#981,#982,#983,#984,#985,#986,#987
      ,#988,#989,#990,#991,#992,#993,#994,#995,#996,#997,#998,#999,#1000
      ,#1001,#1002,#1003,#1004,#1005,#1006,#1007)
    ,(#1008,#1009,#1010,#1011,#1012,#1013,#1014,#1015,#1016,#1017,#1018
      ,#1019,#1020,#1021,#1022,#1023,#1024,#1025,#1026,#1027,#1028,#1029
      ,#1030,#1031,#1032,#1033,#1034,#1035,#1036,#1037,#1038,#1039,#1040
      ,#1041,#1042,#1043,#1044,#1045,#1046,#1047,#1048,#1049,#1050,#1051
      ,#1052,#1053,#1054,#1055,#1056,#1057,#1058,#1059,#1060,#1061,#1062
      ,#1063,#1064,#1065,#1066,#1067,#1068,#1069,#1070,#1071,#1072,#1073
      ,#1074,#1075,#1076,#1077,#1078,#1079,#1080,#1081,#1082,#1083,#1084
      ,#1085,#1086,#1087,#1088,#1089,#1090,#1091,#1092,#1093,#1094,#1095
      ,#1096,#1097,#1098,#1099,#1100,#1101,#1102,#1103,#1104,#1105,#1106
      ,#1107,#1108,#1109,#1110,#1111,#1112,#1113,#1114,#1115,#1116,#1117
      ,#1118,#1119,#1120,#1121,#1122,#1123,#1124,#1125,#1126,#1127,#1128
      ,#1129,#1130,#1131,#1132,#1133,#1134,#1135,#1136,#1137,#1138,#1139
      ,#1140,#1141,#1142,#1143,#1144
)),.UNSPECIFIED.,.T.,.F.,.F.) B_SPLINE_SURFACE_WITH_KNOTS((1,6,6,1),(10,
    8,9,8,9,8,9,8,9,8,9,8,9,8,9,8,10),(-6.28318530718,0.,6.28318530718,
    12.566370614359),(0.,6.123007273402,12.246014546803,18.369021820205,
    24.492029093606,30.615036367008,36.73804364041,42.861050913811,
    48.984058187213,55.107065460614,61.230072734016,67.353080007417,
    73.476087280819,79.599094554221,85.722101827622,91.845109101024,
97.968116374425),.UNSPECIFIED.) GEOMETRIC_REPRESENTATION_ITEM() 
RATIONAL_B_SPLINE_SURFACE((
    (1.669078461068,1.669078461068,1.669078461068,1.669078461068
      ,1.669078461068,1.669078461068,1.669078461068,1.669078461068
      ,1.669078461068,1.669078461068,1.669078461068,1.669078461068
      ,1.669078461068,1.669078461068,1.669078461068,1.669078461068
      ,1.669078461068,1.669078461068,1.669078461068,1.669078461068
      ,1.669078461068,1.669078461068,1.669078461068,1.669078461068
      ,1.669078461068,1.669078461068,1.669078461068,1.669078461068
      ,1.669078461068,1.669078461068,1.669078461068,1.669078461068
      ,1.669078461068,1.669078461068,1.669078461068,1.669078461068
      ,1.669078461068,1.669078461068,1.669078461069,1.669078461068
      ,1.669078461068,1.669078461068,1.669078461068,1.669078461068
      ,1.669078461068,1.669078461068,1.669078461068,1.669078461068
      ,1.669078461068,1.669078461068,1.669078461068,1.669078461068
      ,1.669078461068,1.669078461068,1.669078461068,1.669078461068
      ,1.669078461069,1.669078461068,1.669078461068,1.669078461068
      ,1.669078461068,1.669078461068,1.669078461068,1.669078461068
      ,1.669078461069,1.669078461068,1.669078461068,1.669078461068
      ,1.669078461068,1.669078461068,1.669078461068,1.669078461068
      ,1.669078461068,1.669078461068,1.669078461068,1.669078461068
      ,1.669078461068,1.669078461068,1.669078461068,1.669078461068
      ,1.669078461069,1.669078461068,1.669078461069,1.669078461068
      ,1.669078461068,1.669078461068,1.669078461068,1.669078461068
      ,1.669078461069,1.669078461068,1.669078461069,1.669078461068
      ,1.669078461068,1.669078461068,1.669078461068,1.669078461068
      ,1.669078461068,1.669078461068,1.669078461069,1.669078461068
      ,1.669078461068,1.669078461068,1.669078461068,1.669078461068
      ,1.669078461068,1.669078461068,1.669078461068,1.669078461068
      ,1.669078461068,1.669078461068,1.669078461068,1.669078461068
      ,1.669078461068,1.669078461069,1.669078461068,1.669078461069
      ,1.669078461068,1.669078461068,1.669078461068,1.669078461068
      ,1.669078461068,1.669078461068,1.669078461068,1.669078461068
      ,1.669078461068,1.669078461068,1.669078461068,1.669078461068
      ,1.669078461068,1.669078461068,1.669078461069,1.669078461068
      ,1.669078461069,1.669078461068,1.669078461068,1.669078461068
      ,1.669078461068)
    ,(1.03672962321,1.03672962321,1.03672962321,1.03672962321
      ,1.03672962321,1.03672962321,1.03672962321,1.03672962321
      ,1.03672962321,1.03672962321,1.03672962321,1.03672962321
      ,1.03672962321,1.03672962321,1.03672962321,1.03672962321
      ,1.03672962321,1.03672962321,1.03672962321,1.03672962321
      ,1.036729623209,1.03672962321,1.036729623209,1.03672962321
      ,1.03672962321,1.03672962321,1.03672962321,1.03672962321
      ,1.03672962321,1.03672962321,1.03672962321,1.03672962321
      ,1.03672962321,1.03672962321,1.03672962321,1.03672962321
      ,1.03672962321,1.036729623209,1.03672962321,1.036729623209
      ,1.03672962321,1.03672962321,1.03672962321,1.03672962321
      ,1.03672962321,1.03672962321,1.03672962321,1.03672962321
      ,1.03672962321,1.03672962321,1.03672962321,1.03672962321
      ,1.03672962321,1.03672962321,1.03672962321,1.036729623209
      ,1.03672962321,1.036729623209,1.03672962321,1.03672962321
      ,1.03672962321,1.03672962321,1.03672962321,1.036729623209
      ,1.03672962321,1.036729623209,1.03672962321,1.03672962321
      ,1.03672962321,1.03672962321,1.03672962321,1.03672962321
      ,1.036729623209,1.03672962321,1.036729623209,1.03672962321
      ,1.03672962321,1.03672962321,1.03672962321,1.036729623209
      ,1.03672962321,1.036729623209,1.03672962321,1.03672962321
      ,1.03672962321,1.03672962321,1.03672962321,1.03672962321
      ,1.03672962321,1.036729623209,1.03672962321,1.03672962321
      ,1.03672962321,1.03672962321,1.03672962321,1.03672962321
      ,1.03672962321,1.036729623209,1.03672962321,1.036729623209
      ,1.03672962321,1.03672962321,1.03672962321,1.03672962321
      ,1.03672962321,1.036729623209,1.03672962321,1.036729623209
      ,1.03672962321,1.03672962321,1.03672962321,1.03672962321
      ,1.03672962321,1.03672962321,1.036729623209,1.03672962321
      ,1.036729623209,1.03672962321,1.03672962321,1.03672962321
      ,1.03672962321,1.03672962321,1.03672962321,1.03672962321
      ,1.03672962321,1.03672962321,1.03672962321,1.03672962321
      ,1.03672962321,1.03672962321,1.03672962321,1.036729623209
      ,1.03672962321,1.036729623209,1.03672962321,1.03672962321
      ,1.03672962321)
    ,(1.038346699848,1.038346699848,1.038346699848,1.038346699848
      ,1.038346699848,1.038346699847,1.038346699848,1.038346699847
      ,1.038346699848,1.038346699848,1.038346699848,1.038346699847
      ,1.038346699848,1.038346699847,1.038346699848,1.038346699847
      ,1.038346699848,1.038346699848,1.038346699847,1.038346699848
      ,1.038346699847,1.038346699848,1.038346699847,1.038346699848
      ,1.038346699847,1.038346699848,1.038346699848,1.038346699848
      ,1.038346699847,1.038346699848,1.038346699847,1.038346699848
      ,1.038346699847,1.038346699848,1.038346699848,1.038346699847
      ,1.038346699848,1.038346699847,1.038346699848,1.038346699847
      ,1.038346699848,1.038346699847,1.038346699848,1.038346699848
      ,1.038346699848,1.038346699848,1.038346699847,1.038346699848
      ,1.038346699848,1.038346699847,1.038346699848,1.038346699848
      ,1.038346699848,1.038346699847,1.038346699848,1.038346699847
      ,1.038346699848,1.038346699847,1.038346699848,1.038346699847
      ,1.038346699848,1.038346699847,1.038346699848,1.038346699847
      ,1.038346699848,1.038346699847,1.038346699848,1.038346699848
      ,1.038346699848,1.038346699848,1.038346699847,1.038346699848
      ,1.038346699847,1.038346699848,1.038346699847,1.038346699848
      ,1.038346699848,1.038346699847,1.038346699848,1.038346699847
      ,1.038346699848,1.038346699847,1.038346699848,1.038346699847
      ,1.038346699848,1.038346699848,1.038346699848,1.038346699847
      ,1.038346699848,1.038346699847,1.038346699848,1.038346699847
      ,1.038346699848,1.038346699848,1.038346699848,1.038346699847
      ,1.038346699848,1.038346699847,1.038346699848,1.038346699847
      ,1.038346699848,1.038346699847,1.038346699848,1.038346699848
      ,1.038346699848,1.038346699847,1.038346699848,1.038346699847
      ,1.038346699848,1.038346699847,1.038346699848,1.038346699848
      ,1.038346699847,1.038346699848,1.038346699847,1.038346699848
      ,1.038346699847,1.038346699848,1.038346699847,1.038346699848
      ,1.038346699848,1.038346699848,1.038346699847,1.038346699848
      ,1.038346699847,1.038346699848,1.038346699847,1.038346699848
      ,1.038346699848,1.038346699847,1.038346699848,1.038346699847
      ,1.038346699848,1.038346699847,1.038346699848,1.038346699848
      ,1.038346699848)
    ,(0.853534330196,0.853534330196,0.853534330196,0.853534330196
      ,0.853534330196,0.853534330196,0.853534330196,0.853534330196
      ,0.853534330196,0.853534330196,0.853534330196,0.853534330196
      ,0.853534330196,0.853534330196,0.853534330196,0.853534330196
      ,0.853534330196,0.853534330196,0.853534330196,0.853534330196
      ,0.853534330196,0.853534330196,0.853534330196,0.853534330196
      ,0.853534330196,0.853534330196,0.853534330196,0.853534330196
      ,0.853534330196,0.853534330196,0.853534330196,0.853534330196
      ,0.853534330196,0.853534330196,0.853534330196,0.853534330196
      ,0.853534330196,0.853534330196,0.853534330196,0.853534330196
      ,0.853534330196,0.853534330196,0.853534330196,0.853534330196
      ,0.853534330196,0.853534330196,0.853534330196,0.853534330196
      ,0.853534330196,0.853534330196,0.853534330196,0.853534330196
      ,0.853534330196,0.853534330196,0.853534330196,0.853534330196
      ,0.853534330196,0.853534330196,0.853534330196,0.853534330196
      ,0.853534330196,0.853534330196,0.853534330196,0.853534330196
      ,0.853534330196,0.853534330196,0.853534330196,0.853534330196
      ,0.853534330196,0.853534330196,0.853534330196,0.853534330196
      ,0.853534330196,0.853534330196,0.853534330196,0.853534330196
      ,0.853534330196,0.853534330196,0.853534330196,0.853534330196
      ,0.853534330196,0.853534330196,0.853534330196,0.853534330196
      ,0.853534330196,0.853534330196,0.853534330196,0.853534330196
      ,0.853534330196,0.853534330196,0.853534330196,0.853534330196
      ,0.853534330196,0.853534330196,0.853534330196,0.853534330196
      ,0.853534330196,0.853534330196,0.853534330196,0.853534330196
      ,0.853534330196,0.853534330196,0.853534330196,0.853534330196
      ,0.853534330196,0.853534330196,0.853534330196,0.853534330196
      ,0.853534330196,0.853534330196,0.853534330196,0.853534330196
      ,0.853534330196,0.853534330196,0.853534330196,0.853534330196
      ,0.853534330196,0.853534330196,0.853534330196,0.853534330196
      ,0.853534330196,0.853534330196,0.853534330196,0.853534330196
      ,0.853534330196,0.853534330196,0.853534330196,0.853534330196
      ,0.853534330196,0.853534330196,0.853534330196,0.853534330196
      ,0.853534330196,0.853534330196,0.853534330196,0.853534330196
      ,0.853534330196)
    ,(1.038346699848,1.038346699848,1.038346699848,1.038346699848
      ,1.038346699848,1.038346699847,1.038346699848,1.038346699847
      ,1.038346699848,1.038346699848,1.038346699848,1.038346699847
      ,1.038346699848,1.038346699847,1.038346699848,1.038346699847
      ,1.038346699848,1.038346699848,1.038346699847,1.038346699848
      ,1.038346699847,1.038346699848,1.038346699847,1.038346699848
      ,1.038346699847,1.038346699848,1.038346699848,1.038346699848
      ,1.038346699847,1.038346699848,1.038346699847,1.038346699848
      ,1.038346699847,1.038346699848,1.038346699848,1.038346699847
      ,1.038346699848,1.038346699847,1.038346699848,1.038346699847
      ,1.038346699848,1.038346699847,1.038346699848,1.038346699848
      ,1.038346699848,1.038346699848,1.038346699847,1.038346699848
      ,1.038346699848,1.038346699847,1.038346699848,1.038346699848
      ,1.038346699848,1.038346699847,1.038346699848,1.038346699847
      ,1.038346699848,1.038346699847,1.038346699848,1.038346699847
      ,1.038346699848,1.038346699847,1.038346699848,1.038346699847
      ,1.038346699848,1.038346699847,1.038346699848,1.038346699848
      ,1.038346699848,1.038346699848,1.038346699847,1.038346699848
      ,1.038346699847,1.038346699848,1.038346699847,1.038346699848
      ,1.038346699848,1.038346699847,1.038346699848,1.038346699847
      ,1.038346699848,1.038346699847,1.038346699848,1.038346699847
      ,1.038346699848,1.038346699848,1.038346699848,1.038346699847
      ,1.038346699848,1.038346699847,1.038346699848,1.038346699847
      ,1.038346699848,1.038346699848,1.038346699848,1.038346699847
      ,1.038346699848,1.038346699847,1.038346699848,1.038346699847
      ,1.038346699848,1.038346699847,1.038346699848,1.038346699848
      ,1.038346699848,1.038346699847,1.038346699848,1.038346699847
      ,1.038346699848,1.038346699847,1.038346699848,1.038346699848
      ,1.038346699847,1.038346699848,1.038346699847,1.038346699848
      ,1.038346699847,1.038346699848,1.038346699847,1.038346699848
      ,1.038346699848,1.038346699848,1.038346699847,1.038346699848
      ,1.038346699847,1.038346699848,1.038346699847,1.038346699848
      ,1.038346699848,1.038346699847,1.038346699848,1.038346699847
      ,1.038346699848,1.038346699847,1.038346699848,1.038346699848
      ,1.038346699848)
    ,(1.03672962321,1.03672962321,1.03672962321,1.03672962321
      ,1.03672962321,1.03672962321,1.03672962321,1.03672962321
      ,1.03672962321,1.03672962321,1.03672962321,1.03672962321
      ,1.03672962321,1.03672962321,1.03672962321,1.03672962321
      ,1.03672962321,1.03672962321,1.03672962321,1.03672962321
      ,1.036729623209,1.03672962321,1.036729623209,1.03672962321
      ,1.03672962321,1.03672962321,1.03672962321,1.03672962321
      ,1.03672962321,1.03672962321,1.03672962321,1.03672962321
      ,1.03672962321,1.03672962321,1.03672962321,1.03672962321
      ,1.03672962321,1.036729623209,1.03672962321,1.036729623209
      ,1.03672962321,1.03672962321,1.03672962321,1.03672962321
      ,1.03672962321,1.03672962321,1.03672962321,1.03672962321
      ,1.03672962321,1.03672962321,1.03672962321,1.03672962321
      ,1.03672962321,1.03672962321,1.03672962321,1.036729623209
      ,1.03672962321,1.036729623209,1.03672962321,1.03672962321
      ,1.03672962321,1.03672962321,1.03672962321,1.036729623209
      ,1.03672962321,1.036729623209,1.03672962321,1.03672962321
      ,1.03672962321,1.03672962321,1.03672962321,1.03672962321
      ,1.036729623209,1.03672962321,1.03672962321,1.03672962321
      ,1.03672962321,1.03672962321,1.03672962321,1.036729623209
      ,1.03672962321,1.036729623209,1.03672962321,1.03672962321
      ,1.03672962321,1.03672962321,1.03672962321,1.03672962321
      ,1.03672962321,1.036729623209,1.03672962321,1.03672962321
      ,1.03672962321,1.03672962321,1.03672962321,1.03672962321
      ,1.03672962321,1.036729623209,1.03672962321,1.03672962321
      ,1.03672962321,1.03672962321,1.03672962321,1.03672962321
      ,1.03672962321,1.036729623209,1.03672962321,1.036729623209
      ,1.03672962321,1.03672962321,1.03672962321,1.03672962321
      ,1.03672962321,1.03672962321,1.036729623209,1.03672962321
      ,1.036729623209,1.03672962321,1.03672962321,1.03672962321
      ,1.03672962321,1.03672962321,1.03672962321,1.03672962321
      ,1.036729623209,1.03672962321,1.03672962321,1.03672962321
      ,1.03672962321,1.03672962321,1.03672962321,1.036729623209
      ,1.03672962321,1.036729623209,1.03672962321,1.03672962321
      ,1.03672962321)
    ,(1.669078461068,1.669078461068,1.669078461068,1.669078461068
      ,1.669078461068,1.669078461068,1.669078461068,1.669078461068
      ,1.669078461068,1.669078461068,1.669078461068,1.669078461068
      ,1.669078461068,1.669078461068,1.669078461068,1.669078461068
      ,1.669078461068,1.669078461068,1.669078461068,1.669078461068
      ,1.669078461068,1.669078461068,1.669078461068,1.669078461068
      ,1.669078461068,1.669078461068,1.669078461068,1.669078461068
      ,1.669078461068,1.669078461068,1.669078461068,1.669078461068
      ,1.669078461068,1.669078461068,1.669078461068,1.669078461068
      ,1.669078461068,1.669078461068,1.669078461069,1.669078461068
      ,1.669078461068,1.669078461068,1.669078461068,1.669078461068
      ,1.669078461068,1.669078461068,1.669078461068,1.669078461068
      ,1.669078461068,1.669078461068,1.669078461068,1.669078461068
      ,1.669078461068,1.669078461068,1.669078461068,1.669078461068
      ,1.669078461069,1.669078461068,1.669078461068,1.669078461068
      ,1.669078461068,1.669078461068,1.669078461068,1.669078461068
      ,1.669078461069,1.669078461068,1.669078461068,1.669078461068
      ,1.669078461068,1.669078461068,1.669078461068,1.669078461068
      ,1.669078461068,1.669078461068,1.669078461068,1.669078461068
      ,1.669078461068,1.669078461068,1.669078461068,1.669078461068
      ,1.669078461069,1.669078461068,1.669078461069,1.669078461068
      ,1.669078461068,1.669078461068,1.669078461068,1.669078461068
      ,1.669078461069,1.669078461068,1.669078461069,1.669078461068
      ,1.669078461068,1.669078461068,1.669078461068,1.669078461068
      ,1.669078461068,1.669078461068,1.669078461069,1.669078461068
      ,1.669078461068,1.669078461068,1.669078461068,1.669078461068
      ,1.669078461068,1.669078461068,1.669078461068,1.669078461068
      ,1.669078461068,1.669078461068,1.669078461068,1.669078461068
      ,1.669078461068,1.669078461069,1.669078461068,1.669078461069
      ,1.669078461068,1.669078461068,1.669078461068,1.669078461068
      ,1.669078461068,1.669078461068,1.669078461068,1.669078461068
      ,1.669078461068,1.669078461068,1.669078461068,1.669078461068
      ,1.669078461068,1.669078461068,1.669078461069,1.669078461068
      ,1.669078461069,1.669078461068,1.669078461068,1.669078461068
,1.669078461068))) REPRESENTATION_ITEM('') SURFACE() );
#186 = CARTESIAN_POINT('',(11.7,-5.405398351144E-15,12.));
#187 = CARTESIAN_POINT('',(11.7,4.594587462673,12.555562357089));
#188 = CARTESIAN_POINT('',(9.670155728804,9.189252861127,13.11109172788)
  );
#189 = CARTESIAN_POINT('',(5.610611012612,12.758219228651,13.66670878531
    ));
#190 = CARTESIAN_POINT('',(0.124710019527,14.28101210188,14.22216750553)
  );
#191 = CARTESIAN_POINT('',(-5.580358649993,13.146373211447,
    14.77782543741));
#192 = CARTESIAN_POINT('',(-10.06585800092,9.639866003701,
    15.333311200553));
#193 = CARTESIAN_POINT('',(-12.45065097243,4.789194445703,
    15.888894531004));
#194 = CARTESIAN_POINT('',(-12.56765901166,-0.232558568518,
    16.444445263258));
#195 = CARTESIAN_POINT('',(-9.051120797758,-8.722233018313,
    17.555556205601));
#196 = CARTESIAN_POINT('',(-5.417468068074,-12.190411511,18.111106937856
    ));
#197 = CARTESIAN_POINT('',(-0.301222063456,-13.93405106682,
    18.666690268307));
#198 = CARTESIAN_POINT('',(5.349979981119,-13.24179917831,
    19.222176031451));
#199 = CARTESIAN_POINT('',(10.186383632174,-10.01001736966,
    19.77783396333));
#200 = CARTESIAN_POINT('',(12.988724341409,-5.054122456431,
    20.33329268355));
#201 = CARTESIAN_POINT('',(13.335615708789,0.340049455366,20.88890974098
    ));
#202 = CARTESIAN_POINT('',(11.522013375683,5.02428519522,21.444439111771
    ));
#203 = CARTESIAN_POINT('',(8.273149478503,8.273149201262,22.00000146886)
  );
#204 = CARTESIAN_POINT('',(5.024285135043,11.522013544725,
    22.555559673795));
#205 = CARTESIAN_POINT('',(0.340050039833,13.335615342098,
    23.111095553217));
#206 = CARTESIAN_POINT('',(-5.054122648959,12.9887248362,23.666704439406
    ));
#207 = CARTESIAN_POINT('',(-10.01001682613,10.186383427112,
    24.222171456036));
#208 = CARTESIAN_POINT('',(-13.24179935671,5.34998047099,24.777822597313
    ));
#209 = CARTESIAN_POINT('',(-13.93405092472,-0.301221977108,
    25.333312759652));
#210 = CARTESIAN_POINT('',(-12.19041165804,-5.417467807552,
    25.888893934762));
#211 = CARTESIAN_POINT('',(-8.722233159546,-9.051120662036,
    26.444445373707));
#212 = CARTESIAN_POINT('',(-0.232558784074,-12.56765900279,
    27.555556152844));
#213 = CARTESIAN_POINT('',(4.789194244203,-12.45065105979,
    28.111107013235));
#214 = CARTESIAN_POINT('',(9.639865826919,-10.06585815434,
    28.666690182332));
#215 = CARTESIAN_POINT('',(13.146373125393,-5.580358877661,
    29.22217611015));
#216 = CARTESIAN_POINT('',(14.281012098542,0.124709785602,
    29.777833906017));
#217 = CARTESIAN_POINT('',(12.758219325718,5.610610795837,
    30.333292715851));
#218 = CARTESIAN_POINT('',(9.189253021906,9.670155576055,30.888909727791
    ));
#219 = CARTESIAN_POINT('',(4.594587659016,11.699999922721,
    31.444439114977));
#220 = CARTESIAN_POINT('',(1.960390657585E-07,11.699999999999,
    32.000001468858));
#221 = CARTESIAN_POINT('',(-4.594587820795,11.700000000001,
    32.555559673801));
#222 = CARTESIAN_POINT('',(-9.189252350582,9.670155728803,
    33.111095553204));
#223 = CARTESIAN_POINT('',(-12.75821980867,5.610611012612,
    33.666704439425));
#224 = CARTESIAN_POINT('',(-14.28101157462,0.124710019527,
    34.222171456019));
#225 = CARTESIAN_POINT('',(-13.14637359049,-5.580358649995,
    34.777822597323));
#226 = CARTESIAN_POINT('',(-9.639865795618,-10.06585800092,
    35.333312759647));
#227 = CARTESIAN_POINT('',(-4.789194525279,-12.45065097244,
    35.888893934764));
#228 = CARTESIAN_POINT('',(0.232558583259,-12.56765901166,
    36.444445373706));
#229 = CARTESIAN_POINT('',(8.722233011272,-9.051120797758,
    37.555556152844));
#230 = CARTESIAN_POINT('',(12.190411521064,-5.417468068072,
    38.111107013236));
#231 = CARTESIAN_POINT('',(13.934051055344,-0.301222063464,
    38.666690182329));
#232 = CARTESIAN_POINT('',(13.241799188826,5.349979981135,
    39.222176110154));
#233 = CARTESIAN_POINT('',(10.010017362001,10.186383632155,
    39.777833906012));
#234 = CARTESIAN_POINT('',(5.054122460751,12.988724341422,
    40.333292715856));
#235 = CARTESIAN_POINT('',(-0.340049457132,13.335615708785,
    40.888909727788));
#236 = CARTESIAN_POINT('',(-5.024285194792,11.522013375681,
    41.444439114978));
#237 = CARTESIAN_POINT('',(-8.273149201262,8.273149478503,
    42.000001468861));
#238 = CARTESIAN_POINT('',(-11.52201354472,5.024285135043,42.55555967379
    ));
#239 = CARTESIAN_POINT('',(-13.33561534209,0.340050039833,
    43.111095553243));
#240 = CARTESIAN_POINT('',(-12.9887248362,-5.05412264896,43.666704439359
    ));
#241 = CARTESIAN_POINT('',(-10.1863834271,-10.01001682613,
    44.222171456088));
#242 = CARTESIAN_POINT('',(-5.349980470998,-13.24179935671,
    44.777822597274));
#243 = CARTESIAN_POINT('',(0.301221977113,-13.93405092472,
    45.333312759672));
#244 = CARTESIAN_POINT('',(5.41746780755,-12.19041165804,45.888893934755
    ));
#245 = CARTESIAN_POINT('',(9.051120662037,-8.722233159546,
    46.444445373708));
#246 = CARTESIAN_POINT('',(12.567659002793,-0.232558784073,
    47.555556152844));
#247 = CARTESIAN_POINT('',(12.450651059797,4.789194244203,
    48.111107013237));
#248 = CARTESIAN_POINT('',(10.065858154341,9.639865826917,
    48.666690182327));
#249 = CARTESIAN_POINT('',(5.580358877677,13.146373125398,
    49.222176110159));
#250 = CARTESIAN_POINT('',(-0.124709785625,14.281012098538,
    49.777833906007));
#251 = CARTESIAN_POINT('',(-5.610610795817,12.758219325717,
    50.333292715856));
#252 = CARTESIAN_POINT('',(-9.670155576066,9.189253021911,
    50.888909727796));
#253 = CARTESIAN_POINT('',(-11.69999992271,4.59458765901,51.444439114967
    ));
#254 = CARTESIAN_POINT('',(-11.69999999999,1.960405722097E-07,
    52.000001468869));
#255 = CARTESIAN_POINT('',(-11.7,-4.594587820797,52.55555967377));
#256 = CARTESIAN_POINT('',(-9.670155728804,-9.189252350578,
    53.111095553285));
#257 = CARTESIAN_POINT('',(-5.61061101261,-12.75821980868,
    53.666704439299));
#258 = CARTESIAN_POINT('',(-0.124710019529,-14.28101157462,
    54.222171456147));
#259 = CARTESIAN_POINT('',(5.580358649994,-13.1463735905,54.777822597233
    ));
#260 = CARTESIAN_POINT('',(10.065858000929,-9.639865795612,
    55.333312759694));
#261 = CARTESIAN_POINT('',(12.450650972439,-4.789194525282,
    55.888893934747));
#262 = CARTESIAN_POINT('',(12.567659011668,0.232558583259,56.44444537371
    ));
#263 = CARTESIAN_POINT('',(9.051120797758,8.722233011272,57.555556152843
    ));
#264 = CARTESIAN_POINT('',(5.417468068074,12.190411521063,
    58.111107013238));
#265 = CARTESIAN_POINT('',(0.301222063453,13.934051055348,
    58.666690182324));
#266 = CARTESIAN_POINT('',(-5.349979981109,13.241799188816,
    59.222176110162));
#267 = CARTESIAN_POINT('',(-10.18638363218,10.010017362014,
    59.777833906004));
#268 = CARTESIAN_POINT('',(-12.98872434139,5.054122460741,
    60.333292715853));
#269 = CARTESIAN_POINT('',(-13.33561570879,-0.340049457126,
    60.888909727806));
#270 = CARTESIAN_POINT('',(-11.52201337568,-5.024285194794,
    61.444439114957));
#271 = CARTESIAN_POINT('',(-8.273149478503,-8.273149201261,
    62.000001468871));
#272 = CARTESIAN_POINT('',(-5.024285135042,-11.52201354472,
    62.555559673776));
#273 = CARTESIAN_POINT('',(-0.340050039835,-13.33561534209,
    63.111095553237));
#274 = CARTESIAN_POINT('',(5.05412264896,-12.9887248362,63.666704439388)
  );
#275 = CARTESIAN_POINT('',(10.01001682614,-10.18638342711,
    64.222171456051));
#276 = CARTESIAN_POINT('',(13.241799356712,-5.34998047099,
    64.777822597302));
#277 = CARTESIAN_POINT('',(13.93405092473,0.301221977108,65.333312759659
    ));
#278 = CARTESIAN_POINT('',(12.190411658045,5.417467807551,
    65.888893934759));
#279 = CARTESIAN_POINT('',(8.722233159546,9.051120662037,66.444445373707
    ));
#280 = CARTESIAN_POINT('',(0.232558784073,12.567659002793,
    67.555556152844));
#281 = CARTESIAN_POINT('',(-4.789194244202,12.450651059796,
    68.111107013236));
#282 = CARTESIAN_POINT('',(-9.639865826923,10.065858154348,
    68.66669018233));
#283 = CARTESIAN_POINT('',(-13.14637312538,5.580358877659,69.22217611015
    ));
#284 = CARTESIAN_POINT('',(-14.28101209855,-0.124709785599,
    69.777833906019));
#285 = CARTESIAN_POINT('',(-12.7582193257,-5.61061079584,70.333292715851
    ));
#286 = CARTESIAN_POINT('',(-9.189253021908,-9.670155576052,
    70.888909727786));
#287 = CARTESIAN_POINT('',(-4.594587659017,-11.69999992272,
    71.44443911499));
#288 = CARTESIAN_POINT('',(-1.96034896871E-07,-11.69999999999,
    72.000001468844));
#289 = CARTESIAN_POINT('',(4.594587820788,-11.7,72.555559673844));
#290 = CARTESIAN_POINT('',(9.189252350599,-9.670155728798,
    73.111095553084));
#291 = CARTESIAN_POINT('',(12.758219808647,-5.610611012621,
    73.666704439618));
#292 = CARTESIAN_POINT('',(14.28101157466,-0.124710019518,
    74.222171455818));
#293 = CARTESIAN_POINT('',(13.146373590473,5.580358649989,
    74.777822597468));
#294 = CARTESIAN_POINT('',(9.639865795631,10.06585800093,75.333312759572
    ));
#295 = CARTESIAN_POINT('',(4.789194525275,12.450650972439,
    75.888893934791));
#296 = CARTESIAN_POINT('',(-0.232558583258,12.567659011669,
    76.444445373702));
#297 = CARTESIAN_POINT('',(-8.722233011273,9.051120797758,
    77.555556152846));
#298 = CARTESIAN_POINT('',(-12.19041152106,5.417468068074,
    78.111107013232));
#299 = CARTESIAN_POINT('',(-13.93405105534,0.301222063458,
    78.666690182339));
#300 = CARTESIAN_POINT('',(-13.24179918881,-5.349979981129,
    79.222176110134));
#301 = CARTESIAN_POINT('',(-10.01001736201,-10.18638363215,
    79.777833906034));
#302 = CARTESIAN_POINT('',(-5.054122460745,-12.98872434142,
    80.333292715854));
#303 = CARTESIAN_POINT('',(0.340049457132,-13.33561570877,
    80.888909727759));
#304 = CARTESIAN_POINT('',(5.024285194787,-11.52201337569,
    81.444439115026));
#305 = CARTESIAN_POINT('',(8.273149201265,-8.273149478499,
    82.000001468822));
#306 = CARTESIAN_POINT('',(11.522013544718,-5.02428513505,
    82.555559673889));
#307 = CARTESIAN_POINT('',(13.335615342108,-0.340050039818,
    83.111095553015));
#308 = CARTESIAN_POINT('',(12.988724836186,5.054122648934,83.6667044397)
  );
#309 = CARTESIAN_POINT('',(10.18638342713,10.010016826167,
    84.222171455742));
#310 = CARTESIAN_POINT('',(5.349980470974,13.241799356692,
    84.777822597522));
#311 = CARTESIAN_POINT('',(-0.301221977098,13.93405092474,
    85.333312759543));
#312 = CARTESIAN_POINT('',(-5.417467807556,12.190411658041,
    85.888893934802));
#313 = CARTESIAN_POINT('',(-9.051120662036,8.722233159546,86.4444453737)
  );
#314 = CARTESIAN_POINT('',(-12.56765900279,0.232558784073,
    87.555556152847));
#315 = CARTESIAN_POINT('',(-12.45065105979,-4.789194244203,
    88.111107013231));
#316 = CARTESIAN_POINT('',(-10.06585815435,-9.639865826913,
    88.666690182342));
#317 = CARTESIAN_POINT('',(-5.58035887765,-13.14637312541,
    89.222176110129));
#318 = CARTESIAN_POINT('',(0.124709785585,-14.28101209851,
    89.777833906041));
#319 = CARTESIAN_POINT('',(5.610610795853,-12.75821932574,90.33329271585
    ));
#320 = CARTESIAN_POINT('',(9.670155576046,-9.189253021887,
    90.888909727752));
#321 = CARTESIAN_POINT('',(11.699999922722,-4.594587659026,
    91.444439115038));
#322 = CARTESIAN_POINT('',(11.699999999998,-1.96033459663E-07,
    92.000001468814));
#323 = CARTESIAN_POINT('',(11.7,-1.330185961379E-14,10.172302616872));
#324 = CARTESIAN_POINT('',(11.70001130104,4.594587941888,10.727864973961
    ));
#325 = CARTESIAN_POINT('',(9.670124974709,9.189252703838,11.283394344754
    ));
#326 = CARTESIAN_POINT('',(5.610670180788,12.758228656245,
    11.839011402184));
#327 = CARTESIAN_POINT('',(0.124643474794,14.280993908682,12.39447012239
    ));
#328 = CARTESIAN_POINT('',(-5.580313048279,13.146396782845,
    12.950128054298));
#329 = CARTESIAN_POINT('',(-10.06587806819,9.639854878133,
    13.505613817414));
#330 = CARTESIAN_POINT('',(-12.45064807737,4.789197736865,
    14.061197147879));
#331 = CARTESIAN_POINT('',(-12.56766045182,-0.23255865493,14.61674788013
    ));
#332 = CARTESIAN_POINT('',(-9.051121606338,-8.722233880493,
    15.727858822474));
#333 = CARTESIAN_POINT('',(-5.417473572459,-12.1904137738,
    16.283409554719));
#334 = CARTESIAN_POINT('',(-0.301200069642,-13.93404765063,
    16.838992885222));
#335 = CARTESIAN_POINT('',(5.349932184377,-13.24181751838,
    17.394478648232));
#336 = CARTESIAN_POINT('',(10.186445675703,-10.00998526787,
    17.950136580316));
#337 = CARTESIAN_POINT('',(12.988678546344,-5.054158682724,
    18.505595300331));
#338 = CARTESIAN_POINT('',(13.335640348154,0.340071161567,
    19.061212357898));
#339 = CARTESIAN_POINT('',(11.522007449242,5.024278591068,19.61674172863
    ));
#340 = CARTESIAN_POINT('',(8.27315120425,8.273150927008,20.172304085733)
  );
#341 = CARTESIAN_POINT('',(5.024289634659,11.522018722054,
    20.727862290664));
#342 = CARTESIAN_POINT('',(0.340032898967,13.335597978791,
    21.283398170097));
#343 = CARTESIAN_POINT('',(-5.05409258301,12.988768234782,
    21.839007056272));
#344 = CARTESIAN_POINT('',(-10.01004637442,10.186328149753,
    22.394474072908));
#345 = CARTESIAN_POINT('',(-13.24178711573,5.350026046966,
    22.950125214191));
#346 = CARTESIAN_POINT('',(-13.93405541569,-0.301242202002,
    23.505615376521));
#347 = CARTESIAN_POINT('',(-12.19041263864,-5.417464133745,
    24.061196551635));
#348 = CARTESIAN_POINT('',(-8.722233987024,-9.05112161172,
    24.616747990579));
#349 = CARTESIAN_POINT('',(-0.232558808157,-12.56766024618,
    25.727858769716));
#350 = CARTESIAN_POINT('',(4.78919204062,-12.45065646346,26.283409630099
    ));
#351 = CARTESIAN_POINT('',(9.639878862269,-10.06584028778,
    26.838992799244));
#352 = CARTESIAN_POINT('',(13.146352388849,-5.580405550978,
    27.394478726934));
#353 = CARTESIAN_POINT('',(14.28103320321,0.124776289047,27.950136523));
#354 = CARTESIAN_POINT('',(12.758212597526,5.610552835938,
    28.505595332635));
#355 = CARTESIAN_POINT('',(9.189255080473,9.670188331818,29.061212344709
    ));
#356 = CARTESIAN_POINT('',(4.594588141995,11.699991066024,
    29.616741731836));
#357 = CARTESIAN_POINT('',(1.960388402722E-07,11.70000244057,
    30.172304085732));
#358 = CARTESIAN_POINT('',(-4.594588300011,11.700006842641,
    30.72786229067));
#359 = CARTESIAN_POINT('',(-9.189252193286,9.670131330656,
    31.283398170082));
#360 = CARTESIAN_POINT('',(-12.75822923628,5.6106629599,31.839007056293)
  );
#361 = CARTESIAN_POINT('',(-14.28099338141,0.124650038715,
    32.394474072887));
#362 = CARTESIAN_POINT('',(-13.1463971619,-5.580317767214,
    32.950125214206));
#363 = CARTESIAN_POINT('',(-9.639854670046,-10.06587547768,
    33.505615376513));
#364 = CARTESIAN_POINT('',(-4.789197816442,-12.45064906805,
    34.061196551638));
#365 = CARTESIAN_POINT('',(0.232558669671,-12.56766026831,
    34.616747990579));
#366 = CARTESIAN_POINT('',(8.722233873451,-9.051121693996,
    35.727858769716));
#367 = CARTESIAN_POINT('',(12.190413783863,-5.417473447209,
    36.283409630099));
#368 = CARTESIAN_POINT('',(13.934047639157,-0.301200212507,
    36.838992799246));
#369 = CARTESIAN_POINT('',(13.241817528893,5.349932315166,
    37.394478726933));
#370 = CARTESIAN_POINT('',(10.00998526022,10.186445580443,
    37.950136523001));
#371 = CARTESIAN_POINT('',(5.054158687038,12.988678600038,
    38.505595332635));
#372 = CARTESIAN_POINT('',(-0.340071163329,13.335640326231,
    39.061212344708));
#373 = CARTESIAN_POINT('',(-5.02427859064,11.522007454567,
    39.616741731836));
#374 = CARTESIAN_POINT('',(-8.27315092701,8.273151204253,40.172304085734
    ));
#375 = CARTESIAN_POINT('',(-11.52201872205,5.024289634658,
    40.727862290659));
#376 = CARTESIAN_POINT('',(-13.33559797881,0.340032898961,
    41.283398170121));
#377 = CARTESIAN_POINT('',(-12.98876823473,-5.054092582998,
    41.839007056227));
#378 = CARTESIAN_POINT('',(-10.18632814981,-10.01004637443,
    42.394474072956));
#379 = CARTESIAN_POINT('',(-5.350026046917,-13.24178711573,
    42.950125214156));
#380 = CARTESIAN_POINT('',(0.301242201978,-13.93405541568,
    43.505615376538));
#381 = CARTESIAN_POINT('',(5.417464133753,-12.19041263865,
    44.061196551628));
#382 = CARTESIAN_POINT('',(9.051121611719,-8.722233987023,
    44.616747990581));
#383 = CARTESIAN_POINT('',(12.567660246182,-0.232558808158,
    45.727858769716));
#384 = CARTESIAN_POINT('',(12.450656463461,4.789192040623,46.2834096301)
  );
#385 = CARTESIAN_POINT('',(10.065840287771,9.639878862255,
    46.838992799242));
#386 = CARTESIAN_POINT('',(5.580405551001,13.14635238888,47.39447872694)
  );
#387 = CARTESIAN_POINT('',(-0.124776289083,14.28103320317,
    47.950136522995));
#388 = CARTESIAN_POINT('',(-5.610552835896,12.758212597557,
    48.505595332636));
#389 = CARTESIAN_POINT('',(-9.670188331857,9.189255080461,
    49.061212344715));
#390 = CARTESIAN_POINT('',(-11.69999106599,4.594588141992,
    49.616741731825));
#391 = CARTESIAN_POINT('',(-11.70000244059,1.960433394267E-07,
    50.172304085742));
#392 = CARTESIAN_POINT('',(-11.7000068426,-4.59458830001,50.727862290638
    ));
#393 = CARTESIAN_POINT('',(-9.670131330735,-9.189252193329,
    51.283398170164));
#394 = CARTESIAN_POINT('',(-5.610662959773,-12.75822923619,
    51.839007056166));
#395 = CARTESIAN_POINT('',(-0.124650038859,-14.28099338151,
    52.394474073016));
#396 = CARTESIAN_POINT('',(5.580317767331,-13.14639716184,
    52.950125214114));
#397 = CARTESIAN_POINT('',(10.065875477621,-9.639854670067,
    53.505615376561));
#398 = CARTESIAN_POINT('',(12.450649068076,-4.78919781644,54.06119655162
    ));
#399 = CARTESIAN_POINT('',(12.567660268308,0.232558669672,
    54.616747990582));
#400 = CARTESIAN_POINT('',(9.051121693999,8.722233873451,55.727858769715
    ));
#401 = CARTESIAN_POINT('',(5.417473447205,12.190413783865,
    56.283409630101));
#402 = CARTESIAN_POINT('',(0.301200212509,13.934047639147,
    56.838992799241));
#403 = CARTESIAN_POINT('',(-5.34993231516,13.241817528922,
    57.394478726941));
#404 = CARTESIAN_POINT('',(-10.18644558046,10.00998526017,
    57.950136522993));
#405 = CARTESIAN_POINT('',(-12.9886786,5.054158687095,58.505595332632));
#406 = CARTESIAN_POINT('',(-13.33564032626,-0.340071163373,
    59.061212344726));
#407 = CARTESIAN_POINT('',(-11.52200745453,-5.024278590616,
    59.616741731815));
#408 = CARTESIAN_POINT('',(-8.27315120426,-8.273150927018,
    60.172304085744));
#409 = CARTESIAN_POINT('',(-5.024289634634,-11.52201872203,
    60.727862290645));
#410 = CARTESIAN_POINT('',(-0.340032899006,-13.33559797881,
    61.283398170116));
#411 = CARTESIAN_POINT('',(5.054092583056,-12.98876823476,
    61.839007056256));
#412 = CARTESIAN_POINT('',(10.010046374389,-10.18632814976,
    62.394474072919));
#413 = CARTESIAN_POINT('',(13.241787115756,-5.350026046958,
    62.950125214183));
#414 = CARTESIAN_POINT('',(13.934055415681,0.301242201998,
    63.505615376525));
#415 = CARTESIAN_POINT('',(12.190412638647,5.417464133747,
    64.061196551633));
#416 = CARTESIAN_POINT('',(8.722233987024,9.05112161172,64.61674799058)
  );
#417 = CARTESIAN_POINT('',(0.232558808157,12.567660246182,
    65.727858769716));
#418 = CARTESIAN_POINT('',(-4.789192040617,12.45065646346,66.2834096301)
  );
#419 = CARTESIAN_POINT('',(-9.639878862282,10.06584028778,
    66.838992799245));
#420 = CARTESIAN_POINT('',(-13.14635238881,5.580405550976,
    67.394478726931));
#421 = CARTESIAN_POINT('',(-14.28103320325,-0.124776289036,
    67.950136523007));
#422 = CARTESIAN_POINT('',(-12.75821259748,-5.610552835961,
    68.505595332631));
#423 = CARTESIAN_POINT('',(-9.189255080496,-9.670188331785,
    69.061212344705));
#424 = CARTESIAN_POINT('',(-4.594588141992,-11.69999106605,
    69.616741731848));
#425 = CARTESIAN_POINT('',(-1.960300520798E-07,-11.70000244053,
    70.172304085717));
#426 = CARTESIAN_POINT('',(4.594588300009,-11.70000684268,
    70.727862290712));
#427 = CARTESIAN_POINT('',(9.189252193226,-9.670131330545,
    71.283398169962));
#428 = CARTESIAN_POINT('',(12.758229236419,-5.610662960086,
    71.839007056486));
#429 = CARTESIAN_POINT('',(14.280993381266,-0.124650038499,
    72.394474072686));
#430 = CARTESIAN_POINT('',(13.146397162001,5.580317767033,72.95012521435
    ));
#431 = CARTESIAN_POINT('',(9.639854670011,10.065875477797,
    73.505615376438));
#432 = CARTESIAN_POINT('',(4.789197816447,12.450649068008,
    74.061196551665));
#433 = CARTESIAN_POINT('',(-0.23255866967,12.56766026832,74.616747990574
    ));
#434 = CARTESIAN_POINT('',(-8.722233873452,9.051121693992,
    75.727858769719));
#435 = CARTESIAN_POINT('',(-12.19041378385,5.417473447221,
    76.283409630095));
#436 = CARTESIAN_POINT('',(-13.93404763919,0.301200212474,
    76.838992799256));
#437 = CARTESIAN_POINT('',(-13.2418175288,-5.349932315109,
    77.394478726912));
#438 = CARTESIAN_POINT('',(-10.00998526036,-10.18644558049,
    77.950136523023));
#439 = CARTESIAN_POINT('',(-5.054158686879,-12.98867860002,
    78.505595332633));
#440 = CARTESIAN_POINT('',(0.340071163203,-13.33564032617,
    79.061212344678));
#441 = CARTESIAN_POINT('',(5.024278590718,-11.52200745464,
    79.616741731884));
#442 = CARTESIAN_POINT('',(8.273150926969,-8.273151204193,
    80.172304085695));
#443 = CARTESIAN_POINT('',(11.522018722138,-5.024289634746,
    80.727862290758));
#444 = CARTESIAN_POINT('',(13.335597978578,-0.340032898859,
    81.283398169893));
#445 = CARTESIAN_POINT('',(12.98876823513,5.054092582894,81.83900705657)
  );
#446 = CARTESIAN_POINT('',(10.186328149378,10.010046374552,
    82.394474072607));
#447 = CARTESIAN_POINT('',(5.350026047246,13.241787115609,
    82.950125214406));
#448 = CARTESIAN_POINT('',(-0.301242202148,13.934055415781,
    83.505615376408));
#449 = CARTESIAN_POINT('',(-5.417464133696,12.190412638603,
    84.061196551676));
#450 = CARTESIAN_POINT('',(-9.051121611728,8.722233987033,
    84.616747990572));
#451 = CARTESIAN_POINT('',(-12.56766024617,0.232558808153,85.72785876972
    ));
#452 = CARTESIAN_POINT('',(-12.45065646346,-4.789192040606,
    86.283409630093));
#453 = CARTESIAN_POINT('',(-10.06584028778,-9.639878862314,
    86.838992799258));
#454 = CARTESIAN_POINT('',(-5.580405550945,-13.14635238875,
    87.394478726907));
#455 = CARTESIAN_POINT('',(0.124776288962,-14.28103320334,
    87.950136523032));
#456 = CARTESIAN_POINT('',(5.610552836073,-12.7582125974,88.505595332628
    ));
#457 = CARTESIAN_POINT('',(9.670188331663,-9.189255080524,
    89.061212344673));
#458 = CARTESIAN_POINT('',(11.699991066154,-4.594588141999,
    89.616741731896));
#459 = CARTESIAN_POINT('',(11.700002440497,-1.960268470845E-07,
    90.172304085688));
#460 = CARTESIAN_POINT('',(9.439996990397,-9.259953914764E-15,
    9.90987637843));
#461 = CARTESIAN_POINT('',(9.440009914075,3.707070042926,10.465424761441
    ));
#462 = CARTESIAN_POINT('',(7.802198132081,7.414298211042,11.021007930097
    ));
#463 = CARTESIAN_POINT('',(4.526946492126,10.293691147004,
    11.576498628955));
#464 = CARTESIAN_POINT('',(0.100505194231,11.522576813737,
    12.132156302037));
#465 = CARTESIAN_POINT('',(-4.502358683113,10.606913111157,
    12.68760389684));
#466 = CARTESIAN_POINT('',(-8.121548257229,7.777829518981,
    13.243233051841));
#467 = CARTESIAN_POINT('',(-10.04564364417,3.864097544316,
    13.798759317437));
#468 = CARTESIAN_POINT('',(-10.14005849952,-0.187636464804,
    14.354319959397));
#469 = CARTESIAN_POINT('',(-7.302782679421,-7.037425161192,
    15.46543124848));
#470 = CARTESIAN_POINT('',(-4.37102424716,-9.83567468206,16.020991890432
    ));
#471 = CARTESIAN_POINT('',(-0.242995229032,-11.24254671025,
    16.576518156074));
#472 = CARTESIAN_POINT('',(4.316461470772,-10.68390723787,
    17.132147310951));
#473 = CARTESIAN_POINT('',(8.218899757041,-8.076548307534,
    17.687594905959));
#474 = CARTESIAN_POINT('',(10.479665625993,-4.077785671112,
    18.243252578821));
#475 = CARTESIAN_POINT('',(10.759740917323,0.274336464731,
    18.798743277835));
#476 = CARTESIAN_POINT('',(9.296372998307,4.053784559302,19.354326446421
    ));
#477 = CARTESIAN_POINT('',(6.675087713644,6.675088006007,19.909874829448
    ));
#478 = CARTESIAN_POINT('',(4.05379732084,9.296385518127,20.465427591099)
  );
#479 = CARTESIAN_POINT('',(0.274291423543,10.759693270481,
    21.021003896099));
#480 = CARTESIAN_POINT('',(-4.07770965741,10.479767104544,
    21.576503211917));
#481 = CARTESIAN_POINT('',(-8.076619382671,8.218765807119,
    22.132152136036));
#482 = CARTESIAN_POINT('',(-10.68387207778,4.31656773363,22.687606891863
    ));
#483 = CARTESIAN_POINT('',(-11.24255590258,-0.243043600687,
    23.243231407692));
#484 = CARTESIAN_POINT('',(-9.835673060696,-4.371014025869,
    23.798759946205));
#485 = CARTESIAN_POINT('',(-7.037424972572,-7.30278298391,
    24.354319842923));
#486 = CARTESIAN_POINT('',(-0.187636166213,-10.14005828385,
    25.465431304116));
#487 = CARTESIAN_POINT('',(3.864091473111,-10.04565304234,
    26.020991810938));
#488 = CARTESIAN_POINT('',(7.77785733542,-8.121504714955,26.576518246746
    ));
#489 = CARTESIAN_POINT('',(10.606862532104,-4.502463967172,
    27.132147227946));
#490 = CARTESIAN_POINT('',(11.52262175762,0.100657592532,27.687594966412
    ));
#491 = CARTESIAN_POINT('',(10.293672569169,4.526812775067,
    28.243252544746));
#492 = CARTESIAN_POINT('',(7.414300575502,7.802270921948,28.798743291749
    ));
#493 = CARTESIAN_POINT('',(3.707069840178,9.439986943525,29.354326443037
    ));
#494 = CARTESIAN_POINT('',(-2.067317129706E-07,9.439999781393,
    29.909874829451));
#495 = CARTESIAN_POINT('',(-3.707069665274,9.44000481552,30.465427591097
    ));
#496 = CARTESIAN_POINT('',(-7.414298749419,7.802205400641,
    31.021003896104));
#497 = CARTESIAN_POINT('',(-10.29369053537,4.526938234433,31.57650321191
    ));
#498 = CARTESIAN_POINT('',(-11.52257736971,0.100512700627,
    32.132152136045));
#499 = CARTESIAN_POINT('',(-10.60691271144,-4.502364079611,
    32.687606891855));
#500 = CARTESIAN_POINT('',(-7.777829738408,-8.121545294767,
    33.243231407697));
#501 = CARTESIAN_POINT('',(-3.8640974604,-10.0456447771,33.798759946203)
  );
#502 = CARTESIAN_POINT('',(0.187636449259,-10.14005828965,
    34.354319842923));
#503 = CARTESIAN_POINT('',(7.037425168617,-7.302782779666,
    35.465431304116));
#504 = CARTESIAN_POINT('',(9.835674671451,-4.371024103926,
    36.020991810938));
#505 = CARTESIAN_POINT('',(11.24254672236,-0.242995392411,
    36.576518246747));
#506 = CARTESIAN_POINT('',(10.683907226801,4.316461620339,
    37.132147227945));
#507 = CARTESIAN_POINT('',(8.076548315601,8.218899648104,37.687594966413
    ));
#508 = CARTESIAN_POINT('',(4.077785666565,10.479665687397,
    38.243252544745));
#509 = CARTESIAN_POINT('',(-0.274336462876,10.759740892251,
    38.798743291748));
#510 = CARTESIAN_POINT('',(-4.053784559752,9.296373004399,
    39.354326443041));
#511 = CARTESIAN_POINT('',(-6.67508800601,6.675087713648,39.909874829444
    ));
#512 = CARTESIAN_POINT('',(-9.296385518124,4.053797320844,
    40.465427591097));
#513 = CARTESIAN_POINT('',(-10.75969327051,0.274291423526,41.0210038961)
  );
#514 = CARTESIAN_POINT('',(-10.47976710447,-4.07770965738,
    41.576503211923));
#515 = CARTESIAN_POINT('',(-8.218765807199,-8.076619382698,
    42.132152136024));
#516 = CARTESIAN_POINT('',(-4.316567733567,-10.68387207777,
    42.687606891875));
#517 = CARTESIAN_POINT('',(0.243043600655,-11.24255590258,
    43.243231407683));
#518 = CARTESIAN_POINT('',(4.371014025879,-9.8356730607,43.798759946209)
  );
#519 = CARTESIAN_POINT('',(7.302782983909,-7.037424972571,
    44.354319842922));
#520 = CARTESIAN_POINT('',(10.140058283857,-0.187636166213,
    45.465431304117));
#521 = CARTESIAN_POINT('',(10.045653042344,3.864091473115,
    46.020991810938));
#522 = CARTESIAN_POINT('',(8.12150471495,7.777857335406,46.576518246744)
  );
#523 = CARTESIAN_POINT('',(4.502463967187,10.606862532136,
    47.132147227954));
#524 = CARTESIAN_POINT('',(-0.100657592559,11.522621757575,
    47.687594966395));
#525 = CARTESIAN_POINT('',(-4.52681277503,10.293672569208,
    48.243252544769));
#526 = CARTESIAN_POINT('',(-7.802270921986,7.41430057548,48.798743291724
    ));
#527 = CARTESIAN_POINT('',(-9.439986943492,3.707069840183,
    49.354326443059));
#528 = CARTESIAN_POINT('',(-9.439999781417,-2.067309241988E-07,
    49.909874829435));
#529 = CARTESIAN_POINT('',(-9.440004815483,-3.707069665263,
    50.465427591111));
#530 = CARTESIAN_POINT('',(-7.80220540072,-7.414298749489,
    51.021003896075));
#531 = CARTESIAN_POINT('',(-4.526938234306,-10.29369053523,
    51.57650321196));
#532 = CARTESIAN_POINT('',(-0.100512700773,-11.52257736986,
    52.132152135986));
#533 = CARTESIAN_POINT('',(4.502364079734,-10.60691271135,
    52.687606891905));
#534 = CARTESIAN_POINT('',(8.121545294692,-7.777829738448,
    53.243231407666));
#535 = CARTESIAN_POINT('',(10.04564477713,-3.864097460392,
    53.798759946216));
#536 = CARTESIAN_POINT('',(10.140058289649,0.187636449259,54.35431984292
    ));
#537 = CARTESIAN_POINT('',(7.302782779669,7.037425168617,55.465431304117
    ));
#538 = CARTESIAN_POINT('',(4.371024103921,9.835674671452,56.020991810937
    ));
#539 = CARTESIAN_POINT('',(0.242995392417,11.242546722349,
    56.576518246743));
#540 = CARTESIAN_POINT('',(-4.316461620343,10.683907226834,
    57.13214722796));
#541 = CARTESIAN_POINT('',(-8.218899648107,8.076548315545,
    57.687594966384));
#542 = CARTESIAN_POINT('',(-10.47966568738,4.077785666631,
    58.243252544785));
#543 = CARTESIAN_POINT('',(-10.75974089228,-0.274336462929,
    58.798743291709));
#544 = CARTESIAN_POINT('',(-9.296373004371,-4.053784559721,
    59.354326443066));
#545 = CARTESIAN_POINT('',(-6.675087713655,-6.67508800602,59.90987482944
    ));
#546 = CARTESIAN_POINT('',(-4.053797320815,-9.296385518098,
    60.465427591121));
#547 = CARTESIAN_POINT('',(-0.274291423586,-10.75969327051,
    61.021003896067));
#548 = CARTESIAN_POINT('',(4.077709657463,-10.47976710451,
    61.576503211951));
#549 = CARTESIAN_POINT('',(8.076619382626,-8.218765807135,
    62.132152136009));
#550 = CARTESIAN_POINT('',(10.683872077811,-4.316567733621,
    62.68760689188));
#551 = CARTESIAN_POINT('',(11.242555902571,0.243043600683,
    63.243231407684));
#552 = CARTESIAN_POINT('',(9.835673060699,4.37101402587,63.798759946207)
  );
#553 = CARTESIAN_POINT('',(7.037424972572,7.30278298391,64.354319842922)
  );
#554 = CARTESIAN_POINT('',(0.187636166213,10.140058283857,
    65.465431304117));
#555 = CARTESIAN_POINT('',(-3.864091473109,10.045653042344,
    66.020991810936));
#556 = CARTESIAN_POINT('',(-7.777857335431,8.121504714953,
    66.576518246752));
#557 = CARTESIAN_POINT('',(-10.60686253207,4.502463967174,
    67.132147227933));
#558 = CARTESIAN_POINT('',(-11.52262175766,-0.100657592528,
    67.687594966433));
#559 = CARTESIAN_POINT('',(-10.29367256912,-4.526812775084,
    68.243252544718));
#560 = CARTESIAN_POINT('',(-7.414300575531,-7.802270921916,
    68.79874329178));
#561 = CARTESIAN_POINT('',(-3.70706984017,-9.439986943563,
    69.354326443009));
#562 = CARTESIAN_POINT('',(2.067354805124E-07,-9.439999781358,
    69.909874829473));
#563 = CARTESIAN_POINT('',(3.707069665283,-9.440004815569,
    70.465427591081));
#564 = CARTESIAN_POINT('',(7.414298749319,-7.802205400533,
    71.021003896138));
#565 = CARTESIAN_POINT('',(10.293690535578,-4.526938234614,
    71.576503211842));
#566 = CARTESIAN_POINT('',(11.522577369493,-0.10051270041,
    72.132152136131));
#567 = CARTESIAN_POINT('',(10.606912711602,4.502364079422,
    72.687606891778));
#568 = CARTESIAN_POINT('',(7.777829738343,8.121545294884,73.243231407748
    ));
#569 = CARTESIAN_POINT('',(3.864097460415,10.045644777053,73.79875994618
    ));
#570 = CARTESIAN_POINT('',(-0.18763644926,10.140058289664,
    74.354319842928));
#571 = CARTESIAN_POINT('',(-7.037425168617,7.302782779662,
    75.465431304114));
#572 = CARTESIAN_POINT('',(-9.835674671446,4.37102410394,76.020991810938
    ));
#573 = CARTESIAN_POINT('',(-11.24254672238,0.242995392371,
    76.576518246758));
#574 = CARTESIAN_POINT('',(-10.68390722672,-4.316461620265,
    77.13214722791));
#575 = CARTESIAN_POINT('',(-8.07654831574,-8.218899648186,
    77.687594966481));
#576 = CARTESIAN_POINT('',(-4.0777856664,-10.47966568736,78.24325254465)
  );
#577 = CARTESIAN_POINT('',(0.274336462732,-10.75974089221,78.79874329185
    ));
#578 = CARTESIAN_POINT('',(4.053784559852,-9.296373004474,
    79.354326442958));
#579 = CARTESIAN_POINT('',(6.675088005954,-6.675087713588,
    79.909874829493));
#580 = CARTESIAN_POINT('',(9.296385518237,-4.053797320918,80.46542759104
    ));
#581 = CARTESIAN_POINT('',(10.759693270214,-0.274291423473,81.0210038962
    ));
#582 = CARTESIAN_POINT('',(10.479767104974,4.07770965736,81.57650321177)
  );
#583 = CARTESIAN_POINT('',(8.218765806653,8.076619382727,82.132152136197
    ));
#584 = CARTESIAN_POINT('',(4.316567733984,10.683872077707,82.68760689173
    ));
#585 = CARTESIAN_POINT('',(-0.243043600876,11.242555902654,
    83.243231407775));
#586 = CARTESIAN_POINT('',(-4.371014025804,9.835673060658,
    83.798759946169));
#587 = CARTESIAN_POINT('',(-7.30278298392,7.037424972581,84.35431984293)
  );
#588 = CARTESIAN_POINT('',(-10.14005828385,0.187636166208,
    85.465431304113));
#589 = CARTESIAN_POINT('',(-10.04565304235,-3.864091473097,
    86.020991810939));
#590 = CARTESIAN_POINT('',(-8.121504714949,-7.777857335469,
    86.576518246759));
#591 = CARTESIAN_POINT('',(-4.502463967158,-10.60686253199,
    87.132147227904));
#592 = CARTESIAN_POINT('',(0.100657592471,-11.52262175778,
    87.687594966494));
#593 = CARTESIAN_POINT('',(4.526812775186,-10.29367256901,88.24325254463
    ));
#594 = CARTESIAN_POINT('',(7.80227092179,-7.414300575584,88.798743291872
    ));
#595 = CARTESIAN_POINT('',(9.439986943669,-3.707069840162,
    89.354326442942));
#596 = CARTESIAN_POINT('',(9.43999978131,2.067327389589E-07,
    89.909874829496));
#597 = CARTESIAN_POINT('',(7.575971386891,-4.413136522885E-15,12.));
#598 = CARTESIAN_POINT('',(7.575971386891,2.975054445159,12.555536857345
    ));
#599 = CARTESIAN_POINT('',(6.261591446934,5.950335483134,13.111164397882
    ));
#600 = CARTESIAN_POINT('',(3.633028452934,8.260955842069,13.666550877586
    ));
#601 = CARTESIAN_POINT('',(8.068018617334E-02,9.247487719313,
    14.222372644816));
#602 = CARTESIAN_POINT('',(-3.613331338938,8.512345186864,
    14.777646755869));
#603 = CARTESIAN_POINT('',(-6.517861107864,6.24206554107,15.333394178942
    ));
#604 = CARTESIAN_POINT('',(-8.062026116312,3.101080935817,
    15.888873378051));
#605 = CARTESIAN_POINT('',(-8.137797315558,-0.150585027853,
    16.44444219343));
#606 = CARTESIAN_POINT('',(-5.860770958323,-5.647812388332,
    17.555553768503));
#607 = CARTESIAN_POINT('',(-3.507917416709,-7.893508945216,
    18.111122583881));
#608 = CARTESIAN_POINT('',(-0.195016273619,-9.022630674775,
    18.666601782993));
#609 = CARTESIAN_POINT('',(3.464126522859,-8.574147851455,
    19.222349206062));
#610 = CARTESIAN_POINT('',(6.596011243214,-6.481911299255,
    19.777623317118));
#611 = CARTESIAN_POINT('',(8.410317183048,-3.272438241455,
    20.333445084347));
#612 = CARTESIAN_POINT('',(8.635136327983,0.220091816995,20.888831564051
    ));
#613 = CARTESIAN_POINT('',(7.460701682871,3.253340099898,21.444459104588
    ));
#614 = CARTESIAN_POINT('',(5.357020360665,5.357021122831,21.999995961932
    ));
#615 = CARTESIAN_POINT('',(3.25334026533,7.460701218154,22.555544234032)
  );
#616 = CARTESIAN_POINT('',(0.220090210237,8.635137336066,23.111153881582
    ));
#617 = CARTESIAN_POINT('',(-3.272437712188,8.410315822803,
    23.666562824991));
#618 = CARTESIAN_POINT('',(-6.481912793442,6.596011806954,
    24.222361784398));
#619 = CARTESIAN_POINT('',(-8.574147361029,3.464125176146,
    24.777654563645));
#620 = CARTESIAN_POINT('',(-9.022631065399,-0.195016511,25.333389892782)
  );
#621 = CARTESIAN_POINT('',(-7.893508540982,-3.507918132915,
    25.888875017196));
#622 = CARTESIAN_POINT('',(-5.647812000068,-5.860771331438,
    26.444441889793));
#623 = CARTESIAN_POINT('',(-0.150584435265,-8.137797339958,
    27.55555391354));
#624 = CARTESIAN_POINT('',(3.101081489766,-8.062025876159,
    28.111122376648));
#625 = CARTESIAN_POINT('',(6.242066027059,-6.517860686102,
    28.666602019362));
#626 = CARTESIAN_POINT('',(8.512345423451,-3.613330713035,
    29.222348989688));
#627 = CARTESIAN_POINT('',(9.247487728471,8.068082923107E-02,
    29.777623474701));
#628 = CARTESIAN_POINT('',(8.260955575238,3.6330290489,30.333444995527)
  );
#629 = CARTESIAN_POINT('',(5.950335041123,6.261591866846,30.888831600318
    ));
#630 = CARTESIAN_POINT('',(2.975053905393,7.575971599343,31.444459095769
    ));
#631 = CARTESIAN_POINT('',(-5.389321394711E-07,7.575971386894,
    31.999995961938));
#632 = CARTESIAN_POINT('',(-2.975053460647,7.575971386884,
    32.555544234023));
#633 = CARTESIAN_POINT('',(-5.950336886663,6.261591446944,
    33.111153881603));
#634 = CARTESIAN_POINT('',(-8.260954247546,3.63302845292,33.666562824959
    ));
#635 = CARTESIAN_POINT('',(-9.247489168763,8.068018618628E-02,
    34.222361784431));
#636 = CARTESIAN_POINT('',(-8.512344144824,-3.613331338947,
    34.777654563619));
#637 = CARTESIAN_POINT('',(-6.242066113109,-6.51786110786,
    35.333389892797));
#638 = CARTESIAN_POINT('',(-3.101080717053,-8.062026116314,
    35.888875017189));
#639 = CARTESIAN_POINT('',(0.150584987329,-8.137797315558,
    36.444441889794));
#640 = CARTESIAN_POINT('',(5.647812407689,-5.860770958323,
    37.555553913539));
#641 = CARTESIAN_POINT('',(7.893508917559,-3.507917416707,
    38.111122376649));
#642 = CARTESIAN_POINT('',(9.022630706318,-0.195016273628,
    38.666602019361));
#643 = CARTESIAN_POINT('',(8.574147822583,3.464126522877,39.222348989688
    ));
#644 = CARTESIAN_POINT('',(6.481911320277,6.596011243192,39.777623474702
    ));
#645 = CARTESIAN_POINT('',(3.27243822961,8.410317183065,40.333444995525)
  );
#646 = CARTESIAN_POINT('',(-0.220091812161,8.635136327974,
    40.888831600317));
#647 = CARTESIAN_POINT('',(-3.253340101071,7.460701682873,
    41.444459095776));
#648 = CARTESIAN_POINT('',(-5.357021122833,5.357020360663,
    41.999995961924));
#649 = CARTESIAN_POINT('',(-7.460701218152,3.253340265337,
    42.555544234032));
#650 = CARTESIAN_POINT('',(-8.635137336069,0.220090210219,
    43.111153881564));
#651 = CARTESIAN_POINT('',(-8.410315822799,-3.272437712161,
    43.66656282504));
#652 = CARTESIAN_POINT('',(-6.59601180696,-6.481912793469,
    44.222361784334));
#653 = CARTESIAN_POINT('',(-3.46412517614,-8.57414736101,44.777654563698
    ));
#654 = CARTESIAN_POINT('',(0.195016510997,-9.022631065409,
    45.333389892749));
#655 = CARTESIAN_POINT('',(3.507918132916,-7.893508540979,45.88887501721
    ));
#656 = CARTESIAN_POINT('',(5.860771331438,-5.647812000068,46.44444188979
    ));
#657 = CARTESIAN_POINT('',(8.137797339958,-0.150584435265,
    47.555553913541));
#658 = CARTESIAN_POINT('',(8.062025876159,3.101081489766,48.111122376648
    ));
#659 = CARTESIAN_POINT('',(6.517860686101,6.242066027057,48.666602019358
    ));
#660 = CARTESIAN_POINT('',(3.613330713036,8.512345423457,49.222348989701
    ));
#661 = CARTESIAN_POINT('',(-8.068082923167E-02,9.247487728461,
    49.777623474673));
#662 = CARTESIAN_POINT('',(-3.633029048899,8.260955575249,50.33344499557
    ));
#663 = CARTESIAN_POINT('',(-6.261591866846,5.950335041113,
    50.888831600266));
#664 = CARTESIAN_POINT('',(-7.575971599343,2.975053905401,
    51.444459095818));
#665 = CARTESIAN_POINT('',(-7.575971386893,-5.389381964281E-07,
    51.999995961901));
#666 = CARTESIAN_POINT('',(-7.57597138689,-2.975053460633,
    52.555544234074));
#667 = CARTESIAN_POINT('',(-6.261591446926,-5.950336886696,
    53.111153881483));
#668 = CARTESIAN_POINT('',(-3.63302845295,-8.260954247493,
    53.666562825155));
#669 = CARTESIAN_POINT('',(-8.068018615611E-02,-9.247489168821,
    54.222361784218));
#670 = CARTESIAN_POINT('',(3.613331338927,-8.51234414478,54.777654563786
    ));
#671 = CARTESIAN_POINT('',(6.517861107868,-6.242066113132,55.3333898927)
  );
#672 = CARTESIAN_POINT('',(8.062026116312,-3.101080717046,
    55.888875017229));
#673 = CARTESIAN_POINT('',(8.137797315558,0.150584987328,56.444441889786
    ));
#674 = CARTESIAN_POINT('',(5.860770958323,5.647812407689,57.555553913543
    ));
#675 = CARTESIAN_POINT('',(3.507917416708,7.893508917557,58.111122376646
    ));
#676 = CARTESIAN_POINT('',(0.195016273622,9.022630706327,58.666602019357
    ));
#677 = CARTESIAN_POINT('',(-3.464126522864,8.574147822567,
    59.222348989709));
#678 = CARTESIAN_POINT('',(-6.596011243205,6.481911320297,
    59.777623474653));
#679 = CARTESIAN_POINT('',(-8.410317183059,3.272438229598,
    60.333444995603));
#680 = CARTESIAN_POINT('',(-8.635136327972,-0.22009181216,
    60.888831600229));
#681 = CARTESIAN_POINT('',(-7.460701682878,-3.253340101068,
    61.44445909584));
#682 = CARTESIAN_POINT('',(-5.357020360661,-5.357021122834,
    61.999995961909));
#683 = CARTESIAN_POINT('',(-3.253340265334,-7.46070121815,
    62.555544234089));
#684 = CARTESIAN_POINT('',(-0.220090210236,-8.635137336071,
    63.111153881506));
#685 = CARTESIAN_POINT('',(3.27243771219,-8.410315822799,63.666562825068
    ));
#686 = CARTESIAN_POINT('',(6.48191279344,-6.596011806956,64.222361784334
    ));
#687 = CARTESIAN_POINT('',(8.574147361029,-3.464125176145,
    64.777654563686));
#688 = CARTESIAN_POINT('',(9.0226310654,0.195016511001,65.333389892761)
  );
#689 = CARTESIAN_POINT('',(7.893508540981,3.507918132915,65.888875017203
    ));
#690 = CARTESIAN_POINT('',(5.647812000068,5.860771331438,66.444441889792
    ));
#691 = CARTESIAN_POINT('',(0.150584435265,8.137797339958,67.55555391354)
  );
#692 = CARTESIAN_POINT('',(-3.101081489765,8.062025876159,
    68.111122376646));
#693 = CARTESIAN_POINT('',(-6.242066027061,6.5178606861,68.666602019368)
  );
#694 = CARTESIAN_POINT('',(-8.512345423447,3.61333071304,69.222348989673
    ));
#695 = CARTESIAN_POINT('',(-9.247487728477,-8.068082924051E-02,
    69.777623474728));
#696 = CARTESIAN_POINT('',(-8.260955575231,-3.633029048889,
    70.333444995486));
#697 = CARTESIAN_POINT('',(-5.95033504113,-6.261591866853,
    70.888831600373));
#698 = CARTESIAN_POINT('',(-2.975053905386,-7.57597159934,
    71.444459095708));
#699 = CARTESIAN_POINT('',(5.389259400967E-07,-7.575971386892,
    71.999995961991));
#700 = CARTESIAN_POINT('',(2.975053460661,-7.575971386878,
    72.555544233959));
#701 = CARTESIAN_POINT('',(5.95033688663,-6.261591446972,73.111153881763
    ));
#702 = CARTESIAN_POINT('',(8.2609542476,-3.633028452873,73.666562824678)
  );
#703 = CARTESIAN_POINT('',(9.247489168702,-8.068018623195E-02,
    74.222361784751));
#704 = CARTESIAN_POINT('',(8.512344144873,3.613331338975,74.777654563362
    ));
#705 = CARTESIAN_POINT('',(6.242066113081,6.51786110785,75.33338989295)
  );
#706 = CARTESIAN_POINT('',(3.101080717063,8.062026116315,75.888875017125
    ));
#707 = CARTESIAN_POINT('',(-0.15058498733,8.137797315558,76.444441889807
    ));
#708 = CARTESIAN_POINT('',(-5.647812407688,5.860770958323,
    77.555553913533));
#709 = CARTESIAN_POINT('',(-7.893508917562,3.507917416709,
    78.111122376653));
#710 = CARTESIAN_POINT('',(-9.022630706306,0.195016273618,
    78.666602019372));
#711 = CARTESIAN_POINT('',(-8.574147822608,-3.464126522853,
    79.22234898964));
#712 = CARTESIAN_POINT('',(-6.481911320247,-6.596011243229,
    79.777623474808));
#713 = CARTESIAN_POINT('',(-3.272438229631,-8.410317183024,
    80.333444995355));
#714 = CARTESIAN_POINT('',(0.220091812162,-8.635136328008,
    80.888831600525));
#715 = CARTESIAN_POINT('',(3.253340101085,-7.460701682852,
    81.444459095586));
#716 = CARTESIAN_POINT('',(5.35702112282,-5.357020360675,81.999995962045
    ));
#717 = CARTESIAN_POINT('',(7.460701218172,-3.253340265298,
    82.555544233846));
#718 = CARTESIAN_POINT('',(8.635137336039,-0.220090210315,
    83.111153881935));
#719 = CARTESIAN_POINT('',(8.410315822838,3.272437712309,83.666562824473
    ));
#720 = CARTESIAN_POINT('',(6.596011806914,6.481912793317,84.222361784944
    ));
#721 = CARTESIAN_POINT('',(3.464125176183,8.574147361118,84.77765456322)
  );
#722 = CARTESIAN_POINT('',(-0.195016511026,9.022631065356,
    85.333389893029));
#723 = CARTESIAN_POINT('',(-3.507918132905,7.893508540996,
    85.888875017094));
#724 = CARTESIAN_POINT('',(-5.860771331439,5.647812000066,
    86.444441889813));
#725 = CARTESIAN_POINT('',(-8.137797339957,0.150584435266,87.55555391353
    ));
#726 = CARTESIAN_POINT('',(-8.062025876162,-3.101081489769,
    88.111122376657));
#727 = CARTESIAN_POINT('',(-6.517860686089,-6.242066027048,
    88.66660201937));
#728 = CARTESIAN_POINT('',(-3.613330713063,-8.512345423473,
    89.222348989637));
#729 = CARTESIAN_POINT('',(8.068082927248E-02,-9.24748772845,
    89.777623474821));
#730 = CARTESIAN_POINT('',(3.633029048859,-8.260955575243,
    90.333444995325));
#731 = CARTESIAN_POINT('',(6.261591866869,-5.95033504114,90.888831600571
    ));
#732 = CARTESIAN_POINT('',(7.575971599336,-2.975053905368,
    91.444459095546));
#733 = CARTESIAN_POINT('',(7.575971386893,5.389160674836E-07,
    91.999995962058));
#734 = CARTESIAN_POINT('',(9.439996990397,-7.549516567451E-15,
    14.09012362157));
#735 = CARTESIAN_POINT('',(9.43998406672,3.70706894688,14.645672004581)
  );
#736 = CARTESIAN_POINT('',(7.802268471802,7.414298570789,15.20125517323)
  );
#737 = CARTESIAN_POINT('',(4.526811164686,10.29366958453,15.756745872094
    ));
#738 = CARTESIAN_POINT('',(0.10065739308,11.522618424605,16.312403545194
    ));
#739 = CARTESIAN_POINT('',(-4.502462981802,10.606859199455,
    16.867851139951));
#740 = CARTESIAN_POINT('',(-8.121502360059,7.777854965004,
    17.423480294999));
#741 = CARTESIAN_POINT('',(-10.04565026567,3.864090016882,
    17.979006560573));
#742 = CARTESIAN_POINT('',(-10.14005520563,-0.187636267165,
    18.534567202536));
#743 = CARTESIAN_POINT('',(-7.302780830065,-7.037423189245,
    19.64567849162));
#744 = CARTESIAN_POINT('',(-4.371011657716,-9.835669506662,
    20.201239133592));
#745 = CARTESIAN_POINT('',(-0.243045532536,-11.24255452364,
    20.756765399116));
#746 = CARTESIAN_POINT('',(4.316570789853,-10.68386529108,
    21.312394554297));
#747 = CARTESIAN_POINT('',(8.218757853196,-8.076621729652,
    21.867842148837));
#748 = CARTESIAN_POINT('',(10.479770366905,-4.077702815566,
    22.423499822169));
#749 = CARTESIAN_POINT('',(10.759684563008,0.274286819047,
    22.978990520868));
#750 = CARTESIAN_POINT('',(9.296386553062,4.053799664094,23.534573689592
    ));
#751 = CARTESIAN_POINT('',(6.675083766575,6.675084058939,24.090122072585
    ));
#752 = CARTESIAN_POINT('',(4.053787029473,9.296373676715,24.645674834246
    ));
#753 = CARTESIAN_POINT('',(0.274330627548,10.759732983242,
    25.201251139224));
#754 = CARTESIAN_POINT('',(-4.077778423225,10.479667844788,
    25.756750455067));
#755 = CARTESIAN_POINT('',(-8.076551800833,8.21889223561,26.312399379185
    ));
#756 = CARTESIAN_POINT('',(-10.68390007494,4.316463493812,26.86785413498
    ));
#757 = CARTESIAN_POINT('',(-11.242545631,-0.242997342998,27.423478650846
    ));
#758 = CARTESIAN_POINT('',(-9.835670817902,-4.371022428474,
    27.979007189342));
#759 = CARTESIAN_POINT('',(-7.037423079992,-7.302780811826,
    28.534567086062));
#760 = CARTESIAN_POINT('',(-0.187636111129,-10.14005544001,
    29.645678547256));
#761 = CARTESIAN_POINT('',(3.864096513072,-10.04564068326,
    30.201239054099));
#762 = CARTESIAN_POINT('',(7.777827521411,-8.121545578763,
    30.756765489786));
#763 = CARTESIAN_POINT('',(10.60690996002,-4.502357217548,
    31.312394471297));
#764 = CARTESIAN_POINT('',(11.522573487742,0.100505488117,
    31.867842209287));
#765 = CARTESIAN_POINT('',(10.29368795766,4.526945338973,32.423499788096
    ));
#766 = CARTESIAN_POINT('',(7.414295867219,7.802196004083,32.978990534781
    ));
#767 = CARTESIAN_POINT('',(3.707068735525,9.440007200261,33.534573686208
    ));
#768 = CARTESIAN_POINT('',(-2.067311860587E-07,9.439994199403,
    34.090122072587));
#769 = CARTESIAN_POINT('',(-3.707068569226,9.439989165268,
    34.645674834244));
#770 = CARTESIAN_POINT('',(-7.414299109181,7.802261203252,
    35.201251139228));
#771 = CARTESIAN_POINT('',(-10.29366897286,4.526819422365,35.75675045506
    ));
#772 = CARTESIAN_POINT('',(-11.52261898061,0.100649886699,
    36.312399379193));
#773 = CARTESIAN_POINT('',(-10.60685879972,-4.502457585315,
    36.867854134973));
#774 = CARTESIAN_POINT('',(-7.777855184439,-8.121505322514,
    37.423478650851));
#775 = CARTESIAN_POINT('',(-3.864089932965,-10.04564913275,
    37.979007189339));
#776 = CARTESIAN_POINT('',(0.18763625162,-10.1400554155,38.534567086062)
  );
#777 = CARTESIAN_POINT('',(7.03742319667,-7.30278072982,39.645678547256)
  );
#778 = CARTESIAN_POINT('',(9.835669496053,-4.371011800947,
    40.201239054098));
#779 = CARTESIAN_POINT('',(11.242554535745,-0.243045369175,
    40.756765489788));
#780 = CARTESIAN_POINT('',(10.683865280024,4.316570640321,
    41.312394471294));
#781 = CARTESIAN_POINT('',(8.076621737702,8.218757962089,41.86784220929)
  );
#782 = CARTESIAN_POINT('',(4.077702811036,10.479770305531,
    42.423499788094));
#783 = CARTESIAN_POINT('',(-0.2742868172,10.759684588067,42.978990534781
    ));
#784 = CARTESIAN_POINT('',(-4.053799664543,9.29638654697,43.534573686212
    ));
#785 = CARTESIAN_POINT('',(-6.675084058938,6.67508376657,44.090122072581
    ));
#786 = CARTESIAN_POINT('',(-9.296373676718,4.053787029478,
    44.645674834244));
#787 = CARTESIAN_POINT('',(-10.75973298321,0.274330627546,
    45.201251139224));
#788 = CARTESIAN_POINT('',(-10.47966784485,-4.077778423225,
    45.756750455075));
#789 = CARTESIAN_POINT('',(-8.21889223553,-8.076551800838,46.31239937917
    ));
#790 = CARTESIAN_POINT('',(-4.316463493874,-10.68390007492,
    46.867854134995));
#791 = CARTESIAN_POINT('',(0.242997343031,-11.24254563102,
    47.423478650835));
#792 = CARTESIAN_POINT('',(4.371022428463,-9.835670817894,
    47.979007189347));
#793 = CARTESIAN_POINT('',(7.302780811827,-7.037423079994,
    48.534567086061));
#794 = CARTESIAN_POINT('',(10.140055440018,-0.187636111128,
    49.645678547257));
#795 = CARTESIAN_POINT('',(10.045640683268,3.864096513069,
    50.201239054098));
#796 = CARTESIAN_POINT('',(8.12154557876,7.777827521419,50.756765489785)
  );
#797 = CARTESIAN_POINT('',(4.50235721755,10.60690996,51.312394471304));
#798 = CARTESIAN_POINT('',(-0.100505488112,11.522573487771,
    51.867842209271));
#799 = CARTESIAN_POINT('',(-4.52694533899,10.293687957632,
    52.423499788118));
#800 = CARTESIAN_POINT('',(-7.802196004055,7.414295867234,
    52.978990534756));
#801 = CARTESIAN_POINT('',(-9.440007200292,3.707068735523,53.53457368623
    ));
#802 = CARTESIAN_POINT('',(-9.439994199378,-2.067372557035E-07,
    54.090122072572));
#803 = CARTESIAN_POINT('',(-9.439989165312,-3.707068569223,
    54.645674834258));
#804 = CARTESIAN_POINT('',(-7.802261203153,-7.414299109144,
    55.201251139199));
#805 = CARTESIAN_POINT('',(-4.526819422522,-10.29366897295,
    55.75675045511));
#806 = CARTESIAN_POINT('',(-0.100649886522,-11.52261898052,
    56.312399379134));
#807 = CARTESIAN_POINT('',(4.50245758517,-10.60685879978,56.867854135024
    ));
#808 = CARTESIAN_POINT('',(8.121505322599,-7.777855184418,
    57.423478650818));
#809 = CARTESIAN_POINT('',(10.045649132722,-3.864089932968,
    57.979007189354));
#810 = CARTESIAN_POINT('',(10.140055415507,0.18763625162,58.534567086059
    ));
#811 = CARTESIAN_POINT('',(7.302780729818,7.03742319667,59.645678547257)
  );
#812 = CARTESIAN_POINT('',(4.371011800954,9.835669496049,60.201239054097
    ));
#813 = CARTESIAN_POINT('',(0.243045369153,11.242554535768,
    60.756765489783));
#814 = CARTESIAN_POINT('',(-4.31657064028,10.683865279966,61.31239447131
    ));
#815 = CARTESIAN_POINT('',(-8.21875796213,8.076621737789,61.86784220926)
  );
#816 = CARTESIAN_POINT('',(-10.47977030552,4.077702810948,
    62.423499788135));
#817 = CARTESIAN_POINT('',(-10.75968458804,-0.27428681714,
    62.978990534741));
#818 = CARTESIAN_POINT('',(-9.296386547003,-4.053799664572,
    63.534573686237));
#819 = CARTESIAN_POINT('',(-6.675083766561,-6.675084058928,
    64.090122072577));
#820 = CARTESIAN_POINT('',(-4.053787029501,-9.296373676741,
    64.645674834268));
#821 = CARTESIAN_POINT('',(-0.274330627505,-10.75973298321,
    65.201251139191));
#822 = CARTESIAN_POINT('',(4.077778423175,-10.4796678448,65.756750455101
    ));
#823 = CARTESIAN_POINT('',(8.076551800879,-8.218892235599,
    66.312399379157));
#824 = CARTESIAN_POINT('',(10.683900074907,-4.316463493819,
    66.867854134998));
#825 = CARTESIAN_POINT('',(11.242545631022,0.242997343004,
    67.423478650838));
#826 = CARTESIAN_POINT('',(9.835670817897,4.371022428471,67.979007189344
    ));
#827 = CARTESIAN_POINT('',(7.037423079993,7.302780811827,68.534567086061
    ));
#828 = CARTESIAN_POINT('',(0.187636111129,10.140055440019,
    69.645678547256));
#829 = CARTESIAN_POINT('',(-3.864096513073,10.045640683266,
    70.201239054097));
#830 = CARTESIAN_POINT('',(-7.777827521403,8.121545578762,
    70.756765489791));
#831 = CARTESIAN_POINT('',(-10.60690996004,4.502357217552,
    71.312394471285));
#832 = CARTESIAN_POINT('',(-11.5225734877,-0.10050548813,71.867842209306
    ));
#833 = CARTESIAN_POINT('',(-10.29368795769,-4.526945338948,
    72.42349978807));
#834 = CARTESIAN_POINT('',(-7.414295867198,-7.802196004119,
    72.978990534811));
#835 = CARTESIAN_POINT('',(-3.707068735527,-9.440007200221,
    73.53457368618));
#836 = CARTESIAN_POINT('',(2.067243964898E-07,-9.439994199436,
    74.09012207261));
#837 = CARTESIAN_POINT('',(3.707068569225,-9.439989165213,
    74.645674834228));
#838 = CARTESIAN_POINT('',(7.414299109257,-7.802261203386,
    75.201251139263));
#839 = CARTESIAN_POINT('',(10.293668972699,-4.526819422141,
    75.756750454992));
#840 = CARTESIAN_POINT('',(11.522618980804,-0.100649886957,
    76.312399379279));
#841 = CARTESIAN_POINT('',(10.606858799607,4.50245758553,76.867854134896
    ));
#842 = CARTESIAN_POINT('',(7.777855184483,8.121505322388,77.423478650901
    ));
#843 = CARTESIAN_POINT('',(3.864089932958,10.045649132803,
    77.979007189317));
#844 = CARTESIAN_POINT('',(-0.187636251621,10.140055415493,
    78.534567086067));
#845 = CARTESIAN_POINT('',(-7.03742319667,7.302780729824,79.645678547253
    ));
#846 = CARTESIAN_POINT('',(-9.835669496061,4.371011800937,
    80.201239054099));
#847 = CARTESIAN_POINT('',(-11.2425545357,0.243045369199,80.756765489798
    ));
#848 = CARTESIAN_POINT('',(-10.68386528012,-4.316570640364,
    81.31239447126));
#849 = CARTESIAN_POINT('',(-8.076621737537,-8.218757962048,
    81.867842209356));
#850 = CARTESIAN_POINT('',(-4.077702811217,-10.47977030553,
    82.423499788001));
#851 = CARTESIAN_POINT('',(0.274286817345,-10.75968458812,
    82.978990534881));
#852 = CARTESIAN_POINT('',(4.053799664454,-9.296386546883,83.53457368613
    ));
#853 = CARTESIAN_POINT('',(6.675084058983,-6.675083766639,
    84.090122072629));
#854 = CARTESIAN_POINT('',(9.296373676619,-4.053787029367,
    84.645674834187));
#855 = CARTESIAN_POINT('',(10.759732983489,-0.274330627689,
    85.201251139325));
#856 = CARTESIAN_POINT('',(10.479667844383,4.077778423383,
    85.756750454919));
#857 = CARTESIAN_POINT('',(8.218892236049,8.076551800668,86.312399379346
    ));
#858 = CARTESIAN_POINT('',(4.316463493484,10.683900075093,
    86.867854134847));
#859 = CARTESIAN_POINT('',(-0.242997342828,11.242545630898,
    87.423478650928));
#860 = CARTESIAN_POINT('',(-4.371022428532,9.835670817951,
    87.979007189306));
#861 = CARTESIAN_POINT('',(-7.302780811817,7.037423079982,
    88.534567086069));
#862 = CARTESIAN_POINT('',(-10.14005544002,0.187636111134,
    89.645678547252));
#863 = CARTESIAN_POINT('',(-10.04564068326,-3.86409651309,
    90.201239054099));
#864 = CARTESIAN_POINT('',(-8.121545578759,-7.777827521343,
    90.756765489802));
#865 = CARTESIAN_POINT('',(-4.502357217583,-10.60690996017,
    91.312394471249));
#866 = CARTESIAN_POINT('',(0.100505488207,-11.52257348753,
    91.867842209374));
#867 = CARTESIAN_POINT('',(4.526945338824,-10.29368795784,
    92.423499787977));
#868 = CARTESIAN_POINT('',(7.802196004258,-7.414295867139,
    92.978990534906));
#869 = CARTESIAN_POINT('',(9.440007200111,-3.707068735524,
    93.534573686113));
#870 = CARTESIAN_POINT('',(9.439994199485,2.067176141721E-07,
    94.090122072633));
#871 = CARTESIAN_POINT('',(11.7,-9.867107131356E-15,13.827697383128));
#872 = CARTESIAN_POINT('',(11.699988698959,4.594586983457,
    14.383259740217));
#873 = CARTESIAN_POINT('',(9.670186482901,9.189253018416,14.938789111003
    ));
#874 = CARTESIAN_POINT('',(5.610551844434,12.758209801055,
    15.494406168443));
#875 = CARTESIAN_POINT('',(0.12477656426,14.281030295082,16.049864888657
    ));
#876 = CARTESIAN_POINT('',(-5.580404251707,13.146349640046,
    16.605522820534));
#877 = CARTESIAN_POINT('',(-10.06583793366,9.639877129272,
    17.161008583682));
#878 = CARTESIAN_POINT('',(-12.4506538675,4.789191154541,17.716591914133
    ));
#879 = CARTESIAN_POINT('',(-12.56765757151,-0.232558482105,
    18.272142646385));
#880 = CARTESIAN_POINT('',(-9.051119989178,-8.722232156134,
    19.38325358873));
#881 = CARTESIAN_POINT('',(-5.417462563688,-12.1904092482,
    19.938804320991));
#882 = CARTESIAN_POINT('',(-0.301244057271,-13.934054483,20.494387651394
    ));
#883 = CARTESIAN_POINT('',(5.350027777861,-13.24178083824,
    21.049873414667));
#884 = CARTESIAN_POINT('',(10.186321588646,-10.01004947144,
    21.605531346346));
#885 = CARTESIAN_POINT('',(12.988770136473,-5.054086230138,
    22.160990066767));
#886 = CARTESIAN_POINT('',(13.335591069425,0.340027749166,
    22.716607124062));
#887 = CARTESIAN_POINT('',(11.522019302124,5.024291799372,
    23.272136494912));
#888 = CARTESIAN_POINT('',(8.273147752756,8.273147475515,23.827698851986
    ));
#889 = CARTESIAN_POINT('',(5.024280635427,11.522008367395,
    24.383257056927));
#890 = CARTESIAN_POINT('',(0.340067180699,13.335632705403,
    24.938792936338));
#891 = CARTESIAN_POINT('',(-5.054152714909,12.98868143762,
    25.494401822539));
#892 = CARTESIAN_POINT('',(-10.00998727784,10.186438704469,
    26.049868839167));
#893 = CARTESIAN_POINT('',(-13.24181159769,5.349934895016,
    26.605519980431));
#894 = CARTESIAN_POINT('',(-13.93404643376,-0.301201752214,
    27.161010142786));
#895 = CARTESIAN_POINT('',(-12.19041067744,-5.417471481359,
    27.716591317889));
#896 = CARTESIAN_POINT('',(-8.722232332067,-9.051119712352,
    28.272142756834));
#897 = CARTESIAN_POINT('',(-0.23255875999,-12.5676577594,29.383253535972
    ));
#898 = CARTESIAN_POINT('',(4.789196447786,-12.45064565613,
    29.938804396373));
#899 = CARTESIAN_POINT('',(9.639852791569,-10.06587602091,
    30.494387565414));
#900 = CARTESIAN_POINT('',(13.146393861936,-5.580312204342,
    31.049873493373));
#901 = CARTESIAN_POINT('',(14.280990993874,0.124643282157,
    31.605531289026));
#902 = CARTESIAN_POINT('',(12.758226053909,5.610668755735,
    32.160990099073));
#903 = CARTESIAN_POINT('',(9.18925096334,9.670122820293,32.716607110871)
  );
#904 = CARTESIAN_POINT('',(4.594587176037,11.700008779418,
    33.272136498119));
#905 = CARTESIAN_POINT('',(1.960393007927E-07,11.699997559429,
    33.827698851985));
#906 = CARTESIAN_POINT('',(-4.594587341578,11.699993157362,
    34.383257056932));
#907 = CARTESIAN_POINT('',(-9.189252507879,9.67018012695,34.938792936325
    ));
#908 = CARTESIAN_POINT('',(-12.75821038106,5.610559065325,
    35.494401822558));
#909 = CARTESIAN_POINT('',(-14.28102976784,0.12477000034,36.04986883915)
  );
#910 = CARTESIAN_POINT('',(-13.14635001908,-5.580399532775,
    36.605519980443));
#911 = CARTESIAN_POINT('',(-9.639876921193,-10.06584052416,
    37.16101014278));
#912 = CARTESIAN_POINT('',(-4.789191234116,-12.45065287682,
    37.716591317891));
#913 = CARTESIAN_POINT('',(0.232558496846,-12.56765775502,
    38.272142756834));
#914 = CARTESIAN_POINT('',(8.722232149093,-9.05111990152,39.383253535972
    ));
#915 = CARTESIAN_POINT('',(12.190409258265,-5.417462688935,
    39.938804396373));
#916 = CARTESIAN_POINT('',(13.934054471531,-0.30124391442,
    40.494387565414));
#917 = CARTESIAN_POINT('',(13.241780848758,5.350027647104,
    41.049873493373));
#918 = CARTESIAN_POINT('',(10.010049463782,10.186321683867,
    41.605531289025));
#919 = CARTESIAN_POINT('',(5.054086234464,12.988770082805,
    42.160990099076));
#920 = CARTESIAN_POINT('',(-0.340027750934,13.335591091339,
    42.716607110869));
#921 = CARTESIAN_POINT('',(-5.024291798944,11.522019296795,
    43.27213649812));
#922 = CARTESIAN_POINT('',(-8.273147475513,8.273147752753,
    43.827698851987));
#923 = CARTESIAN_POINT('',(-11.5220083674,5.024280635428,44.383257056921
    ));
#924 = CARTESIAN_POINT('',(-13.33563270537,0.340067180706,
    44.938792936364));
#925 = CARTESIAN_POINT('',(-12.98868143768,-5.054152714922,
    45.494401822492));
#926 = CARTESIAN_POINT('',(-10.18643870439,-10.00998727784,
    46.049868839219));
#927 = CARTESIAN_POINT('',(-5.349934895078,-13.24181159769,
    46.605519980393));
#928 = CARTESIAN_POINT('',(0.301201752247,-13.93404643377,
    47.161010142806));
#929 = CARTESIAN_POINT('',(5.417471481347,-12.19041067744,
    47.716591317882));
#930 = CARTESIAN_POINT('',(9.051119712354,-8.722232332069,
    48.272142756836));
#931 = CARTESIAN_POINT('',(12.567657759403,-0.232558759989,
    49.383253535971));
#932 = CARTESIAN_POINT('',(12.450645656134,4.789196447784,
    49.938804396374));
#933 = CARTESIAN_POINT('',(10.06587602091,9.639852791576,50.494387565411
    ));
#934 = CARTESIAN_POINT('',(5.580312204354,13.14639386192,51.049873493379
    ));
#935 = CARTESIAN_POINT('',(-0.124643282166,14.2809909939,51.60553128902)
  );
#936 = CARTESIAN_POINT('',(-5.610668755738,12.75822605388,
    52.160990099075));
#937 = CARTESIAN_POINT('',(-9.670122820275,9.189250963361,
    52.716607110877));
#938 = CARTESIAN_POINT('',(-11.70000877944,4.594587176028,
    53.272136498108));
#939 = CARTESIAN_POINT('',(-11.6999975594,1.960378050794E-07,
    53.827698851995));
#940 = CARTESIAN_POINT('',(-11.69999315739,-4.594587341583,
    54.383257056901));
#941 = CARTESIAN_POINT('',(-9.670180126873,-9.189252507828,
    54.938792936406));
#942 = CARTESIAN_POINT('',(-5.610559065446,-12.75821038116,
    55.494401822432));
#943 = CARTESIAN_POINT('',(-0.124770000201,-14.28102976773,
    56.049868839277));
#944 = CARTESIAN_POINT('',(5.580399532657,-13.14635001916,
    56.605519980352));
#945 = CARTESIAN_POINT('',(10.065840524238,-9.639876921159,
    57.161010142827));
#946 = CARTESIAN_POINT('',(12.450652876801,-4.789191234124,
    57.716591317874));
#947 = CARTESIAN_POINT('',(12.567657755029,0.232558496847,
    58.272142756837));
#948 = CARTESIAN_POINT('',(9.051119901518,8.722232149093,59.383253535971
    ));
#949 = CARTESIAN_POINT('',(5.417462688942,12.190409258262,
    59.938804396375));
#950 = CARTESIAN_POINT('',(0.301243914397,13.93405447155,60.494387565409
    ));
#951 = CARTESIAN_POINT('',(-5.350027647058,13.241780848709,
    61.049873493381));
#952 = CARTESIAN_POINT('',(-10.18632168391,10.010049463857,
    61.605531289018));
#953 = CARTESIAN_POINT('',(-12.98877008278,5.054086234387,
    62.160990099072));
#954 = CARTESIAN_POINT('',(-13.33559109132,-0.340027750879,
    62.716607110887));
#955 = CARTESIAN_POINT('',(-11.52201929682,-5.024291798972,
    63.272136498098));
#956 = CARTESIAN_POINT('',(-8.273147752745,-8.273147475504,
    63.827698851997));
#957 = CARTESIAN_POINT('',(-5.02428063545,-11.52200836742,
    64.383257056907));
#958 = CARTESIAN_POINT('',(-0.340067180663,-13.33563270537,
    64.938792936359));
#959 = CARTESIAN_POINT('',(5.054152714864,-12.98868143764,
    65.494401822521));
#960 = CARTESIAN_POINT('',(10.009987277893,-10.18643870445,
    66.049868839181));
#961 = CARTESIAN_POINT('',(13.241811597666,-5.349934895024,
    66.605519980421));
#962 = CARTESIAN_POINT('',(13.93404643378,0.301201752219,67.161010142792
    ));
#963 = CARTESIAN_POINT('',(12.190410677441,5.417471481356,
    67.716591317886));
#964 = CARTESIAN_POINT('',(8.722232332068,9.051119712353,68.272142756835
    ));
#965 = CARTESIAN_POINT('',(0.232558759989,12.567657759403,
    69.383253535972));
#966 = CARTESIAN_POINT('',(-4.789196447786,12.450645656131,
    69.938804396373));
#967 = CARTESIAN_POINT('',(-9.639852791565,10.065876020918,
    70.494387565415));
#968 = CARTESIAN_POINT('',(-13.14639386194,5.580312204342,
    71.049873493369));
#969 = CARTESIAN_POINT('',(-14.28099099385,-0.124643282162,
    71.605531289033));
#970 = CARTESIAN_POINT('',(-12.75822605393,-5.610668755719,
    72.160990099069));
#971 = CARTESIAN_POINT('',(-9.18925096332,-9.670122820319,
    72.716607110867));
#972 = CARTESIAN_POINT('',(-4.594587176043,-11.70000877938,
    73.272136498132));
#973 = CARTESIAN_POINT('',(-1.960397469913E-07,-11.69999755945,
    73.82769885197));
#974 = CARTESIAN_POINT('',(4.594587341566,-11.69999315731,
    74.383257056975));
#975 = CARTESIAN_POINT('',(9.189252507971,-9.670180127051,
    74.938792936205));
#976 = CARTESIAN_POINT('',(12.758210380875,-5.610559065157,
    75.494401822751));
#977 = CARTESIAN_POINT('',(14.281029768053,-0.124770000537,
    76.04986883895));
#978 = CARTESIAN_POINT('',(13.146350018946,5.580399532946,
    76.605519980586));
#979 = CARTESIAN_POINT('',(9.639876921251,10.065840524063,
    77.161010142706));
#980 = CARTESIAN_POINT('',(4.789191234103,12.45065287687,77.716591317918
    ));
#981 = CARTESIAN_POINT('',(-0.232558496846,12.567657755017,
    78.272142756829));
#982 = CARTESIAN_POINT('',(-8.722232149093,9.051119901523,
    79.383253535974));
#983 = CARTESIAN_POINT('',(-12.19040925826,5.417462688927,
    79.938804396368));
#984 = CARTESIAN_POINT('',(-13.9340544715,0.301243914443,80.494387565425
    ));
#985 = CARTESIAN_POINT('',(-13.24178084882,-5.350027647148,
    81.049873493351));
#986 = CARTESIAN_POINT('',(-10.01004946366,-10.18632168381,
    81.605531289048));
#987 = CARTESIAN_POINT('',(-5.054086234609,-12.98877008282,
    82.160990099072));
#988 = CARTESIAN_POINT('',(0.340027751061,-13.33559109136,82.71660711084
    ));
#989 = CARTESIAN_POINT('',(5.024291798856,-11.52201929673,
    83.272136498167));
#990 = CARTESIAN_POINT('',(8.273147475561,-8.273147752804,
    83.827698851948));
#991 = CARTESIAN_POINT('',(11.522008367299,-5.024280635354,
    84.38325705702));
#992 = CARTESIAN_POINT('',(13.335632705638,-0.340067180776,
    84.938792936136));
#993 = CARTESIAN_POINT('',(12.98868143724,5.054152714973,85.494401822835
    ));
#994 = CARTESIAN_POINT('',(10.186438704883,10.009987277783,
    86.04986883887));
#995 = CARTESIAN_POINT('',(5.349934894701,13.241811597774,
    86.605519980644));
#996 = CARTESIAN_POINT('',(-0.301201752047,13.934046433699,
    87.161010142675));
#997 = CARTESIAN_POINT('',(-5.417471481416,12.19041067748,87.71659131793
    ));
#998 = CARTESIAN_POINT('',(-9.051119712344,8.72223233206,88.272142756827
    ));
#999 = CARTESIAN_POINT('',(-12.5676577594,0.232558759993,89.383253535976
    ));
#1000 = CARTESIAN_POINT('',(-12.45064565612,-4.789196447801,
    89.938804396366));
#1001 = CARTESIAN_POINT('',(-10.06587602092,-9.639852791512,
    90.494387565429));
#1002 = CARTESIAN_POINT('',(-5.580312204353,-13.14639386206,
    91.049873493344));
#1003 = CARTESIAN_POINT('',(0.124643282206,-14.28099099368,
    91.605531289058));
#1004 = CARTESIAN_POINT('',(5.610668755634,-12.75822605408,
    92.160990099066));
#1005 = CARTESIAN_POINT('',(9.670122820429,-9.189250963249,
    92.716607110834));
#1006 = CARTESIAN_POINT('',(11.700008779291,-4.594587176054,
    93.27213649818));
#1007 = CARTESIAN_POINT('',(11.6999975595,-1.960400695632E-07,
    93.827698851941));
#1008 = CARTESIAN_POINT('',(11.7,-5.405398351144E-15,12.));
#1009 = CARTESIAN_POINT('',(11.7,4.594587462673,12.555562357089));
#1010 = CARTESIAN_POINT('',(9.670155728804,9.189252861127,13.11109172788
    ));
#1011 = CARTESIAN_POINT('',(5.610611012612,12.758219228651,
    13.66670878531));
#1012 = CARTESIAN_POINT('',(0.124710019527,14.28101210188,14.22216750553
    ));
#1013 = CARTESIAN_POINT('',(-5.580358649993,13.146373211447,
    14.77782543741));
#1014 = CARTESIAN_POINT('',(-10.06585800092,9.639866003701,
    15.333311200553));
#1015 = CARTESIAN_POINT('',(-12.45065097243,4.789194445703,
    15.888894531004));
#1016 = CARTESIAN_POINT('',(-12.56765901166,-0.232558568518,
    16.444445263258));
#1017 = CARTESIAN_POINT('',(-9.051120797758,-8.722233018313,
    17.555556205601));
#1018 = CARTESIAN_POINT('',(-5.417468068074,-12.190411511,
    18.111106937856));
#1019 = CARTESIAN_POINT('',(-0.301222063456,-13.93405106682,
    18.666690268307));
#1020 = CARTESIAN_POINT('',(5.349979981119,-13.24179917831,
    19.222176031451));
#1021 = CARTESIAN_POINT('',(10.186383632174,-10.01001736966,
    19.77783396333));
#1022 = CARTESIAN_POINT('',(12.988724341409,-5.054122456431,
    20.33329268355));
#1023 = CARTESIAN_POINT('',(13.335615708789,0.340049455366,
    20.88890974098));
#1024 = CARTESIAN_POINT('',(11.522013375683,5.02428519522,
    21.444439111771));
#1025 = CARTESIAN_POINT('',(8.273149478503,8.273149201262,22.00000146886
    ));
#1026 = CARTESIAN_POINT('',(5.024285135043,11.522013544725,
    22.555559673795));
#1027 = CARTESIAN_POINT('',(0.340050039833,13.335615342098,
    23.111095553217));
#1028 = CARTESIAN_POINT('',(-5.054122648959,12.9887248362,
    23.666704439406));
#1029 = CARTESIAN_POINT('',(-10.01001682613,10.186383427112,
    24.222171456036));
#1030 = CARTESIAN_POINT('',(-13.24179935671,5.34998047099,
    24.777822597313));
#1031 = CARTESIAN_POINT('',(-13.93405092472,-0.301221977108,
    25.333312759652));
#1032 = CARTESIAN_POINT('',(-12.19041165804,-5.417467807552,
    25.888893934762));
#1033 = CARTESIAN_POINT('',(-8.722233159546,-9.051120662036,
    26.444445373707));
#1034 = CARTESIAN_POINT('',(-0.232558784074,-12.56765900279,
    27.555556152844));
#1035 = CARTESIAN_POINT('',(4.789194244203,-12.45065105979,
    28.111107013235));
#1036 = CARTESIAN_POINT('',(9.639865826919,-10.06585815434,
    28.666690182332));
#1037 = CARTESIAN_POINT('',(13.146373125393,-5.580358877661,
    29.22217611015));
#1038 = CARTESIAN_POINT('',(14.281012098542,0.124709785602,
    29.777833906017));
#1039 = CARTESIAN_POINT('',(12.758219325718,5.610610795837,
    30.333292715851));
#1040 = CARTESIAN_POINT('',(9.189253021906,9.670155576055,
    30.888909727791));
#1041 = CARTESIAN_POINT('',(4.594587659016,11.699999922721,
    31.444439114977));
#1042 = CARTESIAN_POINT('',(1.960390657585E-07,11.699999999999,
    32.000001468858));
#1043 = CARTESIAN_POINT('',(-4.594587820795,11.700000000001,
    32.555559673801));
#1044 = CARTESIAN_POINT('',(-9.189252350582,9.670155728803,
    33.111095553204));
#1045 = CARTESIAN_POINT('',(-12.75821980867,5.610611012612,
    33.666704439425));
#1046 = CARTESIAN_POINT('',(-14.28101157462,0.124710019527,
    34.222171456019));
#1047 = CARTESIAN_POINT('',(-13.14637359049,-5.580358649995,
    34.777822597323));
#1048 = CARTESIAN_POINT('',(-9.639865795618,-10.06585800092,
    35.333312759647));
#1049 = CARTESIAN_POINT('',(-4.789194525279,-12.45065097244,
    35.888893934764));
#1050 = CARTESIAN_POINT('',(0.232558583259,-12.56765901166,
    36.444445373706));
#1051 = CARTESIAN_POINT('',(8.722233011272,-9.051120797758,
    37.555556152844));
#1052 = CARTESIAN_POINT('',(12.190411521064,-5.417468068072,
    38.111107013236));
#1053 = CARTESIAN_POINT('',(13.934051055344,-0.301222063464,
    38.666690182329));
#1054 = CARTESIAN_POINT('',(13.241799188826,5.349979981135,
    39.222176110154));
#1055 = CARTESIAN_POINT('',(10.010017362001,10.186383632155,
    39.777833906012));
#1056 = CARTESIAN_POINT('',(5.054122460751,12.988724341422,
    40.333292715856));
#1057 = CARTESIAN_POINT('',(-0.340049457132,13.335615708785,
    40.888909727788));
#1058 = CARTESIAN_POINT('',(-5.024285194792,11.522013375681,
    41.444439114978));
#1059 = CARTESIAN_POINT('',(-8.273149201262,8.273149478503,
    42.000001468861));
#1060 = CARTESIAN_POINT('',(-11.52201354472,5.024285135043,
    42.55555967379));
#1061 = CARTESIAN_POINT('',(-13.33561534209,0.340050039833,
    43.111095553243));
#1062 = CARTESIAN_POINT('',(-12.9887248362,-5.05412264896,
    43.666704439359));
#1063 = CARTESIAN_POINT('',(-10.1863834271,-10.01001682613,
    44.222171456088));
#1064 = CARTESIAN_POINT('',(-5.349980470998,-13.24179935671,
    44.777822597274));
#1065 = CARTESIAN_POINT('',(0.301221977113,-13.93405092472,
    45.333312759672));
#1066 = CARTESIAN_POINT('',(5.41746780755,-12.19041165804,
    45.888893934755));
#1067 = CARTESIAN_POINT('',(9.051120662037,-8.722233159546,
    46.444445373708));
#1068 = CARTESIAN_POINT('',(12.567659002793,-0.232558784073,
    47.555556152844));
#1069 = CARTESIAN_POINT('',(12.450651059797,4.789194244203,
    48.111107013237));
#1070 = CARTESIAN_POINT('',(10.065858154341,9.639865826917,
    48.666690182327));
#1071 = CARTESIAN_POINT('',(5.580358877677,13.146373125398,
    49.222176110159));
#1072 = CARTESIAN_POINT('',(-0.124709785625,14.281012098538,
    49.777833906007));
#1073 = CARTESIAN_POINT('',(-5.610610795817,12.758219325717,
    50.333292715856));
#1074 = CARTESIAN_POINT('',(-9.670155576066,9.189253021911,
    50.888909727796));
#1075 = CARTESIAN_POINT('',(-11.69999992271,4.59458765901,
    51.444439114967));
#1076 = CARTESIAN_POINT('',(-11.69999999999,1.960405722097E-07,
    52.000001468869));
#1077 = CARTESIAN_POINT('',(-11.7,-4.594587820797,52.55555967377));
#1078 = CARTESIAN_POINT('',(-9.670155728804,-9.189252350578,
    53.111095553285));
#1079 = CARTESIAN_POINT('',(-5.61061101261,-12.75821980868,
    53.666704439299));
#1080 = CARTESIAN_POINT('',(-0.124710019529,-14.28101157462,
    54.222171456147));
#1081 = CARTESIAN_POINT('',(5.580358649994,-13.1463735905,
    54.777822597233));
#1082 = CARTESIAN_POINT('',(10.065858000929,-9.639865795612,
    55.333312759694));
#1083 = CARTESIAN_POINT('',(12.450650972439,-4.789194525282,
    55.888893934747));
#1084 = CARTESIAN_POINT('',(12.567659011668,0.232558583259,
    56.44444537371));
#1085 = CARTESIAN_POINT('',(9.051120797758,8.722233011272,
    57.555556152843));
#1086 = CARTESIAN_POINT('',(5.417468068074,12.190411521063,
    58.111107013238));
#1087 = CARTESIAN_POINT('',(0.301222063453,13.934051055348,
    58.666690182324));
#1088 = CARTESIAN_POINT('',(-5.349979981109,13.241799188816,
    59.222176110162));
#1089 = CARTESIAN_POINT('',(-10.18638363218,10.010017362014,
    59.777833906004));
#1090 = CARTESIAN_POINT('',(-12.98872434139,5.054122460741,
    60.333292715853));
#1091 = CARTESIAN_POINT('',(-13.33561570879,-0.340049457126,
    60.888909727806));
#1092 = CARTESIAN_POINT('',(-11.52201337568,-5.024285194794,
    61.444439114957));
#1093 = CARTESIAN_POINT('',(-8.273149478503,-8.273149201261,
    62.000001468871));
#1094 = CARTESIAN_POINT('',(-5.024285135042,-11.52201354472,
    62.555559673776));
#1095 = CARTESIAN_POINT('',(-0.340050039835,-13.33561534209,
    63.111095553237));
#1096 = CARTESIAN_POINT('',(5.05412264896,-12.9887248362,63.666704439388
    ));
#1097 = CARTESIAN_POINT('',(10.01001682614,-10.18638342711,
    64.222171456051));
#1098 = CARTESIAN_POINT('',(13.241799356712,-5.34998047099,
    64.777822597302));
#1099 = CARTESIAN_POINT('',(13.93405092473,0.301221977108,
    65.333312759659));
#1100 = CARTESIAN_POINT('',(12.190411658045,5.417467807551,
    65.888893934759));
#1101 = CARTESIAN_POINT('',(8.722233159546,9.051120662037,
    66.444445373707));
#1102 = CARTESIAN_POINT('',(0.232558784073,12.567659002793,
    67.555556152844));
#1103 = CARTESIAN_POINT('',(-4.789194244202,12.450651059796,
    68.111107013236));
#1104 = CARTESIAN_POINT('',(-9.639865826923,10.065858154348,
    68.66669018233));
#1105 = CARTESIAN_POINT('',(-13.14637312538,5.580358877659,
    69.22217611015));
#1106 = CARTESIAN_POINT('',(-14.28101209855,-0.124709785599,
    69.777833906019));
#1107 = CARTESIAN_POINT('',(-12.7582193257,-5.61061079584,
    70.333292715851));
#1108 = CARTESIAN_POINT('',(-9.189253021908,-9.670155576052,
    70.888909727786));
#1109 = CARTESIAN_POINT('',(-4.594587659017,-11.69999992272,
    71.44443911499));
#1110 = CARTESIAN_POINT('',(-1.96034896871E-07,-11.69999999999,
    72.000001468844));
#1111 = CARTESIAN_POINT('',(4.594587820788,-11.7,72.555559673844));
#1112 = CARTESIAN_POINT('',(9.189252350599,-9.670155728798,
    73.111095553084));
#1113 = CARTESIAN_POINT('',(12.758219808647,-5.610611012621,
    73.666704439618));
#1114 = CARTESIAN_POINT('',(14.28101157466,-0.124710019518,
    74.222171455818));
#1115 = CARTESIAN_POINT('',(13.146373590473,5.580358649989,
    74.777822597468));
#1116 = CARTESIAN_POINT('',(9.639865795631,10.06585800093,
    75.333312759572));
#1117 = CARTESIAN_POINT('',(4.789194525275,12.450650972439,
    75.888893934791));
#1118 = CARTESIAN_POINT('',(-0.232558583258,12.567659011669,
    76.444445373702));
#1119 = CARTESIAN_POINT('',(-8.722233011273,9.051120797758,
    77.555556152846));
#1120 = CARTESIAN_POINT('',(-12.19041152106,5.417468068074,
    78.111107013232));
#1121 = CARTESIAN_POINT('',(-13.93405105534,0.301222063458,
    78.666690182339));
#1122 = CARTESIAN_POINT('',(-13.24179918881,-5.349979981129,
    79.222176110134));
#1123 = CARTESIAN_POINT('',(-10.01001736201,-10.18638363215,
    79.777833906034));
#1124 = CARTESIAN_POINT('',(-5.054122460745,-12.98872434142,
    80.333292715854));
#1125 = CARTESIAN_POINT('',(0.340049457132,-13.33561570877,
    80.888909727759));
#1126 = CARTESIAN_POINT('',(5.024285194787,-11.52201337569,
    81.444439115026));
#1127 = CARTESIAN_POINT('',(8.273149201265,-8.273149478499,
    82.000001468822));
#1128 = CARTESIAN_POINT('',(11.522013544718,-5.02428513505,
    82.555559673889));
#1129 = CARTESIAN_POINT('',(13.335615342108,-0.340050039818,
    83.111095553015));
#1130 = CARTESIAN_POINT('',(12.988724836186,5.054122648934,83.6667044397
    ));
#1131 = CARTESIAN_POINT('',(10.18638342713,10.010016826167,
    84.222171455742));
#1132 = CARTESIAN_POINT('',(5.349980470974,13.241799356692,
    84.777822597522));
#1133 = CARTESIAN_POINT('',(-0.301221977098,13.93405092474,
    85.333312759543));
#1134 = CARTESIAN_POINT('',(-5.417467807556,12.190411658041,
    85.888893934802));
#1135 = CARTESIAN_POINT('',(-9.051120662036,8.722233159546,86.4444453737
    ));
#1136 = CARTESIAN_POINT('',(-12.56765900279,0.232558784073,
    87.555556152847));
#1137 = CARTESIAN_POINT('',(-12.45065105979,-4.789194244203,
    88.111107013231));
#1138 = CARTESIAN_POINT('',(-10.06585815435,-9.639865826913,
    88.666690182342));
#1139 = CARTESIAN_POINT('',(-5.58035887765,-13.14637312541,
    89.222176110129));
#1140 = CARTESIAN_POINT('',(0.124709785585,-14.28101209851,
    89.777833906041));
#1141 = CARTESIAN_POINT('',(5.610610795853,-12.75821932574,
    90.33329271585));
#1142 = CARTESIAN_POINT('',(9.670155576046,-9.189253021887,
    90.888909727752));
#1143 = CARTESIAN_POINT('',(11.699999922722,-4.594587659026,
    91.444439115038));
#1144 = CARTESIAN_POINT('',(11.699999999998,-1.96033459663E-07,
    92.000001468814));
#1145 = ADVANCED_FACE('',(#1146),#1149,.F.);
#1146 = FACE_BOUND('',#1147,.F.);
#1147 = EDGE_LOOP('',(#1148));
#1148 = ORIENTED_EDGE('',*,*,#176,.T.);
#1149 = PLANE('',#1150);
#1150 = AXIS2_PLACEMENT_3D('',#1151,#1152,#1153);
#1151 = CARTESIAN_POINT('',(10.600174265558,-7.576026723891E-15,12.));
#1152 = DIRECTION('',(-7.761691418617E-16,1.,-7.037655570988E-16));
#1153 = DIRECTION('',(1.,7.761691418617E-16,1.860883552881E-47));
#1154 = ADVANCED_FACE('',(#1155),#1158,.T.);
#1155 = FACE_BOUND('',#1156,.T.);
#1156 = EDGE_LOOP('',(#1157));
#1157 = ORIENTED_EDGE('',*,*,#165,.T.);
#1158 = PLANE('',#1159);
#1159 = AXIS2_PLACEMENT_3D('',#1160,#1161,#1162);
#1160 = CARTESIAN_POINT('',(10.600174265558,-3.181183046947E-11,
    92.000000000233));
#1161 = DIRECTION('',(1.782115488481E-07,1.,3.855616513817E-12));
#1162 = DIRECTION('',(1.,-1.782115488481E-07,7.091204837592E-35));
#1163 = ( GEOMETRIC_REPRESENTATION_CONTEXT(3) 
GLOBAL_UNCERTAINTY_ASSIGNED_CONTEXT((#1167)) 
GLOBAL_UNIT_ASSIGNED_CONTEXT((#1164,#1165,#1166)) REPRESENTATION_CONTEXT
('Context #1','3D Context with UNIT and UNCERTAINTY') );
#1164 = ( LENGTH_UNIT() NAMED_UNIT(*) SI_UNIT(.MILLI.,.METRE.) );
#1165 = ( NAMED_UNIT(*) PLANE_ANGLE_UNIT() SI_UNIT($,.RADIAN.) );
#1166 = ( NAMED_UNIT(*) SI_UNIT($,.STERADIAN.) SOLID_ANGLE_UNIT() );
#1167 = UNCERTAINTY_MEASURE_WITH_UNIT(LENGTH_MEASURE(5.E-06),#1164,
  'distance_accuracy_value','confusion accuracy');
#1168 = PRODUCT_RELATED_PRODUCT_CATEGORY('part',$,(#7));
ENDSEC;
END-ISO-10303-21;
