ISO-10303-21;
HEADER;
FILE_DESCRIPTION(('FreeCAD Model'),'2;1');
FILE_NAME('Open CASCADE Shape Model','2026-09-13T17:27:09',('FreeCAD'),(
    'FreeCAD'),'Open CASCADE STEP processor 7.8','FreeCAD','Unknown');
FILE_SCHEMA(('AUTOMOTIVE_DESIGN { 1 0 10303 214 1 1 1 1 }'));
ENDSEC;
DATA;
#1 = APPLICATION_PROTOCOL_DEFINITION('international standard',
  'automotive_design',2000,#2);
#2 = APPLICATION_CONTEXT(
  'core data for automotive mechanical design processes');
#3 = SHAPE_DEFINITION_REPRESENTATION(#4,#10);
#4 = PRODUCT_DEFINITION_SHAPE('','',#5);
#5 = PRODUCT_DEFINITION('design','',#6,#9);
#6 = PRODUCT_DEFINITION_FORMATION('','',#7);
#7 = PRODUCT('Open CASCADE STEP translator 7.8 1',
  'Open CASCADE STEP translator 7.8 1','',(#8));
#8 = PRODUCT_CONTEXT('',#2,'mechanical');
#9 = PRODUCT_DEFINITION_CONTEXT('part definition',#2,'design');
#10 = SHAPE_REPRESENTATION('',(#11,#15,#555,#939,#1947,#2039,#2131,#2223
    ,#2315,#2407,#2499,#2591,#2683,#2775,#2867,#2959),#3051);
#11 = AXIS2_PLACEMENT_3D('',#12,#13,#14);
#12 = CARTESIAN_POINT('',(0.,0.,0.));
#13 = DIRECTION('',(0.,0.,1.));
#14 = DIRECTION('',(1.,0.,-0.));
#15 = MANIFOLD_SOLID_BREP('',#16);
#16 = CLOSED_SHELL('',(#17,#57,#88,#222,#246,#373,#385,#402,#419,#436,
    #453,#470,#487,#504,#521,#538));
#17 = ADVANCED_FACE('',(#18),#52,.F.);
#18 = FACE_BOUND('',#19,.F.);
#19 = EDGE_LOOP('',(#20,#30,#38,#46));
#20 = ORIENTED_EDGE('',*,*,#21,.F.);
#21 = EDGE_CURVE('',#22,#24,#26,.T.);
#22 = VERTEX_POINT('',#23);
#23 = CARTESIAN_POINT('',(-200.,-95.,65.));
#24 = VERTEX_POINT('',#25);
#25 = CARTESIAN_POINT('',(-200.,-95.,69.));
#26 = LINE('',#27,#28);
#27 = CARTESIAN_POINT('',(-200.,-95.,65.));
#28 = VECTOR('',#29,1.);
#29 = DIRECTION('',(0.,0.,1.));
#30 = ORIENTED_EDGE('',*,*,#31,.T.);
#31 = EDGE_CURVE('',#22,#32,#34,.T.);
#32 = VERTEX_POINT('',#33);
#33 = CARTESIAN_POINT('',(-200.,95.,65.));
#34 = LINE('',#35,#36);
#35 = CARTESIAN_POINT('',(-200.,-95.,65.));
#36 = VECTOR('',#37,1.);
#37 = DIRECTION('',(0.,1.,0.));
#38 = ORIENTED_EDGE('',*,*,#39,.T.);
#39 = EDGE_CURVE('',#32,#40,#42,.T.);
#40 = VERTEX_POINT('',#41);
#41 = CARTESIAN_POINT('',(-200.,95.,69.));
#42 = LINE('',#43,#44);
#43 = CARTESIAN_POINT('',(-200.,95.,65.));
#44 = VECTOR('',#45,1.);
#45 = DIRECTION('',(0.,0.,1.));
#46 = ORIENTED_EDGE('',*,*,#47,.F.);
#47 = EDGE_CURVE('',#24,#40,#48,.T.);
#48 = LINE('',#49,#50);
#49 = CARTESIAN_POINT('',(-200.,-95.,69.));
#50 = VECTOR('',#51,1.);
#51 = DIRECTION('',(0.,1.,0.));
#52 = PLANE('',#53);
#53 = AXIS2_PLACEMENT_3D('',#54,#55,#56);
#54 = CARTESIAN_POINT('',(-200.,-95.,65.));
#55 = DIRECTION('',(1.,0.,0.));
#56 = DIRECTION('',(0.,0.,1.));
#57 = ADVANCED_FACE('',(#58),#83,.F.);
#58 = FACE_BOUND('',#59,.F.);
#59 = EDGE_LOOP('',(#60,#68,#69,#77));
#60 = ORIENTED_EDGE('',*,*,#61,.F.);
#61 = EDGE_CURVE('',#22,#62,#64,.T.);
#62 = VERTEX_POINT('',#63);
#63 = CARTESIAN_POINT('',(200.,-95.,65.));
#64 = LINE('',#65,#66);
#65 = CARTESIAN_POINT('',(-200.,-95.,65.));
#66 = VECTOR('',#67,1.);
#67 = DIRECTION('',(1.,0.,0.));
#68 = ORIENTED_EDGE('',*,*,#21,.T.);
#69 = ORIENTED_EDGE('',*,*,#70,.T.);
#70 = EDGE_CURVE('',#24,#71,#73,.T.);
#71 = VERTEX_POINT('',#72);
#72 = CARTESIAN_POINT('',(200.,-95.,69.));
#73 = LINE('',#74,#75);
#74 = CARTESIAN_POINT('',(-200.,-95.,69.));
#75 = VECTOR('',#76,1.);
#76 = DIRECTION('',(1.,0.,0.));
#77 = ORIENTED_EDGE('',*,*,#78,.F.);
#78 = EDGE_CURVE('',#62,#71,#79,.T.);
#79 = LINE('',#80,#81);
#80 = CARTESIAN_POINT('',(200.,-95.,65.));
#81 = VECTOR('',#82,1.);
#82 = DIRECTION('',(0.,0.,1.));
#83 = PLANE('',#84);
#84 = AXIS2_PLACEMENT_3D('',#85,#86,#87);
#85 = CARTESIAN_POINT('',(-200.,-95.,65.));
#86 = DIRECTION('',(0.,1.,0.));
#87 = DIRECTION('',(0.,0.,1.));
#88 = ADVANCED_FACE('',(#89,#107,#118,#129,#140,#151,#162,#173,#184,#195
    ,#206),#217,.T.);
#89 = FACE_BOUND('',#90,.T.);
#90 = EDGE_LOOP('',(#91,#92,#93,#101));
#91 = ORIENTED_EDGE('',*,*,#47,.F.);
#92 = ORIENTED_EDGE('',*,*,#70,.T.);
#93 = ORIENTED_EDGE('',*,*,#94,.T.);
#94 = EDGE_CURVE('',#71,#95,#97,.T.);
#95 = VERTEX_POINT('',#96);
#96 = CARTESIAN_POINT('',(200.,95.,69.));
#97 = LINE('',#98,#99);
#98 = CARTESIAN_POINT('',(200.,-95.,69.));
#99 = VECTOR('',#100,1.);
#100 = DIRECTION('',(0.,1.,0.));
#101 = ORIENTED_EDGE('',*,*,#102,.F.);
#102 = EDGE_CURVE('',#40,#95,#103,.T.);
#103 = LINE('',#104,#105);
#104 = CARTESIAN_POINT('',(-200.,95.,69.));
#105 = VECTOR('',#106,1.);
#106 = DIRECTION('',(1.,0.,0.));
#107 = FACE_BOUND('',#108,.T.);
#108 = EDGE_LOOP('',(#109));
#109 = ORIENTED_EDGE('',*,*,#110,.T.);
#110 = EDGE_CURVE('',#111,#111,#113,.T.);
#111 = VERTEX_POINT('',#112);
#112 = CARTESIAN_POINT('',(-142.75,-75.,69.));
#113 = CIRCLE('',#114,2.25);
#114 = AXIS2_PLACEMENT_3D('',#115,#116,#117);
#115 = CARTESIAN_POINT('',(-145.,-75.,69.));
#116 = DIRECTION('',(0.,0.,-1.));
#117 = DIRECTION('',(1.,0.,0.));
#118 = FACE_BOUND('',#119,.T.);
#119 = EDGE_LOOP('',(#120));
#120 = ORIENTED_EDGE('',*,*,#121,.T.);
#121 = EDGE_CURVE('',#122,#122,#124,.T.);
#122 = VERTEX_POINT('',#123);
#123 = CARTESIAN_POINT('',(-182.75,-60.,69.));
#124 = CIRCLE('',#125,2.25);
#125 = AXIS2_PLACEMENT_3D('',#126,#127,#128);
#126 = CARTESIAN_POINT('',(-185.,-60.,69.));
#127 = DIRECTION('',(0.,0.,-1.));
#128 = DIRECTION('',(1.,0.,0.));
#129 = FACE_BOUND('',#130,.T.);
#130 = EDGE_LOOP('',(#131));
#131 = ORIENTED_EDGE('',*,*,#132,.T.);
#132 = EDGE_CURVE('',#133,#133,#135,.T.);
#133 = VERTEX_POINT('',#134);
#134 = CARTESIAN_POINT('',(2.25,-75.,69.));
#135 = CIRCLE('',#136,2.25);
#136 = AXIS2_PLACEMENT_3D('',#137,#138,#139);
#137 = CARTESIAN_POINT('',(0.,-75.,69.));
#138 = DIRECTION('',(0.,0.,-1.));
#139 = DIRECTION('',(1.,0.,0.));
#140 = FACE_BOUND('',#141,.T.);
#141 = EDGE_LOOP('',(#142));
#142 = ORIENTED_EDGE('',*,*,#143,.T.);
#143 = EDGE_CURVE('',#144,#144,#146,.T.);
#144 = VERTEX_POINT('',#145);
#145 = CARTESIAN_POINT('',(147.25,-75.,69.));
#146 = CIRCLE('',#147,2.25);
#147 = AXIS2_PLACEMENT_3D('',#148,#149,#150);
#148 = CARTESIAN_POINT('',(145.,-75.,69.));
#149 = DIRECTION('',(0.,0.,-1.));
#150 = DIRECTION('',(1.,0.,0.));
#151 = FACE_BOUND('',#152,.T.);
#152 = EDGE_LOOP('',(#153));
#153 = ORIENTED_EDGE('',*,*,#154,.T.);
#154 = EDGE_CURVE('',#155,#155,#157,.T.);
#155 = VERTEX_POINT('',#156);
#156 = CARTESIAN_POINT('',(187.25,-60.,69.));
#157 = CIRCLE('',#158,2.25);
#158 = AXIS2_PLACEMENT_3D('',#159,#160,#161);
#159 = CARTESIAN_POINT('',(185.,-60.,69.));
#160 = DIRECTION('',(0.,0.,-1.));
#161 = DIRECTION('',(1.,0.,0.));
#162 = FACE_BOUND('',#163,.T.);
#163 = EDGE_LOOP('',(#164));
#164 = ORIENTED_EDGE('',*,*,#165,.T.);
#165 = EDGE_CURVE('',#166,#166,#168,.T.);
#166 = VERTEX_POINT('',#167);
#167 = CARTESIAN_POINT('',(-182.75,60.,69.));
#168 = CIRCLE('',#169,2.25);
#169 = AXIS2_PLACEMENT_3D('',#170,#171,#172);
#170 = CARTESIAN_POINT('',(-185.,60.,69.));
#171 = DIRECTION('',(0.,0.,-1.));
#172 = DIRECTION('',(1.,0.,0.));
#173 = FACE_BOUND('',#174,.T.);
#174 = EDGE_LOOP('',(#175));
#175 = ORIENTED_EDGE('',*,*,#176,.T.);
#176 = EDGE_CURVE('',#177,#177,#179,.T.);
#177 = VERTEX_POINT('',#178);
#178 = CARTESIAN_POINT('',(-142.75,75.,69.));
#179 = CIRCLE('',#180,2.25);
#180 = AXIS2_PLACEMENT_3D('',#181,#182,#183);
#181 = CARTESIAN_POINT('',(-145.,75.,69.));
#182 = DIRECTION('',(0.,0.,-1.));
#183 = DIRECTION('',(1.,0.,0.));
#184 = FACE_BOUND('',#185,.T.);
#185 = EDGE_LOOP('',(#186));
#186 = ORIENTED_EDGE('',*,*,#187,.T.);
#187 = EDGE_CURVE('',#188,#188,#190,.T.);
#188 = VERTEX_POINT('',#189);
#189 = CARTESIAN_POINT('',(2.25,75.,69.));
#190 = CIRCLE('',#191,2.25);
#191 = AXIS2_PLACEMENT_3D('',#192,#193,#194);
#192 = CARTESIAN_POINT('',(0.,75.,69.));
#193 = DIRECTION('',(0.,0.,-1.));
#194 = DIRECTION('',(1.,0.,0.));
#195 = FACE_BOUND('',#196,.T.);
#196 = EDGE_LOOP('',(#197));
#197 = ORIENTED_EDGE('',*,*,#198,.T.);
#198 = EDGE_CURVE('',#199,#199,#201,.T.);
#199 = VERTEX_POINT('',#200);
#200 = CARTESIAN_POINT('',(187.25,60.,69.));
#201 = CIRCLE('',#202,2.25);
#202 = AXIS2_PLACEMENT_3D('',#203,#204,#205);
#203 = CARTESIAN_POINT('',(185.,60.,69.));
#204 = DIRECTION('',(0.,0.,-1.));
#205 = DIRECTION('',(1.,0.,0.));
#206 = FACE_BOUND('',#207,.T.);
#207 = EDGE_LOOP('',(#208));
#208 = ORIENTED_EDGE('',*,*,#209,.T.);
#209 = EDGE_CURVE('',#210,#210,#212,.T.);
#210 = VERTEX_POINT('',#211);
#211 = CARTESIAN_POINT('',(147.25,75.,69.));
#212 = CIRCLE('',#213,2.25);
#213 = AXIS2_PLACEMENT_3D('',#214,#215,#216);
#214 = CARTESIAN_POINT('',(145.,75.,69.));
#215 = DIRECTION('',(0.,0.,-1.));
#216 = DIRECTION('',(1.,0.,0.));
#217 = PLANE('',#218);
#218 = AXIS2_PLACEMENT_3D('',#219,#220,#221);
#219 = CARTESIAN_POINT('',(-200.,-95.,69.));
#220 = DIRECTION('',(0.,0.,1.));
#221 = DIRECTION('',(1.,0.,0.));
#222 = ADVANCED_FACE('',(#223),#241,.T.);
#223 = FACE_BOUND('',#224,.T.);
#224 = EDGE_LOOP('',(#225,#233,#234,#235));
#225 = ORIENTED_EDGE('',*,*,#226,.F.);
#226 = EDGE_CURVE('',#32,#227,#229,.T.);
#227 = VERTEX_POINT('',#228);
#228 = CARTESIAN_POINT('',(200.,95.,65.));
#229 = LINE('',#230,#231);
#230 = CARTESIAN_POINT('',(-200.,95.,65.));
#231 = VECTOR('',#232,1.);
#232 = DIRECTION('',(1.,0.,0.));
#233 = ORIENTED_EDGE('',*,*,#39,.T.);
#234 = ORIENTED_EDGE('',*,*,#102,.T.);
#235 = ORIENTED_EDGE('',*,*,#236,.F.);
#236 = EDGE_CURVE('',#227,#95,#237,.T.);
#237 = LINE('',#238,#239);
#238 = CARTESIAN_POINT('',(200.,95.,65.));
#239 = VECTOR('',#240,1.);
#240 = DIRECTION('',(0.,0.,1.));
#241 = PLANE('',#242);
#242 = AXIS2_PLACEMENT_3D('',#243,#244,#245);
#243 = CARTESIAN_POINT('',(-200.,95.,65.));
#244 = DIRECTION('',(0.,1.,0.));
#245 = DIRECTION('',(0.,0.,1.));
#246 = ADVANCED_FACE('',(#247,#258,#269,#280,#291,#302,#313,#324,#335,
    #346,#357),#368,.F.);
#247 = FACE_BOUND('',#248,.F.);
#248 = EDGE_LOOP('',(#249,#250,#251,#257));
#249 = ORIENTED_EDGE('',*,*,#31,.F.);
#250 = ORIENTED_EDGE('',*,*,#61,.T.);
#251 = ORIENTED_EDGE('',*,*,#252,.T.);
#252 = EDGE_CURVE('',#62,#227,#253,.T.);
#253 = LINE('',#254,#255);
#254 = CARTESIAN_POINT('',(200.,-95.,65.));
#255 = VECTOR('',#256,1.);
#256 = DIRECTION('',(0.,1.,0.));
#257 = ORIENTED_EDGE('',*,*,#226,.F.);
#258 = FACE_BOUND('',#259,.F.);
#259 = EDGE_LOOP('',(#260));
#260 = ORIENTED_EDGE('',*,*,#261,.T.);
#261 = EDGE_CURVE('',#262,#262,#264,.T.);
#262 = VERTEX_POINT('',#263);
#263 = CARTESIAN_POINT('',(-142.75,-75.,65.));
#264 = CIRCLE('',#265,2.25);
#265 = AXIS2_PLACEMENT_3D('',#266,#267,#268);
#266 = CARTESIAN_POINT('',(-145.,-75.,65.));
#267 = DIRECTION('',(0.,0.,-1.));
#268 = DIRECTION('',(1.,0.,0.));
#269 = FACE_BOUND('',#270,.F.);
#270 = EDGE_LOOP('',(#271));
#271 = ORIENTED_EDGE('',*,*,#272,.T.);
#272 = EDGE_CURVE('',#273,#273,#275,.T.);
#273 = VERTEX_POINT('',#274);
#274 = CARTESIAN_POINT('',(-182.75,-60.,65.));
#275 = CIRCLE('',#276,2.25);
#276 = AXIS2_PLACEMENT_3D('',#277,#278,#279);
#277 = CARTESIAN_POINT('',(-185.,-60.,65.));
#278 = DIRECTION('',(0.,0.,-1.));
#279 = DIRECTION('',(1.,0.,0.));
#280 = FACE_BOUND('',#281,.F.);
#281 = EDGE_LOOP('',(#282));
#282 = ORIENTED_EDGE('',*,*,#283,.T.);
#283 = EDGE_CURVE('',#284,#284,#286,.T.);
#284 = VERTEX_POINT('',#285);
#285 = CARTESIAN_POINT('',(2.25,-75.,65.));
#286 = CIRCLE('',#287,2.25);
#287 = AXIS2_PLACEMENT_3D('',#288,#289,#290);
#288 = CARTESIAN_POINT('',(0.,-75.,65.));
#289 = DIRECTION('',(0.,0.,-1.));
#290 = DIRECTION('',(1.,0.,0.));
#291 = FACE_BOUND('',#292,.F.);
#292 = EDGE_LOOP('',(#293));
#293 = ORIENTED_EDGE('',*,*,#294,.T.);
#294 = EDGE_CURVE('',#295,#295,#297,.T.);
#295 = VERTEX_POINT('',#296);
#296 = CARTESIAN_POINT('',(147.25,-75.,65.));
#297 = CIRCLE('',#298,2.25);
#298 = AXIS2_PLACEMENT_3D('',#299,#300,#301);
#299 = CARTESIAN_POINT('',(145.,-75.,65.));
#300 = DIRECTION('',(0.,0.,-1.));
#301 = DIRECTION('',(1.,0.,0.));
#302 = FACE_BOUND('',#303,.F.);
#303 = EDGE_LOOP('',(#304));
#304 = ORIENTED_EDGE('',*,*,#305,.T.);
#305 = EDGE_CURVE('',#306,#306,#308,.T.);
#306 = VERTEX_POINT('',#307);
#307 = CARTESIAN_POINT('',(187.25,-60.,65.));
#308 = CIRCLE('',#309,2.25);
#309 = AXIS2_PLACEMENT_3D('',#310,#311,#312);
#310 = CARTESIAN_POINT('',(185.,-60.,65.));
#311 = DIRECTION('',(0.,0.,-1.));
#312 = DIRECTION('',(1.,0.,0.));
#313 = FACE_BOUND('',#314,.F.);
#314 = EDGE_LOOP('',(#315));
#315 = ORIENTED_EDGE('',*,*,#316,.T.);
#316 = EDGE_CURVE('',#317,#317,#319,.T.);
#317 = VERTEX_POINT('',#318);
#318 = CARTESIAN_POINT('',(-182.75,60.,65.));
#319 = CIRCLE('',#320,2.25);
#320 = AXIS2_PLACEMENT_3D('',#321,#322,#323);
#321 = CARTESIAN_POINT('',(-185.,60.,65.));
#322 = DIRECTION('',(0.,0.,-1.));
#323 = DIRECTION('',(1.,0.,0.));
#324 = FACE_BOUND('',#325,.F.);
#325 = EDGE_LOOP('',(#326));
#326 = ORIENTED_EDGE('',*,*,#327,.T.);
#327 = EDGE_CURVE('',#328,#328,#330,.T.);
#328 = VERTEX_POINT('',#329);
#329 = CARTESIAN_POINT('',(-142.75,75.,65.));
#330 = CIRCLE('',#331,2.25);
#331 = AXIS2_PLACEMENT_3D('',#332,#333,#334);
#332 = CARTESIAN_POINT('',(-145.,75.,65.));
#333 = DIRECTION('',(0.,0.,-1.));
#334 = DIRECTION('',(1.,0.,0.));
#335 = FACE_BOUND('',#336,.F.);
#336 = EDGE_LOOP('',(#337));
#337 = ORIENTED_EDGE('',*,*,#338,.T.);
#338 = EDGE_CURVE('',#339,#339,#341,.T.);
#339 = VERTEX_POINT('',#340);
#340 = CARTESIAN_POINT('',(2.25,75.,65.));
#341 = CIRCLE('',#342,2.25);
#342 = AXIS2_PLACEMENT_3D('',#343,#344,#345);
#343 = CARTESIAN_POINT('',(0.,75.,65.));
#344 = DIRECTION('',(0.,0.,-1.));
#345 = DIRECTION('',(1.,0.,0.));
#346 = FACE_BOUND('',#347,.F.);
#347 = EDGE_LOOP('',(#348));
#348 = ORIENTED_EDGE('',*,*,#349,.T.);
#349 = EDGE_CURVE('',#350,#350,#352,.T.);
#350 = VERTEX_POINT('',#351);
#351 = CARTESIAN_POINT('',(187.25,60.,65.));
#352 = CIRCLE('',#353,2.25);
#353 = AXIS2_PLACEMENT_3D('',#354,#355,#356);
#354 = CARTESIAN_POINT('',(185.,60.,65.));
#355 = DIRECTION('',(0.,0.,-1.));
#356 = DIRECTION('',(1.,0.,0.));
#357 = FACE_BOUND('',#358,.F.);
#358 = EDGE_LOOP('',(#359));
#359 = ORIENTED_EDGE('',*,*,#360,.T.);
#360 = EDGE_CURVE('',#361,#361,#363,.T.);
#361 = VERTEX_POINT('',#362);
#362 = CARTESIAN_POINT('',(147.25,75.,65.));
#363 = CIRCLE('',#364,2.25);
#364 = AXIS2_PLACEMENT_3D('',#365,#366,#367);
#365 = CARTESIAN_POINT('',(145.,75.,65.));
#366 = DIRECTION('',(0.,0.,-1.));
#367 = DIRECTION('',(1.,0.,0.));
#368 = PLANE('',#369);
#369 = AXIS2_PLACEMENT_3D('',#370,#371,#372);
#370 = CARTESIAN_POINT('',(-200.,-95.,65.));
#371 = DIRECTION('',(0.,0.,1.));
#372 = DIRECTION('',(1.,0.,0.));
#373 = ADVANCED_FACE('',(#374),#380,.T.);
#374 = FACE_BOUND('',#375,.T.);
#375 = EDGE_LOOP('',(#376,#377,#378,#379));
#376 = ORIENTED_EDGE('',*,*,#78,.F.);
#377 = ORIENTED_EDGE('',*,*,#252,.T.);
#378 = ORIENTED_EDGE('',*,*,#236,.T.);
#379 = ORIENTED_EDGE('',*,*,#94,.F.);
#380 = PLANE('',#381);
#381 = AXIS2_PLACEMENT_3D('',#382,#383,#384);
#382 = CARTESIAN_POINT('',(200.,-95.,65.));
#383 = DIRECTION('',(1.,0.,0.));
#384 = DIRECTION('',(0.,0.,1.));
#385 = ADVANCED_FACE('',(#386),#397,.F.);
#386 = FACE_BOUND('',#387,.T.);
#387 = EDGE_LOOP('',(#388,#389,#395,#396));
#388 = ORIENTED_EDGE('',*,*,#261,.T.);
#389 = ORIENTED_EDGE('',*,*,#390,.T.);
#390 = EDGE_CURVE('',#262,#111,#391,.T.);
#391 = LINE('',#392,#393);
#392 = CARTESIAN_POINT('',(-142.75,-75.,64.));
#393 = VECTOR('',#394,1.);
#394 = DIRECTION('',(0.,0.,1.));
#395 = ORIENTED_EDGE('',*,*,#110,.F.);
#396 = ORIENTED_EDGE('',*,*,#390,.F.);
#397 = CYLINDRICAL_SURFACE('',#398,2.25);
#398 = AXIS2_PLACEMENT_3D('',#399,#400,#401);
#399 = CARTESIAN_POINT('',(-145.,-75.,64.));
#400 = DIRECTION('',(-0.,-0.,-1.));
#401 = DIRECTION('',(1.,0.,0.));
#402 = ADVANCED_FACE('',(#403),#414,.F.);
#403 = FACE_BOUND('',#404,.T.);
#404 = EDGE_LOOP('',(#405,#406,#412,#413));
#405 = ORIENTED_EDGE('',*,*,#272,.T.);
#406 = ORIENTED_EDGE('',*,*,#407,.T.);
#407 = EDGE_CURVE('',#273,#122,#408,.T.);
#408 = LINE('',#409,#410);
#409 = CARTESIAN_POINT('',(-182.75,-60.,64.));
#410 = VECTOR('',#411,1.);
#411 = DIRECTION('',(0.,0.,1.));
#412 = ORIENTED_EDGE('',*,*,#121,.F.);
#413 = ORIENTED_EDGE('',*,*,#407,.F.);
#414 = CYLINDRICAL_SURFACE('',#415,2.25);
#415 = AXIS2_PLACEMENT_3D('',#416,#417,#418);
#416 = CARTESIAN_POINT('',(-185.,-60.,64.));
#417 = DIRECTION('',(-0.,-0.,-1.));
#418 = DIRECTION('',(1.,0.,0.));
#419 = ADVANCED_FACE('',(#420),#431,.F.);
#420 = FACE_BOUND('',#421,.T.);
#421 = EDGE_LOOP('',(#422,#423,#429,#430));
#422 = ORIENTED_EDGE('',*,*,#283,.T.);
#423 = ORIENTED_EDGE('',*,*,#424,.T.);
#424 = EDGE_CURVE('',#284,#133,#425,.T.);
#425 = LINE('',#426,#427);
#426 = CARTESIAN_POINT('',(2.25,-75.,64.));
#427 = VECTOR('',#428,1.);
#428 = DIRECTION('',(0.,0.,1.));
#429 = ORIENTED_EDGE('',*,*,#132,.F.);
#430 = ORIENTED_EDGE('',*,*,#424,.F.);
#431 = CYLINDRICAL_SURFACE('',#432,2.25);
#432 = AXIS2_PLACEMENT_3D('',#433,#434,#435);
#433 = CARTESIAN_POINT('',(0.,-75.,64.));
#434 = DIRECTION('',(-0.,-0.,-1.));
#435 = DIRECTION('',(1.,0.,0.));
#436 = ADVANCED_FACE('',(#437),#448,.F.);
#437 = FACE_BOUND('',#438,.T.);
#438 = EDGE_LOOP('',(#439,#440,#446,#447));
#439 = ORIENTED_EDGE('',*,*,#294,.T.);
#440 = ORIENTED_EDGE('',*,*,#441,.T.);
#441 = EDGE_CURVE('',#295,#144,#442,.T.);
#442 = LINE('',#443,#444);
#443 = CARTESIAN_POINT('',(147.25,-75.,64.));
#444 = VECTOR('',#445,1.);
#445 = DIRECTION('',(0.,0.,1.));
#446 = ORIENTED_EDGE('',*,*,#143,.F.);
#447 = ORIENTED_EDGE('',*,*,#441,.F.);
#448 = CYLINDRICAL_SURFACE('',#449,2.25);
#449 = AXIS2_PLACEMENT_3D('',#450,#451,#452);
#450 = CARTESIAN_POINT('',(145.,-75.,64.));
#451 = DIRECTION('',(-0.,-0.,-1.));
#452 = DIRECTION('',(1.,0.,0.));
#453 = ADVANCED_FACE('',(#454),#465,.F.);
#454 = FACE_BOUND('',#455,.T.);
#455 = EDGE_LOOP('',(#456,#457,#463,#464));
#456 = ORIENTED_EDGE('',*,*,#305,.T.);
#457 = ORIENTED_EDGE('',*,*,#458,.T.);
#458 = EDGE_CURVE('',#306,#155,#459,.T.);
#459 = LINE('',#460,#461);
#460 = CARTESIAN_POINT('',(187.25,-60.,64.));
#461 = VECTOR('',#462,1.);
#462 = DIRECTION('',(0.,0.,1.));
#463 = ORIENTED_EDGE('',*,*,#154,.F.);
#464 = ORIENTED_EDGE('',*,*,#458,.F.);
#465 = CYLINDRICAL_SURFACE('',#466,2.25);
#466 = AXIS2_PLACEMENT_3D('',#467,#468,#469);
#467 = CARTESIAN_POINT('',(185.,-60.,64.));
#468 = DIRECTION('',(-0.,-0.,-1.));
#469 = DIRECTION('',(1.,0.,0.));
#470 = ADVANCED_FACE('',(#471),#482,.F.);
#471 = FACE_BOUND('',#472,.T.);
#472 = EDGE_LOOP('',(#473,#474,#480,#481));
#473 = ORIENTED_EDGE('',*,*,#316,.T.);
#474 = ORIENTED_EDGE('',*,*,#475,.T.);
#475 = EDGE_CURVE('',#317,#166,#476,.T.);
#476 = LINE('',#477,#478);
#477 = CARTESIAN_POINT('',(-182.75,60.,64.));
#478 = VECTOR('',#479,1.);
#479 = DIRECTION('',(0.,0.,1.));
#480 = ORIENTED_EDGE('',*,*,#165,.F.);
#481 = ORIENTED_EDGE('',*,*,#475,.F.);
#482 = CYLINDRICAL_SURFACE('',#483,2.25);
#483 = AXIS2_PLACEMENT_3D('',#484,#485,#486);
#484 = CARTESIAN_POINT('',(-185.,60.,64.));
#485 = DIRECTION('',(-0.,-0.,-1.));
#486 = DIRECTION('',(1.,0.,0.));
#487 = ADVANCED_FACE('',(#488),#499,.F.);
#488 = FACE_BOUND('',#489,.T.);
#489 = EDGE_LOOP('',(#490,#491,#497,#498));
#490 = ORIENTED_EDGE('',*,*,#327,.T.);
#491 = ORIENTED_EDGE('',*,*,#492,.T.);
#492 = EDGE_CURVE('',#328,#177,#493,.T.);
#493 = LINE('',#494,#495);
#494 = CARTESIAN_POINT('',(-142.75,75.,64.));
#495 = VECTOR('',#496,1.);
#496 = DIRECTION('',(0.,0.,1.));
#497 = ORIENTED_EDGE('',*,*,#176,.F.);
#498 = ORIENTED_EDGE('',*,*,#492,.F.);
#499 = CYLINDRICAL_SURFACE('',#500,2.25);
#500 = AXIS2_PLACEMENT_3D('',#501,#502,#503);
#501 = CARTESIAN_POINT('',(-145.,75.,64.));
#502 = DIRECTION('',(-0.,-0.,-1.));
#503 = DIRECTION('',(1.,0.,0.));
#504 = ADVANCED_FACE('',(#505),#516,.F.);
#505 = FACE_BOUND('',#506,.T.);
#506 = EDGE_LOOP('',(#507,#508,#514,#515));
#507 = ORIENTED_EDGE('',*,*,#338,.T.);
#508 = ORIENTED_EDGE('',*,*,#509,.T.);
#509 = EDGE_CURVE('',#339,#188,#510,.T.);
#510 = LINE('',#511,#512);
#511 = CARTESIAN_POINT('',(2.25,75.,64.));
#512 = VECTOR('',#513,1.);
#513 = DIRECTION('',(0.,0.,1.));
#514 = ORIENTED_EDGE('',*,*,#187,.F.);
#515 = ORIENTED_EDGE('',*,*,#509,.F.);
#516 = CYLINDRICAL_SURFACE('',#517,2.25);
#517 = AXIS2_PLACEMENT_3D('',#518,#519,#520);
#518 = CARTESIAN_POINT('',(0.,75.,64.));
#519 = DIRECTION('',(-0.,-0.,-1.));
#520 = DIRECTION('',(1.,0.,0.));
#521 = ADVANCED_FACE('',(#522),#533,.F.);
#522 = FACE_BOUND('',#523,.T.);
#523 = EDGE_LOOP('',(#524,#525,#531,#532));
#524 = ORIENTED_EDGE('',*,*,#349,.T.);
#525 = ORIENTED_EDGE('',*,*,#526,.T.);
#526 = EDGE_CURVE('',#350,#199,#527,.T.);
#527 = LINE('',#528,#529);
#528 = CARTESIAN_POINT('',(187.25,60.,64.));
#529 = VECTOR('',#530,1.);
#530 = DIRECTION('',(0.,0.,1.));
#531 = ORIENTED_EDGE('',*,*,#198,.F.);
#532 = ORIENTED_EDGE('',*,*,#526,.F.);
#533 = CYLINDRICAL_SURFACE('',#534,2.25);
#534 = AXIS2_PLACEMENT_3D('',#535,#536,#537);
#535 = CARTESIAN_POINT('',(185.,60.,64.));
#536 = DIRECTION('',(-0.,-0.,-1.));
#537 = DIRECTION('',(1.,0.,0.));
#538 = ADVANCED_FACE('',(#539),#550,.F.);
#539 = FACE_BOUND('',#540,.T.);
#540 = EDGE_LOOP('',(#541,#542,#548,#549));
#541 = ORIENTED_EDGE('',*,*,#360,.T.);
#542 = ORIENTED_EDGE('',*,*,#543,.T.);
#543 = EDGE_CURVE('',#361,#210,#544,.T.);
#544 = LINE('',#545,#546);
#545 = CARTESIAN_POINT('',(147.25,75.,64.));
#546 = VECTOR('',#547,1.);
#547 = DIRECTION('',(0.,0.,1.));
#548 = ORIENTED_EDGE('',*,*,#209,.F.);
#549 = ORIENTED_EDGE('',*,*,#543,.F.);
#550 = CYLINDRICAL_SURFACE('',#551,2.25);
#551 = AXIS2_PLACEMENT_3D('',#552,#553,#554);
#552 = CARTESIAN_POINT('',(145.,75.,64.));
#553 = DIRECTION('',(-0.,-0.,-1.));
#554 = DIRECTION('',(1.,0.,0.));
#555 = MANIFOLD_SOLID_BREP('',#556);
#556 = CLOSED_SHELL('',(#557,#597,#628,#718,#742,#825,#837,#854,#871,
    #888,#905,#922));
#557 = ADVANCED_FACE('',(#558),#592,.F.);
#558 = FACE_BOUND('',#559,.F.);
#559 = EDGE_LOOP('',(#560,#570,#578,#586));
#560 = ORIENTED_EDGE('',*,*,#561,.F.);
#561 = EDGE_CURVE('',#562,#564,#566,.T.);
#562 = VERTEX_POINT('',#563);
#563 = CARTESIAN_POINT('',(-170.,-120.,125.));
#564 = VERTEX_POINT('',#565);
#565 = CARTESIAN_POINT('',(-170.,-120.,128.));
#566 = LINE('',#567,#568);
#567 = CARTESIAN_POINT('',(-170.,-120.,125.));
#568 = VECTOR('',#569,1.);
#569 = DIRECTION('',(0.,0.,1.));
#570 = ORIENTED_EDGE('',*,*,#571,.T.);
#571 = EDGE_CURVE('',#562,#572,#574,.T.);
#572 = VERTEX_POINT('',#573);
#573 = CARTESIAN_POINT('',(-170.,120.,125.));
#574 = LINE('',#575,#576);
#575 = CARTESIAN_POINT('',(-170.,-120.,125.));
#576 = VECTOR('',#577,1.);
#577 = DIRECTION('',(0.,1.,0.));
#578 = ORIENTED_EDGE('',*,*,#579,.T.);
#579 = EDGE_CURVE('',#572,#580,#582,.T.);
#580 = VERTEX_POINT('',#581);
#581 = CARTESIAN_POINT('',(-170.,120.,128.));
#582 = LINE('',#583,#584);
#583 = CARTESIAN_POINT('',(-170.,120.,125.));
#584 = VECTOR('',#585,1.);
#585 = DIRECTION('',(0.,0.,1.));
#586 = ORIENTED_EDGE('',*,*,#587,.F.);
#587 = EDGE_CURVE('',#564,#580,#588,.T.);
#588 = LINE('',#589,#590);
#589 = CARTESIAN_POINT('',(-170.,-120.,128.));
#590 = VECTOR('',#591,1.);
#591 = DIRECTION('',(0.,1.,0.));
#592 = PLANE('',#593);
#593 = AXIS2_PLACEMENT_3D('',#594,#595,#596);
#594 = CARTESIAN_POINT('',(-170.,-120.,125.));
#595 = DIRECTION('',(1.,0.,0.));
#596 = DIRECTION('',(0.,0.,1.));
#597 = ADVANCED_FACE('',(#598),#623,.F.);
#598 = FACE_BOUND('',#599,.F.);
#599 = EDGE_LOOP('',(#600,#608,#609,#617));
#600 = ORIENTED_EDGE('',*,*,#601,.F.);
#601 = EDGE_CURVE('',#562,#602,#604,.T.);
#602 = VERTEX_POINT('',#603);
#603 = CARTESIAN_POINT('',(170.,-120.,125.));
#604 = LINE('',#605,#606);
#605 = CARTESIAN_POINT('',(-170.,-120.,125.));
#606 = VECTOR('',#607,1.);
#607 = DIRECTION('',(1.,0.,0.));
#608 = ORIENTED_EDGE('',*,*,#561,.T.);
#609 = ORIENTED_EDGE('',*,*,#610,.T.);
#610 = EDGE_CURVE('',#564,#611,#613,.T.);
#611 = VERTEX_POINT('',#612);
#612 = CARTESIAN_POINT('',(170.,-120.,128.));
#613 = LINE('',#614,#615);
#614 = CARTESIAN_POINT('',(-170.,-120.,128.));
#615 = VECTOR('',#616,1.);
#616 = DIRECTION('',(1.,0.,0.));
#617 = ORIENTED_EDGE('',*,*,#618,.F.);
#618 = EDGE_CURVE('',#602,#611,#619,.T.);
#619 = LINE('',#620,#621);
#620 = CARTESIAN_POINT('',(170.,-120.,125.));
#621 = VECTOR('',#622,1.);
#622 = DIRECTION('',(0.,0.,1.));
#623 = PLANE('',#624);
#624 = AXIS2_PLACEMENT_3D('',#625,#626,#627);
#625 = CARTESIAN_POINT('',(-170.,-120.,125.));
#626 = DIRECTION('',(0.,1.,0.));
#627 = DIRECTION('',(0.,0.,1.));
#628 = ADVANCED_FACE('',(#629,#647,#658,#669,#680,#691,#702),#713,.T.);
#629 = FACE_BOUND('',#630,.T.);
#630 = EDGE_LOOP('',(#631,#632,#633,#641));
#631 = ORIENTED_EDGE('',*,*,#587,.F.);
#632 = ORIENTED_EDGE('',*,*,#610,.T.);
#633 = ORIENTED_EDGE('',*,*,#634,.T.);
#634 = EDGE_CURVE('',#611,#635,#637,.T.);
#635 = VERTEX_POINT('',#636);
#636 = CARTESIAN_POINT('',(170.,120.,128.));
#637 = LINE('',#638,#639);
#638 = CARTESIAN_POINT('',(170.,-120.,128.));
#639 = VECTOR('',#640,1.);
#640 = DIRECTION('',(0.,1.,0.));
#641 = ORIENTED_EDGE('',*,*,#642,.F.);
#642 = EDGE_CURVE('',#580,#635,#643,.T.);
#643 = LINE('',#644,#645);
#644 = CARTESIAN_POINT('',(-170.,120.,128.));
#645 = VECTOR('',#646,1.);
#646 = DIRECTION('',(1.,0.,0.));
#647 = FACE_BOUND('',#648,.T.);
#648 = EDGE_LOOP('',(#649));
#649 = ORIENTED_EDGE('',*,*,#650,.T.);
#650 = EDGE_CURVE('',#651,#651,#653,.T.);
#651 = VERTEX_POINT('',#652);
#652 = CARTESIAN_POINT('',(-142.75,-75.,128.));
#653 = CIRCLE('',#654,2.25);
#654 = AXIS2_PLACEMENT_3D('',#655,#656,#657);
#655 = CARTESIAN_POINT('',(-145.,-75.,128.));
#656 = DIRECTION('',(0.,0.,-1.));
#657 = DIRECTION('',(1.,0.,0.));
#658 = FACE_BOUND('',#659,.T.);
#659 = EDGE_LOOP('',(#660));
#660 = ORIENTED_EDGE('',*,*,#661,.T.);
#661 = EDGE_CURVE('',#662,#662,#664,.T.);
#662 = VERTEX_POINT('',#663);
#663 = CARTESIAN_POINT('',(2.25,-75.,128.));
#664 = CIRCLE('',#665,2.25);
#665 = AXIS2_PLACEMENT_3D('',#666,#667,#668);
#666 = CARTESIAN_POINT('',(0.,-75.,128.));
#667 = DIRECTION('',(0.,0.,-1.));
#668 = DIRECTION('',(1.,0.,0.));
#669 = FACE_BOUND('',#670,.T.);
#670 = EDGE_LOOP('',(#671));
#671 = ORIENTED_EDGE('',*,*,#672,.T.);
#672 = EDGE_CURVE('',#673,#673,#675,.T.);
#673 = VERTEX_POINT('',#674);
#674 = CARTESIAN_POINT('',(147.25,-75.,128.));
#675 = CIRCLE('',#676,2.25);
#676 = AXIS2_PLACEMENT_3D('',#677,#678,#679);
#677 = CARTESIAN_POINT('',(145.,-75.,128.));
#678 = DIRECTION('',(0.,0.,-1.));
#679 = DIRECTION('',(1.,0.,0.));
#680 = FACE_BOUND('',#681,.T.);
#681 = EDGE_LOOP('',(#682));
#682 = ORIENTED_EDGE('',*,*,#683,.T.);
#683 = EDGE_CURVE('',#684,#684,#686,.T.);
#684 = VERTEX_POINT('',#685);
#685 = CARTESIAN_POINT('',(-142.75,75.,128.));
#686 = CIRCLE('',#687,2.25);
#687 = AXIS2_PLACEMENT_3D('',#688,#689,#690);
#688 = CARTESIAN_POINT('',(-145.,75.,128.));
#689 = DIRECTION('',(0.,0.,-1.));
#690 = DIRECTION('',(1.,0.,0.));
#691 = FACE_BOUND('',#692,.T.);
#692 = EDGE_LOOP('',(#693));
#693 = ORIENTED_EDGE('',*,*,#694,.T.);
#694 = EDGE_CURVE('',#695,#695,#697,.T.);
#695 = VERTEX_POINT('',#696);
#696 = CARTESIAN_POINT('',(2.25,75.,128.));
#697 = CIRCLE('',#698,2.25);
#698 = AXIS2_PLACEMENT_3D('',#699,#700,#701);
#699 = CARTESIAN_POINT('',(0.,75.,128.));
#700 = DIRECTION('',(0.,0.,-1.));
#701 = DIRECTION('',(1.,0.,0.));
#702 = FACE_BOUND('',#703,.T.);
#703 = EDGE_LOOP('',(#704));
#704 = ORIENTED_EDGE('',*,*,#705,.T.);
#705 = EDGE_CURVE('',#706,#706,#708,.T.);
#706 = VERTEX_POINT('',#707);
#707 = CARTESIAN_POINT('',(147.25,75.,128.));
#708 = CIRCLE('',#709,2.25);
#709 = AXIS2_PLACEMENT_3D('',#710,#711,#712);
#710 = CARTESIAN_POINT('',(145.,75.,128.));
#711 = DIRECTION('',(0.,0.,-1.));
#712 = DIRECTION('',(1.,0.,0.));
#713 = PLANE('',#714);
#714 = AXIS2_PLACEMENT_3D('',#715,#716,#717);
#715 = CARTESIAN_POINT('',(-170.,-120.,128.));
#716 = DIRECTION('',(0.,0.,1.));
#717 = DIRECTION('',(1.,0.,0.));
#718 = ADVANCED_FACE('',(#719),#737,.T.);
#719 = FACE_BOUND('',#720,.T.);
#720 = EDGE_LOOP('',(#721,#729,#730,#731));
#721 = ORIENTED_EDGE('',*,*,#722,.F.);
#722 = EDGE_CURVE('',#572,#723,#725,.T.);
#723 = VERTEX_POINT('',#724);
#724 = CARTESIAN_POINT('',(170.,120.,125.));
#725 = LINE('',#726,#727);
#726 = CARTESIAN_POINT('',(-170.,120.,125.));
#727 = VECTOR('',#728,1.);
#728 = DIRECTION('',(1.,0.,0.));
#729 = ORIENTED_EDGE('',*,*,#579,.T.);
#730 = ORIENTED_EDGE('',*,*,#642,.T.);
#731 = ORIENTED_EDGE('',*,*,#732,.F.);
#732 = EDGE_CURVE('',#723,#635,#733,.T.);
#733 = LINE('',#734,#735);
#734 = CARTESIAN_POINT('',(170.,120.,125.));
#735 = VECTOR('',#736,1.);
#736 = DIRECTION('',(0.,0.,1.));
#737 = PLANE('',#738);
#738 = AXIS2_PLACEMENT_3D('',#739,#740,#741);
#739 = CARTESIAN_POINT('',(-170.,120.,125.));
#740 = DIRECTION('',(0.,1.,0.));
#741 = DIRECTION('',(0.,0.,1.));
#742 = ADVANCED_FACE('',(#743,#754,#765,#776,#787,#798,#809),#820,.F.);
#743 = FACE_BOUND('',#744,.F.);
#744 = EDGE_LOOP('',(#745,#746,#747,#753));
#745 = ORIENTED_EDGE('',*,*,#571,.F.);
#746 = ORIENTED_EDGE('',*,*,#601,.T.);
#747 = ORIENTED_EDGE('',*,*,#748,.T.);
#748 = EDGE_CURVE('',#602,#723,#749,.T.);
#749 = LINE('',#750,#751);
#750 = CARTESIAN_POINT('',(170.,-120.,125.));
#751 = VECTOR('',#752,1.);
#752 = DIRECTION('',(0.,1.,0.));
#753 = ORIENTED_EDGE('',*,*,#722,.F.);
#754 = FACE_BOUND('',#755,.F.);
#755 = EDGE_LOOP('',(#756));
#756 = ORIENTED_EDGE('',*,*,#757,.T.);
#757 = EDGE_CURVE('',#758,#758,#760,.T.);
#758 = VERTEX_POINT('',#759);
#759 = CARTESIAN_POINT('',(-142.75,-75.,125.));
#760 = CIRCLE('',#761,2.25);
#761 = AXIS2_PLACEMENT_3D('',#762,#763,#764);
#762 = CARTESIAN_POINT('',(-145.,-75.,125.));
#763 = DIRECTION('',(0.,0.,-1.));
#764 = DIRECTION('',(1.,0.,0.));
#765 = FACE_BOUND('',#766,.F.);
#766 = EDGE_LOOP('',(#767));
#767 = ORIENTED_EDGE('',*,*,#768,.T.);
#768 = EDGE_CURVE('',#769,#769,#771,.T.);
#769 = VERTEX_POINT('',#770);
#770 = CARTESIAN_POINT('',(2.25,-75.,125.));
#771 = CIRCLE('',#772,2.25);
#772 = AXIS2_PLACEMENT_3D('',#773,#774,#775);
#773 = CARTESIAN_POINT('',(0.,-75.,125.));
#774 = DIRECTION('',(0.,0.,-1.));
#775 = DIRECTION('',(1.,0.,0.));
#776 = FACE_BOUND('',#777,.F.);
#777 = EDGE_LOOP('',(#778));
#778 = ORIENTED_EDGE('',*,*,#779,.T.);
#779 = EDGE_CURVE('',#780,#780,#782,.T.);
#780 = VERTEX_POINT('',#781);
#781 = CARTESIAN_POINT('',(147.25,-75.,125.));
#782 = CIRCLE('',#783,2.25);
#783 = AXIS2_PLACEMENT_3D('',#784,#785,#786);
#784 = CARTESIAN_POINT('',(145.,-75.,125.));
#785 = DIRECTION('',(0.,0.,-1.));
#786 = DIRECTION('',(1.,0.,0.));
#787 = FACE_BOUND('',#788,.F.);
#788 = EDGE_LOOP('',(#789));
#789 = ORIENTED_EDGE('',*,*,#790,.T.);
#790 = EDGE_CURVE('',#791,#791,#793,.T.);
#791 = VERTEX_POINT('',#792);
#792 = CARTESIAN_POINT('',(-142.75,75.,125.));
#793 = CIRCLE('',#794,2.25);
#794 = AXIS2_PLACEMENT_3D('',#795,#796,#797);
#795 = CARTESIAN_POINT('',(-145.,75.,125.));
#796 = DIRECTION('',(0.,0.,-1.));
#797 = DIRECTION('',(1.,0.,0.));
#798 = FACE_BOUND('',#799,.F.);
#799 = EDGE_LOOP('',(#800));
#800 = ORIENTED_EDGE('',*,*,#801,.T.);
#801 = EDGE_CURVE('',#802,#802,#804,.T.);
#802 = VERTEX_POINT('',#803);
#803 = CARTESIAN_POINT('',(2.25,75.,125.));
#804 = CIRCLE('',#805,2.25);
#805 = AXIS2_PLACEMENT_3D('',#806,#807,#808);
#806 = CARTESIAN_POINT('',(0.,75.,125.));
#807 = DIRECTION('',(0.,0.,-1.));
#808 = DIRECTION('',(1.,0.,0.));
#809 = FACE_BOUND('',#810,.F.);
#810 = EDGE_LOOP('',(#811));
#811 = ORIENTED_EDGE('',*,*,#812,.T.);
#812 = EDGE_CURVE('',#813,#813,#815,.T.);
#813 = VERTEX_POINT('',#814);
#814 = CARTESIAN_POINT('',(147.25,75.,125.));
#815 = CIRCLE('',#816,2.25);
#816 = AXIS2_PLACEMENT_3D('',#817,#818,#819);
#817 = CARTESIAN_POINT('',(145.,75.,125.));
#818 = DIRECTION('',(0.,0.,-1.));
#819 = DIRECTION('',(1.,0.,0.));
#820 = PLANE('',#821);
#821 = AXIS2_PLACEMENT_3D('',#822,#823,#824);
#822 = CARTESIAN_POINT('',(-170.,-120.,125.));
#823 = DIRECTION('',(0.,0.,1.));
#824 = DIRECTION('',(1.,0.,0.));
#825 = ADVANCED_FACE('',(#826),#832,.T.);
#826 = FACE_BOUND('',#827,.T.);
#827 = EDGE_LOOP('',(#828,#829,#830,#831));
#828 = ORIENTED_EDGE('',*,*,#618,.F.);
#829 = ORIENTED_EDGE('',*,*,#748,.T.);
#830 = ORIENTED_EDGE('',*,*,#732,.T.);
#831 = ORIENTED_EDGE('',*,*,#634,.F.);
#832 = PLANE('',#833);
#833 = AXIS2_PLACEMENT_3D('',#834,#835,#836);
#834 = CARTESIAN_POINT('',(170.,-120.,125.));
#835 = DIRECTION('',(1.,0.,0.));
#836 = DIRECTION('',(0.,0.,1.));
#837 = ADVANCED_FACE('',(#838),#849,.F.);
#838 = FACE_BOUND('',#839,.T.);
#839 = EDGE_LOOP('',(#840,#841,#847,#848));
#840 = ORIENTED_EDGE('',*,*,#757,.T.);
#841 = ORIENTED_EDGE('',*,*,#842,.T.);
#842 = EDGE_CURVE('',#758,#651,#843,.T.);
#843 = LINE('',#844,#845);
#844 = CARTESIAN_POINT('',(-142.75,-75.,124.));
#845 = VECTOR('',#846,1.);
#846 = DIRECTION('',(0.,0.,1.));
#847 = ORIENTED_EDGE('',*,*,#650,.F.);
#848 = ORIENTED_EDGE('',*,*,#842,.F.);
#849 = CYLINDRICAL_SURFACE('',#850,2.25);
#850 = AXIS2_PLACEMENT_3D('',#851,#852,#853);
#851 = CARTESIAN_POINT('',(-145.,-75.,124.));
#852 = DIRECTION('',(-0.,-0.,-1.));
#853 = DIRECTION('',(1.,0.,0.));
#854 = ADVANCED_FACE('',(#855),#866,.F.);
#855 = FACE_BOUND('',#856,.T.);
#856 = EDGE_LOOP('',(#857,#858,#864,#865));
#857 = ORIENTED_EDGE('',*,*,#768,.T.);
#858 = ORIENTED_EDGE('',*,*,#859,.T.);
#859 = EDGE_CURVE('',#769,#662,#860,.T.);
#860 = LINE('',#861,#862);
#861 = CARTESIAN_POINT('',(2.25,-75.,124.));
#862 = VECTOR('',#863,1.);
#863 = DIRECTION('',(0.,0.,1.));
#864 = ORIENTED_EDGE('',*,*,#661,.F.);
#865 = ORIENTED_EDGE('',*,*,#859,.F.);
#866 = CYLINDRICAL_SURFACE('',#867,2.25);
#867 = AXIS2_PLACEMENT_3D('',#868,#869,#870);
#868 = CARTESIAN_POINT('',(0.,-75.,124.));
#869 = DIRECTION('',(-0.,-0.,-1.));
#870 = DIRECTION('',(1.,0.,0.));
#871 = ADVANCED_FACE('',(#872),#883,.F.);
#872 = FACE_BOUND('',#873,.T.);
#873 = EDGE_LOOP('',(#874,#875,#881,#882));
#874 = ORIENTED_EDGE('',*,*,#779,.T.);
#875 = ORIENTED_EDGE('',*,*,#876,.T.);
#876 = EDGE_CURVE('',#780,#673,#877,.T.);
#877 = LINE('',#878,#879);
#878 = CARTESIAN_POINT('',(147.25,-75.,124.));
#879 = VECTOR('',#880,1.);
#880 = DIRECTION('',(0.,0.,1.));
#881 = ORIENTED_EDGE('',*,*,#672,.F.);
#882 = ORIENTED_EDGE('',*,*,#876,.F.);
#883 = CYLINDRICAL_SURFACE('',#884,2.25);
#884 = AXIS2_PLACEMENT_3D('',#885,#886,#887);
#885 = CARTESIAN_POINT('',(145.,-75.,124.));
#886 = DIRECTION('',(-0.,-0.,-1.));
#887 = DIRECTION('',(1.,0.,0.));
#888 = ADVANCED_FACE('',(#889),#900,.F.);
#889 = FACE_BOUND('',#890,.T.);
#890 = EDGE_LOOP('',(#891,#892,#898,#899));
#891 = ORIENTED_EDGE('',*,*,#790,.T.);
#892 = ORIENTED_EDGE('',*,*,#893,.T.);
#893 = EDGE_CURVE('',#791,#684,#894,.T.);
#894 = LINE('',#895,#896);
#895 = CARTESIAN_POINT('',(-142.75,75.,124.));
#896 = VECTOR('',#897,1.);
#897 = DIRECTION('',(0.,0.,1.));
#898 = ORIENTED_EDGE('',*,*,#683,.F.);
#899 = ORIENTED_EDGE('',*,*,#893,.F.);
#900 = CYLINDRICAL_SURFACE('',#901,2.25);
#901 = AXIS2_PLACEMENT_3D('',#902,#903,#904);
#902 = CARTESIAN_POINT('',(-145.,75.,124.));
#903 = DIRECTION('',(-0.,-0.,-1.));
#904 = DIRECTION('',(1.,0.,0.));
#905 = ADVANCED_FACE('',(#906),#917,.F.);
#906 = FACE_BOUND('',#907,.T.);
#907 = EDGE_LOOP('',(#908,#909,#915,#916));
#908 = ORIENTED_EDGE('',*,*,#801,.T.);
#909 = ORIENTED_EDGE('',*,*,#910,.T.);
#910 = EDGE_CURVE('',#802,#695,#911,.T.);
#911 = LINE('',#912,#913);
#912 = CARTESIAN_POINT('',(2.25,75.,124.));
#913 = VECTOR('',#914,1.);
#914 = DIRECTION('',(0.,0.,1.));
#915 = ORIENTED_EDGE('',*,*,#694,.F.);
#916 = ORIENTED_EDGE('',*,*,#910,.F.);
#917 = CYLINDRICAL_SURFACE('',#918,2.25);
#918 = AXIS2_PLACEMENT_3D('',#919,#920,#921);
#919 = CARTESIAN_POINT('',(0.,75.,124.));
#920 = DIRECTION('',(-0.,-0.,-1.));
#921 = DIRECTION('',(1.,0.,0.));
#922 = ADVANCED_FACE('',(#923),#934,.F.);
#923 = FACE_BOUND('',#924,.T.);
#924 = EDGE_LOOP('',(#925,#926,#932,#933));
#925 = ORIENTED_EDGE('',*,*,#812,.T.);
#926 = ORIENTED_EDGE('',*,*,#927,.T.);
#927 = EDGE_CURVE('',#813,#706,#928,.T.);
#928 = LINE('',#929,#930);
#929 = CARTESIAN_POINT('',(147.25,75.,124.));
#930 = VECTOR('',#931,1.);
#931 = DIRECTION('',(0.,0.,1.));
#932 = ORIENTED_EDGE('',*,*,#705,.F.);
#933 = ORIENTED_EDGE('',*,*,#927,.F.);
#934 = CYLINDRICAL_SURFACE('',#935,2.25);
#935 = AXIS2_PLACEMENT_3D('',#936,#937,#938);
#936 = CARTESIAN_POINT('',(145.,75.,124.));
#937 = DIRECTION('',(-0.,-0.,-1.));
#938 = DIRECTION('',(1.,0.,0.));
#939 = MANIFOLD_SOLID_BREP('',#940);
#940 = CLOSED_SHELL('',(#941,#981,#1012,#1278,#1302,#1561,#1573,#1590,
    #1607,#1624,#1641,#1658,#1675,#1692,#1709,#1726,#1743,#1760,#1777,
    #1794,#1811,#1828,#1845,#1862,#1879,#1896,#1913,#1930));
#941 = ADVANCED_FACE('',(#942),#976,.F.);
#942 = FACE_BOUND('',#943,.F.);
#943 = EDGE_LOOP('',(#944,#954,#962,#970));
#944 = ORIENTED_EDGE('',*,*,#945,.F.);
#945 = EDGE_CURVE('',#946,#948,#950,.T.);
#946 = VERTEX_POINT('',#947);
#947 = CARTESIAN_POINT('',(-200.,-150.,215.));
#948 = VERTEX_POINT('',#949);
#949 = CARTESIAN_POINT('',(-200.,-150.,218.));
#950 = LINE('',#951,#952);
#951 = CARTESIAN_POINT('',(-200.,-150.,215.));
#952 = VECTOR('',#953,1.);
#953 = DIRECTION('',(0.,0.,1.));
#954 = ORIENTED_EDGE('',*,*,#955,.T.);
#955 = EDGE_CURVE('',#946,#956,#958,.T.);
#956 = VERTEX_POINT('',#957);
#957 = CARTESIAN_POINT('',(-200.,150.,215.));
#958 = LINE('',#959,#960);
#959 = CARTESIAN_POINT('',(-200.,-150.,215.));
#960 = VECTOR('',#961,1.);
#961 = DIRECTION('',(0.,1.,0.));
#962 = ORIENTED_EDGE('',*,*,#963,.T.);
#963 = EDGE_CURVE('',#956,#964,#966,.T.);
#964 = VERTEX_POINT('',#965);
#965 = CARTESIAN_POINT('',(-200.,150.,218.));
#966 = LINE('',#967,#968);
#967 = CARTESIAN_POINT('',(-200.,150.,215.));
#968 = VECTOR('',#969,1.);
#969 = DIRECTION('',(0.,0.,1.));
#970 = ORIENTED_EDGE('',*,*,#971,.F.);
#971 = EDGE_CURVE('',#948,#964,#972,.T.);
#972 = LINE('',#973,#974);
#973 = CARTESIAN_POINT('',(-200.,-150.,218.));
#974 = VECTOR('',#975,1.);
#975 = DIRECTION('',(0.,1.,0.));
#976 = PLANE('',#977);
#977 = AXIS2_PLACEMENT_3D('',#978,#979,#980);
#978 = CARTESIAN_POINT('',(-200.,-150.,215.));
#979 = DIRECTION('',(1.,0.,0.));
#980 = DIRECTION('',(0.,0.,1.));
#981 = ADVANCED_FACE('',(#982),#1007,.F.);
#982 = FACE_BOUND('',#983,.F.);
#983 = EDGE_LOOP('',(#984,#992,#993,#1001));
#984 = ORIENTED_EDGE('',*,*,#985,.F.);
#985 = EDGE_CURVE('',#946,#986,#988,.T.);
#986 = VERTEX_POINT('',#987);
#987 = CARTESIAN_POINT('',(200.,-150.,215.));
#988 = LINE('',#989,#990);
#989 = CARTESIAN_POINT('',(-200.,-150.,215.));
#990 = VECTOR('',#991,1.);
#991 = DIRECTION('',(1.,0.,0.));
#992 = ORIENTED_EDGE('',*,*,#945,.T.);
#993 = ORIENTED_EDGE('',*,*,#994,.T.);
#994 = EDGE_CURVE('',#948,#995,#997,.T.);
#995 = VERTEX_POINT('',#996);
#996 = CARTESIAN_POINT('',(200.,-150.,218.));
#997 = LINE('',#998,#999);
#998 = CARTESIAN_POINT('',(-200.,-150.,218.));
#999 = VECTOR('',#1000,1.);
#1000 = DIRECTION('',(1.,0.,0.));
#1001 = ORIENTED_EDGE('',*,*,#1002,.F.);
#1002 = EDGE_CURVE('',#986,#995,#1003,.T.);
#1003 = LINE('',#1004,#1005);
#1004 = CARTESIAN_POINT('',(200.,-150.,215.));
#1005 = VECTOR('',#1006,1.);
#1006 = DIRECTION('',(0.,0.,1.));
#1007 = PLANE('',#1008);
#1008 = AXIS2_PLACEMENT_3D('',#1009,#1010,#1011);
#1009 = CARTESIAN_POINT('',(-200.,-150.,215.));
#1010 = DIRECTION('',(0.,1.,0.));
#1011 = DIRECTION('',(0.,0.,1.));
#1012 = ADVANCED_FACE('',(#1013,#1031,#1042,#1053,#1064,#1075,#1086,
    #1097,#1108,#1119,#1130,#1141,#1152,#1163,#1174,#1185,#1196,#1207,
    #1218,#1229,#1240,#1251,#1262),#1273,.T.);
#1013 = FACE_BOUND('',#1014,.T.);
#1014 = EDGE_LOOP('',(#1015,#1016,#1017,#1025));
#1015 = ORIENTED_EDGE('',*,*,#971,.F.);
#1016 = ORIENTED_EDGE('',*,*,#994,.T.);
#1017 = ORIENTED_EDGE('',*,*,#1018,.T.);
#1018 = EDGE_CURVE('',#995,#1019,#1021,.T.);
#1019 = VERTEX_POINT('',#1020);
#1020 = CARTESIAN_POINT('',(200.,150.,218.));
#1021 = LINE('',#1022,#1023);
#1022 = CARTESIAN_POINT('',(200.,-150.,218.));
#1023 = VECTOR('',#1024,1.);
#1024 = DIRECTION('',(0.,1.,0.));
#1025 = ORIENTED_EDGE('',*,*,#1026,.F.);
#1026 = EDGE_CURVE('',#964,#1019,#1027,.T.);
#1027 = LINE('',#1028,#1029);
#1028 = CARTESIAN_POINT('',(-200.,150.,218.));
#1029 = VECTOR('',#1030,1.);
#1030 = DIRECTION('',(1.,0.,0.));
#1031 = FACE_BOUND('',#1032,.T.);
#1032 = EDGE_LOOP('',(#1033));
#1033 = ORIENTED_EDGE('',*,*,#1034,.T.);
#1034 = EDGE_CURVE('',#1035,#1035,#1037,.T.);
#1035 = VERTEX_POINT('',#1036);
#1036 = CARTESIAN_POINT('',(-172.75,-125.,218.));
#1037 = CIRCLE('',#1038,2.25);
#1038 = AXIS2_PLACEMENT_3D('',#1039,#1040,#1041);
#1039 = CARTESIAN_POINT('',(-175.,-125.,218.));
#1040 = DIRECTION('',(0.,0.,-1.));
#1041 = DIRECTION('',(1.,0.,0.));
#1042 = FACE_BOUND('',#1043,.T.);
#1043 = EDGE_LOOP('',(#1044));
#1044 = ORIENTED_EDGE('',*,*,#1045,.T.);
#1045 = EDGE_CURVE('',#1046,#1046,#1048,.T.);
#1046 = VERTEX_POINT('',#1047);
#1047 = CARTESIAN_POINT('',(-122.75,-125.,218.));
#1048 = CIRCLE('',#1049,2.25);
#1049 = AXIS2_PLACEMENT_3D('',#1050,#1051,#1052);
#1050 = CARTESIAN_POINT('',(-125.,-125.,218.));
#1051 = DIRECTION('',(0.,0.,-1.));
#1052 = DIRECTION('',(1.,0.,0.));
#1053 = FACE_BOUND('',#1054,.T.);
#1054 = EDGE_LOOP('',(#1055));
#1055 = ORIENTED_EDGE('',*,*,#1056,.T.);
#1056 = EDGE_CURVE('',#1057,#1057,#1059,.T.);
#1057 = VERTEX_POINT('',#1058);
#1058 = CARTESIAN_POINT('',(-142.75,-75.,218.));
#1059 = CIRCLE('',#1060,2.25);
#1060 = AXIS2_PLACEMENT_3D('',#1061,#1062,#1063);
#1061 = CARTESIAN_POINT('',(-145.,-75.,218.));
#1062 = DIRECTION('',(0.,0.,-1.));
#1063 = DIRECTION('',(1.,0.,0.));
#1064 = FACE_BOUND('',#1065,.T.);
#1065 = EDGE_LOOP('',(#1066));
#1066 = ORIENTED_EDGE('',*,*,#1067,.T.);
#1067 = EDGE_CURVE('',#1068,#1068,#1070,.T.);
#1068 = VERTEX_POINT('',#1069);
#1069 = CARTESIAN_POINT('',(-72.75,-125.,218.));
#1070 = CIRCLE('',#1071,2.25);
#1071 = AXIS2_PLACEMENT_3D('',#1072,#1073,#1074);
#1072 = CARTESIAN_POINT('',(-75.,-125.,218.));
#1073 = DIRECTION('',(0.,0.,-1.));
#1074 = DIRECTION('',(1.,0.,0.));
#1075 = FACE_BOUND('',#1076,.T.);
#1076 = EDGE_LOOP('',(#1077));
#1077 = ORIENTED_EDGE('',*,*,#1078,.T.);
#1078 = EDGE_CURVE('',#1079,#1079,#1081,.T.);
#1079 = VERTEX_POINT('',#1080);
#1080 = CARTESIAN_POINT('',(-22.75,-125.,218.));
#1081 = CIRCLE('',#1082,2.25);
#1082 = AXIS2_PLACEMENT_3D('',#1083,#1084,#1085);
#1083 = CARTESIAN_POINT('',(-25.,-125.,218.));
#1084 = DIRECTION('',(0.,0.,-1.));
#1085 = DIRECTION('',(1.,0.,0.));
#1086 = FACE_BOUND('',#1087,.T.);
#1087 = EDGE_LOOP('',(#1088));
#1088 = ORIENTED_EDGE('',*,*,#1089,.T.);
#1089 = EDGE_CURVE('',#1090,#1090,#1092,.T.);
#1090 = VERTEX_POINT('',#1091);
#1091 = CARTESIAN_POINT('',(27.25,-125.,218.));
#1092 = CIRCLE('',#1093,2.25);
#1093 = AXIS2_PLACEMENT_3D('',#1094,#1095,#1096);
#1094 = CARTESIAN_POINT('',(25.,-125.,218.));
#1095 = DIRECTION('',(0.,0.,-1.));
#1096 = DIRECTION('',(1.,0.,0.));
#1097 = FACE_BOUND('',#1098,.T.);
#1098 = EDGE_LOOP('',(#1099));
#1099 = ORIENTED_EDGE('',*,*,#1100,.T.);
#1100 = EDGE_CURVE('',#1101,#1101,#1103,.T.);
#1101 = VERTEX_POINT('',#1102);
#1102 = CARTESIAN_POINT('',(77.25,-125.,218.));
#1103 = CIRCLE('',#1104,2.25);
#1104 = AXIS2_PLACEMENT_3D('',#1105,#1106,#1107);
#1105 = CARTESIAN_POINT('',(75.,-125.,218.));
#1106 = DIRECTION('',(0.,0.,-1.));
#1107 = DIRECTION('',(1.,0.,0.));
#1108 = FACE_BOUND('',#1109,.T.);
#1109 = EDGE_LOOP('',(#1110));
#1110 = ORIENTED_EDGE('',*,*,#1111,.T.);
#1111 = EDGE_CURVE('',#1112,#1112,#1114,.T.);
#1112 = VERTEX_POINT('',#1113);
#1113 = CARTESIAN_POINT('',(2.25,-75.,218.));
#1114 = CIRCLE('',#1115,2.25);
#1115 = AXIS2_PLACEMENT_3D('',#1116,#1117,#1118);
#1116 = CARTESIAN_POINT('',(0.,-75.,218.));
#1117 = DIRECTION('',(0.,0.,-1.));
#1118 = DIRECTION('',(1.,0.,0.));
#1119 = FACE_BOUND('',#1120,.T.);
#1120 = EDGE_LOOP('',(#1121));
#1121 = ORIENTED_EDGE('',*,*,#1122,.T.);
#1122 = EDGE_CURVE('',#1123,#1123,#1125,.T.);
#1123 = VERTEX_POINT('',#1124);
#1124 = CARTESIAN_POINT('',(127.25,-125.,218.));
#1125 = CIRCLE('',#1126,2.25);
#1126 = AXIS2_PLACEMENT_3D('',#1127,#1128,#1129);
#1127 = CARTESIAN_POINT('',(125.,-125.,218.));
#1128 = DIRECTION('',(0.,0.,-1.));
#1129 = DIRECTION('',(1.,0.,0.));
#1130 = FACE_BOUND('',#1131,.T.);
#1131 = EDGE_LOOP('',(#1132));
#1132 = ORIENTED_EDGE('',*,*,#1133,.T.);
#1133 = EDGE_CURVE('',#1134,#1134,#1136,.T.);
#1134 = VERTEX_POINT('',#1135);
#1135 = CARTESIAN_POINT('',(177.25,-125.,218.));
#1136 = CIRCLE('',#1137,2.25);
#1137 = AXIS2_PLACEMENT_3D('',#1138,#1139,#1140);
#1138 = CARTESIAN_POINT('',(175.,-125.,218.));
#1139 = DIRECTION('',(0.,0.,-1.));
#1140 = DIRECTION('',(1.,0.,0.));
#1141 = FACE_BOUND('',#1142,.T.);
#1142 = EDGE_LOOP('',(#1143));
#1143 = ORIENTED_EDGE('',*,*,#1144,.T.);
#1144 = EDGE_CURVE('',#1145,#1145,#1147,.T.);
#1145 = VERTEX_POINT('',#1146);
#1146 = CARTESIAN_POINT('',(147.25,-75.,218.));
#1147 = CIRCLE('',#1148,2.25);
#1148 = AXIS2_PLACEMENT_3D('',#1149,#1150,#1151);
#1149 = CARTESIAN_POINT('',(145.,-75.,218.));
#1150 = DIRECTION('',(0.,0.,-1.));
#1151 = DIRECTION('',(1.,0.,0.));
#1152 = FACE_BOUND('',#1153,.T.);
#1153 = EDGE_LOOP('',(#1154));
#1154 = ORIENTED_EDGE('',*,*,#1155,.T.);
#1155 = EDGE_CURVE('',#1156,#1156,#1158,.T.);
#1156 = VERTEX_POINT('',#1157);
#1157 = CARTESIAN_POINT('',(-142.75,75.,218.));
#1158 = CIRCLE('',#1159,2.25);
#1159 = AXIS2_PLACEMENT_3D('',#1160,#1161,#1162);
#1160 = CARTESIAN_POINT('',(-145.,75.,218.));
#1161 = DIRECTION('',(0.,0.,-1.));
#1162 = DIRECTION('',(1.,0.,0.));
#1163 = FACE_BOUND('',#1164,.T.);
#1164 = EDGE_LOOP('',(#1165));
#1165 = ORIENTED_EDGE('',*,*,#1166,.T.);
#1166 = EDGE_CURVE('',#1167,#1167,#1169,.T.);
#1167 = VERTEX_POINT('',#1168);
#1168 = CARTESIAN_POINT('',(-172.75,125.,218.));
#1169 = CIRCLE('',#1170,2.25);
#1170 = AXIS2_PLACEMENT_3D('',#1171,#1172,#1173);
#1171 = CARTESIAN_POINT('',(-175.,125.,218.));
#1172 = DIRECTION('',(0.,0.,-1.));
#1173 = DIRECTION('',(1.,0.,0.));
#1174 = FACE_BOUND('',#1175,.T.);
#1175 = EDGE_LOOP('',(#1176));
#1176 = ORIENTED_EDGE('',*,*,#1177,.T.);
#1177 = EDGE_CURVE('',#1178,#1178,#1180,.T.);
#1178 = VERTEX_POINT('',#1179);
#1179 = CARTESIAN_POINT('',(-122.75,125.,218.));
#1180 = CIRCLE('',#1181,2.25);
#1181 = AXIS2_PLACEMENT_3D('',#1182,#1183,#1184);
#1182 = CARTESIAN_POINT('',(-125.,125.,218.));
#1183 = DIRECTION('',(0.,0.,-1.));
#1184 = DIRECTION('',(1.,0.,0.));
#1185 = FACE_BOUND('',#1186,.T.);
#1186 = EDGE_LOOP('',(#1187));
#1187 = ORIENTED_EDGE('',*,*,#1188,.T.);
#1188 = EDGE_CURVE('',#1189,#1189,#1191,.T.);
#1189 = VERTEX_POINT('',#1190);
#1190 = CARTESIAN_POINT('',(-72.75,125.,218.));
#1191 = CIRCLE('',#1192,2.25);
#1192 = AXIS2_PLACEMENT_3D('',#1193,#1194,#1195);
#1193 = CARTESIAN_POINT('',(-75.,125.,218.));
#1194 = DIRECTION('',(0.,0.,-1.));
#1195 = DIRECTION('',(1.,0.,0.));
#1196 = FACE_BOUND('',#1197,.T.);
#1197 = EDGE_LOOP('',(#1198));
#1198 = ORIENTED_EDGE('',*,*,#1199,.T.);
#1199 = EDGE_CURVE('',#1200,#1200,#1202,.T.);
#1200 = VERTEX_POINT('',#1201);
#1201 = CARTESIAN_POINT('',(-22.75,125.,218.));
#1202 = CIRCLE('',#1203,2.25);
#1203 = AXIS2_PLACEMENT_3D('',#1204,#1205,#1206);
#1204 = CARTESIAN_POINT('',(-25.,125.,218.));
#1205 = DIRECTION('',(0.,0.,-1.));
#1206 = DIRECTION('',(1.,0.,0.));
#1207 = FACE_BOUND('',#1208,.T.);
#1208 = EDGE_LOOP('',(#1209));
#1209 = ORIENTED_EDGE('',*,*,#1210,.T.);
#1210 = EDGE_CURVE('',#1211,#1211,#1213,.T.);
#1211 = VERTEX_POINT('',#1212);
#1212 = CARTESIAN_POINT('',(2.25,75.,218.));
#1213 = CIRCLE('',#1214,2.25);
#1214 = AXIS2_PLACEMENT_3D('',#1215,#1216,#1217);
#1215 = CARTESIAN_POINT('',(0.,75.,218.));
#1216 = DIRECTION('',(0.,0.,-1.));
#1217 = DIRECTION('',(1.,0.,0.));
#1218 = FACE_BOUND('',#1219,.T.);
#1219 = EDGE_LOOP('',(#1220));
#1220 = ORIENTED_EDGE('',*,*,#1221,.T.);
#1221 = EDGE_CURVE('',#1222,#1222,#1224,.T.);
#1222 = VERTEX_POINT('',#1223);
#1223 = CARTESIAN_POINT('',(27.25,125.,218.));
#1224 = CIRCLE('',#1225,2.25);
#1225 = AXIS2_PLACEMENT_3D('',#1226,#1227,#1228);
#1226 = CARTESIAN_POINT('',(25.,125.,218.));
#1227 = DIRECTION('',(0.,0.,-1.));
#1228 = DIRECTION('',(1.,0.,0.));
#1229 = FACE_BOUND('',#1230,.T.);
#1230 = EDGE_LOOP('',(#1231));
#1231 = ORIENTED_EDGE('',*,*,#1232,.T.);
#1232 = EDGE_CURVE('',#1233,#1233,#1235,.T.);
#1233 = VERTEX_POINT('',#1234);
#1234 = CARTESIAN_POINT('',(77.25,125.,218.));
#1235 = CIRCLE('',#1236,2.25);
#1236 = AXIS2_PLACEMENT_3D('',#1237,#1238,#1239);
#1237 = CARTESIAN_POINT('',(75.,125.,218.));
#1238 = DIRECTION('',(0.,0.,-1.));
#1239 = DIRECTION('',(1.,0.,0.));
#1240 = FACE_BOUND('',#1241,.T.);
#1241 = EDGE_LOOP('',(#1242));
#1242 = ORIENTED_EDGE('',*,*,#1243,.T.);
#1243 = EDGE_CURVE('',#1244,#1244,#1246,.T.);
#1244 = VERTEX_POINT('',#1245);
#1245 = CARTESIAN_POINT('',(147.25,75.,218.));
#1246 = CIRCLE('',#1247,2.25);
#1247 = AXIS2_PLACEMENT_3D('',#1248,#1249,#1250);
#1248 = CARTESIAN_POINT('',(145.,75.,218.));
#1249 = DIRECTION('',(0.,0.,-1.));
#1250 = DIRECTION('',(1.,0.,0.));
#1251 = FACE_BOUND('',#1252,.T.);
#1252 = EDGE_LOOP('',(#1253));
#1253 = ORIENTED_EDGE('',*,*,#1254,.T.);
#1254 = EDGE_CURVE('',#1255,#1255,#1257,.T.);
#1255 = VERTEX_POINT('',#1256);
#1256 = CARTESIAN_POINT('',(127.25,125.,218.));
#1257 = CIRCLE('',#1258,2.25);
#1258 = AXIS2_PLACEMENT_3D('',#1259,#1260,#1261);
#1259 = CARTESIAN_POINT('',(125.,125.,218.));
#1260 = DIRECTION('',(0.,0.,-1.));
#1261 = DIRECTION('',(1.,0.,0.));
#1262 = FACE_BOUND('',#1263,.T.);
#1263 = EDGE_LOOP('',(#1264));
#1264 = ORIENTED_EDGE('',*,*,#1265,.T.);
#1265 = EDGE_CURVE('',#1266,#1266,#1268,.T.);
#1266 = VERTEX_POINT('',#1267);
#1267 = CARTESIAN_POINT('',(177.25,125.,218.));
#1268 = CIRCLE('',#1269,2.25);
#1269 = AXIS2_PLACEMENT_3D('',#1270,#1271,#1272);
#1270 = CARTESIAN_POINT('',(175.,125.,218.));
#1271 = DIRECTION('',(0.,0.,-1.));
#1272 = DIRECTION('',(1.,0.,0.));
#1273 = PLANE('',#1274);
#1274 = AXIS2_PLACEMENT_3D('',#1275,#1276,#1277);
#1275 = CARTESIAN_POINT('',(-200.,-150.,218.));
#1276 = DIRECTION('',(0.,0.,1.));
#1277 = DIRECTION('',(1.,0.,0.));
#1278 = ADVANCED_FACE('',(#1279),#1297,.T.);
#1279 = FACE_BOUND('',#1280,.T.);
#1280 = EDGE_LOOP('',(#1281,#1289,#1290,#1291));
#1281 = ORIENTED_EDGE('',*,*,#1282,.F.);
#1282 = EDGE_CURVE('',#956,#1283,#1285,.T.);
#1283 = VERTEX_POINT('',#1284);
#1284 = CARTESIAN_POINT('',(200.,150.,215.));
#1285 = LINE('',#1286,#1287);
#1286 = CARTESIAN_POINT('',(-200.,150.,215.));
#1287 = VECTOR('',#1288,1.);
#1288 = DIRECTION('',(1.,0.,0.));
#1289 = ORIENTED_EDGE('',*,*,#963,.T.);
#1290 = ORIENTED_EDGE('',*,*,#1026,.T.);
#1291 = ORIENTED_EDGE('',*,*,#1292,.F.);
#1292 = EDGE_CURVE('',#1283,#1019,#1293,.T.);
#1293 = LINE('',#1294,#1295);
#1294 = CARTESIAN_POINT('',(200.,150.,215.));
#1295 = VECTOR('',#1296,1.);
#1296 = DIRECTION('',(0.,0.,1.));
#1297 = PLANE('',#1298);
#1298 = AXIS2_PLACEMENT_3D('',#1299,#1300,#1301);
#1299 = CARTESIAN_POINT('',(-200.,150.,215.));
#1300 = DIRECTION('',(0.,1.,0.));
#1301 = DIRECTION('',(0.,0.,1.));
#1302 = ADVANCED_FACE('',(#1303,#1314,#1325,#1336,#1347,#1358,#1369,
    #1380,#1391,#1402,#1413,#1424,#1435,#1446,#1457,#1468,#1479,#1490,
    #1501,#1512,#1523,#1534,#1545),#1556,.F.);
#1303 = FACE_BOUND('',#1304,.F.);
#1304 = EDGE_LOOP('',(#1305,#1306,#1307,#1313));
#1305 = ORIENTED_EDGE('',*,*,#955,.F.);
#1306 = ORIENTED_EDGE('',*,*,#985,.T.);
#1307 = ORIENTED_EDGE('',*,*,#1308,.T.);
#1308 = EDGE_CURVE('',#986,#1283,#1309,.T.);
#1309 = LINE('',#1310,#1311);
#1310 = CARTESIAN_POINT('',(200.,-150.,215.));
#1311 = VECTOR('',#1312,1.);
#1312 = DIRECTION('',(0.,1.,0.));
#1313 = ORIENTED_EDGE('',*,*,#1282,.F.);
#1314 = FACE_BOUND('',#1315,.F.);
#1315 = EDGE_LOOP('',(#1316));
#1316 = ORIENTED_EDGE('',*,*,#1317,.T.);
#1317 = EDGE_CURVE('',#1318,#1318,#1320,.T.);
#1318 = VERTEX_POINT('',#1319);
#1319 = CARTESIAN_POINT('',(-172.75,-125.,215.));
#1320 = CIRCLE('',#1321,2.25);
#1321 = AXIS2_PLACEMENT_3D('',#1322,#1323,#1324);
#1322 = CARTESIAN_POINT('',(-175.,-125.,215.));
#1323 = DIRECTION('',(0.,0.,-1.));
#1324 = DIRECTION('',(1.,0.,0.));
#1325 = FACE_BOUND('',#1326,.F.);
#1326 = EDGE_LOOP('',(#1327));
#1327 = ORIENTED_EDGE('',*,*,#1328,.T.);
#1328 = EDGE_CURVE('',#1329,#1329,#1331,.T.);
#1329 = VERTEX_POINT('',#1330);
#1330 = CARTESIAN_POINT('',(-122.75,-125.,215.));
#1331 = CIRCLE('',#1332,2.25);
#1332 = AXIS2_PLACEMENT_3D('',#1333,#1334,#1335);
#1333 = CARTESIAN_POINT('',(-125.,-125.,215.));
#1334 = DIRECTION('',(0.,0.,-1.));
#1335 = DIRECTION('',(1.,0.,0.));
#1336 = FACE_BOUND('',#1337,.F.);
#1337 = EDGE_LOOP('',(#1338));
#1338 = ORIENTED_EDGE('',*,*,#1339,.T.);
#1339 = EDGE_CURVE('',#1340,#1340,#1342,.T.);
#1340 = VERTEX_POINT('',#1341);
#1341 = CARTESIAN_POINT('',(-142.75,-75.,215.));
#1342 = CIRCLE('',#1343,2.25);
#1343 = AXIS2_PLACEMENT_3D('',#1344,#1345,#1346);
#1344 = CARTESIAN_POINT('',(-145.,-75.,215.));
#1345 = DIRECTION('',(0.,0.,-1.));
#1346 = DIRECTION('',(1.,0.,0.));
#1347 = FACE_BOUND('',#1348,.F.);
#1348 = EDGE_LOOP('',(#1349));
#1349 = ORIENTED_EDGE('',*,*,#1350,.T.);
#1350 = EDGE_CURVE('',#1351,#1351,#1353,.T.);
#1351 = VERTEX_POINT('',#1352);
#1352 = CARTESIAN_POINT('',(-72.75,-125.,215.));
#1353 = CIRCLE('',#1354,2.25);
#1354 = AXIS2_PLACEMENT_3D('',#1355,#1356,#1357);
#1355 = CARTESIAN_POINT('',(-75.,-125.,215.));
#1356 = DIRECTION('',(0.,0.,-1.));
#1357 = DIRECTION('',(1.,0.,0.));
#1358 = FACE_BOUND('',#1359,.F.);
#1359 = EDGE_LOOP('',(#1360));
#1360 = ORIENTED_EDGE('',*,*,#1361,.T.);
#1361 = EDGE_CURVE('',#1362,#1362,#1364,.T.);
#1362 = VERTEX_POINT('',#1363);
#1363 = CARTESIAN_POINT('',(-22.75,-125.,215.));
#1364 = CIRCLE('',#1365,2.25);
#1365 = AXIS2_PLACEMENT_3D('',#1366,#1367,#1368);
#1366 = CARTESIAN_POINT('',(-25.,-125.,215.));
#1367 = DIRECTION('',(0.,0.,-1.));
#1368 = DIRECTION('',(1.,0.,0.));
#1369 = FACE_BOUND('',#1370,.F.);
#1370 = EDGE_LOOP('',(#1371));
#1371 = ORIENTED_EDGE('',*,*,#1372,.T.);
#1372 = EDGE_CURVE('',#1373,#1373,#1375,.T.);
#1373 = VERTEX_POINT('',#1374);
#1374 = CARTESIAN_POINT('',(27.25,-125.,215.));
#1375 = CIRCLE('',#1376,2.25);
#1376 = AXIS2_PLACEMENT_3D('',#1377,#1378,#1379);
#1377 = CARTESIAN_POINT('',(25.,-125.,215.));
#1378 = DIRECTION('',(0.,0.,-1.));
#1379 = DIRECTION('',(1.,0.,0.));
#1380 = FACE_BOUND('',#1381,.F.);
#1381 = EDGE_LOOP('',(#1382));
#1382 = ORIENTED_EDGE('',*,*,#1383,.T.);
#1383 = EDGE_CURVE('',#1384,#1384,#1386,.T.);
#1384 = VERTEX_POINT('',#1385);
#1385 = CARTESIAN_POINT('',(77.25,-125.,215.));
#1386 = CIRCLE('',#1387,2.25);
#1387 = AXIS2_PLACEMENT_3D('',#1388,#1389,#1390);
#1388 = CARTESIAN_POINT('',(75.,-125.,215.));
#1389 = DIRECTION('',(0.,0.,-1.));
#1390 = DIRECTION('',(1.,0.,0.));
#1391 = FACE_BOUND('',#1392,.F.);
#1392 = EDGE_LOOP('',(#1393));
#1393 = ORIENTED_EDGE('',*,*,#1394,.T.);
#1394 = EDGE_CURVE('',#1395,#1395,#1397,.T.);
#1395 = VERTEX_POINT('',#1396);
#1396 = CARTESIAN_POINT('',(2.25,-75.,215.));
#1397 = CIRCLE('',#1398,2.25);
#1398 = AXIS2_PLACEMENT_3D('',#1399,#1400,#1401);
#1399 = CARTESIAN_POINT('',(0.,-75.,215.));
#1400 = DIRECTION('',(0.,0.,-1.));
#1401 = DIRECTION('',(1.,0.,0.));
#1402 = FACE_BOUND('',#1403,.F.);
#1403 = EDGE_LOOP('',(#1404));
#1404 = ORIENTED_EDGE('',*,*,#1405,.T.);
#1405 = EDGE_CURVE('',#1406,#1406,#1408,.T.);
#1406 = VERTEX_POINT('',#1407);
#1407 = CARTESIAN_POINT('',(127.25,-125.,215.));
#1408 = CIRCLE('',#1409,2.25);
#1409 = AXIS2_PLACEMENT_3D('',#1410,#1411,#1412);
#1410 = CARTESIAN_POINT('',(125.,-125.,215.));
#1411 = DIRECTION('',(0.,0.,-1.));
#1412 = DIRECTION('',(1.,0.,0.));
#1413 = FACE_BOUND('',#1414,.F.);
#1414 = EDGE_LOOP('',(#1415));
#1415 = ORIENTED_EDGE('',*,*,#1416,.T.);
#1416 = EDGE_CURVE('',#1417,#1417,#1419,.T.);
#1417 = VERTEX_POINT('',#1418);
#1418 = CARTESIAN_POINT('',(177.25,-125.,215.));
#1419 = CIRCLE('',#1420,2.25);
#1420 = AXIS2_PLACEMENT_3D('',#1421,#1422,#1423);
#1421 = CARTESIAN_POINT('',(175.,-125.,215.));
#1422 = DIRECTION('',(0.,0.,-1.));
#1423 = DIRECTION('',(1.,0.,0.));
#1424 = FACE_BOUND('',#1425,.F.);
#1425 = EDGE_LOOP('',(#1426));
#1426 = ORIENTED_EDGE('',*,*,#1427,.T.);
#1427 = EDGE_CURVE('',#1428,#1428,#1430,.T.);
#1428 = VERTEX_POINT('',#1429);
#1429 = CARTESIAN_POINT('',(147.25,-75.,215.));
#1430 = CIRCLE('',#1431,2.25);
#1431 = AXIS2_PLACEMENT_3D('',#1432,#1433,#1434);
#1432 = CARTESIAN_POINT('',(145.,-75.,215.));
#1433 = DIRECTION('',(0.,0.,-1.));
#1434 = DIRECTION('',(1.,0.,0.));
#1435 = FACE_BOUND('',#1436,.F.);
#1436 = EDGE_LOOP('',(#1437));
#1437 = ORIENTED_EDGE('',*,*,#1438,.T.);
#1438 = EDGE_CURVE('',#1439,#1439,#1441,.T.);
#1439 = VERTEX_POINT('',#1440);
#1440 = CARTESIAN_POINT('',(-142.75,75.,215.));
#1441 = CIRCLE('',#1442,2.25);
#1442 = AXIS2_PLACEMENT_3D('',#1443,#1444,#1445);
#1443 = CARTESIAN_POINT('',(-145.,75.,215.));
#1444 = DIRECTION('',(0.,0.,-1.));
#1445 = DIRECTION('',(1.,0.,0.));
#1446 = FACE_BOUND('',#1447,.F.);
#1447 = EDGE_LOOP('',(#1448));
#1448 = ORIENTED_EDGE('',*,*,#1449,.T.);
#1449 = EDGE_CURVE('',#1450,#1450,#1452,.T.);
#1450 = VERTEX_POINT('',#1451);
#1451 = CARTESIAN_POINT('',(-172.75,125.,215.));
#1452 = CIRCLE('',#1453,2.25);
#1453 = AXIS2_PLACEMENT_3D('',#1454,#1455,#1456);
#1454 = CARTESIAN_POINT('',(-175.,125.,215.));
#1455 = DIRECTION('',(0.,0.,-1.));
#1456 = DIRECTION('',(1.,0.,0.));
#1457 = FACE_BOUND('',#1458,.F.);
#1458 = EDGE_LOOP('',(#1459));
#1459 = ORIENTED_EDGE('',*,*,#1460,.T.);
#1460 = EDGE_CURVE('',#1461,#1461,#1463,.T.);
#1461 = VERTEX_POINT('',#1462);
#1462 = CARTESIAN_POINT('',(-122.75,125.,215.));
#1463 = CIRCLE('',#1464,2.25);
#1464 = AXIS2_PLACEMENT_3D('',#1465,#1466,#1467);
#1465 = CARTESIAN_POINT('',(-125.,125.,215.));
#1466 = DIRECTION('',(0.,0.,-1.));
#1467 = DIRECTION('',(1.,0.,0.));
#1468 = FACE_BOUND('',#1469,.F.);
#1469 = EDGE_LOOP('',(#1470));
#1470 = ORIENTED_EDGE('',*,*,#1471,.T.);
#1471 = EDGE_CURVE('',#1472,#1472,#1474,.T.);
#1472 = VERTEX_POINT('',#1473);
#1473 = CARTESIAN_POINT('',(-72.75,125.,215.));
#1474 = CIRCLE('',#1475,2.25);
#1475 = AXIS2_PLACEMENT_3D('',#1476,#1477,#1478);
#1476 = CARTESIAN_POINT('',(-75.,125.,215.));
#1477 = DIRECTION('',(0.,0.,-1.));
#1478 = DIRECTION('',(1.,0.,0.));
#1479 = FACE_BOUND('',#1480,.F.);
#1480 = EDGE_LOOP('',(#1481));
#1481 = ORIENTED_EDGE('',*,*,#1482,.T.);
#1482 = EDGE_CURVE('',#1483,#1483,#1485,.T.);
#1483 = VERTEX_POINT('',#1484);
#1484 = CARTESIAN_POINT('',(-22.75,125.,215.));
#1485 = CIRCLE('',#1486,2.25);
#1486 = AXIS2_PLACEMENT_3D('',#1487,#1488,#1489);
#1487 = CARTESIAN_POINT('',(-25.,125.,215.));
#1488 = DIRECTION('',(0.,0.,-1.));
#1489 = DIRECTION('',(1.,0.,0.));
#1490 = FACE_BOUND('',#1491,.F.);
#1491 = EDGE_LOOP('',(#1492));
#1492 = ORIENTED_EDGE('',*,*,#1493,.T.);
#1493 = EDGE_CURVE('',#1494,#1494,#1496,.T.);
#1494 = VERTEX_POINT('',#1495);
#1495 = CARTESIAN_POINT('',(2.25,75.,215.));
#1496 = CIRCLE('',#1497,2.25);
#1497 = AXIS2_PLACEMENT_3D('',#1498,#1499,#1500);
#1498 = CARTESIAN_POINT('',(0.,75.,215.));
#1499 = DIRECTION('',(0.,0.,-1.));
#1500 = DIRECTION('',(1.,0.,0.));
#1501 = FACE_BOUND('',#1502,.F.);
#1502 = EDGE_LOOP('',(#1503));
#1503 = ORIENTED_EDGE('',*,*,#1504,.T.);
#1504 = EDGE_CURVE('',#1505,#1505,#1507,.T.);
#1505 = VERTEX_POINT('',#1506);
#1506 = CARTESIAN_POINT('',(27.25,125.,215.));
#1507 = CIRCLE('',#1508,2.25);
#1508 = AXIS2_PLACEMENT_3D('',#1509,#1510,#1511);
#1509 = CARTESIAN_POINT('',(25.,125.,215.));
#1510 = DIRECTION('',(0.,0.,-1.));
#1511 = DIRECTION('',(1.,0.,0.));
#1512 = FACE_BOUND('',#1513,.F.);
#1513 = EDGE_LOOP('',(#1514));
#1514 = ORIENTED_EDGE('',*,*,#1515,.T.);
#1515 = EDGE_CURVE('',#1516,#1516,#1518,.T.);
#1516 = VERTEX_POINT('',#1517);
#1517 = CARTESIAN_POINT('',(77.25,125.,215.));
#1518 = CIRCLE('',#1519,2.25);
#1519 = AXIS2_PLACEMENT_3D('',#1520,#1521,#1522);
#1520 = CARTESIAN_POINT('',(75.,125.,215.));
#1521 = DIRECTION('',(0.,0.,-1.));
#1522 = DIRECTION('',(1.,0.,0.));
#1523 = FACE_BOUND('',#1524,.F.);
#1524 = EDGE_LOOP('',(#1525));
#1525 = ORIENTED_EDGE('',*,*,#1526,.T.);
#1526 = EDGE_CURVE('',#1527,#1527,#1529,.T.);
#1527 = VERTEX_POINT('',#1528);
#1528 = CARTESIAN_POINT('',(147.25,75.,215.));
#1529 = CIRCLE('',#1530,2.25);
#1530 = AXIS2_PLACEMENT_3D('',#1531,#1532,#1533);
#1531 = CARTESIAN_POINT('',(145.,75.,215.));
#1532 = DIRECTION('',(0.,0.,-1.));
#1533 = DIRECTION('',(1.,0.,0.));
#1534 = FACE_BOUND('',#1535,.F.);
#1535 = EDGE_LOOP('',(#1536));
#1536 = ORIENTED_EDGE('',*,*,#1537,.T.);
#1537 = EDGE_CURVE('',#1538,#1538,#1540,.T.);
#1538 = VERTEX_POINT('',#1539);
#1539 = CARTESIAN_POINT('',(127.25,125.,215.));
#1540 = CIRCLE('',#1541,2.25);
#1541 = AXIS2_PLACEMENT_3D('',#1542,#1543,#1544);
#1542 = CARTESIAN_POINT('',(125.,125.,215.));
#1543 = DIRECTION('',(0.,0.,-1.));
#1544 = DIRECTION('',(1.,0.,0.));
#1545 = FACE_BOUND('',#1546,.F.);
#1546 = EDGE_LOOP('',(#1547));
#1547 = ORIENTED_EDGE('',*,*,#1548,.T.);
#1548 = EDGE_CURVE('',#1549,#1549,#1551,.T.);
#1549 = VERTEX_POINT('',#1550);
#1550 = CARTESIAN_POINT('',(177.25,125.,215.));
#1551 = CIRCLE('',#1552,2.25);
#1552 = AXIS2_PLACEMENT_3D('',#1553,#1554,#1555);
#1553 = CARTESIAN_POINT('',(175.,125.,215.));
#1554 = DIRECTION('',(0.,0.,-1.));
#1555 = DIRECTION('',(1.,0.,0.));
#1556 = PLANE('',#1557);
#1557 = AXIS2_PLACEMENT_3D('',#1558,#1559,#1560);
#1558 = CARTESIAN_POINT('',(-200.,-150.,215.));
#1559 = DIRECTION('',(0.,0.,1.));
#1560 = DIRECTION('',(1.,0.,0.));
#1561 = ADVANCED_FACE('',(#1562),#1568,.T.);
#1562 = FACE_BOUND('',#1563,.T.);
#1563 = EDGE_LOOP('',(#1564,#1565,#1566,#1567));
#1564 = ORIENTED_EDGE('',*,*,#1002,.F.);
#1565 = ORIENTED_EDGE('',*,*,#1308,.T.);
#1566 = ORIENTED_EDGE('',*,*,#1292,.T.);
#1567 = ORIENTED_EDGE('',*,*,#1018,.F.);
#1568 = PLANE('',#1569);
#1569 = AXIS2_PLACEMENT_3D('',#1570,#1571,#1572);
#1570 = CARTESIAN_POINT('',(200.,-150.,215.));
#1571 = DIRECTION('',(1.,0.,0.));
#1572 = DIRECTION('',(0.,0.,1.));
#1573 = ADVANCED_FACE('',(#1574),#1585,.F.);
#1574 = FACE_BOUND('',#1575,.T.);
#1575 = EDGE_LOOP('',(#1576,#1577,#1583,#1584));
#1576 = ORIENTED_EDGE('',*,*,#1317,.T.);
#1577 = ORIENTED_EDGE('',*,*,#1578,.T.);
#1578 = EDGE_CURVE('',#1318,#1035,#1579,.T.);
#1579 = LINE('',#1580,#1581);
#1580 = CARTESIAN_POINT('',(-172.75,-125.,214.));
#1581 = VECTOR('',#1582,1.);
#1582 = DIRECTION('',(0.,0.,1.));
#1583 = ORIENTED_EDGE('',*,*,#1034,.F.);
#1584 = ORIENTED_EDGE('',*,*,#1578,.F.);
#1585 = CYLINDRICAL_SURFACE('',#1586,2.25);
#1586 = AXIS2_PLACEMENT_3D('',#1587,#1588,#1589);
#1587 = CARTESIAN_POINT('',(-175.,-125.,214.));
#1588 = DIRECTION('',(-0.,-0.,-1.));
#1589 = DIRECTION('',(1.,0.,0.));
#1590 = ADVANCED_FACE('',(#1591),#1602,.F.);
#1591 = FACE_BOUND('',#1592,.T.);
#1592 = EDGE_LOOP('',(#1593,#1594,#1600,#1601));
#1593 = ORIENTED_EDGE('',*,*,#1328,.T.);
#1594 = ORIENTED_EDGE('',*,*,#1595,.T.);
#1595 = EDGE_CURVE('',#1329,#1046,#1596,.T.);
#1596 = LINE('',#1597,#1598);
#1597 = CARTESIAN_POINT('',(-122.75,-125.,214.));
#1598 = VECTOR('',#1599,1.);
#1599 = DIRECTION('',(0.,0.,1.));
#1600 = ORIENTED_EDGE('',*,*,#1045,.F.);
#1601 = ORIENTED_EDGE('',*,*,#1595,.F.);
#1602 = CYLINDRICAL_SURFACE('',#1603,2.25);
#1603 = AXIS2_PLACEMENT_3D('',#1604,#1605,#1606);
#1604 = CARTESIAN_POINT('',(-125.,-125.,214.));
#1605 = DIRECTION('',(-0.,-0.,-1.));
#1606 = DIRECTION('',(1.,0.,0.));
#1607 = ADVANCED_FACE('',(#1608),#1619,.F.);
#1608 = FACE_BOUND('',#1609,.T.);
#1609 = EDGE_LOOP('',(#1610,#1611,#1617,#1618));
#1610 = ORIENTED_EDGE('',*,*,#1339,.T.);
#1611 = ORIENTED_EDGE('',*,*,#1612,.T.);
#1612 = EDGE_CURVE('',#1340,#1057,#1613,.T.);
#1613 = LINE('',#1614,#1615);
#1614 = CARTESIAN_POINT('',(-142.75,-75.,214.));
#1615 = VECTOR('',#1616,1.);
#1616 = DIRECTION('',(0.,0.,1.));
#1617 = ORIENTED_EDGE('',*,*,#1056,.F.);
#1618 = ORIENTED_EDGE('',*,*,#1612,.F.);
#1619 = CYLINDRICAL_SURFACE('',#1620,2.25);
#1620 = AXIS2_PLACEMENT_3D('',#1621,#1622,#1623);
#1621 = CARTESIAN_POINT('',(-145.,-75.,214.));
#1622 = DIRECTION('',(-0.,-0.,-1.));
#1623 = DIRECTION('',(1.,0.,0.));
#1624 = ADVANCED_FACE('',(#1625),#1636,.F.);
#1625 = FACE_BOUND('',#1626,.T.);
#1626 = EDGE_LOOP('',(#1627,#1628,#1634,#1635));
#1627 = ORIENTED_EDGE('',*,*,#1350,.T.);
#1628 = ORIENTED_EDGE('',*,*,#1629,.T.);
#1629 = EDGE_CURVE('',#1351,#1068,#1630,.T.);
#1630 = LINE('',#1631,#1632);
#1631 = CARTESIAN_POINT('',(-72.75,-125.,214.));
#1632 = VECTOR('',#1633,1.);
#1633 = DIRECTION('',(0.,0.,1.));
#1634 = ORIENTED_EDGE('',*,*,#1067,.F.);
#1635 = ORIENTED_EDGE('',*,*,#1629,.F.);
#1636 = CYLINDRICAL_SURFACE('',#1637,2.25);
#1637 = AXIS2_PLACEMENT_3D('',#1638,#1639,#1640);
#1638 = CARTESIAN_POINT('',(-75.,-125.,214.));
#1639 = DIRECTION('',(-0.,-0.,-1.));
#1640 = DIRECTION('',(1.,0.,0.));
#1641 = ADVANCED_FACE('',(#1642),#1653,.F.);
#1642 = FACE_BOUND('',#1643,.T.);
#1643 = EDGE_LOOP('',(#1644,#1645,#1651,#1652));
#1644 = ORIENTED_EDGE('',*,*,#1361,.T.);
#1645 = ORIENTED_EDGE('',*,*,#1646,.T.);
#1646 = EDGE_CURVE('',#1362,#1079,#1647,.T.);
#1647 = LINE('',#1648,#1649);
#1648 = CARTESIAN_POINT('',(-22.75,-125.,214.));
#1649 = VECTOR('',#1650,1.);
#1650 = DIRECTION('',(0.,0.,1.));
#1651 = ORIENTED_EDGE('',*,*,#1078,.F.);
#1652 = ORIENTED_EDGE('',*,*,#1646,.F.);
#1653 = CYLINDRICAL_SURFACE('',#1654,2.25);
#1654 = AXIS2_PLACEMENT_3D('',#1655,#1656,#1657);
#1655 = CARTESIAN_POINT('',(-25.,-125.,214.));
#1656 = DIRECTION('',(-0.,-0.,-1.));
#1657 = DIRECTION('',(1.,0.,0.));
#1658 = ADVANCED_FACE('',(#1659),#1670,.F.);
#1659 = FACE_BOUND('',#1660,.T.);
#1660 = EDGE_LOOP('',(#1661,#1662,#1668,#1669));
#1661 = ORIENTED_EDGE('',*,*,#1372,.T.);
#1662 = ORIENTED_EDGE('',*,*,#1663,.T.);
#1663 = EDGE_CURVE('',#1373,#1090,#1664,.T.);
#1664 = LINE('',#1665,#1666);
#1665 = CARTESIAN_POINT('',(27.25,-125.,214.));
#1666 = VECTOR('',#1667,1.);
#1667 = DIRECTION('',(0.,0.,1.));
#1668 = ORIENTED_EDGE('',*,*,#1089,.F.);
#1669 = ORIENTED_EDGE('',*,*,#1663,.F.);
#1670 = CYLINDRICAL_SURFACE('',#1671,2.25);
#1671 = AXIS2_PLACEMENT_3D('',#1672,#1673,#1674);
#1672 = CARTESIAN_POINT('',(25.,-125.,214.));
#1673 = DIRECTION('',(-0.,-0.,-1.));
#1674 = DIRECTION('',(1.,0.,0.));
#1675 = ADVANCED_FACE('',(#1676),#1687,.F.);
#1676 = FACE_BOUND('',#1677,.T.);
#1677 = EDGE_LOOP('',(#1678,#1679,#1685,#1686));
#1678 = ORIENTED_EDGE('',*,*,#1383,.T.);
#1679 = ORIENTED_EDGE('',*,*,#1680,.T.);
#1680 = EDGE_CURVE('',#1384,#1101,#1681,.T.);
#1681 = LINE('',#1682,#1683);
#1682 = CARTESIAN_POINT('',(77.25,-125.,214.));
#1683 = VECTOR('',#1684,1.);
#1684 = DIRECTION('',(0.,0.,1.));
#1685 = ORIENTED_EDGE('',*,*,#1100,.F.);
#1686 = ORIENTED_EDGE('',*,*,#1680,.F.);
#1687 = CYLINDRICAL_SURFACE('',#1688,2.25);
#1688 = AXIS2_PLACEMENT_3D('',#1689,#1690,#1691);
#1689 = CARTESIAN_POINT('',(75.,-125.,214.));
#1690 = DIRECTION('',(-0.,-0.,-1.));
#1691 = DIRECTION('',(1.,0.,0.));
#1692 = ADVANCED_FACE('',(#1693),#1704,.F.);
#1693 = FACE_BOUND('',#1694,.T.);
#1694 = EDGE_LOOP('',(#1695,#1696,#1702,#1703));
#1695 = ORIENTED_EDGE('',*,*,#1394,.T.);
#1696 = ORIENTED_EDGE('',*,*,#1697,.T.);
#1697 = EDGE_CURVE('',#1395,#1112,#1698,.T.);
#1698 = LINE('',#1699,#1700);
#1699 = CARTESIAN_POINT('',(2.25,-75.,214.));
#1700 = VECTOR('',#1701,1.);
#1701 = DIRECTION('',(0.,0.,1.));
#1702 = ORIENTED_EDGE('',*,*,#1111,.F.);
#1703 = ORIENTED_EDGE('',*,*,#1697,.F.);
#1704 = CYLINDRICAL_SURFACE('',#1705,2.25);
#1705 = AXIS2_PLACEMENT_3D('',#1706,#1707,#1708);
#1706 = CARTESIAN_POINT('',(0.,-75.,214.));
#1707 = DIRECTION('',(-0.,-0.,-1.));
#1708 = DIRECTION('',(1.,0.,0.));
#1709 = ADVANCED_FACE('',(#1710),#1721,.F.);
#1710 = FACE_BOUND('',#1711,.T.);
#1711 = EDGE_LOOP('',(#1712,#1713,#1719,#1720));
#1712 = ORIENTED_EDGE('',*,*,#1405,.T.);
#1713 = ORIENTED_EDGE('',*,*,#1714,.T.);
#1714 = EDGE_CURVE('',#1406,#1123,#1715,.T.);
#1715 = LINE('',#1716,#1717);
#1716 = CARTESIAN_POINT('',(127.25,-125.,214.));
#1717 = VECTOR('',#1718,1.);
#1718 = DIRECTION('',(0.,0.,1.));
#1719 = ORIENTED_EDGE('',*,*,#1122,.F.);
#1720 = ORIENTED_EDGE('',*,*,#1714,.F.);
#1721 = CYLINDRICAL_SURFACE('',#1722,2.25);
#1722 = AXIS2_PLACEMENT_3D('',#1723,#1724,#1725);
#1723 = CARTESIAN_POINT('',(125.,-125.,214.));
#1724 = DIRECTION('',(-0.,-0.,-1.));
#1725 = DIRECTION('',(1.,0.,0.));
#1726 = ADVANCED_FACE('',(#1727),#1738,.F.);
#1727 = FACE_BOUND('',#1728,.T.);
#1728 = EDGE_LOOP('',(#1729,#1730,#1736,#1737));
#1729 = ORIENTED_EDGE('',*,*,#1416,.T.);
#1730 = ORIENTED_EDGE('',*,*,#1731,.T.);
#1731 = EDGE_CURVE('',#1417,#1134,#1732,.T.);
#1732 = LINE('',#1733,#1734);
#1733 = CARTESIAN_POINT('',(177.25,-125.,214.));
#1734 = VECTOR('',#1735,1.);
#1735 = DIRECTION('',(0.,0.,1.));
#1736 = ORIENTED_EDGE('',*,*,#1133,.F.);
#1737 = ORIENTED_EDGE('',*,*,#1731,.F.);
#1738 = CYLINDRICAL_SURFACE('',#1739,2.25);
#1739 = AXIS2_PLACEMENT_3D('',#1740,#1741,#1742);
#1740 = CARTESIAN_POINT('',(175.,-125.,214.));
#1741 = DIRECTION('',(-0.,-0.,-1.));
#1742 = DIRECTION('',(1.,0.,0.));
#1743 = ADVANCED_FACE('',(#1744),#1755,.F.);
#1744 = FACE_BOUND('',#1745,.T.);
#1745 = EDGE_LOOP('',(#1746,#1747,#1753,#1754));
#1746 = ORIENTED_EDGE('',*,*,#1427,.T.);
#1747 = ORIENTED_EDGE('',*,*,#1748,.T.);
#1748 = EDGE_CURVE('',#1428,#1145,#1749,.T.);
#1749 = LINE('',#1750,#1751);
#1750 = CARTESIAN_POINT('',(147.25,-75.,214.));
#1751 = VECTOR('',#1752,1.);
#1752 = DIRECTION('',(0.,0.,1.));
#1753 = ORIENTED_EDGE('',*,*,#1144,.F.);
#1754 = ORIENTED_EDGE('',*,*,#1748,.F.);
#1755 = CYLINDRICAL_SURFACE('',#1756,2.25);
#1756 = AXIS2_PLACEMENT_3D('',#1757,#1758,#1759);
#1757 = CARTESIAN_POINT('',(145.,-75.,214.));
#1758 = DIRECTION('',(-0.,-0.,-1.));
#1759 = DIRECTION('',(1.,0.,0.));
#1760 = ADVANCED_FACE('',(#1761),#1772,.F.);
#1761 = FACE_BOUND('',#1762,.T.);
#1762 = EDGE_LOOP('',(#1763,#1764,#1770,#1771));
#1763 = ORIENTED_EDGE('',*,*,#1438,.T.);
#1764 = ORIENTED_EDGE('',*,*,#1765,.T.);
#1765 = EDGE_CURVE('',#1439,#1156,#1766,.T.);
#1766 = LINE('',#1767,#1768);
#1767 = CARTESIAN_POINT('',(-142.75,75.,214.));
#1768 = VECTOR('',#1769,1.);
#1769 = DIRECTION('',(0.,0.,1.));
#1770 = ORIENTED_EDGE('',*,*,#1155,.F.);
#1771 = ORIENTED_EDGE('',*,*,#1765,.F.);
#1772 = CYLINDRICAL_SURFACE('',#1773,2.25);
#1773 = AXIS2_PLACEMENT_3D('',#1774,#1775,#1776);
#1774 = CARTESIAN_POINT('',(-145.,75.,214.));
#1775 = DIRECTION('',(-0.,-0.,-1.));
#1776 = DIRECTION('',(1.,0.,0.));
#1777 = ADVANCED_FACE('',(#1778),#1789,.F.);
#1778 = FACE_BOUND('',#1779,.T.);
#1779 = EDGE_LOOP('',(#1780,#1781,#1787,#1788));
#1780 = ORIENTED_EDGE('',*,*,#1449,.T.);
#1781 = ORIENTED_EDGE('',*,*,#1782,.T.);
#1782 = EDGE_CURVE('',#1450,#1167,#1783,.T.);
#1783 = LINE('',#1784,#1785);
#1784 = CARTESIAN_POINT('',(-172.75,125.,214.));
#1785 = VECTOR('',#1786,1.);
#1786 = DIRECTION('',(0.,0.,1.));
#1787 = ORIENTED_EDGE('',*,*,#1166,.F.);
#1788 = ORIENTED_EDGE('',*,*,#1782,.F.);
#1789 = CYLINDRICAL_SURFACE('',#1790,2.25);
#1790 = AXIS2_PLACEMENT_3D('',#1791,#1792,#1793);
#1791 = CARTESIAN_POINT('',(-175.,125.,214.));
#1792 = DIRECTION('',(-0.,-0.,-1.));
#1793 = DIRECTION('',(1.,0.,0.));
#1794 = ADVANCED_FACE('',(#1795),#1806,.F.);
#1795 = FACE_BOUND('',#1796,.T.);
#1796 = EDGE_LOOP('',(#1797,#1798,#1804,#1805));
#1797 = ORIENTED_EDGE('',*,*,#1460,.T.);
#1798 = ORIENTED_EDGE('',*,*,#1799,.T.);
#1799 = EDGE_CURVE('',#1461,#1178,#1800,.T.);
#1800 = LINE('',#1801,#1802);
#1801 = CARTESIAN_POINT('',(-122.75,125.,214.));
#1802 = VECTOR('',#1803,1.);
#1803 = DIRECTION('',(0.,0.,1.));
#1804 = ORIENTED_EDGE('',*,*,#1177,.F.);
#1805 = ORIENTED_EDGE('',*,*,#1799,.F.);
#1806 = CYLINDRICAL_SURFACE('',#1807,2.25);
#1807 = AXIS2_PLACEMENT_3D('',#1808,#1809,#1810);
#1808 = CARTESIAN_POINT('',(-125.,125.,214.));
#1809 = DIRECTION('',(-0.,-0.,-1.));
#1810 = DIRECTION('',(1.,0.,0.));
#1811 = ADVANCED_FACE('',(#1812),#1823,.F.);
#1812 = FACE_BOUND('',#1813,.T.);
#1813 = EDGE_LOOP('',(#1814,#1815,#1821,#1822));
#1814 = ORIENTED_EDGE('',*,*,#1471,.T.);
#1815 = ORIENTED_EDGE('',*,*,#1816,.T.);
#1816 = EDGE_CURVE('',#1472,#1189,#1817,.T.);
#1817 = LINE('',#1818,#1819);
#1818 = CARTESIAN_POINT('',(-72.75,125.,214.));
#1819 = VECTOR('',#1820,1.);
#1820 = DIRECTION('',(0.,0.,1.));
#1821 = ORIENTED_EDGE('',*,*,#1188,.F.);
#1822 = ORIENTED_EDGE('',*,*,#1816,.F.);
#1823 = CYLINDRICAL_SURFACE('',#1824,2.25);
#1824 = AXIS2_PLACEMENT_3D('',#1825,#1826,#1827);
#1825 = CARTESIAN_POINT('',(-75.,125.,214.));
#1826 = DIRECTION('',(-0.,-0.,-1.));
#1827 = DIRECTION('',(1.,0.,0.));
#1828 = ADVANCED_FACE('',(#1829),#1840,.F.);
#1829 = FACE_BOUND('',#1830,.T.);
#1830 = EDGE_LOOP('',(#1831,#1832,#1838,#1839));
#1831 = ORIENTED_EDGE('',*,*,#1482,.T.);
#1832 = ORIENTED_EDGE('',*,*,#1833,.T.);
#1833 = EDGE_CURVE('',#1483,#1200,#1834,.T.);
#1834 = LINE('',#1835,#1836);
#1835 = CARTESIAN_POINT('',(-22.75,125.,214.));
#1836 = VECTOR('',#1837,1.);
#1837 = DIRECTION('',(0.,0.,1.));
#1838 = ORIENTED_EDGE('',*,*,#1199,.F.);
#1839 = ORIENTED_EDGE('',*,*,#1833,.F.);
#1840 = CYLINDRICAL_SURFACE('',#1841,2.25);
#1841 = AXIS2_PLACEMENT_3D('',#1842,#1843,#1844);
#1842 = CARTESIAN_POINT('',(-25.,125.,214.));
#1843 = DIRECTION('',(-0.,-0.,-1.));
#1844 = DIRECTION('',(1.,0.,0.));
#1845 = ADVANCED_FACE('',(#1846),#1857,.F.);
#1846 = FACE_BOUND('',#1847,.T.);
#1847 = EDGE_LOOP('',(#1848,#1849,#1855,#1856));
#1848 = ORIENTED_EDGE('',*,*,#1493,.T.);
#1849 = ORIENTED_EDGE('',*,*,#1850,.T.);
#1850 = EDGE_CURVE('',#1494,#1211,#1851,.T.);
#1851 = LINE('',#1852,#1853);
#1852 = CARTESIAN_POINT('',(2.25,75.,214.));
#1853 = VECTOR('',#1854,1.);
#1854 = DIRECTION('',(0.,0.,1.));
#1855 = ORIENTED_EDGE('',*,*,#1210,.F.);
#1856 = ORIENTED_EDGE('',*,*,#1850,.F.);
#1857 = CYLINDRICAL_SURFACE('',#1858,2.25);
#1858 = AXIS2_PLACEMENT_3D('',#1859,#1860,#1861);
#1859 = CARTESIAN_POINT('',(0.,75.,214.));
#1860 = DIRECTION('',(-0.,-0.,-1.));
#1861 = DIRECTION('',(1.,0.,0.));
#1862 = ADVANCED_FACE('',(#1863),#1874,.F.);
#1863 = FACE_BOUND('',#1864,.T.);
#1864 = EDGE_LOOP('',(#1865,#1866,#1872,#1873));
#1865 = ORIENTED_EDGE('',*,*,#1504,.T.);
#1866 = ORIENTED_EDGE('',*,*,#1867,.T.);
#1867 = EDGE_CURVE('',#1505,#1222,#1868,.T.);
#1868 = LINE('',#1869,#1870);
#1869 = CARTESIAN_POINT('',(27.25,125.,214.));
#1870 = VECTOR('',#1871,1.);
#1871 = DIRECTION('',(0.,0.,1.));
#1872 = ORIENTED_EDGE('',*,*,#1221,.F.);
#1873 = ORIENTED_EDGE('',*,*,#1867,.F.);
#1874 = CYLINDRICAL_SURFACE('',#1875,2.25);
#1875 = AXIS2_PLACEMENT_3D('',#1876,#1877,#1878);
#1876 = CARTESIAN_POINT('',(25.,125.,214.));
#1877 = DIRECTION('',(-0.,-0.,-1.));
#1878 = DIRECTION('',(1.,0.,0.));
#1879 = ADVANCED_FACE('',(#1880),#1891,.F.);
#1880 = FACE_BOUND('',#1881,.T.);
#1881 = EDGE_LOOP('',(#1882,#1883,#1889,#1890));
#1882 = ORIENTED_EDGE('',*,*,#1515,.T.);
#1883 = ORIENTED_EDGE('',*,*,#1884,.T.);
#1884 = EDGE_CURVE('',#1516,#1233,#1885,.T.);
#1885 = LINE('',#1886,#1887);
#1886 = CARTESIAN_POINT('',(77.25,125.,214.));
#1887 = VECTOR('',#1888,1.);
#1888 = DIRECTION('',(0.,0.,1.));
#1889 = ORIENTED_EDGE('',*,*,#1232,.F.);
#1890 = ORIENTED_EDGE('',*,*,#1884,.F.);
#1891 = CYLINDRICAL_SURFACE('',#1892,2.25);
#1892 = AXIS2_PLACEMENT_3D('',#1893,#1894,#1895);
#1893 = CARTESIAN_POINT('',(75.,125.,214.));
#1894 = DIRECTION('',(-0.,-0.,-1.));
#1895 = DIRECTION('',(1.,0.,0.));
#1896 = ADVANCED_FACE('',(#1897),#1908,.F.);
#1897 = FACE_BOUND('',#1898,.T.);
#1898 = EDGE_LOOP('',(#1899,#1900,#1906,#1907));
#1899 = ORIENTED_EDGE('',*,*,#1526,.T.);
#1900 = ORIENTED_EDGE('',*,*,#1901,.T.);
#1901 = EDGE_CURVE('',#1527,#1244,#1902,.T.);
#1902 = LINE('',#1903,#1904);
#1903 = CARTESIAN_POINT('',(147.25,75.,214.));
#1904 = VECTOR('',#1905,1.);
#1905 = DIRECTION('',(0.,0.,1.));
#1906 = ORIENTED_EDGE('',*,*,#1243,.F.);
#1907 = ORIENTED_EDGE('',*,*,#1901,.F.);
#1908 = CYLINDRICAL_SURFACE('',#1909,2.25);
#1909 = AXIS2_PLACEMENT_3D('',#1910,#1911,#1912);
#1910 = CARTESIAN_POINT('',(145.,75.,214.));
#1911 = DIRECTION('',(-0.,-0.,-1.));
#1912 = DIRECTION('',(1.,0.,0.));
#1913 = ADVANCED_FACE('',(#1914),#1925,.F.);
#1914 = FACE_BOUND('',#1915,.T.);
#1915 = EDGE_LOOP('',(#1916,#1917,#1923,#1924));
#1916 = ORIENTED_EDGE('',*,*,#1537,.T.);
#1917 = ORIENTED_EDGE('',*,*,#1918,.T.);
#1918 = EDGE_CURVE('',#1538,#1255,#1919,.T.);
#1919 = LINE('',#1920,#1921);
#1920 = CARTESIAN_POINT('',(127.25,125.,214.));
#1921 = VECTOR('',#1922,1.);
#1922 = DIRECTION('',(0.,0.,1.));
#1923 = ORIENTED_EDGE('',*,*,#1254,.F.);
#1924 = ORIENTED_EDGE('',*,*,#1918,.F.);
#1925 = CYLINDRICAL_SURFACE('',#1926,2.25);
#1926 = AXIS2_PLACEMENT_3D('',#1927,#1928,#1929);
#1927 = CARTESIAN_POINT('',(125.,125.,214.));
#1928 = DIRECTION('',(-0.,-0.,-1.));
#1929 = DIRECTION('',(1.,0.,0.));
#1930 = ADVANCED_FACE('',(#1931),#1942,.F.);
#1931 = FACE_BOUND('',#1932,.T.);
#1932 = EDGE_LOOP('',(#1933,#1934,#1940,#1941));
#1933 = ORIENTED_EDGE('',*,*,#1548,.T.);
#1934 = ORIENTED_EDGE('',*,*,#1935,.T.);
#1935 = EDGE_CURVE('',#1549,#1266,#1936,.T.);
#1936 = LINE('',#1937,#1938);
#1937 = CARTESIAN_POINT('',(177.25,125.,214.));
#1938 = VECTOR('',#1939,1.);
#1939 = DIRECTION('',(0.,0.,1.));
#1940 = ORIENTED_EDGE('',*,*,#1265,.F.);
#1941 = ORIENTED_EDGE('',*,*,#1935,.F.);
#1942 = CYLINDRICAL_SURFACE('',#1943,2.25);
#1943 = AXIS2_PLACEMENT_3D('',#1944,#1945,#1946);
#1944 = CARTESIAN_POINT('',(175.,125.,214.));
#1945 = DIRECTION('',(-0.,-0.,-1.));
#1946 = DIRECTION('',(1.,0.,0.));
#1947 = MANIFOLD_SOLID_BREP('',#1948);
#1948 = CLOSED_SHELL('',(#1949,#1982,#2002,#2022));
#1949 = ADVANCED_FACE('',(#1950),#1977,.T.);
#1950 = FACE_BOUND('',#1951,.F.);
#1951 = EDGE_LOOP('',(#1952,#1962,#1969,#1970));
#1952 = ORIENTED_EDGE('',*,*,#1953,.T.);
#1953 = EDGE_CURVE('',#1954,#1956,#1958,.T.);
#1954 = VERTEX_POINT('',#1955);
#1955 = CARTESIAN_POINT('',(-139.,-75.,69.));
#1956 = VERTEX_POINT('',#1957);
#1957 = CARTESIAN_POINT('',(-139.,-75.,125.));
#1958 = LINE('',#1959,#1960);
#1959 = CARTESIAN_POINT('',(-139.,-75.,69.));
#1960 = VECTOR('',#1961,1.);
#1961 = DIRECTION('',(0.,0.,1.));
#1962 = ORIENTED_EDGE('',*,*,#1963,.T.);
#1963 = EDGE_CURVE('',#1956,#1956,#1964,.T.);
#1964 = CIRCLE('',#1965,6.);
#1965 = AXIS2_PLACEMENT_3D('',#1966,#1967,#1968);
#1966 = CARTESIAN_POINT('',(-145.,-75.,125.));
#1967 = DIRECTION('',(0.,0.,1.));
#1968 = DIRECTION('',(1.,0.,0.));
#1969 = ORIENTED_EDGE('',*,*,#1953,.F.);
#1970 = ORIENTED_EDGE('',*,*,#1971,.F.);
#1971 = EDGE_CURVE('',#1954,#1954,#1972,.T.);
#1972 = CIRCLE('',#1973,6.);
#1973 = AXIS2_PLACEMENT_3D('',#1974,#1975,#1976);
#1974 = CARTESIAN_POINT('',(-145.,-75.,69.));
#1975 = DIRECTION('',(0.,0.,1.));
#1976 = DIRECTION('',(1.,0.,0.));
#1977 = CYLINDRICAL_SURFACE('',#1978,6.);
#1978 = AXIS2_PLACEMENT_3D('',#1979,#1980,#1981);
#1979 = CARTESIAN_POINT('',(-145.,-75.,69.));
#1980 = DIRECTION('',(-0.,-0.,-1.));
#1981 = DIRECTION('',(1.,0.,0.));
#1982 = ADVANCED_FACE('',(#1983,#1986),#1997,.F.);
#1983 = FACE_BOUND('',#1984,.F.);
#1984 = EDGE_LOOP('',(#1985));
#1985 = ORIENTED_EDGE('',*,*,#1971,.T.);
#1986 = FACE_BOUND('',#1987,.F.);
#1987 = EDGE_LOOP('',(#1988));
#1988 = ORIENTED_EDGE('',*,*,#1989,.F.);
#1989 = EDGE_CURVE('',#1990,#1990,#1992,.T.);
#1990 = VERTEX_POINT('',#1991);
#1991 = CARTESIAN_POINT('',(-142.75,-75.,69.));
#1992 = CIRCLE('',#1993,2.25);
#1993 = AXIS2_PLACEMENT_3D('',#1994,#1995,#1996);
#1994 = CARTESIAN_POINT('',(-145.,-75.,69.));
#1995 = DIRECTION('',(0.,0.,1.));
#1996 = DIRECTION('',(1.,0.,0.));
#1997 = PLANE('',#1998);
#1998 = AXIS2_PLACEMENT_3D('',#1999,#2000,#2001);
#1999 = CARTESIAN_POINT('',(-145.,-75.,69.));
#2000 = DIRECTION('',(0.,0.,1.));
#2001 = DIRECTION('',(1.,0.,0.));
#2002 = ADVANCED_FACE('',(#2003,#2006),#2017,.T.);
#2003 = FACE_BOUND('',#2004,.T.);
#2004 = EDGE_LOOP('',(#2005));
#2005 = ORIENTED_EDGE('',*,*,#1963,.T.);
#2006 = FACE_BOUND('',#2007,.T.);
#2007 = EDGE_LOOP('',(#2008));
#2008 = ORIENTED_EDGE('',*,*,#2009,.F.);
#2009 = EDGE_CURVE('',#2010,#2010,#2012,.T.);
#2010 = VERTEX_POINT('',#2011);
#2011 = CARTESIAN_POINT('',(-142.75,-75.,125.));
#2012 = CIRCLE('',#2013,2.25);
#2013 = AXIS2_PLACEMENT_3D('',#2014,#2015,#2016);
#2014 = CARTESIAN_POINT('',(-145.,-75.,125.));
#2015 = DIRECTION('',(0.,0.,1.));
#2016 = DIRECTION('',(1.,0.,0.));
#2017 = PLANE('',#2018);
#2018 = AXIS2_PLACEMENT_3D('',#2019,#2020,#2021);
#2019 = CARTESIAN_POINT('',(-145.,-75.,125.));
#2020 = DIRECTION('',(0.,0.,1.));
#2021 = DIRECTION('',(1.,0.,0.));
#2022 = ADVANCED_FACE('',(#2023),#2034,.F.);
#2023 = FACE_BOUND('',#2024,.T.);
#2024 = EDGE_LOOP('',(#2025,#2031,#2032,#2033));
#2025 = ORIENTED_EDGE('',*,*,#2026,.T.);
#2026 = EDGE_CURVE('',#1990,#2010,#2027,.T.);
#2027 = LINE('',#2028,#2029);
#2028 = CARTESIAN_POINT('',(-142.75,-75.,69.));
#2029 = VECTOR('',#2030,1.);
#2030 = DIRECTION('',(0.,0.,1.));
#2031 = ORIENTED_EDGE('',*,*,#2009,.T.);
#2032 = ORIENTED_EDGE('',*,*,#2026,.F.);
#2033 = ORIENTED_EDGE('',*,*,#1989,.F.);
#2034 = CYLINDRICAL_SURFACE('',#2035,2.25);
#2035 = AXIS2_PLACEMENT_3D('',#2036,#2037,#2038);
#2036 = CARTESIAN_POINT('',(-145.,-75.,69.));
#2037 = DIRECTION('',(-0.,-0.,-1.));
#2038 = DIRECTION('',(1.,0.,0.));
#2039 = MANIFOLD_SOLID_BREP('',#2040);
#2040 = CLOSED_SHELL('',(#2041,#2074,#2094,#2114));
#2041 = ADVANCED_FACE('',(#2042),#2069,.T.);
#2042 = FACE_BOUND('',#2043,.F.);
#2043 = EDGE_LOOP('',(#2044,#2054,#2061,#2062));
#2044 = ORIENTED_EDGE('',*,*,#2045,.T.);
#2045 = EDGE_CURVE('',#2046,#2048,#2050,.T.);
#2046 = VERTEX_POINT('',#2047);
#2047 = CARTESIAN_POINT('',(-139.,-75.,128.));
#2048 = VERTEX_POINT('',#2049);
#2049 = CARTESIAN_POINT('',(-139.,-75.,215.));
#2050 = LINE('',#2051,#2052);
#2051 = CARTESIAN_POINT('',(-139.,-75.,128.));
#2052 = VECTOR('',#2053,1.);
#2053 = DIRECTION('',(0.,0.,1.));
#2054 = ORIENTED_EDGE('',*,*,#2055,.T.);
#2055 = EDGE_CURVE('',#2048,#2048,#2056,.T.);
#2056 = CIRCLE('',#2057,6.);
#2057 = AXIS2_PLACEMENT_3D('',#2058,#2059,#2060);
#2058 = CARTESIAN_POINT('',(-145.,-75.,215.));
#2059 = DIRECTION('',(0.,0.,1.));
#2060 = DIRECTION('',(1.,0.,0.));
#2061 = ORIENTED_EDGE('',*,*,#2045,.F.);
#2062 = ORIENTED_EDGE('',*,*,#2063,.F.);
#2063 = EDGE_CURVE('',#2046,#2046,#2064,.T.);
#2064 = CIRCLE('',#2065,6.);
#2065 = AXIS2_PLACEMENT_3D('',#2066,#2067,#2068);
#2066 = CARTESIAN_POINT('',(-145.,-75.,128.));
#2067 = DIRECTION('',(0.,0.,1.));
#2068 = DIRECTION('',(1.,0.,0.));
#2069 = CYLINDRICAL_SURFACE('',#2070,6.);
#2070 = AXIS2_PLACEMENT_3D('',#2071,#2072,#2073);
#2071 = CARTESIAN_POINT('',(-145.,-75.,128.));
#2072 = DIRECTION('',(-0.,-0.,-1.));
#2073 = DIRECTION('',(1.,0.,0.));
#2074 = ADVANCED_FACE('',(#2075,#2078),#2089,.F.);
#2075 = FACE_BOUND('',#2076,.F.);
#2076 = EDGE_LOOP('',(#2077));
#2077 = ORIENTED_EDGE('',*,*,#2063,.T.);
#2078 = FACE_BOUND('',#2079,.F.);
#2079 = EDGE_LOOP('',(#2080));
#2080 = ORIENTED_EDGE('',*,*,#2081,.F.);
#2081 = EDGE_CURVE('',#2082,#2082,#2084,.T.);
#2082 = VERTEX_POINT('',#2083);
#2083 = CARTESIAN_POINT('',(-142.75,-75.,128.));
#2084 = CIRCLE('',#2085,2.25);
#2085 = AXIS2_PLACEMENT_3D('',#2086,#2087,#2088);
#2086 = CARTESIAN_POINT('',(-145.,-75.,128.));
#2087 = DIRECTION('',(0.,0.,1.));
#2088 = DIRECTION('',(1.,0.,0.));
#2089 = PLANE('',#2090);
#2090 = AXIS2_PLACEMENT_3D('',#2091,#2092,#2093);
#2091 = CARTESIAN_POINT('',(-145.,-75.,128.));
#2092 = DIRECTION('',(0.,0.,1.));
#2093 = DIRECTION('',(1.,0.,0.));
#2094 = ADVANCED_FACE('',(#2095,#2098),#2109,.T.);
#2095 = FACE_BOUND('',#2096,.T.);
#2096 = EDGE_LOOP('',(#2097));
#2097 = ORIENTED_EDGE('',*,*,#2055,.T.);
#2098 = FACE_BOUND('',#2099,.T.);
#2099 = EDGE_LOOP('',(#2100));
#2100 = ORIENTED_EDGE('',*,*,#2101,.F.);
#2101 = EDGE_CURVE('',#2102,#2102,#2104,.T.);
#2102 = VERTEX_POINT('',#2103);
#2103 = CARTESIAN_POINT('',(-142.75,-75.,215.));
#2104 = CIRCLE('',#2105,2.25);
#2105 = AXIS2_PLACEMENT_3D('',#2106,#2107,#2108);
#2106 = CARTESIAN_POINT('',(-145.,-75.,215.));
#2107 = DIRECTION('',(0.,0.,1.));
#2108 = DIRECTION('',(1.,0.,0.));
#2109 = PLANE('',#2110);
#2110 = AXIS2_PLACEMENT_3D('',#2111,#2112,#2113);
#2111 = CARTESIAN_POINT('',(-145.,-75.,215.));
#2112 = DIRECTION('',(0.,0.,1.));
#2113 = DIRECTION('',(1.,0.,0.));
#2114 = ADVANCED_FACE('',(#2115),#2126,.F.);
#2115 = FACE_BOUND('',#2116,.T.);
#2116 = EDGE_LOOP('',(#2117,#2123,#2124,#2125));
#2117 = ORIENTED_EDGE('',*,*,#2118,.T.);
#2118 = EDGE_CURVE('',#2082,#2102,#2119,.T.);
#2119 = LINE('',#2120,#2121);
#2120 = CARTESIAN_POINT('',(-142.75,-75.,128.));
#2121 = VECTOR('',#2122,1.);
#2122 = DIRECTION('',(0.,0.,1.));
#2123 = ORIENTED_EDGE('',*,*,#2101,.T.);
#2124 = ORIENTED_EDGE('',*,*,#2118,.F.);
#2125 = ORIENTED_EDGE('',*,*,#2081,.F.);
#2126 = CYLINDRICAL_SURFACE('',#2127,2.25);
#2127 = AXIS2_PLACEMENT_3D('',#2128,#2129,#2130);
#2128 = CARTESIAN_POINT('',(-145.,-75.,128.));
#2129 = DIRECTION('',(-0.,-0.,-1.));
#2130 = DIRECTION('',(1.,0.,0.));
#2131 = MANIFOLD_SOLID_BREP('',#2132);
#2132 = CLOSED_SHELL('',(#2133,#2166,#2186,#2206));
#2133 = ADVANCED_FACE('',(#2134),#2161,.T.);
#2134 = FACE_BOUND('',#2135,.F.);
#2135 = EDGE_LOOP('',(#2136,#2146,#2153,#2154));
#2136 = ORIENTED_EDGE('',*,*,#2137,.T.);
#2137 = EDGE_CURVE('',#2138,#2140,#2142,.T.);
#2138 = VERTEX_POINT('',#2139);
#2139 = CARTESIAN_POINT('',(-139.,75.,69.));
#2140 = VERTEX_POINT('',#2141);
#2141 = CARTESIAN_POINT('',(-139.,75.,125.));
#2142 = LINE('',#2143,#2144);
#2143 = CARTESIAN_POINT('',(-139.,75.,69.));
#2144 = VECTOR('',#2145,1.);
#2145 = DIRECTION('',(0.,0.,1.));
#2146 = ORIENTED_EDGE('',*,*,#2147,.T.);
#2147 = EDGE_CURVE('',#2140,#2140,#2148,.T.);
#2148 = CIRCLE('',#2149,6.);
#2149 = AXIS2_PLACEMENT_3D('',#2150,#2151,#2152);
#2150 = CARTESIAN_POINT('',(-145.,75.,125.));
#2151 = DIRECTION('',(0.,0.,1.));
#2152 = DIRECTION('',(1.,0.,0.));
#2153 = ORIENTED_EDGE('',*,*,#2137,.F.);
#2154 = ORIENTED_EDGE('',*,*,#2155,.F.);
#2155 = EDGE_CURVE('',#2138,#2138,#2156,.T.);
#2156 = CIRCLE('',#2157,6.);
#2157 = AXIS2_PLACEMENT_3D('',#2158,#2159,#2160);
#2158 = CARTESIAN_POINT('',(-145.,75.,69.));
#2159 = DIRECTION('',(0.,0.,1.));
#2160 = DIRECTION('',(1.,0.,0.));
#2161 = CYLINDRICAL_SURFACE('',#2162,6.);
#2162 = AXIS2_PLACEMENT_3D('',#2163,#2164,#2165);
#2163 = CARTESIAN_POINT('',(-145.,75.,69.));
#2164 = DIRECTION('',(-0.,-0.,-1.));
#2165 = DIRECTION('',(1.,0.,0.));
#2166 = ADVANCED_FACE('',(#2167,#2170),#2181,.F.);
#2167 = FACE_BOUND('',#2168,.F.);
#2168 = EDGE_LOOP('',(#2169));
#2169 = ORIENTED_EDGE('',*,*,#2155,.T.);
#2170 = FACE_BOUND('',#2171,.F.);
#2171 = EDGE_LOOP('',(#2172));
#2172 = ORIENTED_EDGE('',*,*,#2173,.F.);
#2173 = EDGE_CURVE('',#2174,#2174,#2176,.T.);
#2174 = VERTEX_POINT('',#2175);
#2175 = CARTESIAN_POINT('',(-142.75,75.,69.));
#2176 = CIRCLE('',#2177,2.25);
#2177 = AXIS2_PLACEMENT_3D('',#2178,#2179,#2180);
#2178 = CARTESIAN_POINT('',(-145.,75.,69.));
#2179 = DIRECTION('',(0.,0.,1.));
#2180 = DIRECTION('',(1.,0.,0.));
#2181 = PLANE('',#2182);
#2182 = AXIS2_PLACEMENT_3D('',#2183,#2184,#2185);
#2183 = CARTESIAN_POINT('',(-145.,75.,69.));
#2184 = DIRECTION('',(0.,0.,1.));
#2185 = DIRECTION('',(1.,0.,0.));
#2186 = ADVANCED_FACE('',(#2187,#2190),#2201,.T.);
#2187 = FACE_BOUND('',#2188,.T.);
#2188 = EDGE_LOOP('',(#2189));
#2189 = ORIENTED_EDGE('',*,*,#2147,.T.);
#2190 = FACE_BOUND('',#2191,.T.);
#2191 = EDGE_LOOP('',(#2192));
#2192 = ORIENTED_EDGE('',*,*,#2193,.F.);
#2193 = EDGE_CURVE('',#2194,#2194,#2196,.T.);
#2194 = VERTEX_POINT('',#2195);
#2195 = CARTESIAN_POINT('',(-142.75,75.,125.));
#2196 = CIRCLE('',#2197,2.25);
#2197 = AXIS2_PLACEMENT_3D('',#2198,#2199,#2200);
#2198 = CARTESIAN_POINT('',(-145.,75.,125.));
#2199 = DIRECTION('',(0.,0.,1.));
#2200 = DIRECTION('',(1.,0.,0.));
#2201 = PLANE('',#2202);
#2202 = AXIS2_PLACEMENT_3D('',#2203,#2204,#2205);
#2203 = CARTESIAN_POINT('',(-145.,75.,125.));
#2204 = DIRECTION('',(0.,0.,1.));
#2205 = DIRECTION('',(1.,0.,0.));
#2206 = ADVANCED_FACE('',(#2207),#2218,.F.);
#2207 = FACE_BOUND('',#2208,.T.);
#2208 = EDGE_LOOP('',(#2209,#2215,#2216,#2217));
#2209 = ORIENTED_EDGE('',*,*,#2210,.T.);
#2210 = EDGE_CURVE('',#2174,#2194,#2211,.T.);
#2211 = LINE('',#2212,#2213);
#2212 = CARTESIAN_POINT('',(-142.75,75.,69.));
#2213 = VECTOR('',#2214,1.);
#2214 = DIRECTION('',(0.,0.,1.));
#2215 = ORIENTED_EDGE('',*,*,#2193,.T.);
#2216 = ORIENTED_EDGE('',*,*,#2210,.F.);
#2217 = ORIENTED_EDGE('',*,*,#2173,.F.);
#2218 = CYLINDRICAL_SURFACE('',#2219,2.25);
#2219 = AXIS2_PLACEMENT_3D('',#2220,#2221,#2222);
#2220 = CARTESIAN_POINT('',(-145.,75.,69.));
#2221 = DIRECTION('',(-0.,-0.,-1.));
#2222 = DIRECTION('',(1.,0.,0.));
#2223 = MANIFOLD_SOLID_BREP('',#2224);
#2224 = CLOSED_SHELL('',(#2225,#2258,#2278,#2298));
#2225 = ADVANCED_FACE('',(#2226),#2253,.T.);
#2226 = FACE_BOUND('',#2227,.F.);
#2227 = EDGE_LOOP('',(#2228,#2238,#2245,#2246));
#2228 = ORIENTED_EDGE('',*,*,#2229,.T.);
#2229 = EDGE_CURVE('',#2230,#2232,#2234,.T.);
#2230 = VERTEX_POINT('',#2231);
#2231 = CARTESIAN_POINT('',(-139.,75.,128.));
#2232 = VERTEX_POINT('',#2233);
#2233 = CARTESIAN_POINT('',(-139.,75.,215.));
#2234 = LINE('',#2235,#2236);
#2235 = CARTESIAN_POINT('',(-139.,75.,128.));
#2236 = VECTOR('',#2237,1.);
#2237 = DIRECTION('',(0.,0.,1.));
#2238 = ORIENTED_EDGE('',*,*,#2239,.T.);
#2239 = EDGE_CURVE('',#2232,#2232,#2240,.T.);
#2240 = CIRCLE('',#2241,6.);
#2241 = AXIS2_PLACEMENT_3D('',#2242,#2243,#2244);
#2242 = CARTESIAN_POINT('',(-145.,75.,215.));
#2243 = DIRECTION('',(0.,0.,1.));
#2244 = DIRECTION('',(1.,0.,0.));
#2245 = ORIENTED_EDGE('',*,*,#2229,.F.);
#2246 = ORIENTED_EDGE('',*,*,#2247,.F.);
#2247 = EDGE_CURVE('',#2230,#2230,#2248,.T.);
#2248 = CIRCLE('',#2249,6.);
#2249 = AXIS2_PLACEMENT_3D('',#2250,#2251,#2252);
#2250 = CARTESIAN_POINT('',(-145.,75.,128.));
#2251 = DIRECTION('',(0.,0.,1.));
#2252 = DIRECTION('',(1.,0.,0.));
#2253 = CYLINDRICAL_SURFACE('',#2254,6.);
#2254 = AXIS2_PLACEMENT_3D('',#2255,#2256,#2257);
#2255 = CARTESIAN_POINT('',(-145.,75.,128.));
#2256 = DIRECTION('',(-0.,-0.,-1.));
#2257 = DIRECTION('',(1.,0.,0.));
#2258 = ADVANCED_FACE('',(#2259,#2262),#2273,.F.);
#2259 = FACE_BOUND('',#2260,.F.);
#2260 = EDGE_LOOP('',(#2261));
#2261 = ORIENTED_EDGE('',*,*,#2247,.T.);
#2262 = FACE_BOUND('',#2263,.F.);
#2263 = EDGE_LOOP('',(#2264));
#2264 = ORIENTED_EDGE('',*,*,#2265,.F.);
#2265 = EDGE_CURVE('',#2266,#2266,#2268,.T.);
#2266 = VERTEX_POINT('',#2267);
#2267 = CARTESIAN_POINT('',(-142.75,75.,128.));
#2268 = CIRCLE('',#2269,2.25);
#2269 = AXIS2_PLACEMENT_3D('',#2270,#2271,#2272);
#2270 = CARTESIAN_POINT('',(-145.,75.,128.));
#2271 = DIRECTION('',(0.,0.,1.));
#2272 = DIRECTION('',(1.,0.,0.));
#2273 = PLANE('',#2274);
#2274 = AXIS2_PLACEMENT_3D('',#2275,#2276,#2277);
#2275 = CARTESIAN_POINT('',(-145.,75.,128.));
#2276 = DIRECTION('',(0.,0.,1.));
#2277 = DIRECTION('',(1.,0.,0.));
#2278 = ADVANCED_FACE('',(#2279,#2282),#2293,.T.);
#2279 = FACE_BOUND('',#2280,.T.);
#2280 = EDGE_LOOP('',(#2281));
#2281 = ORIENTED_EDGE('',*,*,#2239,.T.);
#2282 = FACE_BOUND('',#2283,.T.);
#2283 = EDGE_LOOP('',(#2284));
#2284 = ORIENTED_EDGE('',*,*,#2285,.F.);
#2285 = EDGE_CURVE('',#2286,#2286,#2288,.T.);
#2286 = VERTEX_POINT('',#2287);
#2287 = CARTESIAN_POINT('',(-142.75,75.,215.));
#2288 = CIRCLE('',#2289,2.25);
#2289 = AXIS2_PLACEMENT_3D('',#2290,#2291,#2292);
#2290 = CARTESIAN_POINT('',(-145.,75.,215.));
#2291 = DIRECTION('',(0.,0.,1.));
#2292 = DIRECTION('',(1.,0.,0.));
#2293 = PLANE('',#2294);
#2294 = AXIS2_PLACEMENT_3D('',#2295,#2296,#2297);
#2295 = CARTESIAN_POINT('',(-145.,75.,215.));
#2296 = DIRECTION('',(0.,0.,1.));
#2297 = DIRECTION('',(1.,0.,0.));
#2298 = ADVANCED_FACE('',(#2299),#2310,.F.);
#2299 = FACE_BOUND('',#2300,.T.);
#2300 = EDGE_LOOP('',(#2301,#2307,#2308,#2309));
#2301 = ORIENTED_EDGE('',*,*,#2302,.T.);
#2302 = EDGE_CURVE('',#2266,#2286,#2303,.T.);
#2303 = LINE('',#2304,#2305);
#2304 = CARTESIAN_POINT('',(-142.75,75.,128.));
#2305 = VECTOR('',#2306,1.);
#2306 = DIRECTION('',(0.,0.,1.));
#2307 = ORIENTED_EDGE('',*,*,#2285,.T.);
#2308 = ORIENTED_EDGE('',*,*,#2302,.F.);
#2309 = ORIENTED_EDGE('',*,*,#2265,.F.);
#2310 = CYLINDRICAL_SURFACE('',#2311,2.25);
#2311 = AXIS2_PLACEMENT_3D('',#2312,#2313,#2314);
#2312 = CARTESIAN_POINT('',(-145.,75.,128.));
#2313 = DIRECTION('',(-0.,-0.,-1.));
#2314 = DIRECTION('',(1.,0.,0.));
#2315 = MANIFOLD_SOLID_BREP('',#2316);
#2316 = CLOSED_SHELL('',(#2317,#2350,#2370,#2390));
#2317 = ADVANCED_FACE('',(#2318),#2345,.T.);
#2318 = FACE_BOUND('',#2319,.F.);
#2319 = EDGE_LOOP('',(#2320,#2330,#2337,#2338));
#2320 = ORIENTED_EDGE('',*,*,#2321,.T.);
#2321 = EDGE_CURVE('',#2322,#2324,#2326,.T.);
#2322 = VERTEX_POINT('',#2323);
#2323 = CARTESIAN_POINT('',(6.,-75.,69.));
#2324 = VERTEX_POINT('',#2325);
#2325 = CARTESIAN_POINT('',(6.,-75.,125.));
#2326 = LINE('',#2327,#2328);
#2327 = CARTESIAN_POINT('',(6.,-75.,69.));
#2328 = VECTOR('',#2329,1.);
#2329 = DIRECTION('',(0.,0.,1.));
#2330 = ORIENTED_EDGE('',*,*,#2331,.T.);
#2331 = EDGE_CURVE('',#2324,#2324,#2332,.T.);
#2332 = CIRCLE('',#2333,6.);
#2333 = AXIS2_PLACEMENT_3D('',#2334,#2335,#2336);
#2334 = CARTESIAN_POINT('',(0.,-75.,125.));
#2335 = DIRECTION('',(0.,0.,1.));
#2336 = DIRECTION('',(1.,0.,0.));
#2337 = ORIENTED_EDGE('',*,*,#2321,.F.);
#2338 = ORIENTED_EDGE('',*,*,#2339,.F.);
#2339 = EDGE_CURVE('',#2322,#2322,#2340,.T.);
#2340 = CIRCLE('',#2341,6.);
#2341 = AXIS2_PLACEMENT_3D('',#2342,#2343,#2344);
#2342 = CARTESIAN_POINT('',(0.,-75.,69.));
#2343 = DIRECTION('',(0.,0.,1.));
#2344 = DIRECTION('',(1.,0.,0.));
#2345 = CYLINDRICAL_SURFACE('',#2346,6.);
#2346 = AXIS2_PLACEMENT_3D('',#2347,#2348,#2349);
#2347 = CARTESIAN_POINT('',(0.,-75.,69.));
#2348 = DIRECTION('',(-0.,-0.,-1.));
#2349 = DIRECTION('',(1.,0.,0.));
#2350 = ADVANCED_FACE('',(#2351,#2354),#2365,.F.);
#2351 = FACE_BOUND('',#2352,.F.);
#2352 = EDGE_LOOP('',(#2353));
#2353 = ORIENTED_EDGE('',*,*,#2339,.T.);
#2354 = FACE_BOUND('',#2355,.F.);
#2355 = EDGE_LOOP('',(#2356));
#2356 = ORIENTED_EDGE('',*,*,#2357,.F.);
#2357 = EDGE_CURVE('',#2358,#2358,#2360,.T.);
#2358 = VERTEX_POINT('',#2359);
#2359 = CARTESIAN_POINT('',(2.25,-75.,69.));
#2360 = CIRCLE('',#2361,2.25);
#2361 = AXIS2_PLACEMENT_3D('',#2362,#2363,#2364);
#2362 = CARTESIAN_POINT('',(0.,-75.,69.));
#2363 = DIRECTION('',(0.,0.,1.));
#2364 = DIRECTION('',(1.,0.,0.));
#2365 = PLANE('',#2366);
#2366 = AXIS2_PLACEMENT_3D('',#2367,#2368,#2369);
#2367 = CARTESIAN_POINT('',(0.,-75.,69.));
#2368 = DIRECTION('',(0.,0.,1.));
#2369 = DIRECTION('',(1.,0.,0.));
#2370 = ADVANCED_FACE('',(#2371,#2374),#2385,.T.);
#2371 = FACE_BOUND('',#2372,.T.);
#2372 = EDGE_LOOP('',(#2373));
#2373 = ORIENTED_EDGE('',*,*,#2331,.T.);
#2374 = FACE_BOUND('',#2375,.T.);
#2375 = EDGE_LOOP('',(#2376));
#2376 = ORIENTED_EDGE('',*,*,#2377,.F.);
#2377 = EDGE_CURVE('',#2378,#2378,#2380,.T.);
#2378 = VERTEX_POINT('',#2379);
#2379 = CARTESIAN_POINT('',(2.25,-75.,125.));
#2380 = CIRCLE('',#2381,2.25);
#2381 = AXIS2_PLACEMENT_3D('',#2382,#2383,#2384);
#2382 = CARTESIAN_POINT('',(0.,-75.,125.));
#2383 = DIRECTION('',(0.,0.,1.));
#2384 = DIRECTION('',(1.,0.,0.));
#2385 = PLANE('',#2386);
#2386 = AXIS2_PLACEMENT_3D('',#2387,#2388,#2389);
#2387 = CARTESIAN_POINT('',(0.,-75.,125.));
#2388 = DIRECTION('',(0.,0.,1.));
#2389 = DIRECTION('',(1.,0.,0.));
#2390 = ADVANCED_FACE('',(#2391),#2402,.F.);
#2391 = FACE_BOUND('',#2392,.T.);
#2392 = EDGE_LOOP('',(#2393,#2399,#2400,#2401));
#2393 = ORIENTED_EDGE('',*,*,#2394,.T.);
#2394 = EDGE_CURVE('',#2358,#2378,#2395,.T.);
#2395 = LINE('',#2396,#2397);
#2396 = CARTESIAN_POINT('',(2.25,-75.,69.));
#2397 = VECTOR('',#2398,1.);
#2398 = DIRECTION('',(0.,0.,1.));
#2399 = ORIENTED_EDGE('',*,*,#2377,.T.);
#2400 = ORIENTED_EDGE('',*,*,#2394,.F.);
#2401 = ORIENTED_EDGE('',*,*,#2357,.F.);
#2402 = CYLINDRICAL_SURFACE('',#2403,2.25);
#2403 = AXIS2_PLACEMENT_3D('',#2404,#2405,#2406);
#2404 = CARTESIAN_POINT('',(0.,-75.,69.));
#2405 = DIRECTION('',(-0.,-0.,-1.));
#2406 = DIRECTION('',(1.,0.,0.));
#2407 = MANIFOLD_SOLID_BREP('',#2408);
#2408 = CLOSED_SHELL('',(#2409,#2442,#2462,#2482));
#2409 = ADVANCED_FACE('',(#2410),#2437,.T.);
#2410 = FACE_BOUND('',#2411,.F.);
#2411 = EDGE_LOOP('',(#2412,#2422,#2429,#2430));
#2412 = ORIENTED_EDGE('',*,*,#2413,.T.);
#2413 = EDGE_CURVE('',#2414,#2416,#2418,.T.);
#2414 = VERTEX_POINT('',#2415);
#2415 = CARTESIAN_POINT('',(6.,-75.,128.));
#2416 = VERTEX_POINT('',#2417);
#2417 = CARTESIAN_POINT('',(6.,-75.,215.));
#2418 = LINE('',#2419,#2420);
#2419 = CARTESIAN_POINT('',(6.,-75.,128.));
#2420 = VECTOR('',#2421,1.);
#2421 = DIRECTION('',(0.,0.,1.));
#2422 = ORIENTED_EDGE('',*,*,#2423,.T.);
#2423 = EDGE_CURVE('',#2416,#2416,#2424,.T.);
#2424 = CIRCLE('',#2425,6.);
#2425 = AXIS2_PLACEMENT_3D('',#2426,#2427,#2428);
#2426 = CARTESIAN_POINT('',(0.,-75.,215.));
#2427 = DIRECTION('',(0.,0.,1.));
#2428 = DIRECTION('',(1.,0.,0.));
#2429 = ORIENTED_EDGE('',*,*,#2413,.F.);
#2430 = ORIENTED_EDGE('',*,*,#2431,.F.);
#2431 = EDGE_CURVE('',#2414,#2414,#2432,.T.);
#2432 = CIRCLE('',#2433,6.);
#2433 = AXIS2_PLACEMENT_3D('',#2434,#2435,#2436);
#2434 = CARTESIAN_POINT('',(0.,-75.,128.));
#2435 = DIRECTION('',(0.,0.,1.));
#2436 = DIRECTION('',(1.,0.,0.));
#2437 = CYLINDRICAL_SURFACE('',#2438,6.);
#2438 = AXIS2_PLACEMENT_3D('',#2439,#2440,#2441);
#2439 = CARTESIAN_POINT('',(0.,-75.,128.));
#2440 = DIRECTION('',(-0.,-0.,-1.));
#2441 = DIRECTION('',(1.,0.,0.));
#2442 = ADVANCED_FACE('',(#2443,#2446),#2457,.F.);
#2443 = FACE_BOUND('',#2444,.F.);
#2444 = EDGE_LOOP('',(#2445));
#2445 = ORIENTED_EDGE('',*,*,#2431,.T.);
#2446 = FACE_BOUND('',#2447,.F.);
#2447 = EDGE_LOOP('',(#2448));
#2448 = ORIENTED_EDGE('',*,*,#2449,.F.);
#2449 = EDGE_CURVE('',#2450,#2450,#2452,.T.);
#2450 = VERTEX_POINT('',#2451);
#2451 = CARTESIAN_POINT('',(2.25,-75.,128.));
#2452 = CIRCLE('',#2453,2.25);
#2453 = AXIS2_PLACEMENT_3D('',#2454,#2455,#2456);
#2454 = CARTESIAN_POINT('',(0.,-75.,128.));
#2455 = DIRECTION('',(0.,0.,1.));
#2456 = DIRECTION('',(1.,0.,0.));
#2457 = PLANE('',#2458);
#2458 = AXIS2_PLACEMENT_3D('',#2459,#2460,#2461);
#2459 = CARTESIAN_POINT('',(0.,-75.,128.));
#2460 = DIRECTION('',(0.,0.,1.));
#2461 = DIRECTION('',(1.,0.,0.));
#2462 = ADVANCED_FACE('',(#2463,#2466),#2477,.T.);
#2463 = FACE_BOUND('',#2464,.T.);
#2464 = EDGE_LOOP('',(#2465));
#2465 = ORIENTED_EDGE('',*,*,#2423,.T.);
#2466 = FACE_BOUND('',#2467,.T.);
#2467 = EDGE_LOOP('',(#2468));
#2468 = ORIENTED_EDGE('',*,*,#2469,.F.);
#2469 = EDGE_CURVE('',#2470,#2470,#2472,.T.);
#2470 = VERTEX_POINT('',#2471);
#2471 = CARTESIAN_POINT('',(2.25,-75.,215.));
#2472 = CIRCLE('',#2473,2.25);
#2473 = AXIS2_PLACEMENT_3D('',#2474,#2475,#2476);
#2474 = CARTESIAN_POINT('',(0.,-75.,215.));
#2475 = DIRECTION('',(0.,0.,1.));
#2476 = DIRECTION('',(1.,0.,0.));
#2477 = PLANE('',#2478);
#2478 = AXIS2_PLACEMENT_3D('',#2479,#2480,#2481);
#2479 = CARTESIAN_POINT('',(0.,-75.,215.));
#2480 = DIRECTION('',(0.,0.,1.));
#2481 = DIRECTION('',(1.,0.,0.));
#2482 = ADVANCED_FACE('',(#2483),#2494,.F.);
#2483 = FACE_BOUND('',#2484,.T.);
#2484 = EDGE_LOOP('',(#2485,#2491,#2492,#2493));
#2485 = ORIENTED_EDGE('',*,*,#2486,.T.);
#2486 = EDGE_CURVE('',#2450,#2470,#2487,.T.);
#2487 = LINE('',#2488,#2489);
#2488 = CARTESIAN_POINT('',(2.25,-75.,128.));
#2489 = VECTOR('',#2490,1.);
#2490 = DIRECTION('',(0.,0.,1.));
#2491 = ORIENTED_EDGE('',*,*,#2469,.T.);
#2492 = ORIENTED_EDGE('',*,*,#2486,.F.);
#2493 = ORIENTED_EDGE('',*,*,#2449,.F.);
#2494 = CYLINDRICAL_SURFACE('',#2495,2.25);
#2495 = AXIS2_PLACEMENT_3D('',#2496,#2497,#2498);
#2496 = CARTESIAN_POINT('',(0.,-75.,128.));
#2497 = DIRECTION('',(-0.,-0.,-1.));
#2498 = DIRECTION('',(1.,0.,0.));
#2499 = MANIFOLD_SOLID_BREP('',#2500);
#2500 = CLOSED_SHELL('',(#2501,#2534,#2554,#2574));
#2501 = ADVANCED_FACE('',(#2502),#2529,.T.);
#2502 = FACE_BOUND('',#2503,.F.);
#2503 = EDGE_LOOP('',(#2504,#2514,#2521,#2522));
#2504 = ORIENTED_EDGE('',*,*,#2505,.T.);
#2505 = EDGE_CURVE('',#2506,#2508,#2510,.T.);
#2506 = VERTEX_POINT('',#2507);
#2507 = CARTESIAN_POINT('',(6.,75.,69.));
#2508 = VERTEX_POINT('',#2509);
#2509 = CARTESIAN_POINT('',(6.,75.,125.));
#2510 = LINE('',#2511,#2512);
#2511 = CARTESIAN_POINT('',(6.,75.,69.));
#2512 = VECTOR('',#2513,1.);
#2513 = DIRECTION('',(0.,0.,1.));
#2514 = ORIENTED_EDGE('',*,*,#2515,.T.);
#2515 = EDGE_CURVE('',#2508,#2508,#2516,.T.);
#2516 = CIRCLE('',#2517,6.);
#2517 = AXIS2_PLACEMENT_3D('',#2518,#2519,#2520);
#2518 = CARTESIAN_POINT('',(0.,75.,125.));
#2519 = DIRECTION('',(0.,0.,1.));
#2520 = DIRECTION('',(1.,0.,0.));
#2521 = ORIENTED_EDGE('',*,*,#2505,.F.);
#2522 = ORIENTED_EDGE('',*,*,#2523,.F.);
#2523 = EDGE_CURVE('',#2506,#2506,#2524,.T.);
#2524 = CIRCLE('',#2525,6.);
#2525 = AXIS2_PLACEMENT_3D('',#2526,#2527,#2528);
#2526 = CARTESIAN_POINT('',(0.,75.,69.));
#2527 = DIRECTION('',(0.,0.,1.));
#2528 = DIRECTION('',(1.,0.,0.));
#2529 = CYLINDRICAL_SURFACE('',#2530,6.);
#2530 = AXIS2_PLACEMENT_3D('',#2531,#2532,#2533);
#2531 = CARTESIAN_POINT('',(0.,75.,69.));
#2532 = DIRECTION('',(-0.,-0.,-1.));
#2533 = DIRECTION('',(1.,0.,0.));
#2534 = ADVANCED_FACE('',(#2535,#2538),#2549,.F.);
#2535 = FACE_BOUND('',#2536,.F.);
#2536 = EDGE_LOOP('',(#2537));
#2537 = ORIENTED_EDGE('',*,*,#2523,.T.);
#2538 = FACE_BOUND('',#2539,.F.);
#2539 = EDGE_LOOP('',(#2540));
#2540 = ORIENTED_EDGE('',*,*,#2541,.F.);
#2541 = EDGE_CURVE('',#2542,#2542,#2544,.T.);
#2542 = VERTEX_POINT('',#2543);
#2543 = CARTESIAN_POINT('',(2.25,75.,69.));
#2544 = CIRCLE('',#2545,2.25);
#2545 = AXIS2_PLACEMENT_3D('',#2546,#2547,#2548);
#2546 = CARTESIAN_POINT('',(0.,75.,69.));
#2547 = DIRECTION('',(0.,0.,1.));
#2548 = DIRECTION('',(1.,0.,0.));
#2549 = PLANE('',#2550);
#2550 = AXIS2_PLACEMENT_3D('',#2551,#2552,#2553);
#2551 = CARTESIAN_POINT('',(0.,75.,69.));
#2552 = DIRECTION('',(0.,0.,1.));
#2553 = DIRECTION('',(1.,0.,0.));
#2554 = ADVANCED_FACE('',(#2555,#2558),#2569,.T.);
#2555 = FACE_BOUND('',#2556,.T.);
#2556 = EDGE_LOOP('',(#2557));
#2557 = ORIENTED_EDGE('',*,*,#2515,.T.);
#2558 = FACE_BOUND('',#2559,.T.);
#2559 = EDGE_LOOP('',(#2560));
#2560 = ORIENTED_EDGE('',*,*,#2561,.F.);
#2561 = EDGE_CURVE('',#2562,#2562,#2564,.T.);
#2562 = VERTEX_POINT('',#2563);
#2563 = CARTESIAN_POINT('',(2.25,75.,125.));
#2564 = CIRCLE('',#2565,2.25);
#2565 = AXIS2_PLACEMENT_3D('',#2566,#2567,#2568);
#2566 = CARTESIAN_POINT('',(0.,75.,125.));
#2567 = DIRECTION('',(0.,0.,1.));
#2568 = DIRECTION('',(1.,0.,0.));
#2569 = PLANE('',#2570);
#2570 = AXIS2_PLACEMENT_3D('',#2571,#2572,#2573);
#2571 = CARTESIAN_POINT('',(0.,75.,125.));
#2572 = DIRECTION('',(0.,0.,1.));
#2573 = DIRECTION('',(1.,0.,0.));
#2574 = ADVANCED_FACE('',(#2575),#2586,.F.);
#2575 = FACE_BOUND('',#2576,.T.);
#2576 = EDGE_LOOP('',(#2577,#2583,#2584,#2585));
#2577 = ORIENTED_EDGE('',*,*,#2578,.T.);
#2578 = EDGE_CURVE('',#2542,#2562,#2579,.T.);
#2579 = LINE('',#2580,#2581);
#2580 = CARTESIAN_POINT('',(2.25,75.,69.));
#2581 = VECTOR('',#2582,1.);
#2582 = DIRECTION('',(0.,0.,1.));
#2583 = ORIENTED_EDGE('',*,*,#2561,.T.);
#2584 = ORIENTED_EDGE('',*,*,#2578,.F.);
#2585 = ORIENTED_EDGE('',*,*,#2541,.F.);
#2586 = CYLINDRICAL_SURFACE('',#2587,2.25);
#2587 = AXIS2_PLACEMENT_3D('',#2588,#2589,#2590);
#2588 = CARTESIAN_POINT('',(0.,75.,69.));
#2589 = DIRECTION('',(-0.,-0.,-1.));
#2590 = DIRECTION('',(1.,0.,0.));
#2591 = MANIFOLD_SOLID_BREP('',#2592);
#2592 = CLOSED_SHELL('',(#2593,#2626,#2646,#2666));
#2593 = ADVANCED_FACE('',(#2594),#2621,.T.);
#2594 = FACE_BOUND('',#2595,.F.);
#2595 = EDGE_LOOP('',(#2596,#2606,#2613,#2614));
#2596 = ORIENTED_EDGE('',*,*,#2597,.T.);
#2597 = EDGE_CURVE('',#2598,#2600,#2602,.T.);
#2598 = VERTEX_POINT('',#2599);
#2599 = CARTESIAN_POINT('',(6.,75.,128.));
#2600 = VERTEX_POINT('',#2601);
#2601 = CARTESIAN_POINT('',(6.,75.,215.));
#2602 = LINE('',#2603,#2604);
#2603 = CARTESIAN_POINT('',(6.,75.,128.));
#2604 = VECTOR('',#2605,1.);
#2605 = DIRECTION('',(0.,0.,1.));
#2606 = ORIENTED_EDGE('',*,*,#2607,.T.);
#2607 = EDGE_CURVE('',#2600,#2600,#2608,.T.);
#2608 = CIRCLE('',#2609,6.);
#2609 = AXIS2_PLACEMENT_3D('',#2610,#2611,#2612);
#2610 = CARTESIAN_POINT('',(0.,75.,215.));
#2611 = DIRECTION('',(0.,0.,1.));
#2612 = DIRECTION('',(1.,0.,0.));
#2613 = ORIENTED_EDGE('',*,*,#2597,.F.);
#2614 = ORIENTED_EDGE('',*,*,#2615,.F.);
#2615 = EDGE_CURVE('',#2598,#2598,#2616,.T.);
#2616 = CIRCLE('',#2617,6.);
#2617 = AXIS2_PLACEMENT_3D('',#2618,#2619,#2620);
#2618 = CARTESIAN_POINT('',(0.,75.,128.));
#2619 = DIRECTION('',(0.,0.,1.));
#2620 = DIRECTION('',(1.,0.,0.));
#2621 = CYLINDRICAL_SURFACE('',#2622,6.);
#2622 = AXIS2_PLACEMENT_3D('',#2623,#2624,#2625);
#2623 = CARTESIAN_POINT('',(0.,75.,128.));
#2624 = DIRECTION('',(-0.,-0.,-1.));
#2625 = DIRECTION('',(1.,0.,0.));
#2626 = ADVANCED_FACE('',(#2627,#2630),#2641,.F.);
#2627 = FACE_BOUND('',#2628,.F.);
#2628 = EDGE_LOOP('',(#2629));
#2629 = ORIENTED_EDGE('',*,*,#2615,.T.);
#2630 = FACE_BOUND('',#2631,.F.);
#2631 = EDGE_LOOP('',(#2632));
#2632 = ORIENTED_EDGE('',*,*,#2633,.F.);
#2633 = EDGE_CURVE('',#2634,#2634,#2636,.T.);
#2634 = VERTEX_POINT('',#2635);
#2635 = CARTESIAN_POINT('',(2.25,75.,128.));
#2636 = CIRCLE('',#2637,2.25);
#2637 = AXIS2_PLACEMENT_3D('',#2638,#2639,#2640);
#2638 = CARTESIAN_POINT('',(0.,75.,128.));
#2639 = DIRECTION('',(0.,0.,1.));
#2640 = DIRECTION('',(1.,0.,0.));
#2641 = PLANE('',#2642);
#2642 = AXIS2_PLACEMENT_3D('',#2643,#2644,#2645);
#2643 = CARTESIAN_POINT('',(0.,75.,128.));
#2644 = DIRECTION('',(0.,0.,1.));
#2645 = DIRECTION('',(1.,0.,0.));
#2646 = ADVANCED_FACE('',(#2647,#2650),#2661,.T.);
#2647 = FACE_BOUND('',#2648,.T.);
#2648 = EDGE_LOOP('',(#2649));
#2649 = ORIENTED_EDGE('',*,*,#2607,.T.);
#2650 = FACE_BOUND('',#2651,.T.);
#2651 = EDGE_LOOP('',(#2652));
#2652 = ORIENTED_EDGE('',*,*,#2653,.F.);
#2653 = EDGE_CURVE('',#2654,#2654,#2656,.T.);
#2654 = VERTEX_POINT('',#2655);
#2655 = CARTESIAN_POINT('',(2.25,75.,215.));
#2656 = CIRCLE('',#2657,2.25);
#2657 = AXIS2_PLACEMENT_3D('',#2658,#2659,#2660);
#2658 = CARTESIAN_POINT('',(0.,75.,215.));
#2659 = DIRECTION('',(0.,0.,1.));
#2660 = DIRECTION('',(1.,0.,0.));
#2661 = PLANE('',#2662);
#2662 = AXIS2_PLACEMENT_3D('',#2663,#2664,#2665);
#2663 = CARTESIAN_POINT('',(0.,75.,215.));
#2664 = DIRECTION('',(0.,0.,1.));
#2665 = DIRECTION('',(1.,0.,0.));
#2666 = ADVANCED_FACE('',(#2667),#2678,.F.);
#2667 = FACE_BOUND('',#2668,.T.);
#2668 = EDGE_LOOP('',(#2669,#2675,#2676,#2677));
#2669 = ORIENTED_EDGE('',*,*,#2670,.T.);
#2670 = EDGE_CURVE('',#2634,#2654,#2671,.T.);
#2671 = LINE('',#2672,#2673);
#2672 = CARTESIAN_POINT('',(2.25,75.,128.));
#2673 = VECTOR('',#2674,1.);
#2674 = DIRECTION('',(0.,0.,1.));
#2675 = ORIENTED_EDGE('',*,*,#2653,.T.);
#2676 = ORIENTED_EDGE('',*,*,#2670,.F.);
#2677 = ORIENTED_EDGE('',*,*,#2633,.F.);
#2678 = CYLINDRICAL_SURFACE('',#2679,2.25);
#2679 = AXIS2_PLACEMENT_3D('',#2680,#2681,#2682);
#2680 = CARTESIAN_POINT('',(0.,75.,128.));
#2681 = DIRECTION('',(-0.,-0.,-1.));
#2682 = DIRECTION('',(1.,0.,0.));
#2683 = MANIFOLD_SOLID_BREP('',#2684);
#2684 = CLOSED_SHELL('',(#2685,#2718,#2738,#2758));
#2685 = ADVANCED_FACE('',(#2686),#2713,.T.);
#2686 = FACE_BOUND('',#2687,.F.);
#2687 = EDGE_LOOP('',(#2688,#2698,#2705,#2706));
#2688 = ORIENTED_EDGE('',*,*,#2689,.T.);
#2689 = EDGE_CURVE('',#2690,#2692,#2694,.T.);
#2690 = VERTEX_POINT('',#2691);
#2691 = CARTESIAN_POINT('',(151.,-75.,69.));
#2692 = VERTEX_POINT('',#2693);
#2693 = CARTESIAN_POINT('',(151.,-75.,125.));
#2694 = LINE('',#2695,#2696);
#2695 = CARTESIAN_POINT('',(151.,-75.,69.));
#2696 = VECTOR('',#2697,1.);
#2697 = DIRECTION('',(0.,0.,1.));
#2698 = ORIENTED_EDGE('',*,*,#2699,.T.);
#2699 = EDGE_CURVE('',#2692,#2692,#2700,.T.);
#2700 = CIRCLE('',#2701,6.);
#2701 = AXIS2_PLACEMENT_3D('',#2702,#2703,#2704);
#2702 = CARTESIAN_POINT('',(145.,-75.,125.));
#2703 = DIRECTION('',(0.,0.,1.));
#2704 = DIRECTION('',(1.,0.,0.));
#2705 = ORIENTED_EDGE('',*,*,#2689,.F.);
#2706 = ORIENTED_EDGE('',*,*,#2707,.F.);
#2707 = EDGE_CURVE('',#2690,#2690,#2708,.T.);
#2708 = CIRCLE('',#2709,6.);
#2709 = AXIS2_PLACEMENT_3D('',#2710,#2711,#2712);
#2710 = CARTESIAN_POINT('',(145.,-75.,69.));
#2711 = DIRECTION('',(0.,0.,1.));
#2712 = DIRECTION('',(1.,0.,0.));
#2713 = CYLINDRICAL_SURFACE('',#2714,6.);
#2714 = AXIS2_PLACEMENT_3D('',#2715,#2716,#2717);
#2715 = CARTESIAN_POINT('',(145.,-75.,69.));
#2716 = DIRECTION('',(-0.,-0.,-1.));
#2717 = DIRECTION('',(1.,0.,0.));
#2718 = ADVANCED_FACE('',(#2719,#2722),#2733,.F.);
#2719 = FACE_BOUND('',#2720,.F.);
#2720 = EDGE_LOOP('',(#2721));
#2721 = ORIENTED_EDGE('',*,*,#2707,.T.);
#2722 = FACE_BOUND('',#2723,.F.);
#2723 = EDGE_LOOP('',(#2724));
#2724 = ORIENTED_EDGE('',*,*,#2725,.F.);
#2725 = EDGE_CURVE('',#2726,#2726,#2728,.T.);
#2726 = VERTEX_POINT('',#2727);
#2727 = CARTESIAN_POINT('',(147.25,-75.,69.));
#2728 = CIRCLE('',#2729,2.25);
#2729 = AXIS2_PLACEMENT_3D('',#2730,#2731,#2732);
#2730 = CARTESIAN_POINT('',(145.,-75.,69.));
#2731 = DIRECTION('',(0.,0.,1.));
#2732 = DIRECTION('',(1.,0.,0.));
#2733 = PLANE('',#2734);
#2734 = AXIS2_PLACEMENT_3D('',#2735,#2736,#2737);
#2735 = CARTESIAN_POINT('',(145.,-75.,69.));
#2736 = DIRECTION('',(0.,0.,1.));
#2737 = DIRECTION('',(1.,0.,0.));
#2738 = ADVANCED_FACE('',(#2739,#2742),#2753,.T.);
#2739 = FACE_BOUND('',#2740,.T.);
#2740 = EDGE_LOOP('',(#2741));
#2741 = ORIENTED_EDGE('',*,*,#2699,.T.);
#2742 = FACE_BOUND('',#2743,.T.);
#2743 = EDGE_LOOP('',(#2744));
#2744 = ORIENTED_EDGE('',*,*,#2745,.F.);
#2745 = EDGE_CURVE('',#2746,#2746,#2748,.T.);
#2746 = VERTEX_POINT('',#2747);
#2747 = CARTESIAN_POINT('',(147.25,-75.,125.));
#2748 = CIRCLE('',#2749,2.25);
#2749 = AXIS2_PLACEMENT_3D('',#2750,#2751,#2752);
#2750 = CARTESIAN_POINT('',(145.,-75.,125.));
#2751 = DIRECTION('',(0.,0.,1.));
#2752 = DIRECTION('',(1.,0.,0.));
#2753 = PLANE('',#2754);
#2754 = AXIS2_PLACEMENT_3D('',#2755,#2756,#2757);
#2755 = CARTESIAN_POINT('',(145.,-75.,125.));
#2756 = DIRECTION('',(0.,0.,1.));
#2757 = DIRECTION('',(1.,0.,0.));
#2758 = ADVANCED_FACE('',(#2759),#2770,.F.);
#2759 = FACE_BOUND('',#2760,.T.);
#2760 = EDGE_LOOP('',(#2761,#2767,#2768,#2769));
#2761 = ORIENTED_EDGE('',*,*,#2762,.T.);
#2762 = EDGE_CURVE('',#2726,#2746,#2763,.T.);
#2763 = LINE('',#2764,#2765);
#2764 = CARTESIAN_POINT('',(147.25,-75.,69.));
#2765 = VECTOR('',#2766,1.);
#2766 = DIRECTION('',(0.,0.,1.));
#2767 = ORIENTED_EDGE('',*,*,#2745,.T.);
#2768 = ORIENTED_EDGE('',*,*,#2762,.F.);
#2769 = ORIENTED_EDGE('',*,*,#2725,.F.);
#2770 = CYLINDRICAL_SURFACE('',#2771,2.25);
#2771 = AXIS2_PLACEMENT_3D('',#2772,#2773,#2774);
#2772 = CARTESIAN_POINT('',(145.,-75.,69.));
#2773 = DIRECTION('',(-0.,-0.,-1.));
#2774 = DIRECTION('',(1.,0.,0.));
#2775 = MANIFOLD_SOLID_BREP('',#2776);
#2776 = CLOSED_SHELL('',(#2777,#2810,#2830,#2850));
#2777 = ADVANCED_FACE('',(#2778),#2805,.T.);
#2778 = FACE_BOUND('',#2779,.F.);
#2779 = EDGE_LOOP('',(#2780,#2790,#2797,#2798));
#2780 = ORIENTED_EDGE('',*,*,#2781,.T.);
#2781 = EDGE_CURVE('',#2782,#2784,#2786,.T.);
#2782 = VERTEX_POINT('',#2783);
#2783 = CARTESIAN_POINT('',(151.,-75.,128.));
#2784 = VERTEX_POINT('',#2785);
#2785 = CARTESIAN_POINT('',(151.,-75.,215.));
#2786 = LINE('',#2787,#2788);
#2787 = CARTESIAN_POINT('',(151.,-75.,128.));
#2788 = VECTOR('',#2789,1.);
#2789 = DIRECTION('',(0.,0.,1.));
#2790 = ORIENTED_EDGE('',*,*,#2791,.T.);
#2791 = EDGE_CURVE('',#2784,#2784,#2792,.T.);
#2792 = CIRCLE('',#2793,6.);
#2793 = AXIS2_PLACEMENT_3D('',#2794,#2795,#2796);
#2794 = CARTESIAN_POINT('',(145.,-75.,215.));
#2795 = DIRECTION('',(0.,0.,1.));
#2796 = DIRECTION('',(1.,0.,0.));
#2797 = ORIENTED_EDGE('',*,*,#2781,.F.);
#2798 = ORIENTED_EDGE('',*,*,#2799,.F.);
#2799 = EDGE_CURVE('',#2782,#2782,#2800,.T.);
#2800 = CIRCLE('',#2801,6.);
#2801 = AXIS2_PLACEMENT_3D('',#2802,#2803,#2804);
#2802 = CARTESIAN_POINT('',(145.,-75.,128.));
#2803 = DIRECTION('',(0.,0.,1.));
#2804 = DIRECTION('',(1.,0.,0.));
#2805 = CYLINDRICAL_SURFACE('',#2806,6.);
#2806 = AXIS2_PLACEMENT_3D('',#2807,#2808,#2809);
#2807 = CARTESIAN_POINT('',(145.,-75.,128.));
#2808 = DIRECTION('',(-0.,-0.,-1.));
#2809 = DIRECTION('',(1.,0.,0.));
#2810 = ADVANCED_FACE('',(#2811,#2814),#2825,.F.);
#2811 = FACE_BOUND('',#2812,.F.);
#2812 = EDGE_LOOP('',(#2813));
#2813 = ORIENTED_EDGE('',*,*,#2799,.T.);
#2814 = FACE_BOUND('',#2815,.F.);
#2815 = EDGE_LOOP('',(#2816));
#2816 = ORIENTED_EDGE('',*,*,#2817,.F.);
#2817 = EDGE_CURVE('',#2818,#2818,#2820,.T.);
#2818 = VERTEX_POINT('',#2819);
#2819 = CARTESIAN_POINT('',(147.25,-75.,128.));
#2820 = CIRCLE('',#2821,2.25);
#2821 = AXIS2_PLACEMENT_3D('',#2822,#2823,#2824);
#2822 = CARTESIAN_POINT('',(145.,-75.,128.));
#2823 = DIRECTION('',(0.,0.,1.));
#2824 = DIRECTION('',(1.,0.,0.));
#2825 = PLANE('',#2826);
#2826 = AXIS2_PLACEMENT_3D('',#2827,#2828,#2829);
#2827 = CARTESIAN_POINT('',(145.,-75.,128.));
#2828 = DIRECTION('',(0.,0.,1.));
#2829 = DIRECTION('',(1.,0.,0.));
#2830 = ADVANCED_FACE('',(#2831,#2834),#2845,.T.);
#2831 = FACE_BOUND('',#2832,.T.);
#2832 = EDGE_LOOP('',(#2833));
#2833 = ORIENTED_EDGE('',*,*,#2791,.T.);
#2834 = FACE_BOUND('',#2835,.T.);
#2835 = EDGE_LOOP('',(#2836));
#2836 = ORIENTED_EDGE('',*,*,#2837,.F.);
#2837 = EDGE_CURVE('',#2838,#2838,#2840,.T.);
#2838 = VERTEX_POINT('',#2839);
#2839 = CARTESIAN_POINT('',(147.25,-75.,215.));
#2840 = CIRCLE('',#2841,2.25);
#2841 = AXIS2_PLACEMENT_3D('',#2842,#2843,#2844);
#2842 = CARTESIAN_POINT('',(145.,-75.,215.));
#2843 = DIRECTION('',(0.,0.,1.));
#2844 = DIRECTION('',(1.,0.,0.));
#2845 = PLANE('',#2846);
#2846 = AXIS2_PLACEMENT_3D('',#2847,#2848,#2849);
#2847 = CARTESIAN_POINT('',(145.,-75.,215.));
#2848 = DIRECTION('',(0.,0.,1.));
#2849 = DIRECTION('',(1.,0.,0.));
#2850 = ADVANCED_FACE('',(#2851),#2862,.F.);
#2851 = FACE_BOUND('',#2852,.T.);
#2852 = EDGE_LOOP('',(#2853,#2859,#2860,#2861));
#2853 = ORIENTED_EDGE('',*,*,#2854,.T.);
#2854 = EDGE_CURVE('',#2818,#2838,#2855,.T.);
#2855 = LINE('',#2856,#2857);
#2856 = CARTESIAN_POINT('',(147.25,-75.,128.));
#2857 = VECTOR('',#2858,1.);
#2858 = DIRECTION('',(0.,0.,1.));
#2859 = ORIENTED_EDGE('',*,*,#2837,.T.);
#2860 = ORIENTED_EDGE('',*,*,#2854,.F.);
#2861 = ORIENTED_EDGE('',*,*,#2817,.F.);
#2862 = CYLINDRICAL_SURFACE('',#2863,2.25);
#2863 = AXIS2_PLACEMENT_3D('',#2864,#2865,#2866);
#2864 = CARTESIAN_POINT('',(145.,-75.,128.));
#2865 = DIRECTION('',(-0.,-0.,-1.));
#2866 = DIRECTION('',(1.,0.,0.));
#2867 = MANIFOLD_SOLID_BREP('',#2868);
#2868 = CLOSED_SHELL('',(#2869,#2902,#2922,#2942));
#2869 = ADVANCED_FACE('',(#2870),#2897,.T.);
#2870 = FACE_BOUND('',#2871,.F.);
#2871 = EDGE_LOOP('',(#2872,#2882,#2889,#2890));
#2872 = ORIENTED_EDGE('',*,*,#2873,.T.);
#2873 = EDGE_CURVE('',#2874,#2876,#2878,.T.);
#2874 = VERTEX_POINT('',#2875);
#2875 = CARTESIAN_POINT('',(151.,75.,69.));
#2876 = VERTEX_POINT('',#2877);
#2877 = CARTESIAN_POINT('',(151.,75.,125.));
#2878 = LINE('',#2879,#2880);
#2879 = CARTESIAN_POINT('',(151.,75.,69.));
#2880 = VECTOR('',#2881,1.);
#2881 = DIRECTION('',(0.,0.,1.));
#2882 = ORIENTED_EDGE('',*,*,#2883,.T.);
#2883 = EDGE_CURVE('',#2876,#2876,#2884,.T.);
#2884 = CIRCLE('',#2885,6.);
#2885 = AXIS2_PLACEMENT_3D('',#2886,#2887,#2888);
#2886 = CARTESIAN_POINT('',(145.,75.,125.));
#2887 = DIRECTION('',(0.,0.,1.));
#2888 = DIRECTION('',(1.,0.,0.));
#2889 = ORIENTED_EDGE('',*,*,#2873,.F.);
#2890 = ORIENTED_EDGE('',*,*,#2891,.F.);
#2891 = EDGE_CURVE('',#2874,#2874,#2892,.T.);
#2892 = CIRCLE('',#2893,6.);
#2893 = AXIS2_PLACEMENT_3D('',#2894,#2895,#2896);
#2894 = CARTESIAN_POINT('',(145.,75.,69.));
#2895 = DIRECTION('',(0.,0.,1.));
#2896 = DIRECTION('',(1.,0.,0.));
#2897 = CYLINDRICAL_SURFACE('',#2898,6.);
#2898 = AXIS2_PLACEMENT_3D('',#2899,#2900,#2901);
#2899 = CARTESIAN_POINT('',(145.,75.,69.));
#2900 = DIRECTION('',(-0.,-0.,-1.));
#2901 = DIRECTION('',(1.,0.,0.));
#2902 = ADVANCED_FACE('',(#2903,#2906),#2917,.F.);
#2903 = FACE_BOUND('',#2904,.F.);
#2904 = EDGE_LOOP('',(#2905));
#2905 = ORIENTED_EDGE('',*,*,#2891,.T.);
#2906 = FACE_BOUND('',#2907,.F.);
#2907 = EDGE_LOOP('',(#2908));
#2908 = ORIENTED_EDGE('',*,*,#2909,.F.);
#2909 = EDGE_CURVE('',#2910,#2910,#2912,.T.);
#2910 = VERTEX_POINT('',#2911);
#2911 = CARTESIAN_POINT('',(147.25,75.,69.));
#2912 = CIRCLE('',#2913,2.25);
#2913 = AXIS2_PLACEMENT_3D('',#2914,#2915,#2916);
#2914 = CARTESIAN_POINT('',(145.,75.,69.));
#2915 = DIRECTION('',(0.,0.,1.));
#2916 = DIRECTION('',(1.,0.,0.));
#2917 = PLANE('',#2918);
#2918 = AXIS2_PLACEMENT_3D('',#2919,#2920,#2921);
#2919 = CARTESIAN_POINT('',(145.,75.,69.));
#2920 = DIRECTION('',(0.,0.,1.));
#2921 = DIRECTION('',(1.,0.,0.));
#2922 = ADVANCED_FACE('',(#2923,#2926),#2937,.T.);
#2923 = FACE_BOUND('',#2924,.T.);
#2924 = EDGE_LOOP('',(#2925));
#2925 = ORIENTED_EDGE('',*,*,#2883,.T.);
#2926 = FACE_BOUND('',#2927,.T.);
#2927 = EDGE_LOOP('',(#2928));
#2928 = ORIENTED_EDGE('',*,*,#2929,.F.);
#2929 = EDGE_CURVE('',#2930,#2930,#2932,.T.);
#2930 = VERTEX_POINT('',#2931);
#2931 = CARTESIAN_POINT('',(147.25,75.,125.));
#2932 = CIRCLE('',#2933,2.25);
#2933 = AXIS2_PLACEMENT_3D('',#2934,#2935,#2936);
#2934 = CARTESIAN_POINT('',(145.,75.,125.));
#2935 = DIRECTION('',(0.,0.,1.));
#2936 = DIRECTION('',(1.,0.,0.));
#2937 = PLANE('',#2938);
#2938 = AXIS2_PLACEMENT_3D('',#2939,#2940,#2941);
#2939 = CARTESIAN_POINT('',(145.,75.,125.));
#2940 = DIRECTION('',(0.,0.,1.));
#2941 = DIRECTION('',(1.,0.,0.));
#2942 = ADVANCED_FACE('',(#2943),#2954,.F.);
#2943 = FACE_BOUND('',#2944,.T.);
#2944 = EDGE_LOOP('',(#2945,#2951,#2952,#2953));
#2945 = ORIENTED_EDGE('',*,*,#2946,.T.);
#2946 = EDGE_CURVE('',#2910,#2930,#2947,.T.);
#2947 = LINE('',#2948,#2949);
#2948 = CARTESIAN_POINT('',(147.25,75.,69.));
#2949 = VECTOR('',#2950,1.);
#2950 = DIRECTION('',(0.,0.,1.));
#2951 = ORIENTED_EDGE('',*,*,#2929,.T.);
#2952 = ORIENTED_EDGE('',*,*,#2946,.F.);
#2953 = ORIENTED_EDGE('',*,*,#2909,.F.);
#2954 = CYLINDRICAL_SURFACE('',#2955,2.25);
#2955 = AXIS2_PLACEMENT_3D('',#2956,#2957,#2958);
#2956 = CARTESIAN_POINT('',(145.,75.,69.));
#2957 = DIRECTION('',(-0.,-0.,-1.));
#2958 = DIRECTION('',(1.,0.,0.));
#2959 = MANIFOLD_SOLID_BREP('',#2960);
#2960 = CLOSED_SHELL('',(#2961,#2994,#3014,#3034));
#2961 = ADVANCED_FACE('',(#2962),#2989,.T.);
#2962 = FACE_BOUND('',#2963,.F.);
#2963 = EDGE_LOOP('',(#2964,#2974,#2981,#2982));
#2964 = ORIENTED_EDGE('',*,*,#2965,.T.);
#2965 = EDGE_CURVE('',#2966,#2968,#2970,.T.);
#2966 = VERTEX_POINT('',#2967);
#2967 = CARTESIAN_POINT('',(151.,75.,128.));
#2968 = VERTEX_POINT('',#2969);
#2969 = CARTESIAN_POINT('',(151.,75.,215.));
#2970 = LINE('',#2971,#2972);
#2971 = CARTESIAN_POINT('',(151.,75.,128.));
#2972 = VECTOR('',#2973,1.);
#2973 = DIRECTION('',(0.,0.,1.));
#2974 = ORIENTED_EDGE('',*,*,#2975,.T.);
#2975 = EDGE_CURVE('',#2968,#2968,#2976,.T.);
#2976 = CIRCLE('',#2977,6.);
#2977 = AXIS2_PLACEMENT_3D('',#2978,#2979,#2980);
#2978 = CARTESIAN_POINT('',(145.,75.,215.));
#2979 = DIRECTION('',(0.,0.,1.));
#2980 = DIRECTION('',(1.,0.,0.));
#2981 = ORIENTED_EDGE('',*,*,#2965,.F.);
#2982 = ORIENTED_EDGE('',*,*,#2983,.F.);
#2983 = EDGE_CURVE('',#2966,#2966,#2984,.T.);
#2984 = CIRCLE('',#2985,6.);
#2985 = AXIS2_PLACEMENT_3D('',#2986,#2987,#2988);
#2986 = CARTESIAN_POINT('',(145.,75.,128.));
#2987 = DIRECTION('',(0.,0.,1.));
#2988 = DIRECTION('',(1.,0.,0.));
#2989 = CYLINDRICAL_SURFACE('',#2990,6.);
#2990 = AXIS2_PLACEMENT_3D('',#2991,#2992,#2993);
#2991 = CARTESIAN_POINT('',(145.,75.,128.));
#2992 = DIRECTION('',(-0.,-0.,-1.));
#2993 = DIRECTION('',(1.,0.,0.));
#2994 = ADVANCED_FACE('',(#2995,#2998),#3009,.F.);
#2995 = FACE_BOUND('',#2996,.F.);
#2996 = EDGE_LOOP('',(#2997));
#2997 = ORIENTED_EDGE('',*,*,#2983,.T.);
#2998 = FACE_BOUND('',#2999,.F.);
#2999 = EDGE_LOOP('',(#3000));
#3000 = ORIENTED_EDGE('',*,*,#3001,.F.);
#3001 = EDGE_CURVE('',#3002,#3002,#3004,.T.);
#3002 = VERTEX_POINT('',#3003);
#3003 = CARTESIAN_POINT('',(147.25,75.,128.));
#3004 = CIRCLE('',#3005,2.25);
#3005 = AXIS2_PLACEMENT_3D('',#3006,#3007,#3008);
#3006 = CARTESIAN_POINT('',(145.,75.,128.));
#3007 = DIRECTION('',(0.,0.,1.));
#3008 = DIRECTION('',(1.,0.,0.));
#3009 = PLANE('',#3010);
#3010 = AXIS2_PLACEMENT_3D('',#3011,#3012,#3013);
#3011 = CARTESIAN_POINT('',(145.,75.,128.));
#3012 = DIRECTION('',(0.,0.,1.));
#3013 = DIRECTION('',(1.,0.,0.));
#3014 = ADVANCED_FACE('',(#3015,#3018),#3029,.T.);
#3015 = FACE_BOUND('',#3016,.T.);
#3016 = EDGE_LOOP('',(#3017));
#3017 = ORIENTED_EDGE('',*,*,#2975,.T.);
#3018 = FACE_BOUND('',#3019,.T.);
#3019 = EDGE_LOOP('',(#3020));
#3020 = ORIENTED_EDGE('',*,*,#3021,.F.);
#3021 = EDGE_CURVE('',#3022,#3022,#3024,.T.);
#3022 = VERTEX_POINT('',#3023);
#3023 = CARTESIAN_POINT('',(147.25,75.,215.));
#3024 = CIRCLE('',#3025,2.25);
#3025 = AXIS2_PLACEMENT_3D('',#3026,#3027,#3028);
#3026 = CARTESIAN_POINT('',(145.,75.,215.));
#3027 = DIRECTION('',(0.,0.,1.));
#3028 = DIRECTION('',(1.,0.,0.));
#3029 = PLANE('',#3030);
#3030 = AXIS2_PLACEMENT_3D('',#3031,#3032,#3033);
#3031 = CARTESIAN_POINT('',(145.,75.,215.));
#3032 = DIRECTION('',(0.,0.,1.));
#3033 = DIRECTION('',(1.,0.,0.));
#3034 = ADVANCED_FACE('',(#3035),#3046,.F.);
#3035 = FACE_BOUND('',#3036,.T.);
#3036 = EDGE_LOOP('',(#3037,#3043,#3044,#3045));
#3037 = ORIENTED_EDGE('',*,*,#3038,.T.);
#3038 = EDGE_CURVE('',#3002,#3022,#3039,.T.);
#3039 = LINE('',#3040,#3041);
#3040 = CARTESIAN_POINT('',(147.25,75.,128.));
#3041 = VECTOR('',#3042,1.);
#3042 = DIRECTION('',(0.,0.,1.));
#3043 = ORIENTED_EDGE('',*,*,#3021,.T.);
#3044 = ORIENTED_EDGE('',*,*,#3038,.F.);
#3045 = ORIENTED_EDGE('',*,*,#3001,.F.);
#3046 = CYLINDRICAL_SURFACE('',#3047,2.25);
#3047 = AXIS2_PLACEMENT_3D('',#3048,#3049,#3050);
#3048 = CARTESIAN_POINT('',(145.,75.,128.));
#3049 = DIRECTION('',(-0.,-0.,-1.));
#3050 = DIRECTION('',(1.,0.,0.));
#3051 = ( GEOMETRIC_REPRESENTATION_CONTEXT(3) 
GLOBAL_UNCERTAINTY_ASSIGNED_CONTEXT((#3055)) 
GLOBAL_UNIT_ASSIGNED_CONTEXT((#3052,#3053,#3054)) REPRESENTATION_CONTEXT
('Context #1','3D Context with UNIT and UNCERTAINTY') );
#3052 = ( LENGTH_UNIT() NAMED_UNIT(*) SI_UNIT(.MILLI.,.METRE.) );
#3053 = ( NAMED_UNIT(*) PLANE_ANGLE_UNIT() SI_UNIT($,.RADIAN.) );
#3054 = ( NAMED_UNIT(*) SI_UNIT($,.STERADIAN.) SOLID_ANGLE_UNIT() );
#3055 = UNCERTAINTY_MEASURE_WITH_UNIT(LENGTH_MEASURE(1.E-07),#3052,
  'distance_accuracy_value','confusion accuracy');
#3056 = PRODUCT_RELATED_PRODUCT_CATEGORY('part',$,(#7));
ENDSEC;
END-ISO-10303-21;
