ISO-10303-21;
HEADER;
FILE_DESCRIPTION(('FreeCAD Model'),'2;1');
FILE_NAME('Open CASCADE Shape Model','2026-09-15T17:25:52',('FreeCAD'),(
    'FreeCAD'),'Open CASCADE STEP processor 7.8','FreeCAD','Unknown');
FILE_SCHEMA(('AUTOMOTIVE_DESIGN { 1 0 10303 214 1 1 1 1 }'));
ENDSEC;
DATA;
#1 = APPLICATION_PROTOCOL_DEFINITION('international standard',
  'automotive_design',2000,#2);
#2 = APPLICATION_CONTEXT(
  'core data for automotive mechanical design processes');
#3 = SHAPE_DEFINITION_REPRESENTATION(#4,#10);
#4 = PRODUCT_DEFINITION_SHAPE('','',#5);
#5 = PRODUCT_DEFINITION('design','',#6,#9);
#6 = PRODUCT_DEFINITION_FORMATION('','',#7);
#7 = PRODUCT('Open CASCADE STEP translator 7.8 1',
  'Open CASCADE STEP translator 7.8 1','',(#8));
#8 = PRODUCT_CONTEXT('',#2,'mechanical');
#9 = PRODUCT_DEFINITION_CONTEXT('part definition',#2,'design');
#10 = SHAPE_REPRESENTATION('',(#11,#15,#301,#587,#737,#887,#1037,#1187,
    #1617,#1670,#1859,#2048,#2101,#2154,#2207,#2396,#2585,#2638,#2691,
    #2880,#2937,#2994,#3047,#3100,#3250,#3400,#3492,#3545,#3688,#3780,
    #3872,#4302,#4355,#4544,#4733,#4786,#4839,#4892,#5081,#5270,#5323,
    #5376,#5565,#5622,#5679,#5732,#5785,#5935,#6085,#6177,#6230,#6373,
    #6465,#6557,#6987,#7040,#7229,#7418,#7471,#7524,#7577,#7766,#7819,
    #7872,#8022,#8172,#8264,#8317,#8460,#8552,#8644,#9074,#9127,#9316,
    #9505,#9558,#9611,#9664,#9853,#9906,#9959,#10109,#10259,#10351,
    #10404,#10547,#10639,#10731,#10881,#11031,#11084,#11137,#11190,
    #11243,#11296,#11349,#11402,#11455,#11508,#11561,#11711,#11861,
    #12011,#12064,#12214,#12364,#12456,#12548,#12803,#12856,#12948,
    #13040,#13295,#13348,#13440,#13532,#13787,#13840,#13932,#14024,
    #14279,#14332,#14482,#14599,#14716,#14866,#14983,#15100,#15250,
    #15367,#15484,#15634,#15751,#15868,#15921,#15974,#16027),#16080);
#11 = AXIS2_PLACEMENT_3D('',#12,#13,#14);
#12 = CARTESIAN_POINT('',(0.,0.,0.));
#13 = DIRECTION('',(0.,0.,1.));
#14 = DIRECTION('',(1.,0.,-0.));
#15 = MANIFOLD_SOLID_BREP('',#16);
#16 = CLOSED_SHELL('',(#17,#91,#122,#146,#170,#187,#218,#242,#266,#283)
  );
#17 = ADVANCED_FACE('',(#18,#52),#86,.F.);
#18 = FACE_BOUND('',#19,.F.);
#19 = EDGE_LOOP('',(#20,#30,#38,#46));
#20 = ORIENTED_EDGE('',*,*,#21,.F.);
#21 = EDGE_CURVE('',#22,#24,#26,.T.);
#22 = VERTEX_POINT('',#23);
#23 = CARTESIAN_POINT('',(-240.,-70.,70.));
#24 = VERTEX_POINT('',#25);
#25 = CARTESIAN_POINT('',(-240.,-70.,95.));
#26 = LINE('',#27,#28);
#27 = CARTESIAN_POINT('',(-240.,-70.,70.));
#28 = VECTOR('',#29,1.);
#29 = DIRECTION('',(0.,0.,1.));
#30 = ORIENTED_EDGE('',*,*,#31,.T.);
#31 = EDGE_CURVE('',#22,#32,#34,.T.);
#32 = VERTEX_POINT('',#33);
#33 = CARTESIAN_POINT('',(-240.,-50.,70.));
#34 = LINE('',#35,#36);
#35 = CARTESIAN_POINT('',(-240.,-70.,70.));
#36 = VECTOR('',#37,1.);
#37 = DIRECTION('',(0.,1.,0.));
#38 = ORIENTED_EDGE('',*,*,#39,.T.);
#39 = EDGE_CURVE('',#32,#40,#42,.T.);
#40 = VERTEX_POINT('',#41);
#41 = CARTESIAN_POINT('',(-240.,-50.,95.));
#42 = LINE('',#43,#44);
#43 = CARTESIAN_POINT('',(-240.,-50.,70.));
#44 = VECTOR('',#45,1.);
#45 = DIRECTION('',(0.,0.,1.));
#46 = ORIENTED_EDGE('',*,*,#47,.F.);
#47 = EDGE_CURVE('',#24,#40,#48,.T.);
#48 = LINE('',#49,#50);
#49 = CARTESIAN_POINT('',(-240.,-70.,95.));
#50 = VECTOR('',#51,1.);
#51 = DIRECTION('',(0.,1.,0.));
#52 = FACE_BOUND('',#53,.F.);
#53 = EDGE_LOOP('',(#54,#64,#72,#80));
#54 = ORIENTED_EDGE('',*,*,#55,.T.);
#55 = EDGE_CURVE('',#56,#58,#60,.T.);
#56 = VERTEX_POINT('',#57);
#57 = CARTESIAN_POINT('',(-240.,-52.,72.));
#58 = VERTEX_POINT('',#59);
#59 = CARTESIAN_POINT('',(-240.,-68.,72.));
#60 = LINE('',#61,#62);
#61 = CARTESIAN_POINT('',(-240.,-69.,72.));
#62 = VECTOR('',#63,1.);
#63 = DIRECTION('',(0.,-1.,0.));
#64 = ORIENTED_EDGE('',*,*,#65,.T.);
#65 = EDGE_CURVE('',#58,#66,#68,.T.);
#66 = VERTEX_POINT('',#67);
#67 = CARTESIAN_POINT('',(-240.,-68.,93.));
#68 = LINE('',#69,#70);
#69 = CARTESIAN_POINT('',(-240.,-68.,71.));
#70 = VECTOR('',#71,1.);
#71 = DIRECTION('',(0.,0.,1.));
#72 = ORIENTED_EDGE('',*,*,#73,.F.);
#73 = EDGE_CURVE('',#74,#66,#76,.T.);
#74 = VERTEX_POINT('',#75);
#75 = CARTESIAN_POINT('',(-240.,-52.,93.));
#76 = LINE('',#77,#78);
#77 = CARTESIAN_POINT('',(-240.,-69.,93.));
#78 = VECTOR('',#79,1.);
#79 = DIRECTION('',(0.,-1.,0.));
#80 = ORIENTED_EDGE('',*,*,#81,.F.);
#81 = EDGE_CURVE('',#56,#74,#82,.T.);
#82 = LINE('',#83,#84);
#83 = CARTESIAN_POINT('',(-240.,-52.,71.));
#84 = VECTOR('',#85,1.);
#85 = DIRECTION('',(0.,0.,1.));
#86 = PLANE('',#87);
#87 = AXIS2_PLACEMENT_3D('',#88,#89,#90);
#88 = CARTESIAN_POINT('',(-240.,-70.,70.));
#89 = DIRECTION('',(1.,0.,0.));
#90 = DIRECTION('',(0.,0.,1.));
#91 = ADVANCED_FACE('',(#92),#117,.F.);
#92 = FACE_BOUND('',#93,.F.);
#93 = EDGE_LOOP('',(#94,#102,#103,#111));
#94 = ORIENTED_EDGE('',*,*,#95,.F.);
#95 = EDGE_CURVE('',#22,#96,#98,.T.);
#96 = VERTEX_POINT('',#97);
#97 = CARTESIAN_POINT('',(240.,-70.,70.));
#98 = LINE('',#99,#100);
#99 = CARTESIAN_POINT('',(-240.,-70.,70.));
#100 = VECTOR('',#101,1.);
#101 = DIRECTION('',(1.,0.,0.));
#102 = ORIENTED_EDGE('',*,*,#21,.T.);
#103 = ORIENTED_EDGE('',*,*,#104,.T.);
#104 = EDGE_CURVE('',#24,#105,#107,.T.);
#105 = VERTEX_POINT('',#106);
#106 = CARTESIAN_POINT('',(240.,-70.,95.));
#107 = LINE('',#108,#109);
#108 = CARTESIAN_POINT('',(-240.,-70.,95.));
#109 = VECTOR('',#110,1.);
#110 = DIRECTION('',(1.,0.,0.));
#111 = ORIENTED_EDGE('',*,*,#112,.F.);
#112 = EDGE_CURVE('',#96,#105,#113,.T.);
#113 = LINE('',#114,#115);
#114 = CARTESIAN_POINT('',(240.,-70.,70.));
#115 = VECTOR('',#116,1.);
#116 = DIRECTION('',(0.,0.,1.));
#117 = PLANE('',#118);
#118 = AXIS2_PLACEMENT_3D('',#119,#120,#121);
#119 = CARTESIAN_POINT('',(-240.,-70.,70.));
#120 = DIRECTION('',(0.,1.,0.));
#121 = DIRECTION('',(0.,0.,1.));
#122 = ADVANCED_FACE('',(#123),#141,.T.);
#123 = FACE_BOUND('',#124,.T.);
#124 = EDGE_LOOP('',(#125,#126,#127,#135));
#125 = ORIENTED_EDGE('',*,*,#47,.F.);
#126 = ORIENTED_EDGE('',*,*,#104,.T.);
#127 = ORIENTED_EDGE('',*,*,#128,.T.);
#128 = EDGE_CURVE('',#105,#129,#131,.T.);
#129 = VERTEX_POINT('',#130);
#130 = CARTESIAN_POINT('',(240.,-50.,95.));
#131 = LINE('',#132,#133);
#132 = CARTESIAN_POINT('',(240.,-70.,95.));
#133 = VECTOR('',#134,1.);
#134 = DIRECTION('',(0.,1.,0.));
#135 = ORIENTED_EDGE('',*,*,#136,.F.);
#136 = EDGE_CURVE('',#40,#129,#137,.T.);
#137 = LINE('',#138,#139);
#138 = CARTESIAN_POINT('',(-240.,-50.,95.));
#139 = VECTOR('',#140,1.);
#140 = DIRECTION('',(1.,0.,0.));
#141 = PLANE('',#142);
#142 = AXIS2_PLACEMENT_3D('',#143,#144,#145);
#143 = CARTESIAN_POINT('',(-240.,-70.,95.));
#144 = DIRECTION('',(0.,0.,1.));
#145 = DIRECTION('',(1.,0.,0.));
#146 = ADVANCED_FACE('',(#147),#165,.F.);
#147 = FACE_BOUND('',#148,.F.);
#148 = EDGE_LOOP('',(#149,#150,#151,#159));
#149 = ORIENTED_EDGE('',*,*,#31,.F.);
#150 = ORIENTED_EDGE('',*,*,#95,.T.);
#151 = ORIENTED_EDGE('',*,*,#152,.T.);
#152 = EDGE_CURVE('',#96,#153,#155,.T.);
#153 = VERTEX_POINT('',#154);
#154 = CARTESIAN_POINT('',(240.,-50.,70.));
#155 = LINE('',#156,#157);
#156 = CARTESIAN_POINT('',(240.,-70.,70.));
#157 = VECTOR('',#158,1.);
#158 = DIRECTION('',(0.,1.,0.));
#159 = ORIENTED_EDGE('',*,*,#160,.F.);
#160 = EDGE_CURVE('',#32,#153,#161,.T.);
#161 = LINE('',#162,#163);
#162 = CARTESIAN_POINT('',(-240.,-50.,70.));
#163 = VECTOR('',#164,1.);
#164 = DIRECTION('',(1.,0.,0.));
#165 = PLANE('',#166);
#166 = AXIS2_PLACEMENT_3D('',#167,#168,#169);
#167 = CARTESIAN_POINT('',(-240.,-70.,70.));
#168 = DIRECTION('',(0.,0.,1.));
#169 = DIRECTION('',(1.,0.,0.));
#170 = ADVANCED_FACE('',(#171),#182,.T.);
#171 = FACE_BOUND('',#172,.T.);
#172 = EDGE_LOOP('',(#173,#174,#175,#176));
#173 = ORIENTED_EDGE('',*,*,#160,.F.);
#174 = ORIENTED_EDGE('',*,*,#39,.T.);
#175 = ORIENTED_EDGE('',*,*,#136,.T.);
#176 = ORIENTED_EDGE('',*,*,#177,.F.);
#177 = EDGE_CURVE('',#153,#129,#178,.T.);
#178 = LINE('',#179,#180);
#179 = CARTESIAN_POINT('',(240.,-50.,70.));
#180 = VECTOR('',#181,1.);
#181 = DIRECTION('',(0.,0.,1.));
#182 = PLANE('',#183);
#183 = AXIS2_PLACEMENT_3D('',#184,#185,#186);
#184 = CARTESIAN_POINT('',(-240.,-50.,70.));
#185 = DIRECTION('',(0.,1.,0.));
#186 = DIRECTION('',(0.,0.,1.));
#187 = ADVANCED_FACE('',(#188),#213,.T.);
#188 = FACE_BOUND('',#189,.T.);
#189 = EDGE_LOOP('',(#190,#198,#199,#207));
#190 = ORIENTED_EDGE('',*,*,#191,.F.);
#191 = EDGE_CURVE('',#56,#192,#194,.T.);
#192 = VERTEX_POINT('',#193);
#193 = CARTESIAN_POINT('',(240.,-52.,72.));
#194 = LINE('',#195,#196);
#195 = CARTESIAN_POINT('',(-241.,-52.,72.));
#196 = VECTOR('',#197,1.);
#197 = DIRECTION('',(1.,0.,0.));
#198 = ORIENTED_EDGE('',*,*,#55,.T.);
#199 = ORIENTED_EDGE('',*,*,#200,.T.);
#200 = EDGE_CURVE('',#58,#201,#203,.T.);
#201 = VERTEX_POINT('',#202);
#202 = CARTESIAN_POINT('',(240.,-68.,72.));
#203 = LINE('',#204,#205);
#204 = CARTESIAN_POINT('',(-241.,-68.,72.));
#205 = VECTOR('',#206,1.);
#206 = DIRECTION('',(1.,0.,0.));
#207 = ORIENTED_EDGE('',*,*,#208,.F.);
#208 = EDGE_CURVE('',#192,#201,#209,.T.);
#209 = LINE('',#210,#211);
#210 = CARTESIAN_POINT('',(240.,-69.,72.));
#211 = VECTOR('',#212,1.);
#212 = DIRECTION('',(0.,-1.,0.));
#213 = PLANE('',#214);
#214 = AXIS2_PLACEMENT_3D('',#215,#216,#217);
#215 = CARTESIAN_POINT('',(-241.,-68.,72.));
#216 = DIRECTION('',(0.,0.,1.));
#217 = DIRECTION('',(1.,0.,0.));
#218 = ADVANCED_FACE('',(#219),#237,.F.);
#219 = FACE_BOUND('',#220,.F.);
#220 = EDGE_LOOP('',(#221,#222,#223,#231));
#221 = ORIENTED_EDGE('',*,*,#191,.F.);
#222 = ORIENTED_EDGE('',*,*,#81,.T.);
#223 = ORIENTED_EDGE('',*,*,#224,.T.);
#224 = EDGE_CURVE('',#74,#225,#227,.T.);
#225 = VERTEX_POINT('',#226);
#226 = CARTESIAN_POINT('',(240.,-52.,93.));
#227 = LINE('',#228,#229);
#228 = CARTESIAN_POINT('',(-241.,-52.,93.));
#229 = VECTOR('',#230,1.);
#230 = DIRECTION('',(1.,0.,0.));
#231 = ORIENTED_EDGE('',*,*,#232,.F.);
#232 = EDGE_CURVE('',#192,#225,#233,.T.);
#233 = LINE('',#234,#235);
#234 = CARTESIAN_POINT('',(240.,-52.,71.));
#235 = VECTOR('',#236,1.);
#236 = DIRECTION('',(0.,0.,1.));
#237 = PLANE('',#238);
#238 = AXIS2_PLACEMENT_3D('',#239,#240,#241);
#239 = CARTESIAN_POINT('',(-241.,-52.,72.));
#240 = DIRECTION('',(0.,1.,0.));
#241 = DIRECTION('',(0.,0.,1.));
#242 = ADVANCED_FACE('',(#243),#261,.F.);
#243 = FACE_BOUND('',#244,.F.);
#244 = EDGE_LOOP('',(#245,#246,#247,#255));
#245 = ORIENTED_EDGE('',*,*,#224,.F.);
#246 = ORIENTED_EDGE('',*,*,#73,.T.);
#247 = ORIENTED_EDGE('',*,*,#248,.T.);
#248 = EDGE_CURVE('',#66,#249,#251,.T.);
#249 = VERTEX_POINT('',#250);
#250 = CARTESIAN_POINT('',(240.,-68.,93.));
#251 = LINE('',#252,#253);
#252 = CARTESIAN_POINT('',(-241.,-68.,93.));
#253 = VECTOR('',#254,1.);
#254 = DIRECTION('',(1.,0.,0.));
#255 = ORIENTED_EDGE('',*,*,#256,.F.);
#256 = EDGE_CURVE('',#225,#249,#257,.T.);
#257 = LINE('',#258,#259);
#258 = CARTESIAN_POINT('',(240.,-69.,93.));
#259 = VECTOR('',#260,1.);
#260 = DIRECTION('',(0.,-1.,0.));
#261 = PLANE('',#262);
#262 = AXIS2_PLACEMENT_3D('',#263,#264,#265);
#263 = CARTESIAN_POINT('',(-241.,-68.,93.));
#264 = DIRECTION('',(0.,0.,1.));
#265 = DIRECTION('',(1.,0.,0.));
#266 = ADVANCED_FACE('',(#267),#278,.T.);
#267 = FACE_BOUND('',#268,.T.);
#268 = EDGE_LOOP('',(#269,#270,#271,#272));
#269 = ORIENTED_EDGE('',*,*,#200,.F.);
#270 = ORIENTED_EDGE('',*,*,#65,.T.);
#271 = ORIENTED_EDGE('',*,*,#248,.T.);
#272 = ORIENTED_EDGE('',*,*,#273,.F.);
#273 = EDGE_CURVE('',#201,#249,#274,.T.);
#274 = LINE('',#275,#276);
#275 = CARTESIAN_POINT('',(240.,-68.,71.));
#276 = VECTOR('',#277,1.);
#277 = DIRECTION('',(0.,0.,1.));
#278 = PLANE('',#279);
#279 = AXIS2_PLACEMENT_3D('',#280,#281,#282);
#280 = CARTESIAN_POINT('',(-241.,-68.,72.));
#281 = DIRECTION('',(0.,1.,0.));
#282 = DIRECTION('',(0.,0.,1.));
#283 = ADVANCED_FACE('',(#284,#290),#296,.T.);
#284 = FACE_BOUND('',#285,.T.);
#285 = EDGE_LOOP('',(#286,#287,#288,#289));
#286 = ORIENTED_EDGE('',*,*,#112,.F.);
#287 = ORIENTED_EDGE('',*,*,#152,.T.);
#288 = ORIENTED_EDGE('',*,*,#177,.T.);
#289 = ORIENTED_EDGE('',*,*,#128,.F.);
#290 = FACE_BOUND('',#291,.T.);
#291 = EDGE_LOOP('',(#292,#293,#294,#295));
#292 = ORIENTED_EDGE('',*,*,#208,.T.);
#293 = ORIENTED_EDGE('',*,*,#273,.T.);
#294 = ORIENTED_EDGE('',*,*,#256,.F.);
#295 = ORIENTED_EDGE('',*,*,#232,.F.);
#296 = PLANE('',#297);
#297 = AXIS2_PLACEMENT_3D('',#298,#299,#300);
#298 = CARTESIAN_POINT('',(240.,-70.,70.));
#299 = DIRECTION('',(1.,0.,0.));
#300 = DIRECTION('',(0.,0.,1.));
#301 = MANIFOLD_SOLID_BREP('',#302);
#302 = CLOSED_SHELL('',(#303,#377,#408,#432,#456,#473,#504,#528,#552,
    #569));
#303 = ADVANCED_FACE('',(#304,#338),#372,.F.);
#304 = FACE_BOUND('',#305,.F.);
#305 = EDGE_LOOP('',(#306,#316,#324,#332));
#306 = ORIENTED_EDGE('',*,*,#307,.F.);
#307 = EDGE_CURVE('',#308,#310,#312,.T.);
#308 = VERTEX_POINT('',#309);
#309 = CARTESIAN_POINT('',(-240.,50.,70.));
#310 = VERTEX_POINT('',#311);
#311 = CARTESIAN_POINT('',(-240.,50.,95.));
#312 = LINE('',#313,#314);
#313 = CARTESIAN_POINT('',(-240.,50.,70.));
#314 = VECTOR('',#315,1.);
#315 = DIRECTION('',(0.,0.,1.));
#316 = ORIENTED_EDGE('',*,*,#317,.T.);
#317 = EDGE_CURVE('',#308,#318,#320,.T.);
#318 = VERTEX_POINT('',#319);
#319 = CARTESIAN_POINT('',(-240.,70.,70.));
#320 = LINE('',#321,#322);
#321 = CARTESIAN_POINT('',(-240.,50.,70.));
#322 = VECTOR('',#323,1.);
#323 = DIRECTION('',(0.,1.,0.));
#324 = ORIENTED_EDGE('',*,*,#325,.T.);
#325 = EDGE_CURVE('',#318,#326,#328,.T.);
#326 = VERTEX_POINT('',#327);
#327 = CARTESIAN_POINT('',(-240.,70.,95.));
#328 = LINE('',#329,#330);
#329 = CARTESIAN_POINT('',(-240.,70.,70.));
#330 = VECTOR('',#331,1.);
#331 = DIRECTION('',(0.,0.,1.));
#332 = ORIENTED_EDGE('',*,*,#333,.F.);
#333 = EDGE_CURVE('',#310,#326,#334,.T.);
#334 = LINE('',#335,#336);
#335 = CARTESIAN_POINT('',(-240.,50.,95.));
#336 = VECTOR('',#337,1.);
#337 = DIRECTION('',(0.,1.,0.));
#338 = FACE_BOUND('',#339,.F.);
#339 = EDGE_LOOP('',(#340,#350,#358,#366));
#340 = ORIENTED_EDGE('',*,*,#341,.T.);
#341 = EDGE_CURVE('',#342,#344,#346,.T.);
#342 = VERTEX_POINT('',#343);
#343 = CARTESIAN_POINT('',(-240.,68.,72.));
#344 = VERTEX_POINT('',#345);
#345 = CARTESIAN_POINT('',(-240.,52.,72.));
#346 = LINE('',#347,#348);
#347 = CARTESIAN_POINT('',(-240.,51.,72.));
#348 = VECTOR('',#349,1.);
#349 = DIRECTION('',(0.,-1.,0.));
#350 = ORIENTED_EDGE('',*,*,#351,.T.);
#351 = EDGE_CURVE('',#344,#352,#354,.T.);
#352 = VERTEX_POINT('',#353);
#353 = CARTESIAN_POINT('',(-240.,52.,93.));
#354 = LINE('',#355,#356);
#355 = CARTESIAN_POINT('',(-240.,52.,71.));
#356 = VECTOR('',#357,1.);
#357 = DIRECTION('',(0.,0.,1.));
#358 = ORIENTED_EDGE('',*,*,#359,.F.);
#359 = EDGE_CURVE('',#360,#352,#362,.T.);
#360 = VERTEX_POINT('',#361);
#361 = CARTESIAN_POINT('',(-240.,68.,93.));
#362 = LINE('',#363,#364);
#363 = CARTESIAN_POINT('',(-240.,51.,93.));
#364 = VECTOR('',#365,1.);
#365 = DIRECTION('',(0.,-1.,0.));
#366 = ORIENTED_EDGE('',*,*,#367,.F.);
#367 = EDGE_CURVE('',#342,#360,#368,.T.);
#368 = LINE('',#369,#370);
#369 = CARTESIAN_POINT('',(-240.,68.,71.));
#370 = VECTOR('',#371,1.);
#371 = DIRECTION('',(0.,0.,1.));
#372 = PLANE('',#373);
#373 = AXIS2_PLACEMENT_3D('',#374,#375,#376);
#374 = CARTESIAN_POINT('',(-240.,50.,70.));
#375 = DIRECTION('',(1.,0.,0.));
#376 = DIRECTION('',(0.,0.,1.));
#377 = ADVANCED_FACE('',(#378),#403,.F.);
#378 = FACE_BOUND('',#379,.F.);
#379 = EDGE_LOOP('',(#380,#388,#389,#397));
#380 = ORIENTED_EDGE('',*,*,#381,.F.);
#381 = EDGE_CURVE('',#308,#382,#384,.T.);
#382 = VERTEX_POINT('',#383);
#383 = CARTESIAN_POINT('',(240.,50.,70.));
#384 = LINE('',#385,#386);
#385 = CARTESIAN_POINT('',(-240.,50.,70.));
#386 = VECTOR('',#387,1.);
#387 = DIRECTION('',(1.,0.,0.));
#388 = ORIENTED_EDGE('',*,*,#307,.T.);
#389 = ORIENTED_EDGE('',*,*,#390,.T.);
#390 = EDGE_CURVE('',#310,#391,#393,.T.);
#391 = VERTEX_POINT('',#392);
#392 = CARTESIAN_POINT('',(240.,50.,95.));
#393 = LINE('',#394,#395);
#394 = CARTESIAN_POINT('',(-240.,50.,95.));
#395 = VECTOR('',#396,1.);
#396 = DIRECTION('',(1.,0.,0.));
#397 = ORIENTED_EDGE('',*,*,#398,.F.);
#398 = EDGE_CURVE('',#382,#391,#399,.T.);
#399 = LINE('',#400,#401);
#400 = CARTESIAN_POINT('',(240.,50.,70.));
#401 = VECTOR('',#402,1.);
#402 = DIRECTION('',(0.,0.,1.));
#403 = PLANE('',#404);
#404 = AXIS2_PLACEMENT_3D('',#405,#406,#407);
#405 = CARTESIAN_POINT('',(-240.,50.,70.));
#406 = DIRECTION('',(0.,1.,0.));
#407 = DIRECTION('',(0.,0.,1.));
#408 = ADVANCED_FACE('',(#409),#427,.T.);
#409 = FACE_BOUND('',#410,.T.);
#410 = EDGE_LOOP('',(#411,#412,#413,#421));
#411 = ORIENTED_EDGE('',*,*,#333,.F.);
#412 = ORIENTED_EDGE('',*,*,#390,.T.);
#413 = ORIENTED_EDGE('',*,*,#414,.T.);
#414 = EDGE_CURVE('',#391,#415,#417,.T.);
#415 = VERTEX_POINT('',#416);
#416 = CARTESIAN_POINT('',(240.,70.,95.));
#417 = LINE('',#418,#419);
#418 = CARTESIAN_POINT('',(240.,50.,95.));
#419 = VECTOR('',#420,1.);
#420 = DIRECTION('',(0.,1.,0.));
#421 = ORIENTED_EDGE('',*,*,#422,.F.);
#422 = EDGE_CURVE('',#326,#415,#423,.T.);
#423 = LINE('',#424,#425);
#424 = CARTESIAN_POINT('',(-240.,70.,95.));
#425 = VECTOR('',#426,1.);
#426 = DIRECTION('',(1.,0.,0.));
#427 = PLANE('',#428);
#428 = AXIS2_PLACEMENT_3D('',#429,#430,#431);
#429 = CARTESIAN_POINT('',(-240.,50.,95.));
#430 = DIRECTION('',(0.,0.,1.));
#431 = DIRECTION('',(1.,0.,0.));
#432 = ADVANCED_FACE('',(#433),#451,.F.);
#433 = FACE_BOUND('',#434,.F.);
#434 = EDGE_LOOP('',(#435,#436,#437,#445));
#435 = ORIENTED_EDGE('',*,*,#317,.F.);
#436 = ORIENTED_EDGE('',*,*,#381,.T.);
#437 = ORIENTED_EDGE('',*,*,#438,.T.);
#438 = EDGE_CURVE('',#382,#439,#441,.T.);
#439 = VERTEX_POINT('',#440);
#440 = CARTESIAN_POINT('',(240.,70.,70.));
#441 = LINE('',#442,#443);
#442 = CARTESIAN_POINT('',(240.,50.,70.));
#443 = VECTOR('',#444,1.);
#444 = DIRECTION('',(0.,1.,0.));
#445 = ORIENTED_EDGE('',*,*,#446,.F.);
#446 = EDGE_CURVE('',#318,#439,#447,.T.);
#447 = LINE('',#448,#449);
#448 = CARTESIAN_POINT('',(-240.,70.,70.));
#449 = VECTOR('',#450,1.);
#450 = DIRECTION('',(1.,0.,0.));
#451 = PLANE('',#452);
#452 = AXIS2_PLACEMENT_3D('',#453,#454,#455);
#453 = CARTESIAN_POINT('',(-240.,50.,70.));
#454 = DIRECTION('',(0.,0.,1.));
#455 = DIRECTION('',(1.,0.,0.));
#456 = ADVANCED_FACE('',(#457),#468,.T.);
#457 = FACE_BOUND('',#458,.T.);
#458 = EDGE_LOOP('',(#459,#460,#461,#462));
#459 = ORIENTED_EDGE('',*,*,#446,.F.);
#460 = ORIENTED_EDGE('',*,*,#325,.T.);
#461 = ORIENTED_EDGE('',*,*,#422,.T.);
#462 = ORIENTED_EDGE('',*,*,#463,.F.);
#463 = EDGE_CURVE('',#439,#415,#464,.T.);
#464 = LINE('',#465,#466);
#465 = CARTESIAN_POINT('',(240.,70.,70.));
#466 = VECTOR('',#467,1.);
#467 = DIRECTION('',(0.,0.,1.));
#468 = PLANE('',#469);
#469 = AXIS2_PLACEMENT_3D('',#470,#471,#472);
#470 = CARTESIAN_POINT('',(-240.,70.,70.));
#471 = DIRECTION('',(0.,1.,0.));
#472 = DIRECTION('',(0.,0.,1.));
#473 = ADVANCED_FACE('',(#474),#499,.T.);
#474 = FACE_BOUND('',#475,.T.);
#475 = EDGE_LOOP('',(#476,#484,#485,#493));
#476 = ORIENTED_EDGE('',*,*,#477,.F.);
#477 = EDGE_CURVE('',#342,#478,#480,.T.);
#478 = VERTEX_POINT('',#479);
#479 = CARTESIAN_POINT('',(240.,68.,72.));
#480 = LINE('',#481,#482);
#481 = CARTESIAN_POINT('',(-241.,68.,72.));
#482 = VECTOR('',#483,1.);
#483 = DIRECTION('',(1.,0.,0.));
#484 = ORIENTED_EDGE('',*,*,#341,.T.);
#485 = ORIENTED_EDGE('',*,*,#486,.T.);
#486 = EDGE_CURVE('',#344,#487,#489,.T.);
#487 = VERTEX_POINT('',#488);
#488 = CARTESIAN_POINT('',(240.,52.,72.));
#489 = LINE('',#490,#491);
#490 = CARTESIAN_POINT('',(-241.,52.,72.));
#491 = VECTOR('',#492,1.);
#492 = DIRECTION('',(1.,0.,0.));
#493 = ORIENTED_EDGE('',*,*,#494,.F.);
#494 = EDGE_CURVE('',#478,#487,#495,.T.);
#495 = LINE('',#496,#497);
#496 = CARTESIAN_POINT('',(240.,51.,72.));
#497 = VECTOR('',#498,1.);
#498 = DIRECTION('',(0.,-1.,0.));
#499 = PLANE('',#500);
#500 = AXIS2_PLACEMENT_3D('',#501,#502,#503);
#501 = CARTESIAN_POINT('',(-241.,52.,72.));
#502 = DIRECTION('',(0.,0.,1.));
#503 = DIRECTION('',(1.,0.,0.));
#504 = ADVANCED_FACE('',(#505),#523,.F.);
#505 = FACE_BOUND('',#506,.F.);
#506 = EDGE_LOOP('',(#507,#508,#509,#517));
#507 = ORIENTED_EDGE('',*,*,#477,.F.);
#508 = ORIENTED_EDGE('',*,*,#367,.T.);
#509 = ORIENTED_EDGE('',*,*,#510,.T.);
#510 = EDGE_CURVE('',#360,#511,#513,.T.);
#511 = VERTEX_POINT('',#512);
#512 = CARTESIAN_POINT('',(240.,68.,93.));
#513 = LINE('',#514,#515);
#514 = CARTESIAN_POINT('',(-241.,68.,93.));
#515 = VECTOR('',#516,1.);
#516 = DIRECTION('',(1.,0.,0.));
#517 = ORIENTED_EDGE('',*,*,#518,.F.);
#518 = EDGE_CURVE('',#478,#511,#519,.T.);
#519 = LINE('',#520,#521);
#520 = CARTESIAN_POINT('',(240.,68.,71.));
#521 = VECTOR('',#522,1.);
#522 = DIRECTION('',(0.,0.,1.));
#523 = PLANE('',#524);
#524 = AXIS2_PLACEMENT_3D('',#525,#526,#527);
#525 = CARTESIAN_POINT('',(-241.,68.,72.));
#526 = DIRECTION('',(0.,1.,0.));
#527 = DIRECTION('',(0.,0.,1.));
#528 = ADVANCED_FACE('',(#529),#547,.F.);
#529 = FACE_BOUND('',#530,.F.);
#530 = EDGE_LOOP('',(#531,#532,#533,#541));
#531 = ORIENTED_EDGE('',*,*,#510,.F.);
#532 = ORIENTED_EDGE('',*,*,#359,.T.);
#533 = ORIENTED_EDGE('',*,*,#534,.T.);
#534 = EDGE_CURVE('',#352,#535,#537,.T.);
#535 = VERTEX_POINT('',#536);
#536 = CARTESIAN_POINT('',(240.,52.,93.));
#537 = LINE('',#538,#539);
#538 = CARTESIAN_POINT('',(-241.,52.,93.));
#539 = VECTOR('',#540,1.);
#540 = DIRECTION('',(1.,0.,0.));
#541 = ORIENTED_EDGE('',*,*,#542,.F.);
#542 = EDGE_CURVE('',#511,#535,#543,.T.);
#543 = LINE('',#544,#545);
#544 = CARTESIAN_POINT('',(240.,51.,93.));
#545 = VECTOR('',#546,1.);
#546 = DIRECTION('',(0.,-1.,0.));
#547 = PLANE('',#548);
#548 = AXIS2_PLACEMENT_3D('',#549,#550,#551);
#549 = CARTESIAN_POINT('',(-241.,52.,93.));
#550 = DIRECTION('',(0.,0.,1.));
#551 = DIRECTION('',(1.,0.,0.));
#552 = ADVANCED_FACE('',(#553),#564,.T.);
#553 = FACE_BOUND('',#554,.T.);
#554 = EDGE_LOOP('',(#555,#556,#557,#558));
#555 = ORIENTED_EDGE('',*,*,#486,.F.);
#556 = ORIENTED_EDGE('',*,*,#351,.T.);
#557 = ORIENTED_EDGE('',*,*,#534,.T.);
#558 = ORIENTED_EDGE('',*,*,#559,.F.);
#559 = EDGE_CURVE('',#487,#535,#560,.T.);
#560 = LINE('',#561,#562);
#561 = CARTESIAN_POINT('',(240.,52.,71.));
#562 = VECTOR('',#563,1.);
#563 = DIRECTION('',(0.,0.,1.));
#564 = PLANE('',#565);
#565 = AXIS2_PLACEMENT_3D('',#566,#567,#568);
#566 = CARTESIAN_POINT('',(-241.,52.,72.));
#567 = DIRECTION('',(0.,1.,0.));
#568 = DIRECTION('',(0.,0.,1.));
#569 = ADVANCED_FACE('',(#570,#576),#582,.T.);
#570 = FACE_BOUND('',#571,.T.);
#571 = EDGE_LOOP('',(#572,#573,#574,#575));
#572 = ORIENTED_EDGE('',*,*,#398,.F.);
#573 = ORIENTED_EDGE('',*,*,#438,.T.);
#574 = ORIENTED_EDGE('',*,*,#463,.T.);
#575 = ORIENTED_EDGE('',*,*,#414,.F.);
#576 = FACE_BOUND('',#577,.T.);
#577 = EDGE_LOOP('',(#578,#579,#580,#581));
#578 = ORIENTED_EDGE('',*,*,#494,.T.);
#579 = ORIENTED_EDGE('',*,*,#559,.T.);
#580 = ORIENTED_EDGE('',*,*,#542,.F.);
#581 = ORIENTED_EDGE('',*,*,#518,.F.);
#582 = PLANE('',#583);
#583 = AXIS2_PLACEMENT_3D('',#584,#585,#586);
#584 = CARTESIAN_POINT('',(240.,50.,70.));
#585 = DIRECTION('',(1.,0.,0.));
#586 = DIRECTION('',(0.,0.,1.));
#587 = MANIFOLD_SOLID_BREP('',#588);
#588 = CLOSED_SHELL('',(#589,#629,#669,#691,#713,#725));
#589 = ADVANCED_FACE('',(#590),#624,.F.);
#590 = FACE_BOUND('',#591,.F.);
#591 = EDGE_LOOP('',(#592,#602,#610,#618));
#592 = ORIENTED_EDGE('',*,*,#593,.F.);
#593 = EDGE_CURVE('',#594,#596,#598,.T.);
#594 = VERTEX_POINT('',#595);
#595 = CARTESIAN_POINT('',(-210.,-90.,75.));
#596 = VERTEX_POINT('',#597);
#597 = CARTESIAN_POINT('',(-210.,-90.,95.));
#598 = LINE('',#599,#600);
#599 = CARTESIAN_POINT('',(-210.,-90.,75.));
#600 = VECTOR('',#601,1.);
#601 = DIRECTION('',(0.,0.,1.));
#602 = ORIENTED_EDGE('',*,*,#603,.T.);
#603 = EDGE_CURVE('',#594,#604,#606,.T.);
#604 = VERTEX_POINT('',#605);
#605 = CARTESIAN_POINT('',(-210.,90.,75.));
#606 = LINE('',#607,#608);
#607 = CARTESIAN_POINT('',(-210.,-90.,75.));
#608 = VECTOR('',#609,1.);
#609 = DIRECTION('',(0.,1.,0.));
#610 = ORIENTED_EDGE('',*,*,#611,.T.);
#611 = EDGE_CURVE('',#604,#612,#614,.T.);
#612 = VERTEX_POINT('',#613);
#613 = CARTESIAN_POINT('',(-210.,90.,95.));
#614 = LINE('',#615,#616);
#615 = CARTESIAN_POINT('',(-210.,90.,75.));
#616 = VECTOR('',#617,1.);
#617 = DIRECTION('',(0.,0.,1.));
#618 = ORIENTED_EDGE('',*,*,#619,.F.);
#619 = EDGE_CURVE('',#596,#612,#620,.T.);
#620 = LINE('',#621,#622);
#621 = CARTESIAN_POINT('',(-210.,-90.,95.));
#622 = VECTOR('',#623,1.);
#623 = DIRECTION('',(0.,1.,0.));
#624 = PLANE('',#625);
#625 = AXIS2_PLACEMENT_3D('',#626,#627,#628);
#626 = CARTESIAN_POINT('',(-210.,-90.,75.));
#627 = DIRECTION('',(1.,0.,0.));
#628 = DIRECTION('',(0.,0.,1.));
#629 = ADVANCED_FACE('',(#630),#664,.T.);
#630 = FACE_BOUND('',#631,.T.);
#631 = EDGE_LOOP('',(#632,#642,#650,#658));
#632 = ORIENTED_EDGE('',*,*,#633,.F.);
#633 = EDGE_CURVE('',#634,#636,#638,.T.);
#634 = VERTEX_POINT('',#635);
#635 = CARTESIAN_POINT('',(-190.,-90.,75.));
#636 = VERTEX_POINT('',#637);
#637 = CARTESIAN_POINT('',(-190.,-90.,95.));
#638 = LINE('',#639,#640);
#639 = CARTESIAN_POINT('',(-190.,-90.,75.));
#640 = VECTOR('',#641,1.);
#641 = DIRECTION('',(0.,0.,1.));
#642 = ORIENTED_EDGE('',*,*,#643,.T.);
#643 = EDGE_CURVE('',#634,#644,#646,.T.);
#644 = VERTEX_POINT('',#645);
#645 = CARTESIAN_POINT('',(-190.,90.,75.));
#646 = LINE('',#647,#648);
#647 = CARTESIAN_POINT('',(-190.,-90.,75.));
#648 = VECTOR('',#649,1.);
#649 = DIRECTION('',(0.,1.,0.));
#650 = ORIENTED_EDGE('',*,*,#651,.T.);
#651 = EDGE_CURVE('',#644,#652,#654,.T.);
#652 = VERTEX_POINT('',#653);
#653 = CARTESIAN_POINT('',(-190.,90.,95.));
#654 = LINE('',#655,#656);
#655 = CARTESIAN_POINT('',(-190.,90.,75.));
#656 = VECTOR('',#657,1.);
#657 = DIRECTION('',(0.,0.,1.));
#658 = ORIENTED_EDGE('',*,*,#659,.F.);
#659 = EDGE_CURVE('',#636,#652,#660,.T.);
#660 = LINE('',#661,#662);
#661 = CARTESIAN_POINT('',(-190.,-90.,95.));
#662 = VECTOR('',#663,1.);
#663 = DIRECTION('',(0.,1.,0.));
#664 = PLANE('',#665);
#665 = AXIS2_PLACEMENT_3D('',#666,#667,#668);
#666 = CARTESIAN_POINT('',(-190.,-90.,75.));
#667 = DIRECTION('',(1.,0.,0.));
#668 = DIRECTION('',(0.,0.,1.));
#669 = ADVANCED_FACE('',(#670),#686,.F.);
#670 = FACE_BOUND('',#671,.F.);
#671 = EDGE_LOOP('',(#672,#678,#679,#685));
#672 = ORIENTED_EDGE('',*,*,#673,.F.);
#673 = EDGE_CURVE('',#594,#634,#674,.T.);
#674 = LINE('',#675,#676);
#675 = CARTESIAN_POINT('',(-210.,-90.,75.));
#676 = VECTOR('',#677,1.);
#677 = DIRECTION('',(1.,0.,0.));
#678 = ORIENTED_EDGE('',*,*,#593,.T.);
#679 = ORIENTED_EDGE('',*,*,#680,.T.);
#680 = EDGE_CURVE('',#596,#636,#681,.T.);
#681 = LINE('',#682,#683);
#682 = CARTESIAN_POINT('',(-210.,-90.,95.));
#683 = VECTOR('',#684,1.);
#684 = DIRECTION('',(1.,0.,0.));
#685 = ORIENTED_EDGE('',*,*,#633,.F.);
#686 = PLANE('',#687);
#687 = AXIS2_PLACEMENT_3D('',#688,#689,#690);
#688 = CARTESIAN_POINT('',(-210.,-90.,75.));
#689 = DIRECTION('',(0.,1.,0.));
#690 = DIRECTION('',(0.,0.,1.));
#691 = ADVANCED_FACE('',(#692),#708,.T.);
#692 = FACE_BOUND('',#693,.T.);
#693 = EDGE_LOOP('',(#694,#700,#701,#707));
#694 = ORIENTED_EDGE('',*,*,#695,.F.);
#695 = EDGE_CURVE('',#604,#644,#696,.T.);
#696 = LINE('',#697,#698);
#697 = CARTESIAN_POINT('',(-210.,90.,75.));
#698 = VECTOR('',#699,1.);
#699 = DIRECTION('',(1.,0.,0.));
#700 = ORIENTED_EDGE('',*,*,#611,.T.);
#701 = ORIENTED_EDGE('',*,*,#702,.T.);
#702 = EDGE_CURVE('',#612,#652,#703,.T.);
#703 = LINE('',#704,#705);
#704 = CARTESIAN_POINT('',(-210.,90.,95.));
#705 = VECTOR('',#706,1.);
#706 = DIRECTION('',(1.,0.,0.));
#707 = ORIENTED_EDGE('',*,*,#651,.F.);
#708 = PLANE('',#709);
#709 = AXIS2_PLACEMENT_3D('',#710,#711,#712);
#710 = CARTESIAN_POINT('',(-210.,90.,75.));
#711 = DIRECTION('',(0.,1.,0.));
#712 = DIRECTION('',(0.,0.,1.));
#713 = ADVANCED_FACE('',(#714),#720,.F.);
#714 = FACE_BOUND('',#715,.F.);
#715 = EDGE_LOOP('',(#716,#717,#718,#719));
#716 = ORIENTED_EDGE('',*,*,#603,.F.);
#717 = ORIENTED_EDGE('',*,*,#673,.T.);
#718 = ORIENTED_EDGE('',*,*,#643,.T.);
#719 = ORIENTED_EDGE('',*,*,#695,.F.);
#720 = PLANE('',#721);
#721 = AXIS2_PLACEMENT_3D('',#722,#723,#724);
#722 = CARTESIAN_POINT('',(-210.,-90.,75.));
#723 = DIRECTION('',(0.,0.,1.));
#724 = DIRECTION('',(1.,0.,0.));
#725 = ADVANCED_FACE('',(#726),#732,.T.);
#726 = FACE_BOUND('',#727,.T.);
#727 = EDGE_LOOP('',(#728,#729,#730,#731));
#728 = ORIENTED_EDGE('',*,*,#619,.F.);
#729 = ORIENTED_EDGE('',*,*,#680,.T.);
#730 = ORIENTED_EDGE('',*,*,#659,.T.);
#731 = ORIENTED_EDGE('',*,*,#702,.F.);
#732 = PLANE('',#733);
#733 = AXIS2_PLACEMENT_3D('',#734,#735,#736);
#734 = CARTESIAN_POINT('',(-210.,-90.,95.));
#735 = DIRECTION('',(0.,0.,1.));
#736 = DIRECTION('',(1.,0.,0.));
#737 = MANIFOLD_SOLID_BREP('',#738);
#738 = CLOSED_SHELL('',(#739,#779,#819,#841,#863,#875));
#739 = ADVANCED_FACE('',(#740),#774,.F.);
#740 = FACE_BOUND('',#741,.F.);
#741 = EDGE_LOOP('',(#742,#752,#760,#768));
#742 = ORIENTED_EDGE('',*,*,#743,.F.);
#743 = EDGE_CURVE('',#744,#746,#748,.T.);
#744 = VERTEX_POINT('',#745);
#745 = CARTESIAN_POINT('',(-115.,-90.,75.));
#746 = VERTEX_POINT('',#747);
#747 = CARTESIAN_POINT('',(-115.,-90.,95.));
#748 = LINE('',#749,#750);
#749 = CARTESIAN_POINT('',(-115.,-90.,75.));
#750 = VECTOR('',#751,1.);
#751 = DIRECTION('',(0.,0.,1.));
#752 = ORIENTED_EDGE('',*,*,#753,.T.);
#753 = EDGE_CURVE('',#744,#754,#756,.T.);
#754 = VERTEX_POINT('',#755);
#755 = CARTESIAN_POINT('',(-115.,90.,75.));
#756 = LINE('',#757,#758);
#757 = CARTESIAN_POINT('',(-115.,-90.,75.));
#758 = VECTOR('',#759,1.);
#759 = DIRECTION('',(0.,1.,0.));
#760 = ORIENTED_EDGE('',*,*,#761,.T.);
#761 = EDGE_CURVE('',#754,#762,#764,.T.);
#762 = VERTEX_POINT('',#763);
#763 = CARTESIAN_POINT('',(-115.,90.,95.));
#764 = LINE('',#765,#766);
#765 = CARTESIAN_POINT('',(-115.,90.,75.));
#766 = VECTOR('',#767,1.);
#767 = DIRECTION('',(0.,0.,1.));
#768 = ORIENTED_EDGE('',*,*,#769,.F.);
#769 = EDGE_CURVE('',#746,#762,#770,.T.);
#770 = LINE('',#771,#772);
#771 = CARTESIAN_POINT('',(-115.,-90.,95.));
#772 = VECTOR('',#773,1.);
#773 = DIRECTION('',(0.,1.,0.));
#774 = PLANE('',#775);
#775 = AXIS2_PLACEMENT_3D('',#776,#777,#778);
#776 = CARTESIAN_POINT('',(-115.,-90.,75.));
#777 = DIRECTION('',(1.,0.,0.));
#778 = DIRECTION('',(0.,0.,1.));
#779 = ADVANCED_FACE('',(#780),#814,.T.);
#780 = FACE_BOUND('',#781,.T.);
#781 = EDGE_LOOP('',(#782,#792,#800,#808));
#782 = ORIENTED_EDGE('',*,*,#783,.F.);
#783 = EDGE_CURVE('',#784,#786,#788,.T.);
#784 = VERTEX_POINT('',#785);
#785 = CARTESIAN_POINT('',(-95.,-90.,75.));
#786 = VERTEX_POINT('',#787);
#787 = CARTESIAN_POINT('',(-95.,-90.,95.));
#788 = LINE('',#789,#790);
#789 = CARTESIAN_POINT('',(-95.,-90.,75.));
#790 = VECTOR('',#791,1.);
#791 = DIRECTION('',(0.,0.,1.));
#792 = ORIENTED_EDGE('',*,*,#793,.T.);
#793 = EDGE_CURVE('',#784,#794,#796,.T.);
#794 = VERTEX_POINT('',#795);
#795 = CARTESIAN_POINT('',(-95.,90.,75.));
#796 = LINE('',#797,#798);
#797 = CARTESIAN_POINT('',(-95.,-90.,75.));
#798 = VECTOR('',#799,1.);
#799 = DIRECTION('',(0.,1.,0.));
#800 = ORIENTED_EDGE('',*,*,#801,.T.);
#801 = EDGE_CURVE('',#794,#802,#804,.T.);
#802 = VERTEX_POINT('',#803);
#803 = CARTESIAN_POINT('',(-95.,90.,95.));
#804 = LINE('',#805,#806);
#805 = CARTESIAN_POINT('',(-95.,90.,75.));
#806 = VECTOR('',#807,1.);
#807 = DIRECTION('',(0.,0.,1.));
#808 = ORIENTED_EDGE('',*,*,#809,.F.);
#809 = EDGE_CURVE('',#786,#802,#810,.T.);
#810 = LINE('',#811,#812);
#811 = CARTESIAN_POINT('',(-95.,-90.,95.));
#812 = VECTOR('',#813,1.);
#813 = DIRECTION('',(0.,1.,0.));
#814 = PLANE('',#815);
#815 = AXIS2_PLACEMENT_3D('',#816,#817,#818);
#816 = CARTESIAN_POINT('',(-95.,-90.,75.));
#817 = DIRECTION('',(1.,0.,0.));
#818 = DIRECTION('',(0.,0.,1.));
#819 = ADVANCED_FACE('',(#820),#836,.F.);
#820 = FACE_BOUND('',#821,.F.);
#821 = EDGE_LOOP('',(#822,#828,#829,#835));
#822 = ORIENTED_EDGE('',*,*,#823,.F.);
#823 = EDGE_CURVE('',#744,#784,#824,.T.);
#824 = LINE('',#825,#826);
#825 = CARTESIAN_POINT('',(-115.,-90.,75.));
#826 = VECTOR('',#827,1.);
#827 = DIRECTION('',(1.,0.,0.));
#828 = ORIENTED_EDGE('',*,*,#743,.T.);
#829 = ORIENTED_EDGE('',*,*,#830,.T.);
#830 = EDGE_CURVE('',#746,#786,#831,.T.);
#831 = LINE('',#832,#833);
#832 = CARTESIAN_POINT('',(-115.,-90.,95.));
#833 = VECTOR('',#834,1.);
#834 = DIRECTION('',(1.,0.,0.));
#835 = ORIENTED_EDGE('',*,*,#783,.F.);
#836 = PLANE('',#837);
#837 = AXIS2_PLACEMENT_3D('',#838,#839,#840);
#838 = CARTESIAN_POINT('',(-115.,-90.,75.));
#839 = DIRECTION('',(0.,1.,0.));
#840 = DIRECTION('',(0.,0.,1.));
#841 = ADVANCED_FACE('',(#842),#858,.T.);
#842 = FACE_BOUND('',#843,.T.);
#843 = EDGE_LOOP('',(#844,#850,#851,#857));
#844 = ORIENTED_EDGE('',*,*,#845,.F.);
#845 = EDGE_CURVE('',#754,#794,#846,.T.);
#846 = LINE('',#847,#848);
#847 = CARTESIAN_POINT('',(-115.,90.,75.));
#848 = VECTOR('',#849,1.);
#849 = DIRECTION('',(1.,0.,0.));
#850 = ORIENTED_EDGE('',*,*,#761,.T.);
#851 = ORIENTED_EDGE('',*,*,#852,.T.);
#852 = EDGE_CURVE('',#762,#802,#853,.T.);
#853 = LINE('',#854,#855);
#854 = CARTESIAN_POINT('',(-115.,90.,95.));
#855 = VECTOR('',#856,1.);
#856 = DIRECTION('',(1.,0.,0.));
#857 = ORIENTED_EDGE('',*,*,#801,.F.);
#858 = PLANE('',#859);
#859 = AXIS2_PLACEMENT_3D('',#860,#861,#862);
#860 = CARTESIAN_POINT('',(-115.,90.,75.));
#861 = DIRECTION('',(0.,1.,0.));
#862 = DIRECTION('',(0.,0.,1.));
#863 = ADVANCED_FACE('',(#864),#870,.F.);
#864 = FACE_BOUND('',#865,.F.);
#865 = EDGE_LOOP('',(#866,#867,#868,#869));
#866 = ORIENTED_EDGE('',*,*,#753,.F.);
#867 = ORIENTED_EDGE('',*,*,#823,.T.);
#868 = ORIENTED_EDGE('',*,*,#793,.T.);
#869 = ORIENTED_EDGE('',*,*,#845,.F.);
#870 = PLANE('',#871);
#871 = AXIS2_PLACEMENT_3D('',#872,#873,#874);
#872 = CARTESIAN_POINT('',(-115.,-90.,75.));
#873 = DIRECTION('',(0.,0.,1.));
#874 = DIRECTION('',(1.,0.,0.));
#875 = ADVANCED_FACE('',(#876),#882,.T.);
#876 = FACE_BOUND('',#877,.T.);
#877 = EDGE_LOOP('',(#878,#879,#880,#881));
#878 = ORIENTED_EDGE('',*,*,#769,.F.);
#879 = ORIENTED_EDGE('',*,*,#830,.T.);
#880 = ORIENTED_EDGE('',*,*,#809,.T.);
#881 = ORIENTED_EDGE('',*,*,#852,.F.);
#882 = PLANE('',#883);
#883 = AXIS2_PLACEMENT_3D('',#884,#885,#886);
#884 = CARTESIAN_POINT('',(-115.,-90.,95.));
#885 = DIRECTION('',(0.,0.,1.));
#886 = DIRECTION('',(1.,0.,0.));
#887 = MANIFOLD_SOLID_BREP('',#888);
#888 = CLOSED_SHELL('',(#889,#929,#969,#991,#1013,#1025));
#889 = ADVANCED_FACE('',(#890),#924,.F.);
#890 = FACE_BOUND('',#891,.F.);
#891 = EDGE_LOOP('',(#892,#902,#910,#918));
#892 = ORIENTED_EDGE('',*,*,#893,.F.);
#893 = EDGE_CURVE('',#894,#896,#898,.T.);
#894 = VERTEX_POINT('',#895);
#895 = CARTESIAN_POINT('',(95.,-90.,75.));
#896 = VERTEX_POINT('',#897);
#897 = CARTESIAN_POINT('',(95.,-90.,95.));
#898 = LINE('',#899,#900);
#899 = CARTESIAN_POINT('',(95.,-90.,75.));
#900 = VECTOR('',#901,1.);
#901 = DIRECTION('',(0.,0.,1.));
#902 = ORIENTED_EDGE('',*,*,#903,.T.);
#903 = EDGE_CURVE('',#894,#904,#906,.T.);
#904 = VERTEX_POINT('',#905);
#905 = CARTESIAN_POINT('',(95.,90.,75.));
#906 = LINE('',#907,#908);
#907 = CARTESIAN_POINT('',(95.,-90.,75.));
#908 = VECTOR('',#909,1.);
#909 = DIRECTION('',(0.,1.,0.));
#910 = ORIENTED_EDGE('',*,*,#911,.T.);
#911 = EDGE_CURVE('',#904,#912,#914,.T.);
#912 = VERTEX_POINT('',#913);
#913 = CARTESIAN_POINT('',(95.,90.,95.));
#914 = LINE('',#915,#916);
#915 = CARTESIAN_POINT('',(95.,90.,75.));
#916 = VECTOR('',#917,1.);
#917 = DIRECTION('',(0.,0.,1.));
#918 = ORIENTED_EDGE('',*,*,#919,.F.);
#919 = EDGE_CURVE('',#896,#912,#920,.T.);
#920 = LINE('',#921,#922);
#921 = CARTESIAN_POINT('',(95.,-90.,95.));
#922 = VECTOR('',#923,1.);
#923 = DIRECTION('',(0.,1.,0.));
#924 = PLANE('',#925);
#925 = AXIS2_PLACEMENT_3D('',#926,#927,#928);
#926 = CARTESIAN_POINT('',(95.,-90.,75.));
#927 = DIRECTION('',(1.,0.,0.));
#928 = DIRECTION('',(0.,0.,1.));
#929 = ADVANCED_FACE('',(#930),#964,.T.);
#930 = FACE_BOUND('',#931,.T.);
#931 = EDGE_LOOP('',(#932,#942,#950,#958));
#932 = ORIENTED_EDGE('',*,*,#933,.F.);
#933 = EDGE_CURVE('',#934,#936,#938,.T.);
#934 = VERTEX_POINT('',#935);
#935 = CARTESIAN_POINT('',(115.,-90.,75.));
#936 = VERTEX_POINT('',#937);
#937 = CARTESIAN_POINT('',(115.,-90.,95.));
#938 = LINE('',#939,#940);
#939 = CARTESIAN_POINT('',(115.,-90.,75.));
#940 = VECTOR('',#941,1.);
#941 = DIRECTION('',(0.,0.,1.));
#942 = ORIENTED_EDGE('',*,*,#943,.T.);
#943 = EDGE_CURVE('',#934,#944,#946,.T.);
#944 = VERTEX_POINT('',#945);
#945 = CARTESIAN_POINT('',(115.,90.,75.));
#946 = LINE('',#947,#948);
#947 = CARTESIAN_POINT('',(115.,-90.,75.));
#948 = VECTOR('',#949,1.);
#949 = DIRECTION('',(0.,1.,0.));
#950 = ORIENTED_EDGE('',*,*,#951,.T.);
#951 = EDGE_CURVE('',#944,#952,#954,.T.);
#952 = VERTEX_POINT('',#953);
#953 = CARTESIAN_POINT('',(115.,90.,95.));
#954 = LINE('',#955,#956);
#955 = CARTESIAN_POINT('',(115.,90.,75.));
#956 = VECTOR('',#957,1.);
#957 = DIRECTION('',(0.,0.,1.));
#958 = ORIENTED_EDGE('',*,*,#959,.F.);
#959 = EDGE_CURVE('',#936,#952,#960,.T.);
#960 = LINE('',#961,#962);
#961 = CARTESIAN_POINT('',(115.,-90.,95.));
#962 = VECTOR('',#963,1.);
#963 = DIRECTION('',(0.,1.,0.));
#964 = PLANE('',#965);
#965 = AXIS2_PLACEMENT_3D('',#966,#967,#968);
#966 = CARTESIAN_POINT('',(115.,-90.,75.));
#967 = DIRECTION('',(1.,0.,0.));
#968 = DIRECTION('',(0.,0.,1.));
#969 = ADVANCED_FACE('',(#970),#986,.F.);
#970 = FACE_BOUND('',#971,.F.);
#971 = EDGE_LOOP('',(#972,#978,#979,#985));
#972 = ORIENTED_EDGE('',*,*,#973,.F.);
#973 = EDGE_CURVE('',#894,#934,#974,.T.);
#974 = LINE('',#975,#976);
#975 = CARTESIAN_POINT('',(95.,-90.,75.));
#976 = VECTOR('',#977,1.);
#977 = DIRECTION('',(1.,0.,0.));
#978 = ORIENTED_EDGE('',*,*,#893,.T.);
#979 = ORIENTED_EDGE('',*,*,#980,.T.);
#980 = EDGE_CURVE('',#896,#936,#981,.T.);
#981 = LINE('',#982,#983);
#982 = CARTESIAN_POINT('',(95.,-90.,95.));
#983 = VECTOR('',#984,1.);
#984 = DIRECTION('',(1.,0.,0.));
#985 = ORIENTED_EDGE('',*,*,#933,.F.);
#986 = PLANE('',#987);
#987 = AXIS2_PLACEMENT_3D('',#988,#989,#990);
#988 = CARTESIAN_POINT('',(95.,-90.,75.));
#989 = DIRECTION('',(0.,1.,0.));
#990 = DIRECTION('',(0.,0.,1.));
#991 = ADVANCED_FACE('',(#992),#1008,.T.);
#992 = FACE_BOUND('',#993,.T.);
#993 = EDGE_LOOP('',(#994,#1000,#1001,#1007));
#994 = ORIENTED_EDGE('',*,*,#995,.F.);
#995 = EDGE_CURVE('',#904,#944,#996,.T.);
#996 = LINE('',#997,#998);
#997 = CARTESIAN_POINT('',(95.,90.,75.));
#998 = VECTOR('',#999,1.);
#999 = DIRECTION('',(1.,0.,0.));
#1000 = ORIENTED_EDGE('',*,*,#911,.T.);
#1001 = ORIENTED_EDGE('',*,*,#1002,.T.);
#1002 = EDGE_CURVE('',#912,#952,#1003,.T.);
#1003 = LINE('',#1004,#1005);
#1004 = CARTESIAN_POINT('',(95.,90.,95.));
#1005 = VECTOR('',#1006,1.);
#1006 = DIRECTION('',(1.,0.,0.));
#1007 = ORIENTED_EDGE('',*,*,#951,.F.);
#1008 = PLANE('',#1009);
#1009 = AXIS2_PLACEMENT_3D('',#1010,#1011,#1012);
#1010 = CARTESIAN_POINT('',(95.,90.,75.));
#1011 = DIRECTION('',(0.,1.,0.));
#1012 = DIRECTION('',(0.,0.,1.));
#1013 = ADVANCED_FACE('',(#1014),#1020,.F.);
#1014 = FACE_BOUND('',#1015,.F.);
#1015 = EDGE_LOOP('',(#1016,#1017,#1018,#1019));
#1016 = ORIENTED_EDGE('',*,*,#903,.F.);
#1017 = ORIENTED_EDGE('',*,*,#973,.T.);
#1018 = ORIENTED_EDGE('',*,*,#943,.T.);
#1019 = ORIENTED_EDGE('',*,*,#995,.F.);
#1020 = PLANE('',#1021);
#1021 = AXIS2_PLACEMENT_3D('',#1022,#1023,#1024);
#1022 = CARTESIAN_POINT('',(95.,-90.,75.));
#1023 = DIRECTION('',(0.,0.,1.));
#1024 = DIRECTION('',(1.,0.,0.));
#1025 = ADVANCED_FACE('',(#1026),#1032,.T.);
#1026 = FACE_BOUND('',#1027,.T.);
#1027 = EDGE_LOOP('',(#1028,#1029,#1030,#1031));
#1028 = ORIENTED_EDGE('',*,*,#919,.F.);
#1029 = ORIENTED_EDGE('',*,*,#980,.T.);
#1030 = ORIENTED_EDGE('',*,*,#959,.T.);
#1031 = ORIENTED_EDGE('',*,*,#1002,.F.);
#1032 = PLANE('',#1033);
#1033 = AXIS2_PLACEMENT_3D('',#1034,#1035,#1036);
#1034 = CARTESIAN_POINT('',(95.,-90.,95.));
#1035 = DIRECTION('',(0.,0.,1.));
#1036 = DIRECTION('',(1.,0.,0.));
#1037 = MANIFOLD_SOLID_BREP('',#1038);
#1038 = CLOSED_SHELL('',(#1039,#1079,#1119,#1141,#1163,#1175));
#1039 = ADVANCED_FACE('',(#1040),#1074,.F.);
#1040 = FACE_BOUND('',#1041,.F.);
#1041 = EDGE_LOOP('',(#1042,#1052,#1060,#1068));
#1042 = ORIENTED_EDGE('',*,*,#1043,.F.);
#1043 = EDGE_CURVE('',#1044,#1046,#1048,.T.);
#1044 = VERTEX_POINT('',#1045);
#1045 = CARTESIAN_POINT('',(190.,-90.,75.));
#1046 = VERTEX_POINT('',#1047);
#1047 = CARTESIAN_POINT('',(190.,-90.,95.));
#1048 = LINE('',#1049,#1050);
#1049 = CARTESIAN_POINT('',(190.,-90.,75.));
#1050 = VECTOR('',#1051,1.);
#1051 = DIRECTION('',(0.,0.,1.));
#1052 = ORIENTED_EDGE('',*,*,#1053,.T.);
#1053 = EDGE_CURVE('',#1044,#1054,#1056,.T.);
#1054 = VERTEX_POINT('',#1055);
#1055 = CARTESIAN_POINT('',(190.,90.,75.));
#1056 = LINE('',#1057,#1058);
#1057 = CARTESIAN_POINT('',(190.,-90.,75.));
#1058 = VECTOR('',#1059,1.);
#1059 = DIRECTION('',(0.,1.,0.));
#1060 = ORIENTED_EDGE('',*,*,#1061,.T.);
#1061 = EDGE_CURVE('',#1054,#1062,#1064,.T.);
#1062 = VERTEX_POINT('',#1063);
#1063 = CARTESIAN_POINT('',(190.,90.,95.));
#1064 = LINE('',#1065,#1066);
#1065 = CARTESIAN_POINT('',(190.,90.,75.));
#1066 = VECTOR('',#1067,1.);
#1067 = DIRECTION('',(0.,0.,1.));
#1068 = ORIENTED_EDGE('',*,*,#1069,.F.);
#1069 = EDGE_CURVE('',#1046,#1062,#1070,.T.);
#1070 = LINE('',#1071,#1072);
#1071 = CARTESIAN_POINT('',(190.,-90.,95.));
#1072 = VECTOR('',#1073,1.);
#1073 = DIRECTION('',(0.,1.,0.));
#1074 = PLANE('',#1075);
#1075 = AXIS2_PLACEMENT_3D('',#1076,#1077,#1078);
#1076 = CARTESIAN_POINT('',(190.,-90.,75.));
#1077 = DIRECTION('',(1.,0.,0.));
#1078 = DIRECTION('',(0.,0.,1.));
#1079 = ADVANCED_FACE('',(#1080),#1114,.T.);
#1080 = FACE_BOUND('',#1081,.T.);
#1081 = EDGE_LOOP('',(#1082,#1092,#1100,#1108));
#1082 = ORIENTED_EDGE('',*,*,#1083,.F.);
#1083 = EDGE_CURVE('',#1084,#1086,#1088,.T.);
#1084 = VERTEX_POINT('',#1085);
#1085 = CARTESIAN_POINT('',(210.,-90.,75.));
#1086 = VERTEX_POINT('',#1087);
#1087 = CARTESIAN_POINT('',(210.,-90.,95.));
#1088 = LINE('',#1089,#1090);
#1089 = CARTESIAN_POINT('',(210.,-90.,75.));
#1090 = VECTOR('',#1091,1.);
#1091 = DIRECTION('',(0.,0.,1.));
#1092 = ORIENTED_EDGE('',*,*,#1093,.T.);
#1093 = EDGE_CURVE('',#1084,#1094,#1096,.T.);
#1094 = VERTEX_POINT('',#1095);
#1095 = CARTESIAN_POINT('',(210.,90.,75.));
#1096 = LINE('',#1097,#1098);
#1097 = CARTESIAN_POINT('',(210.,-90.,75.));
#1098 = VECTOR('',#1099,1.);
#1099 = DIRECTION('',(0.,1.,0.));
#1100 = ORIENTED_EDGE('',*,*,#1101,.T.);
#1101 = EDGE_CURVE('',#1094,#1102,#1104,.T.);
#1102 = VERTEX_POINT('',#1103);
#1103 = CARTESIAN_POINT('',(210.,90.,95.));
#1104 = LINE('',#1105,#1106);
#1105 = CARTESIAN_POINT('',(210.,90.,75.));
#1106 = VECTOR('',#1107,1.);
#1107 = DIRECTION('',(0.,0.,1.));
#1108 = ORIENTED_EDGE('',*,*,#1109,.F.);
#1109 = EDGE_CURVE('',#1086,#1102,#1110,.T.);
#1110 = LINE('',#1111,#1112);
#1111 = CARTESIAN_POINT('',(210.,-90.,95.));
#1112 = VECTOR('',#1113,1.);
#1113 = DIRECTION('',(0.,1.,0.));
#1114 = PLANE('',#1115);
#1115 = AXIS2_PLACEMENT_3D('',#1116,#1117,#1118);
#1116 = CARTESIAN_POINT('',(210.,-90.,75.));
#1117 = DIRECTION('',(1.,0.,0.));
#1118 = DIRECTION('',(0.,0.,1.));
#1119 = ADVANCED_FACE('',(#1120),#1136,.F.);
#1120 = FACE_BOUND('',#1121,.F.);
#1121 = EDGE_LOOP('',(#1122,#1128,#1129,#1135));
#1122 = ORIENTED_EDGE('',*,*,#1123,.F.);
#1123 = EDGE_CURVE('',#1044,#1084,#1124,.T.);
#1124 = LINE('',#1125,#1126);
#1125 = CARTESIAN_POINT('',(190.,-90.,75.));
#1126 = VECTOR('',#1127,1.);
#1127 = DIRECTION('',(1.,0.,0.));
#1128 = ORIENTED_EDGE('',*,*,#1043,.T.);
#1129 = ORIENTED_EDGE('',*,*,#1130,.T.);
#1130 = EDGE_CURVE('',#1046,#1086,#1131,.T.);
#1131 = LINE('',#1132,#1133);
#1132 = CARTESIAN_POINT('',(190.,-90.,95.));
#1133 = VECTOR('',#1134,1.);
#1134 = DIRECTION('',(1.,0.,0.));
#1135 = ORIENTED_EDGE('',*,*,#1083,.F.);
#1136 = PLANE('',#1137);
#1137 = AXIS2_PLACEMENT_3D('',#1138,#1139,#1140);
#1138 = CARTESIAN_POINT('',(190.,-90.,75.));
#1139 = DIRECTION('',(0.,1.,0.));
#1140 = DIRECTION('',(0.,0.,1.));
#1141 = ADVANCED_FACE('',(#1142),#1158,.T.);
#1142 = FACE_BOUND('',#1143,.T.);
#1143 = EDGE_LOOP('',(#1144,#1150,#1151,#1157));
#1144 = ORIENTED_EDGE('',*,*,#1145,.F.);
#1145 = EDGE_CURVE('',#1054,#1094,#1146,.T.);
#1146 = LINE('',#1147,#1148);
#1147 = CARTESIAN_POINT('',(190.,90.,75.));
#1148 = VECTOR('',#1149,1.);
#1149 = DIRECTION('',(1.,0.,0.));
#1150 = ORIENTED_EDGE('',*,*,#1061,.T.);
#1151 = ORIENTED_EDGE('',*,*,#1152,.T.);
#1152 = EDGE_CURVE('',#1062,#1102,#1153,.T.);
#1153 = LINE('',#1154,#1155);
#1154 = CARTESIAN_POINT('',(190.,90.,95.));
#1155 = VECTOR('',#1156,1.);
#1156 = DIRECTION('',(1.,0.,0.));
#1157 = ORIENTED_EDGE('',*,*,#1101,.F.);
#1158 = PLANE('',#1159);
#1159 = AXIS2_PLACEMENT_3D('',#1160,#1161,#1162);
#1160 = CARTESIAN_POINT('',(190.,90.,75.));
#1161 = DIRECTION('',(0.,1.,0.));
#1162 = DIRECTION('',(0.,0.,1.));
#1163 = ADVANCED_FACE('',(#1164),#1170,.F.);
#1164 = FACE_BOUND('',#1165,.F.);
#1165 = EDGE_LOOP('',(#1166,#1167,#1168,#1169));
#1166 = ORIENTED_EDGE('',*,*,#1053,.F.);
#1167 = ORIENTED_EDGE('',*,*,#1123,.T.);
#1168 = ORIENTED_EDGE('',*,*,#1093,.T.);
#1169 = ORIENTED_EDGE('',*,*,#1145,.F.);
#1170 = PLANE('',#1171);
#1171 = AXIS2_PLACEMENT_3D('',#1172,#1173,#1174);
#1172 = CARTESIAN_POINT('',(190.,-90.,75.));
#1173 = DIRECTION('',(0.,0.,1.));
#1174 = DIRECTION('',(1.,0.,0.));
#1175 = ADVANCED_FACE('',(#1176),#1182,.T.);
#1176 = FACE_BOUND('',#1177,.T.);
#1177 = EDGE_LOOP('',(#1178,#1179,#1180,#1181));
#1178 = ORIENTED_EDGE('',*,*,#1069,.F.);
#1179 = ORIENTED_EDGE('',*,*,#1130,.T.);
#1180 = ORIENTED_EDGE('',*,*,#1109,.T.);
#1181 = ORIENTED_EDGE('',*,*,#1152,.F.);
#1182 = PLANE('',#1183);
#1183 = AXIS2_PLACEMENT_3D('',#1184,#1185,#1186);
#1184 = CARTESIAN_POINT('',(190.,-90.,95.));
#1185 = DIRECTION('',(0.,0.,1.));
#1186 = DIRECTION('',(1.,0.,0.));
#1187 = MANIFOLD_SOLID_BREP('',#1188);
#1188 = CLOSED_SHELL('',(#1189,#1229,#1260,#1356,#1380,#1469,#1481,#1503
    ,#1520,#1537,#1549,#1571,#1588,#1605));
#1189 = ADVANCED_FACE('',(#1190),#1224,.F.);
#1190 = FACE_BOUND('',#1191,.F.);
#1191 = EDGE_LOOP('',(#1192,#1202,#1210,#1218));
#1192 = ORIENTED_EDGE('',*,*,#1193,.F.);
#1193 = EDGE_CURVE('',#1194,#1196,#1198,.T.);
#1194 = VERTEX_POINT('',#1195);
#1195 = CARTESIAN_POINT('',(132.,-105.,95.));
#1196 = VERTEX_POINT('',#1197);
#1197 = CARTESIAN_POINT('',(132.,-105.,100.));
#1198 = LINE('',#1199,#1200);
#1199 = CARTESIAN_POINT('',(132.,-105.,95.));
#1200 = VECTOR('',#1201,1.);
#1201 = DIRECTION('',(0.,0.,1.));
#1202 = ORIENTED_EDGE('',*,*,#1203,.T.);
#1203 = EDGE_CURVE('',#1194,#1204,#1206,.T.);
#1204 = VERTEX_POINT('',#1205);
#1205 = CARTESIAN_POINT('',(132.,-55.,95.));
#1206 = LINE('',#1207,#1208);
#1207 = CARTESIAN_POINT('',(132.,-105.,95.));
#1208 = VECTOR('',#1209,1.);
#1209 = DIRECTION('',(0.,1.,0.));
#1210 = ORIENTED_EDGE('',*,*,#1211,.T.);
#1211 = EDGE_CURVE('',#1204,#1212,#1214,.T.);
#1212 = VERTEX_POINT('',#1213);
#1213 = CARTESIAN_POINT('',(132.,-55.,100.));
#1214 = LINE('',#1215,#1216);
#1215 = CARTESIAN_POINT('',(132.,-55.,95.));
#1216 = VECTOR('',#1217,1.);
#1217 = DIRECTION('',(0.,0.,1.));
#1218 = ORIENTED_EDGE('',*,*,#1219,.F.);
#1219 = EDGE_CURVE('',#1196,#1212,#1220,.T.);
#1220 = LINE('',#1221,#1222);
#1221 = CARTESIAN_POINT('',(132.,-105.,100.));
#1222 = VECTOR('',#1223,1.);
#1223 = DIRECTION('',(0.,1.,0.));
#1224 = PLANE('',#1225);
#1225 = AXIS2_PLACEMENT_3D('',#1226,#1227,#1228);
#1226 = CARTESIAN_POINT('',(132.,-105.,95.));
#1227 = DIRECTION('',(1.,0.,0.));
#1228 = DIRECTION('',(0.,0.,1.));
#1229 = ADVANCED_FACE('',(#1230),#1255,.F.);
#1230 = FACE_BOUND('',#1231,.F.);
#1231 = EDGE_LOOP('',(#1232,#1240,#1241,#1249));
#1232 = ORIENTED_EDGE('',*,*,#1233,.F.);
#1233 = EDGE_CURVE('',#1194,#1234,#1236,.T.);
#1234 = VERTEX_POINT('',#1235);
#1235 = CARTESIAN_POINT('',(228.,-105.,95.));
#1236 = LINE('',#1237,#1238);
#1237 = CARTESIAN_POINT('',(132.,-105.,95.));
#1238 = VECTOR('',#1239,1.);
#1239 = DIRECTION('',(1.,0.,0.));
#1240 = ORIENTED_EDGE('',*,*,#1193,.T.);
#1241 = ORIENTED_EDGE('',*,*,#1242,.T.);
#1242 = EDGE_CURVE('',#1196,#1243,#1245,.T.);
#1243 = VERTEX_POINT('',#1244);
#1244 = CARTESIAN_POINT('',(228.,-105.,100.));
#1245 = LINE('',#1246,#1247);
#1246 = CARTESIAN_POINT('',(132.,-105.,100.));
#1247 = VECTOR('',#1248,1.);
#1248 = DIRECTION('',(1.,0.,0.));
#1249 = ORIENTED_EDGE('',*,*,#1250,.F.);
#1250 = EDGE_CURVE('',#1234,#1243,#1251,.T.);
#1251 = LINE('',#1252,#1253);
#1252 = CARTESIAN_POINT('',(228.,-105.,95.));
#1253 = VECTOR('',#1254,1.);
#1254 = DIRECTION('',(0.,0.,1.));
#1255 = PLANE('',#1256);
#1256 = AXIS2_PLACEMENT_3D('',#1257,#1258,#1259);
#1257 = CARTESIAN_POINT('',(132.,-105.,95.));
#1258 = DIRECTION('',(0.,1.,0.));
#1259 = DIRECTION('',(0.,0.,1.));
#1260 = ADVANCED_FACE('',(#1261,#1279,#1315),#1351,.T.);
#1261 = FACE_BOUND('',#1262,.T.);
#1262 = EDGE_LOOP('',(#1263,#1264,#1265,#1273));
#1263 = ORIENTED_EDGE('',*,*,#1219,.F.);
#1264 = ORIENTED_EDGE('',*,*,#1242,.T.);
#1265 = ORIENTED_EDGE('',*,*,#1266,.T.);
#1266 = EDGE_CURVE('',#1243,#1267,#1269,.T.);
#1267 = VERTEX_POINT('',#1268);
#1268 = CARTESIAN_POINT('',(228.,-55.,100.));
#1269 = LINE('',#1270,#1271);
#1270 = CARTESIAN_POINT('',(228.,-105.,100.));
#1271 = VECTOR('',#1272,1.);
#1272 = DIRECTION('',(0.,1.,0.));
#1273 = ORIENTED_EDGE('',*,*,#1274,.F.);
#1274 = EDGE_CURVE('',#1212,#1267,#1275,.T.);
#1275 = LINE('',#1276,#1277);
#1276 = CARTESIAN_POINT('',(132.,-55.,100.));
#1277 = VECTOR('',#1278,1.);
#1278 = DIRECTION('',(1.,0.,0.));
#1279 = FACE_BOUND('',#1280,.T.);
#1280 = EDGE_LOOP('',(#1281,#1292,#1300,#1309));
#1281 = ORIENTED_EDGE('',*,*,#1282,.F.);
#1282 = EDGE_CURVE('',#1283,#1285,#1287,.T.);
#1283 = VERTEX_POINT('',#1284);
#1284 = CARTESIAN_POINT('',(142.25,-90.,100.));
#1285 = VERTEX_POINT('',#1286);
#1286 = CARTESIAN_POINT('',(147.75,-90.,100.));
#1287 = CIRCLE('',#1288,2.75);
#1288 = AXIS2_PLACEMENT_3D('',#1289,#1290,#1291);
#1289 = CARTESIAN_POINT('',(145.,-90.,100.));
#1290 = DIRECTION('',(0.,0.,1.));
#1291 = DIRECTION('',(1.,0.,0.));
#1292 = ORIENTED_EDGE('',*,*,#1293,.T.);
#1293 = EDGE_CURVE('',#1283,#1294,#1296,.T.);
#1294 = VERTEX_POINT('',#1295);
#1295 = CARTESIAN_POINT('',(142.25,-70.,100.));
#1296 = LINE('',#1297,#1298);
#1297 = CARTESIAN_POINT('',(142.25,-97.5,100.));
#1298 = VECTOR('',#1299,1.);
#1299 = DIRECTION('',(0.,1.,0.));
#1300 = ORIENTED_EDGE('',*,*,#1301,.F.);
#1301 = EDGE_CURVE('',#1302,#1294,#1304,.T.);
#1302 = VERTEX_POINT('',#1303);
#1303 = CARTESIAN_POINT('',(147.75,-70.,100.));
#1304 = CIRCLE('',#1305,2.75);
#1305 = AXIS2_PLACEMENT_3D('',#1306,#1307,#1308);
#1306 = CARTESIAN_POINT('',(145.,-70.,100.));
#1307 = DIRECTION('',(0.,0.,1.));
#1308 = DIRECTION('',(1.,0.,0.));
#1309 = ORIENTED_EDGE('',*,*,#1310,.F.);
#1310 = EDGE_CURVE('',#1285,#1302,#1311,.T.);
#1311 = LINE('',#1312,#1313);
#1312 = CARTESIAN_POINT('',(147.75,-97.5,100.));
#1313 = VECTOR('',#1314,1.);
#1314 = DIRECTION('',(0.,1.,0.));
#1315 = FACE_BOUND('',#1316,.T.);
#1316 = EDGE_LOOP('',(#1317,#1328,#1336,#1345));
#1317 = ORIENTED_EDGE('',*,*,#1318,.F.);
#1318 = EDGE_CURVE('',#1319,#1321,#1323,.T.);
#1319 = VERTEX_POINT('',#1320);
#1320 = CARTESIAN_POINT('',(212.25,-90.,100.));
#1321 = VERTEX_POINT('',#1322);
#1322 = CARTESIAN_POINT('',(217.75,-90.,100.));
#1323 = CIRCLE('',#1324,2.75);
#1324 = AXIS2_PLACEMENT_3D('',#1325,#1326,#1327);
#1325 = CARTESIAN_POINT('',(215.,-90.,100.));
#1326 = DIRECTION('',(0.,0.,1.));
#1327 = DIRECTION('',(1.,0.,0.));
#1328 = ORIENTED_EDGE('',*,*,#1329,.T.);
#1329 = EDGE_CURVE('',#1319,#1330,#1332,.T.);
#1330 = VERTEX_POINT('',#1331);
#1331 = CARTESIAN_POINT('',(212.25,-70.,100.));
#1332 = LINE('',#1333,#1334);
#1333 = CARTESIAN_POINT('',(212.25,-97.5,100.));
#1334 = VECTOR('',#1335,1.);
#1335 = DIRECTION('',(0.,1.,0.));
#1336 = ORIENTED_EDGE('',*,*,#1337,.F.);
#1337 = EDGE_CURVE('',#1338,#1330,#1340,.T.);
#1338 = VERTEX_POINT('',#1339);
#1339 = CARTESIAN_POINT('',(217.75,-70.,100.));
#1340 = CIRCLE('',#1341,2.75);
#1341 = AXIS2_PLACEMENT_3D('',#1342,#1343,#1344);
#1342 = CARTESIAN_POINT('',(215.,-70.,100.));
#1343 = DIRECTION('',(0.,0.,1.));
#1344 = DIRECTION('',(1.,0.,0.));
#1345 = ORIENTED_EDGE('',*,*,#1346,.F.);
#1346 = EDGE_CURVE('',#1321,#1338,#1347,.T.);
#1347 = LINE('',#1348,#1349);
#1348 = CARTESIAN_POINT('',(217.75,-97.5,100.));
#1349 = VECTOR('',#1350,1.);
#1350 = DIRECTION('',(0.,1.,0.));
#1351 = PLANE('',#1352);
#1352 = AXIS2_PLACEMENT_3D('',#1353,#1354,#1355);
#1353 = CARTESIAN_POINT('',(132.,-105.,100.));
#1354 = DIRECTION('',(0.,0.,1.));
#1355 = DIRECTION('',(1.,0.,0.));
#1356 = ADVANCED_FACE('',(#1357),#1375,.T.);
#1357 = FACE_BOUND('',#1358,.T.);
#1358 = EDGE_LOOP('',(#1359,#1367,#1368,#1369));
#1359 = ORIENTED_EDGE('',*,*,#1360,.F.);
#1360 = EDGE_CURVE('',#1204,#1361,#1363,.T.);
#1361 = VERTEX_POINT('',#1362);
#1362 = CARTESIAN_POINT('',(228.,-55.,95.));
#1363 = LINE('',#1364,#1365);
#1364 = CARTESIAN_POINT('',(132.,-55.,95.));
#1365 = VECTOR('',#1366,1.);
#1366 = DIRECTION('',(1.,0.,0.));
#1367 = ORIENTED_EDGE('',*,*,#1211,.T.);
#1368 = ORIENTED_EDGE('',*,*,#1274,.T.);
#1369 = ORIENTED_EDGE('',*,*,#1370,.F.);
#1370 = EDGE_CURVE('',#1361,#1267,#1371,.T.);
#1371 = LINE('',#1372,#1373);
#1372 = CARTESIAN_POINT('',(228.,-55.,95.));
#1373 = VECTOR('',#1374,1.);
#1374 = DIRECTION('',(0.,0.,1.));
#1375 = PLANE('',#1376);
#1376 = AXIS2_PLACEMENT_3D('',#1377,#1378,#1379);
#1377 = CARTESIAN_POINT('',(132.,-55.,95.));
#1378 = DIRECTION('',(0.,1.,0.));
#1379 = DIRECTION('',(0.,0.,1.));
#1380 = ADVANCED_FACE('',(#1381,#1392,#1428),#1464,.F.);
#1381 = FACE_BOUND('',#1382,.F.);
#1382 = EDGE_LOOP('',(#1383,#1384,#1385,#1391));
#1383 = ORIENTED_EDGE('',*,*,#1203,.F.);
#1384 = ORIENTED_EDGE('',*,*,#1233,.T.);
#1385 = ORIENTED_EDGE('',*,*,#1386,.T.);
#1386 = EDGE_CURVE('',#1234,#1361,#1387,.T.);
#1387 = LINE('',#1388,#1389);
#1388 = CARTESIAN_POINT('',(228.,-105.,95.));
#1389 = VECTOR('',#1390,1.);
#1390 = DIRECTION('',(0.,1.,0.));
#1391 = ORIENTED_EDGE('',*,*,#1360,.F.);
#1392 = FACE_BOUND('',#1393,.F.);
#1393 = EDGE_LOOP('',(#1394,#1405,#1413,#1422));
#1394 = ORIENTED_EDGE('',*,*,#1395,.F.);
#1395 = EDGE_CURVE('',#1396,#1398,#1400,.T.);
#1396 = VERTEX_POINT('',#1397);
#1397 = CARTESIAN_POINT('',(142.25,-90.,95.));
#1398 = VERTEX_POINT('',#1399);
#1399 = CARTESIAN_POINT('',(147.75,-90.,95.));
#1400 = CIRCLE('',#1401,2.75);
#1401 = AXIS2_PLACEMENT_3D('',#1402,#1403,#1404);
#1402 = CARTESIAN_POINT('',(145.,-90.,95.));
#1403 = DIRECTION('',(0.,0.,1.));
#1404 = DIRECTION('',(1.,0.,0.));
#1405 = ORIENTED_EDGE('',*,*,#1406,.T.);
#1406 = EDGE_CURVE('',#1396,#1407,#1409,.T.);
#1407 = VERTEX_POINT('',#1408);
#1408 = CARTESIAN_POINT('',(142.25,-70.,95.));
#1409 = LINE('',#1410,#1411);
#1410 = CARTESIAN_POINT('',(142.25,-97.5,95.));
#1411 = VECTOR('',#1412,1.);
#1412 = DIRECTION('',(0.,1.,0.));
#1413 = ORIENTED_EDGE('',*,*,#1414,.F.);
#1414 = EDGE_CURVE('',#1415,#1407,#1417,.T.);
#1415 = VERTEX_POINT('',#1416);
#1416 = CARTESIAN_POINT('',(147.75,-70.,95.));
#1417 = CIRCLE('',#1418,2.75);
#1418 = AXIS2_PLACEMENT_3D('',#1419,#1420,#1421);
#1419 = CARTESIAN_POINT('',(145.,-70.,95.));
#1420 = DIRECTION('',(0.,0.,1.));
#1421 = DIRECTION('',(1.,0.,0.));
#1422 = ORIENTED_EDGE('',*,*,#1423,.F.);
#1423 = EDGE_CURVE('',#1398,#1415,#1424,.T.);
#1424 = LINE('',#1425,#1426);
#1425 = CARTESIAN_POINT('',(147.75,-97.5,95.));
#1426 = VECTOR('',#1427,1.);
#1427 = DIRECTION('',(0.,1.,0.));
#1428 = FACE_BOUND('',#1429,.F.);
#1429 = EDGE_LOOP('',(#1430,#1441,#1449,#1458));
#1430 = ORIENTED_EDGE('',*,*,#1431,.F.);
#1431 = EDGE_CURVE('',#1432,#1434,#1436,.T.);
#1432 = VERTEX_POINT('',#1433);
#1433 = CARTESIAN_POINT('',(212.25,-90.,95.));
#1434 = VERTEX_POINT('',#1435);
#1435 = CARTESIAN_POINT('',(217.75,-90.,95.));
#1436 = CIRCLE('',#1437,2.75);
#1437 = AXIS2_PLACEMENT_3D('',#1438,#1439,#1440);
#1438 = CARTESIAN_POINT('',(215.,-90.,95.));
#1439 = DIRECTION('',(0.,0.,1.));
#1440 = DIRECTION('',(1.,0.,0.));
#1441 = ORIENTED_EDGE('',*,*,#1442,.T.);
#1442 = EDGE_CURVE('',#1432,#1443,#1445,.T.);
#1443 = VERTEX_POINT('',#1444);
#1444 = CARTESIAN_POINT('',(212.25,-70.,95.));
#1445 = LINE('',#1446,#1447);
#1446 = CARTESIAN_POINT('',(212.25,-97.5,95.));
#1447 = VECTOR('',#1448,1.);
#1448 = DIRECTION('',(0.,1.,0.));
#1449 = ORIENTED_EDGE('',*,*,#1450,.F.);
#1450 = EDGE_CURVE('',#1451,#1443,#1453,.T.);
#1451 = VERTEX_POINT('',#1452);
#1452 = CARTESIAN_POINT('',(217.75,-70.,95.));
#1453 = CIRCLE('',#1454,2.75);
#1454 = AXIS2_PLACEMENT_3D('',#1455,#1456,#1457);
#1455 = CARTESIAN_POINT('',(215.,-70.,95.));
#1456 = DIRECTION('',(0.,0.,1.));
#1457 = DIRECTION('',(1.,0.,0.));
#1458 = ORIENTED_EDGE('',*,*,#1459,.F.);
#1459 = EDGE_CURVE('',#1434,#1451,#1460,.T.);
#1460 = LINE('',#1461,#1462);
#1461 = CARTESIAN_POINT('',(217.75,-97.5,95.));
#1462 = VECTOR('',#1463,1.);
#1463 = DIRECTION('',(0.,1.,0.));
#1464 = PLANE('',#1465);
#1465 = AXIS2_PLACEMENT_3D('',#1466,#1467,#1468);
#1466 = CARTESIAN_POINT('',(132.,-105.,95.));
#1467 = DIRECTION('',(0.,0.,1.));
#1468 = DIRECTION('',(1.,0.,0.));
#1469 = ADVANCED_FACE('',(#1470),#1476,.T.);
#1470 = FACE_BOUND('',#1471,.T.);
#1471 = EDGE_LOOP('',(#1472,#1473,#1474,#1475));
#1472 = ORIENTED_EDGE('',*,*,#1250,.F.);
#1473 = ORIENTED_EDGE('',*,*,#1386,.T.);
#1474 = ORIENTED_EDGE('',*,*,#1370,.T.);
#1475 = ORIENTED_EDGE('',*,*,#1266,.F.);
#1476 = PLANE('',#1477);
#1477 = AXIS2_PLACEMENT_3D('',#1478,#1479,#1480);
#1478 = CARTESIAN_POINT('',(228.,-105.,95.));
#1479 = DIRECTION('',(1.,0.,0.));
#1480 = DIRECTION('',(0.,0.,1.));
#1481 = ADVANCED_FACE('',(#1482),#1498,.F.);
#1482 = FACE_BOUND('',#1483,.F.);
#1483 = EDGE_LOOP('',(#1484,#1485,#1491,#1492));
#1484 = ORIENTED_EDGE('',*,*,#1395,.T.);
#1485 = ORIENTED_EDGE('',*,*,#1486,.T.);
#1486 = EDGE_CURVE('',#1398,#1285,#1487,.T.);
#1487 = LINE('',#1488,#1489);
#1488 = CARTESIAN_POINT('',(147.75,-90.,94.));
#1489 = VECTOR('',#1490,1.);
#1490 = DIRECTION('',(0.,0.,1.));
#1491 = ORIENTED_EDGE('',*,*,#1282,.F.);
#1492 = ORIENTED_EDGE('',*,*,#1493,.F.);
#1493 = EDGE_CURVE('',#1396,#1283,#1494,.T.);
#1494 = LINE('',#1495,#1496);
#1495 = CARTESIAN_POINT('',(142.25,-90.,94.));
#1496 = VECTOR('',#1497,1.);
#1497 = DIRECTION('',(0.,0.,1.));
#1498 = CYLINDRICAL_SURFACE('',#1499,2.75);
#1499 = AXIS2_PLACEMENT_3D('',#1500,#1501,#1502);
#1500 = CARTESIAN_POINT('',(145.,-90.,94.));
#1501 = DIRECTION('',(0.,0.,1.));
#1502 = DIRECTION('',(1.,0.,0.));
#1503 = ADVANCED_FACE('',(#1504),#1515,.T.);
#1504 = FACE_BOUND('',#1505,.T.);
#1505 = EDGE_LOOP('',(#1506,#1507,#1508,#1514));
#1506 = ORIENTED_EDGE('',*,*,#1493,.F.);
#1507 = ORIENTED_EDGE('',*,*,#1406,.T.);
#1508 = ORIENTED_EDGE('',*,*,#1509,.T.);
#1509 = EDGE_CURVE('',#1407,#1294,#1510,.T.);
#1510 = LINE('',#1511,#1512);
#1511 = CARTESIAN_POINT('',(142.25,-70.,94.));
#1512 = VECTOR('',#1513,1.);
#1513 = DIRECTION('',(0.,0.,1.));
#1514 = ORIENTED_EDGE('',*,*,#1293,.F.);
#1515 = PLANE('',#1516);
#1516 = AXIS2_PLACEMENT_3D('',#1517,#1518,#1519);
#1517 = CARTESIAN_POINT('',(142.25,-90.,94.));
#1518 = DIRECTION('',(1.,0.,0.));
#1519 = DIRECTION('',(0.,0.,1.));
#1520 = ADVANCED_FACE('',(#1521),#1532,.F.);
#1521 = FACE_BOUND('',#1522,.F.);
#1522 = EDGE_LOOP('',(#1523,#1524,#1525,#1531));
#1523 = ORIENTED_EDGE('',*,*,#1486,.F.);
#1524 = ORIENTED_EDGE('',*,*,#1423,.T.);
#1525 = ORIENTED_EDGE('',*,*,#1526,.T.);
#1526 = EDGE_CURVE('',#1415,#1302,#1527,.T.);
#1527 = LINE('',#1528,#1529);
#1528 = CARTESIAN_POINT('',(147.75,-70.,94.));
#1529 = VECTOR('',#1530,1.);
#1530 = DIRECTION('',(0.,0.,1.));
#1531 = ORIENTED_EDGE('',*,*,#1310,.F.);
#1532 = PLANE('',#1533);
#1533 = AXIS2_PLACEMENT_3D('',#1534,#1535,#1536);
#1534 = CARTESIAN_POINT('',(147.75,-90.,94.));
#1535 = DIRECTION('',(1.,0.,0.));
#1536 = DIRECTION('',(0.,0.,1.));
#1537 = ADVANCED_FACE('',(#1538),#1544,.F.);
#1538 = FACE_BOUND('',#1539,.F.);
#1539 = EDGE_LOOP('',(#1540,#1541,#1542,#1543));
#1540 = ORIENTED_EDGE('',*,*,#1301,.F.);
#1541 = ORIENTED_EDGE('',*,*,#1526,.F.);
#1542 = ORIENTED_EDGE('',*,*,#1414,.T.);
#1543 = ORIENTED_EDGE('',*,*,#1509,.T.);
#1544 = CYLINDRICAL_SURFACE('',#1545,2.75);
#1545 = AXIS2_PLACEMENT_3D('',#1546,#1547,#1548);
#1546 = CARTESIAN_POINT('',(145.,-70.,94.));
#1547 = DIRECTION('',(0.,0.,1.));
#1548 = DIRECTION('',(1.,0.,0.));
#1549 = ADVANCED_FACE('',(#1550),#1566,.F.);
#1550 = FACE_BOUND('',#1551,.F.);
#1551 = EDGE_LOOP('',(#1552,#1553,#1559,#1560));
#1552 = ORIENTED_EDGE('',*,*,#1431,.T.);
#1553 = ORIENTED_EDGE('',*,*,#1554,.T.);
#1554 = EDGE_CURVE('',#1434,#1321,#1555,.T.);
#1555 = LINE('',#1556,#1557);
#1556 = CARTESIAN_POINT('',(217.75,-90.,94.));
#1557 = VECTOR('',#1558,1.);
#1558 = DIRECTION('',(0.,0.,1.));
#1559 = ORIENTED_EDGE('',*,*,#1318,.F.);
#1560 = ORIENTED_EDGE('',*,*,#1561,.F.);
#1561 = EDGE_CURVE('',#1432,#1319,#1562,.T.);
#1562 = LINE('',#1563,#1564);
#1563 = CARTESIAN_POINT('',(212.25,-90.,94.));
#1564 = VECTOR('',#1565,1.);
#1565 = DIRECTION('',(0.,0.,1.));
#1566 = CYLINDRICAL_SURFACE('',#1567,2.75);
#1567 = AXIS2_PLACEMENT_3D('',#1568,#1569,#1570);
#1568 = CARTESIAN_POINT('',(215.,-90.,94.));
#1569 = DIRECTION('',(0.,0.,1.));
#1570 = DIRECTION('',(1.,0.,0.));
#1571 = ADVANCED_FACE('',(#1572),#1583,.F.);
#1572 = FACE_BOUND('',#1573,.F.);
#1573 = EDGE_LOOP('',(#1574,#1575,#1576,#1582));
#1574 = ORIENTED_EDGE('',*,*,#1554,.F.);
#1575 = ORIENTED_EDGE('',*,*,#1459,.T.);
#1576 = ORIENTED_EDGE('',*,*,#1577,.T.);
#1577 = EDGE_CURVE('',#1451,#1338,#1578,.T.);
#1578 = LINE('',#1579,#1580);
#1579 = CARTESIAN_POINT('',(217.75,-70.,94.));
#1580 = VECTOR('',#1581,1.);
#1581 = DIRECTION('',(0.,0.,1.));
#1582 = ORIENTED_EDGE('',*,*,#1346,.F.);
#1583 = PLANE('',#1584);
#1584 = AXIS2_PLACEMENT_3D('',#1585,#1586,#1587);
#1585 = CARTESIAN_POINT('',(217.75,-90.,94.));
#1586 = DIRECTION('',(1.,0.,0.));
#1587 = DIRECTION('',(0.,0.,1.));
#1588 = ADVANCED_FACE('',(#1589),#1600,.F.);
#1589 = FACE_BOUND('',#1590,.F.);
#1590 = EDGE_LOOP('',(#1591,#1592,#1593,#1594));
#1591 = ORIENTED_EDGE('',*,*,#1337,.F.);
#1592 = ORIENTED_EDGE('',*,*,#1577,.F.);
#1593 = ORIENTED_EDGE('',*,*,#1450,.T.);
#1594 = ORIENTED_EDGE('',*,*,#1595,.T.);
#1595 = EDGE_CURVE('',#1443,#1330,#1596,.T.);
#1596 = LINE('',#1597,#1598);
#1597 = CARTESIAN_POINT('',(212.25,-70.,94.));
#1598 = VECTOR('',#1599,1.);
#1599 = DIRECTION('',(0.,0.,1.));
#1600 = CYLINDRICAL_SURFACE('',#1601,2.75);
#1601 = AXIS2_PLACEMENT_3D('',#1602,#1603,#1604);
#1602 = CARTESIAN_POINT('',(215.,-70.,94.));
#1603 = DIRECTION('',(0.,0.,1.));
#1604 = DIRECTION('',(1.,0.,0.));
#1605 = ADVANCED_FACE('',(#1606),#1612,.T.);
#1606 = FACE_BOUND('',#1607,.T.);
#1607 = EDGE_LOOP('',(#1608,#1609,#1610,#1611));
#1608 = ORIENTED_EDGE('',*,*,#1561,.F.);
#1609 = ORIENTED_EDGE('',*,*,#1442,.T.);
#1610 = ORIENTED_EDGE('',*,*,#1595,.T.);
#1611 = ORIENTED_EDGE('',*,*,#1329,.F.);
#1612 = PLANE('',#1613);
#1613 = AXIS2_PLACEMENT_3D('',#1614,#1615,#1616);
#1614 = CARTESIAN_POINT('',(212.25,-90.,94.));
#1615 = DIRECTION('',(1.,0.,0.));
#1616 = DIRECTION('',(0.,0.,1.));
#1617 = MANIFOLD_SOLID_BREP('',#1618);
#1618 = CLOSED_SHELL('',(#1619,#1652,#1661));
#1619 = ADVANCED_FACE('',(#1620),#1647,.T.);
#1620 = FACE_BOUND('',#1621,.T.);
#1621 = EDGE_LOOP('',(#1622,#1631,#1639,#1646));
#1622 = ORIENTED_EDGE('',*,*,#1623,.F.);
#1623 = EDGE_CURVE('',#1624,#1624,#1626,.T.);
#1624 = VERTEX_POINT('',#1625);
#1625 = CARTESIAN_POINT('',(213.75,-80.,107.));
#1626 = CIRCLE('',#1627,2.);
#1627 = AXIS2_PLACEMENT_3D('',#1628,#1629,#1630);
#1628 = CARTESIAN_POINT('',(213.75,-80.,105.));
#1629 = DIRECTION('',(1.,0.,-0.));
#1630 = DIRECTION('',(0.,0.,1.));
#1631 = ORIENTED_EDGE('',*,*,#1632,.F.);
#1632 = EDGE_CURVE('',#1633,#1624,#1635,.T.);
#1633 = VERTEX_POINT('',#1634);
#1634 = CARTESIAN_POINT('',(146.25,-80.,107.));
#1635 = LINE('',#1636,#1637);
#1636 = CARTESIAN_POINT('',(146.25,-80.,107.));
#1637 = VECTOR('',#1638,1.);
#1638 = DIRECTION('',(1.,0.,0.));
#1639 = ORIENTED_EDGE('',*,*,#1640,.T.);
#1640 = EDGE_CURVE('',#1633,#1633,#1641,.T.);
#1641 = CIRCLE('',#1642,2.);
#1642 = AXIS2_PLACEMENT_3D('',#1643,#1644,#1645);
#1643 = CARTESIAN_POINT('',(146.25,-80.,105.));
#1644 = DIRECTION('',(1.,0.,-0.));
#1645 = DIRECTION('',(0.,0.,1.));
#1646 = ORIENTED_EDGE('',*,*,#1632,.T.);
#1647 = CYLINDRICAL_SURFACE('',#1648,2.);
#1648 = AXIS2_PLACEMENT_3D('',#1649,#1650,#1651);
#1649 = CARTESIAN_POINT('',(146.25,-80.,105.));
#1650 = DIRECTION('',(1.,0.,0.));
#1651 = DIRECTION('',(0.,0.,1.));
#1652 = ADVANCED_FACE('',(#1653),#1656,.T.);
#1653 = FACE_BOUND('',#1654,.T.);
#1654 = EDGE_LOOP('',(#1655));
#1655 = ORIENTED_EDGE('',*,*,#1623,.T.);
#1656 = PLANE('',#1657);
#1657 = AXIS2_PLACEMENT_3D('',#1658,#1659,#1660);
#1658 = CARTESIAN_POINT('',(213.75,-80.,105.));
#1659 = DIRECTION('',(1.,0.,0.));
#1660 = DIRECTION('',(0.,0.,1.));
#1661 = ADVANCED_FACE('',(#1662),#1665,.F.);
#1662 = FACE_BOUND('',#1663,.T.);
#1663 = EDGE_LOOP('',(#1664));
#1664 = ORIENTED_EDGE('',*,*,#1640,.F.);
#1665 = PLANE('',#1666);
#1666 = AXIS2_PLACEMENT_3D('',#1667,#1668,#1669);
#1667 = CARTESIAN_POINT('',(146.25,-80.,105.));
#1668 = DIRECTION('',(1.,0.,0.));
#1669 = DIRECTION('',(0.,0.,1.));
#1670 = MANIFOLD_SOLID_BREP('',#1671);
#1671 = CLOSED_SHELL('',(#1672,#1723,#1754,#1778,#1802,#1819,#1844));
#1672 = ADVANCED_FACE('',(#1673,#1707),#1718,.F.);
#1673 = FACE_BOUND('',#1674,.F.);
#1674 = EDGE_LOOP('',(#1675,#1685,#1693,#1701));
#1675 = ORIENTED_EDGE('',*,*,#1676,.F.);
#1676 = EDGE_CURVE('',#1677,#1679,#1681,.T.);
#1677 = VERTEX_POINT('',#1678);
#1678 = CARTESIAN_POINT('',(147.25,-88.,100.));
#1679 = VERTEX_POINT('',#1680);
#1680 = CARTESIAN_POINT('',(147.25,-88.,113.));
#1681 = LINE('',#1682,#1683);
#1682 = CARTESIAN_POINT('',(147.25,-88.,100.));
#1683 = VECTOR('',#1684,1.);
#1684 = DIRECTION('',(0.,0.,1.));
#1685 = ORIENTED_EDGE('',*,*,#1686,.T.);
#1686 = EDGE_CURVE('',#1677,#1687,#1689,.T.);
#1687 = VERTEX_POINT('',#1688);
#1688 = CARTESIAN_POINT('',(147.25,-72.,100.));
#1689 = LINE('',#1690,#1691);
#1690 = CARTESIAN_POINT('',(147.25,-88.,100.));
#1691 = VECTOR('',#1692,1.);
#1692 = DIRECTION('',(0.,1.,0.));
#1693 = ORIENTED_EDGE('',*,*,#1694,.T.);
#1694 = EDGE_CURVE('',#1687,#1695,#1697,.T.);
#1695 = VERTEX_POINT('',#1696);
#1696 = CARTESIAN_POINT('',(147.25,-72.,113.));
#1697 = LINE('',#1698,#1699);
#1698 = CARTESIAN_POINT('',(147.25,-72.,100.));
#1699 = VECTOR('',#1700,1.);
#1700 = DIRECTION('',(0.,0.,1.));
#1701 = ORIENTED_EDGE('',*,*,#1702,.F.);
#1702 = EDGE_CURVE('',#1679,#1695,#1703,.T.);
#1703 = LINE('',#1704,#1705);
#1704 = CARTESIAN_POINT('',(147.25,-88.,113.));
#1705 = VECTOR('',#1706,1.);
#1706 = DIRECTION('',(0.,1.,0.));
#1707 = FACE_BOUND('',#1708,.F.);
#1708 = EDGE_LOOP('',(#1709));
#1709 = ORIENTED_EDGE('',*,*,#1710,.F.);
#1710 = EDGE_CURVE('',#1711,#1711,#1713,.T.);
#1711 = VERTEX_POINT('',#1712);
#1712 = CARTESIAN_POINT('',(147.25,-80.,107.1));
#1713 = CIRCLE('',#1714,2.1);
#1714 = AXIS2_PLACEMENT_3D('',#1715,#1716,#1717);
#1715 = CARTESIAN_POINT('',(147.25,-80.,105.));
#1716 = DIRECTION('',(1.,0.,-0.));
#1717 = DIRECTION('',(0.,0.,1.));
#1718 = PLANE('',#1719);
#1719 = AXIS2_PLACEMENT_3D('',#1720,#1721,#1722);
#1720 = CARTESIAN_POINT('',(147.25,-88.,100.));
#1721 = DIRECTION('',(1.,0.,0.));
#1722 = DIRECTION('',(0.,0.,1.));
#1723 = ADVANCED_FACE('',(#1724),#1749,.F.);
#1724 = FACE_BOUND('',#1725,.F.);
#1725 = EDGE_LOOP('',(#1726,#1734,#1735,#1743));
#1726 = ORIENTED_EDGE('',*,*,#1727,.F.);
#1727 = EDGE_CURVE('',#1677,#1728,#1730,.T.);
#1728 = VERTEX_POINT('',#1729);
#1729 = CARTESIAN_POINT('',(155.25,-88.,100.));
#1730 = LINE('',#1731,#1732);
#1731 = CARTESIAN_POINT('',(147.25,-88.,100.));
#1732 = VECTOR('',#1733,1.);
#1733 = DIRECTION('',(1.,0.,0.));
#1734 = ORIENTED_EDGE('',*,*,#1676,.T.);
#1735 = ORIENTED_EDGE('',*,*,#1736,.T.);
#1736 = EDGE_CURVE('',#1679,#1737,#1739,.T.);
#1737 = VERTEX_POINT('',#1738);
#1738 = CARTESIAN_POINT('',(155.25,-88.,113.));
#1739 = LINE('',#1740,#1741);
#1740 = CARTESIAN_POINT('',(147.25,-88.,113.));
#1741 = VECTOR('',#1742,1.);
#1742 = DIRECTION('',(1.,0.,0.));
#1743 = ORIENTED_EDGE('',*,*,#1744,.F.);
#1744 = EDGE_CURVE('',#1728,#1737,#1745,.T.);
#1745 = LINE('',#1746,#1747);
#1746 = CARTESIAN_POINT('',(155.25,-88.,100.));
#1747 = VECTOR('',#1748,1.);
#1748 = DIRECTION('',(0.,0.,1.));
#1749 = PLANE('',#1750);
#1750 = AXIS2_PLACEMENT_3D('',#1751,#1752,#1753);
#1751 = CARTESIAN_POINT('',(147.25,-88.,100.));
#1752 = DIRECTION('',(0.,1.,0.));
#1753 = DIRECTION('',(0.,0.,1.));
#1754 = ADVANCED_FACE('',(#1755),#1773,.T.);
#1755 = FACE_BOUND('',#1756,.T.);
#1756 = EDGE_LOOP('',(#1757,#1758,#1759,#1767));
#1757 = ORIENTED_EDGE('',*,*,#1702,.F.);
#1758 = ORIENTED_EDGE('',*,*,#1736,.T.);
#1759 = ORIENTED_EDGE('',*,*,#1760,.T.);
#1760 = EDGE_CURVE('',#1737,#1761,#1763,.T.);
#1761 = VERTEX_POINT('',#1762);
#1762 = CARTESIAN_POINT('',(155.25,-72.,113.));
#1763 = LINE('',#1764,#1765);
#1764 = CARTESIAN_POINT('',(155.25,-88.,113.));
#1765 = VECTOR('',#1766,1.);
#1766 = DIRECTION('',(0.,1.,0.));
#1767 = ORIENTED_EDGE('',*,*,#1768,.F.);
#1768 = EDGE_CURVE('',#1695,#1761,#1769,.T.);
#1769 = LINE('',#1770,#1771);
#1770 = CARTESIAN_POINT('',(147.25,-72.,113.));
#1771 = VECTOR('',#1772,1.);
#1772 = DIRECTION('',(1.,0.,0.));
#1773 = PLANE('',#1774);
#1774 = AXIS2_PLACEMENT_3D('',#1775,#1776,#1777);
#1775 = CARTESIAN_POINT('',(147.25,-88.,113.));
#1776 = DIRECTION('',(0.,0.,1.));
#1777 = DIRECTION('',(1.,0.,0.));
#1778 = ADVANCED_FACE('',(#1779),#1797,.F.);
#1779 = FACE_BOUND('',#1780,.F.);
#1780 = EDGE_LOOP('',(#1781,#1782,#1783,#1791));
#1781 = ORIENTED_EDGE('',*,*,#1686,.F.);
#1782 = ORIENTED_EDGE('',*,*,#1727,.T.);
#1783 = ORIENTED_EDGE('',*,*,#1784,.T.);
#1784 = EDGE_CURVE('',#1728,#1785,#1787,.T.);
#1785 = VERTEX_POINT('',#1786);
#1786 = CARTESIAN_POINT('',(155.25,-72.,100.));
#1787 = LINE('',#1788,#1789);
#1788 = CARTESIAN_POINT('',(155.25,-88.,100.));
#1789 = VECTOR('',#1790,1.);
#1790 = DIRECTION('',(0.,1.,0.));
#1791 = ORIENTED_EDGE('',*,*,#1792,.F.);
#1792 = EDGE_CURVE('',#1687,#1785,#1793,.T.);
#1793 = LINE('',#1794,#1795);
#1794 = CARTESIAN_POINT('',(147.25,-72.,100.));
#1795 = VECTOR('',#1796,1.);
#1796 = DIRECTION('',(1.,0.,0.));
#1797 = PLANE('',#1798);
#1798 = AXIS2_PLACEMENT_3D('',#1799,#1800,#1801);
#1799 = CARTESIAN_POINT('',(147.25,-88.,100.));
#1800 = DIRECTION('',(0.,0.,1.));
#1801 = DIRECTION('',(1.,0.,0.));
#1802 = ADVANCED_FACE('',(#1803),#1814,.T.);
#1803 = FACE_BOUND('',#1804,.T.);
#1804 = EDGE_LOOP('',(#1805,#1806,#1807,#1808));
#1805 = ORIENTED_EDGE('',*,*,#1792,.F.);
#1806 = ORIENTED_EDGE('',*,*,#1694,.T.);
#1807 = ORIENTED_EDGE('',*,*,#1768,.T.);
#1808 = ORIENTED_EDGE('',*,*,#1809,.F.);
#1809 = EDGE_CURVE('',#1785,#1761,#1810,.T.);
#1810 = LINE('',#1811,#1812);
#1811 = CARTESIAN_POINT('',(155.25,-72.,100.));
#1812 = VECTOR('',#1813,1.);
#1813 = DIRECTION('',(0.,0.,1.));
#1814 = PLANE('',#1815);
#1815 = AXIS2_PLACEMENT_3D('',#1816,#1817,#1818);
#1816 = CARTESIAN_POINT('',(147.25,-72.,100.));
#1817 = DIRECTION('',(0.,1.,0.));
#1818 = DIRECTION('',(0.,0.,1.));
#1819 = ADVANCED_FACE('',(#1820),#1839,.F.);
#1820 = FACE_BOUND('',#1821,.F.);
#1821 = EDGE_LOOP('',(#1822,#1831,#1837,#1838));
#1822 = ORIENTED_EDGE('',*,*,#1823,.F.);
#1823 = EDGE_CURVE('',#1824,#1824,#1826,.T.);
#1824 = VERTEX_POINT('',#1825);
#1825 = CARTESIAN_POINT('',(155.25,-80.,107.1));
#1826 = CIRCLE('',#1827,2.1);
#1827 = AXIS2_PLACEMENT_3D('',#1828,#1829,#1830);
#1828 = CARTESIAN_POINT('',(155.25,-80.,105.));
#1829 = DIRECTION('',(1.,0.,-0.));
#1830 = DIRECTION('',(0.,0.,1.));
#1831 = ORIENTED_EDGE('',*,*,#1832,.F.);
#1832 = EDGE_CURVE('',#1711,#1824,#1833,.T.);
#1833 = LINE('',#1834,#1835);
#1834 = CARTESIAN_POINT('',(146.25,-80.,107.1));
#1835 = VECTOR('',#1836,1.);
#1836 = DIRECTION('',(1.,0.,0.));
#1837 = ORIENTED_EDGE('',*,*,#1710,.T.);
#1838 = ORIENTED_EDGE('',*,*,#1832,.T.);
#1839 = CYLINDRICAL_SURFACE('',#1840,2.1);
#1840 = AXIS2_PLACEMENT_3D('',#1841,#1842,#1843);
#1841 = CARTESIAN_POINT('',(146.25,-80.,105.));
#1842 = DIRECTION('',(1.,0.,0.));
#1843 = DIRECTION('',(0.,0.,1.));
#1844 = ADVANCED_FACE('',(#1845,#1851),#1854,.T.);
#1845 = FACE_BOUND('',#1846,.T.);
#1846 = EDGE_LOOP('',(#1847,#1848,#1849,#1850));
#1847 = ORIENTED_EDGE('',*,*,#1744,.F.);
#1848 = ORIENTED_EDGE('',*,*,#1784,.T.);
#1849 = ORIENTED_EDGE('',*,*,#1809,.T.);
#1850 = ORIENTED_EDGE('',*,*,#1760,.F.);
#1851 = FACE_BOUND('',#1852,.T.);
#1852 = EDGE_LOOP('',(#1853));
#1853 = ORIENTED_EDGE('',*,*,#1823,.F.);
#1854 = PLANE('',#1855);
#1855 = AXIS2_PLACEMENT_3D('',#1856,#1857,#1858);
#1856 = CARTESIAN_POINT('',(155.25,-88.,100.));
#1857 = DIRECTION('',(1.,0.,0.));
#1858 = DIRECTION('',(0.,0.,1.));
#1859 = MANIFOLD_SOLID_BREP('',#1860);
#1860 = CLOSED_SHELL('',(#1861,#1912,#1943,#1967,#1991,#2008,#2033));
#1861 = ADVANCED_FACE('',(#1862,#1896),#1907,.F.);
#1862 = FACE_BOUND('',#1863,.F.);
#1863 = EDGE_LOOP('',(#1864,#1874,#1882,#1890));
#1864 = ORIENTED_EDGE('',*,*,#1865,.F.);
#1865 = EDGE_CURVE('',#1866,#1868,#1870,.T.);
#1866 = VERTEX_POINT('',#1867);
#1867 = CARTESIAN_POINT('',(204.75,-88.,100.));
#1868 = VERTEX_POINT('',#1869);
#1869 = CARTESIAN_POINT('',(204.75,-88.,113.));
#1870 = LINE('',#1871,#1872);
#1871 = CARTESIAN_POINT('',(204.75,-88.,100.));
#1872 = VECTOR('',#1873,1.);
#1873 = DIRECTION('',(0.,0.,1.));
#1874 = ORIENTED_EDGE('',*,*,#1875,.T.);
#1875 = EDGE_CURVE('',#1866,#1876,#1878,.T.);
#1876 = VERTEX_POINT('',#1877);
#1877 = CARTESIAN_POINT('',(204.75,-72.,100.));
#1878 = LINE('',#1879,#1880);
#1879 = CARTESIAN_POINT('',(204.75,-88.,100.));
#1880 = VECTOR('',#1881,1.);
#1881 = DIRECTION('',(0.,1.,0.));
#1882 = ORIENTED_EDGE('',*,*,#1883,.T.);
#1883 = EDGE_CURVE('',#1876,#1884,#1886,.T.);
#1884 = VERTEX_POINT('',#1885);
#1885 = CARTESIAN_POINT('',(204.75,-72.,113.));
#1886 = LINE('',#1887,#1888);
#1887 = CARTESIAN_POINT('',(204.75,-72.,100.));
#1888 = VECTOR('',#1889,1.);
#1889 = DIRECTION('',(0.,0.,1.));
#1890 = ORIENTED_EDGE('',*,*,#1891,.F.);
#1891 = EDGE_CURVE('',#1868,#1884,#1892,.T.);
#1892 = LINE('',#1893,#1894);
#1893 = CARTESIAN_POINT('',(204.75,-88.,113.));
#1894 = VECTOR('',#1895,1.);
#1895 = DIRECTION('',(0.,1.,0.));
#1896 = FACE_BOUND('',#1897,.F.);
#1897 = EDGE_LOOP('',(#1898));
#1898 = ORIENTED_EDGE('',*,*,#1899,.F.);
#1899 = EDGE_CURVE('',#1900,#1900,#1902,.T.);
#1900 = VERTEX_POINT('',#1901);
#1901 = CARTESIAN_POINT('',(204.75,-80.,107.1));
#1902 = CIRCLE('',#1903,2.1);
#1903 = AXIS2_PLACEMENT_3D('',#1904,#1905,#1906);
#1904 = CARTESIAN_POINT('',(204.75,-80.,105.));
#1905 = DIRECTION('',(1.,0.,-0.));
#1906 = DIRECTION('',(0.,0.,1.));
#1907 = PLANE('',#1908);
#1908 = AXIS2_PLACEMENT_3D('',#1909,#1910,#1911);
#1909 = CARTESIAN_POINT('',(204.75,-88.,100.));
#1910 = DIRECTION('',(1.,0.,0.));
#1911 = DIRECTION('',(0.,0.,1.));
#1912 = ADVANCED_FACE('',(#1913),#1938,.F.);
#1913 = FACE_BOUND('',#1914,.F.);
#1914 = EDGE_LOOP('',(#1915,#1923,#1924,#1932));
#1915 = ORIENTED_EDGE('',*,*,#1916,.F.);
#1916 = EDGE_CURVE('',#1866,#1917,#1919,.T.);
#1917 = VERTEX_POINT('',#1918);
#1918 = CARTESIAN_POINT('',(212.75,-88.,100.));
#1919 = LINE('',#1920,#1921);
#1920 = CARTESIAN_POINT('',(204.75,-88.,100.));
#1921 = VECTOR('',#1922,1.);
#1922 = DIRECTION('',(1.,0.,0.));
#1923 = ORIENTED_EDGE('',*,*,#1865,.T.);
#1924 = ORIENTED_EDGE('',*,*,#1925,.T.);
#1925 = EDGE_CURVE('',#1868,#1926,#1928,.T.);
#1926 = VERTEX_POINT('',#1927);
#1927 = CARTESIAN_POINT('',(212.75,-88.,113.));
#1928 = LINE('',#1929,#1930);
#1929 = CARTESIAN_POINT('',(204.75,-88.,113.));
#1930 = VECTOR('',#1931,1.);
#1931 = DIRECTION('',(1.,0.,0.));
#1932 = ORIENTED_EDGE('',*,*,#1933,.F.);
#1933 = EDGE_CURVE('',#1917,#1926,#1934,.T.);
#1934 = LINE('',#1935,#1936);
#1935 = CARTESIAN_POINT('',(212.75,-88.,100.));
#1936 = VECTOR('',#1937,1.);
#1937 = DIRECTION('',(0.,0.,1.));
#1938 = PLANE('',#1939);
#1939 = AXIS2_PLACEMENT_3D('',#1940,#1941,#1942);
#1940 = CARTESIAN_POINT('',(204.75,-88.,100.));
#1941 = DIRECTION('',(0.,1.,0.));
#1942 = DIRECTION('',(0.,0.,1.));
#1943 = ADVANCED_FACE('',(#1944),#1962,.T.);
#1944 = FACE_BOUND('',#1945,.T.);
#1945 = EDGE_LOOP('',(#1946,#1947,#1948,#1956));
#1946 = ORIENTED_EDGE('',*,*,#1891,.F.);
#1947 = ORIENTED_EDGE('',*,*,#1925,.T.);
#1948 = ORIENTED_EDGE('',*,*,#1949,.T.);
#1949 = EDGE_CURVE('',#1926,#1950,#1952,.T.);
#1950 = VERTEX_POINT('',#1951);
#1951 = CARTESIAN_POINT('',(212.75,-72.,113.));
#1952 = LINE('',#1953,#1954);
#1953 = CARTESIAN_POINT('',(212.75,-88.,113.));
#1954 = VECTOR('',#1955,1.);
#1955 = DIRECTION('',(0.,1.,0.));
#1956 = ORIENTED_EDGE('',*,*,#1957,.F.);
#1957 = EDGE_CURVE('',#1884,#1950,#1958,.T.);
#1958 = LINE('',#1959,#1960);
#1959 = CARTESIAN_POINT('',(204.75,-72.,113.));
#1960 = VECTOR('',#1961,1.);
#1961 = DIRECTION('',(1.,0.,0.));
#1962 = PLANE('',#1963);
#1963 = AXIS2_PLACEMENT_3D('',#1964,#1965,#1966);
#1964 = CARTESIAN_POINT('',(204.75,-88.,113.));
#1965 = DIRECTION('',(0.,0.,1.));
#1966 = DIRECTION('',(1.,0.,0.));
#1967 = ADVANCED_FACE('',(#1968),#1986,.F.);
#1968 = FACE_BOUND('',#1969,.F.);
#1969 = EDGE_LOOP('',(#1970,#1971,#1972,#1980));
#1970 = ORIENTED_EDGE('',*,*,#1875,.F.);
#1971 = ORIENTED_EDGE('',*,*,#1916,.T.);
#1972 = ORIENTED_EDGE('',*,*,#1973,.T.);
#1973 = EDGE_CURVE('',#1917,#1974,#1976,.T.);
#1974 = VERTEX_POINT('',#1975);
#1975 = CARTESIAN_POINT('',(212.75,-72.,100.));
#1976 = LINE('',#1977,#1978);
#1977 = CARTESIAN_POINT('',(212.75,-88.,100.));
#1978 = VECTOR('',#1979,1.);
#1979 = DIRECTION('',(0.,1.,0.));
#1980 = ORIENTED_EDGE('',*,*,#1981,.F.);
#1981 = EDGE_CURVE('',#1876,#1974,#1982,.T.);
#1982 = LINE('',#1983,#1984);
#1983 = CARTESIAN_POINT('',(204.75,-72.,100.));
#1984 = VECTOR('',#1985,1.);
#1985 = DIRECTION('',(1.,0.,0.));
#1986 = PLANE('',#1987);
#1987 = AXIS2_PLACEMENT_3D('',#1988,#1989,#1990);
#1988 = CARTESIAN_POINT('',(204.75,-88.,100.));
#1989 = DIRECTION('',(0.,0.,1.));
#1990 = DIRECTION('',(1.,0.,0.));
#1991 = ADVANCED_FACE('',(#1992),#2003,.T.);
#1992 = FACE_BOUND('',#1993,.T.);
#1993 = EDGE_LOOP('',(#1994,#1995,#1996,#1997));
#1994 = ORIENTED_EDGE('',*,*,#1981,.F.);
#1995 = ORIENTED_EDGE('',*,*,#1883,.T.);
#1996 = ORIENTED_EDGE('',*,*,#1957,.T.);
#1997 = ORIENTED_EDGE('',*,*,#1998,.F.);
#1998 = EDGE_CURVE('',#1974,#1950,#1999,.T.);
#1999 = LINE('',#2000,#2001);
#2000 = CARTESIAN_POINT('',(212.75,-72.,100.));
#2001 = VECTOR('',#2002,1.);
#2002 = DIRECTION('',(0.,0.,1.));
#2003 = PLANE('',#2004);
#2004 = AXIS2_PLACEMENT_3D('',#2005,#2006,#2007);
#2005 = CARTESIAN_POINT('',(204.75,-72.,100.));
#2006 = DIRECTION('',(0.,1.,0.));
#2007 = DIRECTION('',(0.,0.,1.));
#2008 = ADVANCED_FACE('',(#2009),#2028,.F.);
#2009 = FACE_BOUND('',#2010,.F.);
#2010 = EDGE_LOOP('',(#2011,#2020,#2026,#2027));
#2011 = ORIENTED_EDGE('',*,*,#2012,.F.);
#2012 = EDGE_CURVE('',#2013,#2013,#2015,.T.);
#2013 = VERTEX_POINT('',#2014);
#2014 = CARTESIAN_POINT('',(212.75,-80.,107.1));
#2015 = CIRCLE('',#2016,2.1);
#2016 = AXIS2_PLACEMENT_3D('',#2017,#2018,#2019);
#2017 = CARTESIAN_POINT('',(212.75,-80.,105.));
#2018 = DIRECTION('',(1.,0.,-0.));
#2019 = DIRECTION('',(0.,0.,1.));
#2020 = ORIENTED_EDGE('',*,*,#2021,.F.);
#2021 = EDGE_CURVE('',#1900,#2013,#2022,.T.);
#2022 = LINE('',#2023,#2024);
#2023 = CARTESIAN_POINT('',(203.75,-80.,107.1));
#2024 = VECTOR('',#2025,1.);
#2025 = DIRECTION('',(1.,0.,0.));
#2026 = ORIENTED_EDGE('',*,*,#1899,.T.);
#2027 = ORIENTED_EDGE('',*,*,#2021,.T.);
#2028 = CYLINDRICAL_SURFACE('',#2029,2.1);
#2029 = AXIS2_PLACEMENT_3D('',#2030,#2031,#2032);
#2030 = CARTESIAN_POINT('',(203.75,-80.,105.));
#2031 = DIRECTION('',(1.,0.,0.));
#2032 = DIRECTION('',(0.,0.,1.));
#2033 = ADVANCED_FACE('',(#2034,#2040),#2043,.T.);
#2034 = FACE_BOUND('',#2035,.T.);
#2035 = EDGE_LOOP('',(#2036,#2037,#2038,#2039));
#2036 = ORIENTED_EDGE('',*,*,#1933,.F.);
#2037 = ORIENTED_EDGE('',*,*,#1973,.T.);
#2038 = ORIENTED_EDGE('',*,*,#1998,.T.);
#2039 = ORIENTED_EDGE('',*,*,#1949,.F.);
#2040 = FACE_BOUND('',#2041,.T.);
#2041 = EDGE_LOOP('',(#2042));
#2042 = ORIENTED_EDGE('',*,*,#2012,.F.);
#2043 = PLANE('',#2044);
#2044 = AXIS2_PLACEMENT_3D('',#2045,#2046,#2047);
#2045 = CARTESIAN_POINT('',(212.75,-88.,100.));
#2046 = DIRECTION('',(1.,0.,0.));
#2047 = DIRECTION('',(0.,0.,1.));
#2048 = MANIFOLD_SOLID_BREP('',#2049);
#2049 = CLOSED_SHELL('',(#2050,#2083,#2092));
#2050 = ADVANCED_FACE('',(#2051),#2078,.T.);
#2051 = FACE_BOUND('',#2052,.T.);
#2052 = EDGE_LOOP('',(#2053,#2062,#2070,#2077));
#2053 = ORIENTED_EDGE('',*,*,#2054,.F.);
#2054 = EDGE_CURVE('',#2055,#2055,#2057,.T.);
#2055 = VERTEX_POINT('',#2056);
#2056 = CARTESIAN_POINT('',(180.,-162.8493014913,59.986188315282));
#2057 = CIRCLE('',#2058,5.);
#2058 = AXIS2_PLACEMENT_3D('',#2059,#2060,#2061);
#2059 = CARTESIAN_POINT('',(180.,-165.,64.5));
#2060 = DIRECTION('',(0.256626311645,-0.872529459594,-0.415734624865));
#2061 = DIRECTION('',(8.16676349121E-18,0.43013970172,-0.902762336944));
#2062 = ORIENTED_EDGE('',*,*,#2063,.F.);
#2063 = EDGE_CURVE('',#2064,#2055,#2066,.T.);
#2064 = VERTEX_POINT('',#2065);
#2065 = CARTESIAN_POINT('',(155.,-77.84930149139,100.48618831528));
#2066 = LINE('',#2067,#2068);
#2067 = CARTESIAN_POINT('',(155.,-77.84930149139,100.48618831528));
#2068 = VECTOR('',#2069,1.);
#2069 = DIRECTION('',(0.256626311645,-0.872529459594,-0.415734624865));
#2070 = ORIENTED_EDGE('',*,*,#2071,.T.);
#2071 = EDGE_CURVE('',#2064,#2064,#2072,.T.);
#2072 = CIRCLE('',#2073,5.);
#2073 = AXIS2_PLACEMENT_3D('',#2074,#2075,#2076);
#2074 = CARTESIAN_POINT('',(155.,-80.,105.));
#2075 = DIRECTION('',(0.256626311645,-0.872529459594,-0.415734624865));
#2076 = DIRECTION('',(8.16676349121E-18,0.43013970172,-0.902762336944));
#2077 = ORIENTED_EDGE('',*,*,#2063,.T.);
#2078 = CYLINDRICAL_SURFACE('',#2079,5.);
#2079 = AXIS2_PLACEMENT_3D('',#2080,#2081,#2082);
#2080 = CARTESIAN_POINT('',(155.,-80.,105.));
#2081 = DIRECTION('',(0.256626311645,-0.872529459594,-0.415734624865));
#2082 = DIRECTION('',(-5.711024316605E-18,0.43013970172,-0.902762336944)
  );
#2083 = ADVANCED_FACE('',(#2084),#2087,.T.);
#2084 = FACE_BOUND('',#2085,.T.);
#2085 = EDGE_LOOP('',(#2086));
#2086 = ORIENTED_EDGE('',*,*,#2054,.T.);
#2087 = PLANE('',#2088);
#2088 = AXIS2_PLACEMENT_3D('',#2089,#2090,#2091);
#2089 = CARTESIAN_POINT('',(180.,-165.,64.5));
#2090 = DIRECTION('',(0.256626311645,-0.872529459594,-0.415734624865));
#2091 = DIRECTION('',(-5.711024316605E-18,0.43013970172,-0.902762336944)
  );
#2092 = ADVANCED_FACE('',(#2093),#2096,.F.);
#2093 = FACE_BOUND('',#2094,.T.);
#2094 = EDGE_LOOP('',(#2095));
#2095 = ORIENTED_EDGE('',*,*,#2071,.F.);
#2096 = PLANE('',#2097);
#2097 = AXIS2_PLACEMENT_3D('',#2098,#2099,#2100);
#2098 = CARTESIAN_POINT('',(155.,-80.,105.));
#2099 = DIRECTION('',(0.256626311645,-0.872529459594,-0.415734624865));
#2100 = DIRECTION('',(-5.711024316605E-18,0.43013970172,-0.902762336944)
  );
#2101 = MANIFOLD_SOLID_BREP('',#2102);
#2102 = CLOSED_SHELL('',(#2103,#2136,#2145));
#2103 = ADVANCED_FACE('',(#2104),#2131,.T.);
#2104 = FACE_BOUND('',#2105,.T.);
#2105 = EDGE_LOOP('',(#2106,#2115,#2123,#2130));
#2106 = ORIENTED_EDGE('',*,*,#2107,.F.);
#2107 = EDGE_CURVE('',#2108,#2108,#2110,.T.);
#2108 = VERTEX_POINT('',#2109);
#2109 = CARTESIAN_POINT('',(180.,-162.8493014913,59.986188315282));
#2110 = CIRCLE('',#2111,5.);
#2111 = AXIS2_PLACEMENT_3D('',#2112,#2113,#2114);
#2112 = CARTESIAN_POINT('',(180.,-165.,64.5));
#2113 = DIRECTION('',(-0.256626311645,-0.872529459594,-0.415734624865));
#2114 = DIRECTION('',(-8.16676349121E-18,0.43013970172,-0.902762336944)
  );
#2115 = ORIENTED_EDGE('',*,*,#2116,.F.);
#2116 = EDGE_CURVE('',#2117,#2108,#2119,.T.);
#2117 = VERTEX_POINT('',#2118);
#2118 = CARTESIAN_POINT('',(205.,-77.84930149139,100.48618831528));
#2119 = LINE('',#2120,#2121);
#2120 = CARTESIAN_POINT('',(205.,-77.84930149139,100.48618831528));
#2121 = VECTOR('',#2122,1.);
#2122 = DIRECTION('',(-0.256626311645,-0.872529459594,-0.415734624865));
#2123 = ORIENTED_EDGE('',*,*,#2124,.T.);
#2124 = EDGE_CURVE('',#2117,#2117,#2125,.T.);
#2125 = CIRCLE('',#2126,5.);
#2126 = AXIS2_PLACEMENT_3D('',#2127,#2128,#2129);
#2127 = CARTESIAN_POINT('',(205.,-80.,105.));
#2128 = DIRECTION('',(-0.256626311645,-0.872529459594,-0.415734624865));
#2129 = DIRECTION('',(-8.16676349121E-18,0.43013970172,-0.902762336944)
  );
#2130 = ORIENTED_EDGE('',*,*,#2116,.T.);
#2131 = CYLINDRICAL_SURFACE('',#2132,5.);
#2132 = AXIS2_PLACEMENT_3D('',#2133,#2134,#2135);
#2133 = CARTESIAN_POINT('',(205.,-80.,105.));
#2134 = DIRECTION('',(-0.256626311645,-0.872529459594,-0.415734624865));
#2135 = DIRECTION('',(5.711024316605E-18,0.43013970172,-0.902762336944)
  );
#2136 = ADVANCED_FACE('',(#2137),#2140,.T.);
#2137 = FACE_BOUND('',#2138,.T.);
#2138 = EDGE_LOOP('',(#2139));
#2139 = ORIENTED_EDGE('',*,*,#2107,.T.);
#2140 = PLANE('',#2141);
#2141 = AXIS2_PLACEMENT_3D('',#2142,#2143,#2144);
#2142 = CARTESIAN_POINT('',(180.,-165.,64.5));
#2143 = DIRECTION('',(-0.256626311645,-0.872529459594,-0.415734624865));
#2144 = DIRECTION('',(5.711024316605E-18,0.43013970172,-0.902762336944)
  );
#2145 = ADVANCED_FACE('',(#2146),#2149,.F.);
#2146 = FACE_BOUND('',#2147,.T.);
#2147 = EDGE_LOOP('',(#2148));
#2148 = ORIENTED_EDGE('',*,*,#2124,.F.);
#2149 = PLANE('',#2150);
#2150 = AXIS2_PLACEMENT_3D('',#2151,#2152,#2153);
#2151 = CARTESIAN_POINT('',(205.,-80.,105.));
#2152 = DIRECTION('',(-0.256626311645,-0.872529459594,-0.415734624865));
#2153 = DIRECTION('',(5.711024316605E-18,0.43013970172,-0.902762336944)
  );
#2154 = MANIFOLD_SOLID_BREP('',#2155);
#2155 = CLOSED_SHELL('',(#2156,#2189,#2198));
#2156 = ADVANCED_FACE('',(#2157),#2184,.T.);
#2157 = FACE_BOUND('',#2158,.T.);
#2158 = EDGE_LOOP('',(#2159,#2168,#2176,#2183));
#2159 = ORIENTED_EDGE('',*,*,#2160,.F.);
#2160 = EDGE_CURVE('',#2161,#2161,#2163,.T.);
#2161 = VERTEX_POINT('',#2162);
#2162 = CARTESIAN_POINT('',(203.,-80.,147.));
#2163 = CIRCLE('',#2164,2.);
#2164 = AXIS2_PLACEMENT_3D('',#2165,#2166,#2167);
#2165 = CARTESIAN_POINT('',(203.,-80.,145.));
#2166 = DIRECTION('',(1.,0.,-0.));
#2167 = DIRECTION('',(0.,0.,1.));
#2168 = ORIENTED_EDGE('',*,*,#2169,.F.);
#2169 = EDGE_CURVE('',#2170,#2161,#2172,.T.);
#2170 = VERTEX_POINT('',#2171);
#2171 = CARTESIAN_POINT('',(157.,-80.,147.));
#2172 = LINE('',#2173,#2174);
#2173 = CARTESIAN_POINT('',(157.,-80.,147.));
#2174 = VECTOR('',#2175,1.);
#2175 = DIRECTION('',(1.,0.,0.));
#2176 = ORIENTED_EDGE('',*,*,#2177,.T.);
#2177 = EDGE_CURVE('',#2170,#2170,#2178,.T.);
#2178 = CIRCLE('',#2179,2.);
#2179 = AXIS2_PLACEMENT_3D('',#2180,#2181,#2182);
#2180 = CARTESIAN_POINT('',(157.,-80.,145.));
#2181 = DIRECTION('',(1.,0.,-0.));
#2182 = DIRECTION('',(0.,0.,1.));
#2183 = ORIENTED_EDGE('',*,*,#2169,.T.);
#2184 = CYLINDRICAL_SURFACE('',#2185,2.);
#2185 = AXIS2_PLACEMENT_3D('',#2186,#2187,#2188);
#2186 = CARTESIAN_POINT('',(157.,-80.,145.));
#2187 = DIRECTION('',(1.,0.,0.));
#2188 = DIRECTION('',(0.,0.,1.));
#2189 = ADVANCED_FACE('',(#2190),#2193,.T.);
#2190 = FACE_BOUND('',#2191,.T.);
#2191 = EDGE_LOOP('',(#2192));
#2192 = ORIENTED_EDGE('',*,*,#2160,.T.);
#2193 = PLANE('',#2194);
#2194 = AXIS2_PLACEMENT_3D('',#2195,#2196,#2197);
#2195 = CARTESIAN_POINT('',(203.,-80.,145.));
#2196 = DIRECTION('',(1.,0.,0.));
#2197 = DIRECTION('',(0.,0.,1.));
#2198 = ADVANCED_FACE('',(#2199),#2202,.F.);
#2199 = FACE_BOUND('',#2200,.T.);
#2200 = EDGE_LOOP('',(#2201));
#2201 = ORIENTED_EDGE('',*,*,#2177,.F.);
#2202 = PLANE('',#2203);
#2203 = AXIS2_PLACEMENT_3D('',#2204,#2205,#2206);
#2204 = CARTESIAN_POINT('',(157.,-80.,145.));
#2205 = DIRECTION('',(1.,0.,0.));
#2206 = DIRECTION('',(0.,0.,1.));
#2207 = MANIFOLD_SOLID_BREP('',#2208);
#2208 = CLOSED_SHELL('',(#2209,#2260,#2291,#2315,#2339,#2356,#2381));
#2209 = ADVANCED_FACE('',(#2210,#2244),#2255,.F.);
#2210 = FACE_BOUND('',#2211,.F.);
#2211 = EDGE_LOOP('',(#2212,#2222,#2230,#2238));
#2212 = ORIENTED_EDGE('',*,*,#2213,.F.);
#2213 = EDGE_CURVE('',#2214,#2216,#2218,.T.);
#2214 = VERTEX_POINT('',#2215);
#2215 = CARTESIAN_POINT('',(158.,-88.,100.));
#2216 = VERTEX_POINT('',#2217);
#2217 = CARTESIAN_POINT('',(158.,-88.,153.));
#2218 = LINE('',#2219,#2220);
#2219 = CARTESIAN_POINT('',(158.,-88.,100.));
#2220 = VECTOR('',#2221,1.);
#2221 = DIRECTION('',(0.,0.,1.));
#2222 = ORIENTED_EDGE('',*,*,#2223,.T.);
#2223 = EDGE_CURVE('',#2214,#2224,#2226,.T.);
#2224 = VERTEX_POINT('',#2225);
#2225 = CARTESIAN_POINT('',(158.,-72.,100.));
#2226 = LINE('',#2227,#2228);
#2227 = CARTESIAN_POINT('',(158.,-88.,100.));
#2228 = VECTOR('',#2229,1.);
#2229 = DIRECTION('',(0.,1.,0.));
#2230 = ORIENTED_EDGE('',*,*,#2231,.T.);
#2231 = EDGE_CURVE('',#2224,#2232,#2234,.T.);
#2232 = VERTEX_POINT('',#2233);
#2233 = CARTESIAN_POINT('',(158.,-72.,153.));
#2234 = LINE('',#2235,#2236);
#2235 = CARTESIAN_POINT('',(158.,-72.,100.));
#2236 = VECTOR('',#2237,1.);
#2237 = DIRECTION('',(0.,0.,1.));
#2238 = ORIENTED_EDGE('',*,*,#2239,.F.);
#2239 = EDGE_CURVE('',#2216,#2232,#2240,.T.);
#2240 = LINE('',#2241,#2242);
#2241 = CARTESIAN_POINT('',(158.,-88.,153.));
#2242 = VECTOR('',#2243,1.);
#2243 = DIRECTION('',(0.,1.,0.));
#2244 = FACE_BOUND('',#2245,.F.);
#2245 = EDGE_LOOP('',(#2246));
#2246 = ORIENTED_EDGE('',*,*,#2247,.F.);
#2247 = EDGE_CURVE('',#2248,#2248,#2250,.T.);
#2248 = VERTEX_POINT('',#2249);
#2249 = CARTESIAN_POINT('',(158.,-80.,147.1));
#2250 = CIRCLE('',#2251,2.1);
#2251 = AXIS2_PLACEMENT_3D('',#2252,#2253,#2254);
#2252 = CARTESIAN_POINT('',(158.,-80.,145.));
#2253 = DIRECTION('',(1.,0.,-0.));
#2254 = DIRECTION('',(0.,0.,1.));
#2255 = PLANE('',#2256);
#2256 = AXIS2_PLACEMENT_3D('',#2257,#2258,#2259);
#2257 = CARTESIAN_POINT('',(158.,-88.,100.));
#2258 = DIRECTION('',(1.,0.,0.));
#2259 = DIRECTION('',(0.,0.,1.));
#2260 = ADVANCED_FACE('',(#2261),#2286,.F.);
#2261 = FACE_BOUND('',#2262,.F.);
#2262 = EDGE_LOOP('',(#2263,#2271,#2272,#2280));
#2263 = ORIENTED_EDGE('',*,*,#2264,.F.);
#2264 = EDGE_CURVE('',#2214,#2265,#2267,.T.);
#2265 = VERTEX_POINT('',#2266);
#2266 = CARTESIAN_POINT('',(166.,-88.,100.));
#2267 = LINE('',#2268,#2269);
#2268 = CARTESIAN_POINT('',(158.,-88.,100.));
#2269 = VECTOR('',#2270,1.);
#2270 = DIRECTION('',(1.,0.,0.));
#2271 = ORIENTED_EDGE('',*,*,#2213,.T.);
#2272 = ORIENTED_EDGE('',*,*,#2273,.T.);
#2273 = EDGE_CURVE('',#2216,#2274,#2276,.T.);
#2274 = VERTEX_POINT('',#2275);
#2275 = CARTESIAN_POINT('',(166.,-88.,153.));
#2276 = LINE('',#2277,#2278);
#2277 = CARTESIAN_POINT('',(158.,-88.,153.));
#2278 = VECTOR('',#2279,1.);
#2279 = DIRECTION('',(1.,0.,0.));
#2280 = ORIENTED_EDGE('',*,*,#2281,.F.);
#2281 = EDGE_CURVE('',#2265,#2274,#2282,.T.);
#2282 = LINE('',#2283,#2284);
#2283 = CARTESIAN_POINT('',(166.,-88.,100.));
#2284 = VECTOR('',#2285,1.);
#2285 = DIRECTION('',(0.,0.,1.));
#2286 = PLANE('',#2287);
#2287 = AXIS2_PLACEMENT_3D('',#2288,#2289,#2290);
#2288 = CARTESIAN_POINT('',(158.,-88.,100.));
#2289 = DIRECTION('',(0.,1.,0.));
#2290 = DIRECTION('',(0.,0.,1.));
#2291 = ADVANCED_FACE('',(#2292),#2310,.T.);
#2292 = FACE_BOUND('',#2293,.T.);
#2293 = EDGE_LOOP('',(#2294,#2295,#2296,#2304));
#2294 = ORIENTED_EDGE('',*,*,#2239,.F.);
#2295 = ORIENTED_EDGE('',*,*,#2273,.T.);
#2296 = ORIENTED_EDGE('',*,*,#2297,.T.);
#2297 = EDGE_CURVE('',#2274,#2298,#2300,.T.);
#2298 = VERTEX_POINT('',#2299);
#2299 = CARTESIAN_POINT('',(166.,-72.,153.));
#2300 = LINE('',#2301,#2302);
#2301 = CARTESIAN_POINT('',(166.,-88.,153.));
#2302 = VECTOR('',#2303,1.);
#2303 = DIRECTION('',(0.,1.,0.));
#2304 = ORIENTED_EDGE('',*,*,#2305,.F.);
#2305 = EDGE_CURVE('',#2232,#2298,#2306,.T.);
#2306 = LINE('',#2307,#2308);
#2307 = CARTESIAN_POINT('',(158.,-72.,153.));
#2308 = VECTOR('',#2309,1.);
#2309 = DIRECTION('',(1.,0.,0.));
#2310 = PLANE('',#2311);
#2311 = AXIS2_PLACEMENT_3D('',#2312,#2313,#2314);
#2312 = CARTESIAN_POINT('',(158.,-88.,153.));
#2313 = DIRECTION('',(0.,0.,1.));
#2314 = DIRECTION('',(1.,0.,0.));
#2315 = ADVANCED_FACE('',(#2316),#2334,.F.);
#2316 = FACE_BOUND('',#2317,.F.);
#2317 = EDGE_LOOP('',(#2318,#2319,#2320,#2328));
#2318 = ORIENTED_EDGE('',*,*,#2223,.F.);
#2319 = ORIENTED_EDGE('',*,*,#2264,.T.);
#2320 = ORIENTED_EDGE('',*,*,#2321,.T.);
#2321 = EDGE_CURVE('',#2265,#2322,#2324,.T.);
#2322 = VERTEX_POINT('',#2323);
#2323 = CARTESIAN_POINT('',(166.,-72.,100.));
#2324 = LINE('',#2325,#2326);
#2325 = CARTESIAN_POINT('',(166.,-88.,100.));
#2326 = VECTOR('',#2327,1.);
#2327 = DIRECTION('',(0.,1.,0.));
#2328 = ORIENTED_EDGE('',*,*,#2329,.F.);
#2329 = EDGE_CURVE('',#2224,#2322,#2330,.T.);
#2330 = LINE('',#2331,#2332);
#2331 = CARTESIAN_POINT('',(158.,-72.,100.));
#2332 = VECTOR('',#2333,1.);
#2333 = DIRECTION('',(1.,0.,0.));
#2334 = PLANE('',#2335);
#2335 = AXIS2_PLACEMENT_3D('',#2336,#2337,#2338);
#2336 = CARTESIAN_POINT('',(158.,-88.,100.));
#2337 = DIRECTION('',(0.,0.,1.));
#2338 = DIRECTION('',(1.,0.,0.));
#2339 = ADVANCED_FACE('',(#2340),#2351,.T.);
#2340 = FACE_BOUND('',#2341,.T.);
#2341 = EDGE_LOOP('',(#2342,#2343,#2344,#2345));
#2342 = ORIENTED_EDGE('',*,*,#2329,.F.);
#2343 = ORIENTED_EDGE('',*,*,#2231,.T.);
#2344 = ORIENTED_EDGE('',*,*,#2305,.T.);
#2345 = ORIENTED_EDGE('',*,*,#2346,.F.);
#2346 = EDGE_CURVE('',#2322,#2298,#2347,.T.);
#2347 = LINE('',#2348,#2349);
#2348 = CARTESIAN_POINT('',(166.,-72.,100.));
#2349 = VECTOR('',#2350,1.);
#2350 = DIRECTION('',(0.,0.,1.));
#2351 = PLANE('',#2352);
#2352 = AXIS2_PLACEMENT_3D('',#2353,#2354,#2355);
#2353 = CARTESIAN_POINT('',(158.,-72.,100.));
#2354 = DIRECTION('',(0.,1.,0.));
#2355 = DIRECTION('',(0.,0.,1.));
#2356 = ADVANCED_FACE('',(#2357),#2376,.F.);
#2357 = FACE_BOUND('',#2358,.F.);
#2358 = EDGE_LOOP('',(#2359,#2368,#2374,#2375));
#2359 = ORIENTED_EDGE('',*,*,#2360,.F.);
#2360 = EDGE_CURVE('',#2361,#2361,#2363,.T.);
#2361 = VERTEX_POINT('',#2362);
#2362 = CARTESIAN_POINT('',(166.,-80.,147.1));
#2363 = CIRCLE('',#2364,2.1);
#2364 = AXIS2_PLACEMENT_3D('',#2365,#2366,#2367);
#2365 = CARTESIAN_POINT('',(166.,-80.,145.));
#2366 = DIRECTION('',(1.,0.,-0.));
#2367 = DIRECTION('',(0.,0.,1.));
#2368 = ORIENTED_EDGE('',*,*,#2369,.F.);
#2369 = EDGE_CURVE('',#2248,#2361,#2370,.T.);
#2370 = LINE('',#2371,#2372);
#2371 = CARTESIAN_POINT('',(157.,-80.,147.1));
#2372 = VECTOR('',#2373,1.);
#2373 = DIRECTION('',(1.,0.,0.));
#2374 = ORIENTED_EDGE('',*,*,#2247,.T.);
#2375 = ORIENTED_EDGE('',*,*,#2369,.T.);
#2376 = CYLINDRICAL_SURFACE('',#2377,2.1);
#2377 = AXIS2_PLACEMENT_3D('',#2378,#2379,#2380);
#2378 = CARTESIAN_POINT('',(157.,-80.,145.));
#2379 = DIRECTION('',(1.,0.,0.));
#2380 = DIRECTION('',(0.,0.,1.));
#2381 = ADVANCED_FACE('',(#2382,#2388),#2391,.T.);
#2382 = FACE_BOUND('',#2383,.T.);
#2383 = EDGE_LOOP('',(#2384,#2385,#2386,#2387));
#2384 = ORIENTED_EDGE('',*,*,#2281,.F.);
#2385 = ORIENTED_EDGE('',*,*,#2321,.T.);
#2386 = ORIENTED_EDGE('',*,*,#2346,.T.);
#2387 = ORIENTED_EDGE('',*,*,#2297,.F.);
#2388 = FACE_BOUND('',#2389,.T.);
#2389 = EDGE_LOOP('',(#2390));
#2390 = ORIENTED_EDGE('',*,*,#2360,.F.);
#2391 = PLANE('',#2392);
#2392 = AXIS2_PLACEMENT_3D('',#2393,#2394,#2395);
#2393 = CARTESIAN_POINT('',(166.,-88.,100.));
#2394 = DIRECTION('',(1.,0.,0.));
#2395 = DIRECTION('',(0.,0.,1.));
#2396 = MANIFOLD_SOLID_BREP('',#2397);
#2397 = CLOSED_SHELL('',(#2398,#2449,#2480,#2504,#2528,#2545,#2570));
#2398 = ADVANCED_FACE('',(#2399,#2433),#2444,.F.);
#2399 = FACE_BOUND('',#2400,.F.);
#2400 = EDGE_LOOP('',(#2401,#2411,#2419,#2427));
#2401 = ORIENTED_EDGE('',*,*,#2402,.F.);
#2402 = EDGE_CURVE('',#2403,#2405,#2407,.T.);
#2403 = VERTEX_POINT('',#2404);
#2404 = CARTESIAN_POINT('',(194.,-88.,100.));
#2405 = VERTEX_POINT('',#2406);
#2406 = CARTESIAN_POINT('',(194.,-88.,153.));
#2407 = LINE('',#2408,#2409);
#2408 = CARTESIAN_POINT('',(194.,-88.,100.));
#2409 = VECTOR('',#2410,1.);
#2410 = DIRECTION('',(0.,0.,1.));
#2411 = ORIENTED_EDGE('',*,*,#2412,.T.);
#2412 = EDGE_CURVE('',#2403,#2413,#2415,.T.);
#2413 = VERTEX_POINT('',#2414);
#2414 = CARTESIAN_POINT('',(194.,-72.,100.));
#2415 = LINE('',#2416,#2417);
#2416 = CARTESIAN_POINT('',(194.,-88.,100.));
#2417 = VECTOR('',#2418,1.);
#2418 = DIRECTION('',(0.,1.,0.));
#2419 = ORIENTED_EDGE('',*,*,#2420,.T.);
#2420 = EDGE_CURVE('',#2413,#2421,#2423,.T.);
#2421 = VERTEX_POINT('',#2422);
#2422 = CARTESIAN_POINT('',(194.,-72.,153.));
#2423 = LINE('',#2424,#2425);
#2424 = CARTESIAN_POINT('',(194.,-72.,100.));
#2425 = VECTOR('',#2426,1.);
#2426 = DIRECTION('',(0.,0.,1.));
#2427 = ORIENTED_EDGE('',*,*,#2428,.F.);
#2428 = EDGE_CURVE('',#2405,#2421,#2429,.T.);
#2429 = LINE('',#2430,#2431);
#2430 = CARTESIAN_POINT('',(194.,-88.,153.));
#2431 = VECTOR('',#2432,1.);
#2432 = DIRECTION('',(0.,1.,0.));
#2433 = FACE_BOUND('',#2434,.F.);
#2434 = EDGE_LOOP('',(#2435));
#2435 = ORIENTED_EDGE('',*,*,#2436,.F.);
#2436 = EDGE_CURVE('',#2437,#2437,#2439,.T.);
#2437 = VERTEX_POINT('',#2438);
#2438 = CARTESIAN_POINT('',(194.,-80.,147.1));
#2439 = CIRCLE('',#2440,2.1);
#2440 = AXIS2_PLACEMENT_3D('',#2441,#2442,#2443);
#2441 = CARTESIAN_POINT('',(194.,-80.,145.));
#2442 = DIRECTION('',(1.,0.,-0.));
#2443 = DIRECTION('',(0.,0.,1.));
#2444 = PLANE('',#2445);
#2445 = AXIS2_PLACEMENT_3D('',#2446,#2447,#2448);
#2446 = CARTESIAN_POINT('',(194.,-88.,100.));
#2447 = DIRECTION('',(1.,0.,0.));
#2448 = DIRECTION('',(0.,0.,1.));
#2449 = ADVANCED_FACE('',(#2450),#2475,.F.);
#2450 = FACE_BOUND('',#2451,.F.);
#2451 = EDGE_LOOP('',(#2452,#2460,#2461,#2469));
#2452 = ORIENTED_EDGE('',*,*,#2453,.F.);
#2453 = EDGE_CURVE('',#2403,#2454,#2456,.T.);
#2454 = VERTEX_POINT('',#2455);
#2455 = CARTESIAN_POINT('',(202.,-88.,100.));
#2456 = LINE('',#2457,#2458);
#2457 = CARTESIAN_POINT('',(194.,-88.,100.));
#2458 = VECTOR('',#2459,1.);
#2459 = DIRECTION('',(1.,0.,0.));
#2460 = ORIENTED_EDGE('',*,*,#2402,.T.);
#2461 = ORIENTED_EDGE('',*,*,#2462,.T.);
#2462 = EDGE_CURVE('',#2405,#2463,#2465,.T.);
#2463 = VERTEX_POINT('',#2464);
#2464 = CARTESIAN_POINT('',(202.,-88.,153.));
#2465 = LINE('',#2466,#2467);
#2466 = CARTESIAN_POINT('',(194.,-88.,153.));
#2467 = VECTOR('',#2468,1.);
#2468 = DIRECTION('',(1.,0.,0.));
#2469 = ORIENTED_EDGE('',*,*,#2470,.F.);
#2470 = EDGE_CURVE('',#2454,#2463,#2471,.T.);
#2471 = LINE('',#2472,#2473);
#2472 = CARTESIAN_POINT('',(202.,-88.,100.));
#2473 = VECTOR('',#2474,1.);
#2474 = DIRECTION('',(0.,0.,1.));
#2475 = PLANE('',#2476);
#2476 = AXIS2_PLACEMENT_3D('',#2477,#2478,#2479);
#2477 = CARTESIAN_POINT('',(194.,-88.,100.));
#2478 = DIRECTION('',(0.,1.,0.));
#2479 = DIRECTION('',(0.,0.,1.));
#2480 = ADVANCED_FACE('',(#2481),#2499,.T.);
#2481 = FACE_BOUND('',#2482,.T.);
#2482 = EDGE_LOOP('',(#2483,#2484,#2485,#2493));
#2483 = ORIENTED_EDGE('',*,*,#2428,.F.);
#2484 = ORIENTED_EDGE('',*,*,#2462,.T.);
#2485 = ORIENTED_EDGE('',*,*,#2486,.T.);
#2486 = EDGE_CURVE('',#2463,#2487,#2489,.T.);
#2487 = VERTEX_POINT('',#2488);
#2488 = CARTESIAN_POINT('',(202.,-72.,153.));
#2489 = LINE('',#2490,#2491);
#2490 = CARTESIAN_POINT('',(202.,-88.,153.));
#2491 = VECTOR('',#2492,1.);
#2492 = DIRECTION('',(0.,1.,0.));
#2493 = ORIENTED_EDGE('',*,*,#2494,.F.);
#2494 = EDGE_CURVE('',#2421,#2487,#2495,.T.);
#2495 = LINE('',#2496,#2497);
#2496 = CARTESIAN_POINT('',(194.,-72.,153.));
#2497 = VECTOR('',#2498,1.);
#2498 = DIRECTION('',(1.,0.,0.));
#2499 = PLANE('',#2500);
#2500 = AXIS2_PLACEMENT_3D('',#2501,#2502,#2503);
#2501 = CARTESIAN_POINT('',(194.,-88.,153.));
#2502 = DIRECTION('',(0.,0.,1.));
#2503 = DIRECTION('',(1.,0.,0.));
#2504 = ADVANCED_FACE('',(#2505),#2523,.F.);
#2505 = FACE_BOUND('',#2506,.F.);
#2506 = EDGE_LOOP('',(#2507,#2508,#2509,#2517));
#2507 = ORIENTED_EDGE('',*,*,#2412,.F.);
#2508 = ORIENTED_EDGE('',*,*,#2453,.T.);
#2509 = ORIENTED_EDGE('',*,*,#2510,.T.);
#2510 = EDGE_CURVE('',#2454,#2511,#2513,.T.);
#2511 = VERTEX_POINT('',#2512);
#2512 = CARTESIAN_POINT('',(202.,-72.,100.));
#2513 = LINE('',#2514,#2515);
#2514 = CARTESIAN_POINT('',(202.,-88.,100.));
#2515 = VECTOR('',#2516,1.);
#2516 = DIRECTION('',(0.,1.,0.));
#2517 = ORIENTED_EDGE('',*,*,#2518,.F.);
#2518 = EDGE_CURVE('',#2413,#2511,#2519,.T.);
#2519 = LINE('',#2520,#2521);
#2520 = CARTESIAN_POINT('',(194.,-72.,100.));
#2521 = VECTOR('',#2522,1.);
#2522 = DIRECTION('',(1.,0.,0.));
#2523 = PLANE('',#2524);
#2524 = AXIS2_PLACEMENT_3D('',#2525,#2526,#2527);
#2525 = CARTESIAN_POINT('',(194.,-88.,100.));
#2526 = DIRECTION('',(0.,0.,1.));
#2527 = DIRECTION('',(1.,0.,0.));
#2528 = ADVANCED_FACE('',(#2529),#2540,.T.);
#2529 = FACE_BOUND('',#2530,.T.);
#2530 = EDGE_LOOP('',(#2531,#2532,#2533,#2534));
#2531 = ORIENTED_EDGE('',*,*,#2518,.F.);
#2532 = ORIENTED_EDGE('',*,*,#2420,.T.);
#2533 = ORIENTED_EDGE('',*,*,#2494,.T.);
#2534 = ORIENTED_EDGE('',*,*,#2535,.F.);
#2535 = EDGE_CURVE('',#2511,#2487,#2536,.T.);
#2536 = LINE('',#2537,#2538);
#2537 = CARTESIAN_POINT('',(202.,-72.,100.));
#2538 = VECTOR('',#2539,1.);
#2539 = DIRECTION('',(0.,0.,1.));
#2540 = PLANE('',#2541);
#2541 = AXIS2_PLACEMENT_3D('',#2542,#2543,#2544);
#2542 = CARTESIAN_POINT('',(194.,-72.,100.));
#2543 = DIRECTION('',(0.,1.,0.));
#2544 = DIRECTION('',(0.,0.,1.));
#2545 = ADVANCED_FACE('',(#2546),#2565,.F.);
#2546 = FACE_BOUND('',#2547,.F.);
#2547 = EDGE_LOOP('',(#2548,#2557,#2563,#2564));
#2548 = ORIENTED_EDGE('',*,*,#2549,.F.);
#2549 = EDGE_CURVE('',#2550,#2550,#2552,.T.);
#2550 = VERTEX_POINT('',#2551);
#2551 = CARTESIAN_POINT('',(202.,-80.,147.1));
#2552 = CIRCLE('',#2553,2.1);
#2553 = AXIS2_PLACEMENT_3D('',#2554,#2555,#2556);
#2554 = CARTESIAN_POINT('',(202.,-80.,145.));
#2555 = DIRECTION('',(1.,0.,-0.));
#2556 = DIRECTION('',(0.,0.,1.));
#2557 = ORIENTED_EDGE('',*,*,#2558,.F.);
#2558 = EDGE_CURVE('',#2437,#2550,#2559,.T.);
#2559 = LINE('',#2560,#2561);
#2560 = CARTESIAN_POINT('',(193.,-80.,147.1));
#2561 = VECTOR('',#2562,1.);
#2562 = DIRECTION('',(1.,0.,0.));
#2563 = ORIENTED_EDGE('',*,*,#2436,.T.);
#2564 = ORIENTED_EDGE('',*,*,#2558,.T.);
#2565 = CYLINDRICAL_SURFACE('',#2566,2.1);
#2566 = AXIS2_PLACEMENT_3D('',#2567,#2568,#2569);
#2567 = CARTESIAN_POINT('',(193.,-80.,145.));
#2568 = DIRECTION('',(1.,0.,0.));
#2569 = DIRECTION('',(0.,0.,1.));
#2570 = ADVANCED_FACE('',(#2571,#2577),#2580,.T.);
#2571 = FACE_BOUND('',#2572,.T.);
#2572 = EDGE_LOOP('',(#2573,#2574,#2575,#2576));
#2573 = ORIENTED_EDGE('',*,*,#2470,.F.);
#2574 = ORIENTED_EDGE('',*,*,#2510,.T.);
#2575 = ORIENTED_EDGE('',*,*,#2535,.T.);
#2576 = ORIENTED_EDGE('',*,*,#2486,.F.);
#2577 = FACE_BOUND('',#2578,.T.);
#2578 = EDGE_LOOP('',(#2579));
#2579 = ORIENTED_EDGE('',*,*,#2549,.F.);
#2580 = PLANE('',#2581);
#2581 = AXIS2_PLACEMENT_3D('',#2582,#2583,#2584);
#2582 = CARTESIAN_POINT('',(202.,-88.,100.));
#2583 = DIRECTION('',(1.,0.,0.));
#2584 = DIRECTION('',(0.,0.,1.));
#2585 = MANIFOLD_SOLID_BREP('',#2586);
#2586 = CLOSED_SHELL('',(#2587,#2620,#2629));
#2587 = ADVANCED_FACE('',(#2588),#2615,.T.);
#2588 = FACE_BOUND('',#2589,.T.);
#2589 = EDGE_LOOP('',(#2590,#2599,#2607,#2614));
#2590 = ORIENTED_EDGE('',*,*,#2591,.F.);
#2591 = EDGE_CURVE('',#2592,#2592,#2594,.T.);
#2592 = VERTEX_POINT('',#2593);
#2593 = CARTESIAN_POINT('',(180.,-163.0730695653,104.88622290306));
#2594 = CIRCLE('',#2595,5.);
#2595 = AXIS2_PLACEMENT_3D('',#2596,#2597,#2598);
#2596 = CARTESIAN_POINT('',(180.,-165.,109.5));
#2597 = DIRECTION('',(0.2619237387,-0.890540711579,-0.371931708954));
#2598 = DIRECTION('',(2.631224163001E-17,0.38538608692,-0.922755419387)
  );
#2599 = ORIENTED_EDGE('',*,*,#2600,.F.);
#2600 = EDGE_CURVE('',#2601,#2592,#2603,.T.);
#2601 = VERTEX_POINT('',#2602);
#2602 = CARTESIAN_POINT('',(155.,-78.07306956539,140.38622290306));
#2603 = LINE('',#2604,#2605);
#2604 = CARTESIAN_POINT('',(155.,-78.07306956539,140.38622290306));
#2605 = VECTOR('',#2606,1.);
#2606 = DIRECTION('',(0.2619237387,-0.890540711579,-0.371931708954));
#2607 = ORIENTED_EDGE('',*,*,#2608,.T.);
#2608 = EDGE_CURVE('',#2601,#2601,#2609,.T.);
#2609 = CIRCLE('',#2610,5.);
#2610 = AXIS2_PLACEMENT_3D('',#2611,#2612,#2613);
#2611 = CARTESIAN_POINT('',(155.,-80.,145.));
#2612 = DIRECTION('',(0.2619237387,-0.890540711579,-0.371931708954));
#2613 = DIRECTION('',(2.631224163001E-17,0.38538608692,-0.922755419387)
  );
#2614 = ORIENTED_EDGE('',*,*,#2600,.T.);
#2615 = CYLINDRICAL_SURFACE('',#2616,5.);
#2616 = AXIS2_PLACEMENT_3D('',#2617,#2618,#2619);
#2617 = CARTESIAN_POINT('',(155.,-80.,145.));
#2618 = DIRECTION('',(0.2619237387,-0.890540711579,-0.371931708954));
#2619 = DIRECTION('',(1.395350660049E-17,0.38538608692,-0.922755419387)
  );
#2620 = ADVANCED_FACE('',(#2621),#2624,.T.);
#2621 = FACE_BOUND('',#2622,.T.);
#2622 = EDGE_LOOP('',(#2623));
#2623 = ORIENTED_EDGE('',*,*,#2591,.T.);
#2624 = PLANE('',#2625);
#2625 = AXIS2_PLACEMENT_3D('',#2626,#2627,#2628);
#2626 = CARTESIAN_POINT('',(180.,-165.,109.5));
#2627 = DIRECTION('',(0.2619237387,-0.890540711579,-0.371931708954));
#2628 = DIRECTION('',(1.395350660049E-17,0.38538608692,-0.922755419387)
  );
#2629 = ADVANCED_FACE('',(#2630),#2633,.F.);
#2630 = FACE_BOUND('',#2631,.T.);
#2631 = EDGE_LOOP('',(#2632));
#2632 = ORIENTED_EDGE('',*,*,#2608,.F.);
#2633 = PLANE('',#2634);
#2634 = AXIS2_PLACEMENT_3D('',#2635,#2636,#2637);
#2635 = CARTESIAN_POINT('',(155.,-80.,145.));
#2636 = DIRECTION('',(0.2619237387,-0.890540711579,-0.371931708954));
#2637 = DIRECTION('',(1.395350660049E-17,0.38538608692,-0.922755419387)
  );
#2638 = MANIFOLD_SOLID_BREP('',#2639);
#2639 = CLOSED_SHELL('',(#2640,#2673,#2682));
#2640 = ADVANCED_FACE('',(#2641),#2668,.T.);
#2641 = FACE_BOUND('',#2642,.T.);
#2642 = EDGE_LOOP('',(#2643,#2652,#2660,#2667));
#2643 = ORIENTED_EDGE('',*,*,#2644,.F.);
#2644 = EDGE_CURVE('',#2645,#2645,#2647,.T.);
#2645 = VERTEX_POINT('',#2646);
#2646 = CARTESIAN_POINT('',(180.,-163.0730695653,104.88622290306));
#2647 = CIRCLE('',#2648,5.);
#2648 = AXIS2_PLACEMENT_3D('',#2649,#2650,#2651);
#2649 = CARTESIAN_POINT('',(180.,-165.,109.5));
#2650 = DIRECTION('',(-0.2619237387,-0.890540711579,-0.371931708954));
#2651 = DIRECTION('',(-2.631224163001E-17,0.38538608692,-0.922755419387)
  );
#2652 = ORIENTED_EDGE('',*,*,#2653,.F.);
#2653 = EDGE_CURVE('',#2654,#2645,#2656,.T.);
#2654 = VERTEX_POINT('',#2655);
#2655 = CARTESIAN_POINT('',(205.,-78.07306956539,140.38622290306));
#2656 = LINE('',#2657,#2658);
#2657 = CARTESIAN_POINT('',(205.,-78.07306956539,140.38622290306));
#2658 = VECTOR('',#2659,1.);
#2659 = DIRECTION('',(-0.2619237387,-0.890540711579,-0.371931708954));
#2660 = ORIENTED_EDGE('',*,*,#2661,.T.);
#2661 = EDGE_CURVE('',#2654,#2654,#2662,.T.);
#2662 = CIRCLE('',#2663,5.);
#2663 = AXIS2_PLACEMENT_3D('',#2664,#2665,#2666);
#2664 = CARTESIAN_POINT('',(205.,-80.,145.));
#2665 = DIRECTION('',(-0.2619237387,-0.890540711579,-0.371931708954));
#2666 = DIRECTION('',(-2.631224163001E-17,0.38538608692,-0.922755419387)
  );
#2667 = ORIENTED_EDGE('',*,*,#2653,.T.);
#2668 = CYLINDRICAL_SURFACE('',#2669,5.);
#2669 = AXIS2_PLACEMENT_3D('',#2670,#2671,#2672);
#2670 = CARTESIAN_POINT('',(205.,-80.,145.));
#2671 = DIRECTION('',(-0.2619237387,-0.890540711579,-0.371931708954));
#2672 = DIRECTION('',(-1.395350660049E-17,0.38538608692,-0.922755419387)
  );
#2673 = ADVANCED_FACE('',(#2674),#2677,.T.);
#2674 = FACE_BOUND('',#2675,.T.);
#2675 = EDGE_LOOP('',(#2676));
#2676 = ORIENTED_EDGE('',*,*,#2644,.T.);
#2677 = PLANE('',#2678);
#2678 = AXIS2_PLACEMENT_3D('',#2679,#2680,#2681);
#2679 = CARTESIAN_POINT('',(180.,-165.,109.5));
#2680 = DIRECTION('',(-0.2619237387,-0.890540711579,-0.371931708954));
#2681 = DIRECTION('',(-1.395350660049E-17,0.38538608692,-0.922755419387)
  );
#2682 = ADVANCED_FACE('',(#2683),#2686,.F.);
#2683 = FACE_BOUND('',#2684,.T.);
#2684 = EDGE_LOOP('',(#2685));
#2685 = ORIENTED_EDGE('',*,*,#2661,.F.);
#2686 = PLANE('',#2687);
#2687 = AXIS2_PLACEMENT_3D('',#2688,#2689,#2690);
#2688 = CARTESIAN_POINT('',(205.,-80.,145.));
#2689 = DIRECTION('',(-0.2619237387,-0.890540711579,-0.371931708954));
#2690 = DIRECTION('',(-1.395350660049E-17,0.38538608692,-0.922755419387)
  );
#2691 = MANIFOLD_SOLID_BREP('',#2692);
#2692 = CLOSED_SHELL('',(#2693,#2733,#2775,#2799,#2834,#2851,#2863));
#2693 = ADVANCED_FACE('',(#2694),#2728,.F.);
#2694 = FACE_BOUND('',#2695,.F.);
#2695 = EDGE_LOOP('',(#2696,#2706,#2714,#2722));
#2696 = ORIENTED_EDGE('',*,*,#2697,.F.);
#2697 = EDGE_CURVE('',#2698,#2700,#2702,.T.);
#2698 = VERTEX_POINT('',#2699);
#2699 = CARTESIAN_POINT('',(168.,-173.,64.5));
#2700 = VERTEX_POINT('',#2701);
#2701 = CARTESIAN_POINT('',(168.,-173.,109.5));
#2702 = LINE('',#2703,#2704);
#2703 = CARTESIAN_POINT('',(168.,-173.,64.5));
#2704 = VECTOR('',#2705,1.);
#2705 = DIRECTION('',(0.,0.,1.));
#2706 = ORIENTED_EDGE('',*,*,#2707,.T.);
#2707 = EDGE_CURVE('',#2698,#2708,#2710,.T.);
#2708 = VERTEX_POINT('',#2709);
#2709 = CARTESIAN_POINT('',(168.,-157.,64.5));
#2710 = LINE('',#2711,#2712);
#2711 = CARTESIAN_POINT('',(168.,-173.,64.5));
#2712 = VECTOR('',#2713,1.);
#2713 = DIRECTION('',(0.,1.,0.));
#2714 = ORIENTED_EDGE('',*,*,#2715,.T.);
#2715 = EDGE_CURVE('',#2708,#2716,#2718,.T.);
#2716 = VERTEX_POINT('',#2717);
#2717 = CARTESIAN_POINT('',(168.,-157.,109.5));
#2718 = LINE('',#2719,#2720);
#2719 = CARTESIAN_POINT('',(168.,-157.,64.5));
#2720 = VECTOR('',#2721,1.);
#2721 = DIRECTION('',(0.,0.,1.));
#2722 = ORIENTED_EDGE('',*,*,#2723,.F.);
#2723 = EDGE_CURVE('',#2700,#2716,#2724,.T.);
#2724 = LINE('',#2725,#2726);
#2725 = CARTESIAN_POINT('',(168.,-173.,109.5));
#2726 = VECTOR('',#2727,1.);
#2727 = DIRECTION('',(0.,1.,0.));
#2728 = PLANE('',#2729);
#2729 = AXIS2_PLACEMENT_3D('',#2730,#2731,#2732);
#2730 = CARTESIAN_POINT('',(168.,-173.,64.5));
#2731 = DIRECTION('',(1.,0.,0.));
#2732 = DIRECTION('',(0.,0.,1.));
#2733 = ADVANCED_FACE('',(#2734,#2759),#2770,.F.);
#2734 = FACE_BOUND('',#2735,.F.);
#2735 = EDGE_LOOP('',(#2736,#2744,#2745,#2753));
#2736 = ORIENTED_EDGE('',*,*,#2737,.F.);
#2737 = EDGE_CURVE('',#2698,#2738,#2740,.T.);
#2738 = VERTEX_POINT('',#2739);
#2739 = CARTESIAN_POINT('',(192.,-173.,64.5));
#2740 = LINE('',#2741,#2742);
#2741 = CARTESIAN_POINT('',(168.,-173.,64.5));
#2742 = VECTOR('',#2743,1.);
#2743 = DIRECTION('',(1.,0.,0.));
#2744 = ORIENTED_EDGE('',*,*,#2697,.T.);
#2745 = ORIENTED_EDGE('',*,*,#2746,.T.);
#2746 = EDGE_CURVE('',#2700,#2747,#2749,.T.);
#2747 = VERTEX_POINT('',#2748);
#2748 = CARTESIAN_POINT('',(192.,-173.,109.5));
#2749 = LINE('',#2750,#2751);
#2750 = CARTESIAN_POINT('',(168.,-173.,109.5));
#2751 = VECTOR('',#2752,1.);
#2752 = DIRECTION('',(1.,0.,0.));
#2753 = ORIENTED_EDGE('',*,*,#2754,.F.);
#2754 = EDGE_CURVE('',#2738,#2747,#2755,.T.);
#2755 = LINE('',#2756,#2757);
#2756 = CARTESIAN_POINT('',(192.,-173.,64.5));
#2757 = VECTOR('',#2758,1.);
#2758 = DIRECTION('',(0.,0.,1.));
#2759 = FACE_BOUND('',#2760,.F.);
#2760 = EDGE_LOOP('',(#2761));
#2761 = ORIENTED_EDGE('',*,*,#2762,.T.);
#2762 = EDGE_CURVE('',#2763,#2763,#2765,.T.);
#2763 = VERTEX_POINT('',#2764);
#2764 = CARTESIAN_POINT('',(180.,-173.,73.5));
#2765 = CIRCLE('',#2766,11.);
#2766 = AXIS2_PLACEMENT_3D('',#2767,#2768,#2769);
#2767 = CARTESIAN_POINT('',(180.,-173.,84.5));
#2768 = DIRECTION('',(0.,-1.,0.));
#2769 = DIRECTION('',(0.,0.,-1.));
#2770 = PLANE('',#2771);
#2771 = AXIS2_PLACEMENT_3D('',#2772,#2773,#2774);
#2772 = CARTESIAN_POINT('',(168.,-173.,64.5));
#2773 = DIRECTION('',(0.,1.,0.));
#2774 = DIRECTION('',(0.,0.,1.));
#2775 = ADVANCED_FACE('',(#2776),#2794,.T.);
#2776 = FACE_BOUND('',#2777,.T.);
#2777 = EDGE_LOOP('',(#2778,#2779,#2780,#2788));
#2778 = ORIENTED_EDGE('',*,*,#2723,.F.);
#2779 = ORIENTED_EDGE('',*,*,#2746,.T.);
#2780 = ORIENTED_EDGE('',*,*,#2781,.T.);
#2781 = EDGE_CURVE('',#2747,#2782,#2784,.T.);
#2782 = VERTEX_POINT('',#2783);
#2783 = CARTESIAN_POINT('',(192.,-157.,109.5));
#2784 = LINE('',#2785,#2786);
#2785 = CARTESIAN_POINT('',(192.,-173.,109.5));
#2786 = VECTOR('',#2787,1.);
#2787 = DIRECTION('',(0.,1.,0.));
#2788 = ORIENTED_EDGE('',*,*,#2789,.F.);
#2789 = EDGE_CURVE('',#2716,#2782,#2790,.T.);
#2790 = LINE('',#2791,#2792);
#2791 = CARTESIAN_POINT('',(168.,-157.,109.5));
#2792 = VECTOR('',#2793,1.);
#2793 = DIRECTION('',(1.,0.,0.));
#2794 = PLANE('',#2795);
#2795 = AXIS2_PLACEMENT_3D('',#2796,#2797,#2798);
#2796 = CARTESIAN_POINT('',(168.,-173.,109.5));
#2797 = DIRECTION('',(0.,0.,1.));
#2798 = DIRECTION('',(1.,0.,0.));
#2799 = ADVANCED_FACE('',(#2800,#2818),#2829,.T.);
#2800 = FACE_BOUND('',#2801,.T.);
#2801 = EDGE_LOOP('',(#2802,#2810,#2811,#2812));
#2802 = ORIENTED_EDGE('',*,*,#2803,.F.);
#2803 = EDGE_CURVE('',#2708,#2804,#2806,.T.);
#2804 = VERTEX_POINT('',#2805);
#2805 = CARTESIAN_POINT('',(192.,-157.,64.5));
#2806 = LINE('',#2807,#2808);
#2807 = CARTESIAN_POINT('',(168.,-157.,64.5));
#2808 = VECTOR('',#2809,1.);
#2809 = DIRECTION('',(1.,0.,0.));
#2810 = ORIENTED_EDGE('',*,*,#2715,.T.);
#2811 = ORIENTED_EDGE('',*,*,#2789,.T.);
#2812 = ORIENTED_EDGE('',*,*,#2813,.F.);
#2813 = EDGE_CURVE('',#2804,#2782,#2814,.T.);
#2814 = LINE('',#2815,#2816);
#2815 = CARTESIAN_POINT('',(192.,-157.,64.5));
#2816 = VECTOR('',#2817,1.);
#2817 = DIRECTION('',(0.,0.,1.));
#2818 = FACE_BOUND('',#2819,.T.);
#2819 = EDGE_LOOP('',(#2820));
#2820 = ORIENTED_EDGE('',*,*,#2821,.T.);
#2821 = EDGE_CURVE('',#2822,#2822,#2824,.T.);
#2822 = VERTEX_POINT('',#2823);
#2823 = CARTESIAN_POINT('',(180.,-157.,73.5));
#2824 = CIRCLE('',#2825,11.);
#2825 = AXIS2_PLACEMENT_3D('',#2826,#2827,#2828);
#2826 = CARTESIAN_POINT('',(180.,-157.,84.5));
#2827 = DIRECTION('',(0.,-1.,0.));
#2828 = DIRECTION('',(0.,0.,-1.));
#2829 = PLANE('',#2830);
#2830 = AXIS2_PLACEMENT_3D('',#2831,#2832,#2833);
#2831 = CARTESIAN_POINT('',(168.,-157.,64.5));
#2832 = DIRECTION('',(0.,1.,0.));
#2833 = DIRECTION('',(0.,0.,1.));
#2834 = ADVANCED_FACE('',(#2835),#2846,.F.);
#2835 = FACE_BOUND('',#2836,.F.);
#2836 = EDGE_LOOP('',(#2837,#2838,#2839,#2845));
#2837 = ORIENTED_EDGE('',*,*,#2707,.F.);
#2838 = ORIENTED_EDGE('',*,*,#2737,.T.);
#2839 = ORIENTED_EDGE('',*,*,#2840,.T.);
#2840 = EDGE_CURVE('',#2738,#2804,#2841,.T.);
#2841 = LINE('',#2842,#2843);
#2842 = CARTESIAN_POINT('',(192.,-173.,64.5));
#2843 = VECTOR('',#2844,1.);
#2844 = DIRECTION('',(0.,1.,0.));
#2845 = ORIENTED_EDGE('',*,*,#2803,.F.);
#2846 = PLANE('',#2847);
#2847 = AXIS2_PLACEMENT_3D('',#2848,#2849,#2850);
#2848 = CARTESIAN_POINT('',(168.,-173.,64.5));
#2849 = DIRECTION('',(0.,0.,1.));
#2850 = DIRECTION('',(1.,0.,0.));
#2851 = ADVANCED_FACE('',(#2852),#2858,.T.);
#2852 = FACE_BOUND('',#2853,.T.);
#2853 = EDGE_LOOP('',(#2854,#2855,#2856,#2857));
#2854 = ORIENTED_EDGE('',*,*,#2754,.F.);
#2855 = ORIENTED_EDGE('',*,*,#2840,.T.);
#2856 = ORIENTED_EDGE('',*,*,#2813,.T.);
#2857 = ORIENTED_EDGE('',*,*,#2781,.F.);
#2858 = PLANE('',#2859);
#2859 = AXIS2_PLACEMENT_3D('',#2860,#2861,#2862);
#2860 = CARTESIAN_POINT('',(192.,-173.,64.5));
#2861 = DIRECTION('',(1.,0.,0.));
#2862 = DIRECTION('',(0.,0.,1.));
#2863 = ADVANCED_FACE('',(#2864),#2875,.F.);
#2864 = FACE_BOUND('',#2865,.F.);
#2865 = EDGE_LOOP('',(#2866,#2867,#2873,#2874));
#2866 = ORIENTED_EDGE('',*,*,#2762,.F.);
#2867 = ORIENTED_EDGE('',*,*,#2868,.F.);
#2868 = EDGE_CURVE('',#2822,#2763,#2869,.T.);
#2869 = LINE('',#2870,#2871);
#2870 = CARTESIAN_POINT('',(180.,-150.,73.5));
#2871 = VECTOR('',#2872,1.);
#2872 = DIRECTION('',(0.,-1.,0.));
#2873 = ORIENTED_EDGE('',*,*,#2821,.T.);
#2874 = ORIENTED_EDGE('',*,*,#2868,.T.);
#2875 = CYLINDRICAL_SURFACE('',#2876,11.);
#2876 = AXIS2_PLACEMENT_3D('',#2877,#2878,#2879);
#2877 = CARTESIAN_POINT('',(180.,-150.,84.5));
#2878 = DIRECTION('',(0.,-1.,0.));
#2879 = DIRECTION('',(0.,0.,-1.));
#2880 = MANIFOLD_SOLID_BREP('',#2881);
#2881 = CLOSED_SHELL('',(#2882,#2903,#2928));
#2882 = ADVANCED_FACE('',(#2883,#2887),#2898,.T.);
#2883 = FACE_BOUND('',#2884,.T.);
#2884 = VERTEX_LOOP('',#2885);
#2885 = VERTEX_POINT('',#2886);
#2886 = CARTESIAN_POINT('',(180.,-165.,71.5));
#2887 = FACE_BOUND('',#2888,.T.);
#2888 = EDGE_LOOP('',(#2889));
#2889 = ORIENTED_EDGE('',*,*,#2890,.T.);
#2890 = EDGE_CURVE('',#2891,#2891,#2893,.T.);
#2891 = VERTEX_POINT('',#2892);
#2892 = CARTESIAN_POINT('',(180.,-158.6754446796,61.5));
#2893 = CIRCLE('',#2894,3.);
#2894 = AXIS2_PLACEMENT_3D('',#2895,#2896,#2897);
#2895 = CARTESIAN_POINT('',(180.,-158.6754446796,64.5));
#2896 = DIRECTION('',(0.,-1.,0.));
#2897 = DIRECTION('',(0.,0.,-1.));
#2898 = SPHERICAL_SURFACE('',#2899,7.);
#2899 = AXIS2_PLACEMENT_3D('',#2900,#2901,#2902);
#2900 = CARTESIAN_POINT('',(180.,-165.,64.5));
#2901 = DIRECTION('',(0.,0.,1.));
#2902 = DIRECTION('',(1.,0.,0.));
#2903 = ADVANCED_FACE('',(#2904),#2923,.T.);
#2904 = FACE_BOUND('',#2905,.T.);
#2905 = EDGE_LOOP('',(#2906,#2907,#2915,#2922));
#2906 = ORIENTED_EDGE('',*,*,#2890,.F.);
#2907 = ORIENTED_EDGE('',*,*,#2908,.F.);
#2908 = EDGE_CURVE('',#2909,#2891,#2911,.T.);
#2909 = VERTEX_POINT('',#2910);
#2910 = CARTESIAN_POINT('',(180.,-137.,61.5));
#2911 = LINE('',#2912,#2913);
#2912 = CARTESIAN_POINT('',(180.,-137.,61.5));
#2913 = VECTOR('',#2914,1.);
#2914 = DIRECTION('',(0.,-1.,0.));
#2915 = ORIENTED_EDGE('',*,*,#2916,.T.);
#2916 = EDGE_CURVE('',#2909,#2909,#2917,.T.);
#2917 = CIRCLE('',#2918,3.);
#2918 = AXIS2_PLACEMENT_3D('',#2919,#2920,#2921);
#2919 = CARTESIAN_POINT('',(180.,-137.,64.5));
#2920 = DIRECTION('',(0.,-1.,0.));
#2921 = DIRECTION('',(0.,0.,-1.));
#2922 = ORIENTED_EDGE('',*,*,#2908,.T.);
#2923 = CYLINDRICAL_SURFACE('',#2924,3.);
#2924 = AXIS2_PLACEMENT_3D('',#2925,#2926,#2927);
#2925 = CARTESIAN_POINT('',(180.,-137.,64.5));
#2926 = DIRECTION('',(0.,-1.,0.));
#2927 = DIRECTION('',(0.,0.,-1.));
#2928 = ADVANCED_FACE('',(#2929),#2932,.F.);
#2929 = FACE_BOUND('',#2930,.T.);
#2930 = EDGE_LOOP('',(#2931));
#2931 = ORIENTED_EDGE('',*,*,#2916,.F.);
#2932 = PLANE('',#2933);
#2933 = AXIS2_PLACEMENT_3D('',#2934,#2935,#2936);
#2934 = CARTESIAN_POINT('',(180.,-137.,64.5));
#2935 = DIRECTION('',(0.,-1.,0.));
#2936 = DIRECTION('',(0.,0.,-1.));
#2937 = MANIFOLD_SOLID_BREP('',#2938);
#2938 = CLOSED_SHELL('',(#2939,#2960,#2985));
#2939 = ADVANCED_FACE('',(#2940,#2944),#2955,.T.);
#2940 = FACE_BOUND('',#2941,.T.);
#2941 = VERTEX_LOOP('',#2942);
#2942 = VERTEX_POINT('',#2943);
#2943 = CARTESIAN_POINT('',(180.,-165.,116.5));
#2944 = FACE_BOUND('',#2945,.T.);
#2945 = EDGE_LOOP('',(#2946));
#2946 = ORIENTED_EDGE('',*,*,#2947,.T.);
#2947 = EDGE_CURVE('',#2948,#2948,#2950,.T.);
#2948 = VERTEX_POINT('',#2949);
#2949 = CARTESIAN_POINT('',(180.,-158.6754446796,106.5));
#2950 = CIRCLE('',#2951,3.);
#2951 = AXIS2_PLACEMENT_3D('',#2952,#2953,#2954);
#2952 = CARTESIAN_POINT('',(180.,-158.6754446796,109.5));
#2953 = DIRECTION('',(0.,-1.,0.));
#2954 = DIRECTION('',(0.,0.,-1.));
#2955 = SPHERICAL_SURFACE('',#2956,7.);
#2956 = AXIS2_PLACEMENT_3D('',#2957,#2958,#2959);
#2957 = CARTESIAN_POINT('',(180.,-165.,109.5));
#2958 = DIRECTION('',(0.,0.,1.));
#2959 = DIRECTION('',(1.,0.,0.));
#2960 = ADVANCED_FACE('',(#2961),#2980,.T.);
#2961 = FACE_BOUND('',#2962,.T.);
#2962 = EDGE_LOOP('',(#2963,#2964,#2972,#2979));
#2963 = ORIENTED_EDGE('',*,*,#2947,.F.);
#2964 = ORIENTED_EDGE('',*,*,#2965,.F.);
#2965 = EDGE_CURVE('',#2966,#2948,#2968,.T.);
#2966 = VERTEX_POINT('',#2967);
#2967 = CARTESIAN_POINT('',(180.,-137.,106.5));
#2968 = LINE('',#2969,#2970);
#2969 = CARTESIAN_POINT('',(180.,-137.,106.5));
#2970 = VECTOR('',#2971,1.);
#2971 = DIRECTION('',(0.,-1.,0.));
#2972 = ORIENTED_EDGE('',*,*,#2973,.T.);
#2973 = EDGE_CURVE('',#2966,#2966,#2974,.T.);
#2974 = CIRCLE('',#2975,3.);
#2975 = AXIS2_PLACEMENT_3D('',#2976,#2977,#2978);
#2976 = CARTESIAN_POINT('',(180.,-137.,109.5));
#2977 = DIRECTION('',(0.,-1.,0.));
#2978 = DIRECTION('',(0.,0.,-1.));
#2979 = ORIENTED_EDGE('',*,*,#2965,.T.);
#2980 = CYLINDRICAL_SURFACE('',#2981,3.);
#2981 = AXIS2_PLACEMENT_3D('',#2982,#2983,#2984);
#2982 = CARTESIAN_POINT('',(180.,-137.,109.5));
#2983 = DIRECTION('',(0.,-1.,0.));
#2984 = DIRECTION('',(0.,0.,-1.));
#2985 = ADVANCED_FACE('',(#2986),#2989,.F.);
#2986 = FACE_BOUND('',#2987,.T.);
#2987 = EDGE_LOOP('',(#2988));
#2988 = ORIENTED_EDGE('',*,*,#2973,.F.);
#2989 = PLANE('',#2990);
#2990 = AXIS2_PLACEMENT_3D('',#2991,#2992,#2993);
#2991 = CARTESIAN_POINT('',(180.,-137.,109.5));
#2992 = DIRECTION('',(0.,-1.,0.));
#2993 = DIRECTION('',(0.,0.,-1.));
#2994 = MANIFOLD_SOLID_BREP('',#2995);
#2995 = CLOSED_SHELL('',(#2996,#3029,#3038));
#2996 = ADVANCED_FACE('',(#2997),#3024,.T.);
#2997 = FACE_BOUND('',#2998,.T.);
#2998 = EDGE_LOOP('',(#2999,#3008,#3016,#3023));
#2999 = ORIENTED_EDGE('',*,*,#3000,.F.);
#3000 = EDGE_CURVE('',#3001,#3001,#3003,.T.);
#3001 = VERTEX_POINT('',#3002);
#3002 = CARTESIAN_POINT('',(137.,-102.624634531,192.87413308293));
#3003 = CIRCLE('',#3004,2.5);
#3004 = AXIS2_PLACEMENT_3D('',#3005,#3006,#3007);
#3005 = CARTESIAN_POINT('',(137.,-105.,193.6536450385));
#3006 = DIRECTION('',(-0.217391304348,0.304347826087,0.927423000335));
#3007 = DIRECTION('',(-1.350813400693E-17,0.950146187583,-0.311804782231
    ));
#3008 = ORIENTED_EDGE('',*,*,#3009,.F.);
#3009 = EDGE_CURVE('',#3010,#3001,#3012,.T.);
#3010 = VERTEX_POINT('',#3011);
#3011 = CARTESIAN_POINT('',(162.,-137.624634531,86.220488044422));
#3012 = LINE('',#3013,#3014);
#3013 = CARTESIAN_POINT('',(162.,-137.624634531,86.220488044422));
#3014 = VECTOR('',#3015,1.);
#3015 = DIRECTION('',(-0.217391304348,0.304347826087,0.927423000335));
#3016 = ORIENTED_EDGE('',*,*,#3017,.T.);
#3017 = EDGE_CURVE('',#3010,#3010,#3018,.T.);
#3018 = CIRCLE('',#3019,2.5);
#3019 = AXIS2_PLACEMENT_3D('',#3020,#3021,#3022);
#3020 = CARTESIAN_POINT('',(162.,-140.,87.));
#3021 = DIRECTION('',(-0.217391304348,0.304347826087,0.927423000335));
#3022 = DIRECTION('',(-1.350813400693E-17,0.950146187583,-0.311804782231
    ));
#3023 = ORIENTED_EDGE('',*,*,#3009,.T.);
#3024 = CYLINDRICAL_SURFACE('',#3025,2.5);
#3025 = AXIS2_PLACEMENT_3D('',#3026,#3027,#3028);
#3026 = CARTESIAN_POINT('',(162.,-140.,87.));
#3027 = DIRECTION('',(-0.217391304348,0.304347826087,0.927423000335));
#3028 = DIRECTION('',(-1.350813400693E-17,0.950146187583,-0.311804782231
    ));
#3029 = ADVANCED_FACE('',(#3030),#3033,.T.);
#3030 = FACE_BOUND('',#3031,.T.);
#3031 = EDGE_LOOP('',(#3032));
#3032 = ORIENTED_EDGE('',*,*,#3000,.T.);
#3033 = PLANE('',#3034);
#3034 = AXIS2_PLACEMENT_3D('',#3035,#3036,#3037);
#3035 = CARTESIAN_POINT('',(137.,-105.,193.6536450385));
#3036 = DIRECTION('',(-0.217391304348,0.304347826087,0.927423000335));
#3037 = DIRECTION('',(-1.350813400693E-17,0.950146187583,-0.311804782231
    ));
#3038 = ADVANCED_FACE('',(#3039),#3042,.F.);
#3039 = FACE_BOUND('',#3040,.T.);
#3040 = EDGE_LOOP('',(#3041));
#3041 = ORIENTED_EDGE('',*,*,#3017,.F.);
#3042 = PLANE('',#3043);
#3043 = AXIS2_PLACEMENT_3D('',#3044,#3045,#3046);
#3044 = CARTESIAN_POINT('',(162.,-140.,87.));
#3045 = DIRECTION('',(-0.217391304348,0.304347826087,0.927423000335));
#3046 = DIRECTION('',(-1.350813400693E-17,0.950146187583,-0.311804782231
    ));
#3047 = MANIFOLD_SOLID_BREP('',#3048);
#3048 = CLOSED_SHELL('',(#3049,#3082,#3091));
#3049 = ADVANCED_FACE('',(#3050),#3077,.T.);
#3050 = FACE_BOUND('',#3051,.T.);
#3051 = EDGE_LOOP('',(#3052,#3061,#3069,#3076));
#3052 = ORIENTED_EDGE('',*,*,#3053,.F.);
#3053 = EDGE_CURVE('',#3054,#3054,#3056,.T.);
#3054 = VERTEX_POINT('',#3055);
#3055 = CARTESIAN_POINT('',(137.,-96.44868431175,190.84740199842));
#3056 = CIRCLE('',#3057,9.);
#3057 = AXIS2_PLACEMENT_3D('',#3058,#3059,#3060);
#3058 = CARTESIAN_POINT('',(137.,-105.,193.6536450385));
#3059 = DIRECTION('',(-0.217391304348,0.304347826087,0.927423000335));
#3060 = DIRECTION('',(-1.350813400693E-17,0.950146187583,-0.311804782231
    ));
#3061 = ORIENTED_EDGE('',*,*,#3062,.F.);
#3062 = EDGE_CURVE('',#3063,#3054,#3065,.T.);
#3063 = VERTEX_POINT('',#3064);
#3064 = CARTESIAN_POINT('',(154.5,-120.9486843117,116.18985047147));
#3065 = LINE('',#3066,#3067);
#3066 = CARTESIAN_POINT('',(154.5,-120.9486843117,116.18985047147));
#3067 = VECTOR('',#3068,1.);
#3068 = DIRECTION('',(-0.217391304348,0.304347826087,0.927423000335));
#3069 = ORIENTED_EDGE('',*,*,#3070,.T.);
#3070 = EDGE_CURVE('',#3063,#3063,#3071,.T.);
#3071 = CIRCLE('',#3072,9.);
#3072 = AXIS2_PLACEMENT_3D('',#3073,#3074,#3075);
#3073 = CARTESIAN_POINT('',(154.5,-129.5,118.99609351155));
#3074 = DIRECTION('',(-0.217391304348,0.304347826087,0.927423000335));
#3075 = DIRECTION('',(-1.350813400693E-17,0.950146187583,-0.311804782231
    ));
#3076 = ORIENTED_EDGE('',*,*,#3062,.T.);
#3077 = CYLINDRICAL_SURFACE('',#3078,9.);
#3078 = AXIS2_PLACEMENT_3D('',#3079,#3080,#3081);
#3079 = CARTESIAN_POINT('',(154.5,-129.5,118.99609351155));
#3080 = DIRECTION('',(-0.217391304348,0.304347826087,0.927423000335));
#3081 = DIRECTION('',(-1.350813400693E-17,0.950146187583,-0.311804782231
    ));
#3082 = ADVANCED_FACE('',(#3083),#3086,.T.);
#3083 = FACE_BOUND('',#3084,.T.);
#3084 = EDGE_LOOP('',(#3085));
#3085 = ORIENTED_EDGE('',*,*,#3053,.T.);
#3086 = PLANE('',#3087);
#3087 = AXIS2_PLACEMENT_3D('',#3088,#3089,#3090);
#3088 = CARTESIAN_POINT('',(137.,-105.,193.6536450385));
#3089 = DIRECTION('',(-0.217391304348,0.304347826087,0.927423000335));
#3090 = DIRECTION('',(-1.350813400693E-17,0.950146187583,-0.311804782231
    ));
#3091 = ADVANCED_FACE('',(#3092),#3095,.F.);
#3092 = FACE_BOUND('',#3093,.T.);
#3093 = EDGE_LOOP('',(#3094));
#3094 = ORIENTED_EDGE('',*,*,#3070,.F.);
#3095 = PLANE('',#3096);
#3096 = AXIS2_PLACEMENT_3D('',#3097,#3098,#3099);
#3097 = CARTESIAN_POINT('',(154.5,-129.5,118.99609351155));
#3098 = DIRECTION('',(-0.217391304348,0.304347826087,0.927423000335));
#3099 = DIRECTION('',(-1.350813400693E-17,0.950146187583,-0.311804782231
    ));
#3100 = MANIFOLD_SOLID_BREP('',#3101);
#3101 = CLOSED_SHELL('',(#3102,#3142,#3182,#3204,#3226,#3238));
#3102 = ADVANCED_FACE('',(#3103),#3137,.F.);
#3103 = FACE_BOUND('',#3104,.F.);
#3104 = EDGE_LOOP('',(#3105,#3115,#3123,#3131));
#3105 = ORIENTED_EDGE('',*,*,#3106,.F.);
#3106 = EDGE_CURVE('',#3107,#3109,#3111,.T.);
#3107 = VERTEX_POINT('',#3108);
#3108 = CARTESIAN_POINT('',(130.,-111.,100.));
#3109 = VERTEX_POINT('',#3110);
#3110 = CARTESIAN_POINT('',(130.,-111.,200.6536450385));
#3111 = LINE('',#3112,#3113);
#3112 = CARTESIAN_POINT('',(130.,-111.,100.));
#3113 = VECTOR('',#3114,1.);
#3114 = DIRECTION('',(0.,0.,1.));
#3115 = ORIENTED_EDGE('',*,*,#3116,.T.);
#3116 = EDGE_CURVE('',#3107,#3117,#3119,.T.);
#3117 = VERTEX_POINT('',#3118);
#3118 = CARTESIAN_POINT('',(130.,-99.,100.));
#3119 = LINE('',#3120,#3121);
#3120 = CARTESIAN_POINT('',(130.,-111.,100.));
#3121 = VECTOR('',#3122,1.);
#3122 = DIRECTION('',(0.,1.,0.));
#3123 = ORIENTED_EDGE('',*,*,#3124,.T.);
#3124 = EDGE_CURVE('',#3117,#3125,#3127,.T.);
#3125 = VERTEX_POINT('',#3126);
#3126 = CARTESIAN_POINT('',(130.,-99.,200.6536450385));
#3127 = LINE('',#3128,#3129);
#3128 = CARTESIAN_POINT('',(130.,-99.,100.));
#3129 = VECTOR('',#3130,1.);
#3130 = DIRECTION('',(0.,0.,1.));
#3131 = ORIENTED_EDGE('',*,*,#3132,.F.);
#3132 = EDGE_CURVE('',#3109,#3125,#3133,.T.);
#3133 = LINE('',#3134,#3135);
#3134 = CARTESIAN_POINT('',(130.,-111.,200.6536450385));
#3135 = VECTOR('',#3136,1.);
#3136 = DIRECTION('',(0.,1.,0.));
#3137 = PLANE('',#3138);
#3138 = AXIS2_PLACEMENT_3D('',#3139,#3140,#3141);
#3139 = CARTESIAN_POINT('',(130.,-111.,100.));
#3140 = DIRECTION('',(1.,0.,0.));
#3141 = DIRECTION('',(0.,0.,1.));
#3142 = ADVANCED_FACE('',(#3143),#3177,.T.);
#3143 = FACE_BOUND('',#3144,.T.);
#3144 = EDGE_LOOP('',(#3145,#3155,#3163,#3171));
#3145 = ORIENTED_EDGE('',*,*,#3146,.F.);
#3146 = EDGE_CURVE('',#3147,#3149,#3151,.T.);
#3147 = VERTEX_POINT('',#3148);
#3148 = CARTESIAN_POINT('',(144.,-111.,100.));
#3149 = VERTEX_POINT('',#3150);
#3150 = CARTESIAN_POINT('',(144.,-111.,200.6536450385));
#3151 = LINE('',#3152,#3153);
#3152 = CARTESIAN_POINT('',(144.,-111.,100.));
#3153 = VECTOR('',#3154,1.);
#3154 = DIRECTION('',(0.,0.,1.));
#3155 = ORIENTED_EDGE('',*,*,#3156,.T.);
#3156 = EDGE_CURVE('',#3147,#3157,#3159,.T.);
#3157 = VERTEX_POINT('',#3158);
#3158 = CARTESIAN_POINT('',(144.,-99.,100.));
#3159 = LINE('',#3160,#3161);
#3160 = CARTESIAN_POINT('',(144.,-111.,100.));
#3161 = VECTOR('',#3162,1.);
#3162 = DIRECTION('',(0.,1.,0.));
#3163 = ORIENTED_EDGE('',*,*,#3164,.T.);
#3164 = EDGE_CURVE('',#3157,#3165,#3167,.T.);
#3165 = VERTEX_POINT('',#3166);
#3166 = CARTESIAN_POINT('',(144.,-99.,200.6536450385));
#3167 = LINE('',#3168,#3169);
#3168 = CARTESIAN_POINT('',(144.,-99.,100.));
#3169 = VECTOR('',#3170,1.);
#3170 = DIRECTION('',(0.,0.,1.));
#3171 = ORIENTED_EDGE('',*,*,#3172,.F.);
#3172 = EDGE_CURVE('',#3149,#3165,#3173,.T.);
#3173 = LINE('',#3174,#3175);
#3174 = CARTESIAN_POINT('',(144.,-111.,200.6536450385));
#3175 = VECTOR('',#3176,1.);
#3176 = DIRECTION('',(0.,1.,0.));
#3177 = PLANE('',#3178);
#3178 = AXIS2_PLACEMENT_3D('',#3179,#3180,#3181);
#3179 = CARTESIAN_POINT('',(144.,-111.,100.));
#3180 = DIRECTION('',(1.,0.,0.));
#3181 = DIRECTION('',(0.,0.,1.));
#3182 = ADVANCED_FACE('',(#3183),#3199,.F.);
#3183 = FACE_BOUND('',#3184,.F.);
#3184 = EDGE_LOOP('',(#3185,#3191,#3192,#3198));
#3185 = ORIENTED_EDGE('',*,*,#3186,.F.);
#3186 = EDGE_CURVE('',#3107,#3147,#3187,.T.);
#3187 = LINE('',#3188,#3189);
#3188 = CARTESIAN_POINT('',(130.,-111.,100.));
#3189 = VECTOR('',#3190,1.);
#3190 = DIRECTION('',(1.,0.,0.));
#3191 = ORIENTED_EDGE('',*,*,#3106,.T.);
#3192 = ORIENTED_EDGE('',*,*,#3193,.T.);
#3193 = EDGE_CURVE('',#3109,#3149,#3194,.T.);
#3194 = LINE('',#3195,#3196);
#3195 = CARTESIAN_POINT('',(130.,-111.,200.6536450385));
#3196 = VECTOR('',#3197,1.);
#3197 = DIRECTION('',(1.,0.,0.));
#3198 = ORIENTED_EDGE('',*,*,#3146,.F.);
#3199 = PLANE('',#3200);
#3200 = AXIS2_PLACEMENT_3D('',#3201,#3202,#3203);
#3201 = CARTESIAN_POINT('',(130.,-111.,100.));
#3202 = DIRECTION('',(0.,1.,0.));
#3203 = DIRECTION('',(0.,0.,1.));
#3204 = ADVANCED_FACE('',(#3205),#3221,.T.);
#3205 = FACE_BOUND('',#3206,.T.);
#3206 = EDGE_LOOP('',(#3207,#3213,#3214,#3220));
#3207 = ORIENTED_EDGE('',*,*,#3208,.F.);
#3208 = EDGE_CURVE('',#3117,#3157,#3209,.T.);
#3209 = LINE('',#3210,#3211);
#3210 = CARTESIAN_POINT('',(130.,-99.,100.));
#3211 = VECTOR('',#3212,1.);
#3212 = DIRECTION('',(1.,0.,0.));
#3213 = ORIENTED_EDGE('',*,*,#3124,.T.);
#3214 = ORIENTED_EDGE('',*,*,#3215,.T.);
#3215 = EDGE_CURVE('',#3125,#3165,#3216,.T.);
#3216 = LINE('',#3217,#3218);
#3217 = CARTESIAN_POINT('',(130.,-99.,200.6536450385));
#3218 = VECTOR('',#3219,1.);
#3219 = DIRECTION('',(1.,0.,0.));
#3220 = ORIENTED_EDGE('',*,*,#3164,.F.);
#3221 = PLANE('',#3222);
#3222 = AXIS2_PLACEMENT_3D('',#3223,#3224,#3225);
#3223 = CARTESIAN_POINT('',(130.,-99.,100.));
#3224 = DIRECTION('',(0.,1.,0.));
#3225 = DIRECTION('',(0.,0.,1.));
#3226 = ADVANCED_FACE('',(#3227),#3233,.F.);
#3227 = FACE_BOUND('',#3228,.F.);
#3228 = EDGE_LOOP('',(#3229,#3230,#3231,#3232));
#3229 = ORIENTED_EDGE('',*,*,#3116,.F.);
#3230 = ORIENTED_EDGE('',*,*,#3186,.T.);
#3231 = ORIENTED_EDGE('',*,*,#3156,.T.);
#3232 = ORIENTED_EDGE('',*,*,#3208,.F.);
#3233 = PLANE('',#3234);
#3234 = AXIS2_PLACEMENT_3D('',#3235,#3236,#3237);
#3235 = CARTESIAN_POINT('',(130.,-111.,100.));
#3236 = DIRECTION('',(0.,0.,1.));
#3237 = DIRECTION('',(1.,0.,0.));
#3238 = ADVANCED_FACE('',(#3239),#3245,.T.);
#3239 = FACE_BOUND('',#3240,.T.);
#3240 = EDGE_LOOP('',(#3241,#3242,#3243,#3244));
#3241 = ORIENTED_EDGE('',*,*,#3132,.F.);
#3242 = ORIENTED_EDGE('',*,*,#3193,.T.);
#3243 = ORIENTED_EDGE('',*,*,#3172,.T.);
#3244 = ORIENTED_EDGE('',*,*,#3215,.F.);
#3245 = PLANE('',#3246);
#3246 = AXIS2_PLACEMENT_3D('',#3247,#3248,#3249);
#3247 = CARTESIAN_POINT('',(130.,-111.,200.6536450385));
#3248 = DIRECTION('',(0.,0.,1.));
#3249 = DIRECTION('',(1.,0.,0.));
#3250 = MANIFOLD_SOLID_BREP('',#3251);
#3251 = CLOSED_SHELL('',(#3252,#3292,#3332,#3354,#3376,#3388));
#3252 = ADVANCED_FACE('',(#3253),#3287,.F.);
#3253 = FACE_BOUND('',#3254,.F.);
#3254 = EDGE_LOOP('',(#3255,#3265,#3273,#3281));
#3255 = ORIENTED_EDGE('',*,*,#3256,.F.);
#3256 = EDGE_CURVE('',#3257,#3259,#3261,.T.);
#3257 = VERTEX_POINT('',#3258);
#3258 = CARTESIAN_POINT('',(133.,-65.,112.));
#3259 = VERTEX_POINT('',#3260);
#3260 = CARTESIAN_POINT('',(133.,-65.,156.));
#3261 = LINE('',#3262,#3263);
#3262 = CARTESIAN_POINT('',(133.,-65.,112.));
#3263 = VECTOR('',#3264,1.);
#3264 = DIRECTION('',(0.,0.,1.));
#3265 = ORIENTED_EDGE('',*,*,#3266,.T.);
#3266 = EDGE_CURVE('',#3257,#3267,#3269,.T.);
#3267 = VERTEX_POINT('',#3268);
#3268 = CARTESIAN_POINT('',(133.,65.,112.));
#3269 = LINE('',#3270,#3271);
#3270 = CARTESIAN_POINT('',(133.,-65.,112.));
#3271 = VECTOR('',#3272,1.);
#3272 = DIRECTION('',(0.,1.,0.));
#3273 = ORIENTED_EDGE('',*,*,#3274,.T.);
#3274 = EDGE_CURVE('',#3267,#3275,#3277,.T.);
#3275 = VERTEX_POINT('',#3276);
#3276 = CARTESIAN_POINT('',(133.,65.,156.));
#3277 = LINE('',#3278,#3279);
#3278 = CARTESIAN_POINT('',(133.,65.,112.));
#3279 = VECTOR('',#3280,1.);
#3280 = DIRECTION('',(0.,0.,1.));
#3281 = ORIENTED_EDGE('',*,*,#3282,.F.);
#3282 = EDGE_CURVE('',#3259,#3275,#3283,.T.);
#3283 = LINE('',#3284,#3285);
#3284 = CARTESIAN_POINT('',(133.,-65.,156.));
#3285 = VECTOR('',#3286,1.);
#3286 = DIRECTION('',(0.,1.,0.));
#3287 = PLANE('',#3288);
#3288 = AXIS2_PLACEMENT_3D('',#3289,#3290,#3291);
#3289 = CARTESIAN_POINT('',(133.,-65.,112.));
#3290 = DIRECTION('',(1.,0.,0.));
#3291 = DIRECTION('',(0.,0.,1.));
#3292 = ADVANCED_FACE('',(#3293),#3327,.T.);
#3293 = FACE_BOUND('',#3294,.T.);
#3294 = EDGE_LOOP('',(#3295,#3305,#3313,#3321));
#3295 = ORIENTED_EDGE('',*,*,#3296,.F.);
#3296 = EDGE_CURVE('',#3297,#3299,#3301,.T.);
#3297 = VERTEX_POINT('',#3298);
#3298 = CARTESIAN_POINT('',(177.,-65.,112.));
#3299 = VERTEX_POINT('',#3300);
#3300 = CARTESIAN_POINT('',(177.,-65.,156.));
#3301 = LINE('',#3302,#3303);
#3302 = CARTESIAN_POINT('',(177.,-65.,112.));
#3303 = VECTOR('',#3304,1.);
#3304 = DIRECTION('',(0.,0.,1.));
#3305 = ORIENTED_EDGE('',*,*,#3306,.T.);
#3306 = EDGE_CURVE('',#3297,#3307,#3309,.T.);
#3307 = VERTEX_POINT('',#3308);
#3308 = CARTESIAN_POINT('',(177.,65.,112.));
#3309 = LINE('',#3310,#3311);
#3310 = CARTESIAN_POINT('',(177.,-65.,112.));
#3311 = VECTOR('',#3312,1.);
#3312 = DIRECTION('',(0.,1.,0.));
#3313 = ORIENTED_EDGE('',*,*,#3314,.T.);
#3314 = EDGE_CURVE('',#3307,#3315,#3317,.T.);
#3315 = VERTEX_POINT('',#3316);
#3316 = CARTESIAN_POINT('',(177.,65.,156.));
#3317 = LINE('',#3318,#3319);
#3318 = CARTESIAN_POINT('',(177.,65.,112.));
#3319 = VECTOR('',#3320,1.);
#3320 = DIRECTION('',(0.,0.,1.));
#3321 = ORIENTED_EDGE('',*,*,#3322,.F.);
#3322 = EDGE_CURVE('',#3299,#3315,#3323,.T.);
#3323 = LINE('',#3324,#3325);
#3324 = CARTESIAN_POINT('',(177.,-65.,156.));
#3325 = VECTOR('',#3326,1.);
#3326 = DIRECTION('',(0.,1.,0.));
#3327 = PLANE('',#3328);
#3328 = AXIS2_PLACEMENT_3D('',#3329,#3330,#3331);
#3329 = CARTESIAN_POINT('',(177.,-65.,112.));
#3330 = DIRECTION('',(1.,0.,0.));
#3331 = DIRECTION('',(0.,0.,1.));
#3332 = ADVANCED_FACE('',(#3333),#3349,.F.);
#3333 = FACE_BOUND('',#3334,.F.);
#3334 = EDGE_LOOP('',(#3335,#3341,#3342,#3348));
#3335 = ORIENTED_EDGE('',*,*,#3336,.F.);
#3336 = EDGE_CURVE('',#3257,#3297,#3337,.T.);
#3337 = LINE('',#3338,#3339);
#3338 = CARTESIAN_POINT('',(133.,-65.,112.));
#3339 = VECTOR('',#3340,1.);
#3340 = DIRECTION('',(1.,0.,0.));
#3341 = ORIENTED_EDGE('',*,*,#3256,.T.);
#3342 = ORIENTED_EDGE('',*,*,#3343,.T.);
#3343 = EDGE_CURVE('',#3259,#3299,#3344,.T.);
#3344 = LINE('',#3345,#3346);
#3345 = CARTESIAN_POINT('',(133.,-65.,156.));
#3346 = VECTOR('',#3347,1.);
#3347 = DIRECTION('',(1.,0.,0.));
#3348 = ORIENTED_EDGE('',*,*,#3296,.F.);
#3349 = PLANE('',#3350);
#3350 = AXIS2_PLACEMENT_3D('',#3351,#3352,#3353);
#3351 = CARTESIAN_POINT('',(133.,-65.,112.));
#3352 = DIRECTION('',(0.,1.,0.));
#3353 = DIRECTION('',(0.,0.,1.));
#3354 = ADVANCED_FACE('',(#3355),#3371,.T.);
#3355 = FACE_BOUND('',#3356,.T.);
#3356 = EDGE_LOOP('',(#3357,#3363,#3364,#3370));
#3357 = ORIENTED_EDGE('',*,*,#3358,.F.);
#3358 = EDGE_CURVE('',#3267,#3307,#3359,.T.);
#3359 = LINE('',#3360,#3361);
#3360 = CARTESIAN_POINT('',(133.,65.,112.));
#3361 = VECTOR('',#3362,1.);
#3362 = DIRECTION('',(1.,0.,0.));
#3363 = ORIENTED_EDGE('',*,*,#3274,.T.);
#3364 = ORIENTED_EDGE('',*,*,#3365,.T.);
#3365 = EDGE_CURVE('',#3275,#3315,#3366,.T.);
#3366 = LINE('',#3367,#3368);
#3367 = CARTESIAN_POINT('',(133.,65.,156.));
#3368 = VECTOR('',#3369,1.);
#3369 = DIRECTION('',(1.,0.,0.));
#3370 = ORIENTED_EDGE('',*,*,#3314,.F.);
#3371 = PLANE('',#3372);
#3372 = AXIS2_PLACEMENT_3D('',#3373,#3374,#3375);
#3373 = CARTESIAN_POINT('',(133.,65.,112.));
#3374 = DIRECTION('',(0.,1.,0.));
#3375 = DIRECTION('',(0.,0.,1.));
#3376 = ADVANCED_FACE('',(#3377),#3383,.F.);
#3377 = FACE_BOUND('',#3378,.F.);
#3378 = EDGE_LOOP('',(#3379,#3380,#3381,#3382));
#3379 = ORIENTED_EDGE('',*,*,#3266,.F.);
#3380 = ORIENTED_EDGE('',*,*,#3336,.T.);
#3381 = ORIENTED_EDGE('',*,*,#3306,.T.);
#3382 = ORIENTED_EDGE('',*,*,#3358,.F.);
#3383 = PLANE('',#3384);
#3384 = AXIS2_PLACEMENT_3D('',#3385,#3386,#3387);
#3385 = CARTESIAN_POINT('',(133.,-65.,112.));
#3386 = DIRECTION('',(0.,0.,1.));
#3387 = DIRECTION('',(1.,0.,0.));
#3388 = ADVANCED_FACE('',(#3389),#3395,.T.);
#3389 = FACE_BOUND('',#3390,.T.);
#3390 = EDGE_LOOP('',(#3391,#3392,#3393,#3394));
#3391 = ORIENTED_EDGE('',*,*,#3282,.F.);
#3392 = ORIENTED_EDGE('',*,*,#3343,.T.);
#3393 = ORIENTED_EDGE('',*,*,#3322,.T.);
#3394 = ORIENTED_EDGE('',*,*,#3365,.F.);
#3395 = PLANE('',#3396);
#3396 = AXIS2_PLACEMENT_3D('',#3397,#3398,#3399);
#3397 = CARTESIAN_POINT('',(133.,-65.,156.));
#3398 = DIRECTION('',(0.,0.,1.));
#3399 = DIRECTION('',(1.,0.,0.));
#3400 = MANIFOLD_SOLID_BREP('',#3401);
#3401 = CLOSED_SHELL('',(#3402,#3435,#3455,#3475));
#3402 = ADVANCED_FACE('',(#3403),#3430,.T.);
#3403 = FACE_BOUND('',#3404,.T.);
#3404 = EDGE_LOOP('',(#3405,#3414,#3422,#3429));
#3405 = ORIENTED_EDGE('',*,*,#3406,.F.);
#3406 = EDGE_CURVE('',#3407,#3407,#3409,.T.);
#3407 = VERTEX_POINT('',#3408);
#3408 = CARTESIAN_POINT('',(180.,-33.,76.5));
#3409 = CIRCLE('',#3410,8.);
#3410 = AXIS2_PLACEMENT_3D('',#3411,#3412,#3413);
#3411 = CARTESIAN_POINT('',(180.,-33.,84.5));
#3412 = DIRECTION('',(0.,-1.,0.));
#3413 = DIRECTION('',(0.,0.,-1.));
#3414 = ORIENTED_EDGE('',*,*,#3415,.F.);
#3415 = EDGE_CURVE('',#3416,#3407,#3418,.T.);
#3416 = VERTEX_POINT('',#3417);
#3417 = CARTESIAN_POINT('',(180.,-17.,76.5));
#3418 = LINE('',#3419,#3420);
#3419 = CARTESIAN_POINT('',(180.,-17.,76.5));
#3420 = VECTOR('',#3421,1.);
#3421 = DIRECTION('',(0.,-1.,0.));
#3422 = ORIENTED_EDGE('',*,*,#3423,.T.);
#3423 = EDGE_CURVE('',#3416,#3416,#3424,.T.);
#3424 = CIRCLE('',#3425,8.);
#3425 = AXIS2_PLACEMENT_3D('',#3426,#3427,#3428);
#3426 = CARTESIAN_POINT('',(180.,-17.,84.5));
#3427 = DIRECTION('',(0.,-1.,0.));
#3428 = DIRECTION('',(0.,0.,-1.));
#3429 = ORIENTED_EDGE('',*,*,#3415,.T.);
#3430 = CYLINDRICAL_SURFACE('',#3431,8.);
#3431 = AXIS2_PLACEMENT_3D('',#3432,#3433,#3434);
#3432 = CARTESIAN_POINT('',(180.,-17.,84.5));
#3433 = DIRECTION('',(0.,-1.,0.));
#3434 = DIRECTION('',(0.,0.,-1.));
#3435 = ADVANCED_FACE('',(#3436,#3439),#3450,.T.);
#3436 = FACE_BOUND('',#3437,.T.);
#3437 = EDGE_LOOP('',(#3438));
#3438 = ORIENTED_EDGE('',*,*,#3406,.T.);
#3439 = FACE_BOUND('',#3440,.T.);
#3440 = EDGE_LOOP('',(#3441));
#3441 = ORIENTED_EDGE('',*,*,#3442,.F.);
#3442 = EDGE_CURVE('',#3443,#3443,#3445,.T.);
#3443 = VERTEX_POINT('',#3444);
#3444 = CARTESIAN_POINT('',(180.,-33.,80.5));
#3445 = CIRCLE('',#3446,4.);
#3446 = AXIS2_PLACEMENT_3D('',#3447,#3448,#3449);
#3447 = CARTESIAN_POINT('',(180.,-33.,84.5));
#3448 = DIRECTION('',(0.,-1.,0.));
#3449 = DIRECTION('',(0.,0.,-1.));
#3450 = PLANE('',#3451);
#3451 = AXIS2_PLACEMENT_3D('',#3452,#3453,#3454);
#3452 = CARTESIAN_POINT('',(180.,-33.,84.5));
#3453 = DIRECTION('',(0.,-1.,0.));
#3454 = DIRECTION('',(0.,0.,-1.));
#3455 = ADVANCED_FACE('',(#3456,#3459),#3470,.F.);
#3456 = FACE_BOUND('',#3457,.F.);
#3457 = EDGE_LOOP('',(#3458));
#3458 = ORIENTED_EDGE('',*,*,#3423,.T.);
#3459 = FACE_BOUND('',#3460,.F.);
#3460 = EDGE_LOOP('',(#3461));
#3461 = ORIENTED_EDGE('',*,*,#3462,.F.);
#3462 = EDGE_CURVE('',#3463,#3463,#3465,.T.);
#3463 = VERTEX_POINT('',#3464);
#3464 = CARTESIAN_POINT('',(180.,-17.,80.5));
#3465 = CIRCLE('',#3466,4.);
#3466 = AXIS2_PLACEMENT_3D('',#3467,#3468,#3469);
#3467 = CARTESIAN_POINT('',(180.,-17.,84.5));
#3468 = DIRECTION('',(0.,-1.,0.));
#3469 = DIRECTION('',(0.,0.,-1.));
#3470 = PLANE('',#3471);
#3471 = AXIS2_PLACEMENT_3D('',#3472,#3473,#3474);
#3472 = CARTESIAN_POINT('',(180.,-17.,84.5));
#3473 = DIRECTION('',(0.,-1.,0.));
#3474 = DIRECTION('',(0.,0.,-1.));
#3475 = ADVANCED_FACE('',(#3476),#3487,.F.);
#3476 = FACE_BOUND('',#3477,.F.);
#3477 = EDGE_LOOP('',(#3478,#3479,#3485,#3486));
#3478 = ORIENTED_EDGE('',*,*,#3442,.F.);
#3479 = ORIENTED_EDGE('',*,*,#3480,.F.);
#3480 = EDGE_CURVE('',#3463,#3443,#3481,.T.);
#3481 = LINE('',#3482,#3483);
#3482 = CARTESIAN_POINT('',(180.,-17.,80.5));
#3483 = VECTOR('',#3484,1.);
#3484 = DIRECTION('',(0.,-1.,0.));
#3485 = ORIENTED_EDGE('',*,*,#3462,.T.);
#3486 = ORIENTED_EDGE('',*,*,#3480,.T.);
#3487 = CYLINDRICAL_SURFACE('',#3488,4.);
#3488 = AXIS2_PLACEMENT_3D('',#3489,#3490,#3491);
#3489 = CARTESIAN_POINT('',(180.,-17.,84.5));
#3490 = DIRECTION('',(0.,-1.,0.));
#3491 = DIRECTION('',(0.,0.,-1.));
#3492 = MANIFOLD_SOLID_BREP('',#3493);
#3493 = CLOSED_SHELL('',(#3494,#3527,#3536));
#3494 = ADVANCED_FACE('',(#3495),#3522,.T.);
#3495 = FACE_BOUND('',#3496,.T.);
#3496 = EDGE_LOOP('',(#3497,#3506,#3514,#3521));
#3497 = ORIENTED_EDGE('',*,*,#3498,.F.);
#3498 = EDGE_CURVE('',#3499,#3499,#3501,.T.);
#3499 = VERTEX_POINT('',#3500);
#3500 = CARTESIAN_POINT('',(180.,-165.,81.5));
#3501 = CIRCLE('',#3502,3.);
#3502 = AXIS2_PLACEMENT_3D('',#3503,#3504,#3505);
#3503 = CARTESIAN_POINT('',(180.,-165.,84.5));
#3504 = DIRECTION('',(0.,-1.,0.));
#3505 = DIRECTION('',(0.,0.,-1.));
#3506 = ORIENTED_EDGE('',*,*,#3507,.F.);
#3507 = EDGE_CURVE('',#3508,#3499,#3510,.T.);
#3508 = VERTEX_POINT('',#3509);
#3509 = CARTESIAN_POINT('',(180.,-25.,81.5));
#3510 = LINE('',#3511,#3512);
#3511 = CARTESIAN_POINT('',(180.,-25.,81.5));
#3512 = VECTOR('',#3513,1.);
#3513 = DIRECTION('',(0.,-1.,0.));
#3514 = ORIENTED_EDGE('',*,*,#3515,.T.);
#3515 = EDGE_CURVE('',#3508,#3508,#3516,.T.);
#3516 = CIRCLE('',#3517,3.);
#3517 = AXIS2_PLACEMENT_3D('',#3518,#3519,#3520);
#3518 = CARTESIAN_POINT('',(180.,-25.,84.5));
#3519 = DIRECTION('',(0.,-1.,0.));
#3520 = DIRECTION('',(0.,0.,-1.));
#3521 = ORIENTED_EDGE('',*,*,#3507,.T.);
#3522 = CYLINDRICAL_SURFACE('',#3523,3.);
#3523 = AXIS2_PLACEMENT_3D('',#3524,#3525,#3526);
#3524 = CARTESIAN_POINT('',(180.,-25.,84.5));
#3525 = DIRECTION('',(0.,-1.,0.));
#3526 = DIRECTION('',(0.,0.,-1.));
#3527 = ADVANCED_FACE('',(#3528),#3531,.T.);
#3528 = FACE_BOUND('',#3529,.T.);
#3529 = EDGE_LOOP('',(#3530));
#3530 = ORIENTED_EDGE('',*,*,#3498,.T.);
#3531 = PLANE('',#3532);
#3532 = AXIS2_PLACEMENT_3D('',#3533,#3534,#3535);
#3533 = CARTESIAN_POINT('',(180.,-165.,84.5));
#3534 = DIRECTION('',(0.,-1.,0.));
#3535 = DIRECTION('',(0.,0.,-1.));
#3536 = ADVANCED_FACE('',(#3537),#3540,.F.);
#3537 = FACE_BOUND('',#3538,.T.);
#3538 = EDGE_LOOP('',(#3539));
#3539 = ORIENTED_EDGE('',*,*,#3515,.F.);
#3540 = PLANE('',#3541);
#3541 = AXIS2_PLACEMENT_3D('',#3542,#3543,#3544);
#3542 = CARTESIAN_POINT('',(180.,-25.,84.5));
#3543 = DIRECTION('',(0.,-1.,0.));
#3544 = DIRECTION('',(0.,0.,-1.));
#3545 = MANIFOLD_SOLID_BREP('',#3546);
#3546 = CLOSED_SHELL('',(#3547,#3580,#3600,#3609,#3634,#3654,#3679));
#3547 = ADVANCED_FACE('',(#3548),#3575,.T.);
#3548 = FACE_BOUND('',#3549,.T.);
#3549 = EDGE_LOOP('',(#3550,#3560,#3567,#3568));
#3550 = ORIENTED_EDGE('',*,*,#3551,.T.);
#3551 = EDGE_CURVE('',#3552,#3554,#3556,.T.);
#3552 = VERTEX_POINT('',#3553);
#3553 = CARTESIAN_POINT('',(180.,-163.,80.5));
#3554 = VERTEX_POINT('',#3555);
#3555 = CARTESIAN_POINT('',(180.,-194.5,80.5));
#3556 = LINE('',#3557,#3558);
#3557 = CARTESIAN_POINT('',(180.,-150.,80.5));
#3558 = VECTOR('',#3559,1.);
#3559 = DIRECTION('',(0.,-1.,0.));
#3560 = ORIENTED_EDGE('',*,*,#3561,.F.);
#3561 = EDGE_CURVE('',#3554,#3554,#3562,.T.);
#3562 = CIRCLE('',#3563,4.);
#3563 = AXIS2_PLACEMENT_3D('',#3564,#3565,#3566);
#3564 = CARTESIAN_POINT('',(180.,-194.5,84.5));
#3565 = DIRECTION('',(0.,-1.,0.));
#3566 = DIRECTION('',(0.,0.,-1.));
#3567 = ORIENTED_EDGE('',*,*,#3551,.F.);
#3568 = ORIENTED_EDGE('',*,*,#3569,.T.);
#3569 = EDGE_CURVE('',#3552,#3552,#3570,.T.);
#3570 = CIRCLE('',#3571,4.);
#3571 = AXIS2_PLACEMENT_3D('',#3572,#3573,#3574);
#3572 = CARTESIAN_POINT('',(180.,-163.,84.5));
#3573 = DIRECTION('',(0.,-1.,0.));
#3574 = DIRECTION('',(0.,0.,-1.));
#3575 = CYLINDRICAL_SURFACE('',#3576,4.);
#3576 = AXIS2_PLACEMENT_3D('',#3577,#3578,#3579);
#3577 = CARTESIAN_POINT('',(180.,-150.,84.5));
#3578 = DIRECTION('',(0.,-1.,0.));
#3579 = DIRECTION('',(0.,0.,-1.));
#3580 = ADVANCED_FACE('',(#3581,#3592),#3595,.T.);
#3581 = FACE_BOUND('',#3582,.T.);
#3582 = EDGE_LOOP('',(#3583));
#3583 = ORIENTED_EDGE('',*,*,#3584,.T.);
#3584 = EDGE_CURVE('',#3585,#3585,#3587,.T.);
#3585 = VERTEX_POINT('',#3586);
#3586 = CARTESIAN_POINT('',(180.,-163.,77.));
#3587 = CIRCLE('',#3588,7.5);
#3588 = AXIS2_PLACEMENT_3D('',#3589,#3590,#3591);
#3589 = CARTESIAN_POINT('',(180.,-163.,84.5));
#3590 = DIRECTION('',(0.,-1.,0.));
#3591 = DIRECTION('',(0.,0.,-1.));
#3592 = FACE_BOUND('',#3593,.T.);
#3593 = EDGE_LOOP('',(#3594));
#3594 = ORIENTED_EDGE('',*,*,#3569,.F.);
#3595 = PLANE('',#3596);
#3596 = AXIS2_PLACEMENT_3D('',#3597,#3598,#3599);
#3597 = CARTESIAN_POINT('',(180.,-163.,84.5));
#3598 = DIRECTION('',(0.,-1.,0.));
#3599 = DIRECTION('',(0.,0.,-1.));
#3600 = ADVANCED_FACE('',(#3601),#3604,.T.);
#3601 = FACE_BOUND('',#3602,.T.);
#3602 = EDGE_LOOP('',(#3603));
#3603 = ORIENTED_EDGE('',*,*,#3561,.T.);
#3604 = PLANE('',#3605);
#3605 = AXIS2_PLACEMENT_3D('',#3606,#3607,#3608);
#3606 = CARTESIAN_POINT('',(180.,-194.5,84.5));
#3607 = DIRECTION('',(0.,-1.,0.));
#3608 = DIRECTION('',(0.,0.,-1.));
#3609 = ADVANCED_FACE('',(#3610),#3629,.T.);
#3610 = FACE_BOUND('',#3611,.T.);
#3611 = EDGE_LOOP('',(#3612,#3613,#3621,#3628));
#3612 = ORIENTED_EDGE('',*,*,#3584,.F.);
#3613 = ORIENTED_EDGE('',*,*,#3614,.F.);
#3614 = EDGE_CURVE('',#3615,#3585,#3617,.T.);
#3615 = VERTEX_POINT('',#3616);
#3616 = CARTESIAN_POINT('',(180.,-154.,77.));
#3617 = LINE('',#3618,#3619);
#3618 = CARTESIAN_POINT('',(180.,-154.,77.));
#3619 = VECTOR('',#3620,1.);
#3620 = DIRECTION('',(0.,-1.,0.));
#3621 = ORIENTED_EDGE('',*,*,#3622,.T.);
#3622 = EDGE_CURVE('',#3615,#3615,#3623,.T.);
#3623 = CIRCLE('',#3624,7.5);
#3624 = AXIS2_PLACEMENT_3D('',#3625,#3626,#3627);
#3625 = CARTESIAN_POINT('',(180.,-154.,84.5));
#3626 = DIRECTION('',(0.,-1.,0.));
#3627 = DIRECTION('',(0.,0.,-1.));
#3628 = ORIENTED_EDGE('',*,*,#3614,.T.);
#3629 = CYLINDRICAL_SURFACE('',#3630,7.5);
#3630 = AXIS2_PLACEMENT_3D('',#3631,#3632,#3633);
#3631 = CARTESIAN_POINT('',(180.,-154.,84.5));
#3632 = DIRECTION('',(0.,-1.,0.));
#3633 = DIRECTION('',(0.,0.,-1.));
#3634 = ADVANCED_FACE('',(#3635,#3638),#3649,.F.);
#3635 = FACE_BOUND('',#3636,.F.);
#3636 = EDGE_LOOP('',(#3637));
#3637 = ORIENTED_EDGE('',*,*,#3622,.T.);
#3638 = FACE_BOUND('',#3639,.F.);
#3639 = EDGE_LOOP('',(#3640));
#3640 = ORIENTED_EDGE('',*,*,#3641,.F.);
#3641 = EDGE_CURVE('',#3642,#3642,#3644,.T.);
#3642 = VERTEX_POINT('',#3643);
#3643 = CARTESIAN_POINT('',(180.,-154.,80.5));
#3644 = CIRCLE('',#3645,4.);
#3645 = AXIS2_PLACEMENT_3D('',#3646,#3647,#3648);
#3646 = CARTESIAN_POINT('',(180.,-154.,84.5));
#3647 = DIRECTION('',(0.,-1.,0.));
#3648 = DIRECTION('',(0.,0.,-1.));
#3649 = PLANE('',#3650);
#3650 = AXIS2_PLACEMENT_3D('',#3651,#3652,#3653);
#3651 = CARTESIAN_POINT('',(180.,-154.,84.5));
#3652 = DIRECTION('',(0.,-1.,0.));
#3653 = DIRECTION('',(0.,0.,-1.));
#3654 = ADVANCED_FACE('',(#3655),#3674,.T.);
#3655 = FACE_BOUND('',#3656,.T.);
#3656 = EDGE_LOOP('',(#3657,#3658,#3666,#3673));
#3657 = ORIENTED_EDGE('',*,*,#3641,.F.);
#3658 = ORIENTED_EDGE('',*,*,#3659,.F.);
#3659 = EDGE_CURVE('',#3660,#3642,#3662,.T.);
#3660 = VERTEX_POINT('',#3661);
#3661 = CARTESIAN_POINT('',(180.,-150.,80.5));
#3662 = LINE('',#3663,#3664);
#3663 = CARTESIAN_POINT('',(180.,-150.,80.5));
#3664 = VECTOR('',#3665,1.);
#3665 = DIRECTION('',(0.,-1.,0.));
#3666 = ORIENTED_EDGE('',*,*,#3667,.T.);
#3667 = EDGE_CURVE('',#3660,#3660,#3668,.T.);
#3668 = CIRCLE('',#3669,4.);
#3669 = AXIS2_PLACEMENT_3D('',#3670,#3671,#3672);
#3670 = CARTESIAN_POINT('',(180.,-150.,84.5));
#3671 = DIRECTION('',(0.,-1.,0.));
#3672 = DIRECTION('',(0.,0.,-1.));
#3673 = ORIENTED_EDGE('',*,*,#3659,.T.);
#3674 = CYLINDRICAL_SURFACE('',#3675,4.);
#3675 = AXIS2_PLACEMENT_3D('',#3676,#3677,#3678);
#3676 = CARTESIAN_POINT('',(180.,-150.,84.5));
#3677 = DIRECTION('',(0.,-1.,0.));
#3678 = DIRECTION('',(0.,0.,-1.));
#3679 = ADVANCED_FACE('',(#3680),#3683,.F.);
#3680 = FACE_BOUND('',#3681,.T.);
#3681 = EDGE_LOOP('',(#3682));
#3682 = ORIENTED_EDGE('',*,*,#3667,.F.);
#3683 = PLANE('',#3684);
#3684 = AXIS2_PLACEMENT_3D('',#3685,#3686,#3687);
#3685 = CARTESIAN_POINT('',(180.,-150.,84.5));
#3686 = DIRECTION('',(0.,-1.,0.));
#3687 = DIRECTION('',(0.,0.,-1.));
#3688 = MANIFOLD_SOLID_BREP('',#3689);
#3689 = CLOSED_SHELL('',(#3690,#3723,#3743,#3763));
#3690 = ADVANCED_FACE('',(#3691),#3718,.T.);
#3691 = FACE_BOUND('',#3692,.T.);
#3692 = EDGE_LOOP('',(#3693,#3702,#3710,#3717));
#3693 = ORIENTED_EDGE('',*,*,#3694,.F.);
#3694 = EDGE_CURVE('',#3695,#3695,#3697,.T.);
#3695 = VERTEX_POINT('',#3696);
#3696 = CARTESIAN_POINT('',(180.,-230.5,-1.454720623699E-15));
#3697 = CIRCLE('',#3698,84.5);
#3698 = AXIS2_PLACEMENT_3D('',#3699,#3700,#3701);
#3699 = CARTESIAN_POINT('',(180.,-230.5,84.5));
#3700 = DIRECTION('',(0.,-1.,0.));
#3701 = DIRECTION('',(0.,0.,-1.));
#3702 = ORIENTED_EDGE('',*,*,#3703,.F.);
#3703 = EDGE_CURVE('',#3704,#3695,#3706,.T.);
#3704 = VERTEX_POINT('',#3705);
#3705 = CARTESIAN_POINT('',(180.,-149.,-1.454720623699E-15));
#3706 = LINE('',#3707,#3708);
#3707 = CARTESIAN_POINT('',(180.,-149.,-1.454720623699E-15));
#3708 = VECTOR('',#3709,1.);
#3709 = DIRECTION('',(0.,-1.,0.));
#3710 = ORIENTED_EDGE('',*,*,#3711,.T.);
#3711 = EDGE_CURVE('',#3704,#3704,#3712,.T.);
#3712 = CIRCLE('',#3713,84.5);
#3713 = AXIS2_PLACEMENT_3D('',#3714,#3715,#3716);
#3714 = CARTESIAN_POINT('',(180.,-149.,84.5));
#3715 = DIRECTION('',(0.,-1.,0.));
#3716 = DIRECTION('',(0.,0.,-1.));
#3717 = ORIENTED_EDGE('',*,*,#3703,.T.);
#3718 = CYLINDRICAL_SURFACE('',#3719,84.5);
#3719 = AXIS2_PLACEMENT_3D('',#3720,#3721,#3722);
#3720 = CARTESIAN_POINT('',(180.,-149.,84.5));
#3721 = DIRECTION('',(0.,-1.,0.));
#3722 = DIRECTION('',(0.,0.,-1.));
#3723 = ADVANCED_FACE('',(#3724,#3727),#3738,.T.);
#3724 = FACE_BOUND('',#3725,.T.);
#3725 = EDGE_LOOP('',(#3726));
#3726 = ORIENTED_EDGE('',*,*,#3694,.T.);
#3727 = FACE_BOUND('',#3728,.T.);
#3728 = EDGE_LOOP('',(#3729));
#3729 = ORIENTED_EDGE('',*,*,#3730,.F.);
#3730 = EDGE_CURVE('',#3731,#3731,#3733,.T.);
#3731 = VERTEX_POINT('',#3732);
#3732 = CARTESIAN_POINT('',(180.,-230.5,36.));
#3733 = CIRCLE('',#3734,48.5);
#3734 = AXIS2_PLACEMENT_3D('',#3735,#3736,#3737);
#3735 = CARTESIAN_POINT('',(180.,-230.5,84.5));
#3736 = DIRECTION('',(0.,-1.,0.));
#3737 = DIRECTION('',(0.,0.,-1.));
#3738 = PLANE('',#3739);
#3739 = AXIS2_PLACEMENT_3D('',#3740,#3741,#3742);
#3740 = CARTESIAN_POINT('',(180.,-230.5,84.5));
#3741 = DIRECTION('',(0.,-1.,0.));
#3742 = DIRECTION('',(0.,0.,-1.));
#3743 = ADVANCED_FACE('',(#3744,#3747),#3758,.F.);
#3744 = FACE_BOUND('',#3745,.F.);
#3745 = EDGE_LOOP('',(#3746));
#3746 = ORIENTED_EDGE('',*,*,#3711,.T.);
#3747 = FACE_BOUND('',#3748,.F.);
#3748 = EDGE_LOOP('',(#3749));
#3749 = ORIENTED_EDGE('',*,*,#3750,.F.);
#3750 = EDGE_CURVE('',#3751,#3751,#3753,.T.);
#3751 = VERTEX_POINT('',#3752);
#3752 = CARTESIAN_POINT('',(180.,-149.,36.));
#3753 = CIRCLE('',#3754,48.5);
#3754 = AXIS2_PLACEMENT_3D('',#3755,#3756,#3757);
#3755 = CARTESIAN_POINT('',(180.,-149.,84.5));
#3756 = DIRECTION('',(0.,-1.,0.));
#3757 = DIRECTION('',(0.,0.,-1.));
#3758 = PLANE('',#3759);
#3759 = AXIS2_PLACEMENT_3D('',#3760,#3761,#3762);
#3760 = CARTESIAN_POINT('',(180.,-149.,84.5));
#3761 = DIRECTION('',(0.,-1.,0.));
#3762 = DIRECTION('',(0.,0.,-1.));
#3763 = ADVANCED_FACE('',(#3764),#3775,.F.);
#3764 = FACE_BOUND('',#3765,.F.);
#3765 = EDGE_LOOP('',(#3766,#3767,#3773,#3774));
#3766 = ORIENTED_EDGE('',*,*,#3730,.F.);
#3767 = ORIENTED_EDGE('',*,*,#3768,.F.);
#3768 = EDGE_CURVE('',#3751,#3731,#3769,.T.);
#3769 = LINE('',#3770,#3771);
#3770 = CARTESIAN_POINT('',(180.,-149.,36.));
#3771 = VECTOR('',#3772,1.);
#3772 = DIRECTION('',(0.,-1.,0.));
#3773 = ORIENTED_EDGE('',*,*,#3750,.T.);
#3774 = ORIENTED_EDGE('',*,*,#3768,.T.);
#3775 = CYLINDRICAL_SURFACE('',#3776,48.5);
#3776 = AXIS2_PLACEMENT_3D('',#3777,#3778,#3779);
#3777 = CARTESIAN_POINT('',(180.,-149.,84.5));
#3778 = DIRECTION('',(0.,-1.,0.));
#3779 = DIRECTION('',(0.,0.,-1.));
#3780 = MANIFOLD_SOLID_BREP('',#3781);
#3781 = CLOSED_SHELL('',(#3782,#3815,#3835,#3855));
#3782 = ADVANCED_FACE('',(#3783),#3810,.T.);
#3783 = FACE_BOUND('',#3784,.T.);
#3784 = EDGE_LOOP('',(#3785,#3794,#3802,#3809));
#3785 = ORIENTED_EDGE('',*,*,#3786,.F.);
#3786 = EDGE_CURVE('',#3787,#3787,#3789,.T.);
#3787 = VERTEX_POINT('',#3788);
#3788 = CARTESIAN_POINT('',(180.,-202.25,36.));
#3789 = CIRCLE('',#3790,48.5);
#3790 = AXIS2_PLACEMENT_3D('',#3791,#3792,#3793);
#3791 = CARTESIAN_POINT('',(180.,-202.25,84.5));
#3792 = DIRECTION('',(0.,-1.,0.));
#3793 = DIRECTION('',(0.,0.,-1.));
#3794 = ORIENTED_EDGE('',*,*,#3795,.F.);
#3795 = EDGE_CURVE('',#3796,#3787,#3798,.T.);
#3796 = VERTEX_POINT('',#3797);
#3797 = CARTESIAN_POINT('',(180.,-177.25,36.));
#3798 = LINE('',#3799,#3800);
#3799 = CARTESIAN_POINT('',(180.,-177.25,36.));
#3800 = VECTOR('',#3801,1.);
#3801 = DIRECTION('',(0.,-1.,0.));
#3802 = ORIENTED_EDGE('',*,*,#3803,.T.);
#3803 = EDGE_CURVE('',#3796,#3796,#3804,.T.);
#3804 = CIRCLE('',#3805,48.5);
#3805 = AXIS2_PLACEMENT_3D('',#3806,#3807,#3808);
#3806 = CARTESIAN_POINT('',(180.,-177.25,84.5));
#3807 = DIRECTION('',(0.,-1.,0.));
#3808 = DIRECTION('',(0.,0.,-1.));
#3809 = ORIENTED_EDGE('',*,*,#3795,.T.);
#3810 = CYLINDRICAL_SURFACE('',#3811,48.5);
#3811 = AXIS2_PLACEMENT_3D('',#3812,#3813,#3814);
#3812 = CARTESIAN_POINT('',(180.,-177.25,84.5));
#3813 = DIRECTION('',(0.,-1.,0.));
#3814 = DIRECTION('',(0.,0.,-1.));
#3815 = ADVANCED_FACE('',(#3816,#3819),#3830,.T.);
#3816 = FACE_BOUND('',#3817,.T.);
#3817 = EDGE_LOOP('',(#3818));
#3818 = ORIENTED_EDGE('',*,*,#3786,.T.);
#3819 = FACE_BOUND('',#3820,.T.);
#3820 = EDGE_LOOP('',(#3821));
#3821 = ORIENTED_EDGE('',*,*,#3822,.F.);
#3822 = EDGE_CURVE('',#3823,#3823,#3825,.T.);
#3823 = VERTEX_POINT('',#3824);
#3824 = CARTESIAN_POINT('',(180.,-202.25,76.));
#3825 = CIRCLE('',#3826,8.5);
#3826 = AXIS2_PLACEMENT_3D('',#3827,#3828,#3829);
#3827 = CARTESIAN_POINT('',(180.,-202.25,84.5));
#3828 = DIRECTION('',(0.,-1.,0.));
#3829 = DIRECTION('',(0.,0.,-1.));
#3830 = PLANE('',#3831);
#3831 = AXIS2_PLACEMENT_3D('',#3832,#3833,#3834);
#3832 = CARTESIAN_POINT('',(180.,-202.25,84.5));
#3833 = DIRECTION('',(0.,-1.,0.));
#3834 = DIRECTION('',(0.,0.,-1.));
#3835 = ADVANCED_FACE('',(#3836,#3839),#3850,.F.);
#3836 = FACE_BOUND('',#3837,.F.);
#3837 = EDGE_LOOP('',(#3838));
#3838 = ORIENTED_EDGE('',*,*,#3803,.T.);
#3839 = FACE_BOUND('',#3840,.F.);
#3840 = EDGE_LOOP('',(#3841));
#3841 = ORIENTED_EDGE('',*,*,#3842,.F.);
#3842 = EDGE_CURVE('',#3843,#3843,#3845,.T.);
#3843 = VERTEX_POINT('',#3844);
#3844 = CARTESIAN_POINT('',(180.,-177.25,76.));
#3845 = CIRCLE('',#3846,8.5);
#3846 = AXIS2_PLACEMENT_3D('',#3847,#3848,#3849);
#3847 = CARTESIAN_POINT('',(180.,-177.25,84.5));
#3848 = DIRECTION('',(0.,-1.,0.));
#3849 = DIRECTION('',(0.,0.,-1.));
#3850 = PLANE('',#3851);
#3851 = AXIS2_PLACEMENT_3D('',#3852,#3853,#3854);
#3852 = CARTESIAN_POINT('',(180.,-177.25,84.5));
#3853 = DIRECTION('',(0.,-1.,0.));
#3854 = DIRECTION('',(0.,0.,-1.));
#3855 = ADVANCED_FACE('',(#3856),#3867,.F.);
#3856 = FACE_BOUND('',#3857,.F.);
#3857 = EDGE_LOOP('',(#3858,#3859,#3865,#3866));
#3858 = ORIENTED_EDGE('',*,*,#3822,.F.);
#3859 = ORIENTED_EDGE('',*,*,#3860,.F.);
#3860 = EDGE_CURVE('',#3843,#3823,#3861,.T.);
#3861 = LINE('',#3862,#3863);
#3862 = CARTESIAN_POINT('',(180.,-177.25,76.));
#3863 = VECTOR('',#3864,1.);
#3864 = DIRECTION('',(0.,-1.,0.));
#3865 = ORIENTED_EDGE('',*,*,#3842,.T.);
#3866 = ORIENTED_EDGE('',*,*,#3860,.T.);
#3867 = CYLINDRICAL_SURFACE('',#3868,8.5);
#3868 = AXIS2_PLACEMENT_3D('',#3869,#3870,#3871);
#3869 = CARTESIAN_POINT('',(180.,-177.25,84.5));
#3870 = DIRECTION('',(0.,-1.,0.));
#3871 = DIRECTION('',(0.,0.,-1.));
#3872 = MANIFOLD_SOLID_BREP('',#3873);
#3873 = CLOSED_SHELL('',(#3874,#3914,#3945,#4041,#4065,#4154,#4166,#4188
    ,#4205,#4222,#4234,#4256,#4273,#4290));
#3874 = ADVANCED_FACE('',(#3875),#3909,.F.);
#3875 = FACE_BOUND('',#3876,.F.);
#3876 = EDGE_LOOP('',(#3877,#3887,#3895,#3903));
#3877 = ORIENTED_EDGE('',*,*,#3878,.F.);
#3878 = EDGE_CURVE('',#3879,#3881,#3883,.T.);
#3879 = VERTEX_POINT('',#3880);
#3880 = CARTESIAN_POINT('',(132.,55.,95.));
#3881 = VERTEX_POINT('',#3882);
#3882 = CARTESIAN_POINT('',(132.,55.,100.));
#3883 = LINE('',#3884,#3885);
#3884 = CARTESIAN_POINT('',(132.,55.,95.));
#3885 = VECTOR('',#3886,1.);
#3886 = DIRECTION('',(0.,0.,1.));
#3887 = ORIENTED_EDGE('',*,*,#3888,.T.);
#3888 = EDGE_CURVE('',#3879,#3889,#3891,.T.);
#3889 = VERTEX_POINT('',#3890);
#3890 = CARTESIAN_POINT('',(132.,105.,95.));
#3891 = LINE('',#3892,#3893);
#3892 = CARTESIAN_POINT('',(132.,55.,95.));
#3893 = VECTOR('',#3894,1.);
#3894 = DIRECTION('',(0.,1.,0.));
#3895 = ORIENTED_EDGE('',*,*,#3896,.T.);
#3896 = EDGE_CURVE('',#3889,#3897,#3899,.T.);
#3897 = VERTEX_POINT('',#3898);
#3898 = CARTESIAN_POINT('',(132.,105.,100.));
#3899 = LINE('',#3900,#3901);
#3900 = CARTESIAN_POINT('',(132.,105.,95.));
#3901 = VECTOR('',#3902,1.);
#3902 = DIRECTION('',(0.,0.,1.));
#3903 = ORIENTED_EDGE('',*,*,#3904,.F.);
#3904 = EDGE_CURVE('',#3881,#3897,#3905,.T.);
#3905 = LINE('',#3906,#3907);
#3906 = CARTESIAN_POINT('',(132.,55.,100.));
#3907 = VECTOR('',#3908,1.);
#3908 = DIRECTION('',(0.,1.,0.));
#3909 = PLANE('',#3910);
#3910 = AXIS2_PLACEMENT_3D('',#3911,#3912,#3913);
#3911 = CARTESIAN_POINT('',(132.,55.,95.));
#3912 = DIRECTION('',(1.,0.,0.));
#3913 = DIRECTION('',(0.,0.,1.));
#3914 = ADVANCED_FACE('',(#3915),#3940,.F.);
#3915 = FACE_BOUND('',#3916,.F.);
#3916 = EDGE_LOOP('',(#3917,#3925,#3926,#3934));
#3917 = ORIENTED_EDGE('',*,*,#3918,.F.);
#3918 = EDGE_CURVE('',#3879,#3919,#3921,.T.);
#3919 = VERTEX_POINT('',#3920);
#3920 = CARTESIAN_POINT('',(228.,55.,95.));
#3921 = LINE('',#3922,#3923);
#3922 = CARTESIAN_POINT('',(132.,55.,95.));
#3923 = VECTOR('',#3924,1.);
#3924 = DIRECTION('',(1.,0.,0.));
#3925 = ORIENTED_EDGE('',*,*,#3878,.T.);
#3926 = ORIENTED_EDGE('',*,*,#3927,.T.);
#3927 = EDGE_CURVE('',#3881,#3928,#3930,.T.);
#3928 = VERTEX_POINT('',#3929);
#3929 = CARTESIAN_POINT('',(228.,55.,100.));
#3930 = LINE('',#3931,#3932);
#3931 = CARTESIAN_POINT('',(132.,55.,100.));
#3932 = VECTOR('',#3933,1.);
#3933 = DIRECTION('',(1.,0.,0.));
#3934 = ORIENTED_EDGE('',*,*,#3935,.F.);
#3935 = EDGE_CURVE('',#3919,#3928,#3936,.T.);
#3936 = LINE('',#3937,#3938);
#3937 = CARTESIAN_POINT('',(228.,55.,95.));
#3938 = VECTOR('',#3939,1.);
#3939 = DIRECTION('',(0.,0.,1.));
#3940 = PLANE('',#3941);
#3941 = AXIS2_PLACEMENT_3D('',#3942,#3943,#3944);
#3942 = CARTESIAN_POINT('',(132.,55.,95.));
#3943 = DIRECTION('',(0.,1.,0.));
#3944 = DIRECTION('',(0.,0.,1.));
#3945 = ADVANCED_FACE('',(#3946,#3964,#4000),#4036,.T.);
#3946 = FACE_BOUND('',#3947,.T.);
#3947 = EDGE_LOOP('',(#3948,#3949,#3950,#3958));
#3948 = ORIENTED_EDGE('',*,*,#3904,.F.);
#3949 = ORIENTED_EDGE('',*,*,#3927,.T.);
#3950 = ORIENTED_EDGE('',*,*,#3951,.T.);
#3951 = EDGE_CURVE('',#3928,#3952,#3954,.T.);
#3952 = VERTEX_POINT('',#3953);
#3953 = CARTESIAN_POINT('',(228.,105.,100.));
#3954 = LINE('',#3955,#3956);
#3955 = CARTESIAN_POINT('',(228.,55.,100.));
#3956 = VECTOR('',#3957,1.);
#3957 = DIRECTION('',(0.,1.,0.));
#3958 = ORIENTED_EDGE('',*,*,#3959,.F.);
#3959 = EDGE_CURVE('',#3897,#3952,#3960,.T.);
#3960 = LINE('',#3961,#3962);
#3961 = CARTESIAN_POINT('',(132.,105.,100.));
#3962 = VECTOR('',#3963,1.);
#3963 = DIRECTION('',(1.,0.,0.));
#3964 = FACE_BOUND('',#3965,.T.);
#3965 = EDGE_LOOP('',(#3966,#3977,#3985,#3994));
#3966 = ORIENTED_EDGE('',*,*,#3967,.F.);
#3967 = EDGE_CURVE('',#3968,#3970,#3972,.T.);
#3968 = VERTEX_POINT('',#3969);
#3969 = CARTESIAN_POINT('',(142.25,70.,100.));
#3970 = VERTEX_POINT('',#3971);
#3971 = CARTESIAN_POINT('',(147.75,70.,100.));
#3972 = CIRCLE('',#3973,2.75);
#3973 = AXIS2_PLACEMENT_3D('',#3974,#3975,#3976);
#3974 = CARTESIAN_POINT('',(145.,70.,100.));
#3975 = DIRECTION('',(0.,0.,1.));
#3976 = DIRECTION('',(1.,0.,0.));
#3977 = ORIENTED_EDGE('',*,*,#3978,.T.);
#3978 = EDGE_CURVE('',#3968,#3979,#3981,.T.);
#3979 = VERTEX_POINT('',#3980);
#3980 = CARTESIAN_POINT('',(142.25,90.,100.));
#3981 = LINE('',#3982,#3983);
#3982 = CARTESIAN_POINT('',(142.25,62.5,100.));
#3983 = VECTOR('',#3984,1.);
#3984 = DIRECTION('',(0.,1.,0.));
#3985 = ORIENTED_EDGE('',*,*,#3986,.F.);
#3986 = EDGE_CURVE('',#3987,#3979,#3989,.T.);
#3987 = VERTEX_POINT('',#3988);
#3988 = CARTESIAN_POINT('',(147.75,90.,100.));
#3989 = CIRCLE('',#3990,2.75);
#3990 = AXIS2_PLACEMENT_3D('',#3991,#3992,#3993);
#3991 = CARTESIAN_POINT('',(145.,90.,100.));
#3992 = DIRECTION('',(0.,0.,1.));
#3993 = DIRECTION('',(1.,0.,0.));
#3994 = ORIENTED_EDGE('',*,*,#3995,.F.);
#3995 = EDGE_CURVE('',#3970,#3987,#3996,.T.);
#3996 = LINE('',#3997,#3998);
#3997 = CARTESIAN_POINT('',(147.75,62.5,100.));
#3998 = VECTOR('',#3999,1.);
#3999 = DIRECTION('',(0.,1.,0.));
#4000 = FACE_BOUND('',#4001,.T.);
#4001 = EDGE_LOOP('',(#4002,#4013,#4021,#4030));
#4002 = ORIENTED_EDGE('',*,*,#4003,.F.);
#4003 = EDGE_CURVE('',#4004,#4006,#4008,.T.);
#4004 = VERTEX_POINT('',#4005);
#4005 = CARTESIAN_POINT('',(212.25,70.,100.));
#4006 = VERTEX_POINT('',#4007);
#4007 = CARTESIAN_POINT('',(217.75,70.,100.));
#4008 = CIRCLE('',#4009,2.75);
#4009 = AXIS2_PLACEMENT_3D('',#4010,#4011,#4012);
#4010 = CARTESIAN_POINT('',(215.,70.,100.));
#4011 = DIRECTION('',(0.,0.,1.));
#4012 = DIRECTION('',(1.,0.,0.));
#4013 = ORIENTED_EDGE('',*,*,#4014,.T.);
#4014 = EDGE_CURVE('',#4004,#4015,#4017,.T.);
#4015 = VERTEX_POINT('',#4016);
#4016 = CARTESIAN_POINT('',(212.25,90.,100.));
#4017 = LINE('',#4018,#4019);
#4018 = CARTESIAN_POINT('',(212.25,62.5,100.));
#4019 = VECTOR('',#4020,1.);
#4020 = DIRECTION('',(0.,1.,0.));
#4021 = ORIENTED_EDGE('',*,*,#4022,.F.);
#4022 = EDGE_CURVE('',#4023,#4015,#4025,.T.);
#4023 = VERTEX_POINT('',#4024);
#4024 = CARTESIAN_POINT('',(217.75,90.,100.));
#4025 = CIRCLE('',#4026,2.75);
#4026 = AXIS2_PLACEMENT_3D('',#4027,#4028,#4029);
#4027 = CARTESIAN_POINT('',(215.,90.,100.));
#4028 = DIRECTION('',(0.,0.,1.));
#4029 = DIRECTION('',(1.,0.,0.));
#4030 = ORIENTED_EDGE('',*,*,#4031,.F.);
#4031 = EDGE_CURVE('',#4006,#4023,#4032,.T.);
#4032 = LINE('',#4033,#4034);
#4033 = CARTESIAN_POINT('',(217.75,62.5,100.));
#4034 = VECTOR('',#4035,1.);
#4035 = DIRECTION('',(0.,1.,0.));
#4036 = PLANE('',#4037);
#4037 = AXIS2_PLACEMENT_3D('',#4038,#4039,#4040);
#4038 = CARTESIAN_POINT('',(132.,55.,100.));
#4039 = DIRECTION('',(0.,0.,1.));
#4040 = DIRECTION('',(1.,0.,0.));
#4041 = ADVANCED_FACE('',(#4042),#4060,.T.);
#4042 = FACE_BOUND('',#4043,.T.);
#4043 = EDGE_LOOP('',(#4044,#4052,#4053,#4054));
#4044 = ORIENTED_EDGE('',*,*,#4045,.F.);
#4045 = EDGE_CURVE('',#3889,#4046,#4048,.T.);
#4046 = VERTEX_POINT('',#4047);
#4047 = CARTESIAN_POINT('',(228.,105.,95.));
#4048 = LINE('',#4049,#4050);
#4049 = CARTESIAN_POINT('',(132.,105.,95.));
#4050 = VECTOR('',#4051,1.);
#4051 = DIRECTION('',(1.,0.,0.));
#4052 = ORIENTED_EDGE('',*,*,#3896,.T.);
#4053 = ORIENTED_EDGE('',*,*,#3959,.T.);
#4054 = ORIENTED_EDGE('',*,*,#4055,.F.);
#4055 = EDGE_CURVE('',#4046,#3952,#4056,.T.);
#4056 = LINE('',#4057,#4058);
#4057 = CARTESIAN_POINT('',(228.,105.,95.));
#4058 = VECTOR('',#4059,1.);
#4059 = DIRECTION('',(0.,0.,1.));
#4060 = PLANE('',#4061);
#4061 = AXIS2_PLACEMENT_3D('',#4062,#4063,#4064);
#4062 = CARTESIAN_POINT('',(132.,105.,95.));
#4063 = DIRECTION('',(0.,1.,0.));
#4064 = DIRECTION('',(0.,0.,1.));
#4065 = ADVANCED_FACE('',(#4066,#4077,#4113),#4149,.F.);
#4066 = FACE_BOUND('',#4067,.F.);
#4067 = EDGE_LOOP('',(#4068,#4069,#4070,#4076));
#4068 = ORIENTED_EDGE('',*,*,#3888,.F.);
#4069 = ORIENTED_EDGE('',*,*,#3918,.T.);
#4070 = ORIENTED_EDGE('',*,*,#4071,.T.);
#4071 = EDGE_CURVE('',#3919,#4046,#4072,.T.);
#4072 = LINE('',#4073,#4074);
#4073 = CARTESIAN_POINT('',(228.,55.,95.));
#4074 = VECTOR('',#4075,1.);
#4075 = DIRECTION('',(0.,1.,0.));
#4076 = ORIENTED_EDGE('',*,*,#4045,.F.);
#4077 = FACE_BOUND('',#4078,.F.);
#4078 = EDGE_LOOP('',(#4079,#4090,#4098,#4107));
#4079 = ORIENTED_EDGE('',*,*,#4080,.F.);
#4080 = EDGE_CURVE('',#4081,#4083,#4085,.T.);
#4081 = VERTEX_POINT('',#4082);
#4082 = CARTESIAN_POINT('',(142.25,70.,95.));
#4083 = VERTEX_POINT('',#4084);
#4084 = CARTESIAN_POINT('',(147.75,70.,95.));
#4085 = CIRCLE('',#4086,2.75);
#4086 = AXIS2_PLACEMENT_3D('',#4087,#4088,#4089);
#4087 = CARTESIAN_POINT('',(145.,70.,95.));
#4088 = DIRECTION('',(0.,0.,1.));
#4089 = DIRECTION('',(1.,0.,0.));
#4090 = ORIENTED_EDGE('',*,*,#4091,.T.);
#4091 = EDGE_CURVE('',#4081,#4092,#4094,.T.);
#4092 = VERTEX_POINT('',#4093);
#4093 = CARTESIAN_POINT('',(142.25,90.,95.));
#4094 = LINE('',#4095,#4096);
#4095 = CARTESIAN_POINT('',(142.25,62.5,95.));
#4096 = VECTOR('',#4097,1.);
#4097 = DIRECTION('',(0.,1.,0.));
#4098 = ORIENTED_EDGE('',*,*,#4099,.F.);
#4099 = EDGE_CURVE('',#4100,#4092,#4102,.T.);
#4100 = VERTEX_POINT('',#4101);
#4101 = CARTESIAN_POINT('',(147.75,90.,95.));
#4102 = CIRCLE('',#4103,2.75);
#4103 = AXIS2_PLACEMENT_3D('',#4104,#4105,#4106);
#4104 = CARTESIAN_POINT('',(145.,90.,95.));
#4105 = DIRECTION('',(0.,0.,1.));
#4106 = DIRECTION('',(1.,0.,0.));
#4107 = ORIENTED_EDGE('',*,*,#4108,.F.);
#4108 = EDGE_CURVE('',#4083,#4100,#4109,.T.);
#4109 = LINE('',#4110,#4111);
#4110 = CARTESIAN_POINT('',(147.75,62.5,95.));
#4111 = VECTOR('',#4112,1.);
#4112 = DIRECTION('',(0.,1.,0.));
#4113 = FACE_BOUND('',#4114,.F.);
#4114 = EDGE_LOOP('',(#4115,#4126,#4134,#4143));
#4115 = ORIENTED_EDGE('',*,*,#4116,.F.);
#4116 = EDGE_CURVE('',#4117,#4119,#4121,.T.);
#4117 = VERTEX_POINT('',#4118);
#4118 = CARTESIAN_POINT('',(212.25,70.,95.));
#4119 = VERTEX_POINT('',#4120);
#4120 = CARTESIAN_POINT('',(217.75,70.,95.));
#4121 = CIRCLE('',#4122,2.75);
#4122 = AXIS2_PLACEMENT_3D('',#4123,#4124,#4125);
#4123 = CARTESIAN_POINT('',(215.,70.,95.));
#4124 = DIRECTION('',(0.,0.,1.));
#4125 = DIRECTION('',(1.,0.,0.));
#4126 = ORIENTED_EDGE('',*,*,#4127,.T.);
#4127 = EDGE_CURVE('',#4117,#4128,#4130,.T.);
#4128 = VERTEX_POINT('',#4129);
#4129 = CARTESIAN_POINT('',(212.25,90.,95.));
#4130 = LINE('',#4131,#4132);
#4131 = CARTESIAN_POINT('',(212.25,62.5,95.));
#4132 = VECTOR('',#4133,1.);
#4133 = DIRECTION('',(0.,1.,0.));
#4134 = ORIENTED_EDGE('',*,*,#4135,.F.);
#4135 = EDGE_CURVE('',#4136,#4128,#4138,.T.);
#4136 = VERTEX_POINT('',#4137);
#4137 = CARTESIAN_POINT('',(217.75,90.,95.));
#4138 = CIRCLE('',#4139,2.75);
#4139 = AXIS2_PLACEMENT_3D('',#4140,#4141,#4142);
#4140 = CARTESIAN_POINT('',(215.,90.,95.));
#4141 = DIRECTION('',(0.,0.,1.));
#4142 = DIRECTION('',(1.,0.,0.));
#4143 = ORIENTED_EDGE('',*,*,#4144,.F.);
#4144 = EDGE_CURVE('',#4119,#4136,#4145,.T.);
#4145 = LINE('',#4146,#4147);
#4146 = CARTESIAN_POINT('',(217.75,62.5,95.));
#4147 = VECTOR('',#4148,1.);
#4148 = DIRECTION('',(0.,1.,0.));
#4149 = PLANE('',#4150);
#4150 = AXIS2_PLACEMENT_3D('',#4151,#4152,#4153);
#4151 = CARTESIAN_POINT('',(132.,55.,95.));
#4152 = DIRECTION('',(0.,0.,1.));
#4153 = DIRECTION('',(1.,0.,0.));
#4154 = ADVANCED_FACE('',(#4155),#4161,.T.);
#4155 = FACE_BOUND('',#4156,.T.);
#4156 = EDGE_LOOP('',(#4157,#4158,#4159,#4160));
#4157 = ORIENTED_EDGE('',*,*,#3935,.F.);
#4158 = ORIENTED_EDGE('',*,*,#4071,.T.);
#4159 = ORIENTED_EDGE('',*,*,#4055,.T.);
#4160 = ORIENTED_EDGE('',*,*,#3951,.F.);
#4161 = PLANE('',#4162);
#4162 = AXIS2_PLACEMENT_3D('',#4163,#4164,#4165);
#4163 = CARTESIAN_POINT('',(228.,55.,95.));
#4164 = DIRECTION('',(1.,0.,0.));
#4165 = DIRECTION('',(0.,0.,1.));
#4166 = ADVANCED_FACE('',(#4167),#4183,.F.);
#4167 = FACE_BOUND('',#4168,.F.);
#4168 = EDGE_LOOP('',(#4169,#4170,#4176,#4177));
#4169 = ORIENTED_EDGE('',*,*,#4080,.T.);
#4170 = ORIENTED_EDGE('',*,*,#4171,.T.);
#4171 = EDGE_CURVE('',#4083,#3970,#4172,.T.);
#4172 = LINE('',#4173,#4174);
#4173 = CARTESIAN_POINT('',(147.75,70.,94.));
#4174 = VECTOR('',#4175,1.);
#4175 = DIRECTION('',(0.,0.,1.));
#4176 = ORIENTED_EDGE('',*,*,#3967,.F.);
#4177 = ORIENTED_EDGE('',*,*,#4178,.F.);
#4178 = EDGE_CURVE('',#4081,#3968,#4179,.T.);
#4179 = LINE('',#4180,#4181);
#4180 = CARTESIAN_POINT('',(142.25,70.,94.));
#4181 = VECTOR('',#4182,1.);
#4182 = DIRECTION('',(0.,0.,1.));
#4183 = CYLINDRICAL_SURFACE('',#4184,2.75);
#4184 = AXIS2_PLACEMENT_3D('',#4185,#4186,#4187);
#4185 = CARTESIAN_POINT('',(145.,70.,94.));
#4186 = DIRECTION('',(0.,0.,1.));
#4187 = DIRECTION('',(1.,0.,0.));
#4188 = ADVANCED_FACE('',(#4189),#4200,.T.);
#4189 = FACE_BOUND('',#4190,.T.);
#4190 = EDGE_LOOP('',(#4191,#4192,#4193,#4199));
#4191 = ORIENTED_EDGE('',*,*,#4178,.F.);
#4192 = ORIENTED_EDGE('',*,*,#4091,.T.);
#4193 = ORIENTED_EDGE('',*,*,#4194,.T.);
#4194 = EDGE_CURVE('',#4092,#3979,#4195,.T.);
#4195 = LINE('',#4196,#4197);
#4196 = CARTESIAN_POINT('',(142.25,90.,94.));
#4197 = VECTOR('',#4198,1.);
#4198 = DIRECTION('',(0.,0.,1.));
#4199 = ORIENTED_EDGE('',*,*,#3978,.F.);
#4200 = PLANE('',#4201);
#4201 = AXIS2_PLACEMENT_3D('',#4202,#4203,#4204);
#4202 = CARTESIAN_POINT('',(142.25,70.,94.));
#4203 = DIRECTION('',(1.,0.,0.));
#4204 = DIRECTION('',(0.,0.,1.));
#4205 = ADVANCED_FACE('',(#4206),#4217,.F.);
#4206 = FACE_BOUND('',#4207,.F.);
#4207 = EDGE_LOOP('',(#4208,#4209,#4210,#4216));
#4208 = ORIENTED_EDGE('',*,*,#4171,.F.);
#4209 = ORIENTED_EDGE('',*,*,#4108,.T.);
#4210 = ORIENTED_EDGE('',*,*,#4211,.T.);
#4211 = EDGE_CURVE('',#4100,#3987,#4212,.T.);
#4212 = LINE('',#4213,#4214);
#4213 = CARTESIAN_POINT('',(147.75,90.,94.));
#4214 = VECTOR('',#4215,1.);
#4215 = DIRECTION('',(0.,0.,1.));
#4216 = ORIENTED_EDGE('',*,*,#3995,.F.);
#4217 = PLANE('',#4218);
#4218 = AXIS2_PLACEMENT_3D('',#4219,#4220,#4221);
#4219 = CARTESIAN_POINT('',(147.75,70.,94.));
#4220 = DIRECTION('',(1.,0.,0.));
#4221 = DIRECTION('',(0.,0.,1.));
#4222 = ADVANCED_FACE('',(#4223),#4229,.F.);
#4223 = FACE_BOUND('',#4224,.F.);
#4224 = EDGE_LOOP('',(#4225,#4226,#4227,#4228));
#4225 = ORIENTED_EDGE('',*,*,#3986,.F.);
#4226 = ORIENTED_EDGE('',*,*,#4211,.F.);
#4227 = ORIENTED_EDGE('',*,*,#4099,.T.);
#4228 = ORIENTED_EDGE('',*,*,#4194,.T.);
#4229 = CYLINDRICAL_SURFACE('',#4230,2.75);
#4230 = AXIS2_PLACEMENT_3D('',#4231,#4232,#4233);
#4231 = CARTESIAN_POINT('',(145.,90.,94.));
#4232 = DIRECTION('',(0.,0.,1.));
#4233 = DIRECTION('',(1.,0.,0.));
#4234 = ADVANCED_FACE('',(#4235),#4251,.F.);
#4235 = FACE_BOUND('',#4236,.F.);
#4236 = EDGE_LOOP('',(#4237,#4238,#4244,#4245));
#4237 = ORIENTED_EDGE('',*,*,#4116,.T.);
#4238 = ORIENTED_EDGE('',*,*,#4239,.T.);
#4239 = EDGE_CURVE('',#4119,#4006,#4240,.T.);
#4240 = LINE('',#4241,#4242);
#4241 = CARTESIAN_POINT('',(217.75,70.,94.));
#4242 = VECTOR('',#4243,1.);
#4243 = DIRECTION('',(0.,0.,1.));
#4244 = ORIENTED_EDGE('',*,*,#4003,.F.);
#4245 = ORIENTED_EDGE('',*,*,#4246,.F.);
#4246 = EDGE_CURVE('',#4117,#4004,#4247,.T.);
#4247 = LINE('',#4248,#4249);
#4248 = CARTESIAN_POINT('',(212.25,70.,94.));
#4249 = VECTOR('',#4250,1.);
#4250 = DIRECTION('',(0.,0.,1.));
#4251 = CYLINDRICAL_SURFACE('',#4252,2.75);
#4252 = AXIS2_PLACEMENT_3D('',#4253,#4254,#4255);
#4253 = CARTESIAN_POINT('',(215.,70.,94.));
#4254 = DIRECTION('',(0.,0.,1.));
#4255 = DIRECTION('',(1.,0.,0.));
#4256 = ADVANCED_FACE('',(#4257),#4268,.F.);
#4257 = FACE_BOUND('',#4258,.F.);
#4258 = EDGE_LOOP('',(#4259,#4260,#4261,#4267));
#4259 = ORIENTED_EDGE('',*,*,#4239,.F.);
#4260 = ORIENTED_EDGE('',*,*,#4144,.T.);
#4261 = ORIENTED_EDGE('',*,*,#4262,.T.);
#4262 = EDGE_CURVE('',#4136,#4023,#4263,.T.);
#4263 = LINE('',#4264,#4265);
#4264 = CARTESIAN_POINT('',(217.75,90.,94.));
#4265 = VECTOR('',#4266,1.);
#4266 = DIRECTION('',(0.,0.,1.));
#4267 = ORIENTED_EDGE('',*,*,#4031,.F.);
#4268 = PLANE('',#4269);
#4269 = AXIS2_PLACEMENT_3D('',#4270,#4271,#4272);
#4270 = CARTESIAN_POINT('',(217.75,70.,94.));
#4271 = DIRECTION('',(1.,0.,0.));
#4272 = DIRECTION('',(0.,0.,1.));
#4273 = ADVANCED_FACE('',(#4274),#4285,.F.);
#4274 = FACE_BOUND('',#4275,.F.);
#4275 = EDGE_LOOP('',(#4276,#4277,#4278,#4279));
#4276 = ORIENTED_EDGE('',*,*,#4022,.F.);
#4277 = ORIENTED_EDGE('',*,*,#4262,.F.);
#4278 = ORIENTED_EDGE('',*,*,#4135,.T.);
#4279 = ORIENTED_EDGE('',*,*,#4280,.T.);
#4280 = EDGE_CURVE('',#4128,#4015,#4281,.T.);
#4281 = LINE('',#4282,#4283);
#4282 = CARTESIAN_POINT('',(212.25,90.,94.));
#4283 = VECTOR('',#4284,1.);
#4284 = DIRECTION('',(0.,0.,1.));
#4285 = CYLINDRICAL_SURFACE('',#4286,2.75);
#4286 = AXIS2_PLACEMENT_3D('',#4287,#4288,#4289);
#4287 = CARTESIAN_POINT('',(215.,90.,94.));
#4288 = DIRECTION('',(0.,0.,1.));
#4289 = DIRECTION('',(1.,0.,0.));
#4290 = ADVANCED_FACE('',(#4291),#4297,.T.);
#4291 = FACE_BOUND('',#4292,.T.);
#4292 = EDGE_LOOP('',(#4293,#4294,#4295,#4296));
#4293 = ORIENTED_EDGE('',*,*,#4246,.F.);
#4294 = ORIENTED_EDGE('',*,*,#4127,.T.);
#4295 = ORIENTED_EDGE('',*,*,#4280,.T.);
#4296 = ORIENTED_EDGE('',*,*,#4014,.F.);
#4297 = PLANE('',#4298);
#4298 = AXIS2_PLACEMENT_3D('',#4299,#4300,#4301);
#4299 = CARTESIAN_POINT('',(212.25,70.,94.));
#4300 = DIRECTION('',(1.,0.,0.));
#4301 = DIRECTION('',(0.,0.,1.));
#4302 = MANIFOLD_SOLID_BREP('',#4303);
#4303 = CLOSED_SHELL('',(#4304,#4337,#4346));
#4304 = ADVANCED_FACE('',(#4305),#4332,.T.);
#4305 = FACE_BOUND('',#4306,.T.);
#4306 = EDGE_LOOP('',(#4307,#4316,#4324,#4331));
#4307 = ORIENTED_EDGE('',*,*,#4308,.F.);
#4308 = EDGE_CURVE('',#4309,#4309,#4311,.T.);
#4309 = VERTEX_POINT('',#4310);
#4310 = CARTESIAN_POINT('',(213.75,80.,107.));
#4311 = CIRCLE('',#4312,2.);
#4312 = AXIS2_PLACEMENT_3D('',#4313,#4314,#4315);
#4313 = CARTESIAN_POINT('',(213.75,80.,105.));
#4314 = DIRECTION('',(1.,0.,-0.));
#4315 = DIRECTION('',(0.,0.,1.));
#4316 = ORIENTED_EDGE('',*,*,#4317,.F.);
#4317 = EDGE_CURVE('',#4318,#4309,#4320,.T.);
#4318 = VERTEX_POINT('',#4319);
#4319 = CARTESIAN_POINT('',(146.25,80.,107.));
#4320 = LINE('',#4321,#4322);
#4321 = CARTESIAN_POINT('',(146.25,80.,107.));
#4322 = VECTOR('',#4323,1.);
#4323 = DIRECTION('',(1.,0.,0.));
#4324 = ORIENTED_EDGE('',*,*,#4325,.T.);
#4325 = EDGE_CURVE('',#4318,#4318,#4326,.T.);
#4326 = CIRCLE('',#4327,2.);
#4327 = AXIS2_PLACEMENT_3D('',#4328,#4329,#4330);
#4328 = CARTESIAN_POINT('',(146.25,80.,105.));
#4329 = DIRECTION('',(1.,0.,-0.));
#4330 = DIRECTION('',(0.,0.,1.));
#4331 = ORIENTED_EDGE('',*,*,#4317,.T.);
#4332 = CYLINDRICAL_SURFACE('',#4333,2.);
#4333 = AXIS2_PLACEMENT_3D('',#4334,#4335,#4336);
#4334 = CARTESIAN_POINT('',(146.25,80.,105.));
#4335 = DIRECTION('',(1.,0.,0.));
#4336 = DIRECTION('',(0.,0.,1.));
#4337 = ADVANCED_FACE('',(#4338),#4341,.T.);
#4338 = FACE_BOUND('',#4339,.T.);
#4339 = EDGE_LOOP('',(#4340));
#4340 = ORIENTED_EDGE('',*,*,#4308,.T.);
#4341 = PLANE('',#4342);
#4342 = AXIS2_PLACEMENT_3D('',#4343,#4344,#4345);
#4343 = CARTESIAN_POINT('',(213.75,80.,105.));
#4344 = DIRECTION('',(1.,0.,0.));
#4345 = DIRECTION('',(0.,0.,1.));
#4346 = ADVANCED_FACE('',(#4347),#4350,.F.);
#4347 = FACE_BOUND('',#4348,.T.);
#4348 = EDGE_LOOP('',(#4349));
#4349 = ORIENTED_EDGE('',*,*,#4325,.F.);
#4350 = PLANE('',#4351);
#4351 = AXIS2_PLACEMENT_3D('',#4352,#4353,#4354);
#4352 = CARTESIAN_POINT('',(146.25,80.,105.));
#4353 = DIRECTION('',(1.,0.,0.));
#4354 = DIRECTION('',(0.,0.,1.));
#4355 = MANIFOLD_SOLID_BREP('',#4356);
#4356 = CLOSED_SHELL('',(#4357,#4408,#4439,#4463,#4487,#4504,#4529));
#4357 = ADVANCED_FACE('',(#4358,#4392),#4403,.F.);
#4358 = FACE_BOUND('',#4359,.F.);
#4359 = EDGE_LOOP('',(#4360,#4370,#4378,#4386));
#4360 = ORIENTED_EDGE('',*,*,#4361,.F.);
#4361 = EDGE_CURVE('',#4362,#4364,#4366,.T.);
#4362 = VERTEX_POINT('',#4363);
#4363 = CARTESIAN_POINT('',(147.25,72.,100.));
#4364 = VERTEX_POINT('',#4365);
#4365 = CARTESIAN_POINT('',(147.25,72.,113.));
#4366 = LINE('',#4367,#4368);
#4367 = CARTESIAN_POINT('',(147.25,72.,100.));
#4368 = VECTOR('',#4369,1.);
#4369 = DIRECTION('',(0.,0.,1.));
#4370 = ORIENTED_EDGE('',*,*,#4371,.T.);
#4371 = EDGE_CURVE('',#4362,#4372,#4374,.T.);
#4372 = VERTEX_POINT('',#4373);
#4373 = CARTESIAN_POINT('',(147.25,88.,100.));
#4374 = LINE('',#4375,#4376);
#4375 = CARTESIAN_POINT('',(147.25,72.,100.));
#4376 = VECTOR('',#4377,1.);
#4377 = DIRECTION('',(0.,1.,0.));
#4378 = ORIENTED_EDGE('',*,*,#4379,.T.);
#4379 = EDGE_CURVE('',#4372,#4380,#4382,.T.);
#4380 = VERTEX_POINT('',#4381);
#4381 = CARTESIAN_POINT('',(147.25,88.,113.));
#4382 = LINE('',#4383,#4384);
#4383 = CARTESIAN_POINT('',(147.25,88.,100.));
#4384 = VECTOR('',#4385,1.);
#4385 = DIRECTION('',(0.,0.,1.));
#4386 = ORIENTED_EDGE('',*,*,#4387,.F.);
#4387 = EDGE_CURVE('',#4364,#4380,#4388,.T.);
#4388 = LINE('',#4389,#4390);
#4389 = CARTESIAN_POINT('',(147.25,72.,113.));
#4390 = VECTOR('',#4391,1.);
#4391 = DIRECTION('',(0.,1.,0.));
#4392 = FACE_BOUND('',#4393,.F.);
#4393 = EDGE_LOOP('',(#4394));
#4394 = ORIENTED_EDGE('',*,*,#4395,.F.);
#4395 = EDGE_CURVE('',#4396,#4396,#4398,.T.);
#4396 = VERTEX_POINT('',#4397);
#4397 = CARTESIAN_POINT('',(147.25,80.,107.1));
#4398 = CIRCLE('',#4399,2.1);
#4399 = AXIS2_PLACEMENT_3D('',#4400,#4401,#4402);
#4400 = CARTESIAN_POINT('',(147.25,80.,105.));
#4401 = DIRECTION('',(1.,0.,-0.));
#4402 = DIRECTION('',(0.,0.,1.));
#4403 = PLANE('',#4404);
#4404 = AXIS2_PLACEMENT_3D('',#4405,#4406,#4407);
#4405 = CARTESIAN_POINT('',(147.25,72.,100.));
#4406 = DIRECTION('',(1.,0.,0.));
#4407 = DIRECTION('',(0.,0.,1.));
#4408 = ADVANCED_FACE('',(#4409),#4434,.F.);
#4409 = FACE_BOUND('',#4410,.F.);
#4410 = EDGE_LOOP('',(#4411,#4419,#4420,#4428));
#4411 = ORIENTED_EDGE('',*,*,#4412,.F.);
#4412 = EDGE_CURVE('',#4362,#4413,#4415,.T.);
#4413 = VERTEX_POINT('',#4414);
#4414 = CARTESIAN_POINT('',(155.25,72.,100.));
#4415 = LINE('',#4416,#4417);
#4416 = CARTESIAN_POINT('',(147.25,72.,100.));
#4417 = VECTOR('',#4418,1.);
#4418 = DIRECTION('',(1.,0.,0.));
#4419 = ORIENTED_EDGE('',*,*,#4361,.T.);
#4420 = ORIENTED_EDGE('',*,*,#4421,.T.);
#4421 = EDGE_CURVE('',#4364,#4422,#4424,.T.);
#4422 = VERTEX_POINT('',#4423);
#4423 = CARTESIAN_POINT('',(155.25,72.,113.));
#4424 = LINE('',#4425,#4426);
#4425 = CARTESIAN_POINT('',(147.25,72.,113.));
#4426 = VECTOR('',#4427,1.);
#4427 = DIRECTION('',(1.,0.,0.));
#4428 = ORIENTED_EDGE('',*,*,#4429,.F.);
#4429 = EDGE_CURVE('',#4413,#4422,#4430,.T.);
#4430 = LINE('',#4431,#4432);
#4431 = CARTESIAN_POINT('',(155.25,72.,100.));
#4432 = VECTOR('',#4433,1.);
#4433 = DIRECTION('',(0.,0.,1.));
#4434 = PLANE('',#4435);
#4435 = AXIS2_PLACEMENT_3D('',#4436,#4437,#4438);
#4436 = CARTESIAN_POINT('',(147.25,72.,100.));
#4437 = DIRECTION('',(0.,1.,0.));
#4438 = DIRECTION('',(0.,0.,1.));
#4439 = ADVANCED_FACE('',(#4440),#4458,.T.);
#4440 = FACE_BOUND('',#4441,.T.);
#4441 = EDGE_LOOP('',(#4442,#4443,#4444,#4452));
#4442 = ORIENTED_EDGE('',*,*,#4387,.F.);
#4443 = ORIENTED_EDGE('',*,*,#4421,.T.);
#4444 = ORIENTED_EDGE('',*,*,#4445,.T.);
#4445 = EDGE_CURVE('',#4422,#4446,#4448,.T.);
#4446 = VERTEX_POINT('',#4447);
#4447 = CARTESIAN_POINT('',(155.25,88.,113.));
#4448 = LINE('',#4449,#4450);
#4449 = CARTESIAN_POINT('',(155.25,72.,113.));
#4450 = VECTOR('',#4451,1.);
#4451 = DIRECTION('',(0.,1.,0.));
#4452 = ORIENTED_EDGE('',*,*,#4453,.F.);
#4453 = EDGE_CURVE('',#4380,#4446,#4454,.T.);
#4454 = LINE('',#4455,#4456);
#4455 = CARTESIAN_POINT('',(147.25,88.,113.));
#4456 = VECTOR('',#4457,1.);
#4457 = DIRECTION('',(1.,0.,0.));
#4458 = PLANE('',#4459);
#4459 = AXIS2_PLACEMENT_3D('',#4460,#4461,#4462);
#4460 = CARTESIAN_POINT('',(147.25,72.,113.));
#4461 = DIRECTION('',(0.,0.,1.));
#4462 = DIRECTION('',(1.,0.,0.));
#4463 = ADVANCED_FACE('',(#4464),#4482,.F.);
#4464 = FACE_BOUND('',#4465,.F.);
#4465 = EDGE_LOOP('',(#4466,#4467,#4468,#4476));
#4466 = ORIENTED_EDGE('',*,*,#4371,.F.);
#4467 = ORIENTED_EDGE('',*,*,#4412,.T.);
#4468 = ORIENTED_EDGE('',*,*,#4469,.T.);
#4469 = EDGE_CURVE('',#4413,#4470,#4472,.T.);
#4470 = VERTEX_POINT('',#4471);
#4471 = CARTESIAN_POINT('',(155.25,88.,100.));
#4472 = LINE('',#4473,#4474);
#4473 = CARTESIAN_POINT('',(155.25,72.,100.));
#4474 = VECTOR('',#4475,1.);
#4475 = DIRECTION('',(0.,1.,0.));
#4476 = ORIENTED_EDGE('',*,*,#4477,.F.);
#4477 = EDGE_CURVE('',#4372,#4470,#4478,.T.);
#4478 = LINE('',#4479,#4480);
#4479 = CARTESIAN_POINT('',(147.25,88.,100.));
#4480 = VECTOR('',#4481,1.);
#4481 = DIRECTION('',(1.,0.,0.));
#4482 = PLANE('',#4483);
#4483 = AXIS2_PLACEMENT_3D('',#4484,#4485,#4486);
#4484 = CARTESIAN_POINT('',(147.25,72.,100.));
#4485 = DIRECTION('',(0.,0.,1.));
#4486 = DIRECTION('',(1.,0.,0.));
#4487 = ADVANCED_FACE('',(#4488),#4499,.T.);
#4488 = FACE_BOUND('',#4489,.T.);
#4489 = EDGE_LOOP('',(#4490,#4491,#4492,#4493));
#4490 = ORIENTED_EDGE('',*,*,#4477,.F.);
#4491 = ORIENTED_EDGE('',*,*,#4379,.T.);
#4492 = ORIENTED_EDGE('',*,*,#4453,.T.);
#4493 = ORIENTED_EDGE('',*,*,#4494,.F.);
#4494 = EDGE_CURVE('',#4470,#4446,#4495,.T.);
#4495 = LINE('',#4496,#4497);
#4496 = CARTESIAN_POINT('',(155.25,88.,100.));
#4497 = VECTOR('',#4498,1.);
#4498 = DIRECTION('',(0.,0.,1.));
#4499 = PLANE('',#4500);
#4500 = AXIS2_PLACEMENT_3D('',#4501,#4502,#4503);
#4501 = CARTESIAN_POINT('',(147.25,88.,100.));
#4502 = DIRECTION('',(0.,1.,0.));
#4503 = DIRECTION('',(0.,0.,1.));
#4504 = ADVANCED_FACE('',(#4505),#4524,.F.);
#4505 = FACE_BOUND('',#4506,.F.);
#4506 = EDGE_LOOP('',(#4507,#4516,#4522,#4523));
#4507 = ORIENTED_EDGE('',*,*,#4508,.F.);
#4508 = EDGE_CURVE('',#4509,#4509,#4511,.T.);
#4509 = VERTEX_POINT('',#4510);
#4510 = CARTESIAN_POINT('',(155.25,80.,107.1));
#4511 = CIRCLE('',#4512,2.1);
#4512 = AXIS2_PLACEMENT_3D('',#4513,#4514,#4515);
#4513 = CARTESIAN_POINT('',(155.25,80.,105.));
#4514 = DIRECTION('',(1.,0.,-0.));
#4515 = DIRECTION('',(0.,0.,1.));
#4516 = ORIENTED_EDGE('',*,*,#4517,.F.);
#4517 = EDGE_CURVE('',#4396,#4509,#4518,.T.);
#4518 = LINE('',#4519,#4520);
#4519 = CARTESIAN_POINT('',(146.25,80.,107.1));
#4520 = VECTOR('',#4521,1.);
#4521 = DIRECTION('',(1.,0.,0.));
#4522 = ORIENTED_EDGE('',*,*,#4395,.T.);
#4523 = ORIENTED_EDGE('',*,*,#4517,.T.);
#4524 = CYLINDRICAL_SURFACE('',#4525,2.1);
#4525 = AXIS2_PLACEMENT_3D('',#4526,#4527,#4528);
#4526 = CARTESIAN_POINT('',(146.25,80.,105.));
#4527 = DIRECTION('',(1.,0.,0.));
#4528 = DIRECTION('',(0.,0.,1.));
#4529 = ADVANCED_FACE('',(#4530,#4536),#4539,.T.);
#4530 = FACE_BOUND('',#4531,.T.);
#4531 = EDGE_LOOP('',(#4532,#4533,#4534,#4535));
#4532 = ORIENTED_EDGE('',*,*,#4429,.F.);
#4533 = ORIENTED_EDGE('',*,*,#4469,.T.);
#4534 = ORIENTED_EDGE('',*,*,#4494,.T.);
#4535 = ORIENTED_EDGE('',*,*,#4445,.F.);
#4536 = FACE_BOUND('',#4537,.T.);
#4537 = EDGE_LOOP('',(#4538));
#4538 = ORIENTED_EDGE('',*,*,#4508,.F.);
#4539 = PLANE('',#4540);
#4540 = AXIS2_PLACEMENT_3D('',#4541,#4542,#4543);
#4541 = CARTESIAN_POINT('',(155.25,72.,100.));
#4542 = DIRECTION('',(1.,0.,0.));
#4543 = DIRECTION('',(0.,0.,1.));
#4544 = MANIFOLD_SOLID_BREP('',#4545);
#4545 = CLOSED_SHELL('',(#4546,#4597,#4628,#4652,#4676,#4693,#4718));
#4546 = ADVANCED_FACE('',(#4547,#4581),#4592,.F.);
#4547 = FACE_BOUND('',#4548,.F.);
#4548 = EDGE_LOOP('',(#4549,#4559,#4567,#4575));
#4549 = ORIENTED_EDGE('',*,*,#4550,.F.);
#4550 = EDGE_CURVE('',#4551,#4553,#4555,.T.);
#4551 = VERTEX_POINT('',#4552);
#4552 = CARTESIAN_POINT('',(204.75,72.,100.));
#4553 = VERTEX_POINT('',#4554);
#4554 = CARTESIAN_POINT('',(204.75,72.,113.));
#4555 = LINE('',#4556,#4557);
#4556 = CARTESIAN_POINT('',(204.75,72.,100.));
#4557 = VECTOR('',#4558,1.);
#4558 = DIRECTION('',(0.,0.,1.));
#4559 = ORIENTED_EDGE('',*,*,#4560,.T.);
#4560 = EDGE_CURVE('',#4551,#4561,#4563,.T.);
#4561 = VERTEX_POINT('',#4562);
#4562 = CARTESIAN_POINT('',(204.75,88.,100.));
#4563 = LINE('',#4564,#4565);
#4564 = CARTESIAN_POINT('',(204.75,72.,100.));
#4565 = VECTOR('',#4566,1.);
#4566 = DIRECTION('',(0.,1.,0.));
#4567 = ORIENTED_EDGE('',*,*,#4568,.T.);
#4568 = EDGE_CURVE('',#4561,#4569,#4571,.T.);
#4569 = VERTEX_POINT('',#4570);
#4570 = CARTESIAN_POINT('',(204.75,88.,113.));
#4571 = LINE('',#4572,#4573);
#4572 = CARTESIAN_POINT('',(204.75,88.,100.));
#4573 = VECTOR('',#4574,1.);
#4574 = DIRECTION('',(0.,0.,1.));
#4575 = ORIENTED_EDGE('',*,*,#4576,.F.);
#4576 = EDGE_CURVE('',#4553,#4569,#4577,.T.);
#4577 = LINE('',#4578,#4579);
#4578 = CARTESIAN_POINT('',(204.75,72.,113.));
#4579 = VECTOR('',#4580,1.);
#4580 = DIRECTION('',(0.,1.,0.));
#4581 = FACE_BOUND('',#4582,.F.);
#4582 = EDGE_LOOP('',(#4583));
#4583 = ORIENTED_EDGE('',*,*,#4584,.F.);
#4584 = EDGE_CURVE('',#4585,#4585,#4587,.T.);
#4585 = VERTEX_POINT('',#4586);
#4586 = CARTESIAN_POINT('',(204.75,80.,107.1));
#4587 = CIRCLE('',#4588,2.1);
#4588 = AXIS2_PLACEMENT_3D('',#4589,#4590,#4591);
#4589 = CARTESIAN_POINT('',(204.75,80.,105.));
#4590 = DIRECTION('',(1.,0.,-0.));
#4591 = DIRECTION('',(0.,0.,1.));
#4592 = PLANE('',#4593);
#4593 = AXIS2_PLACEMENT_3D('',#4594,#4595,#4596);
#4594 = CARTESIAN_POINT('',(204.75,72.,100.));
#4595 = DIRECTION('',(1.,0.,0.));
#4596 = DIRECTION('',(0.,0.,1.));
#4597 = ADVANCED_FACE('',(#4598),#4623,.F.);
#4598 = FACE_BOUND('',#4599,.F.);
#4599 = EDGE_LOOP('',(#4600,#4608,#4609,#4617));
#4600 = ORIENTED_EDGE('',*,*,#4601,.F.);
#4601 = EDGE_CURVE('',#4551,#4602,#4604,.T.);
#4602 = VERTEX_POINT('',#4603);
#4603 = CARTESIAN_POINT('',(212.75,72.,100.));
#4604 = LINE('',#4605,#4606);
#4605 = CARTESIAN_POINT('',(204.75,72.,100.));
#4606 = VECTOR('',#4607,1.);
#4607 = DIRECTION('',(1.,0.,0.));
#4608 = ORIENTED_EDGE('',*,*,#4550,.T.);
#4609 = ORIENTED_EDGE('',*,*,#4610,.T.);
#4610 = EDGE_CURVE('',#4553,#4611,#4613,.T.);
#4611 = VERTEX_POINT('',#4612);
#4612 = CARTESIAN_POINT('',(212.75,72.,113.));
#4613 = LINE('',#4614,#4615);
#4614 = CARTESIAN_POINT('',(204.75,72.,113.));
#4615 = VECTOR('',#4616,1.);
#4616 = DIRECTION('',(1.,0.,0.));
#4617 = ORIENTED_EDGE('',*,*,#4618,.F.);
#4618 = EDGE_CURVE('',#4602,#4611,#4619,.T.);
#4619 = LINE('',#4620,#4621);
#4620 = CARTESIAN_POINT('',(212.75,72.,100.));
#4621 = VECTOR('',#4622,1.);
#4622 = DIRECTION('',(0.,0.,1.));
#4623 = PLANE('',#4624);
#4624 = AXIS2_PLACEMENT_3D('',#4625,#4626,#4627);
#4625 = CARTESIAN_POINT('',(204.75,72.,100.));
#4626 = DIRECTION('',(0.,1.,0.));
#4627 = DIRECTION('',(0.,0.,1.));
#4628 = ADVANCED_FACE('',(#4629),#4647,.T.);
#4629 = FACE_BOUND('',#4630,.T.);
#4630 = EDGE_LOOP('',(#4631,#4632,#4633,#4641));
#4631 = ORIENTED_EDGE('',*,*,#4576,.F.);
#4632 = ORIENTED_EDGE('',*,*,#4610,.T.);
#4633 = ORIENTED_EDGE('',*,*,#4634,.T.);
#4634 = EDGE_CURVE('',#4611,#4635,#4637,.T.);
#4635 = VERTEX_POINT('',#4636);
#4636 = CARTESIAN_POINT('',(212.75,88.,113.));
#4637 = LINE('',#4638,#4639);
#4638 = CARTESIAN_POINT('',(212.75,72.,113.));
#4639 = VECTOR('',#4640,1.);
#4640 = DIRECTION('',(0.,1.,0.));
#4641 = ORIENTED_EDGE('',*,*,#4642,.F.);
#4642 = EDGE_CURVE('',#4569,#4635,#4643,.T.);
#4643 = LINE('',#4644,#4645);
#4644 = CARTESIAN_POINT('',(204.75,88.,113.));
#4645 = VECTOR('',#4646,1.);
#4646 = DIRECTION('',(1.,0.,0.));
#4647 = PLANE('',#4648);
#4648 = AXIS2_PLACEMENT_3D('',#4649,#4650,#4651);
#4649 = CARTESIAN_POINT('',(204.75,72.,113.));
#4650 = DIRECTION('',(0.,0.,1.));
#4651 = DIRECTION('',(1.,0.,0.));
#4652 = ADVANCED_FACE('',(#4653),#4671,.F.);
#4653 = FACE_BOUND('',#4654,.F.);
#4654 = EDGE_LOOP('',(#4655,#4656,#4657,#4665));
#4655 = ORIENTED_EDGE('',*,*,#4560,.F.);
#4656 = ORIENTED_EDGE('',*,*,#4601,.T.);
#4657 = ORIENTED_EDGE('',*,*,#4658,.T.);
#4658 = EDGE_CURVE('',#4602,#4659,#4661,.T.);
#4659 = VERTEX_POINT('',#4660);
#4660 = CARTESIAN_POINT('',(212.75,88.,100.));
#4661 = LINE('',#4662,#4663);
#4662 = CARTESIAN_POINT('',(212.75,72.,100.));
#4663 = VECTOR('',#4664,1.);
#4664 = DIRECTION('',(0.,1.,0.));
#4665 = ORIENTED_EDGE('',*,*,#4666,.F.);
#4666 = EDGE_CURVE('',#4561,#4659,#4667,.T.);
#4667 = LINE('',#4668,#4669);
#4668 = CARTESIAN_POINT('',(204.75,88.,100.));
#4669 = VECTOR('',#4670,1.);
#4670 = DIRECTION('',(1.,0.,0.));
#4671 = PLANE('',#4672);
#4672 = AXIS2_PLACEMENT_3D('',#4673,#4674,#4675);
#4673 = CARTESIAN_POINT('',(204.75,72.,100.));
#4674 = DIRECTION('',(0.,0.,1.));
#4675 = DIRECTION('',(1.,0.,0.));
#4676 = ADVANCED_FACE('',(#4677),#4688,.T.);
#4677 = FACE_BOUND('',#4678,.T.);
#4678 = EDGE_LOOP('',(#4679,#4680,#4681,#4682));
#4679 = ORIENTED_EDGE('',*,*,#4666,.F.);
#4680 = ORIENTED_EDGE('',*,*,#4568,.T.);
#4681 = ORIENTED_EDGE('',*,*,#4642,.T.);
#4682 = ORIENTED_EDGE('',*,*,#4683,.F.);
#4683 = EDGE_CURVE('',#4659,#4635,#4684,.T.);
#4684 = LINE('',#4685,#4686);
#4685 = CARTESIAN_POINT('',(212.75,88.,100.));
#4686 = VECTOR('',#4687,1.);
#4687 = DIRECTION('',(0.,0.,1.));
#4688 = PLANE('',#4689);
#4689 = AXIS2_PLACEMENT_3D('',#4690,#4691,#4692);
#4690 = CARTESIAN_POINT('',(204.75,88.,100.));
#4691 = DIRECTION('',(0.,1.,0.));
#4692 = DIRECTION('',(0.,0.,1.));
#4693 = ADVANCED_FACE('',(#4694),#4713,.F.);
#4694 = FACE_BOUND('',#4695,.F.);
#4695 = EDGE_LOOP('',(#4696,#4705,#4711,#4712));
#4696 = ORIENTED_EDGE('',*,*,#4697,.F.);
#4697 = EDGE_CURVE('',#4698,#4698,#4700,.T.);
#4698 = VERTEX_POINT('',#4699);
#4699 = CARTESIAN_POINT('',(212.75,80.,107.1));
#4700 = CIRCLE('',#4701,2.1);
#4701 = AXIS2_PLACEMENT_3D('',#4702,#4703,#4704);
#4702 = CARTESIAN_POINT('',(212.75,80.,105.));
#4703 = DIRECTION('',(1.,0.,-0.));
#4704 = DIRECTION('',(0.,0.,1.));
#4705 = ORIENTED_EDGE('',*,*,#4706,.F.);
#4706 = EDGE_CURVE('',#4585,#4698,#4707,.T.);
#4707 = LINE('',#4708,#4709);
#4708 = CARTESIAN_POINT('',(203.75,80.,107.1));
#4709 = VECTOR('',#4710,1.);
#4710 = DIRECTION('',(1.,0.,0.));
#4711 = ORIENTED_EDGE('',*,*,#4584,.T.);
#4712 = ORIENTED_EDGE('',*,*,#4706,.T.);
#4713 = CYLINDRICAL_SURFACE('',#4714,2.1);
#4714 = AXIS2_PLACEMENT_3D('',#4715,#4716,#4717);
#4715 = CARTESIAN_POINT('',(203.75,80.,105.));
#4716 = DIRECTION('',(1.,0.,0.));
#4717 = DIRECTION('',(0.,0.,1.));
#4718 = ADVANCED_FACE('',(#4719,#4725),#4728,.T.);
#4719 = FACE_BOUND('',#4720,.T.);
#4720 = EDGE_LOOP('',(#4721,#4722,#4723,#4724));
#4721 = ORIENTED_EDGE('',*,*,#4618,.F.);
#4722 = ORIENTED_EDGE('',*,*,#4658,.T.);
#4723 = ORIENTED_EDGE('',*,*,#4683,.T.);
#4724 = ORIENTED_EDGE('',*,*,#4634,.F.);
#4725 = FACE_BOUND('',#4726,.T.);
#4726 = EDGE_LOOP('',(#4727));
#4727 = ORIENTED_EDGE('',*,*,#4697,.F.);
#4728 = PLANE('',#4729);
#4729 = AXIS2_PLACEMENT_3D('',#4730,#4731,#4732);
#4730 = CARTESIAN_POINT('',(212.75,72.,100.));
#4731 = DIRECTION('',(1.,0.,0.));
#4732 = DIRECTION('',(0.,0.,1.));
#4733 = MANIFOLD_SOLID_BREP('',#4734);
#4734 = CLOSED_SHELL('',(#4735,#4768,#4777));
#4735 = ADVANCED_FACE('',(#4736),#4763,.T.);
#4736 = FACE_BOUND('',#4737,.T.);
#4737 = EDGE_LOOP('',(#4738,#4747,#4755,#4762));
#4738 = ORIENTED_EDGE('',*,*,#4739,.F.);
#4739 = EDGE_CURVE('',#4740,#4740,#4742,.T.);
#4740 = VERTEX_POINT('',#4741);
#4741 = CARTESIAN_POINT('',(180.,167.1506985086,69.013811684718));
#4742 = CIRCLE('',#4743,5.);
#4743 = AXIS2_PLACEMENT_3D('',#4744,#4745,#4746);
#4744 = CARTESIAN_POINT('',(180.,165.,64.5));
#4745 = DIRECTION('',(0.256626311645,0.872529459594,-0.415734624865));
#4746 = DIRECTION('',(-8.16676349121E-18,0.43013970172,0.902762336944));
#4747 = ORIENTED_EDGE('',*,*,#4748,.F.);
#4748 = EDGE_CURVE('',#4749,#4740,#4751,.T.);
#4749 = VERTEX_POINT('',#4750);
#4750 = CARTESIAN_POINT('',(155.,82.150698508601,109.51381168471));
#4751 = LINE('',#4752,#4753);
#4752 = CARTESIAN_POINT('',(155.,82.150698508601,109.51381168471));
#4753 = VECTOR('',#4754,1.);
#4754 = DIRECTION('',(0.256626311645,0.872529459594,-0.415734624865));
#4755 = ORIENTED_EDGE('',*,*,#4756,.T.);
#4756 = EDGE_CURVE('',#4749,#4749,#4757,.T.);
#4757 = CIRCLE('',#4758,5.);
#4758 = AXIS2_PLACEMENT_3D('',#4759,#4760,#4761);
#4759 = CARTESIAN_POINT('',(155.,80.,105.));
#4760 = DIRECTION('',(0.256626311645,0.872529459594,-0.415734624865));
#4761 = DIRECTION('',(-8.16676349121E-18,0.43013970172,0.902762336944));
#4762 = ORIENTED_EDGE('',*,*,#4748,.T.);
#4763 = CYLINDRICAL_SURFACE('',#4764,5.);
#4764 = AXIS2_PLACEMENT_3D('',#4765,#4766,#4767);
#4765 = CARTESIAN_POINT('',(155.,80.,105.));
#4766 = DIRECTION('',(0.256626311645,0.872529459594,-0.415734624865));
#4767 = DIRECTION('',(5.711024316605E-18,0.43013970172,0.902762336944));
#4768 = ADVANCED_FACE('',(#4769),#4772,.T.);
#4769 = FACE_BOUND('',#4770,.T.);
#4770 = EDGE_LOOP('',(#4771));
#4771 = ORIENTED_EDGE('',*,*,#4739,.T.);
#4772 = PLANE('',#4773);
#4773 = AXIS2_PLACEMENT_3D('',#4774,#4775,#4776);
#4774 = CARTESIAN_POINT('',(180.,165.,64.5));
#4775 = DIRECTION('',(0.256626311645,0.872529459594,-0.415734624865));
#4776 = DIRECTION('',(5.711024316605E-18,0.43013970172,0.902762336944));
#4777 = ADVANCED_FACE('',(#4778),#4781,.F.);
#4778 = FACE_BOUND('',#4779,.T.);
#4779 = EDGE_LOOP('',(#4780));
#4780 = ORIENTED_EDGE('',*,*,#4756,.F.);
#4781 = PLANE('',#4782);
#4782 = AXIS2_PLACEMENT_3D('',#4783,#4784,#4785);
#4783 = CARTESIAN_POINT('',(155.,80.,105.));
#4784 = DIRECTION('',(0.256626311645,0.872529459594,-0.415734624865));
#4785 = DIRECTION('',(5.711024316605E-18,0.43013970172,0.902762336944));
#4786 = MANIFOLD_SOLID_BREP('',#4787);
#4787 = CLOSED_SHELL('',(#4788,#4821,#4830));
#4788 = ADVANCED_FACE('',(#4789),#4816,.T.);
#4789 = FACE_BOUND('',#4790,.T.);
#4790 = EDGE_LOOP('',(#4791,#4800,#4808,#4815));
#4791 = ORIENTED_EDGE('',*,*,#4792,.F.);
#4792 = EDGE_CURVE('',#4793,#4793,#4795,.T.);
#4793 = VERTEX_POINT('',#4794);
#4794 = CARTESIAN_POINT('',(180.,167.1506985086,69.013811684718));
#4795 = CIRCLE('',#4796,5.);
#4796 = AXIS2_PLACEMENT_3D('',#4797,#4798,#4799);
#4797 = CARTESIAN_POINT('',(180.,165.,64.5));
#4798 = DIRECTION('',(-0.256626311645,0.872529459594,-0.415734624865));
#4799 = DIRECTION('',(8.16676349121E-18,0.43013970172,0.902762336944));
#4800 = ORIENTED_EDGE('',*,*,#4801,.F.);
#4801 = EDGE_CURVE('',#4802,#4793,#4804,.T.);
#4802 = VERTEX_POINT('',#4803);
#4803 = CARTESIAN_POINT('',(205.,82.150698508601,109.51381168471));
#4804 = LINE('',#4805,#4806);
#4805 = CARTESIAN_POINT('',(205.,82.150698508601,109.51381168471));
#4806 = VECTOR('',#4807,1.);
#4807 = DIRECTION('',(-0.256626311645,0.872529459594,-0.415734624865));
#4808 = ORIENTED_EDGE('',*,*,#4809,.T.);
#4809 = EDGE_CURVE('',#4802,#4802,#4810,.T.);
#4810 = CIRCLE('',#4811,5.);
#4811 = AXIS2_PLACEMENT_3D('',#4812,#4813,#4814);
#4812 = CARTESIAN_POINT('',(205.,80.,105.));
#4813 = DIRECTION('',(-0.256626311645,0.872529459594,-0.415734624865));
#4814 = DIRECTION('',(8.16676349121E-18,0.43013970172,0.902762336944));
#4815 = ORIENTED_EDGE('',*,*,#4801,.T.);
#4816 = CYLINDRICAL_SURFACE('',#4817,5.);
#4817 = AXIS2_PLACEMENT_3D('',#4818,#4819,#4820);
#4818 = CARTESIAN_POINT('',(205.,80.,105.));
#4819 = DIRECTION('',(-0.256626311645,0.872529459594,-0.415734624865));
#4820 = DIRECTION('',(-5.711024316605E-18,0.43013970172,0.902762336944)
  );
#4821 = ADVANCED_FACE('',(#4822),#4825,.T.);
#4822 = FACE_BOUND('',#4823,.T.);
#4823 = EDGE_LOOP('',(#4824));
#4824 = ORIENTED_EDGE('',*,*,#4792,.T.);
#4825 = PLANE('',#4826);
#4826 = AXIS2_PLACEMENT_3D('',#4827,#4828,#4829);
#4827 = CARTESIAN_POINT('',(180.,165.,64.5));
#4828 = DIRECTION('',(-0.256626311645,0.872529459594,-0.415734624865));
#4829 = DIRECTION('',(-5.711024316605E-18,0.43013970172,0.902762336944)
  );
#4830 = ADVANCED_FACE('',(#4831),#4834,.F.);
#4831 = FACE_BOUND('',#4832,.T.);
#4832 = EDGE_LOOP('',(#4833));
#4833 = ORIENTED_EDGE('',*,*,#4809,.F.);
#4834 = PLANE('',#4835);
#4835 = AXIS2_PLACEMENT_3D('',#4836,#4837,#4838);
#4836 = CARTESIAN_POINT('',(205.,80.,105.));
#4837 = DIRECTION('',(-0.256626311645,0.872529459594,-0.415734624865));
#4838 = DIRECTION('',(-5.711024316605E-18,0.43013970172,0.902762336944)
  );
#4839 = MANIFOLD_SOLID_BREP('',#4840);
#4840 = CLOSED_SHELL('',(#4841,#4874,#4883));
#4841 = ADVANCED_FACE('',(#4842),#4869,.T.);
#4842 = FACE_BOUND('',#4843,.T.);
#4843 = EDGE_LOOP('',(#4844,#4853,#4861,#4868));
#4844 = ORIENTED_EDGE('',*,*,#4845,.F.);
#4845 = EDGE_CURVE('',#4846,#4846,#4848,.T.);
#4846 = VERTEX_POINT('',#4847);
#4847 = CARTESIAN_POINT('',(203.,80.,147.));
#4848 = CIRCLE('',#4849,2.);
#4849 = AXIS2_PLACEMENT_3D('',#4850,#4851,#4852);
#4850 = CARTESIAN_POINT('',(203.,80.,145.));
#4851 = DIRECTION('',(1.,0.,-0.));
#4852 = DIRECTION('',(0.,0.,1.));
#4853 = ORIENTED_EDGE('',*,*,#4854,.F.);
#4854 = EDGE_CURVE('',#4855,#4846,#4857,.T.);
#4855 = VERTEX_POINT('',#4856);
#4856 = CARTESIAN_POINT('',(157.,80.,147.));
#4857 = LINE('',#4858,#4859);
#4858 = CARTESIAN_POINT('',(157.,80.,147.));
#4859 = VECTOR('',#4860,1.);
#4860 = DIRECTION('',(1.,0.,0.));
#4861 = ORIENTED_EDGE('',*,*,#4862,.T.);
#4862 = EDGE_CURVE('',#4855,#4855,#4863,.T.);
#4863 = CIRCLE('',#4864,2.);
#4864 = AXIS2_PLACEMENT_3D('',#4865,#4866,#4867);
#4865 = CARTESIAN_POINT('',(157.,80.,145.));
#4866 = DIRECTION('',(1.,0.,-0.));
#4867 = DIRECTION('',(0.,0.,1.));
#4868 = ORIENTED_EDGE('',*,*,#4854,.T.);
#4869 = CYLINDRICAL_SURFACE('',#4870,2.);
#4870 = AXIS2_PLACEMENT_3D('',#4871,#4872,#4873);
#4871 = CARTESIAN_POINT('',(157.,80.,145.));
#4872 = DIRECTION('',(1.,0.,0.));
#4873 = DIRECTION('',(0.,0.,1.));
#4874 = ADVANCED_FACE('',(#4875),#4878,.T.);
#4875 = FACE_BOUND('',#4876,.T.);
#4876 = EDGE_LOOP('',(#4877));
#4877 = ORIENTED_EDGE('',*,*,#4845,.T.);
#4878 = PLANE('',#4879);
#4879 = AXIS2_PLACEMENT_3D('',#4880,#4881,#4882);
#4880 = CARTESIAN_POINT('',(203.,80.,145.));
#4881 = DIRECTION('',(1.,0.,0.));
#4882 = DIRECTION('',(0.,0.,1.));
#4883 = ADVANCED_FACE('',(#4884),#4887,.F.);
#4884 = FACE_BOUND('',#4885,.T.);
#4885 = EDGE_LOOP('',(#4886));
#4886 = ORIENTED_EDGE('',*,*,#4862,.F.);
#4887 = PLANE('',#4888);
#4888 = AXIS2_PLACEMENT_3D('',#4889,#4890,#4891);
#4889 = CARTESIAN_POINT('',(157.,80.,145.));
#4890 = DIRECTION('',(1.,0.,0.));
#4891 = DIRECTION('',(0.,0.,1.));
#4892 = MANIFOLD_SOLID_BREP('',#4893);
#4893 = CLOSED_SHELL('',(#4894,#4945,#4976,#5000,#5024,#5041,#5066));
#4894 = ADVANCED_FACE('',(#4895,#4929),#4940,.F.);
#4895 = FACE_BOUND('',#4896,.F.);
#4896 = EDGE_LOOP('',(#4897,#4907,#4915,#4923));
#4897 = ORIENTED_EDGE('',*,*,#4898,.F.);
#4898 = EDGE_CURVE('',#4899,#4901,#4903,.T.);
#4899 = VERTEX_POINT('',#4900);
#4900 = CARTESIAN_POINT('',(158.,72.,100.));
#4901 = VERTEX_POINT('',#4902);
#4902 = CARTESIAN_POINT('',(158.,72.,153.));
#4903 = LINE('',#4904,#4905);
#4904 = CARTESIAN_POINT('',(158.,72.,100.));
#4905 = VECTOR('',#4906,1.);
#4906 = DIRECTION('',(0.,0.,1.));
#4907 = ORIENTED_EDGE('',*,*,#4908,.T.);
#4908 = EDGE_CURVE('',#4899,#4909,#4911,.T.);
#4909 = VERTEX_POINT('',#4910);
#4910 = CARTESIAN_POINT('',(158.,88.,100.));
#4911 = LINE('',#4912,#4913);
#4912 = CARTESIAN_POINT('',(158.,72.,100.));
#4913 = VECTOR('',#4914,1.);
#4914 = DIRECTION('',(0.,1.,0.));
#4915 = ORIENTED_EDGE('',*,*,#4916,.T.);
#4916 = EDGE_CURVE('',#4909,#4917,#4919,.T.);
#4917 = VERTEX_POINT('',#4918);
#4918 = CARTESIAN_POINT('',(158.,88.,153.));
#4919 = LINE('',#4920,#4921);
#4920 = CARTESIAN_POINT('',(158.,88.,100.));
#4921 = VECTOR('',#4922,1.);
#4922 = DIRECTION('',(0.,0.,1.));
#4923 = ORIENTED_EDGE('',*,*,#4924,.F.);
#4924 = EDGE_CURVE('',#4901,#4917,#4925,.T.);
#4925 = LINE('',#4926,#4927);
#4926 = CARTESIAN_POINT('',(158.,72.,153.));
#4927 = VECTOR('',#4928,1.);
#4928 = DIRECTION('',(0.,1.,0.));
#4929 = FACE_BOUND('',#4930,.F.);
#4930 = EDGE_LOOP('',(#4931));
#4931 = ORIENTED_EDGE('',*,*,#4932,.F.);
#4932 = EDGE_CURVE('',#4933,#4933,#4935,.T.);
#4933 = VERTEX_POINT('',#4934);
#4934 = CARTESIAN_POINT('',(158.,80.,147.1));
#4935 = CIRCLE('',#4936,2.1);
#4936 = AXIS2_PLACEMENT_3D('',#4937,#4938,#4939);
#4937 = CARTESIAN_POINT('',(158.,80.,145.));
#4938 = DIRECTION('',(1.,0.,-0.));
#4939 = DIRECTION('',(0.,0.,1.));
#4940 = PLANE('',#4941);
#4941 = AXIS2_PLACEMENT_3D('',#4942,#4943,#4944);
#4942 = CARTESIAN_POINT('',(158.,72.,100.));
#4943 = DIRECTION('',(1.,0.,0.));
#4944 = DIRECTION('',(0.,0.,1.));
#4945 = ADVANCED_FACE('',(#4946),#4971,.F.);
#4946 = FACE_BOUND('',#4947,.F.);
#4947 = EDGE_LOOP('',(#4948,#4956,#4957,#4965));
#4948 = ORIENTED_EDGE('',*,*,#4949,.F.);
#4949 = EDGE_CURVE('',#4899,#4950,#4952,.T.);
#4950 = VERTEX_POINT('',#4951);
#4951 = CARTESIAN_POINT('',(166.,72.,100.));
#4952 = LINE('',#4953,#4954);
#4953 = CARTESIAN_POINT('',(158.,72.,100.));
#4954 = VECTOR('',#4955,1.);
#4955 = DIRECTION('',(1.,0.,0.));
#4956 = ORIENTED_EDGE('',*,*,#4898,.T.);
#4957 = ORIENTED_EDGE('',*,*,#4958,.T.);
#4958 = EDGE_CURVE('',#4901,#4959,#4961,.T.);
#4959 = VERTEX_POINT('',#4960);
#4960 = CARTESIAN_POINT('',(166.,72.,153.));
#4961 = LINE('',#4962,#4963);
#4962 = CARTESIAN_POINT('',(158.,72.,153.));
#4963 = VECTOR('',#4964,1.);
#4964 = DIRECTION('',(1.,0.,0.));
#4965 = ORIENTED_EDGE('',*,*,#4966,.F.);
#4966 = EDGE_CURVE('',#4950,#4959,#4967,.T.);
#4967 = LINE('',#4968,#4969);
#4968 = CARTESIAN_POINT('',(166.,72.,100.));
#4969 = VECTOR('',#4970,1.);
#4970 = DIRECTION('',(0.,0.,1.));
#4971 = PLANE('',#4972);
#4972 = AXIS2_PLACEMENT_3D('',#4973,#4974,#4975);
#4973 = CARTESIAN_POINT('',(158.,72.,100.));
#4974 = DIRECTION('',(0.,1.,0.));
#4975 = DIRECTION('',(0.,0.,1.));
#4976 = ADVANCED_FACE('',(#4977),#4995,.T.);
#4977 = FACE_BOUND('',#4978,.T.);
#4978 = EDGE_LOOP('',(#4979,#4980,#4981,#4989));
#4979 = ORIENTED_EDGE('',*,*,#4924,.F.);
#4980 = ORIENTED_EDGE('',*,*,#4958,.T.);
#4981 = ORIENTED_EDGE('',*,*,#4982,.T.);
#4982 = EDGE_CURVE('',#4959,#4983,#4985,.T.);
#4983 = VERTEX_POINT('',#4984);
#4984 = CARTESIAN_POINT('',(166.,88.,153.));
#4985 = LINE('',#4986,#4987);
#4986 = CARTESIAN_POINT('',(166.,72.,153.));
#4987 = VECTOR('',#4988,1.);
#4988 = DIRECTION('',(0.,1.,0.));
#4989 = ORIENTED_EDGE('',*,*,#4990,.F.);
#4990 = EDGE_CURVE('',#4917,#4983,#4991,.T.);
#4991 = LINE('',#4992,#4993);
#4992 = CARTESIAN_POINT('',(158.,88.,153.));
#4993 = VECTOR('',#4994,1.);
#4994 = DIRECTION('',(1.,0.,0.));
#4995 = PLANE('',#4996);
#4996 = AXIS2_PLACEMENT_3D('',#4997,#4998,#4999);
#4997 = CARTESIAN_POINT('',(158.,72.,153.));
#4998 = DIRECTION('',(0.,0.,1.));
#4999 = DIRECTION('',(1.,0.,0.));
#5000 = ADVANCED_FACE('',(#5001),#5019,.F.);
#5001 = FACE_BOUND('',#5002,.F.);
#5002 = EDGE_LOOP('',(#5003,#5004,#5005,#5013));
#5003 = ORIENTED_EDGE('',*,*,#4908,.F.);
#5004 = ORIENTED_EDGE('',*,*,#4949,.T.);
#5005 = ORIENTED_EDGE('',*,*,#5006,.T.);
#5006 = EDGE_CURVE('',#4950,#5007,#5009,.T.);
#5007 = VERTEX_POINT('',#5008);
#5008 = CARTESIAN_POINT('',(166.,88.,100.));
#5009 = LINE('',#5010,#5011);
#5010 = CARTESIAN_POINT('',(166.,72.,100.));
#5011 = VECTOR('',#5012,1.);
#5012 = DIRECTION('',(0.,1.,0.));
#5013 = ORIENTED_EDGE('',*,*,#5014,.F.);
#5014 = EDGE_CURVE('',#4909,#5007,#5015,.T.);
#5015 = LINE('',#5016,#5017);
#5016 = CARTESIAN_POINT('',(158.,88.,100.));
#5017 = VECTOR('',#5018,1.);
#5018 = DIRECTION('',(1.,0.,0.));
#5019 = PLANE('',#5020);
#5020 = AXIS2_PLACEMENT_3D('',#5021,#5022,#5023);
#5021 = CARTESIAN_POINT('',(158.,72.,100.));
#5022 = DIRECTION('',(0.,0.,1.));
#5023 = DIRECTION('',(1.,0.,0.));
#5024 = ADVANCED_FACE('',(#5025),#5036,.T.);
#5025 = FACE_BOUND('',#5026,.T.);
#5026 = EDGE_LOOP('',(#5027,#5028,#5029,#5030));
#5027 = ORIENTED_EDGE('',*,*,#5014,.F.);
#5028 = ORIENTED_EDGE('',*,*,#4916,.T.);
#5029 = ORIENTED_EDGE('',*,*,#4990,.T.);
#5030 = ORIENTED_EDGE('',*,*,#5031,.F.);
#5031 = EDGE_CURVE('',#5007,#4983,#5032,.T.);
#5032 = LINE('',#5033,#5034);
#5033 = CARTESIAN_POINT('',(166.,88.,100.));
#5034 = VECTOR('',#5035,1.);
#5035 = DIRECTION('',(0.,0.,1.));
#5036 = PLANE('',#5037);
#5037 = AXIS2_PLACEMENT_3D('',#5038,#5039,#5040);
#5038 = CARTESIAN_POINT('',(158.,88.,100.));
#5039 = DIRECTION('',(0.,1.,0.));
#5040 = DIRECTION('',(0.,0.,1.));
#5041 = ADVANCED_FACE('',(#5042),#5061,.F.);
#5042 = FACE_BOUND('',#5043,.F.);
#5043 = EDGE_LOOP('',(#5044,#5053,#5059,#5060));
#5044 = ORIENTED_EDGE('',*,*,#5045,.F.);
#5045 = EDGE_CURVE('',#5046,#5046,#5048,.T.);
#5046 = VERTEX_POINT('',#5047);
#5047 = CARTESIAN_POINT('',(166.,80.,147.1));
#5048 = CIRCLE('',#5049,2.1);
#5049 = AXIS2_PLACEMENT_3D('',#5050,#5051,#5052);
#5050 = CARTESIAN_POINT('',(166.,80.,145.));
#5051 = DIRECTION('',(1.,0.,-0.));
#5052 = DIRECTION('',(0.,0.,1.));
#5053 = ORIENTED_EDGE('',*,*,#5054,.F.);
#5054 = EDGE_CURVE('',#4933,#5046,#5055,.T.);
#5055 = LINE('',#5056,#5057);
#5056 = CARTESIAN_POINT('',(157.,80.,147.1));
#5057 = VECTOR('',#5058,1.);
#5058 = DIRECTION('',(1.,0.,0.));
#5059 = ORIENTED_EDGE('',*,*,#4932,.T.);
#5060 = ORIENTED_EDGE('',*,*,#5054,.T.);
#5061 = CYLINDRICAL_SURFACE('',#5062,2.1);
#5062 = AXIS2_PLACEMENT_3D('',#5063,#5064,#5065);
#5063 = CARTESIAN_POINT('',(157.,80.,145.));
#5064 = DIRECTION('',(1.,0.,0.));
#5065 = DIRECTION('',(0.,0.,1.));
#5066 = ADVANCED_FACE('',(#5067,#5073),#5076,.T.);
#5067 = FACE_BOUND('',#5068,.T.);
#5068 = EDGE_LOOP('',(#5069,#5070,#5071,#5072));
#5069 = ORIENTED_EDGE('',*,*,#4966,.F.);
#5070 = ORIENTED_EDGE('',*,*,#5006,.T.);
#5071 = ORIENTED_EDGE('',*,*,#5031,.T.);
#5072 = ORIENTED_EDGE('',*,*,#4982,.F.);
#5073 = FACE_BOUND('',#5074,.T.);
#5074 = EDGE_LOOP('',(#5075));
#5075 = ORIENTED_EDGE('',*,*,#5045,.F.);
#5076 = PLANE('',#5077);
#5077 = AXIS2_PLACEMENT_3D('',#5078,#5079,#5080);
#5078 = CARTESIAN_POINT('',(166.,72.,100.));
#5079 = DIRECTION('',(1.,0.,0.));
#5080 = DIRECTION('',(0.,0.,1.));
#5081 = MANIFOLD_SOLID_BREP('',#5082);
#5082 = CLOSED_SHELL('',(#5083,#5134,#5165,#5189,#5213,#5230,#5255));
#5083 = ADVANCED_FACE('',(#5084,#5118),#5129,.F.);
#5084 = FACE_BOUND('',#5085,.F.);
#5085 = EDGE_LOOP('',(#5086,#5096,#5104,#5112));
#5086 = ORIENTED_EDGE('',*,*,#5087,.F.);
#5087 = EDGE_CURVE('',#5088,#5090,#5092,.T.);
#5088 = VERTEX_POINT('',#5089);
#5089 = CARTESIAN_POINT('',(194.,72.,100.));
#5090 = VERTEX_POINT('',#5091);
#5091 = CARTESIAN_POINT('',(194.,72.,153.));
#5092 = LINE('',#5093,#5094);
#5093 = CARTESIAN_POINT('',(194.,72.,100.));
#5094 = VECTOR('',#5095,1.);
#5095 = DIRECTION('',(0.,0.,1.));
#5096 = ORIENTED_EDGE('',*,*,#5097,.T.);
#5097 = EDGE_CURVE('',#5088,#5098,#5100,.T.);
#5098 = VERTEX_POINT('',#5099);
#5099 = CARTESIAN_POINT('',(194.,88.,100.));
#5100 = LINE('',#5101,#5102);
#5101 = CARTESIAN_POINT('',(194.,72.,100.));
#5102 = VECTOR('',#5103,1.);
#5103 = DIRECTION('',(0.,1.,0.));
#5104 = ORIENTED_EDGE('',*,*,#5105,.T.);
#5105 = EDGE_CURVE('',#5098,#5106,#5108,.T.);
#5106 = VERTEX_POINT('',#5107);
#5107 = CARTESIAN_POINT('',(194.,88.,153.));
#5108 = LINE('',#5109,#5110);
#5109 = CARTESIAN_POINT('',(194.,88.,100.));
#5110 = VECTOR('',#5111,1.);
#5111 = DIRECTION('',(0.,0.,1.));
#5112 = ORIENTED_EDGE('',*,*,#5113,.F.);
#5113 = EDGE_CURVE('',#5090,#5106,#5114,.T.);
#5114 = LINE('',#5115,#5116);
#5115 = CARTESIAN_POINT('',(194.,72.,153.));
#5116 = VECTOR('',#5117,1.);
#5117 = DIRECTION('',(0.,1.,0.));
#5118 = FACE_BOUND('',#5119,.F.);
#5119 = EDGE_LOOP('',(#5120));
#5120 = ORIENTED_EDGE('',*,*,#5121,.F.);
#5121 = EDGE_CURVE('',#5122,#5122,#5124,.T.);
#5122 = VERTEX_POINT('',#5123);
#5123 = CARTESIAN_POINT('',(194.,80.,147.1));
#5124 = CIRCLE('',#5125,2.1);
#5125 = AXIS2_PLACEMENT_3D('',#5126,#5127,#5128);
#5126 = CARTESIAN_POINT('',(194.,80.,145.));
#5127 = DIRECTION('',(1.,0.,-0.));
#5128 = DIRECTION('',(0.,0.,1.));
#5129 = PLANE('',#5130);
#5130 = AXIS2_PLACEMENT_3D('',#5131,#5132,#5133);
#5131 = CARTESIAN_POINT('',(194.,72.,100.));
#5132 = DIRECTION('',(1.,0.,0.));
#5133 = DIRECTION('',(0.,0.,1.));
#5134 = ADVANCED_FACE('',(#5135),#5160,.F.);
#5135 = FACE_BOUND('',#5136,.F.);
#5136 = EDGE_LOOP('',(#5137,#5145,#5146,#5154));
#5137 = ORIENTED_EDGE('',*,*,#5138,.F.);
#5138 = EDGE_CURVE('',#5088,#5139,#5141,.T.);
#5139 = VERTEX_POINT('',#5140);
#5140 = CARTESIAN_POINT('',(202.,72.,100.));
#5141 = LINE('',#5142,#5143);
#5142 = CARTESIAN_POINT('',(194.,72.,100.));
#5143 = VECTOR('',#5144,1.);
#5144 = DIRECTION('',(1.,0.,0.));
#5145 = ORIENTED_EDGE('',*,*,#5087,.T.);
#5146 = ORIENTED_EDGE('',*,*,#5147,.T.);
#5147 = EDGE_CURVE('',#5090,#5148,#5150,.T.);
#5148 = VERTEX_POINT('',#5149);
#5149 = CARTESIAN_POINT('',(202.,72.,153.));
#5150 = LINE('',#5151,#5152);
#5151 = CARTESIAN_POINT('',(194.,72.,153.));
#5152 = VECTOR('',#5153,1.);
#5153 = DIRECTION('',(1.,0.,0.));
#5154 = ORIENTED_EDGE('',*,*,#5155,.F.);
#5155 = EDGE_CURVE('',#5139,#5148,#5156,.T.);
#5156 = LINE('',#5157,#5158);
#5157 = CARTESIAN_POINT('',(202.,72.,100.));
#5158 = VECTOR('',#5159,1.);
#5159 = DIRECTION('',(0.,0.,1.));
#5160 = PLANE('',#5161);
#5161 = AXIS2_PLACEMENT_3D('',#5162,#5163,#5164);
#5162 = CARTESIAN_POINT('',(194.,72.,100.));
#5163 = DIRECTION('',(0.,1.,0.));
#5164 = DIRECTION('',(0.,0.,1.));
#5165 = ADVANCED_FACE('',(#5166),#5184,.T.);
#5166 = FACE_BOUND('',#5167,.T.);
#5167 = EDGE_LOOP('',(#5168,#5169,#5170,#5178));
#5168 = ORIENTED_EDGE('',*,*,#5113,.F.);
#5169 = ORIENTED_EDGE('',*,*,#5147,.T.);
#5170 = ORIENTED_EDGE('',*,*,#5171,.T.);
#5171 = EDGE_CURVE('',#5148,#5172,#5174,.T.);
#5172 = VERTEX_POINT('',#5173);
#5173 = CARTESIAN_POINT('',(202.,88.,153.));
#5174 = LINE('',#5175,#5176);
#5175 = CARTESIAN_POINT('',(202.,72.,153.));
#5176 = VECTOR('',#5177,1.);
#5177 = DIRECTION('',(0.,1.,0.));
#5178 = ORIENTED_EDGE('',*,*,#5179,.F.);
#5179 = EDGE_CURVE('',#5106,#5172,#5180,.T.);
#5180 = LINE('',#5181,#5182);
#5181 = CARTESIAN_POINT('',(194.,88.,153.));
#5182 = VECTOR('',#5183,1.);
#5183 = DIRECTION('',(1.,0.,0.));
#5184 = PLANE('',#5185);
#5185 = AXIS2_PLACEMENT_3D('',#5186,#5187,#5188);
#5186 = CARTESIAN_POINT('',(194.,72.,153.));
#5187 = DIRECTION('',(0.,0.,1.));
#5188 = DIRECTION('',(1.,0.,0.));
#5189 = ADVANCED_FACE('',(#5190),#5208,.F.);
#5190 = FACE_BOUND('',#5191,.F.);
#5191 = EDGE_LOOP('',(#5192,#5193,#5194,#5202));
#5192 = ORIENTED_EDGE('',*,*,#5097,.F.);
#5193 = ORIENTED_EDGE('',*,*,#5138,.T.);
#5194 = ORIENTED_EDGE('',*,*,#5195,.T.);
#5195 = EDGE_CURVE('',#5139,#5196,#5198,.T.);
#5196 = VERTEX_POINT('',#5197);
#5197 = CARTESIAN_POINT('',(202.,88.,100.));
#5198 = LINE('',#5199,#5200);
#5199 = CARTESIAN_POINT('',(202.,72.,100.));
#5200 = VECTOR('',#5201,1.);
#5201 = DIRECTION('',(0.,1.,0.));
#5202 = ORIENTED_EDGE('',*,*,#5203,.F.);
#5203 = EDGE_CURVE('',#5098,#5196,#5204,.T.);
#5204 = LINE('',#5205,#5206);
#5205 = CARTESIAN_POINT('',(194.,88.,100.));
#5206 = VECTOR('',#5207,1.);
#5207 = DIRECTION('',(1.,0.,0.));
#5208 = PLANE('',#5209);
#5209 = AXIS2_PLACEMENT_3D('',#5210,#5211,#5212);
#5210 = CARTESIAN_POINT('',(194.,72.,100.));
#5211 = DIRECTION('',(0.,0.,1.));
#5212 = DIRECTION('',(1.,0.,0.));
#5213 = ADVANCED_FACE('',(#5214),#5225,.T.);
#5214 = FACE_BOUND('',#5215,.T.);
#5215 = EDGE_LOOP('',(#5216,#5217,#5218,#5219));
#5216 = ORIENTED_EDGE('',*,*,#5203,.F.);
#5217 = ORIENTED_EDGE('',*,*,#5105,.T.);
#5218 = ORIENTED_EDGE('',*,*,#5179,.T.);
#5219 = ORIENTED_EDGE('',*,*,#5220,.F.);
#5220 = EDGE_CURVE('',#5196,#5172,#5221,.T.);
#5221 = LINE('',#5222,#5223);
#5222 = CARTESIAN_POINT('',(202.,88.,100.));
#5223 = VECTOR('',#5224,1.);
#5224 = DIRECTION('',(0.,0.,1.));
#5225 = PLANE('',#5226);
#5226 = AXIS2_PLACEMENT_3D('',#5227,#5228,#5229);
#5227 = CARTESIAN_POINT('',(194.,88.,100.));
#5228 = DIRECTION('',(0.,1.,0.));
#5229 = DIRECTION('',(0.,0.,1.));
#5230 = ADVANCED_FACE('',(#5231),#5250,.F.);
#5231 = FACE_BOUND('',#5232,.F.);
#5232 = EDGE_LOOP('',(#5233,#5242,#5248,#5249));
#5233 = ORIENTED_EDGE('',*,*,#5234,.F.);
#5234 = EDGE_CURVE('',#5235,#5235,#5237,.T.);
#5235 = VERTEX_POINT('',#5236);
#5236 = CARTESIAN_POINT('',(202.,80.,147.1));
#5237 = CIRCLE('',#5238,2.1);
#5238 = AXIS2_PLACEMENT_3D('',#5239,#5240,#5241);
#5239 = CARTESIAN_POINT('',(202.,80.,145.));
#5240 = DIRECTION('',(1.,0.,-0.));
#5241 = DIRECTION('',(0.,0.,1.));
#5242 = ORIENTED_EDGE('',*,*,#5243,.F.);
#5243 = EDGE_CURVE('',#5122,#5235,#5244,.T.);
#5244 = LINE('',#5245,#5246);
#5245 = CARTESIAN_POINT('',(193.,80.,147.1));
#5246 = VECTOR('',#5247,1.);
#5247 = DIRECTION('',(1.,0.,0.));
#5248 = ORIENTED_EDGE('',*,*,#5121,.T.);
#5249 = ORIENTED_EDGE('',*,*,#5243,.T.);
#5250 = CYLINDRICAL_SURFACE('',#5251,2.1);
#5251 = AXIS2_PLACEMENT_3D('',#5252,#5253,#5254);
#5252 = CARTESIAN_POINT('',(193.,80.,145.));
#5253 = DIRECTION('',(1.,0.,0.));
#5254 = DIRECTION('',(0.,0.,1.));
#5255 = ADVANCED_FACE('',(#5256,#5262),#5265,.T.);
#5256 = FACE_BOUND('',#5257,.T.);
#5257 = EDGE_LOOP('',(#5258,#5259,#5260,#5261));
#5258 = ORIENTED_EDGE('',*,*,#5155,.F.);
#5259 = ORIENTED_EDGE('',*,*,#5195,.T.);
#5260 = ORIENTED_EDGE('',*,*,#5220,.T.);
#5261 = ORIENTED_EDGE('',*,*,#5171,.F.);
#5262 = FACE_BOUND('',#5263,.T.);
#5263 = EDGE_LOOP('',(#5264));
#5264 = ORIENTED_EDGE('',*,*,#5234,.F.);
#5265 = PLANE('',#5266);
#5266 = AXIS2_PLACEMENT_3D('',#5267,#5268,#5269);
#5267 = CARTESIAN_POINT('',(202.,72.,100.));
#5268 = DIRECTION('',(1.,0.,0.));
#5269 = DIRECTION('',(0.,0.,1.));
#5270 = MANIFOLD_SOLID_BREP('',#5271);
#5271 = CLOSED_SHELL('',(#5272,#5305,#5314));
#5272 = ADVANCED_FACE('',(#5273),#5300,.T.);
#5273 = FACE_BOUND('',#5274,.T.);
#5274 = EDGE_LOOP('',(#5275,#5284,#5292,#5299));
#5275 = ORIENTED_EDGE('',*,*,#5276,.F.);
#5276 = EDGE_CURVE('',#5277,#5277,#5279,.T.);
#5277 = VERTEX_POINT('',#5278);
#5278 = CARTESIAN_POINT('',(180.,166.9269304346,114.11377709693));
#5279 = CIRCLE('',#5280,5.);
#5280 = AXIS2_PLACEMENT_3D('',#5281,#5282,#5283);
#5281 = CARTESIAN_POINT('',(180.,165.,109.5));
#5282 = DIRECTION('',(0.2619237387,0.890540711579,-0.371931708954));
#5283 = DIRECTION('',(-2.631224163001E-17,0.38538608692,0.922755419387)
  );
#5284 = ORIENTED_EDGE('',*,*,#5285,.F.);
#5285 = EDGE_CURVE('',#5286,#5277,#5288,.T.);
#5286 = VERTEX_POINT('',#5287);
#5287 = CARTESIAN_POINT('',(155.,81.926930434602,149.61377709693));
#5288 = LINE('',#5289,#5290);
#5289 = CARTESIAN_POINT('',(155.,81.926930434602,149.61377709693));
#5290 = VECTOR('',#5291,1.);
#5291 = DIRECTION('',(0.2619237387,0.890540711579,-0.371931708954));
#5292 = ORIENTED_EDGE('',*,*,#5293,.T.);
#5293 = EDGE_CURVE('',#5286,#5286,#5294,.T.);
#5294 = CIRCLE('',#5295,5.);
#5295 = AXIS2_PLACEMENT_3D('',#5296,#5297,#5298);
#5296 = CARTESIAN_POINT('',(155.,80.,145.));
#5297 = DIRECTION('',(0.2619237387,0.890540711579,-0.371931708954));
#5298 = DIRECTION('',(-2.631224163001E-17,0.38538608692,0.922755419387)
  );
#5299 = ORIENTED_EDGE('',*,*,#5285,.T.);
#5300 = CYLINDRICAL_SURFACE('',#5301,5.);
#5301 = AXIS2_PLACEMENT_3D('',#5302,#5303,#5304);
#5302 = CARTESIAN_POINT('',(155.,80.,145.));
#5303 = DIRECTION('',(0.2619237387,0.890540711579,-0.371931708954));
#5304 = DIRECTION('',(-1.395350660049E-17,0.38538608692,0.922755419387)
  );
#5305 = ADVANCED_FACE('',(#5306),#5309,.T.);
#5306 = FACE_BOUND('',#5307,.T.);
#5307 = EDGE_LOOP('',(#5308));
#5308 = ORIENTED_EDGE('',*,*,#5276,.T.);
#5309 = PLANE('',#5310);
#5310 = AXIS2_PLACEMENT_3D('',#5311,#5312,#5313);
#5311 = CARTESIAN_POINT('',(180.,165.,109.5));
#5312 = DIRECTION('',(0.2619237387,0.890540711579,-0.371931708954));
#5313 = DIRECTION('',(-1.395350660049E-17,0.38538608692,0.922755419387)
  );
#5314 = ADVANCED_FACE('',(#5315),#5318,.F.);
#5315 = FACE_BOUND('',#5316,.T.);
#5316 = EDGE_LOOP('',(#5317));
#5317 = ORIENTED_EDGE('',*,*,#5293,.F.);
#5318 = PLANE('',#5319);
#5319 = AXIS2_PLACEMENT_3D('',#5320,#5321,#5322);
#5320 = CARTESIAN_POINT('',(155.,80.,145.));
#5321 = DIRECTION('',(0.2619237387,0.890540711579,-0.371931708954));
#5322 = DIRECTION('',(-1.395350660049E-17,0.38538608692,0.922755419387)
  );
#5323 = MANIFOLD_SOLID_BREP('',#5324);
#5324 = CLOSED_SHELL('',(#5325,#5358,#5367));
#5325 = ADVANCED_FACE('',(#5326),#5353,.T.);
#5326 = FACE_BOUND('',#5327,.T.);
#5327 = EDGE_LOOP('',(#5328,#5337,#5345,#5352));
#5328 = ORIENTED_EDGE('',*,*,#5329,.F.);
#5329 = EDGE_CURVE('',#5330,#5330,#5332,.T.);
#5330 = VERTEX_POINT('',#5331);
#5331 = CARTESIAN_POINT('',(180.,166.9269304346,114.11377709693));
#5332 = CIRCLE('',#5333,5.);
#5333 = AXIS2_PLACEMENT_3D('',#5334,#5335,#5336);
#5334 = CARTESIAN_POINT('',(180.,165.,109.5));
#5335 = DIRECTION('',(-0.2619237387,0.890540711579,-0.371931708954));
#5336 = DIRECTION('',(2.631224163001E-17,0.38538608692,0.922755419387));
#5337 = ORIENTED_EDGE('',*,*,#5338,.F.);
#5338 = EDGE_CURVE('',#5339,#5330,#5341,.T.);
#5339 = VERTEX_POINT('',#5340);
#5340 = CARTESIAN_POINT('',(205.,81.926930434602,149.61377709693));
#5341 = LINE('',#5342,#5343);
#5342 = CARTESIAN_POINT('',(205.,81.926930434602,149.61377709693));
#5343 = VECTOR('',#5344,1.);
#5344 = DIRECTION('',(-0.2619237387,0.890540711579,-0.371931708954));
#5345 = ORIENTED_EDGE('',*,*,#5346,.T.);
#5346 = EDGE_CURVE('',#5339,#5339,#5347,.T.);
#5347 = CIRCLE('',#5348,5.);
#5348 = AXIS2_PLACEMENT_3D('',#5349,#5350,#5351);
#5349 = CARTESIAN_POINT('',(205.,80.,145.));
#5350 = DIRECTION('',(-0.2619237387,0.890540711579,-0.371931708954));
#5351 = DIRECTION('',(2.631224163001E-17,0.38538608692,0.922755419387));
#5352 = ORIENTED_EDGE('',*,*,#5338,.T.);
#5353 = CYLINDRICAL_SURFACE('',#5354,5.);
#5354 = AXIS2_PLACEMENT_3D('',#5355,#5356,#5357);
#5355 = CARTESIAN_POINT('',(205.,80.,145.));
#5356 = DIRECTION('',(-0.2619237387,0.890540711579,-0.371931708954));
#5357 = DIRECTION('',(1.395350660049E-17,0.38538608692,0.922755419387));
#5358 = ADVANCED_FACE('',(#5359),#5362,.T.);
#5359 = FACE_BOUND('',#5360,.T.);
#5360 = EDGE_LOOP('',(#5361));
#5361 = ORIENTED_EDGE('',*,*,#5329,.T.);
#5362 = PLANE('',#5363);
#5363 = AXIS2_PLACEMENT_3D('',#5364,#5365,#5366);
#5364 = CARTESIAN_POINT('',(180.,165.,109.5));
#5365 = DIRECTION('',(-0.2619237387,0.890540711579,-0.371931708954));
#5366 = DIRECTION('',(1.395350660049E-17,0.38538608692,0.922755419387));
#5367 = ADVANCED_FACE('',(#5368),#5371,.F.);
#5368 = FACE_BOUND('',#5369,.T.);
#5369 = EDGE_LOOP('',(#5370));
#5370 = ORIENTED_EDGE('',*,*,#5346,.F.);
#5371 = PLANE('',#5372);
#5372 = AXIS2_PLACEMENT_3D('',#5373,#5374,#5375);
#5373 = CARTESIAN_POINT('',(205.,80.,145.));
#5374 = DIRECTION('',(-0.2619237387,0.890540711579,-0.371931708954));
#5375 = DIRECTION('',(1.395350660049E-17,0.38538608692,0.922755419387));
#5376 = MANIFOLD_SOLID_BREP('',#5377);
#5377 = CLOSED_SHELL('',(#5378,#5418,#5460,#5484,#5519,#5536,#5548));
#5378 = ADVANCED_FACE('',(#5379),#5413,.F.);
#5379 = FACE_BOUND('',#5380,.F.);
#5380 = EDGE_LOOP('',(#5381,#5391,#5399,#5407));
#5381 = ORIENTED_EDGE('',*,*,#5382,.F.);
#5382 = EDGE_CURVE('',#5383,#5385,#5387,.T.);
#5383 = VERTEX_POINT('',#5384);
#5384 = CARTESIAN_POINT('',(168.,157.,64.5));
#5385 = VERTEX_POINT('',#5386);
#5386 = CARTESIAN_POINT('',(168.,157.,109.5));
#5387 = LINE('',#5388,#5389);
#5388 = CARTESIAN_POINT('',(168.,157.,64.5));
#5389 = VECTOR('',#5390,1.);
#5390 = DIRECTION('',(0.,0.,1.));
#5391 = ORIENTED_EDGE('',*,*,#5392,.T.);
#5392 = EDGE_CURVE('',#5383,#5393,#5395,.T.);
#5393 = VERTEX_POINT('',#5394);
#5394 = CARTESIAN_POINT('',(168.,173.,64.5));
#5395 = LINE('',#5396,#5397);
#5396 = CARTESIAN_POINT('',(168.,157.,64.5));
#5397 = VECTOR('',#5398,1.);
#5398 = DIRECTION('',(0.,1.,0.));
#5399 = ORIENTED_EDGE('',*,*,#5400,.T.);
#5400 = EDGE_CURVE('',#5393,#5401,#5403,.T.);
#5401 = VERTEX_POINT('',#5402);
#5402 = CARTESIAN_POINT('',(168.,173.,109.5));
#5403 = LINE('',#5404,#5405);
#5404 = CARTESIAN_POINT('',(168.,173.,64.5));
#5405 = VECTOR('',#5406,1.);
#5406 = DIRECTION('',(0.,0.,1.));
#5407 = ORIENTED_EDGE('',*,*,#5408,.F.);
#5408 = EDGE_CURVE('',#5385,#5401,#5409,.T.);
#5409 = LINE('',#5410,#5411);
#5410 = CARTESIAN_POINT('',(168.,157.,109.5));
#5411 = VECTOR('',#5412,1.);
#5412 = DIRECTION('',(0.,1.,0.));
#5413 = PLANE('',#5414);
#5414 = AXIS2_PLACEMENT_3D('',#5415,#5416,#5417);
#5415 = CARTESIAN_POINT('',(168.,157.,64.5));
#5416 = DIRECTION('',(1.,0.,0.));
#5417 = DIRECTION('',(0.,0.,1.));
#5418 = ADVANCED_FACE('',(#5419,#5444),#5455,.F.);
#5419 = FACE_BOUND('',#5420,.F.);
#5420 = EDGE_LOOP('',(#5421,#5429,#5430,#5438));
#5421 = ORIENTED_EDGE('',*,*,#5422,.F.);
#5422 = EDGE_CURVE('',#5383,#5423,#5425,.T.);
#5423 = VERTEX_POINT('',#5424);
#5424 = CARTESIAN_POINT('',(192.,157.,64.5));
#5425 = LINE('',#5426,#5427);
#5426 = CARTESIAN_POINT('',(168.,157.,64.5));
#5427 = VECTOR('',#5428,1.);
#5428 = DIRECTION('',(1.,0.,0.));
#5429 = ORIENTED_EDGE('',*,*,#5382,.T.);
#5430 = ORIENTED_EDGE('',*,*,#5431,.T.);
#5431 = EDGE_CURVE('',#5385,#5432,#5434,.T.);
#5432 = VERTEX_POINT('',#5433);
#5433 = CARTESIAN_POINT('',(192.,157.,109.5));
#5434 = LINE('',#5435,#5436);
#5435 = CARTESIAN_POINT('',(168.,157.,109.5));
#5436 = VECTOR('',#5437,1.);
#5437 = DIRECTION('',(1.,0.,0.));
#5438 = ORIENTED_EDGE('',*,*,#5439,.F.);
#5439 = EDGE_CURVE('',#5423,#5432,#5440,.T.);
#5440 = LINE('',#5441,#5442);
#5441 = CARTESIAN_POINT('',(192.,157.,64.5));
#5442 = VECTOR('',#5443,1.);
#5443 = DIRECTION('',(0.,0.,1.));
#5444 = FACE_BOUND('',#5445,.F.);
#5445 = EDGE_LOOP('',(#5446));
#5446 = ORIENTED_EDGE('',*,*,#5447,.F.);
#5447 = EDGE_CURVE('',#5448,#5448,#5450,.T.);
#5448 = VERTEX_POINT('',#5449);
#5449 = CARTESIAN_POINT('',(180.,157.,95.5));
#5450 = CIRCLE('',#5451,11.);
#5451 = AXIS2_PLACEMENT_3D('',#5452,#5453,#5454);
#5452 = CARTESIAN_POINT('',(180.,157.,84.5));
#5453 = DIRECTION('',(0.,1.,0.));
#5454 = DIRECTION('',(0.,0.,1.));
#5455 = PLANE('',#5456);
#5456 = AXIS2_PLACEMENT_3D('',#5457,#5458,#5459);
#5457 = CARTESIAN_POINT('',(168.,157.,64.5));
#5458 = DIRECTION('',(0.,1.,0.));
#5459 = DIRECTION('',(0.,0.,1.));
#5460 = ADVANCED_FACE('',(#5461),#5479,.T.);
#5461 = FACE_BOUND('',#5462,.T.);
#5462 = EDGE_LOOP('',(#5463,#5464,#5465,#5473));
#5463 = ORIENTED_EDGE('',*,*,#5408,.F.);
#5464 = ORIENTED_EDGE('',*,*,#5431,.T.);
#5465 = ORIENTED_EDGE('',*,*,#5466,.T.);
#5466 = EDGE_CURVE('',#5432,#5467,#5469,.T.);
#5467 = VERTEX_POINT('',#5468);
#5468 = CARTESIAN_POINT('',(192.,173.,109.5));
#5469 = LINE('',#5470,#5471);
#5470 = CARTESIAN_POINT('',(192.,157.,109.5));
#5471 = VECTOR('',#5472,1.);
#5472 = DIRECTION('',(0.,1.,0.));
#5473 = ORIENTED_EDGE('',*,*,#5474,.F.);
#5474 = EDGE_CURVE('',#5401,#5467,#5475,.T.);
#5475 = LINE('',#5476,#5477);
#5476 = CARTESIAN_POINT('',(168.,173.,109.5));
#5477 = VECTOR('',#5478,1.);
#5478 = DIRECTION('',(1.,0.,0.));
#5479 = PLANE('',#5480);
#5480 = AXIS2_PLACEMENT_3D('',#5481,#5482,#5483);
#5481 = CARTESIAN_POINT('',(168.,157.,109.5));
#5482 = DIRECTION('',(0.,0.,1.));
#5483 = DIRECTION('',(1.,0.,0.));
#5484 = ADVANCED_FACE('',(#5485,#5503),#5514,.T.);
#5485 = FACE_BOUND('',#5486,.T.);
#5486 = EDGE_LOOP('',(#5487,#5495,#5496,#5497));
#5487 = ORIENTED_EDGE('',*,*,#5488,.F.);
#5488 = EDGE_CURVE('',#5393,#5489,#5491,.T.);
#5489 = VERTEX_POINT('',#5490);
#5490 = CARTESIAN_POINT('',(192.,173.,64.5));
#5491 = LINE('',#5492,#5493);
#5492 = CARTESIAN_POINT('',(168.,173.,64.5));
#5493 = VECTOR('',#5494,1.);
#5494 = DIRECTION('',(1.,0.,0.));
#5495 = ORIENTED_EDGE('',*,*,#5400,.T.);
#5496 = ORIENTED_EDGE('',*,*,#5474,.T.);
#5497 = ORIENTED_EDGE('',*,*,#5498,.F.);
#5498 = EDGE_CURVE('',#5489,#5467,#5499,.T.);
#5499 = LINE('',#5500,#5501);
#5500 = CARTESIAN_POINT('',(192.,173.,64.5));
#5501 = VECTOR('',#5502,1.);
#5502 = DIRECTION('',(0.,0.,1.));
#5503 = FACE_BOUND('',#5504,.T.);
#5504 = EDGE_LOOP('',(#5505));
#5505 = ORIENTED_EDGE('',*,*,#5506,.F.);
#5506 = EDGE_CURVE('',#5507,#5507,#5509,.T.);
#5507 = VERTEX_POINT('',#5508);
#5508 = CARTESIAN_POINT('',(180.,173.,95.5));
#5509 = CIRCLE('',#5510,11.);
#5510 = AXIS2_PLACEMENT_3D('',#5511,#5512,#5513);
#5511 = CARTESIAN_POINT('',(180.,173.,84.5));
#5512 = DIRECTION('',(0.,1.,0.));
#5513 = DIRECTION('',(0.,0.,1.));
#5514 = PLANE('',#5515);
#5515 = AXIS2_PLACEMENT_3D('',#5516,#5517,#5518);
#5516 = CARTESIAN_POINT('',(168.,173.,64.5));
#5517 = DIRECTION('',(0.,1.,0.));
#5518 = DIRECTION('',(0.,0.,1.));
#5519 = ADVANCED_FACE('',(#5520),#5531,.F.);
#5520 = FACE_BOUND('',#5521,.F.);
#5521 = EDGE_LOOP('',(#5522,#5523,#5524,#5530));
#5522 = ORIENTED_EDGE('',*,*,#5392,.F.);
#5523 = ORIENTED_EDGE('',*,*,#5422,.T.);
#5524 = ORIENTED_EDGE('',*,*,#5525,.T.);
#5525 = EDGE_CURVE('',#5423,#5489,#5526,.T.);
#5526 = LINE('',#5527,#5528);
#5527 = CARTESIAN_POINT('',(192.,157.,64.5));
#5528 = VECTOR('',#5529,1.);
#5529 = DIRECTION('',(0.,1.,0.));
#5530 = ORIENTED_EDGE('',*,*,#5488,.F.);
#5531 = PLANE('',#5532);
#5532 = AXIS2_PLACEMENT_3D('',#5533,#5534,#5535);
#5533 = CARTESIAN_POINT('',(168.,157.,64.5));
#5534 = DIRECTION('',(0.,0.,1.));
#5535 = DIRECTION('',(1.,0.,0.));
#5536 = ADVANCED_FACE('',(#5537),#5543,.T.);
#5537 = FACE_BOUND('',#5538,.T.);
#5538 = EDGE_LOOP('',(#5539,#5540,#5541,#5542));
#5539 = ORIENTED_EDGE('',*,*,#5439,.F.);
#5540 = ORIENTED_EDGE('',*,*,#5525,.T.);
#5541 = ORIENTED_EDGE('',*,*,#5498,.T.);
#5542 = ORIENTED_EDGE('',*,*,#5466,.F.);
#5543 = PLANE('',#5544);
#5544 = AXIS2_PLACEMENT_3D('',#5545,#5546,#5547);
#5545 = CARTESIAN_POINT('',(192.,157.,64.5));
#5546 = DIRECTION('',(1.,0.,0.));
#5547 = DIRECTION('',(0.,0.,1.));
#5548 = ADVANCED_FACE('',(#5549),#5560,.F.);
#5549 = FACE_BOUND('',#5550,.F.);
#5550 = EDGE_LOOP('',(#5551,#5552,#5558,#5559));
#5551 = ORIENTED_EDGE('',*,*,#5506,.F.);
#5552 = ORIENTED_EDGE('',*,*,#5553,.F.);
#5553 = EDGE_CURVE('',#5448,#5507,#5554,.T.);
#5554 = LINE('',#5555,#5556);
#5555 = CARTESIAN_POINT('',(180.,150.,95.5));
#5556 = VECTOR('',#5557,1.);
#5557 = DIRECTION('',(0.,1.,0.));
#5558 = ORIENTED_EDGE('',*,*,#5447,.T.);
#5559 = ORIENTED_EDGE('',*,*,#5553,.T.);
#5560 = CYLINDRICAL_SURFACE('',#5561,11.);
#5561 = AXIS2_PLACEMENT_3D('',#5562,#5563,#5564);
#5562 = CARTESIAN_POINT('',(180.,150.,84.5));
#5563 = DIRECTION('',(0.,1.,0.));
#5564 = DIRECTION('',(0.,0.,1.));
#5565 = MANIFOLD_SOLID_BREP('',#5566);
#5566 = CLOSED_SHELL('',(#5567,#5588,#5613));
#5567 = ADVANCED_FACE('',(#5568,#5572),#5583,.T.);
#5568 = FACE_BOUND('',#5569,.T.);
#5569 = VERTEX_LOOP('',#5570);
#5570 = VERTEX_POINT('',#5571);
#5571 = CARTESIAN_POINT('',(180.,165.,71.5));
#5572 = FACE_BOUND('',#5573,.T.);
#5573 = EDGE_LOOP('',(#5574));
#5574 = ORIENTED_EDGE('',*,*,#5575,.T.);
#5575 = EDGE_CURVE('',#5576,#5576,#5578,.T.);
#5576 = VERTEX_POINT('',#5577);
#5577 = CARTESIAN_POINT('',(180.,158.67544467966,67.5));
#5578 = CIRCLE('',#5579,3.);
#5579 = AXIS2_PLACEMENT_3D('',#5580,#5581,#5582);
#5580 = CARTESIAN_POINT('',(180.,158.67544467966,64.5));
#5581 = DIRECTION('',(0.,1.,0.));
#5582 = DIRECTION('',(0.,0.,1.));
#5583 = SPHERICAL_SURFACE('',#5584,7.);
#5584 = AXIS2_PLACEMENT_3D('',#5585,#5586,#5587);
#5585 = CARTESIAN_POINT('',(180.,165.,64.5));
#5586 = DIRECTION('',(0.,0.,1.));
#5587 = DIRECTION('',(1.,0.,0.));
#5588 = ADVANCED_FACE('',(#5589),#5608,.T.);
#5589 = FACE_BOUND('',#5590,.T.);
#5590 = EDGE_LOOP('',(#5591,#5592,#5600,#5607));
#5591 = ORIENTED_EDGE('',*,*,#5575,.F.);
#5592 = ORIENTED_EDGE('',*,*,#5593,.F.);
#5593 = EDGE_CURVE('',#5594,#5576,#5596,.T.);
#5594 = VERTEX_POINT('',#5595);
#5595 = CARTESIAN_POINT('',(180.,137.,67.5));
#5596 = LINE('',#5597,#5598);
#5597 = CARTESIAN_POINT('',(180.,137.,67.5));
#5598 = VECTOR('',#5599,1.);
#5599 = DIRECTION('',(0.,1.,0.));
#5600 = ORIENTED_EDGE('',*,*,#5601,.T.);
#5601 = EDGE_CURVE('',#5594,#5594,#5602,.T.);
#5602 = CIRCLE('',#5603,3.);
#5603 = AXIS2_PLACEMENT_3D('',#5604,#5605,#5606);
#5604 = CARTESIAN_POINT('',(180.,137.,64.5));
#5605 = DIRECTION('',(0.,1.,0.));
#5606 = DIRECTION('',(0.,0.,1.));
#5607 = ORIENTED_EDGE('',*,*,#5593,.T.);
#5608 = CYLINDRICAL_SURFACE('',#5609,3.);
#5609 = AXIS2_PLACEMENT_3D('',#5610,#5611,#5612);
#5610 = CARTESIAN_POINT('',(180.,137.,64.5));
#5611 = DIRECTION('',(0.,1.,0.));
#5612 = DIRECTION('',(0.,0.,1.));
#5613 = ADVANCED_FACE('',(#5614),#5617,.F.);
#5614 = FACE_BOUND('',#5615,.T.);
#5615 = EDGE_LOOP('',(#5616));
#5616 = ORIENTED_EDGE('',*,*,#5601,.F.);
#5617 = PLANE('',#5618);
#5618 = AXIS2_PLACEMENT_3D('',#5619,#5620,#5621);
#5619 = CARTESIAN_POINT('',(180.,137.,64.5));
#5620 = DIRECTION('',(0.,1.,0.));
#5621 = DIRECTION('',(0.,0.,1.));
#5622 = MANIFOLD_SOLID_BREP('',#5623);
#5623 = CLOSED_SHELL('',(#5624,#5645,#5670));
#5624 = ADVANCED_FACE('',(#5625,#5629),#5640,.T.);
#5625 = FACE_BOUND('',#5626,.T.);
#5626 = VERTEX_LOOP('',#5627);
#5627 = VERTEX_POINT('',#5628);
#5628 = CARTESIAN_POINT('',(180.,165.,116.5));
#5629 = FACE_BOUND('',#5630,.T.);
#5630 = EDGE_LOOP('',(#5631));
#5631 = ORIENTED_EDGE('',*,*,#5632,.T.);
#5632 = EDGE_CURVE('',#5633,#5633,#5635,.T.);
#5633 = VERTEX_POINT('',#5634);
#5634 = CARTESIAN_POINT('',(180.,158.67544467966,112.5));
#5635 = CIRCLE('',#5636,3.);
#5636 = AXIS2_PLACEMENT_3D('',#5637,#5638,#5639);
#5637 = CARTESIAN_POINT('',(180.,158.67544467966,109.5));
#5638 = DIRECTION('',(0.,1.,0.));
#5639 = DIRECTION('',(0.,0.,1.));
#5640 = SPHERICAL_SURFACE('',#5641,7.);
#5641 = AXIS2_PLACEMENT_3D('',#5642,#5643,#5644);
#5642 = CARTESIAN_POINT('',(180.,165.,109.5));
#5643 = DIRECTION('',(0.,0.,1.));
#5644 = DIRECTION('',(1.,0.,0.));
#5645 = ADVANCED_FACE('',(#5646),#5665,.T.);
#5646 = FACE_BOUND('',#5647,.T.);
#5647 = EDGE_LOOP('',(#5648,#5649,#5657,#5664));
#5648 = ORIENTED_EDGE('',*,*,#5632,.F.);
#5649 = ORIENTED_EDGE('',*,*,#5650,.F.);
#5650 = EDGE_CURVE('',#5651,#5633,#5653,.T.);
#5651 = VERTEX_POINT('',#5652);
#5652 = CARTESIAN_POINT('',(180.,137.,112.5));
#5653 = LINE('',#5654,#5655);
#5654 = CARTESIAN_POINT('',(180.,137.,112.5));
#5655 = VECTOR('',#5656,1.);
#5656 = DIRECTION('',(0.,1.,0.));
#5657 = ORIENTED_EDGE('',*,*,#5658,.T.);
#5658 = EDGE_CURVE('',#5651,#5651,#5659,.T.);
#5659 = CIRCLE('',#5660,3.);
#5660 = AXIS2_PLACEMENT_3D('',#5661,#5662,#5663);
#5661 = CARTESIAN_POINT('',(180.,137.,109.5));
#5662 = DIRECTION('',(0.,1.,0.));
#5663 = DIRECTION('',(0.,0.,1.));
#5664 = ORIENTED_EDGE('',*,*,#5650,.T.);
#5665 = CYLINDRICAL_SURFACE('',#5666,3.);
#5666 = AXIS2_PLACEMENT_3D('',#5667,#5668,#5669);
#5667 = CARTESIAN_POINT('',(180.,137.,109.5));
#5668 = DIRECTION('',(0.,1.,0.));
#5669 = DIRECTION('',(0.,0.,1.));
#5670 = ADVANCED_FACE('',(#5671),#5674,.F.);
#5671 = FACE_BOUND('',#5672,.T.);
#5672 = EDGE_LOOP('',(#5673));
#5673 = ORIENTED_EDGE('',*,*,#5658,.F.);
#5674 = PLANE('',#5675);
#5675 = AXIS2_PLACEMENT_3D('',#5676,#5677,#5678);
#5676 = CARTESIAN_POINT('',(180.,137.,109.5));
#5677 = DIRECTION('',(0.,1.,0.));
#5678 = DIRECTION('',(0.,0.,1.));
#5679 = MANIFOLD_SOLID_BREP('',#5680);
#5680 = CLOSED_SHELL('',(#5681,#5714,#5723));
#5681 = ADVANCED_FACE('',(#5682),#5709,.T.);
#5682 = FACE_BOUND('',#5683,.T.);
#5683 = EDGE_LOOP('',(#5684,#5693,#5701,#5708));
#5684 = ORIENTED_EDGE('',*,*,#5685,.F.);
#5685 = EDGE_CURVE('',#5686,#5686,#5688,.T.);
#5686 = VERTEX_POINT('',#5687);
#5687 = CARTESIAN_POINT('',(137.,107.37536546895,194.43315699408));
#5688 = CIRCLE('',#5689,2.5);
#5689 = AXIS2_PLACEMENT_3D('',#5690,#5691,#5692);
#5690 = CARTESIAN_POINT('',(137.,105.,193.6536450385));
#5691 = DIRECTION('',(-0.217391304348,-0.304347826087,0.927423000335));
#5692 = DIRECTION('',(1.350813400693E-17,0.950146187583,0.311804782231)
  );
#5693 = ORIENTED_EDGE('',*,*,#5694,.F.);
#5694 = EDGE_CURVE('',#5695,#5686,#5697,.T.);
#5695 = VERTEX_POINT('',#5696);
#5696 = CARTESIAN_POINT('',(162.,142.37536546895,87.779511955578));
#5697 = LINE('',#5698,#5699);
#5698 = CARTESIAN_POINT('',(162.,142.37536546895,87.779511955578));
#5699 = VECTOR('',#5700,1.);
#5700 = DIRECTION('',(-0.217391304348,-0.304347826087,0.927423000335));
#5701 = ORIENTED_EDGE('',*,*,#5702,.T.);
#5702 = EDGE_CURVE('',#5695,#5695,#5703,.T.);
#5703 = CIRCLE('',#5704,2.5);
#5704 = AXIS2_PLACEMENT_3D('',#5705,#5706,#5707);
#5705 = CARTESIAN_POINT('',(162.,140.,87.));
#5706 = DIRECTION('',(-0.217391304348,-0.304347826087,0.927423000335));
#5707 = DIRECTION('',(1.350813400693E-17,0.950146187583,0.311804782231)
  );
#5708 = ORIENTED_EDGE('',*,*,#5694,.T.);
#5709 = CYLINDRICAL_SURFACE('',#5710,2.5);
#5710 = AXIS2_PLACEMENT_3D('',#5711,#5712,#5713);
#5711 = CARTESIAN_POINT('',(162.,140.,87.));
#5712 = DIRECTION('',(-0.217391304348,-0.304347826087,0.927423000335));
#5713 = DIRECTION('',(1.350813400693E-17,0.950146187583,0.311804782231)
  );
#5714 = ADVANCED_FACE('',(#5715),#5718,.T.);
#5715 = FACE_BOUND('',#5716,.T.);
#5716 = EDGE_LOOP('',(#5717));
#5717 = ORIENTED_EDGE('',*,*,#5685,.T.);
#5718 = PLANE('',#5719);
#5719 = AXIS2_PLACEMENT_3D('',#5720,#5721,#5722);
#5720 = CARTESIAN_POINT('',(137.,105.,193.6536450385));
#5721 = DIRECTION('',(-0.217391304348,-0.304347826087,0.927423000335));
#5722 = DIRECTION('',(1.350813400693E-17,0.950146187583,0.311804782231)
  );
#5723 = ADVANCED_FACE('',(#5724),#5727,.F.);
#5724 = FACE_BOUND('',#5725,.T.);
#5725 = EDGE_LOOP('',(#5726));
#5726 = ORIENTED_EDGE('',*,*,#5702,.F.);
#5727 = PLANE('',#5728);
#5728 = AXIS2_PLACEMENT_3D('',#5729,#5730,#5731);
#5729 = CARTESIAN_POINT('',(162.,140.,87.));
#5730 = DIRECTION('',(-0.217391304348,-0.304347826087,0.927423000335));
#5731 = DIRECTION('',(1.350813400693E-17,0.950146187583,0.311804782231)
  );
#5732 = MANIFOLD_SOLID_BREP('',#5733);
#5733 = CLOSED_SHELL('',(#5734,#5767,#5776));
#5734 = ADVANCED_FACE('',(#5735),#5762,.T.);
#5735 = FACE_BOUND('',#5736,.T.);
#5736 = EDGE_LOOP('',(#5737,#5746,#5754,#5761));
#5737 = ORIENTED_EDGE('',*,*,#5738,.F.);
#5738 = EDGE_CURVE('',#5739,#5739,#5741,.T.);
#5739 = VERTEX_POINT('',#5740);
#5740 = CARTESIAN_POINT('',(137.,113.55131568824,196.45988807858));
#5741 = CIRCLE('',#5742,9.);
#5742 = AXIS2_PLACEMENT_3D('',#5743,#5744,#5745);
#5743 = CARTESIAN_POINT('',(137.,105.,193.6536450385));
#5744 = DIRECTION('',(-0.217391304348,-0.304347826087,0.927423000335));
#5745 = DIRECTION('',(1.350813400693E-17,0.950146187583,0.311804782231)
  );
#5746 = ORIENTED_EDGE('',*,*,#5747,.F.);
#5747 = EDGE_CURVE('',#5748,#5739,#5750,.T.);
#5748 = VERTEX_POINT('',#5749);
#5749 = CARTESIAN_POINT('',(154.5,138.05131568824,121.80233655163));
#5750 = LINE('',#5751,#5752);
#5751 = CARTESIAN_POINT('',(154.5,138.05131568824,121.80233655163));
#5752 = VECTOR('',#5753,1.);
#5753 = DIRECTION('',(-0.217391304348,-0.304347826087,0.927423000335));
#5754 = ORIENTED_EDGE('',*,*,#5755,.T.);
#5755 = EDGE_CURVE('',#5748,#5748,#5756,.T.);
#5756 = CIRCLE('',#5757,9.);
#5757 = AXIS2_PLACEMENT_3D('',#5758,#5759,#5760);
#5758 = CARTESIAN_POINT('',(154.5,129.5,118.99609351155));
#5759 = DIRECTION('',(-0.217391304348,-0.304347826087,0.927423000335));
#5760 = DIRECTION('',(1.350813400693E-17,0.950146187583,0.311804782231)
  );
#5761 = ORIENTED_EDGE('',*,*,#5747,.T.);
#5762 = CYLINDRICAL_SURFACE('',#5763,9.);
#5763 = AXIS2_PLACEMENT_3D('',#5764,#5765,#5766);
#5764 = CARTESIAN_POINT('',(154.5,129.5,118.99609351155));
#5765 = DIRECTION('',(-0.217391304348,-0.304347826087,0.927423000335));
#5766 = DIRECTION('',(1.350813400693E-17,0.950146187583,0.311804782231)
  );
#5767 = ADVANCED_FACE('',(#5768),#5771,.T.);
#5768 = FACE_BOUND('',#5769,.T.);
#5769 = EDGE_LOOP('',(#5770));
#5770 = ORIENTED_EDGE('',*,*,#5738,.T.);
#5771 = PLANE('',#5772);
#5772 = AXIS2_PLACEMENT_3D('',#5773,#5774,#5775);
#5773 = CARTESIAN_POINT('',(137.,105.,193.6536450385));
#5774 = DIRECTION('',(-0.217391304348,-0.304347826087,0.927423000335));
#5775 = DIRECTION('',(1.350813400693E-17,0.950146187583,0.311804782231)
  );
#5776 = ADVANCED_FACE('',(#5777),#5780,.F.);
#5777 = FACE_BOUND('',#5778,.T.);
#5778 = EDGE_LOOP('',(#5779));
#5779 = ORIENTED_EDGE('',*,*,#5755,.F.);
#5780 = PLANE('',#5781);
#5781 = AXIS2_PLACEMENT_3D('',#5782,#5783,#5784);
#5782 = CARTESIAN_POINT('',(154.5,129.5,118.99609351155));
#5783 = DIRECTION('',(-0.217391304348,-0.304347826087,0.927423000335));
#5784 = DIRECTION('',(1.350813400693E-17,0.950146187583,0.311804782231)
  );
#5785 = MANIFOLD_SOLID_BREP('',#5786);
#5786 = CLOSED_SHELL('',(#5787,#5827,#5867,#5889,#5911,#5923));
#5787 = ADVANCED_FACE('',(#5788),#5822,.F.);
#5788 = FACE_BOUND('',#5789,.F.);
#5789 = EDGE_LOOP('',(#5790,#5800,#5808,#5816));
#5790 = ORIENTED_EDGE('',*,*,#5791,.F.);
#5791 = EDGE_CURVE('',#5792,#5794,#5796,.T.);
#5792 = VERTEX_POINT('',#5793);
#5793 = CARTESIAN_POINT('',(130.,99.,100.));
#5794 = VERTEX_POINT('',#5795);
#5795 = CARTESIAN_POINT('',(130.,99.,200.6536450385));
#5796 = LINE('',#5797,#5798);
#5797 = CARTESIAN_POINT('',(130.,99.,100.));
#5798 = VECTOR('',#5799,1.);
#5799 = DIRECTION('',(0.,0.,1.));
#5800 = ORIENTED_EDGE('',*,*,#5801,.T.);
#5801 = EDGE_CURVE('',#5792,#5802,#5804,.T.);
#5802 = VERTEX_POINT('',#5803);
#5803 = CARTESIAN_POINT('',(130.,111.,100.));
#5804 = LINE('',#5805,#5806);
#5805 = CARTESIAN_POINT('',(130.,99.,100.));
#5806 = VECTOR('',#5807,1.);
#5807 = DIRECTION('',(0.,1.,0.));
#5808 = ORIENTED_EDGE('',*,*,#5809,.T.);
#5809 = EDGE_CURVE('',#5802,#5810,#5812,.T.);
#5810 = VERTEX_POINT('',#5811);
#5811 = CARTESIAN_POINT('',(130.,111.,200.6536450385));
#5812 = LINE('',#5813,#5814);
#5813 = CARTESIAN_POINT('',(130.,111.,100.));
#5814 = VECTOR('',#5815,1.);
#5815 = DIRECTION('',(0.,0.,1.));
#5816 = ORIENTED_EDGE('',*,*,#5817,.F.);
#5817 = EDGE_CURVE('',#5794,#5810,#5818,.T.);
#5818 = LINE('',#5819,#5820);
#5819 = CARTESIAN_POINT('',(130.,99.,200.6536450385));
#5820 = VECTOR('',#5821,1.);
#5821 = DIRECTION('',(0.,1.,0.));
#5822 = PLANE('',#5823);
#5823 = AXIS2_PLACEMENT_3D('',#5824,#5825,#5826);
#5824 = CARTESIAN_POINT('',(130.,99.,100.));
#5825 = DIRECTION('',(1.,0.,0.));
#5826 = DIRECTION('',(0.,0.,1.));
#5827 = ADVANCED_FACE('',(#5828),#5862,.T.);
#5828 = FACE_BOUND('',#5829,.T.);
#5829 = EDGE_LOOP('',(#5830,#5840,#5848,#5856));
#5830 = ORIENTED_EDGE('',*,*,#5831,.F.);
#5831 = EDGE_CURVE('',#5832,#5834,#5836,.T.);
#5832 = VERTEX_POINT('',#5833);
#5833 = CARTESIAN_POINT('',(144.,99.,100.));
#5834 = VERTEX_POINT('',#5835);
#5835 = CARTESIAN_POINT('',(144.,99.,200.6536450385));
#5836 = LINE('',#5837,#5838);
#5837 = CARTESIAN_POINT('',(144.,99.,100.));
#5838 = VECTOR('',#5839,1.);
#5839 = DIRECTION('',(0.,0.,1.));
#5840 = ORIENTED_EDGE('',*,*,#5841,.T.);
#5841 = EDGE_CURVE('',#5832,#5842,#5844,.T.);
#5842 = VERTEX_POINT('',#5843);
#5843 = CARTESIAN_POINT('',(144.,111.,100.));
#5844 = LINE('',#5845,#5846);
#5845 = CARTESIAN_POINT('',(144.,99.,100.));
#5846 = VECTOR('',#5847,1.);
#5847 = DIRECTION('',(0.,1.,0.));
#5848 = ORIENTED_EDGE('',*,*,#5849,.T.);
#5849 = EDGE_CURVE('',#5842,#5850,#5852,.T.);
#5850 = VERTEX_POINT('',#5851);
#5851 = CARTESIAN_POINT('',(144.,111.,200.6536450385));
#5852 = LINE('',#5853,#5854);
#5853 = CARTESIAN_POINT('',(144.,111.,100.));
#5854 = VECTOR('',#5855,1.);
#5855 = DIRECTION('',(0.,0.,1.));
#5856 = ORIENTED_EDGE('',*,*,#5857,.F.);
#5857 = EDGE_CURVE('',#5834,#5850,#5858,.T.);
#5858 = LINE('',#5859,#5860);
#5859 = CARTESIAN_POINT('',(144.,99.,200.6536450385));
#5860 = VECTOR('',#5861,1.);
#5861 = DIRECTION('',(0.,1.,0.));
#5862 = PLANE('',#5863);
#5863 = AXIS2_PLACEMENT_3D('',#5864,#5865,#5866);
#5864 = CARTESIAN_POINT('',(144.,99.,100.));
#5865 = DIRECTION('',(1.,0.,0.));
#5866 = DIRECTION('',(0.,0.,1.));
#5867 = ADVANCED_FACE('',(#5868),#5884,.F.);
#5868 = FACE_BOUND('',#5869,.F.);
#5869 = EDGE_LOOP('',(#5870,#5876,#5877,#5883));
#5870 = ORIENTED_EDGE('',*,*,#5871,.F.);
#5871 = EDGE_CURVE('',#5792,#5832,#5872,.T.);
#5872 = LINE('',#5873,#5874);
#5873 = CARTESIAN_POINT('',(130.,99.,100.));
#5874 = VECTOR('',#5875,1.);
#5875 = DIRECTION('',(1.,0.,0.));
#5876 = ORIENTED_EDGE('',*,*,#5791,.T.);
#5877 = ORIENTED_EDGE('',*,*,#5878,.T.);
#5878 = EDGE_CURVE('',#5794,#5834,#5879,.T.);
#5879 = LINE('',#5880,#5881);
#5880 = CARTESIAN_POINT('',(130.,99.,200.6536450385));
#5881 = VECTOR('',#5882,1.);
#5882 = DIRECTION('',(1.,0.,0.));
#5883 = ORIENTED_EDGE('',*,*,#5831,.F.);
#5884 = PLANE('',#5885);
#5885 = AXIS2_PLACEMENT_3D('',#5886,#5887,#5888);
#5886 = CARTESIAN_POINT('',(130.,99.,100.));
#5887 = DIRECTION('',(0.,1.,0.));
#5888 = DIRECTION('',(0.,0.,1.));
#5889 = ADVANCED_FACE('',(#5890),#5906,.T.);
#5890 = FACE_BOUND('',#5891,.T.);
#5891 = EDGE_LOOP('',(#5892,#5898,#5899,#5905));
#5892 = ORIENTED_EDGE('',*,*,#5893,.F.);
#5893 = EDGE_CURVE('',#5802,#5842,#5894,.T.);
#5894 = LINE('',#5895,#5896);
#5895 = CARTESIAN_POINT('',(130.,111.,100.));
#5896 = VECTOR('',#5897,1.);
#5897 = DIRECTION('',(1.,0.,0.));
#5898 = ORIENTED_EDGE('',*,*,#5809,.T.);
#5899 = ORIENTED_EDGE('',*,*,#5900,.T.);
#5900 = EDGE_CURVE('',#5810,#5850,#5901,.T.);
#5901 = LINE('',#5902,#5903);
#5902 = CARTESIAN_POINT('',(130.,111.,200.6536450385));
#5903 = VECTOR('',#5904,1.);
#5904 = DIRECTION('',(1.,0.,0.));
#5905 = ORIENTED_EDGE('',*,*,#5849,.F.);
#5906 = PLANE('',#5907);
#5907 = AXIS2_PLACEMENT_3D('',#5908,#5909,#5910);
#5908 = CARTESIAN_POINT('',(130.,111.,100.));
#5909 = DIRECTION('',(0.,1.,0.));
#5910 = DIRECTION('',(0.,0.,1.));
#5911 = ADVANCED_FACE('',(#5912),#5918,.F.);
#5912 = FACE_BOUND('',#5913,.F.);
#5913 = EDGE_LOOP('',(#5914,#5915,#5916,#5917));
#5914 = ORIENTED_EDGE('',*,*,#5801,.F.);
#5915 = ORIENTED_EDGE('',*,*,#5871,.T.);
#5916 = ORIENTED_EDGE('',*,*,#5841,.T.);
#5917 = ORIENTED_EDGE('',*,*,#5893,.F.);
#5918 = PLANE('',#5919);
#5919 = AXIS2_PLACEMENT_3D('',#5920,#5921,#5922);
#5920 = CARTESIAN_POINT('',(130.,99.,100.));
#5921 = DIRECTION('',(0.,0.,1.));
#5922 = DIRECTION('',(1.,0.,0.));
#5923 = ADVANCED_FACE('',(#5924),#5930,.T.);
#5924 = FACE_BOUND('',#5925,.T.);
#5925 = EDGE_LOOP('',(#5926,#5927,#5928,#5929));
#5926 = ORIENTED_EDGE('',*,*,#5817,.F.);
#5927 = ORIENTED_EDGE('',*,*,#5878,.T.);
#5928 = ORIENTED_EDGE('',*,*,#5857,.T.);
#5929 = ORIENTED_EDGE('',*,*,#5900,.F.);
#5930 = PLANE('',#5931);
#5931 = AXIS2_PLACEMENT_3D('',#5932,#5933,#5934);
#5932 = CARTESIAN_POINT('',(130.,99.,200.6536450385));
#5933 = DIRECTION('',(0.,0.,1.));
#5934 = DIRECTION('',(1.,0.,0.));
#5935 = MANIFOLD_SOLID_BREP('',#5936);
#5936 = CLOSED_SHELL('',(#5937,#5977,#6017,#6039,#6061,#6073));
#5937 = ADVANCED_FACE('',(#5938),#5972,.F.);
#5938 = FACE_BOUND('',#5939,.F.);
#5939 = EDGE_LOOP('',(#5940,#5950,#5958,#5966));
#5940 = ORIENTED_EDGE('',*,*,#5941,.F.);
#5941 = EDGE_CURVE('',#5942,#5944,#5946,.T.);
#5942 = VERTEX_POINT('',#5943);
#5943 = CARTESIAN_POINT('',(183.,-65.,112.));
#5944 = VERTEX_POINT('',#5945);
#5945 = CARTESIAN_POINT('',(183.,-65.,156.));
#5946 = LINE('',#5947,#5948);
#5947 = CARTESIAN_POINT('',(183.,-65.,112.));
#5948 = VECTOR('',#5949,1.);
#5949 = DIRECTION('',(0.,0.,1.));
#5950 = ORIENTED_EDGE('',*,*,#5951,.T.);
#5951 = EDGE_CURVE('',#5942,#5952,#5954,.T.);
#5952 = VERTEX_POINT('',#5953);
#5953 = CARTESIAN_POINT('',(183.,65.,112.));
#5954 = LINE('',#5955,#5956);
#5955 = CARTESIAN_POINT('',(183.,-65.,112.));
#5956 = VECTOR('',#5957,1.);
#5957 = DIRECTION('',(0.,1.,0.));
#5958 = ORIENTED_EDGE('',*,*,#5959,.T.);
#5959 = EDGE_CURVE('',#5952,#5960,#5962,.T.);
#5960 = VERTEX_POINT('',#5961);
#5961 = CARTESIAN_POINT('',(183.,65.,156.));
#5962 = LINE('',#5963,#5964);
#5963 = CARTESIAN_POINT('',(183.,65.,112.));
#5964 = VECTOR('',#5965,1.);
#5965 = DIRECTION('',(0.,0.,1.));
#5966 = ORIENTED_EDGE('',*,*,#5967,.F.);
#5967 = EDGE_CURVE('',#5944,#5960,#5968,.T.);
#5968 = LINE('',#5969,#5970);
#5969 = CARTESIAN_POINT('',(183.,-65.,156.));
#5970 = VECTOR('',#5971,1.);
#5971 = DIRECTION('',(0.,1.,0.));
#5972 = PLANE('',#5973);
#5973 = AXIS2_PLACEMENT_3D('',#5974,#5975,#5976);
#5974 = CARTESIAN_POINT('',(183.,-65.,112.));
#5975 = DIRECTION('',(1.,0.,0.));
#5976 = DIRECTION('',(0.,0.,1.));
#5977 = ADVANCED_FACE('',(#5978),#6012,.T.);
#5978 = FACE_BOUND('',#5979,.T.);
#5979 = EDGE_LOOP('',(#5980,#5990,#5998,#6006));
#5980 = ORIENTED_EDGE('',*,*,#5981,.F.);
#5981 = EDGE_CURVE('',#5982,#5984,#5986,.T.);
#5982 = VERTEX_POINT('',#5983);
#5983 = CARTESIAN_POINT('',(227.,-65.,112.));
#5984 = VERTEX_POINT('',#5985);
#5985 = CARTESIAN_POINT('',(227.,-65.,156.));
#5986 = LINE('',#5987,#5988);
#5987 = CARTESIAN_POINT('',(227.,-65.,112.));
#5988 = VECTOR('',#5989,1.);
#5989 = DIRECTION('',(0.,0.,1.));
#5990 = ORIENTED_EDGE('',*,*,#5991,.T.);
#5991 = EDGE_CURVE('',#5982,#5992,#5994,.T.);
#5992 = VERTEX_POINT('',#5993);
#5993 = CARTESIAN_POINT('',(227.,65.,112.));
#5994 = LINE('',#5995,#5996);
#5995 = CARTESIAN_POINT('',(227.,-65.,112.));
#5996 = VECTOR('',#5997,1.);
#5997 = DIRECTION('',(0.,1.,0.));
#5998 = ORIENTED_EDGE('',*,*,#5999,.T.);
#5999 = EDGE_CURVE('',#5992,#6000,#6002,.T.);
#6000 = VERTEX_POINT('',#6001);
#6001 = CARTESIAN_POINT('',(227.,65.,156.));
#6002 = LINE('',#6003,#6004);
#6003 = CARTESIAN_POINT('',(227.,65.,112.));
#6004 = VECTOR('',#6005,1.);
#6005 = DIRECTION('',(0.,0.,1.));
#6006 = ORIENTED_EDGE('',*,*,#6007,.F.);
#6007 = EDGE_CURVE('',#5984,#6000,#6008,.T.);
#6008 = LINE('',#6009,#6010);
#6009 = CARTESIAN_POINT('',(227.,-65.,156.));
#6010 = VECTOR('',#6011,1.);
#6011 = DIRECTION('',(0.,1.,0.));
#6012 = PLANE('',#6013);
#6013 = AXIS2_PLACEMENT_3D('',#6014,#6015,#6016);
#6014 = CARTESIAN_POINT('',(227.,-65.,112.));
#6015 = DIRECTION('',(1.,0.,0.));
#6016 = DIRECTION('',(0.,0.,1.));
#6017 = ADVANCED_FACE('',(#6018),#6034,.F.);
#6018 = FACE_BOUND('',#6019,.F.);
#6019 = EDGE_LOOP('',(#6020,#6026,#6027,#6033));
#6020 = ORIENTED_EDGE('',*,*,#6021,.F.);
#6021 = EDGE_CURVE('',#5942,#5982,#6022,.T.);
#6022 = LINE('',#6023,#6024);
#6023 = CARTESIAN_POINT('',(183.,-65.,112.));
#6024 = VECTOR('',#6025,1.);
#6025 = DIRECTION('',(1.,0.,0.));
#6026 = ORIENTED_EDGE('',*,*,#5941,.T.);
#6027 = ORIENTED_EDGE('',*,*,#6028,.T.);
#6028 = EDGE_CURVE('',#5944,#5984,#6029,.T.);
#6029 = LINE('',#6030,#6031);
#6030 = CARTESIAN_POINT('',(183.,-65.,156.));
#6031 = VECTOR('',#6032,1.);
#6032 = DIRECTION('',(1.,0.,0.));
#6033 = ORIENTED_EDGE('',*,*,#5981,.F.);
#6034 = PLANE('',#6035);
#6035 = AXIS2_PLACEMENT_3D('',#6036,#6037,#6038);
#6036 = CARTESIAN_POINT('',(183.,-65.,112.));
#6037 = DIRECTION('',(0.,1.,0.));
#6038 = DIRECTION('',(0.,0.,1.));
#6039 = ADVANCED_FACE('',(#6040),#6056,.T.);
#6040 = FACE_BOUND('',#6041,.T.);
#6041 = EDGE_LOOP('',(#6042,#6048,#6049,#6055));
#6042 = ORIENTED_EDGE('',*,*,#6043,.F.);
#6043 = EDGE_CURVE('',#5952,#5992,#6044,.T.);
#6044 = LINE('',#6045,#6046);
#6045 = CARTESIAN_POINT('',(183.,65.,112.));
#6046 = VECTOR('',#6047,1.);
#6047 = DIRECTION('',(1.,0.,0.));
#6048 = ORIENTED_EDGE('',*,*,#5959,.T.);
#6049 = ORIENTED_EDGE('',*,*,#6050,.T.);
#6050 = EDGE_CURVE('',#5960,#6000,#6051,.T.);
#6051 = LINE('',#6052,#6053);
#6052 = CARTESIAN_POINT('',(183.,65.,156.));
#6053 = VECTOR('',#6054,1.);
#6054 = DIRECTION('',(1.,0.,0.));
#6055 = ORIENTED_EDGE('',*,*,#5999,.F.);
#6056 = PLANE('',#6057);
#6057 = AXIS2_PLACEMENT_3D('',#6058,#6059,#6060);
#6058 = CARTESIAN_POINT('',(183.,65.,112.));
#6059 = DIRECTION('',(0.,1.,0.));
#6060 = DIRECTION('',(0.,0.,1.));
#6061 = ADVANCED_FACE('',(#6062),#6068,.F.);
#6062 = FACE_BOUND('',#6063,.F.);
#6063 = EDGE_LOOP('',(#6064,#6065,#6066,#6067));
#6064 = ORIENTED_EDGE('',*,*,#5951,.F.);
#6065 = ORIENTED_EDGE('',*,*,#6021,.T.);
#6066 = ORIENTED_EDGE('',*,*,#5991,.T.);
#6067 = ORIENTED_EDGE('',*,*,#6043,.F.);
#6068 = PLANE('',#6069);
#6069 = AXIS2_PLACEMENT_3D('',#6070,#6071,#6072);
#6070 = CARTESIAN_POINT('',(183.,-65.,112.));
#6071 = DIRECTION('',(0.,0.,1.));
#6072 = DIRECTION('',(1.,0.,0.));
#6073 = ADVANCED_FACE('',(#6074),#6080,.T.);
#6074 = FACE_BOUND('',#6075,.T.);
#6075 = EDGE_LOOP('',(#6076,#6077,#6078,#6079));
#6076 = ORIENTED_EDGE('',*,*,#5967,.F.);
#6077 = ORIENTED_EDGE('',*,*,#6028,.T.);
#6078 = ORIENTED_EDGE('',*,*,#6007,.T.);
#6079 = ORIENTED_EDGE('',*,*,#6050,.F.);
#6080 = PLANE('',#6081);
#6081 = AXIS2_PLACEMENT_3D('',#6082,#6083,#6084);
#6082 = CARTESIAN_POINT('',(183.,-65.,156.));
#6083 = DIRECTION('',(0.,0.,1.));
#6084 = DIRECTION('',(1.,0.,0.));
#6085 = MANIFOLD_SOLID_BREP('',#6086);
#6086 = CLOSED_SHELL('',(#6087,#6120,#6140,#6160));
#6087 = ADVANCED_FACE('',(#6088),#6115,.T.);
#6088 = FACE_BOUND('',#6089,.T.);
#6089 = EDGE_LOOP('',(#6090,#6099,#6107,#6114));
#6090 = ORIENTED_EDGE('',*,*,#6091,.F.);
#6091 = EDGE_CURVE('',#6092,#6092,#6094,.T.);
#6092 = VERTEX_POINT('',#6093);
#6093 = CARTESIAN_POINT('',(180.,33.,92.5));
#6094 = CIRCLE('',#6095,8.);
#6095 = AXIS2_PLACEMENT_3D('',#6096,#6097,#6098);
#6096 = CARTESIAN_POINT('',(180.,33.,84.5));
#6097 = DIRECTION('',(0.,1.,0.));
#6098 = DIRECTION('',(0.,0.,1.));
#6099 = ORIENTED_EDGE('',*,*,#6100,.F.);
#6100 = EDGE_CURVE('',#6101,#6092,#6103,.T.);
#6101 = VERTEX_POINT('',#6102);
#6102 = CARTESIAN_POINT('',(180.,17.,92.5));
#6103 = LINE('',#6104,#6105);
#6104 = CARTESIAN_POINT('',(180.,17.,92.5));
#6105 = VECTOR('',#6106,1.);
#6106 = DIRECTION('',(0.,1.,0.));
#6107 = ORIENTED_EDGE('',*,*,#6108,.T.);
#6108 = EDGE_CURVE('',#6101,#6101,#6109,.T.);
#6109 = CIRCLE('',#6110,8.);
#6110 = AXIS2_PLACEMENT_3D('',#6111,#6112,#6113);
#6111 = CARTESIAN_POINT('',(180.,17.,84.5));
#6112 = DIRECTION('',(0.,1.,0.));
#6113 = DIRECTION('',(0.,0.,1.));
#6114 = ORIENTED_EDGE('',*,*,#6100,.T.);
#6115 = CYLINDRICAL_SURFACE('',#6116,8.);
#6116 = AXIS2_PLACEMENT_3D('',#6117,#6118,#6119);
#6117 = CARTESIAN_POINT('',(180.,17.,84.5));
#6118 = DIRECTION('',(0.,1.,0.));
#6119 = DIRECTION('',(0.,0.,1.));
#6120 = ADVANCED_FACE('',(#6121,#6124),#6135,.T.);
#6121 = FACE_BOUND('',#6122,.T.);
#6122 = EDGE_LOOP('',(#6123));
#6123 = ORIENTED_EDGE('',*,*,#6091,.T.);
#6124 = FACE_BOUND('',#6125,.T.);
#6125 = EDGE_LOOP('',(#6126));
#6126 = ORIENTED_EDGE('',*,*,#6127,.F.);
#6127 = EDGE_CURVE('',#6128,#6128,#6130,.T.);
#6128 = VERTEX_POINT('',#6129);
#6129 = CARTESIAN_POINT('',(180.,33.,88.5));
#6130 = CIRCLE('',#6131,4.);
#6131 = AXIS2_PLACEMENT_3D('',#6132,#6133,#6134);
#6132 = CARTESIAN_POINT('',(180.,33.,84.5));
#6133 = DIRECTION('',(0.,1.,0.));
#6134 = DIRECTION('',(0.,0.,1.));
#6135 = PLANE('',#6136);
#6136 = AXIS2_PLACEMENT_3D('',#6137,#6138,#6139);
#6137 = CARTESIAN_POINT('',(180.,33.,84.5));
#6138 = DIRECTION('',(0.,1.,0.));
#6139 = DIRECTION('',(0.,0.,1.));
#6140 = ADVANCED_FACE('',(#6141,#6144),#6155,.F.);
#6141 = FACE_BOUND('',#6142,.F.);
#6142 = EDGE_LOOP('',(#6143));
#6143 = ORIENTED_EDGE('',*,*,#6108,.T.);
#6144 = FACE_BOUND('',#6145,.F.);
#6145 = EDGE_LOOP('',(#6146));
#6146 = ORIENTED_EDGE('',*,*,#6147,.F.);
#6147 = EDGE_CURVE('',#6148,#6148,#6150,.T.);
#6148 = VERTEX_POINT('',#6149);
#6149 = CARTESIAN_POINT('',(180.,17.,88.5));
#6150 = CIRCLE('',#6151,4.);
#6151 = AXIS2_PLACEMENT_3D('',#6152,#6153,#6154);
#6152 = CARTESIAN_POINT('',(180.,17.,84.5));
#6153 = DIRECTION('',(0.,1.,0.));
#6154 = DIRECTION('',(0.,0.,1.));
#6155 = PLANE('',#6156);
#6156 = AXIS2_PLACEMENT_3D('',#6157,#6158,#6159);
#6157 = CARTESIAN_POINT('',(180.,17.,84.5));
#6158 = DIRECTION('',(0.,1.,0.));
#6159 = DIRECTION('',(0.,0.,1.));
#6160 = ADVANCED_FACE('',(#6161),#6172,.F.);
#6161 = FACE_BOUND('',#6162,.F.);
#6162 = EDGE_LOOP('',(#6163,#6164,#6170,#6171));
#6163 = ORIENTED_EDGE('',*,*,#6127,.F.);
#6164 = ORIENTED_EDGE('',*,*,#6165,.F.);
#6165 = EDGE_CURVE('',#6148,#6128,#6166,.T.);
#6166 = LINE('',#6167,#6168);
#6167 = CARTESIAN_POINT('',(180.,17.,88.5));
#6168 = VECTOR('',#6169,1.);
#6169 = DIRECTION('',(0.,1.,0.));
#6170 = ORIENTED_EDGE('',*,*,#6147,.T.);
#6171 = ORIENTED_EDGE('',*,*,#6165,.T.);
#6172 = CYLINDRICAL_SURFACE('',#6173,4.);
#6173 = AXIS2_PLACEMENT_3D('',#6174,#6175,#6176);
#6174 = CARTESIAN_POINT('',(180.,17.,84.5));
#6175 = DIRECTION('',(0.,1.,0.));
#6176 = DIRECTION('',(0.,0.,1.));
#6177 = MANIFOLD_SOLID_BREP('',#6178);
#6178 = CLOSED_SHELL('',(#6179,#6212,#6221));
#6179 = ADVANCED_FACE('',(#6180),#6207,.T.);
#6180 = FACE_BOUND('',#6181,.T.);
#6181 = EDGE_LOOP('',(#6182,#6191,#6199,#6206));
#6182 = ORIENTED_EDGE('',*,*,#6183,.F.);
#6183 = EDGE_CURVE('',#6184,#6184,#6186,.T.);
#6184 = VERTEX_POINT('',#6185);
#6185 = CARTESIAN_POINT('',(180.,165.,87.5));
#6186 = CIRCLE('',#6187,3.);
#6187 = AXIS2_PLACEMENT_3D('',#6188,#6189,#6190);
#6188 = CARTESIAN_POINT('',(180.,165.,84.5));
#6189 = DIRECTION('',(0.,1.,0.));
#6190 = DIRECTION('',(0.,0.,1.));
#6191 = ORIENTED_EDGE('',*,*,#6192,.F.);
#6192 = EDGE_CURVE('',#6193,#6184,#6195,.T.);
#6193 = VERTEX_POINT('',#6194);
#6194 = CARTESIAN_POINT('',(180.,25.,87.5));
#6195 = LINE('',#6196,#6197);
#6196 = CARTESIAN_POINT('',(180.,25.,87.5));
#6197 = VECTOR('',#6198,1.);
#6198 = DIRECTION('',(0.,1.,0.));
#6199 = ORIENTED_EDGE('',*,*,#6200,.T.);
#6200 = EDGE_CURVE('',#6193,#6193,#6201,.T.);
#6201 = CIRCLE('',#6202,3.);
#6202 = AXIS2_PLACEMENT_3D('',#6203,#6204,#6205);
#6203 = CARTESIAN_POINT('',(180.,25.,84.5));
#6204 = DIRECTION('',(0.,1.,0.));
#6205 = DIRECTION('',(0.,0.,1.));
#6206 = ORIENTED_EDGE('',*,*,#6192,.T.);
#6207 = CYLINDRICAL_SURFACE('',#6208,3.);
#6208 = AXIS2_PLACEMENT_3D('',#6209,#6210,#6211);
#6209 = CARTESIAN_POINT('',(180.,25.,84.5));
#6210 = DIRECTION('',(0.,1.,0.));
#6211 = DIRECTION('',(0.,0.,1.));
#6212 = ADVANCED_FACE('',(#6213),#6216,.T.);
#6213 = FACE_BOUND('',#6214,.T.);
#6214 = EDGE_LOOP('',(#6215));
#6215 = ORIENTED_EDGE('',*,*,#6183,.T.);
#6216 = PLANE('',#6217);
#6217 = AXIS2_PLACEMENT_3D('',#6218,#6219,#6220);
#6218 = CARTESIAN_POINT('',(180.,165.,84.5));
#6219 = DIRECTION('',(0.,1.,0.));
#6220 = DIRECTION('',(0.,0.,1.));
#6221 = ADVANCED_FACE('',(#6222),#6225,.F.);
#6222 = FACE_BOUND('',#6223,.T.);
#6223 = EDGE_LOOP('',(#6224));
#6224 = ORIENTED_EDGE('',*,*,#6200,.F.);
#6225 = PLANE('',#6226);
#6226 = AXIS2_PLACEMENT_3D('',#6227,#6228,#6229);
#6227 = CARTESIAN_POINT('',(180.,25.,84.5));
#6228 = DIRECTION('',(0.,1.,0.));
#6229 = DIRECTION('',(0.,0.,1.));
#6230 = MANIFOLD_SOLID_BREP('',#6231);
#6231 = CLOSED_SHELL('',(#6232,#6265,#6285,#6294,#6319,#6339,#6364));
#6232 = ADVANCED_FACE('',(#6233),#6260,.T.);
#6233 = FACE_BOUND('',#6234,.T.);
#6234 = EDGE_LOOP('',(#6235,#6245,#6252,#6253));
#6235 = ORIENTED_EDGE('',*,*,#6236,.T.);
#6236 = EDGE_CURVE('',#6237,#6239,#6241,.T.);
#6237 = VERTEX_POINT('',#6238);
#6238 = CARTESIAN_POINT('',(180.,163.,88.5));
#6239 = VERTEX_POINT('',#6240);
#6240 = CARTESIAN_POINT('',(180.,194.5,88.5));
#6241 = LINE('',#6242,#6243);
#6242 = CARTESIAN_POINT('',(180.,150.,88.5));
#6243 = VECTOR('',#6244,1.);
#6244 = DIRECTION('',(0.,1.,0.));
#6245 = ORIENTED_EDGE('',*,*,#6246,.F.);
#6246 = EDGE_CURVE('',#6239,#6239,#6247,.T.);
#6247 = CIRCLE('',#6248,4.);
#6248 = AXIS2_PLACEMENT_3D('',#6249,#6250,#6251);
#6249 = CARTESIAN_POINT('',(180.,194.5,84.5));
#6250 = DIRECTION('',(0.,1.,0.));
#6251 = DIRECTION('',(0.,0.,1.));
#6252 = ORIENTED_EDGE('',*,*,#6236,.F.);
#6253 = ORIENTED_EDGE('',*,*,#6254,.T.);
#6254 = EDGE_CURVE('',#6237,#6237,#6255,.T.);
#6255 = CIRCLE('',#6256,4.);
#6256 = AXIS2_PLACEMENT_3D('',#6257,#6258,#6259);
#6257 = CARTESIAN_POINT('',(180.,163.,84.5));
#6258 = DIRECTION('',(0.,1.,0.));
#6259 = DIRECTION('',(0.,0.,1.));
#6260 = CYLINDRICAL_SURFACE('',#6261,4.);
#6261 = AXIS2_PLACEMENT_3D('',#6262,#6263,#6264);
#6262 = CARTESIAN_POINT('',(180.,150.,84.5));
#6263 = DIRECTION('',(0.,1.,0.));
#6264 = DIRECTION('',(0.,0.,1.));
#6265 = ADVANCED_FACE('',(#6266,#6277),#6280,.T.);
#6266 = FACE_BOUND('',#6267,.T.);
#6267 = EDGE_LOOP('',(#6268));
#6268 = ORIENTED_EDGE('',*,*,#6269,.T.);
#6269 = EDGE_CURVE('',#6270,#6270,#6272,.T.);
#6270 = VERTEX_POINT('',#6271);
#6271 = CARTESIAN_POINT('',(180.,163.,92.));
#6272 = CIRCLE('',#6273,7.5);
#6273 = AXIS2_PLACEMENT_3D('',#6274,#6275,#6276);
#6274 = CARTESIAN_POINT('',(180.,163.,84.5));
#6275 = DIRECTION('',(0.,1.,0.));
#6276 = DIRECTION('',(0.,0.,1.));
#6277 = FACE_BOUND('',#6278,.T.);
#6278 = EDGE_LOOP('',(#6279));
#6279 = ORIENTED_EDGE('',*,*,#6254,.F.);
#6280 = PLANE('',#6281);
#6281 = AXIS2_PLACEMENT_3D('',#6282,#6283,#6284);
#6282 = CARTESIAN_POINT('',(180.,163.,84.5));
#6283 = DIRECTION('',(0.,1.,0.));
#6284 = DIRECTION('',(0.,0.,1.));
#6285 = ADVANCED_FACE('',(#6286),#6289,.T.);
#6286 = FACE_BOUND('',#6287,.T.);
#6287 = EDGE_LOOP('',(#6288));
#6288 = ORIENTED_EDGE('',*,*,#6246,.T.);
#6289 = PLANE('',#6290);
#6290 = AXIS2_PLACEMENT_3D('',#6291,#6292,#6293);
#6291 = CARTESIAN_POINT('',(180.,194.5,84.5));
#6292 = DIRECTION('',(0.,1.,0.));
#6293 = DIRECTION('',(0.,0.,1.));
#6294 = ADVANCED_FACE('',(#6295),#6314,.T.);
#6295 = FACE_BOUND('',#6296,.T.);
#6296 = EDGE_LOOP('',(#6297,#6298,#6306,#6313));
#6297 = ORIENTED_EDGE('',*,*,#6269,.F.);
#6298 = ORIENTED_EDGE('',*,*,#6299,.F.);
#6299 = EDGE_CURVE('',#6300,#6270,#6302,.T.);
#6300 = VERTEX_POINT('',#6301);
#6301 = CARTESIAN_POINT('',(180.,154.,92.));
#6302 = LINE('',#6303,#6304);
#6303 = CARTESIAN_POINT('',(180.,154.,92.));
#6304 = VECTOR('',#6305,1.);
#6305 = DIRECTION('',(0.,1.,0.));
#6306 = ORIENTED_EDGE('',*,*,#6307,.T.);
#6307 = EDGE_CURVE('',#6300,#6300,#6308,.T.);
#6308 = CIRCLE('',#6309,7.5);
#6309 = AXIS2_PLACEMENT_3D('',#6310,#6311,#6312);
#6310 = CARTESIAN_POINT('',(180.,154.,84.5));
#6311 = DIRECTION('',(0.,1.,0.));
#6312 = DIRECTION('',(0.,0.,1.));
#6313 = ORIENTED_EDGE('',*,*,#6299,.T.);
#6314 = CYLINDRICAL_SURFACE('',#6315,7.5);
#6315 = AXIS2_PLACEMENT_3D('',#6316,#6317,#6318);
#6316 = CARTESIAN_POINT('',(180.,154.,84.5));
#6317 = DIRECTION('',(0.,1.,0.));
#6318 = DIRECTION('',(0.,0.,1.));
#6319 = ADVANCED_FACE('',(#6320,#6323),#6334,.F.);
#6320 = FACE_BOUND('',#6321,.F.);
#6321 = EDGE_LOOP('',(#6322));
#6322 = ORIENTED_EDGE('',*,*,#6307,.T.);
#6323 = FACE_BOUND('',#6324,.F.);
#6324 = EDGE_LOOP('',(#6325));
#6325 = ORIENTED_EDGE('',*,*,#6326,.F.);
#6326 = EDGE_CURVE('',#6327,#6327,#6329,.T.);
#6327 = VERTEX_POINT('',#6328);
#6328 = CARTESIAN_POINT('',(180.,154.,88.5));
#6329 = CIRCLE('',#6330,4.);
#6330 = AXIS2_PLACEMENT_3D('',#6331,#6332,#6333);
#6331 = CARTESIAN_POINT('',(180.,154.,84.5));
#6332 = DIRECTION('',(0.,1.,0.));
#6333 = DIRECTION('',(0.,0.,1.));
#6334 = PLANE('',#6335);
#6335 = AXIS2_PLACEMENT_3D('',#6336,#6337,#6338);
#6336 = CARTESIAN_POINT('',(180.,154.,84.5));
#6337 = DIRECTION('',(0.,1.,0.));
#6338 = DIRECTION('',(0.,0.,1.));
#6339 = ADVANCED_FACE('',(#6340),#6359,.T.);
#6340 = FACE_BOUND('',#6341,.T.);
#6341 = EDGE_LOOP('',(#6342,#6343,#6351,#6358));
#6342 = ORIENTED_EDGE('',*,*,#6326,.F.);
#6343 = ORIENTED_EDGE('',*,*,#6344,.F.);
#6344 = EDGE_CURVE('',#6345,#6327,#6347,.T.);
#6345 = VERTEX_POINT('',#6346);
#6346 = CARTESIAN_POINT('',(180.,150.,88.5));
#6347 = LINE('',#6348,#6349);
#6348 = CARTESIAN_POINT('',(180.,150.,88.5));
#6349 = VECTOR('',#6350,1.);
#6350 = DIRECTION('',(0.,1.,0.));
#6351 = ORIENTED_EDGE('',*,*,#6352,.T.);
#6352 = EDGE_CURVE('',#6345,#6345,#6353,.T.);
#6353 = CIRCLE('',#6354,4.);
#6354 = AXIS2_PLACEMENT_3D('',#6355,#6356,#6357);
#6355 = CARTESIAN_POINT('',(180.,150.,84.5));
#6356 = DIRECTION('',(0.,1.,0.));
#6357 = DIRECTION('',(0.,0.,1.));
#6358 = ORIENTED_EDGE('',*,*,#6344,.T.);
#6359 = CYLINDRICAL_SURFACE('',#6360,4.);
#6360 = AXIS2_PLACEMENT_3D('',#6361,#6362,#6363);
#6361 = CARTESIAN_POINT('',(180.,150.,84.5));
#6362 = DIRECTION('',(0.,1.,0.));
#6363 = DIRECTION('',(0.,0.,1.));
#6364 = ADVANCED_FACE('',(#6365),#6368,.F.);
#6365 = FACE_BOUND('',#6366,.T.);
#6366 = EDGE_LOOP('',(#6367));
#6367 = ORIENTED_EDGE('',*,*,#6352,.F.);
#6368 = PLANE('',#6369);
#6369 = AXIS2_PLACEMENT_3D('',#6370,#6371,#6372);
#6370 = CARTESIAN_POINT('',(180.,150.,84.5));
#6371 = DIRECTION('',(0.,1.,0.));
#6372 = DIRECTION('',(0.,0.,1.));
#6373 = MANIFOLD_SOLID_BREP('',#6374);
#6374 = CLOSED_SHELL('',(#6375,#6408,#6428,#6448));
#6375 = ADVANCED_FACE('',(#6376),#6403,.T.);
#6376 = FACE_BOUND('',#6377,.T.);
#6377 = EDGE_LOOP('',(#6378,#6387,#6395,#6402));
#6378 = ORIENTED_EDGE('',*,*,#6379,.F.);
#6379 = EDGE_CURVE('',#6380,#6380,#6382,.T.);
#6380 = VERTEX_POINT('',#6381);
#6381 = CARTESIAN_POINT('',(180.,230.5,169.));
#6382 = CIRCLE('',#6383,84.5);
#6383 = AXIS2_PLACEMENT_3D('',#6384,#6385,#6386);
#6384 = CARTESIAN_POINT('',(180.,230.5,84.5));
#6385 = DIRECTION('',(0.,1.,0.));
#6386 = DIRECTION('',(0.,0.,1.));
#6387 = ORIENTED_EDGE('',*,*,#6388,.F.);
#6388 = EDGE_CURVE('',#6389,#6380,#6391,.T.);
#6389 = VERTEX_POINT('',#6390);
#6390 = CARTESIAN_POINT('',(180.,149.,169.));
#6391 = LINE('',#6392,#6393);
#6392 = CARTESIAN_POINT('',(180.,149.,169.));
#6393 = VECTOR('',#6394,1.);
#6394 = DIRECTION('',(0.,1.,0.));
#6395 = ORIENTED_EDGE('',*,*,#6396,.T.);
#6396 = EDGE_CURVE('',#6389,#6389,#6397,.T.);
#6397 = CIRCLE('',#6398,84.5);
#6398 = AXIS2_PLACEMENT_3D('',#6399,#6400,#6401);
#6399 = CARTESIAN_POINT('',(180.,149.,84.5));
#6400 = DIRECTION('',(0.,1.,0.));
#6401 = DIRECTION('',(0.,0.,1.));
#6402 = ORIENTED_EDGE('',*,*,#6388,.T.);
#6403 = CYLINDRICAL_SURFACE('',#6404,84.5);
#6404 = AXIS2_PLACEMENT_3D('',#6405,#6406,#6407);
#6405 = CARTESIAN_POINT('',(180.,149.,84.5));
#6406 = DIRECTION('',(0.,1.,0.));
#6407 = DIRECTION('',(0.,0.,1.));
#6408 = ADVANCED_FACE('',(#6409,#6412),#6423,.T.);
#6409 = FACE_BOUND('',#6410,.T.);
#6410 = EDGE_LOOP('',(#6411));
#6411 = ORIENTED_EDGE('',*,*,#6379,.T.);
#6412 = FACE_BOUND('',#6413,.T.);
#6413 = EDGE_LOOP('',(#6414));
#6414 = ORIENTED_EDGE('',*,*,#6415,.F.);
#6415 = EDGE_CURVE('',#6416,#6416,#6418,.T.);
#6416 = VERTEX_POINT('',#6417);
#6417 = CARTESIAN_POINT('',(180.,230.5,133.));
#6418 = CIRCLE('',#6419,48.5);
#6419 = AXIS2_PLACEMENT_3D('',#6420,#6421,#6422);
#6420 = CARTESIAN_POINT('',(180.,230.5,84.5));
#6421 = DIRECTION('',(0.,1.,0.));
#6422 = DIRECTION('',(0.,0.,1.));
#6423 = PLANE('',#6424);
#6424 = AXIS2_PLACEMENT_3D('',#6425,#6426,#6427);
#6425 = CARTESIAN_POINT('',(180.,230.5,84.5));
#6426 = DIRECTION('',(0.,1.,0.));
#6427 = DIRECTION('',(0.,0.,1.));
#6428 = ADVANCED_FACE('',(#6429,#6432),#6443,.F.);
#6429 = FACE_BOUND('',#6430,.F.);
#6430 = EDGE_LOOP('',(#6431));
#6431 = ORIENTED_EDGE('',*,*,#6396,.T.);
#6432 = FACE_BOUND('',#6433,.F.);
#6433 = EDGE_LOOP('',(#6434));
#6434 = ORIENTED_EDGE('',*,*,#6435,.F.);
#6435 = EDGE_CURVE('',#6436,#6436,#6438,.T.);
#6436 = VERTEX_POINT('',#6437);
#6437 = CARTESIAN_POINT('',(180.,149.,133.));
#6438 = CIRCLE('',#6439,48.5);
#6439 = AXIS2_PLACEMENT_3D('',#6440,#6441,#6442);
#6440 = CARTESIAN_POINT('',(180.,149.,84.5));
#6441 = DIRECTION('',(0.,1.,0.));
#6442 = DIRECTION('',(0.,0.,1.));
#6443 = PLANE('',#6444);
#6444 = AXIS2_PLACEMENT_3D('',#6445,#6446,#6447);
#6445 = CARTESIAN_POINT('',(180.,149.,84.5));
#6446 = DIRECTION('',(0.,1.,0.));
#6447 = DIRECTION('',(0.,0.,1.));
#6448 = ADVANCED_FACE('',(#6449),#6460,.F.);
#6449 = FACE_BOUND('',#6450,.F.);
#6450 = EDGE_LOOP('',(#6451,#6452,#6458,#6459));
#6451 = ORIENTED_EDGE('',*,*,#6415,.F.);
#6452 = ORIENTED_EDGE('',*,*,#6453,.F.);
#6453 = EDGE_CURVE('',#6436,#6416,#6454,.T.);
#6454 = LINE('',#6455,#6456);
#6455 = CARTESIAN_POINT('',(180.,149.,133.));
#6456 = VECTOR('',#6457,1.);
#6457 = DIRECTION('',(0.,1.,0.));
#6458 = ORIENTED_EDGE('',*,*,#6435,.T.);
#6459 = ORIENTED_EDGE('',*,*,#6453,.T.);
#6460 = CYLINDRICAL_SURFACE('',#6461,48.5);
#6461 = AXIS2_PLACEMENT_3D('',#6462,#6463,#6464);
#6462 = CARTESIAN_POINT('',(180.,149.,84.5));
#6463 = DIRECTION('',(0.,1.,0.));
#6464 = DIRECTION('',(0.,0.,1.));
#6465 = MANIFOLD_SOLID_BREP('',#6466);
#6466 = CLOSED_SHELL('',(#6467,#6500,#6520,#6540));
#6467 = ADVANCED_FACE('',(#6468),#6495,.T.);
#6468 = FACE_BOUND('',#6469,.T.);
#6469 = EDGE_LOOP('',(#6470,#6479,#6487,#6494));
#6470 = ORIENTED_EDGE('',*,*,#6471,.F.);
#6471 = EDGE_CURVE('',#6472,#6472,#6474,.T.);
#6472 = VERTEX_POINT('',#6473);
#6473 = CARTESIAN_POINT('',(180.,202.25,133.));
#6474 = CIRCLE('',#6475,48.5);
#6475 = AXIS2_PLACEMENT_3D('',#6476,#6477,#6478);
#6476 = CARTESIAN_POINT('',(180.,202.25,84.5));
#6477 = DIRECTION('',(0.,1.,0.));
#6478 = DIRECTION('',(0.,0.,1.));
#6479 = ORIENTED_EDGE('',*,*,#6480,.F.);
#6480 = EDGE_CURVE('',#6481,#6472,#6483,.T.);
#6481 = VERTEX_POINT('',#6482);
#6482 = CARTESIAN_POINT('',(180.,177.25,133.));
#6483 = LINE('',#6484,#6485);
#6484 = CARTESIAN_POINT('',(180.,177.25,133.));
#6485 = VECTOR('',#6486,1.);
#6486 = DIRECTION('',(0.,1.,0.));
#6487 = ORIENTED_EDGE('',*,*,#6488,.T.);
#6488 = EDGE_CURVE('',#6481,#6481,#6489,.T.);
#6489 = CIRCLE('',#6490,48.5);
#6490 = AXIS2_PLACEMENT_3D('',#6491,#6492,#6493);
#6491 = CARTESIAN_POINT('',(180.,177.25,84.5));
#6492 = DIRECTION('',(0.,1.,0.));
#6493 = DIRECTION('',(0.,0.,1.));
#6494 = ORIENTED_EDGE('',*,*,#6480,.T.);
#6495 = CYLINDRICAL_SURFACE('',#6496,48.5);
#6496 = AXIS2_PLACEMENT_3D('',#6497,#6498,#6499);
#6497 = CARTESIAN_POINT('',(180.,177.25,84.5));
#6498 = DIRECTION('',(0.,1.,0.));
#6499 = DIRECTION('',(0.,0.,1.));
#6500 = ADVANCED_FACE('',(#6501,#6504),#6515,.T.);
#6501 = FACE_BOUND('',#6502,.T.);
#6502 = EDGE_LOOP('',(#6503));
#6503 = ORIENTED_EDGE('',*,*,#6471,.T.);
#6504 = FACE_BOUND('',#6505,.T.);
#6505 = EDGE_LOOP('',(#6506));
#6506 = ORIENTED_EDGE('',*,*,#6507,.F.);
#6507 = EDGE_CURVE('',#6508,#6508,#6510,.T.);
#6508 = VERTEX_POINT('',#6509);
#6509 = CARTESIAN_POINT('',(180.,202.25,93.));
#6510 = CIRCLE('',#6511,8.5);
#6511 = AXIS2_PLACEMENT_3D('',#6512,#6513,#6514);
#6512 = CARTESIAN_POINT('',(180.,202.25,84.5));
#6513 = DIRECTION('',(0.,1.,0.));
#6514 = DIRECTION('',(0.,0.,1.));
#6515 = PLANE('',#6516);
#6516 = AXIS2_PLACEMENT_3D('',#6517,#6518,#6519);
#6517 = CARTESIAN_POINT('',(180.,202.25,84.5));
#6518 = DIRECTION('',(0.,1.,0.));
#6519 = DIRECTION('',(0.,0.,1.));
#6520 = ADVANCED_FACE('',(#6521,#6524),#6535,.F.);
#6521 = FACE_BOUND('',#6522,.F.);
#6522 = EDGE_LOOP('',(#6523));
#6523 = ORIENTED_EDGE('',*,*,#6488,.T.);
#6524 = FACE_BOUND('',#6525,.F.);
#6525 = EDGE_LOOP('',(#6526));
#6526 = ORIENTED_EDGE('',*,*,#6527,.F.);
#6527 = EDGE_CURVE('',#6528,#6528,#6530,.T.);
#6528 = VERTEX_POINT('',#6529);
#6529 = CARTESIAN_POINT('',(180.,177.25,93.));
#6530 = CIRCLE('',#6531,8.5);
#6531 = AXIS2_PLACEMENT_3D('',#6532,#6533,#6534);
#6532 = CARTESIAN_POINT('',(180.,177.25,84.5));
#6533 = DIRECTION('',(0.,1.,0.));
#6534 = DIRECTION('',(0.,0.,1.));
#6535 = PLANE('',#6536);
#6536 = AXIS2_PLACEMENT_3D('',#6537,#6538,#6539);
#6537 = CARTESIAN_POINT('',(180.,177.25,84.5));
#6538 = DIRECTION('',(0.,1.,0.));
#6539 = DIRECTION('',(0.,0.,1.));
#6540 = ADVANCED_FACE('',(#6541),#6552,.F.);
#6541 = FACE_BOUND('',#6542,.F.);
#6542 = EDGE_LOOP('',(#6543,#6544,#6550,#6551));
#6543 = ORIENTED_EDGE('',*,*,#6507,.F.);
#6544 = ORIENTED_EDGE('',*,*,#6545,.F.);
#6545 = EDGE_CURVE('',#6528,#6508,#6546,.T.);
#6546 = LINE('',#6547,#6548);
#6547 = CARTESIAN_POINT('',(180.,177.25,93.));
#6548 = VECTOR('',#6549,1.);
#6549 = DIRECTION('',(0.,1.,0.));
#6550 = ORIENTED_EDGE('',*,*,#6527,.T.);
#6551 = ORIENTED_EDGE('',*,*,#6545,.T.);
#6552 = CYLINDRICAL_SURFACE('',#6553,8.5);
#6553 = AXIS2_PLACEMENT_3D('',#6554,#6555,#6556);
#6554 = CARTESIAN_POINT('',(180.,177.25,84.5));
#6555 = DIRECTION('',(0.,1.,0.));
#6556 = DIRECTION('',(0.,0.,1.));
#6557 = MANIFOLD_SOLID_BREP('',#6558);
#6558 = CLOSED_SHELL('',(#6559,#6599,#6630,#6726,#6750,#6839,#6851,#6873
    ,#6890,#6907,#6919,#6941,#6958,#6975));
#6559 = ADVANCED_FACE('',(#6560),#6594,.F.);
#6560 = FACE_BOUND('',#6561,.F.);
#6561 = EDGE_LOOP('',(#6562,#6572,#6580,#6588));
#6562 = ORIENTED_EDGE('',*,*,#6563,.F.);
#6563 = EDGE_CURVE('',#6564,#6566,#6568,.T.);
#6564 = VERTEX_POINT('',#6565);
#6565 = CARTESIAN_POINT('',(-228.,-105.,95.));
#6566 = VERTEX_POINT('',#6567);
#6567 = CARTESIAN_POINT('',(-228.,-105.,100.));
#6568 = LINE('',#6569,#6570);
#6569 = CARTESIAN_POINT('',(-228.,-105.,95.));
#6570 = VECTOR('',#6571,1.);
#6571 = DIRECTION('',(0.,0.,1.));
#6572 = ORIENTED_EDGE('',*,*,#6573,.T.);
#6573 = EDGE_CURVE('',#6564,#6574,#6576,.T.);
#6574 = VERTEX_POINT('',#6575);
#6575 = CARTESIAN_POINT('',(-228.,-55.,95.));
#6576 = LINE('',#6577,#6578);
#6577 = CARTESIAN_POINT('',(-228.,-105.,95.));
#6578 = VECTOR('',#6579,1.);
#6579 = DIRECTION('',(0.,1.,0.));
#6580 = ORIENTED_EDGE('',*,*,#6581,.T.);
#6581 = EDGE_CURVE('',#6574,#6582,#6584,.T.);
#6582 = VERTEX_POINT('',#6583);
#6583 = CARTESIAN_POINT('',(-228.,-55.,100.));
#6584 = LINE('',#6585,#6586);
#6585 = CARTESIAN_POINT('',(-228.,-55.,95.));
#6586 = VECTOR('',#6587,1.);
#6587 = DIRECTION('',(0.,0.,1.));
#6588 = ORIENTED_EDGE('',*,*,#6589,.F.);
#6589 = EDGE_CURVE('',#6566,#6582,#6590,.T.);
#6590 = LINE('',#6591,#6592);
#6591 = CARTESIAN_POINT('',(-228.,-105.,100.));
#6592 = VECTOR('',#6593,1.);
#6593 = DIRECTION('',(0.,1.,0.));
#6594 = PLANE('',#6595);
#6595 = AXIS2_PLACEMENT_3D('',#6596,#6597,#6598);
#6596 = CARTESIAN_POINT('',(-228.,-105.,95.));
#6597 = DIRECTION('',(1.,0.,0.));
#6598 = DIRECTION('',(0.,0.,1.));
#6599 = ADVANCED_FACE('',(#6600),#6625,.F.);
#6600 = FACE_BOUND('',#6601,.F.);
#6601 = EDGE_LOOP('',(#6602,#6610,#6611,#6619));
#6602 = ORIENTED_EDGE('',*,*,#6603,.F.);
#6603 = EDGE_CURVE('',#6564,#6604,#6606,.T.);
#6604 = VERTEX_POINT('',#6605);
#6605 = CARTESIAN_POINT('',(-132.,-105.,95.));
#6606 = LINE('',#6607,#6608);
#6607 = CARTESIAN_POINT('',(-228.,-105.,95.));
#6608 = VECTOR('',#6609,1.);
#6609 = DIRECTION('',(1.,0.,0.));
#6610 = ORIENTED_EDGE('',*,*,#6563,.T.);
#6611 = ORIENTED_EDGE('',*,*,#6612,.T.);
#6612 = EDGE_CURVE('',#6566,#6613,#6615,.T.);
#6613 = VERTEX_POINT('',#6614);
#6614 = CARTESIAN_POINT('',(-132.,-105.,100.));
#6615 = LINE('',#6616,#6617);
#6616 = CARTESIAN_POINT('',(-228.,-105.,100.));
#6617 = VECTOR('',#6618,1.);
#6618 = DIRECTION('',(1.,0.,0.));
#6619 = ORIENTED_EDGE('',*,*,#6620,.F.);
#6620 = EDGE_CURVE('',#6604,#6613,#6621,.T.);
#6621 = LINE('',#6622,#6623);
#6622 = CARTESIAN_POINT('',(-132.,-105.,95.));
#6623 = VECTOR('',#6624,1.);
#6624 = DIRECTION('',(0.,0.,1.));
#6625 = PLANE('',#6626);
#6626 = AXIS2_PLACEMENT_3D('',#6627,#6628,#6629);
#6627 = CARTESIAN_POINT('',(-228.,-105.,95.));
#6628 = DIRECTION('',(0.,1.,0.));
#6629 = DIRECTION('',(0.,0.,1.));
#6630 = ADVANCED_FACE('',(#6631,#6649,#6685),#6721,.T.);
#6631 = FACE_BOUND('',#6632,.T.);
#6632 = EDGE_LOOP('',(#6633,#6634,#6635,#6643));
#6633 = ORIENTED_EDGE('',*,*,#6589,.F.);
#6634 = ORIENTED_EDGE('',*,*,#6612,.T.);
#6635 = ORIENTED_EDGE('',*,*,#6636,.T.);
#6636 = EDGE_CURVE('',#6613,#6637,#6639,.T.);
#6637 = VERTEX_POINT('',#6638);
#6638 = CARTESIAN_POINT('',(-132.,-55.,100.));
#6639 = LINE('',#6640,#6641);
#6640 = CARTESIAN_POINT('',(-132.,-105.,100.));
#6641 = VECTOR('',#6642,1.);
#6642 = DIRECTION('',(0.,1.,0.));
#6643 = ORIENTED_EDGE('',*,*,#6644,.F.);
#6644 = EDGE_CURVE('',#6582,#6637,#6645,.T.);
#6645 = LINE('',#6646,#6647);
#6646 = CARTESIAN_POINT('',(-228.,-55.,100.));
#6647 = VECTOR('',#6648,1.);
#6648 = DIRECTION('',(1.,0.,0.));
#6649 = FACE_BOUND('',#6650,.T.);
#6650 = EDGE_LOOP('',(#6651,#6662,#6670,#6679));
#6651 = ORIENTED_EDGE('',*,*,#6652,.F.);
#6652 = EDGE_CURVE('',#6653,#6655,#6657,.T.);
#6653 = VERTEX_POINT('',#6654);
#6654 = CARTESIAN_POINT('',(-217.75,-90.,100.));
#6655 = VERTEX_POINT('',#6656);
#6656 = CARTESIAN_POINT('',(-212.25,-90.,100.));
#6657 = CIRCLE('',#6658,2.75);
#6658 = AXIS2_PLACEMENT_3D('',#6659,#6660,#6661);
#6659 = CARTESIAN_POINT('',(-215.,-90.,100.));
#6660 = DIRECTION('',(0.,0.,1.));
#6661 = DIRECTION('',(1.,0.,0.));
#6662 = ORIENTED_EDGE('',*,*,#6663,.T.);
#6663 = EDGE_CURVE('',#6653,#6664,#6666,.T.);
#6664 = VERTEX_POINT('',#6665);
#6665 = CARTESIAN_POINT('',(-217.75,-70.,100.));
#6666 = LINE('',#6667,#6668);
#6667 = CARTESIAN_POINT('',(-217.75,-97.5,100.));
#6668 = VECTOR('',#6669,1.);
#6669 = DIRECTION('',(0.,1.,0.));
#6670 = ORIENTED_EDGE('',*,*,#6671,.F.);
#6671 = EDGE_CURVE('',#6672,#6664,#6674,.T.);
#6672 = VERTEX_POINT('',#6673);
#6673 = CARTESIAN_POINT('',(-212.25,-70.,100.));
#6674 = CIRCLE('',#6675,2.75);
#6675 = AXIS2_PLACEMENT_3D('',#6676,#6677,#6678);
#6676 = CARTESIAN_POINT('',(-215.,-70.,100.));
#6677 = DIRECTION('',(0.,0.,1.));
#6678 = DIRECTION('',(1.,0.,0.));
#6679 = ORIENTED_EDGE('',*,*,#6680,.F.);
#6680 = EDGE_CURVE('',#6655,#6672,#6681,.T.);
#6681 = LINE('',#6682,#6683);
#6682 = CARTESIAN_POINT('',(-212.25,-97.5,100.));
#6683 = VECTOR('',#6684,1.);
#6684 = DIRECTION('',(0.,1.,0.));
#6685 = FACE_BOUND('',#6686,.T.);
#6686 = EDGE_LOOP('',(#6687,#6698,#6706,#6715));
#6687 = ORIENTED_EDGE('',*,*,#6688,.F.);
#6688 = EDGE_CURVE('',#6689,#6691,#6693,.T.);
#6689 = VERTEX_POINT('',#6690);
#6690 = CARTESIAN_POINT('',(-147.75,-90.,100.));
#6691 = VERTEX_POINT('',#6692);
#6692 = CARTESIAN_POINT('',(-142.25,-90.,100.));
#6693 = CIRCLE('',#6694,2.75);
#6694 = AXIS2_PLACEMENT_3D('',#6695,#6696,#6697);
#6695 = CARTESIAN_POINT('',(-145.,-90.,100.));
#6696 = DIRECTION('',(0.,0.,1.));
#6697 = DIRECTION('',(1.,0.,0.));
#6698 = ORIENTED_EDGE('',*,*,#6699,.T.);
#6699 = EDGE_CURVE('',#6689,#6700,#6702,.T.);
#6700 = VERTEX_POINT('',#6701);
#6701 = CARTESIAN_POINT('',(-147.75,-70.,100.));
#6702 = LINE('',#6703,#6704);
#6703 = CARTESIAN_POINT('',(-147.75,-97.5,100.));
#6704 = VECTOR('',#6705,1.);
#6705 = DIRECTION('',(0.,1.,0.));
#6706 = ORIENTED_EDGE('',*,*,#6707,.F.);
#6707 = EDGE_CURVE('',#6708,#6700,#6710,.T.);
#6708 = VERTEX_POINT('',#6709);
#6709 = CARTESIAN_POINT('',(-142.25,-70.,100.));
#6710 = CIRCLE('',#6711,2.75);
#6711 = AXIS2_PLACEMENT_3D('',#6712,#6713,#6714);
#6712 = CARTESIAN_POINT('',(-145.,-70.,100.));
#6713 = DIRECTION('',(0.,0.,1.));
#6714 = DIRECTION('',(1.,0.,0.));
#6715 = ORIENTED_EDGE('',*,*,#6716,.F.);
#6716 = EDGE_CURVE('',#6691,#6708,#6717,.T.);
#6717 = LINE('',#6718,#6719);
#6718 = CARTESIAN_POINT('',(-142.25,-97.5,100.));
#6719 = VECTOR('',#6720,1.);
#6720 = DIRECTION('',(0.,1.,0.));
#6721 = PLANE('',#6722);
#6722 = AXIS2_PLACEMENT_3D('',#6723,#6724,#6725);
#6723 = CARTESIAN_POINT('',(-228.,-105.,100.));
#6724 = DIRECTION('',(0.,0.,1.));
#6725 = DIRECTION('',(1.,0.,0.));
#6726 = ADVANCED_FACE('',(#6727),#6745,.T.);
#6727 = FACE_BOUND('',#6728,.T.);
#6728 = EDGE_LOOP('',(#6729,#6737,#6738,#6739));
#6729 = ORIENTED_EDGE('',*,*,#6730,.F.);
#6730 = EDGE_CURVE('',#6574,#6731,#6733,.T.);
#6731 = VERTEX_POINT('',#6732);
#6732 = CARTESIAN_POINT('',(-132.,-55.,95.));
#6733 = LINE('',#6734,#6735);
#6734 = CARTESIAN_POINT('',(-228.,-55.,95.));
#6735 = VECTOR('',#6736,1.);
#6736 = DIRECTION('',(1.,0.,0.));
#6737 = ORIENTED_EDGE('',*,*,#6581,.T.);
#6738 = ORIENTED_EDGE('',*,*,#6644,.T.);
#6739 = ORIENTED_EDGE('',*,*,#6740,.F.);
#6740 = EDGE_CURVE('',#6731,#6637,#6741,.T.);
#6741 = LINE('',#6742,#6743);
#6742 = CARTESIAN_POINT('',(-132.,-55.,95.));
#6743 = VECTOR('',#6744,1.);
#6744 = DIRECTION('',(0.,0.,1.));
#6745 = PLANE('',#6746);
#6746 = AXIS2_PLACEMENT_3D('',#6747,#6748,#6749);
#6747 = CARTESIAN_POINT('',(-228.,-55.,95.));
#6748 = DIRECTION('',(0.,1.,0.));
#6749 = DIRECTION('',(0.,0.,1.));
#6750 = ADVANCED_FACE('',(#6751,#6762,#6798),#6834,.F.);
#6751 = FACE_BOUND('',#6752,.F.);
#6752 = EDGE_LOOP('',(#6753,#6754,#6755,#6761));
#6753 = ORIENTED_EDGE('',*,*,#6573,.F.);
#6754 = ORIENTED_EDGE('',*,*,#6603,.T.);
#6755 = ORIENTED_EDGE('',*,*,#6756,.T.);
#6756 = EDGE_CURVE('',#6604,#6731,#6757,.T.);
#6757 = LINE('',#6758,#6759);
#6758 = CARTESIAN_POINT('',(-132.,-105.,95.));
#6759 = VECTOR('',#6760,1.);
#6760 = DIRECTION('',(0.,1.,0.));
#6761 = ORIENTED_EDGE('',*,*,#6730,.F.);
#6762 = FACE_BOUND('',#6763,.F.);
#6763 = EDGE_LOOP('',(#6764,#6775,#6783,#6792));
#6764 = ORIENTED_EDGE('',*,*,#6765,.F.);
#6765 = EDGE_CURVE('',#6766,#6768,#6770,.T.);
#6766 = VERTEX_POINT('',#6767);
#6767 = CARTESIAN_POINT('',(-217.75,-90.,95.));
#6768 = VERTEX_POINT('',#6769);
#6769 = CARTESIAN_POINT('',(-212.25,-90.,95.));
#6770 = CIRCLE('',#6771,2.75);
#6771 = AXIS2_PLACEMENT_3D('',#6772,#6773,#6774);
#6772 = CARTESIAN_POINT('',(-215.,-90.,95.));
#6773 = DIRECTION('',(0.,0.,1.));
#6774 = DIRECTION('',(1.,0.,0.));
#6775 = ORIENTED_EDGE('',*,*,#6776,.T.);
#6776 = EDGE_CURVE('',#6766,#6777,#6779,.T.);
#6777 = VERTEX_POINT('',#6778);
#6778 = CARTESIAN_POINT('',(-217.75,-70.,95.));
#6779 = LINE('',#6780,#6781);
#6780 = CARTESIAN_POINT('',(-217.75,-97.5,95.));
#6781 = VECTOR('',#6782,1.);
#6782 = DIRECTION('',(0.,1.,0.));
#6783 = ORIENTED_EDGE('',*,*,#6784,.F.);
#6784 = EDGE_CURVE('',#6785,#6777,#6787,.T.);
#6785 = VERTEX_POINT('',#6786);
#6786 = CARTESIAN_POINT('',(-212.25,-70.,95.));
#6787 = CIRCLE('',#6788,2.75);
#6788 = AXIS2_PLACEMENT_3D('',#6789,#6790,#6791);
#6789 = CARTESIAN_POINT('',(-215.,-70.,95.));
#6790 = DIRECTION('',(0.,0.,1.));
#6791 = DIRECTION('',(1.,0.,0.));
#6792 = ORIENTED_EDGE('',*,*,#6793,.F.);
#6793 = EDGE_CURVE('',#6768,#6785,#6794,.T.);
#6794 = LINE('',#6795,#6796);
#6795 = CARTESIAN_POINT('',(-212.25,-97.5,95.));
#6796 = VECTOR('',#6797,1.);
#6797 = DIRECTION('',(0.,1.,0.));
#6798 = FACE_BOUND('',#6799,.F.);
#6799 = EDGE_LOOP('',(#6800,#6811,#6819,#6828));
#6800 = ORIENTED_EDGE('',*,*,#6801,.F.);
#6801 = EDGE_CURVE('',#6802,#6804,#6806,.T.);
#6802 = VERTEX_POINT('',#6803);
#6803 = CARTESIAN_POINT('',(-147.75,-90.,95.));
#6804 = VERTEX_POINT('',#6805);
#6805 = CARTESIAN_POINT('',(-142.25,-90.,95.));
#6806 = CIRCLE('',#6807,2.75);
#6807 = AXIS2_PLACEMENT_3D('',#6808,#6809,#6810);
#6808 = CARTESIAN_POINT('',(-145.,-90.,95.));
#6809 = DIRECTION('',(0.,0.,1.));
#6810 = DIRECTION('',(1.,0.,0.));
#6811 = ORIENTED_EDGE('',*,*,#6812,.T.);
#6812 = EDGE_CURVE('',#6802,#6813,#6815,.T.);
#6813 = VERTEX_POINT('',#6814);
#6814 = CARTESIAN_POINT('',(-147.75,-70.,95.));
#6815 = LINE('',#6816,#6817);
#6816 = CARTESIAN_POINT('',(-147.75,-97.5,95.));
#6817 = VECTOR('',#6818,1.);
#6818 = DIRECTION('',(0.,1.,0.));
#6819 = ORIENTED_EDGE('',*,*,#6820,.F.);
#6820 = EDGE_CURVE('',#6821,#6813,#6823,.T.);
#6821 = VERTEX_POINT('',#6822);
#6822 = CARTESIAN_POINT('',(-142.25,-70.,95.));
#6823 = CIRCLE('',#6824,2.75);
#6824 = AXIS2_PLACEMENT_3D('',#6825,#6826,#6827);
#6825 = CARTESIAN_POINT('',(-145.,-70.,95.));
#6826 = DIRECTION('',(0.,0.,1.));
#6827 = DIRECTION('',(1.,0.,0.));
#6828 = ORIENTED_EDGE('',*,*,#6829,.F.);
#6829 = EDGE_CURVE('',#6804,#6821,#6830,.T.);
#6830 = LINE('',#6831,#6832);
#6831 = CARTESIAN_POINT('',(-142.25,-97.5,95.));
#6832 = VECTOR('',#6833,1.);
#6833 = DIRECTION('',(0.,1.,0.));
#6834 = PLANE('',#6835);
#6835 = AXIS2_PLACEMENT_3D('',#6836,#6837,#6838);
#6836 = CARTESIAN_POINT('',(-228.,-105.,95.));
#6837 = DIRECTION('',(0.,0.,1.));
#6838 = DIRECTION('',(1.,0.,0.));
#6839 = ADVANCED_FACE('',(#6840),#6846,.T.);
#6840 = FACE_BOUND('',#6841,.T.);
#6841 = EDGE_LOOP('',(#6842,#6843,#6844,#6845));
#6842 = ORIENTED_EDGE('',*,*,#6620,.F.);
#6843 = ORIENTED_EDGE('',*,*,#6756,.T.);
#6844 = ORIENTED_EDGE('',*,*,#6740,.T.);
#6845 = ORIENTED_EDGE('',*,*,#6636,.F.);
#6846 = PLANE('',#6847);
#6847 = AXIS2_PLACEMENT_3D('',#6848,#6849,#6850);
#6848 = CARTESIAN_POINT('',(-132.,-105.,95.));
#6849 = DIRECTION('',(1.,0.,0.));
#6850 = DIRECTION('',(0.,0.,1.));
#6851 = ADVANCED_FACE('',(#6852),#6868,.F.);
#6852 = FACE_BOUND('',#6853,.F.);
#6853 = EDGE_LOOP('',(#6854,#6855,#6861,#6862));
#6854 = ORIENTED_EDGE('',*,*,#6765,.T.);
#6855 = ORIENTED_EDGE('',*,*,#6856,.T.);
#6856 = EDGE_CURVE('',#6768,#6655,#6857,.T.);
#6857 = LINE('',#6858,#6859);
#6858 = CARTESIAN_POINT('',(-212.25,-90.,94.));
#6859 = VECTOR('',#6860,1.);
#6860 = DIRECTION('',(0.,0.,1.));
#6861 = ORIENTED_EDGE('',*,*,#6652,.F.);
#6862 = ORIENTED_EDGE('',*,*,#6863,.F.);
#6863 = EDGE_CURVE('',#6766,#6653,#6864,.T.);
#6864 = LINE('',#6865,#6866);
#6865 = CARTESIAN_POINT('',(-217.75,-90.,94.));
#6866 = VECTOR('',#6867,1.);
#6867 = DIRECTION('',(0.,0.,1.));
#6868 = CYLINDRICAL_SURFACE('',#6869,2.75);
#6869 = AXIS2_PLACEMENT_3D('',#6870,#6871,#6872);
#6870 = CARTESIAN_POINT('',(-215.,-90.,94.));
#6871 = DIRECTION('',(0.,0.,1.));
#6872 = DIRECTION('',(1.,0.,0.));
#6873 = ADVANCED_FACE('',(#6874),#6885,.T.);
#6874 = FACE_BOUND('',#6875,.T.);
#6875 = EDGE_LOOP('',(#6876,#6877,#6878,#6884));
#6876 = ORIENTED_EDGE('',*,*,#6863,.F.);
#6877 = ORIENTED_EDGE('',*,*,#6776,.T.);
#6878 = ORIENTED_EDGE('',*,*,#6879,.T.);
#6879 = EDGE_CURVE('',#6777,#6664,#6880,.T.);
#6880 = LINE('',#6881,#6882);
#6881 = CARTESIAN_POINT('',(-217.75,-70.,94.));
#6882 = VECTOR('',#6883,1.);
#6883 = DIRECTION('',(0.,0.,1.));
#6884 = ORIENTED_EDGE('',*,*,#6663,.F.);
#6885 = PLANE('',#6886);
#6886 = AXIS2_PLACEMENT_3D('',#6887,#6888,#6889);
#6887 = CARTESIAN_POINT('',(-217.75,-90.,94.));
#6888 = DIRECTION('',(1.,0.,0.));
#6889 = DIRECTION('',(0.,0.,1.));
#6890 = ADVANCED_FACE('',(#6891),#6902,.F.);
#6891 = FACE_BOUND('',#6892,.F.);
#6892 = EDGE_LOOP('',(#6893,#6894,#6895,#6901));
#6893 = ORIENTED_EDGE('',*,*,#6856,.F.);
#6894 = ORIENTED_EDGE('',*,*,#6793,.T.);
#6895 = ORIENTED_EDGE('',*,*,#6896,.T.);
#6896 = EDGE_CURVE('',#6785,#6672,#6897,.T.);
#6897 = LINE('',#6898,#6899);
#6898 = CARTESIAN_POINT('',(-212.25,-70.,94.));
#6899 = VECTOR('',#6900,1.);
#6900 = DIRECTION('',(0.,0.,1.));
#6901 = ORIENTED_EDGE('',*,*,#6680,.F.);
#6902 = PLANE('',#6903);
#6903 = AXIS2_PLACEMENT_3D('',#6904,#6905,#6906);
#6904 = CARTESIAN_POINT('',(-212.25,-90.,94.));
#6905 = DIRECTION('',(1.,0.,0.));
#6906 = DIRECTION('',(0.,0.,1.));
#6907 = ADVANCED_FACE('',(#6908),#6914,.F.);
#6908 = FACE_BOUND('',#6909,.F.);
#6909 = EDGE_LOOP('',(#6910,#6911,#6912,#6913));
#6910 = ORIENTED_EDGE('',*,*,#6671,.F.);
#6911 = ORIENTED_EDGE('',*,*,#6896,.F.);
#6912 = ORIENTED_EDGE('',*,*,#6784,.T.);
#6913 = ORIENTED_EDGE('',*,*,#6879,.T.);
#6914 = CYLINDRICAL_SURFACE('',#6915,2.75);
#6915 = AXIS2_PLACEMENT_3D('',#6916,#6917,#6918);
#6916 = CARTESIAN_POINT('',(-215.,-70.,94.));
#6917 = DIRECTION('',(0.,0.,1.));
#6918 = DIRECTION('',(1.,0.,0.));
#6919 = ADVANCED_FACE('',(#6920),#6936,.F.);
#6920 = FACE_BOUND('',#6921,.F.);
#6921 = EDGE_LOOP('',(#6922,#6923,#6929,#6930));
#6922 = ORIENTED_EDGE('',*,*,#6801,.T.);
#6923 = ORIENTED_EDGE('',*,*,#6924,.T.);
#6924 = EDGE_CURVE('',#6804,#6691,#6925,.T.);
#6925 = LINE('',#6926,#6927);
#6926 = CARTESIAN_POINT('',(-142.25,-90.,94.));
#6927 = VECTOR('',#6928,1.);
#6928 = DIRECTION('',(0.,0.,1.));
#6929 = ORIENTED_EDGE('',*,*,#6688,.F.);
#6930 = ORIENTED_EDGE('',*,*,#6931,.F.);
#6931 = EDGE_CURVE('',#6802,#6689,#6932,.T.);
#6932 = LINE('',#6933,#6934);
#6933 = CARTESIAN_POINT('',(-147.75,-90.,94.));
#6934 = VECTOR('',#6935,1.);
#6935 = DIRECTION('',(0.,0.,1.));
#6936 = CYLINDRICAL_SURFACE('',#6937,2.75);
#6937 = AXIS2_PLACEMENT_3D('',#6938,#6939,#6940);
#6938 = CARTESIAN_POINT('',(-145.,-90.,94.));
#6939 = DIRECTION('',(0.,0.,1.));
#6940 = DIRECTION('',(1.,0.,0.));
#6941 = ADVANCED_FACE('',(#6942),#6953,.F.);
#6942 = FACE_BOUND('',#6943,.F.);
#6943 = EDGE_LOOP('',(#6944,#6945,#6946,#6952));
#6944 = ORIENTED_EDGE('',*,*,#6924,.F.);
#6945 = ORIENTED_EDGE('',*,*,#6829,.T.);
#6946 = ORIENTED_EDGE('',*,*,#6947,.T.);
#6947 = EDGE_CURVE('',#6821,#6708,#6948,.T.);
#6948 = LINE('',#6949,#6950);
#6949 = CARTESIAN_POINT('',(-142.25,-70.,94.));
#6950 = VECTOR('',#6951,1.);
#6951 = DIRECTION('',(0.,0.,1.));
#6952 = ORIENTED_EDGE('',*,*,#6716,.F.);
#6953 = PLANE('',#6954);
#6954 = AXIS2_PLACEMENT_3D('',#6955,#6956,#6957);
#6955 = CARTESIAN_POINT('',(-142.25,-90.,94.));
#6956 = DIRECTION('',(1.,0.,0.));
#6957 = DIRECTION('',(0.,0.,1.));
#6958 = ADVANCED_FACE('',(#6959),#6970,.F.);
#6959 = FACE_BOUND('',#6960,.F.);
#6960 = EDGE_LOOP('',(#6961,#6962,#6963,#6964));
#6961 = ORIENTED_EDGE('',*,*,#6707,.F.);
#6962 = ORIENTED_EDGE('',*,*,#6947,.F.);
#6963 = ORIENTED_EDGE('',*,*,#6820,.T.);
#6964 = ORIENTED_EDGE('',*,*,#6965,.T.);
#6965 = EDGE_CURVE('',#6813,#6700,#6966,.T.);
#6966 = LINE('',#6967,#6968);
#6967 = CARTESIAN_POINT('',(-147.75,-70.,94.));
#6968 = VECTOR('',#6969,1.);
#6969 = DIRECTION('',(0.,0.,1.));
#6970 = CYLINDRICAL_SURFACE('',#6971,2.75);
#6971 = AXIS2_PLACEMENT_3D('',#6972,#6973,#6974);
#6972 = CARTESIAN_POINT('',(-145.,-70.,94.));
#6973 = DIRECTION('',(0.,0.,1.));
#6974 = DIRECTION('',(1.,0.,0.));
#6975 = ADVANCED_FACE('',(#6976),#6982,.T.);
#6976 = FACE_BOUND('',#6977,.T.);
#6977 = EDGE_LOOP('',(#6978,#6979,#6980,#6981));
#6978 = ORIENTED_EDGE('',*,*,#6931,.F.);
#6979 = ORIENTED_EDGE('',*,*,#6812,.T.);
#6980 = ORIENTED_EDGE('',*,*,#6965,.T.);
#6981 = ORIENTED_EDGE('',*,*,#6699,.F.);
#6982 = PLANE('',#6983);
#6983 = AXIS2_PLACEMENT_3D('',#6984,#6985,#6986);
#6984 = CARTESIAN_POINT('',(-147.75,-90.,94.));
#6985 = DIRECTION('',(1.,0.,0.));
#6986 = DIRECTION('',(0.,0.,1.));
#6987 = MANIFOLD_SOLID_BREP('',#6988);
#6988 = CLOSED_SHELL('',(#6989,#7022,#7031));
#6989 = ADVANCED_FACE('',(#6990),#7017,.T.);
#6990 = FACE_BOUND('',#6991,.T.);
#6991 = EDGE_LOOP('',(#6992,#7001,#7009,#7016));
#6992 = ORIENTED_EDGE('',*,*,#6993,.F.);
#6993 = EDGE_CURVE('',#6994,#6994,#6996,.T.);
#6994 = VERTEX_POINT('',#6995);
#6995 = CARTESIAN_POINT('',(-146.25,-80.,107.));
#6996 = CIRCLE('',#6997,2.);
#6997 = AXIS2_PLACEMENT_3D('',#6998,#6999,#7000);
#6998 = CARTESIAN_POINT('',(-146.25,-80.,105.));
#6999 = DIRECTION('',(1.,0.,-0.));
#7000 = DIRECTION('',(0.,0.,1.));
#7001 = ORIENTED_EDGE('',*,*,#7002,.F.);
#7002 = EDGE_CURVE('',#7003,#6994,#7005,.T.);
#7003 = VERTEX_POINT('',#7004);
#7004 = CARTESIAN_POINT('',(-213.75,-80.,107.));
#7005 = LINE('',#7006,#7007);
#7006 = CARTESIAN_POINT('',(-213.75,-80.,107.));
#7007 = VECTOR('',#7008,1.);
#7008 = DIRECTION('',(1.,0.,0.));
#7009 = ORIENTED_EDGE('',*,*,#7010,.T.);
#7010 = EDGE_CURVE('',#7003,#7003,#7011,.T.);
#7011 = CIRCLE('',#7012,2.);
#7012 = AXIS2_PLACEMENT_3D('',#7013,#7014,#7015);
#7013 = CARTESIAN_POINT('',(-213.75,-80.,105.));
#7014 = DIRECTION('',(1.,0.,-0.));
#7015 = DIRECTION('',(0.,0.,1.));
#7016 = ORIENTED_EDGE('',*,*,#7002,.T.);
#7017 = CYLINDRICAL_SURFACE('',#7018,2.);
#7018 = AXIS2_PLACEMENT_3D('',#7019,#7020,#7021);
#7019 = CARTESIAN_POINT('',(-213.75,-80.,105.));
#7020 = DIRECTION('',(1.,0.,0.));
#7021 = DIRECTION('',(0.,0.,1.));
#7022 = ADVANCED_FACE('',(#7023),#7026,.T.);
#7023 = FACE_BOUND('',#7024,.T.);
#7024 = EDGE_LOOP('',(#7025));
#7025 = ORIENTED_EDGE('',*,*,#6993,.T.);
#7026 = PLANE('',#7027);
#7027 = AXIS2_PLACEMENT_3D('',#7028,#7029,#7030);
#7028 = CARTESIAN_POINT('',(-146.25,-80.,105.));
#7029 = DIRECTION('',(1.,0.,0.));
#7030 = DIRECTION('',(0.,0.,1.));
#7031 = ADVANCED_FACE('',(#7032),#7035,.F.);
#7032 = FACE_BOUND('',#7033,.T.);
#7033 = EDGE_LOOP('',(#7034));
#7034 = ORIENTED_EDGE('',*,*,#7010,.F.);
#7035 = PLANE('',#7036);
#7036 = AXIS2_PLACEMENT_3D('',#7037,#7038,#7039);
#7037 = CARTESIAN_POINT('',(-213.75,-80.,105.));
#7038 = DIRECTION('',(1.,0.,0.));
#7039 = DIRECTION('',(0.,0.,1.));
#7040 = MANIFOLD_SOLID_BREP('',#7041);
#7041 = CLOSED_SHELL('',(#7042,#7093,#7124,#7148,#7172,#7189,#7214));
#7042 = ADVANCED_FACE('',(#7043,#7077),#7088,.F.);
#7043 = FACE_BOUND('',#7044,.F.);
#7044 = EDGE_LOOP('',(#7045,#7055,#7063,#7071));
#7045 = ORIENTED_EDGE('',*,*,#7046,.F.);
#7046 = EDGE_CURVE('',#7047,#7049,#7051,.T.);
#7047 = VERTEX_POINT('',#7048);
#7048 = CARTESIAN_POINT('',(-212.75,-88.,100.));
#7049 = VERTEX_POINT('',#7050);
#7050 = CARTESIAN_POINT('',(-212.75,-88.,113.));
#7051 = LINE('',#7052,#7053);
#7052 = CARTESIAN_POINT('',(-212.75,-88.,100.));
#7053 = VECTOR('',#7054,1.);
#7054 = DIRECTION('',(0.,0.,1.));
#7055 = ORIENTED_EDGE('',*,*,#7056,.T.);
#7056 = EDGE_CURVE('',#7047,#7057,#7059,.T.);
#7057 = VERTEX_POINT('',#7058);
#7058 = CARTESIAN_POINT('',(-212.75,-72.,100.));
#7059 = LINE('',#7060,#7061);
#7060 = CARTESIAN_POINT('',(-212.75,-88.,100.));
#7061 = VECTOR('',#7062,1.);
#7062 = DIRECTION('',(0.,1.,0.));
#7063 = ORIENTED_EDGE('',*,*,#7064,.T.);
#7064 = EDGE_CURVE('',#7057,#7065,#7067,.T.);
#7065 = VERTEX_POINT('',#7066);
#7066 = CARTESIAN_POINT('',(-212.75,-72.,113.));
#7067 = LINE('',#7068,#7069);
#7068 = CARTESIAN_POINT('',(-212.75,-72.,100.));
#7069 = VECTOR('',#7070,1.);
#7070 = DIRECTION('',(0.,0.,1.));
#7071 = ORIENTED_EDGE('',*,*,#7072,.F.);
#7072 = EDGE_CURVE('',#7049,#7065,#7073,.T.);
#7073 = LINE('',#7074,#7075);
#7074 = CARTESIAN_POINT('',(-212.75,-88.,113.));
#7075 = VECTOR('',#7076,1.);
#7076 = DIRECTION('',(0.,1.,0.));
#7077 = FACE_BOUND('',#7078,.F.);
#7078 = EDGE_LOOP('',(#7079));
#7079 = ORIENTED_EDGE('',*,*,#7080,.F.);
#7080 = EDGE_CURVE('',#7081,#7081,#7083,.T.);
#7081 = VERTEX_POINT('',#7082);
#7082 = CARTESIAN_POINT('',(-212.75,-80.,107.1));
#7083 = CIRCLE('',#7084,2.1);
#7084 = AXIS2_PLACEMENT_3D('',#7085,#7086,#7087);
#7085 = CARTESIAN_POINT('',(-212.75,-80.,105.));
#7086 = DIRECTION('',(1.,0.,-0.));
#7087 = DIRECTION('',(0.,0.,1.));
#7088 = PLANE('',#7089);
#7089 = AXIS2_PLACEMENT_3D('',#7090,#7091,#7092);
#7090 = CARTESIAN_POINT('',(-212.75,-88.,100.));
#7091 = DIRECTION('',(1.,0.,0.));
#7092 = DIRECTION('',(0.,0.,1.));
#7093 = ADVANCED_FACE('',(#7094),#7119,.F.);
#7094 = FACE_BOUND('',#7095,.F.);
#7095 = EDGE_LOOP('',(#7096,#7104,#7105,#7113));
#7096 = ORIENTED_EDGE('',*,*,#7097,.F.);
#7097 = EDGE_CURVE('',#7047,#7098,#7100,.T.);
#7098 = VERTEX_POINT('',#7099);
#7099 = CARTESIAN_POINT('',(-204.75,-88.,100.));
#7100 = LINE('',#7101,#7102);
#7101 = CARTESIAN_POINT('',(-212.75,-88.,100.));
#7102 = VECTOR('',#7103,1.);
#7103 = DIRECTION('',(1.,0.,0.));
#7104 = ORIENTED_EDGE('',*,*,#7046,.T.);
#7105 = ORIENTED_EDGE('',*,*,#7106,.T.);
#7106 = EDGE_CURVE('',#7049,#7107,#7109,.T.);
#7107 = VERTEX_POINT('',#7108);
#7108 = CARTESIAN_POINT('',(-204.75,-88.,113.));
#7109 = LINE('',#7110,#7111);
#7110 = CARTESIAN_POINT('',(-212.75,-88.,113.));
#7111 = VECTOR('',#7112,1.);
#7112 = DIRECTION('',(1.,0.,0.));
#7113 = ORIENTED_EDGE('',*,*,#7114,.F.);
#7114 = EDGE_CURVE('',#7098,#7107,#7115,.T.);
#7115 = LINE('',#7116,#7117);
#7116 = CARTESIAN_POINT('',(-204.75,-88.,100.));
#7117 = VECTOR('',#7118,1.);
#7118 = DIRECTION('',(0.,0.,1.));
#7119 = PLANE('',#7120);
#7120 = AXIS2_PLACEMENT_3D('',#7121,#7122,#7123);
#7121 = CARTESIAN_POINT('',(-212.75,-88.,100.));
#7122 = DIRECTION('',(0.,1.,0.));
#7123 = DIRECTION('',(0.,0.,1.));
#7124 = ADVANCED_FACE('',(#7125),#7143,.T.);
#7125 = FACE_BOUND('',#7126,.T.);
#7126 = EDGE_LOOP('',(#7127,#7128,#7129,#7137));
#7127 = ORIENTED_EDGE('',*,*,#7072,.F.);
#7128 = ORIENTED_EDGE('',*,*,#7106,.T.);
#7129 = ORIENTED_EDGE('',*,*,#7130,.T.);
#7130 = EDGE_CURVE('',#7107,#7131,#7133,.T.);
#7131 = VERTEX_POINT('',#7132);
#7132 = CARTESIAN_POINT('',(-204.75,-72.,113.));
#7133 = LINE('',#7134,#7135);
#7134 = CARTESIAN_POINT('',(-204.75,-88.,113.));
#7135 = VECTOR('',#7136,1.);
#7136 = DIRECTION('',(0.,1.,0.));
#7137 = ORIENTED_EDGE('',*,*,#7138,.F.);
#7138 = EDGE_CURVE('',#7065,#7131,#7139,.T.);
#7139 = LINE('',#7140,#7141);
#7140 = CARTESIAN_POINT('',(-212.75,-72.,113.));
#7141 = VECTOR('',#7142,1.);
#7142 = DIRECTION('',(1.,0.,0.));
#7143 = PLANE('',#7144);
#7144 = AXIS2_PLACEMENT_3D('',#7145,#7146,#7147);
#7145 = CARTESIAN_POINT('',(-212.75,-88.,113.));
#7146 = DIRECTION('',(0.,0.,1.));
#7147 = DIRECTION('',(1.,0.,0.));
#7148 = ADVANCED_FACE('',(#7149),#7167,.F.);
#7149 = FACE_BOUND('',#7150,.F.);
#7150 = EDGE_LOOP('',(#7151,#7152,#7153,#7161));
#7151 = ORIENTED_EDGE('',*,*,#7056,.F.);
#7152 = ORIENTED_EDGE('',*,*,#7097,.T.);
#7153 = ORIENTED_EDGE('',*,*,#7154,.T.);
#7154 = EDGE_CURVE('',#7098,#7155,#7157,.T.);
#7155 = VERTEX_POINT('',#7156);
#7156 = CARTESIAN_POINT('',(-204.75,-72.,100.));
#7157 = LINE('',#7158,#7159);
#7158 = CARTESIAN_POINT('',(-204.75,-88.,100.));
#7159 = VECTOR('',#7160,1.);
#7160 = DIRECTION('',(0.,1.,0.));
#7161 = ORIENTED_EDGE('',*,*,#7162,.F.);
#7162 = EDGE_CURVE('',#7057,#7155,#7163,.T.);
#7163 = LINE('',#7164,#7165);
#7164 = CARTESIAN_POINT('',(-212.75,-72.,100.));
#7165 = VECTOR('',#7166,1.);
#7166 = DIRECTION('',(1.,0.,0.));
#7167 = PLANE('',#7168);
#7168 = AXIS2_PLACEMENT_3D('',#7169,#7170,#7171);
#7169 = CARTESIAN_POINT('',(-212.75,-88.,100.));
#7170 = DIRECTION('',(0.,0.,1.));
#7171 = DIRECTION('',(1.,0.,0.));
#7172 = ADVANCED_FACE('',(#7173),#7184,.T.);
#7173 = FACE_BOUND('',#7174,.T.);
#7174 = EDGE_LOOP('',(#7175,#7176,#7177,#7178));
#7175 = ORIENTED_EDGE('',*,*,#7162,.F.);
#7176 = ORIENTED_EDGE('',*,*,#7064,.T.);
#7177 = ORIENTED_EDGE('',*,*,#7138,.T.);
#7178 = ORIENTED_EDGE('',*,*,#7179,.F.);
#7179 = EDGE_CURVE('',#7155,#7131,#7180,.T.);
#7180 = LINE('',#7181,#7182);
#7181 = CARTESIAN_POINT('',(-204.75,-72.,100.));
#7182 = VECTOR('',#7183,1.);
#7183 = DIRECTION('',(0.,0.,1.));
#7184 = PLANE('',#7185);
#7185 = AXIS2_PLACEMENT_3D('',#7186,#7187,#7188);
#7186 = CARTESIAN_POINT('',(-212.75,-72.,100.));
#7187 = DIRECTION('',(0.,1.,0.));
#7188 = DIRECTION('',(0.,0.,1.));
#7189 = ADVANCED_FACE('',(#7190),#7209,.F.);
#7190 = FACE_BOUND('',#7191,.F.);
#7191 = EDGE_LOOP('',(#7192,#7201,#7207,#7208));
#7192 = ORIENTED_EDGE('',*,*,#7193,.F.);
#7193 = EDGE_CURVE('',#7194,#7194,#7196,.T.);
#7194 = VERTEX_POINT('',#7195);
#7195 = CARTESIAN_POINT('',(-204.75,-80.,107.1));
#7196 = CIRCLE('',#7197,2.1);
#7197 = AXIS2_PLACEMENT_3D('',#7198,#7199,#7200);
#7198 = CARTESIAN_POINT('',(-204.75,-80.,105.));
#7199 = DIRECTION('',(1.,0.,-0.));
#7200 = DIRECTION('',(0.,0.,1.));
#7201 = ORIENTED_EDGE('',*,*,#7202,.F.);
#7202 = EDGE_CURVE('',#7081,#7194,#7203,.T.);
#7203 = LINE('',#7204,#7205);
#7204 = CARTESIAN_POINT('',(-213.75,-80.,107.1));
#7205 = VECTOR('',#7206,1.);
#7206 = DIRECTION('',(1.,0.,0.));
#7207 = ORIENTED_EDGE('',*,*,#7080,.T.);
#7208 = ORIENTED_EDGE('',*,*,#7202,.T.);
#7209 = CYLINDRICAL_SURFACE('',#7210,2.1);
#7210 = AXIS2_PLACEMENT_3D('',#7211,#7212,#7213);
#7211 = CARTESIAN_POINT('',(-213.75,-80.,105.));
#7212 = DIRECTION('',(1.,0.,0.));
#7213 = DIRECTION('',(0.,0.,1.));
#7214 = ADVANCED_FACE('',(#7215,#7221),#7224,.T.);
#7215 = FACE_BOUND('',#7216,.T.);
#7216 = EDGE_LOOP('',(#7217,#7218,#7219,#7220));
#7217 = ORIENTED_EDGE('',*,*,#7114,.F.);
#7218 = ORIENTED_EDGE('',*,*,#7154,.T.);
#7219 = ORIENTED_EDGE('',*,*,#7179,.T.);
#7220 = ORIENTED_EDGE('',*,*,#7130,.F.);
#7221 = FACE_BOUND('',#7222,.T.);
#7222 = EDGE_LOOP('',(#7223));
#7223 = ORIENTED_EDGE('',*,*,#7193,.F.);
#7224 = PLANE('',#7225);
#7225 = AXIS2_PLACEMENT_3D('',#7226,#7227,#7228);
#7226 = CARTESIAN_POINT('',(-204.75,-88.,100.));
#7227 = DIRECTION('',(1.,0.,0.));
#7228 = DIRECTION('',(0.,0.,1.));
#7229 = MANIFOLD_SOLID_BREP('',#7230);
#7230 = CLOSED_SHELL('',(#7231,#7282,#7313,#7337,#7361,#7378,#7403));
#7231 = ADVANCED_FACE('',(#7232,#7266),#7277,.F.);
#7232 = FACE_BOUND('',#7233,.F.);
#7233 = EDGE_LOOP('',(#7234,#7244,#7252,#7260));
#7234 = ORIENTED_EDGE('',*,*,#7235,.F.);
#7235 = EDGE_CURVE('',#7236,#7238,#7240,.T.);
#7236 = VERTEX_POINT('',#7237);
#7237 = CARTESIAN_POINT('',(-155.25,-88.,100.));
#7238 = VERTEX_POINT('',#7239);
#7239 = CARTESIAN_POINT('',(-155.25,-88.,113.));
#7240 = LINE('',#7241,#7242);
#7241 = CARTESIAN_POINT('',(-155.25,-88.,100.));
#7242 = VECTOR('',#7243,1.);
#7243 = DIRECTION('',(0.,0.,1.));
#7244 = ORIENTED_EDGE('',*,*,#7245,.T.);
#7245 = EDGE_CURVE('',#7236,#7246,#7248,.T.);
#7246 = VERTEX_POINT('',#7247);
#7247 = CARTESIAN_POINT('',(-155.25,-72.,100.));
#7248 = LINE('',#7249,#7250);
#7249 = CARTESIAN_POINT('',(-155.25,-88.,100.));
#7250 = VECTOR('',#7251,1.);
#7251 = DIRECTION('',(0.,1.,0.));
#7252 = ORIENTED_EDGE('',*,*,#7253,.T.);
#7253 = EDGE_CURVE('',#7246,#7254,#7256,.T.);
#7254 = VERTEX_POINT('',#7255);
#7255 = CARTESIAN_POINT('',(-155.25,-72.,113.));
#7256 = LINE('',#7257,#7258);
#7257 = CARTESIAN_POINT('',(-155.25,-72.,100.));
#7258 = VECTOR('',#7259,1.);
#7259 = DIRECTION('',(0.,0.,1.));
#7260 = ORIENTED_EDGE('',*,*,#7261,.F.);
#7261 = EDGE_CURVE('',#7238,#7254,#7262,.T.);
#7262 = LINE('',#7263,#7264);
#7263 = CARTESIAN_POINT('',(-155.25,-88.,113.));
#7264 = VECTOR('',#7265,1.);
#7265 = DIRECTION('',(0.,1.,0.));
#7266 = FACE_BOUND('',#7267,.F.);
#7267 = EDGE_LOOP('',(#7268));
#7268 = ORIENTED_EDGE('',*,*,#7269,.F.);
#7269 = EDGE_CURVE('',#7270,#7270,#7272,.T.);
#7270 = VERTEX_POINT('',#7271);
#7271 = CARTESIAN_POINT('',(-155.25,-80.,107.1));
#7272 = CIRCLE('',#7273,2.1);
#7273 = AXIS2_PLACEMENT_3D('',#7274,#7275,#7276);
#7274 = CARTESIAN_POINT('',(-155.25,-80.,105.));
#7275 = DIRECTION('',(1.,0.,-0.));
#7276 = DIRECTION('',(0.,0.,1.));
#7277 = PLANE('',#7278);
#7278 = AXIS2_PLACEMENT_3D('',#7279,#7280,#7281);
#7279 = CARTESIAN_POINT('',(-155.25,-88.,100.));
#7280 = DIRECTION('',(1.,0.,0.));
#7281 = DIRECTION('',(0.,0.,1.));
#7282 = ADVANCED_FACE('',(#7283),#7308,.F.);
#7283 = FACE_BOUND('',#7284,.F.);
#7284 = EDGE_LOOP('',(#7285,#7293,#7294,#7302));
#7285 = ORIENTED_EDGE('',*,*,#7286,.F.);
#7286 = EDGE_CURVE('',#7236,#7287,#7289,.T.);
#7287 = VERTEX_POINT('',#7288);
#7288 = CARTESIAN_POINT('',(-147.25,-88.,100.));
#7289 = LINE('',#7290,#7291);
#7290 = CARTESIAN_POINT('',(-155.25,-88.,100.));
#7291 = VECTOR('',#7292,1.);
#7292 = DIRECTION('',(1.,0.,0.));
#7293 = ORIENTED_EDGE('',*,*,#7235,.T.);
#7294 = ORIENTED_EDGE('',*,*,#7295,.T.);
#7295 = EDGE_CURVE('',#7238,#7296,#7298,.T.);
#7296 = VERTEX_POINT('',#7297);
#7297 = CARTESIAN_POINT('',(-147.25,-88.,113.));
#7298 = LINE('',#7299,#7300);
#7299 = CARTESIAN_POINT('',(-155.25,-88.,113.));
#7300 = VECTOR('',#7301,1.);
#7301 = DIRECTION('',(1.,0.,0.));
#7302 = ORIENTED_EDGE('',*,*,#7303,.F.);
#7303 = EDGE_CURVE('',#7287,#7296,#7304,.T.);
#7304 = LINE('',#7305,#7306);
#7305 = CARTESIAN_POINT('',(-147.25,-88.,100.));
#7306 = VECTOR('',#7307,1.);
#7307 = DIRECTION('',(0.,0.,1.));
#7308 = PLANE('',#7309);
#7309 = AXIS2_PLACEMENT_3D('',#7310,#7311,#7312);
#7310 = CARTESIAN_POINT('',(-155.25,-88.,100.));
#7311 = DIRECTION('',(0.,1.,0.));
#7312 = DIRECTION('',(0.,0.,1.));
#7313 = ADVANCED_FACE('',(#7314),#7332,.T.);
#7314 = FACE_BOUND('',#7315,.T.);
#7315 = EDGE_LOOP('',(#7316,#7317,#7318,#7326));
#7316 = ORIENTED_EDGE('',*,*,#7261,.F.);
#7317 = ORIENTED_EDGE('',*,*,#7295,.T.);
#7318 = ORIENTED_EDGE('',*,*,#7319,.T.);
#7319 = EDGE_CURVE('',#7296,#7320,#7322,.T.);
#7320 = VERTEX_POINT('',#7321);
#7321 = CARTESIAN_POINT('',(-147.25,-72.,113.));
#7322 = LINE('',#7323,#7324);
#7323 = CARTESIAN_POINT('',(-147.25,-88.,113.));
#7324 = VECTOR('',#7325,1.);
#7325 = DIRECTION('',(0.,1.,0.));
#7326 = ORIENTED_EDGE('',*,*,#7327,.F.);
#7327 = EDGE_CURVE('',#7254,#7320,#7328,.T.);
#7328 = LINE('',#7329,#7330);
#7329 = CARTESIAN_POINT('',(-155.25,-72.,113.));
#7330 = VECTOR('',#7331,1.);
#7331 = DIRECTION('',(1.,0.,0.));
#7332 = PLANE('',#7333);
#7333 = AXIS2_PLACEMENT_3D('',#7334,#7335,#7336);
#7334 = CARTESIAN_POINT('',(-155.25,-88.,113.));
#7335 = DIRECTION('',(0.,0.,1.));
#7336 = DIRECTION('',(1.,0.,0.));
#7337 = ADVANCED_FACE('',(#7338),#7356,.F.);
#7338 = FACE_BOUND('',#7339,.F.);
#7339 = EDGE_LOOP('',(#7340,#7341,#7342,#7350));
#7340 = ORIENTED_EDGE('',*,*,#7245,.F.);
#7341 = ORIENTED_EDGE('',*,*,#7286,.T.);
#7342 = ORIENTED_EDGE('',*,*,#7343,.T.);
#7343 = EDGE_CURVE('',#7287,#7344,#7346,.T.);
#7344 = VERTEX_POINT('',#7345);
#7345 = CARTESIAN_POINT('',(-147.25,-72.,100.));
#7346 = LINE('',#7347,#7348);
#7347 = CARTESIAN_POINT('',(-147.25,-88.,100.));
#7348 = VECTOR('',#7349,1.);
#7349 = DIRECTION('',(0.,1.,0.));
#7350 = ORIENTED_EDGE('',*,*,#7351,.F.);
#7351 = EDGE_CURVE('',#7246,#7344,#7352,.T.);
#7352 = LINE('',#7353,#7354);
#7353 = CARTESIAN_POINT('',(-155.25,-72.,100.));
#7354 = VECTOR('',#7355,1.);
#7355 = DIRECTION('',(1.,0.,0.));
#7356 = PLANE('',#7357);
#7357 = AXIS2_PLACEMENT_3D('',#7358,#7359,#7360);
#7358 = CARTESIAN_POINT('',(-155.25,-88.,100.));
#7359 = DIRECTION('',(0.,0.,1.));
#7360 = DIRECTION('',(1.,0.,0.));
#7361 = ADVANCED_FACE('',(#7362),#7373,.T.);
#7362 = FACE_BOUND('',#7363,.T.);
#7363 = EDGE_LOOP('',(#7364,#7365,#7366,#7367));
#7364 = ORIENTED_EDGE('',*,*,#7351,.F.);
#7365 = ORIENTED_EDGE('',*,*,#7253,.T.);
#7366 = ORIENTED_EDGE('',*,*,#7327,.T.);
#7367 = ORIENTED_EDGE('',*,*,#7368,.F.);
#7368 = EDGE_CURVE('',#7344,#7320,#7369,.T.);
#7369 = LINE('',#7370,#7371);
#7370 = CARTESIAN_POINT('',(-147.25,-72.,100.));
#7371 = VECTOR('',#7372,1.);
#7372 = DIRECTION('',(0.,0.,1.));
#7373 = PLANE('',#7374);
#7374 = AXIS2_PLACEMENT_3D('',#7375,#7376,#7377);
#7375 = CARTESIAN_POINT('',(-155.25,-72.,100.));
#7376 = DIRECTION('',(0.,1.,0.));
#7377 = DIRECTION('',(0.,0.,1.));
#7378 = ADVANCED_FACE('',(#7379),#7398,.F.);
#7379 = FACE_BOUND('',#7380,.F.);
#7380 = EDGE_LOOP('',(#7381,#7390,#7396,#7397));
#7381 = ORIENTED_EDGE('',*,*,#7382,.F.);
#7382 = EDGE_CURVE('',#7383,#7383,#7385,.T.);
#7383 = VERTEX_POINT('',#7384);
#7384 = CARTESIAN_POINT('',(-147.25,-80.,107.1));
#7385 = CIRCLE('',#7386,2.1);
#7386 = AXIS2_PLACEMENT_3D('',#7387,#7388,#7389);
#7387 = CARTESIAN_POINT('',(-147.25,-80.,105.));
#7388 = DIRECTION('',(1.,0.,-0.));
#7389 = DIRECTION('',(0.,0.,1.));
#7390 = ORIENTED_EDGE('',*,*,#7391,.F.);
#7391 = EDGE_CURVE('',#7270,#7383,#7392,.T.);
#7392 = LINE('',#7393,#7394);
#7393 = CARTESIAN_POINT('',(-156.25,-80.,107.1));
#7394 = VECTOR('',#7395,1.);
#7395 = DIRECTION('',(1.,0.,0.));
#7396 = ORIENTED_EDGE('',*,*,#7269,.T.);
#7397 = ORIENTED_EDGE('',*,*,#7391,.T.);
#7398 = CYLINDRICAL_SURFACE('',#7399,2.1);
#7399 = AXIS2_PLACEMENT_3D('',#7400,#7401,#7402);
#7400 = CARTESIAN_POINT('',(-156.25,-80.,105.));
#7401 = DIRECTION('',(1.,0.,0.));
#7402 = DIRECTION('',(0.,0.,1.));
#7403 = ADVANCED_FACE('',(#7404,#7410),#7413,.T.);
#7404 = FACE_BOUND('',#7405,.T.);
#7405 = EDGE_LOOP('',(#7406,#7407,#7408,#7409));
#7406 = ORIENTED_EDGE('',*,*,#7303,.F.);
#7407 = ORIENTED_EDGE('',*,*,#7343,.T.);
#7408 = ORIENTED_EDGE('',*,*,#7368,.T.);
#7409 = ORIENTED_EDGE('',*,*,#7319,.F.);
#7410 = FACE_BOUND('',#7411,.T.);
#7411 = EDGE_LOOP('',(#7412));
#7412 = ORIENTED_EDGE('',*,*,#7382,.F.);
#7413 = PLANE('',#7414);
#7414 = AXIS2_PLACEMENT_3D('',#7415,#7416,#7417);
#7415 = CARTESIAN_POINT('',(-147.25,-88.,100.));
#7416 = DIRECTION('',(1.,0.,0.));
#7417 = DIRECTION('',(0.,0.,1.));
#7418 = MANIFOLD_SOLID_BREP('',#7419);
#7419 = CLOSED_SHELL('',(#7420,#7453,#7462));
#7420 = ADVANCED_FACE('',(#7421),#7448,.T.);
#7421 = FACE_BOUND('',#7422,.T.);
#7422 = EDGE_LOOP('',(#7423,#7432,#7440,#7447));
#7423 = ORIENTED_EDGE('',*,*,#7424,.F.);
#7424 = EDGE_CURVE('',#7425,#7425,#7427,.T.);
#7425 = VERTEX_POINT('',#7426);
#7426 = CARTESIAN_POINT('',(-180.,-162.8493014913,59.986188315282));
#7427 = CIRCLE('',#7428,5.);
#7428 = AXIS2_PLACEMENT_3D('',#7429,#7430,#7431);
#7429 = CARTESIAN_POINT('',(-180.,-165.,64.5));
#7430 = DIRECTION('',(0.256626311645,-0.872529459594,-0.415734624865));
#7431 = DIRECTION('',(8.16676349121E-18,0.43013970172,-0.902762336944));
#7432 = ORIENTED_EDGE('',*,*,#7433,.F.);
#7433 = EDGE_CURVE('',#7434,#7425,#7436,.T.);
#7434 = VERTEX_POINT('',#7435);
#7435 = CARTESIAN_POINT('',(-205.,-77.84930149139,100.48618831528));
#7436 = LINE('',#7437,#7438);
#7437 = CARTESIAN_POINT('',(-205.,-77.84930149139,100.48618831528));
#7438 = VECTOR('',#7439,1.);
#7439 = DIRECTION('',(0.256626311645,-0.872529459594,-0.415734624865));
#7440 = ORIENTED_EDGE('',*,*,#7441,.T.);
#7441 = EDGE_CURVE('',#7434,#7434,#7442,.T.);
#7442 = CIRCLE('',#7443,5.);
#7443 = AXIS2_PLACEMENT_3D('',#7444,#7445,#7446);
#7444 = CARTESIAN_POINT('',(-205.,-80.,105.));
#7445 = DIRECTION('',(0.256626311645,-0.872529459594,-0.415734624865));
#7446 = DIRECTION('',(8.16676349121E-18,0.43013970172,-0.902762336944));
#7447 = ORIENTED_EDGE('',*,*,#7433,.T.);
#7448 = CYLINDRICAL_SURFACE('',#7449,5.);
#7449 = AXIS2_PLACEMENT_3D('',#7450,#7451,#7452);
#7450 = CARTESIAN_POINT('',(-205.,-80.,105.));
#7451 = DIRECTION('',(0.256626311645,-0.872529459594,-0.415734624865));
#7452 = DIRECTION('',(-5.711024316605E-18,0.43013970172,-0.902762336944)
  );
#7453 = ADVANCED_FACE('',(#7454),#7457,.T.);
#7454 = FACE_BOUND('',#7455,.T.);
#7455 = EDGE_LOOP('',(#7456));
#7456 = ORIENTED_EDGE('',*,*,#7424,.T.);
#7457 = PLANE('',#7458);
#7458 = AXIS2_PLACEMENT_3D('',#7459,#7460,#7461);
#7459 = CARTESIAN_POINT('',(-180.,-165.,64.5));
#7460 = DIRECTION('',(0.256626311645,-0.872529459594,-0.415734624865));
#7461 = DIRECTION('',(-5.711024316605E-18,0.43013970172,-0.902762336944)
  );
#7462 = ADVANCED_FACE('',(#7463),#7466,.F.);
#7463 = FACE_BOUND('',#7464,.T.);
#7464 = EDGE_LOOP('',(#7465));
#7465 = ORIENTED_EDGE('',*,*,#7441,.F.);
#7466 = PLANE('',#7467);
#7467 = AXIS2_PLACEMENT_3D('',#7468,#7469,#7470);
#7468 = CARTESIAN_POINT('',(-205.,-80.,105.));
#7469 = DIRECTION('',(0.256626311645,-0.872529459594,-0.415734624865));
#7470 = DIRECTION('',(-5.711024316605E-18,0.43013970172,-0.902762336944)
  );
#7471 = MANIFOLD_SOLID_BREP('',#7472);
#7472 = CLOSED_SHELL('',(#7473,#7506,#7515));
#7473 = ADVANCED_FACE('',(#7474),#7501,.T.);
#7474 = FACE_BOUND('',#7475,.T.);
#7475 = EDGE_LOOP('',(#7476,#7485,#7493,#7500));
#7476 = ORIENTED_EDGE('',*,*,#7477,.F.);
#7477 = EDGE_CURVE('',#7478,#7478,#7480,.T.);
#7478 = VERTEX_POINT('',#7479);
#7479 = CARTESIAN_POINT('',(-180.,-162.8493014913,59.986188315282));
#7480 = CIRCLE('',#7481,5.);
#7481 = AXIS2_PLACEMENT_3D('',#7482,#7483,#7484);
#7482 = CARTESIAN_POINT('',(-180.,-165.,64.5));
#7483 = DIRECTION('',(-0.256626311645,-0.872529459594,-0.415734624865));
#7484 = DIRECTION('',(-8.16676349121E-18,0.43013970172,-0.902762336944)
  );
#7485 = ORIENTED_EDGE('',*,*,#7486,.F.);
#7486 = EDGE_CURVE('',#7487,#7478,#7489,.T.);
#7487 = VERTEX_POINT('',#7488);
#7488 = CARTESIAN_POINT('',(-155.,-77.84930149139,100.48618831528));
#7489 = LINE('',#7490,#7491);
#7490 = CARTESIAN_POINT('',(-155.,-77.84930149139,100.48618831528));
#7491 = VECTOR('',#7492,1.);
#7492 = DIRECTION('',(-0.256626311645,-0.872529459594,-0.415734624865));
#7493 = ORIENTED_EDGE('',*,*,#7494,.T.);
#7494 = EDGE_CURVE('',#7487,#7487,#7495,.T.);
#7495 = CIRCLE('',#7496,5.);
#7496 = AXIS2_PLACEMENT_3D('',#7497,#7498,#7499);
#7497 = CARTESIAN_POINT('',(-155.,-80.,105.));
#7498 = DIRECTION('',(-0.256626311645,-0.872529459594,-0.415734624865));
#7499 = DIRECTION('',(-8.16676349121E-18,0.43013970172,-0.902762336944)
  );
#7500 = ORIENTED_EDGE('',*,*,#7486,.T.);
#7501 = CYLINDRICAL_SURFACE('',#7502,5.);
#7502 = AXIS2_PLACEMENT_3D('',#7503,#7504,#7505);
#7503 = CARTESIAN_POINT('',(-155.,-80.,105.));
#7504 = DIRECTION('',(-0.256626311645,-0.872529459594,-0.415734624865));
#7505 = DIRECTION('',(5.711024316605E-18,0.43013970172,-0.902762336944)
  );
#7506 = ADVANCED_FACE('',(#7507),#7510,.T.);
#7507 = FACE_BOUND('',#7508,.T.);
#7508 = EDGE_LOOP('',(#7509));
#7509 = ORIENTED_EDGE('',*,*,#7477,.T.);
#7510 = PLANE('',#7511);
#7511 = AXIS2_PLACEMENT_3D('',#7512,#7513,#7514);
#7512 = CARTESIAN_POINT('',(-180.,-165.,64.5));
#7513 = DIRECTION('',(-0.256626311645,-0.872529459594,-0.415734624865));
#7514 = DIRECTION('',(5.711024316605E-18,0.43013970172,-0.902762336944)
  );
#7515 = ADVANCED_FACE('',(#7516),#7519,.F.);
#7516 = FACE_BOUND('',#7517,.T.);
#7517 = EDGE_LOOP('',(#7518));
#7518 = ORIENTED_EDGE('',*,*,#7494,.F.);
#7519 = PLANE('',#7520);
#7520 = AXIS2_PLACEMENT_3D('',#7521,#7522,#7523);
#7521 = CARTESIAN_POINT('',(-155.,-80.,105.));
#7522 = DIRECTION('',(-0.256626311645,-0.872529459594,-0.415734624865));
#7523 = DIRECTION('',(5.711024316605E-18,0.43013970172,-0.902762336944)
  );
#7524 = MANIFOLD_SOLID_BREP('',#7525);
#7525 = CLOSED_SHELL('',(#7526,#7559,#7568));
#7526 = ADVANCED_FACE('',(#7527),#7554,.T.);
#7527 = FACE_BOUND('',#7528,.T.);
#7528 = EDGE_LOOP('',(#7529,#7538,#7546,#7553));
#7529 = ORIENTED_EDGE('',*,*,#7530,.F.);
#7530 = EDGE_CURVE('',#7531,#7531,#7533,.T.);
#7531 = VERTEX_POINT('',#7532);
#7532 = CARTESIAN_POINT('',(-180.,-164.0481254868,107.68830475381));
#7533 = CIRCLE('',#7534,2.5);
#7534 = AXIS2_PLACEMENT_3D('',#7535,#7536,#7537);
#7535 = CARTESIAN_POINT('',(-180.,-165.,110.));
#7536 = DIRECTION('',(0.,-0.924678098475,-0.380749805254));
#7537 = DIRECTION('',(0.,0.380749805254,-0.924678098475));
#7538 = ORIENTED_EDGE('',*,*,#7539,.F.);
#7539 = EDGE_CURVE('',#7540,#7531,#7542,.T.);
#7540 = VERTEX_POINT('',#7541);
#7541 = CARTESIAN_POINT('',(-180.,-79.04812548686,142.68830475381));
#7542 = LINE('',#7543,#7544);
#7543 = CARTESIAN_POINT('',(-180.,-79.04812548686,142.68830475381));
#7544 = VECTOR('',#7545,1.);
#7545 = DIRECTION('',(-6.879213202477E-33,-0.924678098475,
    -0.380749805254));
#7546 = ORIENTED_EDGE('',*,*,#7547,.T.);
#7547 = EDGE_CURVE('',#7540,#7540,#7548,.T.);
#7548 = CIRCLE('',#7549,2.5);
#7549 = AXIS2_PLACEMENT_3D('',#7550,#7551,#7552);
#7550 = CARTESIAN_POINT('',(-180.,-80.,145.));
#7551 = DIRECTION('',(0.,-0.924678098475,-0.380749805254));
#7552 = DIRECTION('',(0.,0.380749805254,-0.924678098475));
#7553 = ORIENTED_EDGE('',*,*,#7539,.T.);
#7554 = CYLINDRICAL_SURFACE('',#7555,2.5);
#7555 = AXIS2_PLACEMENT_3D('',#7556,#7557,#7558);
#7556 = CARTESIAN_POINT('',(-180.,-80.,145.));
#7557 = DIRECTION('',(0.,-0.924678098475,-0.380749805254));
#7558 = DIRECTION('',(0.,0.380749805254,-0.924678098475));
#7559 = ADVANCED_FACE('',(#7560),#7563,.T.);
#7560 = FACE_BOUND('',#7561,.T.);
#7561 = EDGE_LOOP('',(#7562));
#7562 = ORIENTED_EDGE('',*,*,#7530,.T.);
#7563 = PLANE('',#7564);
#7564 = AXIS2_PLACEMENT_3D('',#7565,#7566,#7567);
#7565 = CARTESIAN_POINT('',(-180.,-165.,110.));
#7566 = DIRECTION('',(0.,-0.924678098475,-0.380749805254));
#7567 = DIRECTION('',(0.,0.380749805254,-0.924678098475));
#7568 = ADVANCED_FACE('',(#7569),#7572,.F.);
#7569 = FACE_BOUND('',#7570,.T.);
#7570 = EDGE_LOOP('',(#7571));
#7571 = ORIENTED_EDGE('',*,*,#7547,.F.);
#7572 = PLANE('',#7573);
#7573 = AXIS2_PLACEMENT_3D('',#7574,#7575,#7576);
#7574 = CARTESIAN_POINT('',(-180.,-80.,145.));
#7575 = DIRECTION('',(0.,-0.924678098475,-0.380749805254));
#7576 = DIRECTION('',(0.,0.380749805254,-0.924678098475));
#7577 = MANIFOLD_SOLID_BREP('',#7578);
#7578 = CLOSED_SHELL('',(#7579,#7619,#7661,#7685,#7720,#7737,#7749));
#7579 = ADVANCED_FACE('',(#7580),#7614,.F.);
#7580 = FACE_BOUND('',#7581,.F.);
#7581 = EDGE_LOOP('',(#7582,#7592,#7600,#7608));
#7582 = ORIENTED_EDGE('',*,*,#7583,.F.);
#7583 = EDGE_CURVE('',#7584,#7586,#7588,.T.);
#7584 = VERTEX_POINT('',#7585);
#7585 = CARTESIAN_POINT('',(-192.,-173.,64.5));
#7586 = VERTEX_POINT('',#7587);
#7587 = CARTESIAN_POINT('',(-192.,-173.,109.5));
#7588 = LINE('',#7589,#7590);
#7589 = CARTESIAN_POINT('',(-192.,-173.,64.5));
#7590 = VECTOR('',#7591,1.);
#7591 = DIRECTION('',(0.,0.,1.));
#7592 = ORIENTED_EDGE('',*,*,#7593,.T.);
#7593 = EDGE_CURVE('',#7584,#7594,#7596,.T.);
#7594 = VERTEX_POINT('',#7595);
#7595 = CARTESIAN_POINT('',(-192.,-157.,64.5));
#7596 = LINE('',#7597,#7598);
#7597 = CARTESIAN_POINT('',(-192.,-173.,64.5));
#7598 = VECTOR('',#7599,1.);
#7599 = DIRECTION('',(0.,1.,0.));
#7600 = ORIENTED_EDGE('',*,*,#7601,.T.);
#7601 = EDGE_CURVE('',#7594,#7602,#7604,.T.);
#7602 = VERTEX_POINT('',#7603);
#7603 = CARTESIAN_POINT('',(-192.,-157.,109.5));
#7604 = LINE('',#7605,#7606);
#7605 = CARTESIAN_POINT('',(-192.,-157.,64.5));
#7606 = VECTOR('',#7607,1.);
#7607 = DIRECTION('',(0.,0.,1.));
#7608 = ORIENTED_EDGE('',*,*,#7609,.F.);
#7609 = EDGE_CURVE('',#7586,#7602,#7610,.T.);
#7610 = LINE('',#7611,#7612);
#7611 = CARTESIAN_POINT('',(-192.,-173.,109.5));
#7612 = VECTOR('',#7613,1.);
#7613 = DIRECTION('',(0.,1.,0.));
#7614 = PLANE('',#7615);
#7615 = AXIS2_PLACEMENT_3D('',#7616,#7617,#7618);
#7616 = CARTESIAN_POINT('',(-192.,-173.,64.5));
#7617 = DIRECTION('',(1.,0.,0.));
#7618 = DIRECTION('',(0.,0.,1.));
#7619 = ADVANCED_FACE('',(#7620,#7645),#7656,.F.);
#7620 = FACE_BOUND('',#7621,.F.);
#7621 = EDGE_LOOP('',(#7622,#7630,#7631,#7639));
#7622 = ORIENTED_EDGE('',*,*,#7623,.F.);
#7623 = EDGE_CURVE('',#7584,#7624,#7626,.T.);
#7624 = VERTEX_POINT('',#7625);
#7625 = CARTESIAN_POINT('',(-168.,-173.,64.5));
#7626 = LINE('',#7627,#7628);
#7627 = CARTESIAN_POINT('',(-192.,-173.,64.5));
#7628 = VECTOR('',#7629,1.);
#7629 = DIRECTION('',(1.,0.,0.));
#7630 = ORIENTED_EDGE('',*,*,#7583,.T.);
#7631 = ORIENTED_EDGE('',*,*,#7632,.T.);
#7632 = EDGE_CURVE('',#7586,#7633,#7635,.T.);
#7633 = VERTEX_POINT('',#7634);
#7634 = CARTESIAN_POINT('',(-168.,-173.,109.5));
#7635 = LINE('',#7636,#7637);
#7636 = CARTESIAN_POINT('',(-192.,-173.,109.5));
#7637 = VECTOR('',#7638,1.);
#7638 = DIRECTION('',(1.,0.,0.));
#7639 = ORIENTED_EDGE('',*,*,#7640,.F.);
#7640 = EDGE_CURVE('',#7624,#7633,#7641,.T.);
#7641 = LINE('',#7642,#7643);
#7642 = CARTESIAN_POINT('',(-168.,-173.,64.5));
#7643 = VECTOR('',#7644,1.);
#7644 = DIRECTION('',(0.,0.,1.));
#7645 = FACE_BOUND('',#7646,.F.);
#7646 = EDGE_LOOP('',(#7647));
#7647 = ORIENTED_EDGE('',*,*,#7648,.T.);
#7648 = EDGE_CURVE('',#7649,#7649,#7651,.T.);
#7649 = VERTEX_POINT('',#7650);
#7650 = CARTESIAN_POINT('',(-180.,-173.,73.5));
#7651 = CIRCLE('',#7652,11.);
#7652 = AXIS2_PLACEMENT_3D('',#7653,#7654,#7655);
#7653 = CARTESIAN_POINT('',(-180.,-173.,84.5));
#7654 = DIRECTION('',(0.,-1.,0.));
#7655 = DIRECTION('',(0.,0.,-1.));
#7656 = PLANE('',#7657);
#7657 = AXIS2_PLACEMENT_3D('',#7658,#7659,#7660);
#7658 = CARTESIAN_POINT('',(-192.,-173.,64.5));
#7659 = DIRECTION('',(0.,1.,0.));
#7660 = DIRECTION('',(0.,0.,1.));
#7661 = ADVANCED_FACE('',(#7662),#7680,.T.);
#7662 = FACE_BOUND('',#7663,.T.);
#7663 = EDGE_LOOP('',(#7664,#7665,#7666,#7674));
#7664 = ORIENTED_EDGE('',*,*,#7609,.F.);
#7665 = ORIENTED_EDGE('',*,*,#7632,.T.);
#7666 = ORIENTED_EDGE('',*,*,#7667,.T.);
#7667 = EDGE_CURVE('',#7633,#7668,#7670,.T.);
#7668 = VERTEX_POINT('',#7669);
#7669 = CARTESIAN_POINT('',(-168.,-157.,109.5));
#7670 = LINE('',#7671,#7672);
#7671 = CARTESIAN_POINT('',(-168.,-173.,109.5));
#7672 = VECTOR('',#7673,1.);
#7673 = DIRECTION('',(0.,1.,0.));
#7674 = ORIENTED_EDGE('',*,*,#7675,.F.);
#7675 = EDGE_CURVE('',#7602,#7668,#7676,.T.);
#7676 = LINE('',#7677,#7678);
#7677 = CARTESIAN_POINT('',(-192.,-157.,109.5));
#7678 = VECTOR('',#7679,1.);
#7679 = DIRECTION('',(1.,0.,0.));
#7680 = PLANE('',#7681);
#7681 = AXIS2_PLACEMENT_3D('',#7682,#7683,#7684);
#7682 = CARTESIAN_POINT('',(-192.,-173.,109.5));
#7683 = DIRECTION('',(0.,0.,1.));
#7684 = DIRECTION('',(1.,0.,0.));
#7685 = ADVANCED_FACE('',(#7686,#7704),#7715,.T.);
#7686 = FACE_BOUND('',#7687,.T.);
#7687 = EDGE_LOOP('',(#7688,#7696,#7697,#7698));
#7688 = ORIENTED_EDGE('',*,*,#7689,.F.);
#7689 = EDGE_CURVE('',#7594,#7690,#7692,.T.);
#7690 = VERTEX_POINT('',#7691);
#7691 = CARTESIAN_POINT('',(-168.,-157.,64.5));
#7692 = LINE('',#7693,#7694);
#7693 = CARTESIAN_POINT('',(-192.,-157.,64.5));
#7694 = VECTOR('',#7695,1.);
#7695 = DIRECTION('',(1.,0.,0.));
#7696 = ORIENTED_EDGE('',*,*,#7601,.T.);
#7697 = ORIENTED_EDGE('',*,*,#7675,.T.);
#7698 = ORIENTED_EDGE('',*,*,#7699,.F.);
#7699 = EDGE_CURVE('',#7690,#7668,#7700,.T.);
#7700 = LINE('',#7701,#7702);
#7701 = CARTESIAN_POINT('',(-168.,-157.,64.5));
#7702 = VECTOR('',#7703,1.);
#7703 = DIRECTION('',(0.,0.,1.));
#7704 = FACE_BOUND('',#7705,.T.);
#7705 = EDGE_LOOP('',(#7706));
#7706 = ORIENTED_EDGE('',*,*,#7707,.T.);
#7707 = EDGE_CURVE('',#7708,#7708,#7710,.T.);
#7708 = VERTEX_POINT('',#7709);
#7709 = CARTESIAN_POINT('',(-180.,-157.,73.5));
#7710 = CIRCLE('',#7711,11.);
#7711 = AXIS2_PLACEMENT_3D('',#7712,#7713,#7714);
#7712 = CARTESIAN_POINT('',(-180.,-157.,84.5));
#7713 = DIRECTION('',(0.,-1.,0.));
#7714 = DIRECTION('',(0.,0.,-1.));
#7715 = PLANE('',#7716);
#7716 = AXIS2_PLACEMENT_3D('',#7717,#7718,#7719);
#7717 = CARTESIAN_POINT('',(-192.,-157.,64.5));
#7718 = DIRECTION('',(0.,1.,0.));
#7719 = DIRECTION('',(0.,0.,1.));
#7720 = ADVANCED_FACE('',(#7721),#7732,.F.);
#7721 = FACE_BOUND('',#7722,.F.);
#7722 = EDGE_LOOP('',(#7723,#7724,#7725,#7731));
#7723 = ORIENTED_EDGE('',*,*,#7593,.F.);
#7724 = ORIENTED_EDGE('',*,*,#7623,.T.);
#7725 = ORIENTED_EDGE('',*,*,#7726,.T.);
#7726 = EDGE_CURVE('',#7624,#7690,#7727,.T.);
#7727 = LINE('',#7728,#7729);
#7728 = CARTESIAN_POINT('',(-168.,-173.,64.5));
#7729 = VECTOR('',#7730,1.);
#7730 = DIRECTION('',(0.,1.,0.));
#7731 = ORIENTED_EDGE('',*,*,#7689,.F.);
#7732 = PLANE('',#7733);
#7733 = AXIS2_PLACEMENT_3D('',#7734,#7735,#7736);
#7734 = CARTESIAN_POINT('',(-192.,-173.,64.5));
#7735 = DIRECTION('',(0.,0.,1.));
#7736 = DIRECTION('',(1.,0.,0.));
#7737 = ADVANCED_FACE('',(#7738),#7744,.T.);
#7738 = FACE_BOUND('',#7739,.T.);
#7739 = EDGE_LOOP('',(#7740,#7741,#7742,#7743));
#7740 = ORIENTED_EDGE('',*,*,#7640,.F.);
#7741 = ORIENTED_EDGE('',*,*,#7726,.T.);
#7742 = ORIENTED_EDGE('',*,*,#7699,.T.);
#7743 = ORIENTED_EDGE('',*,*,#7667,.F.);
#7744 = PLANE('',#7745);
#7745 = AXIS2_PLACEMENT_3D('',#7746,#7747,#7748);
#7746 = CARTESIAN_POINT('',(-168.,-173.,64.5));
#7747 = DIRECTION('',(1.,0.,0.));
#7748 = DIRECTION('',(0.,0.,1.));
#7749 = ADVANCED_FACE('',(#7750),#7761,.F.);
#7750 = FACE_BOUND('',#7751,.F.);
#7751 = EDGE_LOOP('',(#7752,#7753,#7759,#7760));
#7752 = ORIENTED_EDGE('',*,*,#7648,.F.);
#7753 = ORIENTED_EDGE('',*,*,#7754,.F.);
#7754 = EDGE_CURVE('',#7708,#7649,#7755,.T.);
#7755 = LINE('',#7756,#7757);
#7756 = CARTESIAN_POINT('',(-180.,-150.,73.5));
#7757 = VECTOR('',#7758,1.);
#7758 = DIRECTION('',(0.,-1.,0.));
#7759 = ORIENTED_EDGE('',*,*,#7707,.T.);
#7760 = ORIENTED_EDGE('',*,*,#7754,.T.);
#7761 = CYLINDRICAL_SURFACE('',#7762,11.);
#7762 = AXIS2_PLACEMENT_3D('',#7763,#7764,#7765);
#7763 = CARTESIAN_POINT('',(-180.,-150.,84.5));
#7764 = DIRECTION('',(0.,-1.,0.));
#7765 = DIRECTION('',(0.,0.,-1.));
#7766 = MANIFOLD_SOLID_BREP('',#7767);
#7767 = CLOSED_SHELL('',(#7768,#7801,#7810));
#7768 = ADVANCED_FACE('',(#7769),#7796,.T.);
#7769 = FACE_BOUND('',#7770,.T.);
#7770 = EDGE_LOOP('',(#7771,#7780,#7788,#7795));
#7771 = ORIENTED_EDGE('',*,*,#7772,.F.);
#7772 = EDGE_CURVE('',#7773,#7773,#7775,.T.);
#7773 = VERTEX_POINT('',#7774);
#7774 = CARTESIAN_POINT('',(-223.,-102.5885718348,214.30528285443));
#7775 = CIRCLE('',#7776,2.5);
#7776 = AXIS2_PLACEMENT_3D('',#7777,#7778,#7779);
#7777 = CARTESIAN_POINT('',(-223.,-105.,214.96483892069));
#7778 = DIRECTION('',(-0.185185185185,0.259259259259,0.947887695709));
#7779 = DIRECTION('',(-1.90693927619E-18,0.964571266041,-0.263822426506)
  );
#7780 = ORIENTED_EDGE('',*,*,#7781,.F.);
#7781 = EDGE_CURVE('',#7782,#7773,#7784,.T.);
#7782 = VERTEX_POINT('',#7783);
#7783 = CARTESIAN_POINT('',(-198.,-137.5885718348,86.340443933736));
#7784 = LINE('',#7785,#7786);
#7785 = CARTESIAN_POINT('',(-198.,-137.5885718348,86.340443933736));
#7786 = VECTOR('',#7787,1.);
#7787 = DIRECTION('',(-0.185185185185,0.259259259259,0.947887695709));
#7788 = ORIENTED_EDGE('',*,*,#7789,.T.);
#7789 = EDGE_CURVE('',#7782,#7782,#7790,.T.);
#7790 = CIRCLE('',#7791,2.5);
#7791 = AXIS2_PLACEMENT_3D('',#7792,#7793,#7794);
#7792 = CARTESIAN_POINT('',(-198.,-140.,87.));
#7793 = DIRECTION('',(-0.185185185185,0.259259259259,0.947887695709));
#7794 = DIRECTION('',(-1.90693927619E-18,0.964571266041,-0.263822426506)
  );
#7795 = ORIENTED_EDGE('',*,*,#7781,.T.);
#7796 = CYLINDRICAL_SURFACE('',#7797,2.5);
#7797 = AXIS2_PLACEMENT_3D('',#7798,#7799,#7800);
#7798 = CARTESIAN_POINT('',(-198.,-140.,87.));
#7799 = DIRECTION('',(-0.185185185185,0.259259259259,0.947887695709));
#7800 = DIRECTION('',(-1.90693927619E-18,0.964571266041,-0.263822426506)
  );
#7801 = ADVANCED_FACE('',(#7802),#7805,.T.);
#7802 = FACE_BOUND('',#7803,.T.);
#7803 = EDGE_LOOP('',(#7804));
#7804 = ORIENTED_EDGE('',*,*,#7772,.T.);
#7805 = PLANE('',#7806);
#7806 = AXIS2_PLACEMENT_3D('',#7807,#7808,#7809);
#7807 = CARTESIAN_POINT('',(-223.,-105.,214.96483892069));
#7808 = DIRECTION('',(-0.185185185185,0.259259259259,0.947887695709));
#7809 = DIRECTION('',(-1.90693927619E-18,0.964571266041,-0.263822426506)
  );
#7810 = ADVANCED_FACE('',(#7811),#7814,.F.);
#7811 = FACE_BOUND('',#7812,.T.);
#7812 = EDGE_LOOP('',(#7813));
#7813 = ORIENTED_EDGE('',*,*,#7789,.F.);
#7814 = PLANE('',#7815);
#7815 = AXIS2_PLACEMENT_3D('',#7816,#7817,#7818);
#7816 = CARTESIAN_POINT('',(-198.,-140.,87.));
#7817 = DIRECTION('',(-0.185185185185,0.259259259259,0.947887695709));
#7818 = DIRECTION('',(-1.90693927619E-18,0.964571266041,-0.263822426506)
  );
#7819 = MANIFOLD_SOLID_BREP('',#7820);
#7820 = CLOSED_SHELL('',(#7821,#7854,#7863));
#7821 = ADVANCED_FACE('',(#7822),#7849,.T.);
#7822 = FACE_BOUND('',#7823,.T.);
#7823 = EDGE_LOOP('',(#7824,#7833,#7841,#7848));
#7824 = ORIENTED_EDGE('',*,*,#7825,.F.);
#7825 = EDGE_CURVE('',#7826,#7826,#7828,.T.);
#7826 = VERTEX_POINT('',#7827);
#7827 = CARTESIAN_POINT('',(-223.,-96.31885860562,212.59043708214));
#7828 = CIRCLE('',#7829,9.);
#7829 = AXIS2_PLACEMENT_3D('',#7830,#7831,#7832);
#7830 = CARTESIAN_POINT('',(-223.,-105.,214.96483892069));
#7831 = DIRECTION('',(-0.185185185185,0.259259259259,0.947887695709));
#7832 = DIRECTION('',(4.774958557202E-18,0.964571266041,-0.263822426506)
  );
#7833 = ORIENTED_EDGE('',*,*,#7834,.F.);
#7834 = EDGE_CURVE('',#7835,#7826,#7837,.T.);
#7835 = VERTEX_POINT('',#7836);
#7836 = CARTESIAN_POINT('',(-205.5,-120.8188586056,123.01504983765));
#7837 = LINE('',#7838,#7839);
#7838 = CARTESIAN_POINT('',(-205.5,-120.8188586056,123.01504983765));
#7839 = VECTOR('',#7840,1.);
#7840 = DIRECTION('',(-0.185185185185,0.259259259259,0.947887695709));
#7841 = ORIENTED_EDGE('',*,*,#7842,.T.);
#7842 = EDGE_CURVE('',#7835,#7835,#7843,.T.);
#7843 = CIRCLE('',#7844,9.);
#7844 = AXIS2_PLACEMENT_3D('',#7845,#7846,#7847);
#7845 = CARTESIAN_POINT('',(-205.5,-129.5,125.3894516762));
#7846 = DIRECTION('',(-0.185185185185,0.259259259259,0.947887695709));
#7847 = DIRECTION('',(4.774958557202E-18,0.964571266041,-0.263822426506)
  );
#7848 = ORIENTED_EDGE('',*,*,#7834,.T.);
#7849 = CYLINDRICAL_SURFACE('',#7850,9.);
#7850 = AXIS2_PLACEMENT_3D('',#7851,#7852,#7853);
#7851 = CARTESIAN_POINT('',(-205.5,-129.5,125.3894516762));
#7852 = DIRECTION('',(-0.185185185185,0.259259259259,0.947887695709));
#7853 = DIRECTION('',(-2.163935346705E-18,0.964571266041,-0.263822426506
    ));
#7854 = ADVANCED_FACE('',(#7855),#7858,.T.);
#7855 = FACE_BOUND('',#7856,.T.);
#7856 = EDGE_LOOP('',(#7857));
#7857 = ORIENTED_EDGE('',*,*,#7825,.T.);
#7858 = PLANE('',#7859);
#7859 = AXIS2_PLACEMENT_3D('',#7860,#7861,#7862);
#7860 = CARTESIAN_POINT('',(-223.,-105.,214.96483892069));
#7861 = DIRECTION('',(-0.185185185185,0.259259259259,0.947887695709));
#7862 = DIRECTION('',(-2.163935346705E-18,0.964571266041,-0.263822426506
    ));
#7863 = ADVANCED_FACE('',(#7864),#7867,.F.);
#7864 = FACE_BOUND('',#7865,.T.);
#7865 = EDGE_LOOP('',(#7866));
#7866 = ORIENTED_EDGE('',*,*,#7842,.F.);
#7867 = PLANE('',#7868);
#7868 = AXIS2_PLACEMENT_3D('',#7869,#7870,#7871);
#7869 = CARTESIAN_POINT('',(-205.5,-129.5,125.3894516762));
#7870 = DIRECTION('',(-0.185185185185,0.259259259259,0.947887695709));
#7871 = DIRECTION('',(-2.163935346705E-18,0.964571266041,-0.263822426506
    ));
#7872 = MANIFOLD_SOLID_BREP('',#7873);
#7873 = CLOSED_SHELL('',(#7874,#7914,#7954,#7976,#7998,#8010));
#7874 = ADVANCED_FACE('',(#7875),#7909,.F.);
#7875 = FACE_BOUND('',#7876,.F.);
#7876 = EDGE_LOOP('',(#7877,#7887,#7895,#7903));
#7877 = ORIENTED_EDGE('',*,*,#7878,.F.);
#7878 = EDGE_CURVE('',#7879,#7881,#7883,.T.);
#7879 = VERTEX_POINT('',#7880);
#7880 = CARTESIAN_POINT('',(-230.,-111.,100.));
#7881 = VERTEX_POINT('',#7882);
#7882 = CARTESIAN_POINT('',(-230.,-111.,221.96483892069));
#7883 = LINE('',#7884,#7885);
#7884 = CARTESIAN_POINT('',(-230.,-111.,100.));
#7885 = VECTOR('',#7886,1.);
#7886 = DIRECTION('',(0.,0.,1.));
#7887 = ORIENTED_EDGE('',*,*,#7888,.T.);
#7888 = EDGE_CURVE('',#7879,#7889,#7891,.T.);
#7889 = VERTEX_POINT('',#7890);
#7890 = CARTESIAN_POINT('',(-230.,-99.,100.));
#7891 = LINE('',#7892,#7893);
#7892 = CARTESIAN_POINT('',(-230.,-111.,100.));
#7893 = VECTOR('',#7894,1.);
#7894 = DIRECTION('',(0.,1.,0.));
#7895 = ORIENTED_EDGE('',*,*,#7896,.T.);
#7896 = EDGE_CURVE('',#7889,#7897,#7899,.T.);
#7897 = VERTEX_POINT('',#7898);
#7898 = CARTESIAN_POINT('',(-230.,-99.,221.96483892069));
#7899 = LINE('',#7900,#7901);
#7900 = CARTESIAN_POINT('',(-230.,-99.,100.));
#7901 = VECTOR('',#7902,1.);
#7902 = DIRECTION('',(0.,0.,1.));
#7903 = ORIENTED_EDGE('',*,*,#7904,.F.);
#7904 = EDGE_CURVE('',#7881,#7897,#7905,.T.);
#7905 = LINE('',#7906,#7907);
#7906 = CARTESIAN_POINT('',(-230.,-111.,221.96483892069));
#7907 = VECTOR('',#7908,1.);
#7908 = DIRECTION('',(0.,1.,0.));
#7909 = PLANE('',#7910);
#7910 = AXIS2_PLACEMENT_3D('',#7911,#7912,#7913);
#7911 = CARTESIAN_POINT('',(-230.,-111.,100.));
#7912 = DIRECTION('',(1.,0.,0.));
#7913 = DIRECTION('',(0.,0.,1.));
#7914 = ADVANCED_FACE('',(#7915),#7949,.T.);
#7915 = FACE_BOUND('',#7916,.T.);
#7916 = EDGE_LOOP('',(#7917,#7927,#7935,#7943));
#7917 = ORIENTED_EDGE('',*,*,#7918,.F.);
#7918 = EDGE_CURVE('',#7919,#7921,#7923,.T.);
#7919 = VERTEX_POINT('',#7920);
#7920 = CARTESIAN_POINT('',(-216.,-111.,100.));
#7921 = VERTEX_POINT('',#7922);
#7922 = CARTESIAN_POINT('',(-216.,-111.,221.96483892069));
#7923 = LINE('',#7924,#7925);
#7924 = CARTESIAN_POINT('',(-216.,-111.,100.));
#7925 = VECTOR('',#7926,1.);
#7926 = DIRECTION('',(0.,0.,1.));
#7927 = ORIENTED_EDGE('',*,*,#7928,.T.);
#7928 = EDGE_CURVE('',#7919,#7929,#7931,.T.);
#7929 = VERTEX_POINT('',#7930);
#7930 = CARTESIAN_POINT('',(-216.,-99.,100.));
#7931 = LINE('',#7932,#7933);
#7932 = CARTESIAN_POINT('',(-216.,-111.,100.));
#7933 = VECTOR('',#7934,1.);
#7934 = DIRECTION('',(0.,1.,0.));
#7935 = ORIENTED_EDGE('',*,*,#7936,.T.);
#7936 = EDGE_CURVE('',#7929,#7937,#7939,.T.);
#7937 = VERTEX_POINT('',#7938);
#7938 = CARTESIAN_POINT('',(-216.,-99.,221.96483892069));
#7939 = LINE('',#7940,#7941);
#7940 = CARTESIAN_POINT('',(-216.,-99.,100.));
#7941 = VECTOR('',#7942,1.);
#7942 = DIRECTION('',(0.,0.,1.));
#7943 = ORIENTED_EDGE('',*,*,#7944,.F.);
#7944 = EDGE_CURVE('',#7921,#7937,#7945,.T.);
#7945 = LINE('',#7946,#7947);
#7946 = CARTESIAN_POINT('',(-216.,-111.,221.96483892069));
#7947 = VECTOR('',#7948,1.);
#7948 = DIRECTION('',(0.,1.,0.));
#7949 = PLANE('',#7950);
#7950 = AXIS2_PLACEMENT_3D('',#7951,#7952,#7953);
#7951 = CARTESIAN_POINT('',(-216.,-111.,100.));
#7952 = DIRECTION('',(1.,0.,0.));
#7953 = DIRECTION('',(0.,0.,1.));
#7954 = ADVANCED_FACE('',(#7955),#7971,.F.);
#7955 = FACE_BOUND('',#7956,.F.);
#7956 = EDGE_LOOP('',(#7957,#7963,#7964,#7970));
#7957 = ORIENTED_EDGE('',*,*,#7958,.F.);
#7958 = EDGE_CURVE('',#7879,#7919,#7959,.T.);
#7959 = LINE('',#7960,#7961);
#7960 = CARTESIAN_POINT('',(-230.,-111.,100.));
#7961 = VECTOR('',#7962,1.);
#7962 = DIRECTION('',(1.,0.,0.));
#7963 = ORIENTED_EDGE('',*,*,#7878,.T.);
#7964 = ORIENTED_EDGE('',*,*,#7965,.T.);
#7965 = EDGE_CURVE('',#7881,#7921,#7966,.T.);
#7966 = LINE('',#7967,#7968);
#7967 = CARTESIAN_POINT('',(-230.,-111.,221.96483892069));
#7968 = VECTOR('',#7969,1.);
#7969 = DIRECTION('',(1.,0.,0.));
#7970 = ORIENTED_EDGE('',*,*,#7918,.F.);
#7971 = PLANE('',#7972);
#7972 = AXIS2_PLACEMENT_3D('',#7973,#7974,#7975);
#7973 = CARTESIAN_POINT('',(-230.,-111.,100.));
#7974 = DIRECTION('',(0.,1.,0.));
#7975 = DIRECTION('',(0.,0.,1.));
#7976 = ADVANCED_FACE('',(#7977),#7993,.T.);
#7977 = FACE_BOUND('',#7978,.T.);
#7978 = EDGE_LOOP('',(#7979,#7985,#7986,#7992));
#7979 = ORIENTED_EDGE('',*,*,#7980,.F.);
#7980 = EDGE_CURVE('',#7889,#7929,#7981,.T.);
#7981 = LINE('',#7982,#7983);
#7982 = CARTESIAN_POINT('',(-230.,-99.,100.));
#7983 = VECTOR('',#7984,1.);
#7984 = DIRECTION('',(1.,0.,0.));
#7985 = ORIENTED_EDGE('',*,*,#7896,.T.);
#7986 = ORIENTED_EDGE('',*,*,#7987,.T.);
#7987 = EDGE_CURVE('',#7897,#7937,#7988,.T.);
#7988 = LINE('',#7989,#7990);
#7989 = CARTESIAN_POINT('',(-230.,-99.,221.96483892069));
#7990 = VECTOR('',#7991,1.);
#7991 = DIRECTION('',(1.,0.,0.));
#7992 = ORIENTED_EDGE('',*,*,#7936,.F.);
#7993 = PLANE('',#7994);
#7994 = AXIS2_PLACEMENT_3D('',#7995,#7996,#7997);
#7995 = CARTESIAN_POINT('',(-230.,-99.,100.));
#7996 = DIRECTION('',(0.,1.,0.));
#7997 = DIRECTION('',(0.,0.,1.));
#7998 = ADVANCED_FACE('',(#7999),#8005,.F.);
#7999 = FACE_BOUND('',#8000,.F.);
#8000 = EDGE_LOOP('',(#8001,#8002,#8003,#8004));
#8001 = ORIENTED_EDGE('',*,*,#7888,.F.);
#8002 = ORIENTED_EDGE('',*,*,#7958,.T.);
#8003 = ORIENTED_EDGE('',*,*,#7928,.T.);
#8004 = ORIENTED_EDGE('',*,*,#7980,.F.);
#8005 = PLANE('',#8006);
#8006 = AXIS2_PLACEMENT_3D('',#8007,#8008,#8009);
#8007 = CARTESIAN_POINT('',(-230.,-111.,100.));
#8008 = DIRECTION('',(0.,0.,1.));
#8009 = DIRECTION('',(1.,0.,0.));
#8010 = ADVANCED_FACE('',(#8011),#8017,.T.);
#8011 = FACE_BOUND('',#8012,.T.);
#8012 = EDGE_LOOP('',(#8013,#8014,#8015,#8016));
#8013 = ORIENTED_EDGE('',*,*,#7904,.F.);
#8014 = ORIENTED_EDGE('',*,*,#7965,.T.);
#8015 = ORIENTED_EDGE('',*,*,#7944,.T.);
#8016 = ORIENTED_EDGE('',*,*,#7987,.F.);
#8017 = PLANE('',#8018);
#8018 = AXIS2_PLACEMENT_3D('',#8019,#8020,#8021);
#8019 = CARTESIAN_POINT('',(-230.,-111.,221.96483892069));
#8020 = DIRECTION('',(0.,0.,1.));
#8021 = DIRECTION('',(1.,0.,0.));
#8022 = MANIFOLD_SOLID_BREP('',#8023);
#8023 = CLOSED_SHELL('',(#8024,#8064,#8104,#8126,#8148,#8160));
#8024 = ADVANCED_FACE('',(#8025),#8059,.F.);
#8025 = FACE_BOUND('',#8026,.F.);
#8026 = EDGE_LOOP('',(#8027,#8037,#8045,#8053));
#8027 = ORIENTED_EDGE('',*,*,#8028,.F.);
#8028 = EDGE_CURVE('',#8029,#8031,#8033,.T.);
#8029 = VERTEX_POINT('',#8030);
#8030 = CARTESIAN_POINT('',(-227.,-65.,112.));
#8031 = VERTEX_POINT('',#8032);
#8032 = CARTESIAN_POINT('',(-227.,-65.,156.));
#8033 = LINE('',#8034,#8035);
#8034 = CARTESIAN_POINT('',(-227.,-65.,112.));
#8035 = VECTOR('',#8036,1.);
#8036 = DIRECTION('',(0.,0.,1.));
#8037 = ORIENTED_EDGE('',*,*,#8038,.T.);
#8038 = EDGE_CURVE('',#8029,#8039,#8041,.T.);
#8039 = VERTEX_POINT('',#8040);
#8040 = CARTESIAN_POINT('',(-227.,65.,112.));
#8041 = LINE('',#8042,#8043);
#8042 = CARTESIAN_POINT('',(-227.,-65.,112.));
#8043 = VECTOR('',#8044,1.);
#8044 = DIRECTION('',(0.,1.,0.));
#8045 = ORIENTED_EDGE('',*,*,#8046,.T.);
#8046 = EDGE_CURVE('',#8039,#8047,#8049,.T.);
#8047 = VERTEX_POINT('',#8048);
#8048 = CARTESIAN_POINT('',(-227.,65.,156.));
#8049 = LINE('',#8050,#8051);
#8050 = CARTESIAN_POINT('',(-227.,65.,112.));
#8051 = VECTOR('',#8052,1.);
#8052 = DIRECTION('',(0.,0.,1.));
#8053 = ORIENTED_EDGE('',*,*,#8054,.F.);
#8054 = EDGE_CURVE('',#8031,#8047,#8055,.T.);
#8055 = LINE('',#8056,#8057);
#8056 = CARTESIAN_POINT('',(-227.,-65.,156.));
#8057 = VECTOR('',#8058,1.);
#8058 = DIRECTION('',(0.,1.,0.));
#8059 = PLANE('',#8060);
#8060 = AXIS2_PLACEMENT_3D('',#8061,#8062,#8063);
#8061 = CARTESIAN_POINT('',(-227.,-65.,112.));
#8062 = DIRECTION('',(1.,0.,0.));
#8063 = DIRECTION('',(0.,0.,1.));
#8064 = ADVANCED_FACE('',(#8065),#8099,.T.);
#8065 = FACE_BOUND('',#8066,.T.);
#8066 = EDGE_LOOP('',(#8067,#8077,#8085,#8093));
#8067 = ORIENTED_EDGE('',*,*,#8068,.F.);
#8068 = EDGE_CURVE('',#8069,#8071,#8073,.T.);
#8069 = VERTEX_POINT('',#8070);
#8070 = CARTESIAN_POINT('',(-183.,-65.,112.));
#8071 = VERTEX_POINT('',#8072);
#8072 = CARTESIAN_POINT('',(-183.,-65.,156.));
#8073 = LINE('',#8074,#8075);
#8074 = CARTESIAN_POINT('',(-183.,-65.,112.));
#8075 = VECTOR('',#8076,1.);
#8076 = DIRECTION('',(0.,0.,1.));
#8077 = ORIENTED_EDGE('',*,*,#8078,.T.);
#8078 = EDGE_CURVE('',#8069,#8079,#8081,.T.);
#8079 = VERTEX_POINT('',#8080);
#8080 = CARTESIAN_POINT('',(-183.,65.,112.));
#8081 = LINE('',#8082,#8083);
#8082 = CARTESIAN_POINT('',(-183.,-65.,112.));
#8083 = VECTOR('',#8084,1.);
#8084 = DIRECTION('',(0.,1.,0.));
#8085 = ORIENTED_EDGE('',*,*,#8086,.T.);
#8086 = EDGE_CURVE('',#8079,#8087,#8089,.T.);
#8087 = VERTEX_POINT('',#8088);
#8088 = CARTESIAN_POINT('',(-183.,65.,156.));
#8089 = LINE('',#8090,#8091);
#8090 = CARTESIAN_POINT('',(-183.,65.,112.));
#8091 = VECTOR('',#8092,1.);
#8092 = DIRECTION('',(0.,0.,1.));
#8093 = ORIENTED_EDGE('',*,*,#8094,.F.);
#8094 = EDGE_CURVE('',#8071,#8087,#8095,.T.);
#8095 = LINE('',#8096,#8097);
#8096 = CARTESIAN_POINT('',(-183.,-65.,156.));
#8097 = VECTOR('',#8098,1.);
#8098 = DIRECTION('',(0.,1.,0.));
#8099 = PLANE('',#8100);
#8100 = AXIS2_PLACEMENT_3D('',#8101,#8102,#8103);
#8101 = CARTESIAN_POINT('',(-183.,-65.,112.));
#8102 = DIRECTION('',(1.,0.,0.));
#8103 = DIRECTION('',(0.,0.,1.));
#8104 = ADVANCED_FACE('',(#8105),#8121,.F.);
#8105 = FACE_BOUND('',#8106,.F.);
#8106 = EDGE_LOOP('',(#8107,#8113,#8114,#8120));
#8107 = ORIENTED_EDGE('',*,*,#8108,.F.);
#8108 = EDGE_CURVE('',#8029,#8069,#8109,.T.);
#8109 = LINE('',#8110,#8111);
#8110 = CARTESIAN_POINT('',(-227.,-65.,112.));
#8111 = VECTOR('',#8112,1.);
#8112 = DIRECTION('',(1.,0.,0.));
#8113 = ORIENTED_EDGE('',*,*,#8028,.T.);
#8114 = ORIENTED_EDGE('',*,*,#8115,.T.);
#8115 = EDGE_CURVE('',#8031,#8071,#8116,.T.);
#8116 = LINE('',#8117,#8118);
#8117 = CARTESIAN_POINT('',(-227.,-65.,156.));
#8118 = VECTOR('',#8119,1.);
#8119 = DIRECTION('',(1.,0.,0.));
#8120 = ORIENTED_EDGE('',*,*,#8068,.F.);
#8121 = PLANE('',#8122);
#8122 = AXIS2_PLACEMENT_3D('',#8123,#8124,#8125);
#8123 = CARTESIAN_POINT('',(-227.,-65.,112.));
#8124 = DIRECTION('',(0.,1.,0.));
#8125 = DIRECTION('',(0.,0.,1.));
#8126 = ADVANCED_FACE('',(#8127),#8143,.T.);
#8127 = FACE_BOUND('',#8128,.T.);
#8128 = EDGE_LOOP('',(#8129,#8135,#8136,#8142));
#8129 = ORIENTED_EDGE('',*,*,#8130,.F.);
#8130 = EDGE_CURVE('',#8039,#8079,#8131,.T.);
#8131 = LINE('',#8132,#8133);
#8132 = CARTESIAN_POINT('',(-227.,65.,112.));
#8133 = VECTOR('',#8134,1.);
#8134 = DIRECTION('',(1.,0.,0.));
#8135 = ORIENTED_EDGE('',*,*,#8046,.T.);
#8136 = ORIENTED_EDGE('',*,*,#8137,.T.);
#8137 = EDGE_CURVE('',#8047,#8087,#8138,.T.);
#8138 = LINE('',#8139,#8140);
#8139 = CARTESIAN_POINT('',(-227.,65.,156.));
#8140 = VECTOR('',#8141,1.);
#8141 = DIRECTION('',(1.,0.,0.));
#8142 = ORIENTED_EDGE('',*,*,#8086,.F.);
#8143 = PLANE('',#8144);
#8144 = AXIS2_PLACEMENT_3D('',#8145,#8146,#8147);
#8145 = CARTESIAN_POINT('',(-227.,65.,112.));
#8146 = DIRECTION('',(0.,1.,0.));
#8147 = DIRECTION('',(0.,0.,1.));
#8148 = ADVANCED_FACE('',(#8149),#8155,.F.);
#8149 = FACE_BOUND('',#8150,.F.);
#8150 = EDGE_LOOP('',(#8151,#8152,#8153,#8154));
#8151 = ORIENTED_EDGE('',*,*,#8038,.F.);
#8152 = ORIENTED_EDGE('',*,*,#8108,.T.);
#8153 = ORIENTED_EDGE('',*,*,#8078,.T.);
#8154 = ORIENTED_EDGE('',*,*,#8130,.F.);
#8155 = PLANE('',#8156);
#8156 = AXIS2_PLACEMENT_3D('',#8157,#8158,#8159);
#8157 = CARTESIAN_POINT('',(-227.,-65.,112.));
#8158 = DIRECTION('',(0.,0.,1.));
#8159 = DIRECTION('',(1.,0.,0.));
#8160 = ADVANCED_FACE('',(#8161),#8167,.T.);
#8161 = FACE_BOUND('',#8162,.T.);
#8162 = EDGE_LOOP('',(#8163,#8164,#8165,#8166));
#8163 = ORIENTED_EDGE('',*,*,#8054,.F.);
#8164 = ORIENTED_EDGE('',*,*,#8115,.T.);
#8165 = ORIENTED_EDGE('',*,*,#8094,.T.);
#8166 = ORIENTED_EDGE('',*,*,#8137,.F.);
#8167 = PLANE('',#8168);
#8168 = AXIS2_PLACEMENT_3D('',#8169,#8170,#8171);
#8169 = CARTESIAN_POINT('',(-227.,-65.,156.));
#8170 = DIRECTION('',(0.,0.,1.));
#8171 = DIRECTION('',(1.,0.,0.));
#8172 = MANIFOLD_SOLID_BREP('',#8173);
#8173 = CLOSED_SHELL('',(#8174,#8207,#8227,#8247));
#8174 = ADVANCED_FACE('',(#8175),#8202,.T.);
#8175 = FACE_BOUND('',#8176,.T.);
#8176 = EDGE_LOOP('',(#8177,#8186,#8194,#8201));
#8177 = ORIENTED_EDGE('',*,*,#8178,.F.);
#8178 = EDGE_CURVE('',#8179,#8179,#8181,.T.);
#8179 = VERTEX_POINT('',#8180);
#8180 = CARTESIAN_POINT('',(-180.,-33.,76.5));
#8181 = CIRCLE('',#8182,8.);
#8182 = AXIS2_PLACEMENT_3D('',#8183,#8184,#8185);
#8183 = CARTESIAN_POINT('',(-180.,-33.,84.5));
#8184 = DIRECTION('',(0.,-1.,0.));
#8185 = DIRECTION('',(0.,0.,-1.));
#8186 = ORIENTED_EDGE('',*,*,#8187,.F.);
#8187 = EDGE_CURVE('',#8188,#8179,#8190,.T.);
#8188 = VERTEX_POINT('',#8189);
#8189 = CARTESIAN_POINT('',(-180.,-17.,76.5));
#8190 = LINE('',#8191,#8192);
#8191 = CARTESIAN_POINT('',(-180.,-17.,76.5));
#8192 = VECTOR('',#8193,1.);
#8193 = DIRECTION('',(0.,-1.,0.));
#8194 = ORIENTED_EDGE('',*,*,#8195,.T.);
#8195 = EDGE_CURVE('',#8188,#8188,#8196,.T.);
#8196 = CIRCLE('',#8197,8.);
#8197 = AXIS2_PLACEMENT_3D('',#8198,#8199,#8200);
#8198 = CARTESIAN_POINT('',(-180.,-17.,84.5));
#8199 = DIRECTION('',(0.,-1.,0.));
#8200 = DIRECTION('',(0.,0.,-1.));
#8201 = ORIENTED_EDGE('',*,*,#8187,.T.);
#8202 = CYLINDRICAL_SURFACE('',#8203,8.);
#8203 = AXIS2_PLACEMENT_3D('',#8204,#8205,#8206);
#8204 = CARTESIAN_POINT('',(-180.,-17.,84.5));
#8205 = DIRECTION('',(0.,-1.,0.));
#8206 = DIRECTION('',(0.,0.,-1.));
#8207 = ADVANCED_FACE('',(#8208,#8211),#8222,.T.);
#8208 = FACE_BOUND('',#8209,.T.);
#8209 = EDGE_LOOP('',(#8210));
#8210 = ORIENTED_EDGE('',*,*,#8178,.T.);
#8211 = FACE_BOUND('',#8212,.T.);
#8212 = EDGE_LOOP('',(#8213));
#8213 = ORIENTED_EDGE('',*,*,#8214,.F.);
#8214 = EDGE_CURVE('',#8215,#8215,#8217,.T.);
#8215 = VERTEX_POINT('',#8216);
#8216 = CARTESIAN_POINT('',(-180.,-33.,80.5));
#8217 = CIRCLE('',#8218,4.);
#8218 = AXIS2_PLACEMENT_3D('',#8219,#8220,#8221);
#8219 = CARTESIAN_POINT('',(-180.,-33.,84.5));
#8220 = DIRECTION('',(0.,-1.,0.));
#8221 = DIRECTION('',(0.,0.,-1.));
#8222 = PLANE('',#8223);
#8223 = AXIS2_PLACEMENT_3D('',#8224,#8225,#8226);
#8224 = CARTESIAN_POINT('',(-180.,-33.,84.5));
#8225 = DIRECTION('',(0.,-1.,0.));
#8226 = DIRECTION('',(0.,0.,-1.));
#8227 = ADVANCED_FACE('',(#8228,#8231),#8242,.F.);
#8228 = FACE_BOUND('',#8229,.F.);
#8229 = EDGE_LOOP('',(#8230));
#8230 = ORIENTED_EDGE('',*,*,#8195,.T.);
#8231 = FACE_BOUND('',#8232,.F.);
#8232 = EDGE_LOOP('',(#8233));
#8233 = ORIENTED_EDGE('',*,*,#8234,.F.);
#8234 = EDGE_CURVE('',#8235,#8235,#8237,.T.);
#8235 = VERTEX_POINT('',#8236);
#8236 = CARTESIAN_POINT('',(-180.,-17.,80.5));
#8237 = CIRCLE('',#8238,4.);
#8238 = AXIS2_PLACEMENT_3D('',#8239,#8240,#8241);
#8239 = CARTESIAN_POINT('',(-180.,-17.,84.5));
#8240 = DIRECTION('',(0.,-1.,0.));
#8241 = DIRECTION('',(0.,0.,-1.));
#8242 = PLANE('',#8243);
#8243 = AXIS2_PLACEMENT_3D('',#8244,#8245,#8246);
#8244 = CARTESIAN_POINT('',(-180.,-17.,84.5));
#8245 = DIRECTION('',(0.,-1.,0.));
#8246 = DIRECTION('',(0.,0.,-1.));
#8247 = ADVANCED_FACE('',(#8248),#8259,.F.);
#8248 = FACE_BOUND('',#8249,.F.);
#8249 = EDGE_LOOP('',(#8250,#8251,#8257,#8258));
#8250 = ORIENTED_EDGE('',*,*,#8214,.F.);
#8251 = ORIENTED_EDGE('',*,*,#8252,.F.);
#8252 = EDGE_CURVE('',#8235,#8215,#8253,.T.);
#8253 = LINE('',#8254,#8255);
#8254 = CARTESIAN_POINT('',(-180.,-17.,80.5));
#8255 = VECTOR('',#8256,1.);
#8256 = DIRECTION('',(0.,-1.,0.));
#8257 = ORIENTED_EDGE('',*,*,#8234,.T.);
#8258 = ORIENTED_EDGE('',*,*,#8252,.T.);
#8259 = CYLINDRICAL_SURFACE('',#8260,4.);
#8260 = AXIS2_PLACEMENT_3D('',#8261,#8262,#8263);
#8261 = CARTESIAN_POINT('',(-180.,-17.,84.5));
#8262 = DIRECTION('',(0.,-1.,0.));
#8263 = DIRECTION('',(0.,0.,-1.));
#8264 = MANIFOLD_SOLID_BREP('',#8265);
#8265 = CLOSED_SHELL('',(#8266,#8299,#8308));
#8266 = ADVANCED_FACE('',(#8267),#8294,.T.);
#8267 = FACE_BOUND('',#8268,.T.);
#8268 = EDGE_LOOP('',(#8269,#8278,#8286,#8293));
#8269 = ORIENTED_EDGE('',*,*,#8270,.F.);
#8270 = EDGE_CURVE('',#8271,#8271,#8273,.T.);
#8271 = VERTEX_POINT('',#8272);
#8272 = CARTESIAN_POINT('',(-180.,-165.,81.5));
#8273 = CIRCLE('',#8274,3.);
#8274 = AXIS2_PLACEMENT_3D('',#8275,#8276,#8277);
#8275 = CARTESIAN_POINT('',(-180.,-165.,84.5));
#8276 = DIRECTION('',(0.,-1.,0.));
#8277 = DIRECTION('',(0.,0.,-1.));
#8278 = ORIENTED_EDGE('',*,*,#8279,.F.);
#8279 = EDGE_CURVE('',#8280,#8271,#8282,.T.);
#8280 = VERTEX_POINT('',#8281);
#8281 = CARTESIAN_POINT('',(-180.,-25.,81.5));
#8282 = LINE('',#8283,#8284);
#8283 = CARTESIAN_POINT('',(-180.,-25.,81.5));
#8284 = VECTOR('',#8285,1.);
#8285 = DIRECTION('',(0.,-1.,0.));
#8286 = ORIENTED_EDGE('',*,*,#8287,.T.);
#8287 = EDGE_CURVE('',#8280,#8280,#8288,.T.);
#8288 = CIRCLE('',#8289,3.);
#8289 = AXIS2_PLACEMENT_3D('',#8290,#8291,#8292);
#8290 = CARTESIAN_POINT('',(-180.,-25.,84.5));
#8291 = DIRECTION('',(0.,-1.,0.));
#8292 = DIRECTION('',(0.,0.,-1.));
#8293 = ORIENTED_EDGE('',*,*,#8279,.T.);
#8294 = CYLINDRICAL_SURFACE('',#8295,3.);
#8295 = AXIS2_PLACEMENT_3D('',#8296,#8297,#8298);
#8296 = CARTESIAN_POINT('',(-180.,-25.,84.5));
#8297 = DIRECTION('',(0.,-1.,0.));
#8298 = DIRECTION('',(0.,0.,-1.));
#8299 = ADVANCED_FACE('',(#8300),#8303,.T.);
#8300 = FACE_BOUND('',#8301,.T.);
#8301 = EDGE_LOOP('',(#8302));
#8302 = ORIENTED_EDGE('',*,*,#8270,.T.);
#8303 = PLANE('',#8304);
#8304 = AXIS2_PLACEMENT_3D('',#8305,#8306,#8307);
#8305 = CARTESIAN_POINT('',(-180.,-165.,84.5));
#8306 = DIRECTION('',(0.,-1.,0.));
#8307 = DIRECTION('',(0.,0.,-1.));
#8308 = ADVANCED_FACE('',(#8309),#8312,.F.);
#8309 = FACE_BOUND('',#8310,.T.);
#8310 = EDGE_LOOP('',(#8311));
#8311 = ORIENTED_EDGE('',*,*,#8287,.F.);
#8312 = PLANE('',#8313);
#8313 = AXIS2_PLACEMENT_3D('',#8314,#8315,#8316);
#8314 = CARTESIAN_POINT('',(-180.,-25.,84.5));
#8315 = DIRECTION('',(0.,-1.,0.));
#8316 = DIRECTION('',(0.,0.,-1.));
#8317 = MANIFOLD_SOLID_BREP('',#8318);
#8318 = CLOSED_SHELL('',(#8319,#8352,#8372,#8381,#8406,#8426,#8451));
#8319 = ADVANCED_FACE('',(#8320),#8347,.T.);
#8320 = FACE_BOUND('',#8321,.T.);
#8321 = EDGE_LOOP('',(#8322,#8332,#8339,#8340));
#8322 = ORIENTED_EDGE('',*,*,#8323,.T.);
#8323 = EDGE_CURVE('',#8324,#8326,#8328,.T.);
#8324 = VERTEX_POINT('',#8325);
#8325 = CARTESIAN_POINT('',(-180.,-163.,80.5));
#8326 = VERTEX_POINT('',#8327);
#8327 = CARTESIAN_POINT('',(-180.,-195.,80.5));
#8328 = LINE('',#8329,#8330);
#8329 = CARTESIAN_POINT('',(-180.,-150.,80.5));
#8330 = VECTOR('',#8331,1.);
#8331 = DIRECTION('',(0.,-1.,0.));
#8332 = ORIENTED_EDGE('',*,*,#8333,.F.);
#8333 = EDGE_CURVE('',#8326,#8326,#8334,.T.);
#8334 = CIRCLE('',#8335,4.);
#8335 = AXIS2_PLACEMENT_3D('',#8336,#8337,#8338);
#8336 = CARTESIAN_POINT('',(-180.,-195.,84.5));
#8337 = DIRECTION('',(0.,-1.,0.));
#8338 = DIRECTION('',(0.,0.,-1.));
#8339 = ORIENTED_EDGE('',*,*,#8323,.F.);
#8340 = ORIENTED_EDGE('',*,*,#8341,.T.);
#8341 = EDGE_CURVE('',#8324,#8324,#8342,.T.);
#8342 = CIRCLE('',#8343,4.);
#8343 = AXIS2_PLACEMENT_3D('',#8344,#8345,#8346);
#8344 = CARTESIAN_POINT('',(-180.,-163.,84.5));
#8345 = DIRECTION('',(0.,-1.,0.));
#8346 = DIRECTION('',(0.,0.,-1.));
#8347 = CYLINDRICAL_SURFACE('',#8348,4.);
#8348 = AXIS2_PLACEMENT_3D('',#8349,#8350,#8351);
#8349 = CARTESIAN_POINT('',(-180.,-150.,84.5));
#8350 = DIRECTION('',(0.,-1.,0.));
#8351 = DIRECTION('',(0.,0.,-1.));
#8352 = ADVANCED_FACE('',(#8353,#8364),#8367,.T.);
#8353 = FACE_BOUND('',#8354,.T.);
#8354 = EDGE_LOOP('',(#8355));
#8355 = ORIENTED_EDGE('',*,*,#8356,.T.);
#8356 = EDGE_CURVE('',#8357,#8357,#8359,.T.);
#8357 = VERTEX_POINT('',#8358);
#8358 = CARTESIAN_POINT('',(-180.,-163.,77.));
#8359 = CIRCLE('',#8360,7.5);
#8360 = AXIS2_PLACEMENT_3D('',#8361,#8362,#8363);
#8361 = CARTESIAN_POINT('',(-180.,-163.,84.5));
#8362 = DIRECTION('',(0.,-1.,0.));
#8363 = DIRECTION('',(0.,0.,-1.));
#8364 = FACE_BOUND('',#8365,.T.);
#8365 = EDGE_LOOP('',(#8366));
#8366 = ORIENTED_EDGE('',*,*,#8341,.F.);
#8367 = PLANE('',#8368);
#8368 = AXIS2_PLACEMENT_3D('',#8369,#8370,#8371);
#8369 = CARTESIAN_POINT('',(-180.,-163.,84.5));
#8370 = DIRECTION('',(0.,-1.,0.));
#8371 = DIRECTION('',(0.,0.,-1.));
#8372 = ADVANCED_FACE('',(#8373),#8376,.T.);
#8373 = FACE_BOUND('',#8374,.T.);
#8374 = EDGE_LOOP('',(#8375));
#8375 = ORIENTED_EDGE('',*,*,#8333,.T.);
#8376 = PLANE('',#8377);
#8377 = AXIS2_PLACEMENT_3D('',#8378,#8379,#8380);
#8378 = CARTESIAN_POINT('',(-180.,-195.,84.5));
#8379 = DIRECTION('',(0.,-1.,0.));
#8380 = DIRECTION('',(0.,0.,-1.));
#8381 = ADVANCED_FACE('',(#8382),#8401,.T.);
#8382 = FACE_BOUND('',#8383,.T.);
#8383 = EDGE_LOOP('',(#8384,#8385,#8393,#8400));
#8384 = ORIENTED_EDGE('',*,*,#8356,.F.);
#8385 = ORIENTED_EDGE('',*,*,#8386,.F.);
#8386 = EDGE_CURVE('',#8387,#8357,#8389,.T.);
#8387 = VERTEX_POINT('',#8388);
#8388 = CARTESIAN_POINT('',(-180.,-154.,77.));
#8389 = LINE('',#8390,#8391);
#8390 = CARTESIAN_POINT('',(-180.,-154.,77.));
#8391 = VECTOR('',#8392,1.);
#8392 = DIRECTION('',(0.,-1.,0.));
#8393 = ORIENTED_EDGE('',*,*,#8394,.T.);
#8394 = EDGE_CURVE('',#8387,#8387,#8395,.T.);
#8395 = CIRCLE('',#8396,7.5);
#8396 = AXIS2_PLACEMENT_3D('',#8397,#8398,#8399);
#8397 = CARTESIAN_POINT('',(-180.,-154.,84.5));
#8398 = DIRECTION('',(0.,-1.,0.));
#8399 = DIRECTION('',(0.,0.,-1.));
#8400 = ORIENTED_EDGE('',*,*,#8386,.T.);
#8401 = CYLINDRICAL_SURFACE('',#8402,7.5);
#8402 = AXIS2_PLACEMENT_3D('',#8403,#8404,#8405);
#8403 = CARTESIAN_POINT('',(-180.,-154.,84.5));
#8404 = DIRECTION('',(0.,-1.,0.));
#8405 = DIRECTION('',(0.,0.,-1.));
#8406 = ADVANCED_FACE('',(#8407,#8410),#8421,.F.);
#8407 = FACE_BOUND('',#8408,.F.);
#8408 = EDGE_LOOP('',(#8409));
#8409 = ORIENTED_EDGE('',*,*,#8394,.T.);
#8410 = FACE_BOUND('',#8411,.F.);
#8411 = EDGE_LOOP('',(#8412));
#8412 = ORIENTED_EDGE('',*,*,#8413,.F.);
#8413 = EDGE_CURVE('',#8414,#8414,#8416,.T.);
#8414 = VERTEX_POINT('',#8415);
#8415 = CARTESIAN_POINT('',(-180.,-154.,80.5));
#8416 = CIRCLE('',#8417,4.);
#8417 = AXIS2_PLACEMENT_3D('',#8418,#8419,#8420);
#8418 = CARTESIAN_POINT('',(-180.,-154.,84.5));
#8419 = DIRECTION('',(0.,-1.,0.));
#8420 = DIRECTION('',(0.,0.,-1.));
#8421 = PLANE('',#8422);
#8422 = AXIS2_PLACEMENT_3D('',#8423,#8424,#8425);
#8423 = CARTESIAN_POINT('',(-180.,-154.,84.5));
#8424 = DIRECTION('',(0.,-1.,0.));
#8425 = DIRECTION('',(0.,0.,-1.));
#8426 = ADVANCED_FACE('',(#8427),#8446,.T.);
#8427 = FACE_BOUND('',#8428,.T.);
#8428 = EDGE_LOOP('',(#8429,#8430,#8438,#8445));
#8429 = ORIENTED_EDGE('',*,*,#8413,.F.);
#8430 = ORIENTED_EDGE('',*,*,#8431,.F.);
#8431 = EDGE_CURVE('',#8432,#8414,#8434,.T.);
#8432 = VERTEX_POINT('',#8433);
#8433 = CARTESIAN_POINT('',(-180.,-150.,80.5));
#8434 = LINE('',#8435,#8436);
#8435 = CARTESIAN_POINT('',(-180.,-150.,80.5));
#8436 = VECTOR('',#8437,1.);
#8437 = DIRECTION('',(0.,-1.,0.));
#8438 = ORIENTED_EDGE('',*,*,#8439,.T.);
#8439 = EDGE_CURVE('',#8432,#8432,#8440,.T.);
#8440 = CIRCLE('',#8441,4.);
#8441 = AXIS2_PLACEMENT_3D('',#8442,#8443,#8444);
#8442 = CARTESIAN_POINT('',(-180.,-150.,84.5));
#8443 = DIRECTION('',(0.,-1.,0.));
#8444 = DIRECTION('',(0.,0.,-1.));
#8445 = ORIENTED_EDGE('',*,*,#8431,.T.);
#8446 = CYLINDRICAL_SURFACE('',#8447,4.);
#8447 = AXIS2_PLACEMENT_3D('',#8448,#8449,#8450);
#8448 = CARTESIAN_POINT('',(-180.,-150.,84.5));
#8449 = DIRECTION('',(0.,-1.,0.));
#8450 = DIRECTION('',(0.,0.,-1.));
#8451 = ADVANCED_FACE('',(#8452),#8455,.F.);
#8452 = FACE_BOUND('',#8453,.T.);
#8453 = EDGE_LOOP('',(#8454));
#8454 = ORIENTED_EDGE('',*,*,#8439,.F.);
#8455 = PLANE('',#8456);
#8456 = AXIS2_PLACEMENT_3D('',#8457,#8458,#8459);
#8457 = CARTESIAN_POINT('',(-180.,-150.,84.5));
#8458 = DIRECTION('',(0.,-1.,0.));
#8459 = DIRECTION('',(0.,0.,-1.));
#8460 = MANIFOLD_SOLID_BREP('',#8461);
#8461 = CLOSED_SHELL('',(#8462,#8495,#8515,#8535));
#8462 = ADVANCED_FACE('',(#8463),#8490,.T.);
#8463 = FACE_BOUND('',#8464,.T.);
#8464 = EDGE_LOOP('',(#8465,#8474,#8482,#8489));
#8465 = ORIENTED_EDGE('',*,*,#8466,.F.);
#8466 = EDGE_CURVE('',#8467,#8467,#8469,.T.);
#8467 = VERTEX_POINT('',#8468);
#8468 = CARTESIAN_POINT('',(-180.,-230.5,1.454720623699E-15));
#8469 = CIRCLE('',#8470,84.5);
#8470 = AXIS2_PLACEMENT_3D('',#8471,#8472,#8473);
#8471 = CARTESIAN_POINT('',(-180.,-230.5,84.5));
#8472 = DIRECTION('',(0.,-1.,0.));
#8473 = DIRECTION('',(0.,0.,-1.));
#8474 = ORIENTED_EDGE('',*,*,#8475,.F.);
#8475 = EDGE_CURVE('',#8476,#8467,#8478,.T.);
#8476 = VERTEX_POINT('',#8477);
#8477 = CARTESIAN_POINT('',(-180.,-149.,1.454720623699E-15));
#8478 = LINE('',#8479,#8480);
#8479 = CARTESIAN_POINT('',(-180.,-149.,1.454720623699E-15));
#8480 = VECTOR('',#8481,1.);
#8481 = DIRECTION('',(0.,-1.,0.));
#8482 = ORIENTED_EDGE('',*,*,#8483,.T.);
#8483 = EDGE_CURVE('',#8476,#8476,#8484,.T.);
#8484 = CIRCLE('',#8485,84.5);
#8485 = AXIS2_PLACEMENT_3D('',#8486,#8487,#8488);
#8486 = CARTESIAN_POINT('',(-180.,-149.,84.5));
#8487 = DIRECTION('',(0.,-1.,0.));
#8488 = DIRECTION('',(0.,0.,-1.));
#8489 = ORIENTED_EDGE('',*,*,#8475,.T.);
#8490 = CYLINDRICAL_SURFACE('',#8491,84.5);
#8491 = AXIS2_PLACEMENT_3D('',#8492,#8493,#8494);
#8492 = CARTESIAN_POINT('',(-180.,-149.,84.5));
#8493 = DIRECTION('',(0.,-1.,0.));
#8494 = DIRECTION('',(0.,0.,-1.));
#8495 = ADVANCED_FACE('',(#8496,#8499),#8510,.T.);
#8496 = FACE_BOUND('',#8497,.T.);
#8497 = EDGE_LOOP('',(#8498));
#8498 = ORIENTED_EDGE('',*,*,#8466,.T.);
#8499 = FACE_BOUND('',#8500,.T.);
#8500 = EDGE_LOOP('',(#8501));
#8501 = ORIENTED_EDGE('',*,*,#8502,.F.);
#8502 = EDGE_CURVE('',#8503,#8503,#8505,.T.);
#8503 = VERTEX_POINT('',#8504);
#8504 = CARTESIAN_POINT('',(-180.,-230.5,36.));
#8505 = CIRCLE('',#8506,48.5);
#8506 = AXIS2_PLACEMENT_3D('',#8507,#8508,#8509);
#8507 = CARTESIAN_POINT('',(-180.,-230.5,84.5));
#8508 = DIRECTION('',(0.,-1.,0.));
#8509 = DIRECTION('',(0.,0.,-1.));
#8510 = PLANE('',#8511);
#8511 = AXIS2_PLACEMENT_3D('',#8512,#8513,#8514);
#8512 = CARTESIAN_POINT('',(-180.,-230.5,84.5));
#8513 = DIRECTION('',(0.,-1.,0.));
#8514 = DIRECTION('',(0.,0.,-1.));
#8515 = ADVANCED_FACE('',(#8516,#8519),#8530,.F.);
#8516 = FACE_BOUND('',#8517,.F.);
#8517 = EDGE_LOOP('',(#8518));
#8518 = ORIENTED_EDGE('',*,*,#8483,.T.);
#8519 = FACE_BOUND('',#8520,.F.);
#8520 = EDGE_LOOP('',(#8521));
#8521 = ORIENTED_EDGE('',*,*,#8522,.F.);
#8522 = EDGE_CURVE('',#8523,#8523,#8525,.T.);
#8523 = VERTEX_POINT('',#8524);
#8524 = CARTESIAN_POINT('',(-180.,-149.,36.));
#8525 = CIRCLE('',#8526,48.5);
#8526 = AXIS2_PLACEMENT_3D('',#8527,#8528,#8529);
#8527 = CARTESIAN_POINT('',(-180.,-149.,84.5));
#8528 = DIRECTION('',(0.,-1.,0.));
#8529 = DIRECTION('',(0.,0.,-1.));
#8530 = PLANE('',#8531);
#8531 = AXIS2_PLACEMENT_3D('',#8532,#8533,#8534);
#8532 = CARTESIAN_POINT('',(-180.,-149.,84.5));
#8533 = DIRECTION('',(0.,-1.,0.));
#8534 = DIRECTION('',(0.,0.,-1.));
#8535 = ADVANCED_FACE('',(#8536),#8547,.F.);
#8536 = FACE_BOUND('',#8537,.F.);
#8537 = EDGE_LOOP('',(#8538,#8539,#8545,#8546));
#8538 = ORIENTED_EDGE('',*,*,#8502,.F.);
#8539 = ORIENTED_EDGE('',*,*,#8540,.F.);
#8540 = EDGE_CURVE('',#8523,#8503,#8541,.T.);
#8541 = LINE('',#8542,#8543);
#8542 = CARTESIAN_POINT('',(-180.,-149.,36.));
#8543 = VECTOR('',#8544,1.);
#8544 = DIRECTION('',(0.,-1.,0.));
#8545 = ORIENTED_EDGE('',*,*,#8522,.T.);
#8546 = ORIENTED_EDGE('',*,*,#8540,.T.);
#8547 = CYLINDRICAL_SURFACE('',#8548,48.5);
#8548 = AXIS2_PLACEMENT_3D('',#8549,#8550,#8551);
#8549 = CARTESIAN_POINT('',(-180.,-149.,84.5));
#8550 = DIRECTION('',(0.,-1.,0.));
#8551 = DIRECTION('',(0.,0.,-1.));
#8552 = MANIFOLD_SOLID_BREP('',#8553);
#8553 = CLOSED_SHELL('',(#8554,#8587,#8607,#8627));
#8554 = ADVANCED_FACE('',(#8555),#8582,.T.);
#8555 = FACE_BOUND('',#8556,.T.);
#8556 = EDGE_LOOP('',(#8557,#8566,#8574,#8581));
#8557 = ORIENTED_EDGE('',*,*,#8558,.F.);
#8558 = EDGE_CURVE('',#8559,#8559,#8561,.T.);
#8559 = VERTEX_POINT('',#8560);
#8560 = CARTESIAN_POINT('',(-180.,-202.25,36.));
#8561 = CIRCLE('',#8562,48.5);
#8562 = AXIS2_PLACEMENT_3D('',#8563,#8564,#8565);
#8563 = CARTESIAN_POINT('',(-180.,-202.25,84.5));
#8564 = DIRECTION('',(0.,-1.,0.));
#8565 = DIRECTION('',(0.,0.,-1.));
#8566 = ORIENTED_EDGE('',*,*,#8567,.F.);
#8567 = EDGE_CURVE('',#8568,#8559,#8570,.T.);
#8568 = VERTEX_POINT('',#8569);
#8569 = CARTESIAN_POINT('',(-180.,-177.25,36.));
#8570 = LINE('',#8571,#8572);
#8571 = CARTESIAN_POINT('',(-180.,-177.25,36.));
#8572 = VECTOR('',#8573,1.);
#8573 = DIRECTION('',(0.,-1.,0.));
#8574 = ORIENTED_EDGE('',*,*,#8575,.T.);
#8575 = EDGE_CURVE('',#8568,#8568,#8576,.T.);
#8576 = CIRCLE('',#8577,48.5);
#8577 = AXIS2_PLACEMENT_3D('',#8578,#8579,#8580);
#8578 = CARTESIAN_POINT('',(-180.,-177.25,84.5));
#8579 = DIRECTION('',(0.,-1.,0.));
#8580 = DIRECTION('',(0.,0.,-1.));
#8581 = ORIENTED_EDGE('',*,*,#8567,.T.);
#8582 = CYLINDRICAL_SURFACE('',#8583,48.5);
#8583 = AXIS2_PLACEMENT_3D('',#8584,#8585,#8586);
#8584 = CARTESIAN_POINT('',(-180.,-177.25,84.5));
#8585 = DIRECTION('',(0.,-1.,0.));
#8586 = DIRECTION('',(0.,0.,-1.));
#8587 = ADVANCED_FACE('',(#8588,#8591),#8602,.T.);
#8588 = FACE_BOUND('',#8589,.T.);
#8589 = EDGE_LOOP('',(#8590));
#8590 = ORIENTED_EDGE('',*,*,#8558,.T.);
#8591 = FACE_BOUND('',#8592,.T.);
#8592 = EDGE_LOOP('',(#8593));
#8593 = ORIENTED_EDGE('',*,*,#8594,.F.);
#8594 = EDGE_CURVE('',#8595,#8595,#8597,.T.);
#8595 = VERTEX_POINT('',#8596);
#8596 = CARTESIAN_POINT('',(-180.,-202.25,76.));
#8597 = CIRCLE('',#8598,8.5);
#8598 = AXIS2_PLACEMENT_3D('',#8599,#8600,#8601);
#8599 = CARTESIAN_POINT('',(-180.,-202.25,84.5));
#8600 = DIRECTION('',(0.,-1.,0.));
#8601 = DIRECTION('',(0.,0.,-1.));
#8602 = PLANE('',#8603);
#8603 = AXIS2_PLACEMENT_3D('',#8604,#8605,#8606);
#8604 = CARTESIAN_POINT('',(-180.,-202.25,84.5));
#8605 = DIRECTION('',(0.,-1.,0.));
#8606 = DIRECTION('',(0.,0.,-1.));
#8607 = ADVANCED_FACE('',(#8608,#8611),#8622,.F.);
#8608 = FACE_BOUND('',#8609,.F.);
#8609 = EDGE_LOOP('',(#8610));
#8610 = ORIENTED_EDGE('',*,*,#8575,.T.);
#8611 = FACE_BOUND('',#8612,.F.);
#8612 = EDGE_LOOP('',(#8613));
#8613 = ORIENTED_EDGE('',*,*,#8614,.F.);
#8614 = EDGE_CURVE('',#8615,#8615,#8617,.T.);
#8615 = VERTEX_POINT('',#8616);
#8616 = CARTESIAN_POINT('',(-180.,-177.25,76.));
#8617 = CIRCLE('',#8618,8.5);
#8618 = AXIS2_PLACEMENT_3D('',#8619,#8620,#8621);
#8619 = CARTESIAN_POINT('',(-180.,-177.25,84.5));
#8620 = DIRECTION('',(0.,-1.,0.));
#8621 = DIRECTION('',(0.,0.,-1.));
#8622 = PLANE('',#8623);
#8623 = AXIS2_PLACEMENT_3D('',#8624,#8625,#8626);
#8624 = CARTESIAN_POINT('',(-180.,-177.25,84.5));
#8625 = DIRECTION('',(0.,-1.,0.));
#8626 = DIRECTION('',(0.,0.,-1.));
#8627 = ADVANCED_FACE('',(#8628),#8639,.F.);
#8628 = FACE_BOUND('',#8629,.F.);
#8629 = EDGE_LOOP('',(#8630,#8631,#8637,#8638));
#8630 = ORIENTED_EDGE('',*,*,#8594,.F.);
#8631 = ORIENTED_EDGE('',*,*,#8632,.F.);
#8632 = EDGE_CURVE('',#8615,#8595,#8633,.T.);
#8633 = LINE('',#8634,#8635);
#8634 = CARTESIAN_POINT('',(-180.,-177.25,76.));
#8635 = VECTOR('',#8636,1.);
#8636 = DIRECTION('',(0.,-1.,0.));
#8637 = ORIENTED_EDGE('',*,*,#8614,.T.);
#8638 = ORIENTED_EDGE('',*,*,#8632,.T.);
#8639 = CYLINDRICAL_SURFACE('',#8640,8.5);
#8640 = AXIS2_PLACEMENT_3D('',#8641,#8642,#8643);
#8641 = CARTESIAN_POINT('',(-180.,-177.25,84.5));
#8642 = DIRECTION('',(0.,-1.,0.));
#8643 = DIRECTION('',(0.,0.,-1.));
#8644 = MANIFOLD_SOLID_BREP('',#8645);
#8645 = CLOSED_SHELL('',(#8646,#8686,#8717,#8813,#8837,#8926,#8938,#8960
    ,#8977,#8994,#9006,#9028,#9045,#9062));
#8646 = ADVANCED_FACE('',(#8647),#8681,.F.);
#8647 = FACE_BOUND('',#8648,.F.);
#8648 = EDGE_LOOP('',(#8649,#8659,#8667,#8675));
#8649 = ORIENTED_EDGE('',*,*,#8650,.F.);
#8650 = EDGE_CURVE('',#8651,#8653,#8655,.T.);
#8651 = VERTEX_POINT('',#8652);
#8652 = CARTESIAN_POINT('',(-228.,55.,95.));
#8653 = VERTEX_POINT('',#8654);
#8654 = CARTESIAN_POINT('',(-228.,55.,100.));
#8655 = LINE('',#8656,#8657);
#8656 = CARTESIAN_POINT('',(-228.,55.,95.));
#8657 = VECTOR('',#8658,1.);
#8658 = DIRECTION('',(0.,0.,1.));
#8659 = ORIENTED_EDGE('',*,*,#8660,.T.);
#8660 = EDGE_CURVE('',#8651,#8661,#8663,.T.);
#8661 = VERTEX_POINT('',#8662);
#8662 = CARTESIAN_POINT('',(-228.,105.,95.));
#8663 = LINE('',#8664,#8665);
#8664 = CARTESIAN_POINT('',(-228.,55.,95.));
#8665 = VECTOR('',#8666,1.);
#8666 = DIRECTION('',(0.,1.,0.));
#8667 = ORIENTED_EDGE('',*,*,#8668,.T.);
#8668 = EDGE_CURVE('',#8661,#8669,#8671,.T.);
#8669 = VERTEX_POINT('',#8670);
#8670 = CARTESIAN_POINT('',(-228.,105.,100.));
#8671 = LINE('',#8672,#8673);
#8672 = CARTESIAN_POINT('',(-228.,105.,95.));
#8673 = VECTOR('',#8674,1.);
#8674 = DIRECTION('',(0.,0.,1.));
#8675 = ORIENTED_EDGE('',*,*,#8676,.F.);
#8676 = EDGE_CURVE('',#8653,#8669,#8677,.T.);
#8677 = LINE('',#8678,#8679);
#8678 = CARTESIAN_POINT('',(-228.,55.,100.));
#8679 = VECTOR('',#8680,1.);
#8680 = DIRECTION('',(0.,1.,0.));
#8681 = PLANE('',#8682);
#8682 = AXIS2_PLACEMENT_3D('',#8683,#8684,#8685);
#8683 = CARTESIAN_POINT('',(-228.,55.,95.));
#8684 = DIRECTION('',(1.,0.,0.));
#8685 = DIRECTION('',(0.,0.,1.));
#8686 = ADVANCED_FACE('',(#8687),#8712,.F.);
#8687 = FACE_BOUND('',#8688,.F.);
#8688 = EDGE_LOOP('',(#8689,#8697,#8698,#8706));
#8689 = ORIENTED_EDGE('',*,*,#8690,.F.);
#8690 = EDGE_CURVE('',#8651,#8691,#8693,.T.);
#8691 = VERTEX_POINT('',#8692);
#8692 = CARTESIAN_POINT('',(-132.,55.,95.));
#8693 = LINE('',#8694,#8695);
#8694 = CARTESIAN_POINT('',(-228.,55.,95.));
#8695 = VECTOR('',#8696,1.);
#8696 = DIRECTION('',(1.,0.,0.));
#8697 = ORIENTED_EDGE('',*,*,#8650,.T.);
#8698 = ORIENTED_EDGE('',*,*,#8699,.T.);
#8699 = EDGE_CURVE('',#8653,#8700,#8702,.T.);
#8700 = VERTEX_POINT('',#8701);
#8701 = CARTESIAN_POINT('',(-132.,55.,100.));
#8702 = LINE('',#8703,#8704);
#8703 = CARTESIAN_POINT('',(-228.,55.,100.));
#8704 = VECTOR('',#8705,1.);
#8705 = DIRECTION('',(1.,0.,0.));
#8706 = ORIENTED_EDGE('',*,*,#8707,.F.);
#8707 = EDGE_CURVE('',#8691,#8700,#8708,.T.);
#8708 = LINE('',#8709,#8710);
#8709 = CARTESIAN_POINT('',(-132.,55.,95.));
#8710 = VECTOR('',#8711,1.);
#8711 = DIRECTION('',(0.,0.,1.));
#8712 = PLANE('',#8713);
#8713 = AXIS2_PLACEMENT_3D('',#8714,#8715,#8716);
#8714 = CARTESIAN_POINT('',(-228.,55.,95.));
#8715 = DIRECTION('',(0.,1.,0.));
#8716 = DIRECTION('',(0.,0.,1.));
#8717 = ADVANCED_FACE('',(#8718,#8736,#8772),#8808,.T.);
#8718 = FACE_BOUND('',#8719,.T.);
#8719 = EDGE_LOOP('',(#8720,#8721,#8722,#8730));
#8720 = ORIENTED_EDGE('',*,*,#8676,.F.);
#8721 = ORIENTED_EDGE('',*,*,#8699,.T.);
#8722 = ORIENTED_EDGE('',*,*,#8723,.T.);
#8723 = EDGE_CURVE('',#8700,#8724,#8726,.T.);
#8724 = VERTEX_POINT('',#8725);
#8725 = CARTESIAN_POINT('',(-132.,105.,100.));
#8726 = LINE('',#8727,#8728);
#8727 = CARTESIAN_POINT('',(-132.,55.,100.));
#8728 = VECTOR('',#8729,1.);
#8729 = DIRECTION('',(0.,1.,0.));
#8730 = ORIENTED_EDGE('',*,*,#8731,.F.);
#8731 = EDGE_CURVE('',#8669,#8724,#8732,.T.);
#8732 = LINE('',#8733,#8734);
#8733 = CARTESIAN_POINT('',(-228.,105.,100.));
#8734 = VECTOR('',#8735,1.);
#8735 = DIRECTION('',(1.,0.,0.));
#8736 = FACE_BOUND('',#8737,.T.);
#8737 = EDGE_LOOP('',(#8738,#8749,#8757,#8766));
#8738 = ORIENTED_EDGE('',*,*,#8739,.F.);
#8739 = EDGE_CURVE('',#8740,#8742,#8744,.T.);
#8740 = VERTEX_POINT('',#8741);
#8741 = CARTESIAN_POINT('',(-217.75,70.,100.));
#8742 = VERTEX_POINT('',#8743);
#8743 = CARTESIAN_POINT('',(-212.25,70.,100.));
#8744 = CIRCLE('',#8745,2.75);
#8745 = AXIS2_PLACEMENT_3D('',#8746,#8747,#8748);
#8746 = CARTESIAN_POINT('',(-215.,70.,100.));
#8747 = DIRECTION('',(0.,0.,1.));
#8748 = DIRECTION('',(1.,0.,0.));
#8749 = ORIENTED_EDGE('',*,*,#8750,.T.);
#8750 = EDGE_CURVE('',#8740,#8751,#8753,.T.);
#8751 = VERTEX_POINT('',#8752);
#8752 = CARTESIAN_POINT('',(-217.75,90.,100.));
#8753 = LINE('',#8754,#8755);
#8754 = CARTESIAN_POINT('',(-217.75,62.5,100.));
#8755 = VECTOR('',#8756,1.);
#8756 = DIRECTION('',(0.,1.,0.));
#8757 = ORIENTED_EDGE('',*,*,#8758,.F.);
#8758 = EDGE_CURVE('',#8759,#8751,#8761,.T.);
#8759 = VERTEX_POINT('',#8760);
#8760 = CARTESIAN_POINT('',(-212.25,90.,100.));
#8761 = CIRCLE('',#8762,2.75);
#8762 = AXIS2_PLACEMENT_3D('',#8763,#8764,#8765);
#8763 = CARTESIAN_POINT('',(-215.,90.,100.));
#8764 = DIRECTION('',(0.,0.,1.));
#8765 = DIRECTION('',(1.,0.,0.));
#8766 = ORIENTED_EDGE('',*,*,#8767,.F.);
#8767 = EDGE_CURVE('',#8742,#8759,#8768,.T.);
#8768 = LINE('',#8769,#8770);
#8769 = CARTESIAN_POINT('',(-212.25,62.5,100.));
#8770 = VECTOR('',#8771,1.);
#8771 = DIRECTION('',(0.,1.,0.));
#8772 = FACE_BOUND('',#8773,.T.);
#8773 = EDGE_LOOP('',(#8774,#8785,#8793,#8802));
#8774 = ORIENTED_EDGE('',*,*,#8775,.F.);
#8775 = EDGE_CURVE('',#8776,#8778,#8780,.T.);
#8776 = VERTEX_POINT('',#8777);
#8777 = CARTESIAN_POINT('',(-147.75,70.,100.));
#8778 = VERTEX_POINT('',#8779);
#8779 = CARTESIAN_POINT('',(-142.25,70.,100.));
#8780 = CIRCLE('',#8781,2.75);
#8781 = AXIS2_PLACEMENT_3D('',#8782,#8783,#8784);
#8782 = CARTESIAN_POINT('',(-145.,70.,100.));
#8783 = DIRECTION('',(0.,0.,1.));
#8784 = DIRECTION('',(1.,0.,0.));
#8785 = ORIENTED_EDGE('',*,*,#8786,.T.);
#8786 = EDGE_CURVE('',#8776,#8787,#8789,.T.);
#8787 = VERTEX_POINT('',#8788);
#8788 = CARTESIAN_POINT('',(-147.75,90.,100.));
#8789 = LINE('',#8790,#8791);
#8790 = CARTESIAN_POINT('',(-147.75,62.5,100.));
#8791 = VECTOR('',#8792,1.);
#8792 = DIRECTION('',(0.,1.,0.));
#8793 = ORIENTED_EDGE('',*,*,#8794,.F.);
#8794 = EDGE_CURVE('',#8795,#8787,#8797,.T.);
#8795 = VERTEX_POINT('',#8796);
#8796 = CARTESIAN_POINT('',(-142.25,90.,100.));
#8797 = CIRCLE('',#8798,2.75);
#8798 = AXIS2_PLACEMENT_3D('',#8799,#8800,#8801);
#8799 = CARTESIAN_POINT('',(-145.,90.,100.));
#8800 = DIRECTION('',(0.,0.,1.));
#8801 = DIRECTION('',(1.,0.,0.));
#8802 = ORIENTED_EDGE('',*,*,#8803,.F.);
#8803 = EDGE_CURVE('',#8778,#8795,#8804,.T.);
#8804 = LINE('',#8805,#8806);
#8805 = CARTESIAN_POINT('',(-142.25,62.5,100.));
#8806 = VECTOR('',#8807,1.);
#8807 = DIRECTION('',(0.,1.,0.));
#8808 = PLANE('',#8809);
#8809 = AXIS2_PLACEMENT_3D('',#8810,#8811,#8812);
#8810 = CARTESIAN_POINT('',(-228.,55.,100.));
#8811 = DIRECTION('',(0.,0.,1.));
#8812 = DIRECTION('',(1.,0.,0.));
#8813 = ADVANCED_FACE('',(#8814),#8832,.T.);
#8814 = FACE_BOUND('',#8815,.T.);
#8815 = EDGE_LOOP('',(#8816,#8824,#8825,#8826));
#8816 = ORIENTED_EDGE('',*,*,#8817,.F.);
#8817 = EDGE_CURVE('',#8661,#8818,#8820,.T.);
#8818 = VERTEX_POINT('',#8819);
#8819 = CARTESIAN_POINT('',(-132.,105.,95.));
#8820 = LINE('',#8821,#8822);
#8821 = CARTESIAN_POINT('',(-228.,105.,95.));
#8822 = VECTOR('',#8823,1.);
#8823 = DIRECTION('',(1.,0.,0.));
#8824 = ORIENTED_EDGE('',*,*,#8668,.T.);
#8825 = ORIENTED_EDGE('',*,*,#8731,.T.);
#8826 = ORIENTED_EDGE('',*,*,#8827,.F.);
#8827 = EDGE_CURVE('',#8818,#8724,#8828,.T.);
#8828 = LINE('',#8829,#8830);
#8829 = CARTESIAN_POINT('',(-132.,105.,95.));
#8830 = VECTOR('',#8831,1.);
#8831 = DIRECTION('',(0.,0.,1.));
#8832 = PLANE('',#8833);
#8833 = AXIS2_PLACEMENT_3D('',#8834,#8835,#8836);
#8834 = CARTESIAN_POINT('',(-228.,105.,95.));
#8835 = DIRECTION('',(0.,1.,0.));
#8836 = DIRECTION('',(0.,0.,1.));
#8837 = ADVANCED_FACE('',(#8838,#8849,#8885),#8921,.F.);
#8838 = FACE_BOUND('',#8839,.F.);
#8839 = EDGE_LOOP('',(#8840,#8841,#8842,#8848));
#8840 = ORIENTED_EDGE('',*,*,#8660,.F.);
#8841 = ORIENTED_EDGE('',*,*,#8690,.T.);
#8842 = ORIENTED_EDGE('',*,*,#8843,.T.);
#8843 = EDGE_CURVE('',#8691,#8818,#8844,.T.);
#8844 = LINE('',#8845,#8846);
#8845 = CARTESIAN_POINT('',(-132.,55.,95.));
#8846 = VECTOR('',#8847,1.);
#8847 = DIRECTION('',(0.,1.,0.));
#8848 = ORIENTED_EDGE('',*,*,#8817,.F.);
#8849 = FACE_BOUND('',#8850,.F.);
#8850 = EDGE_LOOP('',(#8851,#8862,#8870,#8879));
#8851 = ORIENTED_EDGE('',*,*,#8852,.F.);
#8852 = EDGE_CURVE('',#8853,#8855,#8857,.T.);
#8853 = VERTEX_POINT('',#8854);
#8854 = CARTESIAN_POINT('',(-217.75,70.,95.));
#8855 = VERTEX_POINT('',#8856);
#8856 = CARTESIAN_POINT('',(-212.25,70.,95.));
#8857 = CIRCLE('',#8858,2.75);
#8858 = AXIS2_PLACEMENT_3D('',#8859,#8860,#8861);
#8859 = CARTESIAN_POINT('',(-215.,70.,95.));
#8860 = DIRECTION('',(0.,0.,1.));
#8861 = DIRECTION('',(1.,0.,0.));
#8862 = ORIENTED_EDGE('',*,*,#8863,.T.);
#8863 = EDGE_CURVE('',#8853,#8864,#8866,.T.);
#8864 = VERTEX_POINT('',#8865);
#8865 = CARTESIAN_POINT('',(-217.75,90.,95.));
#8866 = LINE('',#8867,#8868);
#8867 = CARTESIAN_POINT('',(-217.75,62.5,95.));
#8868 = VECTOR('',#8869,1.);
#8869 = DIRECTION('',(0.,1.,0.));
#8870 = ORIENTED_EDGE('',*,*,#8871,.F.);
#8871 = EDGE_CURVE('',#8872,#8864,#8874,.T.);
#8872 = VERTEX_POINT('',#8873);
#8873 = CARTESIAN_POINT('',(-212.25,90.,95.));
#8874 = CIRCLE('',#8875,2.75);
#8875 = AXIS2_PLACEMENT_3D('',#8876,#8877,#8878);
#8876 = CARTESIAN_POINT('',(-215.,90.,95.));
#8877 = DIRECTION('',(0.,0.,1.));
#8878 = DIRECTION('',(1.,0.,0.));
#8879 = ORIENTED_EDGE('',*,*,#8880,.F.);
#8880 = EDGE_CURVE('',#8855,#8872,#8881,.T.);
#8881 = LINE('',#8882,#8883);
#8882 = CARTESIAN_POINT('',(-212.25,62.5,95.));
#8883 = VECTOR('',#8884,1.);
#8884 = DIRECTION('',(0.,1.,0.));
#8885 = FACE_BOUND('',#8886,.F.);
#8886 = EDGE_LOOP('',(#8887,#8898,#8906,#8915));
#8887 = ORIENTED_EDGE('',*,*,#8888,.F.);
#8888 = EDGE_CURVE('',#8889,#8891,#8893,.T.);
#8889 = VERTEX_POINT('',#8890);
#8890 = CARTESIAN_POINT('',(-147.75,70.,95.));
#8891 = VERTEX_POINT('',#8892);
#8892 = CARTESIAN_POINT('',(-142.25,70.,95.));
#8893 = CIRCLE('',#8894,2.75);
#8894 = AXIS2_PLACEMENT_3D('',#8895,#8896,#8897);
#8895 = CARTESIAN_POINT('',(-145.,70.,95.));
#8896 = DIRECTION('',(0.,0.,1.));
#8897 = DIRECTION('',(1.,0.,0.));
#8898 = ORIENTED_EDGE('',*,*,#8899,.T.);
#8899 = EDGE_CURVE('',#8889,#8900,#8902,.T.);
#8900 = VERTEX_POINT('',#8901);
#8901 = CARTESIAN_POINT('',(-147.75,90.,95.));
#8902 = LINE('',#8903,#8904);
#8903 = CARTESIAN_POINT('',(-147.75,62.5,95.));
#8904 = VECTOR('',#8905,1.);
#8905 = DIRECTION('',(0.,1.,0.));
#8906 = ORIENTED_EDGE('',*,*,#8907,.F.);
#8907 = EDGE_CURVE('',#8908,#8900,#8910,.T.);
#8908 = VERTEX_POINT('',#8909);
#8909 = CARTESIAN_POINT('',(-142.25,90.,95.));
#8910 = CIRCLE('',#8911,2.75);
#8911 = AXIS2_PLACEMENT_3D('',#8912,#8913,#8914);
#8912 = CARTESIAN_POINT('',(-145.,90.,95.));
#8913 = DIRECTION('',(0.,0.,1.));
#8914 = DIRECTION('',(1.,0.,0.));
#8915 = ORIENTED_EDGE('',*,*,#8916,.F.);
#8916 = EDGE_CURVE('',#8891,#8908,#8917,.T.);
#8917 = LINE('',#8918,#8919);
#8918 = CARTESIAN_POINT('',(-142.25,62.5,95.));
#8919 = VECTOR('',#8920,1.);
#8920 = DIRECTION('',(0.,1.,0.));
#8921 = PLANE('',#8922);
#8922 = AXIS2_PLACEMENT_3D('',#8923,#8924,#8925);
#8923 = CARTESIAN_POINT('',(-228.,55.,95.));
#8924 = DIRECTION('',(0.,0.,1.));
#8925 = DIRECTION('',(1.,0.,0.));
#8926 = ADVANCED_FACE('',(#8927),#8933,.T.);
#8927 = FACE_BOUND('',#8928,.T.);
#8928 = EDGE_LOOP('',(#8929,#8930,#8931,#8932));
#8929 = ORIENTED_EDGE('',*,*,#8707,.F.);
#8930 = ORIENTED_EDGE('',*,*,#8843,.T.);
#8931 = ORIENTED_EDGE('',*,*,#8827,.T.);
#8932 = ORIENTED_EDGE('',*,*,#8723,.F.);
#8933 = PLANE('',#8934);
#8934 = AXIS2_PLACEMENT_3D('',#8935,#8936,#8937);
#8935 = CARTESIAN_POINT('',(-132.,55.,95.));
#8936 = DIRECTION('',(1.,0.,0.));
#8937 = DIRECTION('',(0.,0.,1.));
#8938 = ADVANCED_FACE('',(#8939),#8955,.F.);
#8939 = FACE_BOUND('',#8940,.F.);
#8940 = EDGE_LOOP('',(#8941,#8942,#8948,#8949));
#8941 = ORIENTED_EDGE('',*,*,#8852,.T.);
#8942 = ORIENTED_EDGE('',*,*,#8943,.T.);
#8943 = EDGE_CURVE('',#8855,#8742,#8944,.T.);
#8944 = LINE('',#8945,#8946);
#8945 = CARTESIAN_POINT('',(-212.25,70.,94.));
#8946 = VECTOR('',#8947,1.);
#8947 = DIRECTION('',(0.,0.,1.));
#8948 = ORIENTED_EDGE('',*,*,#8739,.F.);
#8949 = ORIENTED_EDGE('',*,*,#8950,.F.);
#8950 = EDGE_CURVE('',#8853,#8740,#8951,.T.);
#8951 = LINE('',#8952,#8953);
#8952 = CARTESIAN_POINT('',(-217.75,70.,94.));
#8953 = VECTOR('',#8954,1.);
#8954 = DIRECTION('',(0.,0.,1.));
#8955 = CYLINDRICAL_SURFACE('',#8956,2.75);
#8956 = AXIS2_PLACEMENT_3D('',#8957,#8958,#8959);
#8957 = CARTESIAN_POINT('',(-215.,70.,94.));
#8958 = DIRECTION('',(0.,0.,1.));
#8959 = DIRECTION('',(1.,0.,0.));
#8960 = ADVANCED_FACE('',(#8961),#8972,.T.);
#8961 = FACE_BOUND('',#8962,.T.);
#8962 = EDGE_LOOP('',(#8963,#8964,#8965,#8971));
#8963 = ORIENTED_EDGE('',*,*,#8950,.F.);
#8964 = ORIENTED_EDGE('',*,*,#8863,.T.);
#8965 = ORIENTED_EDGE('',*,*,#8966,.T.);
#8966 = EDGE_CURVE('',#8864,#8751,#8967,.T.);
#8967 = LINE('',#8968,#8969);
#8968 = CARTESIAN_POINT('',(-217.75,90.,94.));
#8969 = VECTOR('',#8970,1.);
#8970 = DIRECTION('',(0.,0.,1.));
#8971 = ORIENTED_EDGE('',*,*,#8750,.F.);
#8972 = PLANE('',#8973);
#8973 = AXIS2_PLACEMENT_3D('',#8974,#8975,#8976);
#8974 = CARTESIAN_POINT('',(-217.75,70.,94.));
#8975 = DIRECTION('',(1.,0.,0.));
#8976 = DIRECTION('',(0.,0.,1.));
#8977 = ADVANCED_FACE('',(#8978),#8989,.F.);
#8978 = FACE_BOUND('',#8979,.F.);
#8979 = EDGE_LOOP('',(#8980,#8981,#8982,#8988));
#8980 = ORIENTED_EDGE('',*,*,#8943,.F.);
#8981 = ORIENTED_EDGE('',*,*,#8880,.T.);
#8982 = ORIENTED_EDGE('',*,*,#8983,.T.);
#8983 = EDGE_CURVE('',#8872,#8759,#8984,.T.);
#8984 = LINE('',#8985,#8986);
#8985 = CARTESIAN_POINT('',(-212.25,90.,94.));
#8986 = VECTOR('',#8987,1.);
#8987 = DIRECTION('',(0.,0.,1.));
#8988 = ORIENTED_EDGE('',*,*,#8767,.F.);
#8989 = PLANE('',#8990);
#8990 = AXIS2_PLACEMENT_3D('',#8991,#8992,#8993);
#8991 = CARTESIAN_POINT('',(-212.25,70.,94.));
#8992 = DIRECTION('',(1.,0.,0.));
#8993 = DIRECTION('',(0.,0.,1.));
#8994 = ADVANCED_FACE('',(#8995),#9001,.F.);
#8995 = FACE_BOUND('',#8996,.F.);
#8996 = EDGE_LOOP('',(#8997,#8998,#8999,#9000));
#8997 = ORIENTED_EDGE('',*,*,#8758,.F.);
#8998 = ORIENTED_EDGE('',*,*,#8983,.F.);
#8999 = ORIENTED_EDGE('',*,*,#8871,.T.);
#9000 = ORIENTED_EDGE('',*,*,#8966,.T.);
#9001 = CYLINDRICAL_SURFACE('',#9002,2.75);
#9002 = AXIS2_PLACEMENT_3D('',#9003,#9004,#9005);
#9003 = CARTESIAN_POINT('',(-215.,90.,94.));
#9004 = DIRECTION('',(0.,0.,1.));
#9005 = DIRECTION('',(1.,0.,0.));
#9006 = ADVANCED_FACE('',(#9007),#9023,.F.);
#9007 = FACE_BOUND('',#9008,.F.);
#9008 = EDGE_LOOP('',(#9009,#9010,#9016,#9017));
#9009 = ORIENTED_EDGE('',*,*,#8888,.T.);
#9010 = ORIENTED_EDGE('',*,*,#9011,.T.);
#9011 = EDGE_CURVE('',#8891,#8778,#9012,.T.);
#9012 = LINE('',#9013,#9014);
#9013 = CARTESIAN_POINT('',(-142.25,70.,94.));
#9014 = VECTOR('',#9015,1.);
#9015 = DIRECTION('',(0.,0.,1.));
#9016 = ORIENTED_EDGE('',*,*,#8775,.F.);
#9017 = ORIENTED_EDGE('',*,*,#9018,.F.);
#9018 = EDGE_CURVE('',#8889,#8776,#9019,.T.);
#9019 = LINE('',#9020,#9021);
#9020 = CARTESIAN_POINT('',(-147.75,70.,94.));
#9021 = VECTOR('',#9022,1.);
#9022 = DIRECTION('',(0.,0.,1.));
#9023 = CYLINDRICAL_SURFACE('',#9024,2.75);
#9024 = AXIS2_PLACEMENT_3D('',#9025,#9026,#9027);
#9025 = CARTESIAN_POINT('',(-145.,70.,94.));
#9026 = DIRECTION('',(0.,0.,1.));
#9027 = DIRECTION('',(1.,0.,0.));
#9028 = ADVANCED_FACE('',(#9029),#9040,.F.);
#9029 = FACE_BOUND('',#9030,.F.);
#9030 = EDGE_LOOP('',(#9031,#9032,#9033,#9039));
#9031 = ORIENTED_EDGE('',*,*,#9011,.F.);
#9032 = ORIENTED_EDGE('',*,*,#8916,.T.);
#9033 = ORIENTED_EDGE('',*,*,#9034,.T.);
#9034 = EDGE_CURVE('',#8908,#8795,#9035,.T.);
#9035 = LINE('',#9036,#9037);
#9036 = CARTESIAN_POINT('',(-142.25,90.,94.));
#9037 = VECTOR('',#9038,1.);
#9038 = DIRECTION('',(0.,0.,1.));
#9039 = ORIENTED_EDGE('',*,*,#8803,.F.);
#9040 = PLANE('',#9041);
#9041 = AXIS2_PLACEMENT_3D('',#9042,#9043,#9044);
#9042 = CARTESIAN_POINT('',(-142.25,70.,94.));
#9043 = DIRECTION('',(1.,0.,0.));
#9044 = DIRECTION('',(0.,0.,1.));
#9045 = ADVANCED_FACE('',(#9046),#9057,.F.);
#9046 = FACE_BOUND('',#9047,.F.);
#9047 = EDGE_LOOP('',(#9048,#9049,#9050,#9051));
#9048 = ORIENTED_EDGE('',*,*,#8794,.F.);
#9049 = ORIENTED_EDGE('',*,*,#9034,.F.);
#9050 = ORIENTED_EDGE('',*,*,#8907,.T.);
#9051 = ORIENTED_EDGE('',*,*,#9052,.T.);
#9052 = EDGE_CURVE('',#8900,#8787,#9053,.T.);
#9053 = LINE('',#9054,#9055);
#9054 = CARTESIAN_POINT('',(-147.75,90.,94.));
#9055 = VECTOR('',#9056,1.);
#9056 = DIRECTION('',(0.,0.,1.));
#9057 = CYLINDRICAL_SURFACE('',#9058,2.75);
#9058 = AXIS2_PLACEMENT_3D('',#9059,#9060,#9061);
#9059 = CARTESIAN_POINT('',(-145.,90.,94.));
#9060 = DIRECTION('',(0.,0.,1.));
#9061 = DIRECTION('',(1.,0.,0.));
#9062 = ADVANCED_FACE('',(#9063),#9069,.T.);
#9063 = FACE_BOUND('',#9064,.T.);
#9064 = EDGE_LOOP('',(#9065,#9066,#9067,#9068));
#9065 = ORIENTED_EDGE('',*,*,#9018,.F.);
#9066 = ORIENTED_EDGE('',*,*,#8899,.T.);
#9067 = ORIENTED_EDGE('',*,*,#9052,.T.);
#9068 = ORIENTED_EDGE('',*,*,#8786,.F.);
#9069 = PLANE('',#9070);
#9070 = AXIS2_PLACEMENT_3D('',#9071,#9072,#9073);
#9071 = CARTESIAN_POINT('',(-147.75,70.,94.));
#9072 = DIRECTION('',(1.,0.,0.));
#9073 = DIRECTION('',(0.,0.,1.));
#9074 = MANIFOLD_SOLID_BREP('',#9075);
#9075 = CLOSED_SHELL('',(#9076,#9109,#9118));
#9076 = ADVANCED_FACE('',(#9077),#9104,.T.);
#9077 = FACE_BOUND('',#9078,.T.);
#9078 = EDGE_LOOP('',(#9079,#9088,#9096,#9103));
#9079 = ORIENTED_EDGE('',*,*,#9080,.F.);
#9080 = EDGE_CURVE('',#9081,#9081,#9083,.T.);
#9081 = VERTEX_POINT('',#9082);
#9082 = CARTESIAN_POINT('',(-146.25,80.,107.));
#9083 = CIRCLE('',#9084,2.);
#9084 = AXIS2_PLACEMENT_3D('',#9085,#9086,#9087);
#9085 = CARTESIAN_POINT('',(-146.25,80.,105.));
#9086 = DIRECTION('',(1.,0.,-0.));
#9087 = DIRECTION('',(0.,0.,1.));
#9088 = ORIENTED_EDGE('',*,*,#9089,.F.);
#9089 = EDGE_CURVE('',#9090,#9081,#9092,.T.);
#9090 = VERTEX_POINT('',#9091);
#9091 = CARTESIAN_POINT('',(-213.75,80.,107.));
#9092 = LINE('',#9093,#9094);
#9093 = CARTESIAN_POINT('',(-213.75,80.,107.));
#9094 = VECTOR('',#9095,1.);
#9095 = DIRECTION('',(1.,0.,0.));
#9096 = ORIENTED_EDGE('',*,*,#9097,.T.);
#9097 = EDGE_CURVE('',#9090,#9090,#9098,.T.);
#9098 = CIRCLE('',#9099,2.);
#9099 = AXIS2_PLACEMENT_3D('',#9100,#9101,#9102);
#9100 = CARTESIAN_POINT('',(-213.75,80.,105.));
#9101 = DIRECTION('',(1.,0.,-0.));
#9102 = DIRECTION('',(0.,0.,1.));
#9103 = ORIENTED_EDGE('',*,*,#9089,.T.);
#9104 = CYLINDRICAL_SURFACE('',#9105,2.);
#9105 = AXIS2_PLACEMENT_3D('',#9106,#9107,#9108);
#9106 = CARTESIAN_POINT('',(-213.75,80.,105.));
#9107 = DIRECTION('',(1.,0.,0.));
#9108 = DIRECTION('',(0.,0.,1.));
#9109 = ADVANCED_FACE('',(#9110),#9113,.T.);
#9110 = FACE_BOUND('',#9111,.T.);
#9111 = EDGE_LOOP('',(#9112));
#9112 = ORIENTED_EDGE('',*,*,#9080,.T.);
#9113 = PLANE('',#9114);
#9114 = AXIS2_PLACEMENT_3D('',#9115,#9116,#9117);
#9115 = CARTESIAN_POINT('',(-146.25,80.,105.));
#9116 = DIRECTION('',(1.,0.,0.));
#9117 = DIRECTION('',(0.,0.,1.));
#9118 = ADVANCED_FACE('',(#9119),#9122,.F.);
#9119 = FACE_BOUND('',#9120,.T.);
#9120 = EDGE_LOOP('',(#9121));
#9121 = ORIENTED_EDGE('',*,*,#9097,.F.);
#9122 = PLANE('',#9123);
#9123 = AXIS2_PLACEMENT_3D('',#9124,#9125,#9126);
#9124 = CARTESIAN_POINT('',(-213.75,80.,105.));
#9125 = DIRECTION('',(1.,0.,0.));
#9126 = DIRECTION('',(0.,0.,1.));
#9127 = MANIFOLD_SOLID_BREP('',#9128);
#9128 = CLOSED_SHELL('',(#9129,#9180,#9211,#9235,#9259,#9276,#9301));
#9129 = ADVANCED_FACE('',(#9130,#9164),#9175,.F.);
#9130 = FACE_BOUND('',#9131,.F.);
#9131 = EDGE_LOOP('',(#9132,#9142,#9150,#9158));
#9132 = ORIENTED_EDGE('',*,*,#9133,.F.);
#9133 = EDGE_CURVE('',#9134,#9136,#9138,.T.);
#9134 = VERTEX_POINT('',#9135);
#9135 = CARTESIAN_POINT('',(-212.75,72.,100.));
#9136 = VERTEX_POINT('',#9137);
#9137 = CARTESIAN_POINT('',(-212.75,72.,113.));
#9138 = LINE('',#9139,#9140);
#9139 = CARTESIAN_POINT('',(-212.75,72.,100.));
#9140 = VECTOR('',#9141,1.);
#9141 = DIRECTION('',(0.,0.,1.));
#9142 = ORIENTED_EDGE('',*,*,#9143,.T.);
#9143 = EDGE_CURVE('',#9134,#9144,#9146,.T.);
#9144 = VERTEX_POINT('',#9145);
#9145 = CARTESIAN_POINT('',(-212.75,88.,100.));
#9146 = LINE('',#9147,#9148);
#9147 = CARTESIAN_POINT('',(-212.75,72.,100.));
#9148 = VECTOR('',#9149,1.);
#9149 = DIRECTION('',(0.,1.,0.));
#9150 = ORIENTED_EDGE('',*,*,#9151,.T.);
#9151 = EDGE_CURVE('',#9144,#9152,#9154,.T.);
#9152 = VERTEX_POINT('',#9153);
#9153 = CARTESIAN_POINT('',(-212.75,88.,113.));
#9154 = LINE('',#9155,#9156);
#9155 = CARTESIAN_POINT('',(-212.75,88.,100.));
#9156 = VECTOR('',#9157,1.);
#9157 = DIRECTION('',(0.,0.,1.));
#9158 = ORIENTED_EDGE('',*,*,#9159,.F.);
#9159 = EDGE_CURVE('',#9136,#9152,#9160,.T.);
#9160 = LINE('',#9161,#9162);
#9161 = CARTESIAN_POINT('',(-212.75,72.,113.));
#9162 = VECTOR('',#9163,1.);
#9163 = DIRECTION('',(0.,1.,0.));
#9164 = FACE_BOUND('',#9165,.F.);
#9165 = EDGE_LOOP('',(#9166));
#9166 = ORIENTED_EDGE('',*,*,#9167,.F.);
#9167 = EDGE_CURVE('',#9168,#9168,#9170,.T.);
#9168 = VERTEX_POINT('',#9169);
#9169 = CARTESIAN_POINT('',(-212.75,80.,107.1));
#9170 = CIRCLE('',#9171,2.1);
#9171 = AXIS2_PLACEMENT_3D('',#9172,#9173,#9174);
#9172 = CARTESIAN_POINT('',(-212.75,80.,105.));
#9173 = DIRECTION('',(1.,0.,-0.));
#9174 = DIRECTION('',(0.,0.,1.));
#9175 = PLANE('',#9176);
#9176 = AXIS2_PLACEMENT_3D('',#9177,#9178,#9179);
#9177 = CARTESIAN_POINT('',(-212.75,72.,100.));
#9178 = DIRECTION('',(1.,0.,0.));
#9179 = DIRECTION('',(0.,0.,1.));
#9180 = ADVANCED_FACE('',(#9181),#9206,.F.);
#9181 = FACE_BOUND('',#9182,.F.);
#9182 = EDGE_LOOP('',(#9183,#9191,#9192,#9200));
#9183 = ORIENTED_EDGE('',*,*,#9184,.F.);
#9184 = EDGE_CURVE('',#9134,#9185,#9187,.T.);
#9185 = VERTEX_POINT('',#9186);
#9186 = CARTESIAN_POINT('',(-204.75,72.,100.));
#9187 = LINE('',#9188,#9189);
#9188 = CARTESIAN_POINT('',(-212.75,72.,100.));
#9189 = VECTOR('',#9190,1.);
#9190 = DIRECTION('',(1.,0.,0.));
#9191 = ORIENTED_EDGE('',*,*,#9133,.T.);
#9192 = ORIENTED_EDGE('',*,*,#9193,.T.);
#9193 = EDGE_CURVE('',#9136,#9194,#9196,.T.);
#9194 = VERTEX_POINT('',#9195);
#9195 = CARTESIAN_POINT('',(-204.75,72.,113.));
#9196 = LINE('',#9197,#9198);
#9197 = CARTESIAN_POINT('',(-212.75,72.,113.));
#9198 = VECTOR('',#9199,1.);
#9199 = DIRECTION('',(1.,0.,0.));
#9200 = ORIENTED_EDGE('',*,*,#9201,.F.);
#9201 = EDGE_CURVE('',#9185,#9194,#9202,.T.);
#9202 = LINE('',#9203,#9204);
#9203 = CARTESIAN_POINT('',(-204.75,72.,100.));
#9204 = VECTOR('',#9205,1.);
#9205 = DIRECTION('',(0.,0.,1.));
#9206 = PLANE('',#9207);
#9207 = AXIS2_PLACEMENT_3D('',#9208,#9209,#9210);
#9208 = CARTESIAN_POINT('',(-212.75,72.,100.));
#9209 = DIRECTION('',(0.,1.,0.));
#9210 = DIRECTION('',(0.,0.,1.));
#9211 = ADVANCED_FACE('',(#9212),#9230,.T.);
#9212 = FACE_BOUND('',#9213,.T.);
#9213 = EDGE_LOOP('',(#9214,#9215,#9216,#9224));
#9214 = ORIENTED_EDGE('',*,*,#9159,.F.);
#9215 = ORIENTED_EDGE('',*,*,#9193,.T.);
#9216 = ORIENTED_EDGE('',*,*,#9217,.T.);
#9217 = EDGE_CURVE('',#9194,#9218,#9220,.T.);
#9218 = VERTEX_POINT('',#9219);
#9219 = CARTESIAN_POINT('',(-204.75,88.,113.));
#9220 = LINE('',#9221,#9222);
#9221 = CARTESIAN_POINT('',(-204.75,72.,113.));
#9222 = VECTOR('',#9223,1.);
#9223 = DIRECTION('',(0.,1.,0.));
#9224 = ORIENTED_EDGE('',*,*,#9225,.F.);
#9225 = EDGE_CURVE('',#9152,#9218,#9226,.T.);
#9226 = LINE('',#9227,#9228);
#9227 = CARTESIAN_POINT('',(-212.75,88.,113.));
#9228 = VECTOR('',#9229,1.);
#9229 = DIRECTION('',(1.,0.,0.));
#9230 = PLANE('',#9231);
#9231 = AXIS2_PLACEMENT_3D('',#9232,#9233,#9234);
#9232 = CARTESIAN_POINT('',(-212.75,72.,113.));
#9233 = DIRECTION('',(0.,0.,1.));
#9234 = DIRECTION('',(1.,0.,0.));
#9235 = ADVANCED_FACE('',(#9236),#9254,.F.);
#9236 = FACE_BOUND('',#9237,.F.);
#9237 = EDGE_LOOP('',(#9238,#9239,#9240,#9248));
#9238 = ORIENTED_EDGE('',*,*,#9143,.F.);
#9239 = ORIENTED_EDGE('',*,*,#9184,.T.);
#9240 = ORIENTED_EDGE('',*,*,#9241,.T.);
#9241 = EDGE_CURVE('',#9185,#9242,#9244,.T.);
#9242 = VERTEX_POINT('',#9243);
#9243 = CARTESIAN_POINT('',(-204.75,88.,100.));
#9244 = LINE('',#9245,#9246);
#9245 = CARTESIAN_POINT('',(-204.75,72.,100.));
#9246 = VECTOR('',#9247,1.);
#9247 = DIRECTION('',(0.,1.,0.));
#9248 = ORIENTED_EDGE('',*,*,#9249,.F.);
#9249 = EDGE_CURVE('',#9144,#9242,#9250,.T.);
#9250 = LINE('',#9251,#9252);
#9251 = CARTESIAN_POINT('',(-212.75,88.,100.));
#9252 = VECTOR('',#9253,1.);
#9253 = DIRECTION('',(1.,0.,0.));
#9254 = PLANE('',#9255);
#9255 = AXIS2_PLACEMENT_3D('',#9256,#9257,#9258);
#9256 = CARTESIAN_POINT('',(-212.75,72.,100.));
#9257 = DIRECTION('',(0.,0.,1.));
#9258 = DIRECTION('',(1.,0.,0.));
#9259 = ADVANCED_FACE('',(#9260),#9271,.T.);
#9260 = FACE_BOUND('',#9261,.T.);
#9261 = EDGE_LOOP('',(#9262,#9263,#9264,#9265));
#9262 = ORIENTED_EDGE('',*,*,#9249,.F.);
#9263 = ORIENTED_EDGE('',*,*,#9151,.T.);
#9264 = ORIENTED_EDGE('',*,*,#9225,.T.);
#9265 = ORIENTED_EDGE('',*,*,#9266,.F.);
#9266 = EDGE_CURVE('',#9242,#9218,#9267,.T.);
#9267 = LINE('',#9268,#9269);
#9268 = CARTESIAN_POINT('',(-204.75,88.,100.));
#9269 = VECTOR('',#9270,1.);
#9270 = DIRECTION('',(0.,0.,1.));
#9271 = PLANE('',#9272);
#9272 = AXIS2_PLACEMENT_3D('',#9273,#9274,#9275);
#9273 = CARTESIAN_POINT('',(-212.75,88.,100.));
#9274 = DIRECTION('',(0.,1.,0.));
#9275 = DIRECTION('',(0.,0.,1.));
#9276 = ADVANCED_FACE('',(#9277),#9296,.F.);
#9277 = FACE_BOUND('',#9278,.F.);
#9278 = EDGE_LOOP('',(#9279,#9288,#9294,#9295));
#9279 = ORIENTED_EDGE('',*,*,#9280,.F.);
#9280 = EDGE_CURVE('',#9281,#9281,#9283,.T.);
#9281 = VERTEX_POINT('',#9282);
#9282 = CARTESIAN_POINT('',(-204.75,80.,107.1));
#9283 = CIRCLE('',#9284,2.1);
#9284 = AXIS2_PLACEMENT_3D('',#9285,#9286,#9287);
#9285 = CARTESIAN_POINT('',(-204.75,80.,105.));
#9286 = DIRECTION('',(1.,0.,-0.));
#9287 = DIRECTION('',(0.,0.,1.));
#9288 = ORIENTED_EDGE('',*,*,#9289,.F.);
#9289 = EDGE_CURVE('',#9168,#9281,#9290,.T.);
#9290 = LINE('',#9291,#9292);
#9291 = CARTESIAN_POINT('',(-213.75,80.,107.1));
#9292 = VECTOR('',#9293,1.);
#9293 = DIRECTION('',(1.,0.,0.));
#9294 = ORIENTED_EDGE('',*,*,#9167,.T.);
#9295 = ORIENTED_EDGE('',*,*,#9289,.T.);
#9296 = CYLINDRICAL_SURFACE('',#9297,2.1);
#9297 = AXIS2_PLACEMENT_3D('',#9298,#9299,#9300);
#9298 = CARTESIAN_POINT('',(-213.75,80.,105.));
#9299 = DIRECTION('',(1.,0.,0.));
#9300 = DIRECTION('',(0.,0.,1.));
#9301 = ADVANCED_FACE('',(#9302,#9308),#9311,.T.);
#9302 = FACE_BOUND('',#9303,.T.);
#9303 = EDGE_LOOP('',(#9304,#9305,#9306,#9307));
#9304 = ORIENTED_EDGE('',*,*,#9201,.F.);
#9305 = ORIENTED_EDGE('',*,*,#9241,.T.);
#9306 = ORIENTED_EDGE('',*,*,#9266,.T.);
#9307 = ORIENTED_EDGE('',*,*,#9217,.F.);
#9308 = FACE_BOUND('',#9309,.T.);
#9309 = EDGE_LOOP('',(#9310));
#9310 = ORIENTED_EDGE('',*,*,#9280,.F.);
#9311 = PLANE('',#9312);
#9312 = AXIS2_PLACEMENT_3D('',#9313,#9314,#9315);
#9313 = CARTESIAN_POINT('',(-204.75,72.,100.));
#9314 = DIRECTION('',(1.,0.,0.));
#9315 = DIRECTION('',(0.,0.,1.));
#9316 = MANIFOLD_SOLID_BREP('',#9317);
#9317 = CLOSED_SHELL('',(#9318,#9369,#9400,#9424,#9448,#9465,#9490));
#9318 = ADVANCED_FACE('',(#9319,#9353),#9364,.F.);
#9319 = FACE_BOUND('',#9320,.F.);
#9320 = EDGE_LOOP('',(#9321,#9331,#9339,#9347));
#9321 = ORIENTED_EDGE('',*,*,#9322,.F.);
#9322 = EDGE_CURVE('',#9323,#9325,#9327,.T.);
#9323 = VERTEX_POINT('',#9324);
#9324 = CARTESIAN_POINT('',(-155.25,72.,100.));
#9325 = VERTEX_POINT('',#9326);
#9326 = CARTESIAN_POINT('',(-155.25,72.,113.));
#9327 = LINE('',#9328,#9329);
#9328 = CARTESIAN_POINT('',(-155.25,72.,100.));
#9329 = VECTOR('',#9330,1.);
#9330 = DIRECTION('',(0.,0.,1.));
#9331 = ORIENTED_EDGE('',*,*,#9332,.T.);
#9332 = EDGE_CURVE('',#9323,#9333,#9335,.T.);
#9333 = VERTEX_POINT('',#9334);
#9334 = CARTESIAN_POINT('',(-155.25,88.,100.));
#9335 = LINE('',#9336,#9337);
#9336 = CARTESIAN_POINT('',(-155.25,72.,100.));
#9337 = VECTOR('',#9338,1.);
#9338 = DIRECTION('',(0.,1.,0.));
#9339 = ORIENTED_EDGE('',*,*,#9340,.T.);
#9340 = EDGE_CURVE('',#9333,#9341,#9343,.T.);
#9341 = VERTEX_POINT('',#9342);
#9342 = CARTESIAN_POINT('',(-155.25,88.,113.));
#9343 = LINE('',#9344,#9345);
#9344 = CARTESIAN_POINT('',(-155.25,88.,100.));
#9345 = VECTOR('',#9346,1.);
#9346 = DIRECTION('',(0.,0.,1.));
#9347 = ORIENTED_EDGE('',*,*,#9348,.F.);
#9348 = EDGE_CURVE('',#9325,#9341,#9349,.T.);
#9349 = LINE('',#9350,#9351);
#9350 = CARTESIAN_POINT('',(-155.25,72.,113.));
#9351 = VECTOR('',#9352,1.);
#9352 = DIRECTION('',(0.,1.,0.));
#9353 = FACE_BOUND('',#9354,.F.);
#9354 = EDGE_LOOP('',(#9355));
#9355 = ORIENTED_EDGE('',*,*,#9356,.F.);
#9356 = EDGE_CURVE('',#9357,#9357,#9359,.T.);
#9357 = VERTEX_POINT('',#9358);
#9358 = CARTESIAN_POINT('',(-155.25,80.,107.1));
#9359 = CIRCLE('',#9360,2.1);
#9360 = AXIS2_PLACEMENT_3D('',#9361,#9362,#9363);
#9361 = CARTESIAN_POINT('',(-155.25,80.,105.));
#9362 = DIRECTION('',(1.,0.,-0.));
#9363 = DIRECTION('',(0.,0.,1.));
#9364 = PLANE('',#9365);
#9365 = AXIS2_PLACEMENT_3D('',#9366,#9367,#9368);
#9366 = CARTESIAN_POINT('',(-155.25,72.,100.));
#9367 = DIRECTION('',(1.,0.,0.));
#9368 = DIRECTION('',(0.,0.,1.));
#9369 = ADVANCED_FACE('',(#9370),#9395,.F.);
#9370 = FACE_BOUND('',#9371,.F.);
#9371 = EDGE_LOOP('',(#9372,#9380,#9381,#9389));
#9372 = ORIENTED_EDGE('',*,*,#9373,.F.);
#9373 = EDGE_CURVE('',#9323,#9374,#9376,.T.);
#9374 = VERTEX_POINT('',#9375);
#9375 = CARTESIAN_POINT('',(-147.25,72.,100.));
#9376 = LINE('',#9377,#9378);
#9377 = CARTESIAN_POINT('',(-155.25,72.,100.));
#9378 = VECTOR('',#9379,1.);
#9379 = DIRECTION('',(1.,0.,0.));
#9380 = ORIENTED_EDGE('',*,*,#9322,.T.);
#9381 = ORIENTED_EDGE('',*,*,#9382,.T.);
#9382 = EDGE_CURVE('',#9325,#9383,#9385,.T.);
#9383 = VERTEX_POINT('',#9384);
#9384 = CARTESIAN_POINT('',(-147.25,72.,113.));
#9385 = LINE('',#9386,#9387);
#9386 = CARTESIAN_POINT('',(-155.25,72.,113.));
#9387 = VECTOR('',#9388,1.);
#9388 = DIRECTION('',(1.,0.,0.));
#9389 = ORIENTED_EDGE('',*,*,#9390,.F.);
#9390 = EDGE_CURVE('',#9374,#9383,#9391,.T.);
#9391 = LINE('',#9392,#9393);
#9392 = CARTESIAN_POINT('',(-147.25,72.,100.));
#9393 = VECTOR('',#9394,1.);
#9394 = DIRECTION('',(0.,0.,1.));
#9395 = PLANE('',#9396);
#9396 = AXIS2_PLACEMENT_3D('',#9397,#9398,#9399);
#9397 = CARTESIAN_POINT('',(-155.25,72.,100.));
#9398 = DIRECTION('',(0.,1.,0.));
#9399 = DIRECTION('',(0.,0.,1.));
#9400 = ADVANCED_FACE('',(#9401),#9419,.T.);
#9401 = FACE_BOUND('',#9402,.T.);
#9402 = EDGE_LOOP('',(#9403,#9404,#9405,#9413));
#9403 = ORIENTED_EDGE('',*,*,#9348,.F.);
#9404 = ORIENTED_EDGE('',*,*,#9382,.T.);
#9405 = ORIENTED_EDGE('',*,*,#9406,.T.);
#9406 = EDGE_CURVE('',#9383,#9407,#9409,.T.);
#9407 = VERTEX_POINT('',#9408);
#9408 = CARTESIAN_POINT('',(-147.25,88.,113.));
#9409 = LINE('',#9410,#9411);
#9410 = CARTESIAN_POINT('',(-147.25,72.,113.));
#9411 = VECTOR('',#9412,1.);
#9412 = DIRECTION('',(0.,1.,0.));
#9413 = ORIENTED_EDGE('',*,*,#9414,.F.);
#9414 = EDGE_CURVE('',#9341,#9407,#9415,.T.);
#9415 = LINE('',#9416,#9417);
#9416 = CARTESIAN_POINT('',(-155.25,88.,113.));
#9417 = VECTOR('',#9418,1.);
#9418 = DIRECTION('',(1.,0.,0.));
#9419 = PLANE('',#9420);
#9420 = AXIS2_PLACEMENT_3D('',#9421,#9422,#9423);
#9421 = CARTESIAN_POINT('',(-155.25,72.,113.));
#9422 = DIRECTION('',(0.,0.,1.));
#9423 = DIRECTION('',(1.,0.,0.));
#9424 = ADVANCED_FACE('',(#9425),#9443,.F.);
#9425 = FACE_BOUND('',#9426,.F.);
#9426 = EDGE_LOOP('',(#9427,#9428,#9429,#9437));
#9427 = ORIENTED_EDGE('',*,*,#9332,.F.);
#9428 = ORIENTED_EDGE('',*,*,#9373,.T.);
#9429 = ORIENTED_EDGE('',*,*,#9430,.T.);
#9430 = EDGE_CURVE('',#9374,#9431,#9433,.T.);
#9431 = VERTEX_POINT('',#9432);
#9432 = CARTESIAN_POINT('',(-147.25,88.,100.));
#9433 = LINE('',#9434,#9435);
#9434 = CARTESIAN_POINT('',(-147.25,72.,100.));
#9435 = VECTOR('',#9436,1.);
#9436 = DIRECTION('',(0.,1.,0.));
#9437 = ORIENTED_EDGE('',*,*,#9438,.F.);
#9438 = EDGE_CURVE('',#9333,#9431,#9439,.T.);
#9439 = LINE('',#9440,#9441);
#9440 = CARTESIAN_POINT('',(-155.25,88.,100.));
#9441 = VECTOR('',#9442,1.);
#9442 = DIRECTION('',(1.,0.,0.));
#9443 = PLANE('',#9444);
#9444 = AXIS2_PLACEMENT_3D('',#9445,#9446,#9447);
#9445 = CARTESIAN_POINT('',(-155.25,72.,100.));
#9446 = DIRECTION('',(0.,0.,1.));
#9447 = DIRECTION('',(1.,0.,0.));
#9448 = ADVANCED_FACE('',(#9449),#9460,.T.);
#9449 = FACE_BOUND('',#9450,.T.);
#9450 = EDGE_LOOP('',(#9451,#9452,#9453,#9454));
#9451 = ORIENTED_EDGE('',*,*,#9438,.F.);
#9452 = ORIENTED_EDGE('',*,*,#9340,.T.);
#9453 = ORIENTED_EDGE('',*,*,#9414,.T.);
#9454 = ORIENTED_EDGE('',*,*,#9455,.F.);
#9455 = EDGE_CURVE('',#9431,#9407,#9456,.T.);
#9456 = LINE('',#9457,#9458);
#9457 = CARTESIAN_POINT('',(-147.25,88.,100.));
#9458 = VECTOR('',#9459,1.);
#9459 = DIRECTION('',(0.,0.,1.));
#9460 = PLANE('',#9461);
#9461 = AXIS2_PLACEMENT_3D('',#9462,#9463,#9464);
#9462 = CARTESIAN_POINT('',(-155.25,88.,100.));
#9463 = DIRECTION('',(0.,1.,0.));
#9464 = DIRECTION('',(0.,0.,1.));
#9465 = ADVANCED_FACE('',(#9466),#9485,.F.);
#9466 = FACE_BOUND('',#9467,.F.);
#9467 = EDGE_LOOP('',(#9468,#9477,#9483,#9484));
#9468 = ORIENTED_EDGE('',*,*,#9469,.F.);
#9469 = EDGE_CURVE('',#9470,#9470,#9472,.T.);
#9470 = VERTEX_POINT('',#9471);
#9471 = CARTESIAN_POINT('',(-147.25,80.,107.1));
#9472 = CIRCLE('',#9473,2.1);
#9473 = AXIS2_PLACEMENT_3D('',#9474,#9475,#9476);
#9474 = CARTESIAN_POINT('',(-147.25,80.,105.));
#9475 = DIRECTION('',(1.,0.,-0.));
#9476 = DIRECTION('',(0.,0.,1.));
#9477 = ORIENTED_EDGE('',*,*,#9478,.F.);
#9478 = EDGE_CURVE('',#9357,#9470,#9479,.T.);
#9479 = LINE('',#9480,#9481);
#9480 = CARTESIAN_POINT('',(-156.25,80.,107.1));
#9481 = VECTOR('',#9482,1.);
#9482 = DIRECTION('',(1.,0.,0.));
#9483 = ORIENTED_EDGE('',*,*,#9356,.T.);
#9484 = ORIENTED_EDGE('',*,*,#9478,.T.);
#9485 = CYLINDRICAL_SURFACE('',#9486,2.1);
#9486 = AXIS2_PLACEMENT_3D('',#9487,#9488,#9489);
#9487 = CARTESIAN_POINT('',(-156.25,80.,105.));
#9488 = DIRECTION('',(1.,0.,0.));
#9489 = DIRECTION('',(0.,0.,1.));
#9490 = ADVANCED_FACE('',(#9491,#9497),#9500,.T.);
#9491 = FACE_BOUND('',#9492,.T.);
#9492 = EDGE_LOOP('',(#9493,#9494,#9495,#9496));
#9493 = ORIENTED_EDGE('',*,*,#9390,.F.);
#9494 = ORIENTED_EDGE('',*,*,#9430,.T.);
#9495 = ORIENTED_EDGE('',*,*,#9455,.T.);
#9496 = ORIENTED_EDGE('',*,*,#9406,.F.);
#9497 = FACE_BOUND('',#9498,.T.);
#9498 = EDGE_LOOP('',(#9499));
#9499 = ORIENTED_EDGE('',*,*,#9469,.F.);
#9500 = PLANE('',#9501);
#9501 = AXIS2_PLACEMENT_3D('',#9502,#9503,#9504);
#9502 = CARTESIAN_POINT('',(-147.25,72.,100.));
#9503 = DIRECTION('',(1.,0.,0.));
#9504 = DIRECTION('',(0.,0.,1.));
#9505 = MANIFOLD_SOLID_BREP('',#9506);
#9506 = CLOSED_SHELL('',(#9507,#9540,#9549));
#9507 = ADVANCED_FACE('',(#9508),#9535,.T.);
#9508 = FACE_BOUND('',#9509,.T.);
#9509 = EDGE_LOOP('',(#9510,#9519,#9527,#9534));
#9510 = ORIENTED_EDGE('',*,*,#9511,.F.);
#9511 = EDGE_CURVE('',#9512,#9512,#9514,.T.);
#9512 = VERTEX_POINT('',#9513);
#9513 = CARTESIAN_POINT('',(-180.,167.1506985086,69.013811684718));
#9514 = CIRCLE('',#9515,5.);
#9515 = AXIS2_PLACEMENT_3D('',#9516,#9517,#9518);
#9516 = CARTESIAN_POINT('',(-180.,165.,64.5));
#9517 = DIRECTION('',(0.256626311645,0.872529459594,-0.415734624865));
#9518 = DIRECTION('',(-8.16676349121E-18,0.43013970172,0.902762336944));
#9519 = ORIENTED_EDGE('',*,*,#9520,.F.);
#9520 = EDGE_CURVE('',#9521,#9512,#9523,.T.);
#9521 = VERTEX_POINT('',#9522);
#9522 = CARTESIAN_POINT('',(-205.,82.150698508601,109.51381168471));
#9523 = LINE('',#9524,#9525);
#9524 = CARTESIAN_POINT('',(-205.,82.150698508601,109.51381168471));
#9525 = VECTOR('',#9526,1.);
#9526 = DIRECTION('',(0.256626311645,0.872529459594,-0.415734624865));
#9527 = ORIENTED_EDGE('',*,*,#9528,.T.);
#9528 = EDGE_CURVE('',#9521,#9521,#9529,.T.);
#9529 = CIRCLE('',#9530,5.);
#9530 = AXIS2_PLACEMENT_3D('',#9531,#9532,#9533);
#9531 = CARTESIAN_POINT('',(-205.,80.,105.));
#9532 = DIRECTION('',(0.256626311645,0.872529459594,-0.415734624865));
#9533 = DIRECTION('',(-8.16676349121E-18,0.43013970172,0.902762336944));
#9534 = ORIENTED_EDGE('',*,*,#9520,.T.);
#9535 = CYLINDRICAL_SURFACE('',#9536,5.);
#9536 = AXIS2_PLACEMENT_3D('',#9537,#9538,#9539);
#9537 = CARTESIAN_POINT('',(-205.,80.,105.));
#9538 = DIRECTION('',(0.256626311645,0.872529459594,-0.415734624865));
#9539 = DIRECTION('',(5.711024316605E-18,0.43013970172,0.902762336944));
#9540 = ADVANCED_FACE('',(#9541),#9544,.T.);
#9541 = FACE_BOUND('',#9542,.T.);
#9542 = EDGE_LOOP('',(#9543));
#9543 = ORIENTED_EDGE('',*,*,#9511,.T.);
#9544 = PLANE('',#9545);
#9545 = AXIS2_PLACEMENT_3D('',#9546,#9547,#9548);
#9546 = CARTESIAN_POINT('',(-180.,165.,64.5));
#9547 = DIRECTION('',(0.256626311645,0.872529459594,-0.415734624865));
#9548 = DIRECTION('',(5.711024316605E-18,0.43013970172,0.902762336944));
#9549 = ADVANCED_FACE('',(#9550),#9553,.F.);
#9550 = FACE_BOUND('',#9551,.T.);
#9551 = EDGE_LOOP('',(#9552));
#9552 = ORIENTED_EDGE('',*,*,#9528,.F.);
#9553 = PLANE('',#9554);
#9554 = AXIS2_PLACEMENT_3D('',#9555,#9556,#9557);
#9555 = CARTESIAN_POINT('',(-205.,80.,105.));
#9556 = DIRECTION('',(0.256626311645,0.872529459594,-0.415734624865));
#9557 = DIRECTION('',(5.711024316605E-18,0.43013970172,0.902762336944));
#9558 = MANIFOLD_SOLID_BREP('',#9559);
#9559 = CLOSED_SHELL('',(#9560,#9593,#9602));
#9560 = ADVANCED_FACE('',(#9561),#9588,.T.);
#9561 = FACE_BOUND('',#9562,.T.);
#9562 = EDGE_LOOP('',(#9563,#9572,#9580,#9587));
#9563 = ORIENTED_EDGE('',*,*,#9564,.F.);
#9564 = EDGE_CURVE('',#9565,#9565,#9567,.T.);
#9565 = VERTEX_POINT('',#9566);
#9566 = CARTESIAN_POINT('',(-180.,167.1506985086,69.013811684718));
#9567 = CIRCLE('',#9568,5.);
#9568 = AXIS2_PLACEMENT_3D('',#9569,#9570,#9571);
#9569 = CARTESIAN_POINT('',(-180.,165.,64.5));
#9570 = DIRECTION('',(-0.256626311645,0.872529459594,-0.415734624865));
#9571 = DIRECTION('',(8.16676349121E-18,0.43013970172,0.902762336944));
#9572 = ORIENTED_EDGE('',*,*,#9573,.F.);
#9573 = EDGE_CURVE('',#9574,#9565,#9576,.T.);
#9574 = VERTEX_POINT('',#9575);
#9575 = CARTESIAN_POINT('',(-155.,82.150698508601,109.51381168471));
#9576 = LINE('',#9577,#9578);
#9577 = CARTESIAN_POINT('',(-155.,82.150698508601,109.51381168471));
#9578 = VECTOR('',#9579,1.);
#9579 = DIRECTION('',(-0.256626311645,0.872529459594,-0.415734624865));
#9580 = ORIENTED_EDGE('',*,*,#9581,.T.);
#9581 = EDGE_CURVE('',#9574,#9574,#9582,.T.);
#9582 = CIRCLE('',#9583,5.);
#9583 = AXIS2_PLACEMENT_3D('',#9584,#9585,#9586);
#9584 = CARTESIAN_POINT('',(-155.,80.,105.));
#9585 = DIRECTION('',(-0.256626311645,0.872529459594,-0.415734624865));
#9586 = DIRECTION('',(8.16676349121E-18,0.43013970172,0.902762336944));
#9587 = ORIENTED_EDGE('',*,*,#9573,.T.);
#9588 = CYLINDRICAL_SURFACE('',#9589,5.);
#9589 = AXIS2_PLACEMENT_3D('',#9590,#9591,#9592);
#9590 = CARTESIAN_POINT('',(-155.,80.,105.));
#9591 = DIRECTION('',(-0.256626311645,0.872529459594,-0.415734624865));
#9592 = DIRECTION('',(-5.711024316605E-18,0.43013970172,0.902762336944)
  );
#9593 = ADVANCED_FACE('',(#9594),#9597,.T.);
#9594 = FACE_BOUND('',#9595,.T.);
#9595 = EDGE_LOOP('',(#9596));
#9596 = ORIENTED_EDGE('',*,*,#9564,.T.);
#9597 = PLANE('',#9598);
#9598 = AXIS2_PLACEMENT_3D('',#9599,#9600,#9601);
#9599 = CARTESIAN_POINT('',(-180.,165.,64.5));
#9600 = DIRECTION('',(-0.256626311645,0.872529459594,-0.415734624865));
#9601 = DIRECTION('',(-5.711024316605E-18,0.43013970172,0.902762336944)
  );
#9602 = ADVANCED_FACE('',(#9603),#9606,.F.);
#9603 = FACE_BOUND('',#9604,.T.);
#9604 = EDGE_LOOP('',(#9605));
#9605 = ORIENTED_EDGE('',*,*,#9581,.F.);
#9606 = PLANE('',#9607);
#9607 = AXIS2_PLACEMENT_3D('',#9608,#9609,#9610);
#9608 = CARTESIAN_POINT('',(-155.,80.,105.));
#9609 = DIRECTION('',(-0.256626311645,0.872529459594,-0.415734624865));
#9610 = DIRECTION('',(-5.711024316605E-18,0.43013970172,0.902762336944)
  );
#9611 = MANIFOLD_SOLID_BREP('',#9612);
#9612 = CLOSED_SHELL('',(#9613,#9646,#9655));
#9613 = ADVANCED_FACE('',(#9614),#9641,.T.);
#9614 = FACE_BOUND('',#9615,.T.);
#9615 = EDGE_LOOP('',(#9616,#9625,#9633,#9640));
#9616 = ORIENTED_EDGE('',*,*,#9617,.F.);
#9617 = EDGE_CURVE('',#9618,#9618,#9620,.T.);
#9618 = VERTEX_POINT('',#9619);
#9619 = CARTESIAN_POINT('',(-180.,165.95187451313,112.31169524618));
#9620 = CIRCLE('',#9621,2.5);
#9621 = AXIS2_PLACEMENT_3D('',#9622,#9623,#9624);
#9622 = CARTESIAN_POINT('',(-180.,165.,110.));
#9623 = DIRECTION('',(0.,0.924678098475,-0.380749805254));
#9624 = DIRECTION('',(0.,0.380749805254,0.924678098475));
#9625 = ORIENTED_EDGE('',*,*,#9626,.F.);
#9626 = EDGE_CURVE('',#9627,#9618,#9629,.T.);
#9627 = VERTEX_POINT('',#9628);
#9628 = CARTESIAN_POINT('',(-180.,80.951874513136,147.31169524618));
#9629 = LINE('',#9630,#9631);
#9630 = CARTESIAN_POINT('',(-180.,80.951874513136,147.31169524618));
#9631 = VECTOR('',#9632,1.);
#9632 = DIRECTION('',(6.879213202477E-33,0.924678098475,-0.380749805254)
  );
#9633 = ORIENTED_EDGE('',*,*,#9634,.T.);
#9634 = EDGE_CURVE('',#9627,#9627,#9635,.T.);
#9635 = CIRCLE('',#9636,2.5);
#9636 = AXIS2_PLACEMENT_3D('',#9637,#9638,#9639);
#9637 = CARTESIAN_POINT('',(-180.,80.,145.));
#9638 = DIRECTION('',(0.,0.924678098475,-0.380749805254));
#9639 = DIRECTION('',(0.,0.380749805254,0.924678098475));
#9640 = ORIENTED_EDGE('',*,*,#9626,.T.);
#9641 = CYLINDRICAL_SURFACE('',#9642,2.5);
#9642 = AXIS2_PLACEMENT_3D('',#9643,#9644,#9645);
#9643 = CARTESIAN_POINT('',(-180.,80.,145.));
#9644 = DIRECTION('',(0.,0.924678098475,-0.380749805254));
#9645 = DIRECTION('',(0.,0.380749805254,0.924678098475));
#9646 = ADVANCED_FACE('',(#9647),#9650,.T.);
#9647 = FACE_BOUND('',#9648,.T.);
#9648 = EDGE_LOOP('',(#9649));
#9649 = ORIENTED_EDGE('',*,*,#9617,.T.);
#9650 = PLANE('',#9651);
#9651 = AXIS2_PLACEMENT_3D('',#9652,#9653,#9654);
#9652 = CARTESIAN_POINT('',(-180.,165.,110.));
#9653 = DIRECTION('',(0.,0.924678098475,-0.380749805254));
#9654 = DIRECTION('',(0.,0.380749805254,0.924678098475));
#9655 = ADVANCED_FACE('',(#9656),#9659,.F.);
#9656 = FACE_BOUND('',#9657,.T.);
#9657 = EDGE_LOOP('',(#9658));
#9658 = ORIENTED_EDGE('',*,*,#9634,.F.);
#9659 = PLANE('',#9660);
#9660 = AXIS2_PLACEMENT_3D('',#9661,#9662,#9663);
#9661 = CARTESIAN_POINT('',(-180.,80.,145.));
#9662 = DIRECTION('',(0.,0.924678098475,-0.380749805254));
#9663 = DIRECTION('',(0.,0.380749805254,0.924678098475));
#9664 = MANIFOLD_SOLID_BREP('',#9665);
#9665 = CLOSED_SHELL('',(#9666,#9706,#9748,#9772,#9807,#9824,#9836));
#9666 = ADVANCED_FACE('',(#9667),#9701,.F.);
#9667 = FACE_BOUND('',#9668,.F.);
#9668 = EDGE_LOOP('',(#9669,#9679,#9687,#9695));
#9669 = ORIENTED_EDGE('',*,*,#9670,.F.);
#9670 = EDGE_CURVE('',#9671,#9673,#9675,.T.);
#9671 = VERTEX_POINT('',#9672);
#9672 = CARTESIAN_POINT('',(-192.,157.,64.5));
#9673 = VERTEX_POINT('',#9674);
#9674 = CARTESIAN_POINT('',(-192.,157.,109.5));
#9675 = LINE('',#9676,#9677);
#9676 = CARTESIAN_POINT('',(-192.,157.,64.5));
#9677 = VECTOR('',#9678,1.);
#9678 = DIRECTION('',(0.,0.,1.));
#9679 = ORIENTED_EDGE('',*,*,#9680,.T.);
#9680 = EDGE_CURVE('',#9671,#9681,#9683,.T.);
#9681 = VERTEX_POINT('',#9682);
#9682 = CARTESIAN_POINT('',(-192.,173.,64.5));
#9683 = LINE('',#9684,#9685);
#9684 = CARTESIAN_POINT('',(-192.,157.,64.5));
#9685 = VECTOR('',#9686,1.);
#9686 = DIRECTION('',(0.,1.,0.));
#9687 = ORIENTED_EDGE('',*,*,#9688,.T.);
#9688 = EDGE_CURVE('',#9681,#9689,#9691,.T.);
#9689 = VERTEX_POINT('',#9690);
#9690 = CARTESIAN_POINT('',(-192.,173.,109.5));
#9691 = LINE('',#9692,#9693);
#9692 = CARTESIAN_POINT('',(-192.,173.,64.5));
#9693 = VECTOR('',#9694,1.);
#9694 = DIRECTION('',(0.,0.,1.));
#9695 = ORIENTED_EDGE('',*,*,#9696,.F.);
#9696 = EDGE_CURVE('',#9673,#9689,#9697,.T.);
#9697 = LINE('',#9698,#9699);
#9698 = CARTESIAN_POINT('',(-192.,157.,109.5));
#9699 = VECTOR('',#9700,1.);
#9700 = DIRECTION('',(0.,1.,0.));
#9701 = PLANE('',#9702);
#9702 = AXIS2_PLACEMENT_3D('',#9703,#9704,#9705);
#9703 = CARTESIAN_POINT('',(-192.,157.,64.5));
#9704 = DIRECTION('',(1.,0.,0.));
#9705 = DIRECTION('',(0.,0.,1.));
#9706 = ADVANCED_FACE('',(#9707,#9732),#9743,.F.);
#9707 = FACE_BOUND('',#9708,.F.);
#9708 = EDGE_LOOP('',(#9709,#9717,#9718,#9726));
#9709 = ORIENTED_EDGE('',*,*,#9710,.F.);
#9710 = EDGE_CURVE('',#9671,#9711,#9713,.T.);
#9711 = VERTEX_POINT('',#9712);
#9712 = CARTESIAN_POINT('',(-168.,157.,64.5));
#9713 = LINE('',#9714,#9715);
#9714 = CARTESIAN_POINT('',(-192.,157.,64.5));
#9715 = VECTOR('',#9716,1.);
#9716 = DIRECTION('',(1.,0.,0.));
#9717 = ORIENTED_EDGE('',*,*,#9670,.T.);
#9718 = ORIENTED_EDGE('',*,*,#9719,.T.);
#9719 = EDGE_CURVE('',#9673,#9720,#9722,.T.);
#9720 = VERTEX_POINT('',#9721);
#9721 = CARTESIAN_POINT('',(-168.,157.,109.5));
#9722 = LINE('',#9723,#9724);
#9723 = CARTESIAN_POINT('',(-192.,157.,109.5));
#9724 = VECTOR('',#9725,1.);
#9725 = DIRECTION('',(1.,0.,0.));
#9726 = ORIENTED_EDGE('',*,*,#9727,.F.);
#9727 = EDGE_CURVE('',#9711,#9720,#9728,.T.);
#9728 = LINE('',#9729,#9730);
#9729 = CARTESIAN_POINT('',(-168.,157.,64.5));
#9730 = VECTOR('',#9731,1.);
#9731 = DIRECTION('',(0.,0.,1.));
#9732 = FACE_BOUND('',#9733,.F.);
#9733 = EDGE_LOOP('',(#9734));
#9734 = ORIENTED_EDGE('',*,*,#9735,.F.);
#9735 = EDGE_CURVE('',#9736,#9736,#9738,.T.);
#9736 = VERTEX_POINT('',#9737);
#9737 = CARTESIAN_POINT('',(-180.,157.,95.5));
#9738 = CIRCLE('',#9739,11.);
#9739 = AXIS2_PLACEMENT_3D('',#9740,#9741,#9742);
#9740 = CARTESIAN_POINT('',(-180.,157.,84.5));
#9741 = DIRECTION('',(0.,1.,0.));
#9742 = DIRECTION('',(0.,0.,1.));
#9743 = PLANE('',#9744);
#9744 = AXIS2_PLACEMENT_3D('',#9745,#9746,#9747);
#9745 = CARTESIAN_POINT('',(-192.,157.,64.5));
#9746 = DIRECTION('',(0.,1.,0.));
#9747 = DIRECTION('',(0.,0.,1.));
#9748 = ADVANCED_FACE('',(#9749),#9767,.T.);
#9749 = FACE_BOUND('',#9750,.T.);
#9750 = EDGE_LOOP('',(#9751,#9752,#9753,#9761));
#9751 = ORIENTED_EDGE('',*,*,#9696,.F.);
#9752 = ORIENTED_EDGE('',*,*,#9719,.T.);
#9753 = ORIENTED_EDGE('',*,*,#9754,.T.);
#9754 = EDGE_CURVE('',#9720,#9755,#9757,.T.);
#9755 = VERTEX_POINT('',#9756);
#9756 = CARTESIAN_POINT('',(-168.,173.,109.5));
#9757 = LINE('',#9758,#9759);
#9758 = CARTESIAN_POINT('',(-168.,157.,109.5));
#9759 = VECTOR('',#9760,1.);
#9760 = DIRECTION('',(0.,1.,0.));
#9761 = ORIENTED_EDGE('',*,*,#9762,.F.);
#9762 = EDGE_CURVE('',#9689,#9755,#9763,.T.);
#9763 = LINE('',#9764,#9765);
#9764 = CARTESIAN_POINT('',(-192.,173.,109.5));
#9765 = VECTOR('',#9766,1.);
#9766 = DIRECTION('',(1.,0.,0.));
#9767 = PLANE('',#9768);
#9768 = AXIS2_PLACEMENT_3D('',#9769,#9770,#9771);
#9769 = CARTESIAN_POINT('',(-192.,157.,109.5));
#9770 = DIRECTION('',(0.,0.,1.));
#9771 = DIRECTION('',(1.,0.,0.));
#9772 = ADVANCED_FACE('',(#9773,#9791),#9802,.T.);
#9773 = FACE_BOUND('',#9774,.T.);
#9774 = EDGE_LOOP('',(#9775,#9783,#9784,#9785));
#9775 = ORIENTED_EDGE('',*,*,#9776,.F.);
#9776 = EDGE_CURVE('',#9681,#9777,#9779,.T.);
#9777 = VERTEX_POINT('',#9778);
#9778 = CARTESIAN_POINT('',(-168.,173.,64.5));
#9779 = LINE('',#9780,#9781);
#9780 = CARTESIAN_POINT('',(-192.,173.,64.5));
#9781 = VECTOR('',#9782,1.);
#9782 = DIRECTION('',(1.,0.,0.));
#9783 = ORIENTED_EDGE('',*,*,#9688,.T.);
#9784 = ORIENTED_EDGE('',*,*,#9762,.T.);
#9785 = ORIENTED_EDGE('',*,*,#9786,.F.);
#9786 = EDGE_CURVE('',#9777,#9755,#9787,.T.);
#9787 = LINE('',#9788,#9789);
#9788 = CARTESIAN_POINT('',(-168.,173.,64.5));
#9789 = VECTOR('',#9790,1.);
#9790 = DIRECTION('',(0.,0.,1.));
#9791 = FACE_BOUND('',#9792,.T.);
#9792 = EDGE_LOOP('',(#9793));
#9793 = ORIENTED_EDGE('',*,*,#9794,.F.);
#9794 = EDGE_CURVE('',#9795,#9795,#9797,.T.);
#9795 = VERTEX_POINT('',#9796);
#9796 = CARTESIAN_POINT('',(-180.,173.,95.5));
#9797 = CIRCLE('',#9798,11.);
#9798 = AXIS2_PLACEMENT_3D('',#9799,#9800,#9801);
#9799 = CARTESIAN_POINT('',(-180.,173.,84.5));
#9800 = DIRECTION('',(0.,1.,0.));
#9801 = DIRECTION('',(0.,0.,1.));
#9802 = PLANE('',#9803);
#9803 = AXIS2_PLACEMENT_3D('',#9804,#9805,#9806);
#9804 = CARTESIAN_POINT('',(-192.,173.,64.5));
#9805 = DIRECTION('',(0.,1.,0.));
#9806 = DIRECTION('',(0.,0.,1.));
#9807 = ADVANCED_FACE('',(#9808),#9819,.F.);
#9808 = FACE_BOUND('',#9809,.F.);
#9809 = EDGE_LOOP('',(#9810,#9811,#9812,#9818));
#9810 = ORIENTED_EDGE('',*,*,#9680,.F.);
#9811 = ORIENTED_EDGE('',*,*,#9710,.T.);
#9812 = ORIENTED_EDGE('',*,*,#9813,.T.);
#9813 = EDGE_CURVE('',#9711,#9777,#9814,.T.);
#9814 = LINE('',#9815,#9816);
#9815 = CARTESIAN_POINT('',(-168.,157.,64.5));
#9816 = VECTOR('',#9817,1.);
#9817 = DIRECTION('',(0.,1.,0.));
#9818 = ORIENTED_EDGE('',*,*,#9776,.F.);
#9819 = PLANE('',#9820);
#9820 = AXIS2_PLACEMENT_3D('',#9821,#9822,#9823);
#9821 = CARTESIAN_POINT('',(-192.,157.,64.5));
#9822 = DIRECTION('',(0.,0.,1.));
#9823 = DIRECTION('',(1.,0.,0.));
#9824 = ADVANCED_FACE('',(#9825),#9831,.T.);
#9825 = FACE_BOUND('',#9826,.T.);
#9826 = EDGE_LOOP('',(#9827,#9828,#9829,#9830));
#9827 = ORIENTED_EDGE('',*,*,#9727,.F.);
#9828 = ORIENTED_EDGE('',*,*,#9813,.T.);
#9829 = ORIENTED_EDGE('',*,*,#9786,.T.);
#9830 = ORIENTED_EDGE('',*,*,#9754,.F.);
#9831 = PLANE('',#9832);
#9832 = AXIS2_PLACEMENT_3D('',#9833,#9834,#9835);
#9833 = CARTESIAN_POINT('',(-168.,157.,64.5));
#9834 = DIRECTION('',(1.,0.,0.));
#9835 = DIRECTION('',(0.,0.,1.));
#9836 = ADVANCED_FACE('',(#9837),#9848,.F.);
#9837 = FACE_BOUND('',#9838,.F.);
#9838 = EDGE_LOOP('',(#9839,#9840,#9846,#9847));
#9839 = ORIENTED_EDGE('',*,*,#9794,.F.);
#9840 = ORIENTED_EDGE('',*,*,#9841,.F.);
#9841 = EDGE_CURVE('',#9736,#9795,#9842,.T.);
#9842 = LINE('',#9843,#9844);
#9843 = CARTESIAN_POINT('',(-180.,150.,95.5));
#9844 = VECTOR('',#9845,1.);
#9845 = DIRECTION('',(0.,1.,0.));
#9846 = ORIENTED_EDGE('',*,*,#9735,.T.);
#9847 = ORIENTED_EDGE('',*,*,#9841,.T.);
#9848 = CYLINDRICAL_SURFACE('',#9849,11.);
#9849 = AXIS2_PLACEMENT_3D('',#9850,#9851,#9852);
#9850 = CARTESIAN_POINT('',(-180.,150.,84.5));
#9851 = DIRECTION('',(0.,1.,0.));
#9852 = DIRECTION('',(0.,0.,1.));
#9853 = MANIFOLD_SOLID_BREP('',#9854);
#9854 = CLOSED_SHELL('',(#9855,#9888,#9897));
#9855 = ADVANCED_FACE('',(#9856),#9883,.T.);
#9856 = FACE_BOUND('',#9857,.T.);
#9857 = EDGE_LOOP('',(#9858,#9867,#9875,#9882));
#9858 = ORIENTED_EDGE('',*,*,#9859,.F.);
#9859 = EDGE_CURVE('',#9860,#9860,#9862,.T.);
#9860 = VERTEX_POINT('',#9861);
#9861 = CARTESIAN_POINT('',(-223.,107.4114281651,215.62439498696));
#9862 = CIRCLE('',#9863,2.5);
#9863 = AXIS2_PLACEMENT_3D('',#9864,#9865,#9866);
#9864 = CARTESIAN_POINT('',(-223.,105.,214.96483892069));
#9865 = DIRECTION('',(-0.185185185185,-0.259259259259,0.947887695709));
#9866 = DIRECTION('',(1.90693927619E-18,0.964571266041,0.263822426506));
#9867 = ORIENTED_EDGE('',*,*,#9868,.F.);
#9868 = EDGE_CURVE('',#9869,#9860,#9871,.T.);
#9869 = VERTEX_POINT('',#9870);
#9870 = CARTESIAN_POINT('',(-198.,142.4114281651,87.659556066264));
#9871 = LINE('',#9872,#9873);
#9872 = CARTESIAN_POINT('',(-198.,142.4114281651,87.659556066264));
#9873 = VECTOR('',#9874,1.);
#9874 = DIRECTION('',(-0.185185185185,-0.259259259259,0.947887695709));
#9875 = ORIENTED_EDGE('',*,*,#9876,.T.);
#9876 = EDGE_CURVE('',#9869,#9869,#9877,.T.);
#9877 = CIRCLE('',#9878,2.5);
#9878 = AXIS2_PLACEMENT_3D('',#9879,#9880,#9881);
#9879 = CARTESIAN_POINT('',(-198.,140.,87.));
#9880 = DIRECTION('',(-0.185185185185,-0.259259259259,0.947887695709));
#9881 = DIRECTION('',(1.90693927619E-18,0.964571266041,0.263822426506));
#9882 = ORIENTED_EDGE('',*,*,#9868,.T.);
#9883 = CYLINDRICAL_SURFACE('',#9884,2.5);
#9884 = AXIS2_PLACEMENT_3D('',#9885,#9886,#9887);
#9885 = CARTESIAN_POINT('',(-198.,140.,87.));
#9886 = DIRECTION('',(-0.185185185185,-0.259259259259,0.947887695709));
#9887 = DIRECTION('',(1.90693927619E-18,0.964571266041,0.263822426506));
#9888 = ADVANCED_FACE('',(#9889),#9892,.T.);
#9889 = FACE_BOUND('',#9890,.T.);
#9890 = EDGE_LOOP('',(#9891));
#9891 = ORIENTED_EDGE('',*,*,#9859,.T.);
#9892 = PLANE('',#9893);
#9893 = AXIS2_PLACEMENT_3D('',#9894,#9895,#9896);
#9894 = CARTESIAN_POINT('',(-223.,105.,214.96483892069));
#9895 = DIRECTION('',(-0.185185185185,-0.259259259259,0.947887695709));
#9896 = DIRECTION('',(1.90693927619E-18,0.964571266041,0.263822426506));
#9897 = ADVANCED_FACE('',(#9898),#9901,.F.);
#9898 = FACE_BOUND('',#9899,.T.);
#9899 = EDGE_LOOP('',(#9900));
#9900 = ORIENTED_EDGE('',*,*,#9876,.F.);
#9901 = PLANE('',#9902);
#9902 = AXIS2_PLACEMENT_3D('',#9903,#9904,#9905);
#9903 = CARTESIAN_POINT('',(-198.,140.,87.));
#9904 = DIRECTION('',(-0.185185185185,-0.259259259259,0.947887695709));
#9905 = DIRECTION('',(1.90693927619E-18,0.964571266041,0.263822426506));
#9906 = MANIFOLD_SOLID_BREP('',#9907);
#9907 = CLOSED_SHELL('',(#9908,#9941,#9950));
#9908 = ADVANCED_FACE('',(#9909),#9936,.T.);
#9909 = FACE_BOUND('',#9910,.T.);
#9910 = EDGE_LOOP('',(#9911,#9920,#9928,#9935));
#9911 = ORIENTED_EDGE('',*,*,#9912,.F.);
#9912 = EDGE_CURVE('',#9913,#9913,#9915,.T.);
#9913 = VERTEX_POINT('',#9914);
#9914 = CARTESIAN_POINT('',(-223.,113.68114139437,217.33924075924));
#9915 = CIRCLE('',#9916,9.);
#9916 = AXIS2_PLACEMENT_3D('',#9917,#9918,#9919);
#9917 = CARTESIAN_POINT('',(-223.,105.,214.96483892069));
#9918 = DIRECTION('',(-0.185185185185,-0.259259259259,0.947887695709));
#9919 = DIRECTION('',(-4.774958557202E-18,0.964571266041,0.263822426506)
  );
#9920 = ORIENTED_EDGE('',*,*,#9921,.F.);
#9921 = EDGE_CURVE('',#9922,#9913,#9924,.T.);
#9922 = VERTEX_POINT('',#9923);
#9923 = CARTESIAN_POINT('',(-205.5,138.18114139437,127.76385351475));
#9924 = LINE('',#9925,#9926);
#9925 = CARTESIAN_POINT('',(-205.5,138.18114139437,127.76385351475));
#9926 = VECTOR('',#9927,1.);
#9927 = DIRECTION('',(-0.185185185185,-0.259259259259,0.947887695709));
#9928 = ORIENTED_EDGE('',*,*,#9929,.T.);
#9929 = EDGE_CURVE('',#9922,#9922,#9930,.T.);
#9930 = CIRCLE('',#9931,9.);
#9931 = AXIS2_PLACEMENT_3D('',#9932,#9933,#9934);
#9932 = CARTESIAN_POINT('',(-205.5,129.5,125.3894516762));
#9933 = DIRECTION('',(-0.185185185185,-0.259259259259,0.947887695709));
#9934 = DIRECTION('',(-4.774958557202E-18,0.964571266041,0.263822426506)
  );
#9935 = ORIENTED_EDGE('',*,*,#9921,.T.);
#9936 = CYLINDRICAL_SURFACE('',#9937,9.);
#9937 = AXIS2_PLACEMENT_3D('',#9938,#9939,#9940);
#9938 = CARTESIAN_POINT('',(-205.5,129.5,125.3894516762));
#9939 = DIRECTION('',(-0.185185185185,-0.259259259259,0.947887695709));
#9940 = DIRECTION('',(2.163935346705E-18,0.964571266041,0.263822426506)
  );
#9941 = ADVANCED_FACE('',(#9942),#9945,.T.);
#9942 = FACE_BOUND('',#9943,.T.);
#9943 = EDGE_LOOP('',(#9944));
#9944 = ORIENTED_EDGE('',*,*,#9912,.T.);
#9945 = PLANE('',#9946);
#9946 = AXIS2_PLACEMENT_3D('',#9947,#9948,#9949);
#9947 = CARTESIAN_POINT('',(-223.,105.,214.96483892069));
#9948 = DIRECTION('',(-0.185185185185,-0.259259259259,0.947887695709));
#9949 = DIRECTION('',(2.163935346705E-18,0.964571266041,0.263822426506)
  );
#9950 = ADVANCED_FACE('',(#9951),#9954,.F.);
#9951 = FACE_BOUND('',#9952,.T.);
#9952 = EDGE_LOOP('',(#9953));
#9953 = ORIENTED_EDGE('',*,*,#9929,.F.);
#9954 = PLANE('',#9955);
#9955 = AXIS2_PLACEMENT_3D('',#9956,#9957,#9958);
#9956 = CARTESIAN_POINT('',(-205.5,129.5,125.3894516762));
#9957 = DIRECTION('',(-0.185185185185,-0.259259259259,0.947887695709));
#9958 = DIRECTION('',(2.163935346705E-18,0.964571266041,0.263822426506)
  );
#9959 = MANIFOLD_SOLID_BREP('',#9960);
#9960 = CLOSED_SHELL('',(#9961,#10001,#10041,#10063,#10085,#10097));
#9961 = ADVANCED_FACE('',(#9962),#9996,.F.);
#9962 = FACE_BOUND('',#9963,.F.);
#9963 = EDGE_LOOP('',(#9964,#9974,#9982,#9990));
#9964 = ORIENTED_EDGE('',*,*,#9965,.F.);
#9965 = EDGE_CURVE('',#9966,#9968,#9970,.T.);
#9966 = VERTEX_POINT('',#9967);
#9967 = CARTESIAN_POINT('',(-230.,99.,100.));
#9968 = VERTEX_POINT('',#9969);
#9969 = CARTESIAN_POINT('',(-230.,99.,221.96483892069));
#9970 = LINE('',#9971,#9972);
#9971 = CARTESIAN_POINT('',(-230.,99.,100.));
#9972 = VECTOR('',#9973,1.);
#9973 = DIRECTION('',(0.,0.,1.));
#9974 = ORIENTED_EDGE('',*,*,#9975,.T.);
#9975 = EDGE_CURVE('',#9966,#9976,#9978,.T.);
#9976 = VERTEX_POINT('',#9977);
#9977 = CARTESIAN_POINT('',(-230.,111.,100.));
#9978 = LINE('',#9979,#9980);
#9979 = CARTESIAN_POINT('',(-230.,99.,100.));
#9980 = VECTOR('',#9981,1.);
#9981 = DIRECTION('',(0.,1.,0.));
#9982 = ORIENTED_EDGE('',*,*,#9983,.T.);
#9983 = EDGE_CURVE('',#9976,#9984,#9986,.T.);
#9984 = VERTEX_POINT('',#9985);
#9985 = CARTESIAN_POINT('',(-230.,111.,221.96483892069));
#9986 = LINE('',#9987,#9988);
#9987 = CARTESIAN_POINT('',(-230.,111.,100.));
#9988 = VECTOR('',#9989,1.);
#9989 = DIRECTION('',(0.,0.,1.));
#9990 = ORIENTED_EDGE('',*,*,#9991,.F.);
#9991 = EDGE_CURVE('',#9968,#9984,#9992,.T.);
#9992 = LINE('',#9993,#9994);
#9993 = CARTESIAN_POINT('',(-230.,99.,221.96483892069));
#9994 = VECTOR('',#9995,1.);
#9995 = DIRECTION('',(0.,1.,0.));
#9996 = PLANE('',#9997);
#9997 = AXIS2_PLACEMENT_3D('',#9998,#9999,#10000);
#9998 = CARTESIAN_POINT('',(-230.,99.,100.));
#9999 = DIRECTION('',(1.,0.,0.));
#10000 = DIRECTION('',(0.,0.,1.));
#10001 = ADVANCED_FACE('',(#10002),#10036,.T.);
#10002 = FACE_BOUND('',#10003,.T.);
#10003 = EDGE_LOOP('',(#10004,#10014,#10022,#10030));
#10004 = ORIENTED_EDGE('',*,*,#10005,.F.);
#10005 = EDGE_CURVE('',#10006,#10008,#10010,.T.);
#10006 = VERTEX_POINT('',#10007);
#10007 = CARTESIAN_POINT('',(-216.,99.,100.));
#10008 = VERTEX_POINT('',#10009);
#10009 = CARTESIAN_POINT('',(-216.,99.,221.96483892069));
#10010 = LINE('',#10011,#10012);
#10011 = CARTESIAN_POINT('',(-216.,99.,100.));
#10012 = VECTOR('',#10013,1.);
#10013 = DIRECTION('',(0.,0.,1.));
#10014 = ORIENTED_EDGE('',*,*,#10015,.T.);
#10015 = EDGE_CURVE('',#10006,#10016,#10018,.T.);
#10016 = VERTEX_POINT('',#10017);
#10017 = CARTESIAN_POINT('',(-216.,111.,100.));
#10018 = LINE('',#10019,#10020);
#10019 = CARTESIAN_POINT('',(-216.,99.,100.));
#10020 = VECTOR('',#10021,1.);
#10021 = DIRECTION('',(0.,1.,0.));
#10022 = ORIENTED_EDGE('',*,*,#10023,.T.);
#10023 = EDGE_CURVE('',#10016,#10024,#10026,.T.);
#10024 = VERTEX_POINT('',#10025);
#10025 = CARTESIAN_POINT('',(-216.,111.,221.96483892069));
#10026 = LINE('',#10027,#10028);
#10027 = CARTESIAN_POINT('',(-216.,111.,100.));
#10028 = VECTOR('',#10029,1.);
#10029 = DIRECTION('',(0.,0.,1.));
#10030 = ORIENTED_EDGE('',*,*,#10031,.F.);
#10031 = EDGE_CURVE('',#10008,#10024,#10032,.T.);
#10032 = LINE('',#10033,#10034);
#10033 = CARTESIAN_POINT('',(-216.,99.,221.96483892069));
#10034 = VECTOR('',#10035,1.);
#10035 = DIRECTION('',(0.,1.,0.));
#10036 = PLANE('',#10037);
#10037 = AXIS2_PLACEMENT_3D('',#10038,#10039,#10040);
#10038 = CARTESIAN_POINT('',(-216.,99.,100.));
#10039 = DIRECTION('',(1.,0.,0.));
#10040 = DIRECTION('',(0.,0.,1.));
#10041 = ADVANCED_FACE('',(#10042),#10058,.F.);
#10042 = FACE_BOUND('',#10043,.F.);
#10043 = EDGE_LOOP('',(#10044,#10050,#10051,#10057));
#10044 = ORIENTED_EDGE('',*,*,#10045,.F.);
#10045 = EDGE_CURVE('',#9966,#10006,#10046,.T.);
#10046 = LINE('',#10047,#10048);
#10047 = CARTESIAN_POINT('',(-230.,99.,100.));
#10048 = VECTOR('',#10049,1.);
#10049 = DIRECTION('',(1.,0.,0.));
#10050 = ORIENTED_EDGE('',*,*,#9965,.T.);
#10051 = ORIENTED_EDGE('',*,*,#10052,.T.);
#10052 = EDGE_CURVE('',#9968,#10008,#10053,.T.);
#10053 = LINE('',#10054,#10055);
#10054 = CARTESIAN_POINT('',(-230.,99.,221.96483892069));
#10055 = VECTOR('',#10056,1.);
#10056 = DIRECTION('',(1.,0.,0.));
#10057 = ORIENTED_EDGE('',*,*,#10005,.F.);
#10058 = PLANE('',#10059);
#10059 = AXIS2_PLACEMENT_3D('',#10060,#10061,#10062);
#10060 = CARTESIAN_POINT('',(-230.,99.,100.));
#10061 = DIRECTION('',(0.,1.,0.));
#10062 = DIRECTION('',(0.,0.,1.));
#10063 = ADVANCED_FACE('',(#10064),#10080,.T.);
#10064 = FACE_BOUND('',#10065,.T.);
#10065 = EDGE_LOOP('',(#10066,#10072,#10073,#10079));
#10066 = ORIENTED_EDGE('',*,*,#10067,.F.);
#10067 = EDGE_CURVE('',#9976,#10016,#10068,.T.);
#10068 = LINE('',#10069,#10070);
#10069 = CARTESIAN_POINT('',(-230.,111.,100.));
#10070 = VECTOR('',#10071,1.);
#10071 = DIRECTION('',(1.,0.,0.));
#10072 = ORIENTED_EDGE('',*,*,#9983,.T.);
#10073 = ORIENTED_EDGE('',*,*,#10074,.T.);
#10074 = EDGE_CURVE('',#9984,#10024,#10075,.T.);
#10075 = LINE('',#10076,#10077);
#10076 = CARTESIAN_POINT('',(-230.,111.,221.96483892069));
#10077 = VECTOR('',#10078,1.);
#10078 = DIRECTION('',(1.,0.,0.));
#10079 = ORIENTED_EDGE('',*,*,#10023,.F.);
#10080 = PLANE('',#10081);
#10081 = AXIS2_PLACEMENT_3D('',#10082,#10083,#10084);
#10082 = CARTESIAN_POINT('',(-230.,111.,100.));
#10083 = DIRECTION('',(0.,1.,0.));
#10084 = DIRECTION('',(0.,0.,1.));
#10085 = ADVANCED_FACE('',(#10086),#10092,.F.);
#10086 = FACE_BOUND('',#10087,.F.);
#10087 = EDGE_LOOP('',(#10088,#10089,#10090,#10091));
#10088 = ORIENTED_EDGE('',*,*,#9975,.F.);
#10089 = ORIENTED_EDGE('',*,*,#10045,.T.);
#10090 = ORIENTED_EDGE('',*,*,#10015,.T.);
#10091 = ORIENTED_EDGE('',*,*,#10067,.F.);
#10092 = PLANE('',#10093);
#10093 = AXIS2_PLACEMENT_3D('',#10094,#10095,#10096);
#10094 = CARTESIAN_POINT('',(-230.,99.,100.));
#10095 = DIRECTION('',(0.,0.,1.));
#10096 = DIRECTION('',(1.,0.,0.));
#10097 = ADVANCED_FACE('',(#10098),#10104,.T.);
#10098 = FACE_BOUND('',#10099,.T.);
#10099 = EDGE_LOOP('',(#10100,#10101,#10102,#10103));
#10100 = ORIENTED_EDGE('',*,*,#9991,.F.);
#10101 = ORIENTED_EDGE('',*,*,#10052,.T.);
#10102 = ORIENTED_EDGE('',*,*,#10031,.T.);
#10103 = ORIENTED_EDGE('',*,*,#10074,.F.);
#10104 = PLANE('',#10105);
#10105 = AXIS2_PLACEMENT_3D('',#10106,#10107,#10108);
#10106 = CARTESIAN_POINT('',(-230.,99.,221.96483892069));
#10107 = DIRECTION('',(0.,0.,1.));
#10108 = DIRECTION('',(1.,0.,0.));
#10109 = MANIFOLD_SOLID_BREP('',#10110);
#10110 = CLOSED_SHELL('',(#10111,#10151,#10191,#10213,#10235,#10247));
#10111 = ADVANCED_FACE('',(#10112),#10146,.F.);
#10112 = FACE_BOUND('',#10113,.F.);
#10113 = EDGE_LOOP('',(#10114,#10124,#10132,#10140));
#10114 = ORIENTED_EDGE('',*,*,#10115,.F.);
#10115 = EDGE_CURVE('',#10116,#10118,#10120,.T.);
#10116 = VERTEX_POINT('',#10117);
#10117 = CARTESIAN_POINT('',(-177.,-65.,112.));
#10118 = VERTEX_POINT('',#10119);
#10119 = CARTESIAN_POINT('',(-177.,-65.,156.));
#10120 = LINE('',#10121,#10122);
#10121 = CARTESIAN_POINT('',(-177.,-65.,112.));
#10122 = VECTOR('',#10123,1.);
#10123 = DIRECTION('',(0.,0.,1.));
#10124 = ORIENTED_EDGE('',*,*,#10125,.T.);
#10125 = EDGE_CURVE('',#10116,#10126,#10128,.T.);
#10126 = VERTEX_POINT('',#10127);
#10127 = CARTESIAN_POINT('',(-177.,65.,112.));
#10128 = LINE('',#10129,#10130);
#10129 = CARTESIAN_POINT('',(-177.,-65.,112.));
#10130 = VECTOR('',#10131,1.);
#10131 = DIRECTION('',(0.,1.,0.));
#10132 = ORIENTED_EDGE('',*,*,#10133,.T.);
#10133 = EDGE_CURVE('',#10126,#10134,#10136,.T.);
#10134 = VERTEX_POINT('',#10135);
#10135 = CARTESIAN_POINT('',(-177.,65.,156.));
#10136 = LINE('',#10137,#10138);
#10137 = CARTESIAN_POINT('',(-177.,65.,112.));
#10138 = VECTOR('',#10139,1.);
#10139 = DIRECTION('',(0.,0.,1.));
#10140 = ORIENTED_EDGE('',*,*,#10141,.F.);
#10141 = EDGE_CURVE('',#10118,#10134,#10142,.T.);
#10142 = LINE('',#10143,#10144);
#10143 = CARTESIAN_POINT('',(-177.,-65.,156.));
#10144 = VECTOR('',#10145,1.);
#10145 = DIRECTION('',(0.,1.,0.));
#10146 = PLANE('',#10147);
#10147 = AXIS2_PLACEMENT_3D('',#10148,#10149,#10150);
#10148 = CARTESIAN_POINT('',(-177.,-65.,112.));
#10149 = DIRECTION('',(1.,0.,0.));
#10150 = DIRECTION('',(0.,0.,1.));
#10151 = ADVANCED_FACE('',(#10152),#10186,.T.);
#10152 = FACE_BOUND('',#10153,.T.);
#10153 = EDGE_LOOP('',(#10154,#10164,#10172,#10180));
#10154 = ORIENTED_EDGE('',*,*,#10155,.F.);
#10155 = EDGE_CURVE('',#10156,#10158,#10160,.T.);
#10156 = VERTEX_POINT('',#10157);
#10157 = CARTESIAN_POINT('',(-133.,-65.,112.));
#10158 = VERTEX_POINT('',#10159);
#10159 = CARTESIAN_POINT('',(-133.,-65.,156.));
#10160 = LINE('',#10161,#10162);
#10161 = CARTESIAN_POINT('',(-133.,-65.,112.));
#10162 = VECTOR('',#10163,1.);
#10163 = DIRECTION('',(0.,0.,1.));
#10164 = ORIENTED_EDGE('',*,*,#10165,.T.);
#10165 = EDGE_CURVE('',#10156,#10166,#10168,.T.);
#10166 = VERTEX_POINT('',#10167);
#10167 = CARTESIAN_POINT('',(-133.,65.,112.));
#10168 = LINE('',#10169,#10170);
#10169 = CARTESIAN_POINT('',(-133.,-65.,112.));
#10170 = VECTOR('',#10171,1.);
#10171 = DIRECTION('',(0.,1.,0.));
#10172 = ORIENTED_EDGE('',*,*,#10173,.T.);
#10173 = EDGE_CURVE('',#10166,#10174,#10176,.T.);
#10174 = VERTEX_POINT('',#10175);
#10175 = CARTESIAN_POINT('',(-133.,65.,156.));
#10176 = LINE('',#10177,#10178);
#10177 = CARTESIAN_POINT('',(-133.,65.,112.));
#10178 = VECTOR('',#10179,1.);
#10179 = DIRECTION('',(0.,0.,1.));
#10180 = ORIENTED_EDGE('',*,*,#10181,.F.);
#10181 = EDGE_CURVE('',#10158,#10174,#10182,.T.);
#10182 = LINE('',#10183,#10184);
#10183 = CARTESIAN_POINT('',(-133.,-65.,156.));
#10184 = VECTOR('',#10185,1.);
#10185 = DIRECTION('',(0.,1.,0.));
#10186 = PLANE('',#10187);
#10187 = AXIS2_PLACEMENT_3D('',#10188,#10189,#10190);
#10188 = CARTESIAN_POINT('',(-133.,-65.,112.));
#10189 = DIRECTION('',(1.,0.,0.));
#10190 = DIRECTION('',(0.,0.,1.));
#10191 = ADVANCED_FACE('',(#10192),#10208,.F.);
#10192 = FACE_BOUND('',#10193,.F.);
#10193 = EDGE_LOOP('',(#10194,#10200,#10201,#10207));
#10194 = ORIENTED_EDGE('',*,*,#10195,.F.);
#10195 = EDGE_CURVE('',#10116,#10156,#10196,.T.);
#10196 = LINE('',#10197,#10198);
#10197 = CARTESIAN_POINT('',(-177.,-65.,112.));
#10198 = VECTOR('',#10199,1.);
#10199 = DIRECTION('',(1.,0.,0.));
#10200 = ORIENTED_EDGE('',*,*,#10115,.T.);
#10201 = ORIENTED_EDGE('',*,*,#10202,.T.);
#10202 = EDGE_CURVE('',#10118,#10158,#10203,.T.);
#10203 = LINE('',#10204,#10205);
#10204 = CARTESIAN_POINT('',(-177.,-65.,156.));
#10205 = VECTOR('',#10206,1.);
#10206 = DIRECTION('',(1.,0.,0.));
#10207 = ORIENTED_EDGE('',*,*,#10155,.F.);
#10208 = PLANE('',#10209);
#10209 = AXIS2_PLACEMENT_3D('',#10210,#10211,#10212);
#10210 = CARTESIAN_POINT('',(-177.,-65.,112.));
#10211 = DIRECTION('',(0.,1.,0.));
#10212 = DIRECTION('',(0.,0.,1.));
#10213 = ADVANCED_FACE('',(#10214),#10230,.T.);
#10214 = FACE_BOUND('',#10215,.T.);
#10215 = EDGE_LOOP('',(#10216,#10222,#10223,#10229));
#10216 = ORIENTED_EDGE('',*,*,#10217,.F.);
#10217 = EDGE_CURVE('',#10126,#10166,#10218,.T.);
#10218 = LINE('',#10219,#10220);
#10219 = CARTESIAN_POINT('',(-177.,65.,112.));
#10220 = VECTOR('',#10221,1.);
#10221 = DIRECTION('',(1.,0.,0.));
#10222 = ORIENTED_EDGE('',*,*,#10133,.T.);
#10223 = ORIENTED_EDGE('',*,*,#10224,.T.);
#10224 = EDGE_CURVE('',#10134,#10174,#10225,.T.);
#10225 = LINE('',#10226,#10227);
#10226 = CARTESIAN_POINT('',(-177.,65.,156.));
#10227 = VECTOR('',#10228,1.);
#10228 = DIRECTION('',(1.,0.,0.));
#10229 = ORIENTED_EDGE('',*,*,#10173,.F.);
#10230 = PLANE('',#10231);
#10231 = AXIS2_PLACEMENT_3D('',#10232,#10233,#10234);
#10232 = CARTESIAN_POINT('',(-177.,65.,112.));
#10233 = DIRECTION('',(0.,1.,0.));
#10234 = DIRECTION('',(0.,0.,1.));
#10235 = ADVANCED_FACE('',(#10236),#10242,.F.);
#10236 = FACE_BOUND('',#10237,.F.);
#10237 = EDGE_LOOP('',(#10238,#10239,#10240,#10241));
#10238 = ORIENTED_EDGE('',*,*,#10125,.F.);
#10239 = ORIENTED_EDGE('',*,*,#10195,.T.);
#10240 = ORIENTED_EDGE('',*,*,#10165,.T.);
#10241 = ORIENTED_EDGE('',*,*,#10217,.F.);
#10242 = PLANE('',#10243);
#10243 = AXIS2_PLACEMENT_3D('',#10244,#10245,#10246);
#10244 = CARTESIAN_POINT('',(-177.,-65.,112.));
#10245 = DIRECTION('',(0.,0.,1.));
#10246 = DIRECTION('',(1.,0.,0.));
#10247 = ADVANCED_FACE('',(#10248),#10254,.T.);
#10248 = FACE_BOUND('',#10249,.T.);
#10249 = EDGE_LOOP('',(#10250,#10251,#10252,#10253));
#10250 = ORIENTED_EDGE('',*,*,#10141,.F.);
#10251 = ORIENTED_EDGE('',*,*,#10202,.T.);
#10252 = ORIENTED_EDGE('',*,*,#10181,.T.);
#10253 = ORIENTED_EDGE('',*,*,#10224,.F.);
#10254 = PLANE('',#10255);
#10255 = AXIS2_PLACEMENT_3D('',#10256,#10257,#10258);
#10256 = CARTESIAN_POINT('',(-177.,-65.,156.));
#10257 = DIRECTION('',(0.,0.,1.));
#10258 = DIRECTION('',(1.,0.,0.));
#10259 = MANIFOLD_SOLID_BREP('',#10260);
#10260 = CLOSED_SHELL('',(#10261,#10294,#10314,#10334));
#10261 = ADVANCED_FACE('',(#10262),#10289,.T.);
#10262 = FACE_BOUND('',#10263,.T.);
#10263 = EDGE_LOOP('',(#10264,#10273,#10281,#10288));
#10264 = ORIENTED_EDGE('',*,*,#10265,.F.);
#10265 = EDGE_CURVE('',#10266,#10266,#10268,.T.);
#10266 = VERTEX_POINT('',#10267);
#10267 = CARTESIAN_POINT('',(-180.,33.,92.5));
#10268 = CIRCLE('',#10269,8.);
#10269 = AXIS2_PLACEMENT_3D('',#10270,#10271,#10272);
#10270 = CARTESIAN_POINT('',(-180.,33.,84.5));
#10271 = DIRECTION('',(0.,1.,0.));
#10272 = DIRECTION('',(0.,0.,1.));
#10273 = ORIENTED_EDGE('',*,*,#10274,.F.);
#10274 = EDGE_CURVE('',#10275,#10266,#10277,.T.);
#10275 = VERTEX_POINT('',#10276);
#10276 = CARTESIAN_POINT('',(-180.,17.,92.5));
#10277 = LINE('',#10278,#10279);
#10278 = CARTESIAN_POINT('',(-180.,17.,92.5));
#10279 = VECTOR('',#10280,1.);
#10280 = DIRECTION('',(0.,1.,0.));
#10281 = ORIENTED_EDGE('',*,*,#10282,.T.);
#10282 = EDGE_CURVE('',#10275,#10275,#10283,.T.);
#10283 = CIRCLE('',#10284,8.);
#10284 = AXIS2_PLACEMENT_3D('',#10285,#10286,#10287);
#10285 = CARTESIAN_POINT('',(-180.,17.,84.5));
#10286 = DIRECTION('',(0.,1.,0.));
#10287 = DIRECTION('',(0.,0.,1.));
#10288 = ORIENTED_EDGE('',*,*,#10274,.T.);
#10289 = CYLINDRICAL_SURFACE('',#10290,8.);
#10290 = AXIS2_PLACEMENT_3D('',#10291,#10292,#10293);
#10291 = CARTESIAN_POINT('',(-180.,17.,84.5));
#10292 = DIRECTION('',(0.,1.,0.));
#10293 = DIRECTION('',(0.,0.,1.));
#10294 = ADVANCED_FACE('',(#10295,#10298),#10309,.T.);
#10295 = FACE_BOUND('',#10296,.T.);
#10296 = EDGE_LOOP('',(#10297));
#10297 = ORIENTED_EDGE('',*,*,#10265,.T.);
#10298 = FACE_BOUND('',#10299,.T.);
#10299 = EDGE_LOOP('',(#10300));
#10300 = ORIENTED_EDGE('',*,*,#10301,.F.);
#10301 = EDGE_CURVE('',#10302,#10302,#10304,.T.);
#10302 = VERTEX_POINT('',#10303);
#10303 = CARTESIAN_POINT('',(-180.,33.,88.5));
#10304 = CIRCLE('',#10305,4.);
#10305 = AXIS2_PLACEMENT_3D('',#10306,#10307,#10308);
#10306 = CARTESIAN_POINT('',(-180.,33.,84.5));
#10307 = DIRECTION('',(0.,1.,0.));
#10308 = DIRECTION('',(0.,0.,1.));
#10309 = PLANE('',#10310);
#10310 = AXIS2_PLACEMENT_3D('',#10311,#10312,#10313);
#10311 = CARTESIAN_POINT('',(-180.,33.,84.5));
#10312 = DIRECTION('',(0.,1.,0.));
#10313 = DIRECTION('',(0.,0.,1.));
#10314 = ADVANCED_FACE('',(#10315,#10318),#10329,.F.);
#10315 = FACE_BOUND('',#10316,.F.);
#10316 = EDGE_LOOP('',(#10317));
#10317 = ORIENTED_EDGE('',*,*,#10282,.T.);
#10318 = FACE_BOUND('',#10319,.F.);
#10319 = EDGE_LOOP('',(#10320));
#10320 = ORIENTED_EDGE('',*,*,#10321,.F.);
#10321 = EDGE_CURVE('',#10322,#10322,#10324,.T.);
#10322 = VERTEX_POINT('',#10323);
#10323 = CARTESIAN_POINT('',(-180.,17.,88.5));
#10324 = CIRCLE('',#10325,4.);
#10325 = AXIS2_PLACEMENT_3D('',#10326,#10327,#10328);
#10326 = CARTESIAN_POINT('',(-180.,17.,84.5));
#10327 = DIRECTION('',(0.,1.,0.));
#10328 = DIRECTION('',(0.,0.,1.));
#10329 = PLANE('',#10330);
#10330 = AXIS2_PLACEMENT_3D('',#10331,#10332,#10333);
#10331 = CARTESIAN_POINT('',(-180.,17.,84.5));
#10332 = DIRECTION('',(0.,1.,0.));
#10333 = DIRECTION('',(0.,0.,1.));
#10334 = ADVANCED_FACE('',(#10335),#10346,.F.);
#10335 = FACE_BOUND('',#10336,.F.);
#10336 = EDGE_LOOP('',(#10337,#10338,#10344,#10345));
#10337 = ORIENTED_EDGE('',*,*,#10301,.F.);
#10338 = ORIENTED_EDGE('',*,*,#10339,.F.);
#10339 = EDGE_CURVE('',#10322,#10302,#10340,.T.);
#10340 = LINE('',#10341,#10342);
#10341 = CARTESIAN_POINT('',(-180.,17.,88.5));
#10342 = VECTOR('',#10343,1.);
#10343 = DIRECTION('',(0.,1.,0.));
#10344 = ORIENTED_EDGE('',*,*,#10321,.T.);
#10345 = ORIENTED_EDGE('',*,*,#10339,.T.);
#10346 = CYLINDRICAL_SURFACE('',#10347,4.);
#10347 = AXIS2_PLACEMENT_3D('',#10348,#10349,#10350);
#10348 = CARTESIAN_POINT('',(-180.,17.,84.5));
#10349 = DIRECTION('',(0.,1.,0.));
#10350 = DIRECTION('',(0.,0.,1.));
#10351 = MANIFOLD_SOLID_BREP('',#10352);
#10352 = CLOSED_SHELL('',(#10353,#10386,#10395));
#10353 = ADVANCED_FACE('',(#10354),#10381,.T.);
#10354 = FACE_BOUND('',#10355,.T.);
#10355 = EDGE_LOOP('',(#10356,#10365,#10373,#10380));
#10356 = ORIENTED_EDGE('',*,*,#10357,.F.);
#10357 = EDGE_CURVE('',#10358,#10358,#10360,.T.);
#10358 = VERTEX_POINT('',#10359);
#10359 = CARTESIAN_POINT('',(-180.,165.,87.5));
#10360 = CIRCLE('',#10361,3.);
#10361 = AXIS2_PLACEMENT_3D('',#10362,#10363,#10364);
#10362 = CARTESIAN_POINT('',(-180.,165.,84.5));
#10363 = DIRECTION('',(0.,1.,0.));
#10364 = DIRECTION('',(0.,0.,1.));
#10365 = ORIENTED_EDGE('',*,*,#10366,.F.);
#10366 = EDGE_CURVE('',#10367,#10358,#10369,.T.);
#10367 = VERTEX_POINT('',#10368);
#10368 = CARTESIAN_POINT('',(-180.,25.,87.5));
#10369 = LINE('',#10370,#10371);
#10370 = CARTESIAN_POINT('',(-180.,25.,87.5));
#10371 = VECTOR('',#10372,1.);
#10372 = DIRECTION('',(0.,1.,0.));
#10373 = ORIENTED_EDGE('',*,*,#10374,.T.);
#10374 = EDGE_CURVE('',#10367,#10367,#10375,.T.);
#10375 = CIRCLE('',#10376,3.);
#10376 = AXIS2_PLACEMENT_3D('',#10377,#10378,#10379);
#10377 = CARTESIAN_POINT('',(-180.,25.,84.5));
#10378 = DIRECTION('',(0.,1.,0.));
#10379 = DIRECTION('',(0.,0.,1.));
#10380 = ORIENTED_EDGE('',*,*,#10366,.T.);
#10381 = CYLINDRICAL_SURFACE('',#10382,3.);
#10382 = AXIS2_PLACEMENT_3D('',#10383,#10384,#10385);
#10383 = CARTESIAN_POINT('',(-180.,25.,84.5));
#10384 = DIRECTION('',(0.,1.,0.));
#10385 = DIRECTION('',(0.,0.,1.));
#10386 = ADVANCED_FACE('',(#10387),#10390,.T.);
#10387 = FACE_BOUND('',#10388,.T.);
#10388 = EDGE_LOOP('',(#10389));
#10389 = ORIENTED_EDGE('',*,*,#10357,.T.);
#10390 = PLANE('',#10391);
#10391 = AXIS2_PLACEMENT_3D('',#10392,#10393,#10394);
#10392 = CARTESIAN_POINT('',(-180.,165.,84.5));
#10393 = DIRECTION('',(0.,1.,0.));
#10394 = DIRECTION('',(0.,0.,1.));
#10395 = ADVANCED_FACE('',(#10396),#10399,.F.);
#10396 = FACE_BOUND('',#10397,.T.);
#10397 = EDGE_LOOP('',(#10398));
#10398 = ORIENTED_EDGE('',*,*,#10374,.F.);
#10399 = PLANE('',#10400);
#10400 = AXIS2_PLACEMENT_3D('',#10401,#10402,#10403);
#10401 = CARTESIAN_POINT('',(-180.,25.,84.5));
#10402 = DIRECTION('',(0.,1.,0.));
#10403 = DIRECTION('',(0.,0.,1.));
#10404 = MANIFOLD_SOLID_BREP('',#10405);
#10405 = CLOSED_SHELL('',(#10406,#10439,#10459,#10468,#10493,#10513,
    #10538));
#10406 = ADVANCED_FACE('',(#10407),#10434,.T.);
#10407 = FACE_BOUND('',#10408,.T.);
#10408 = EDGE_LOOP('',(#10409,#10419,#10426,#10427));
#10409 = ORIENTED_EDGE('',*,*,#10410,.T.);
#10410 = EDGE_CURVE('',#10411,#10413,#10415,.T.);
#10411 = VERTEX_POINT('',#10412);
#10412 = CARTESIAN_POINT('',(-180.,163.,88.5));
#10413 = VERTEX_POINT('',#10414);
#10414 = CARTESIAN_POINT('',(-180.,195.,88.5));
#10415 = LINE('',#10416,#10417);
#10416 = CARTESIAN_POINT('',(-180.,150.,88.5));
#10417 = VECTOR('',#10418,1.);
#10418 = DIRECTION('',(0.,1.,0.));
#10419 = ORIENTED_EDGE('',*,*,#10420,.F.);
#10420 = EDGE_CURVE('',#10413,#10413,#10421,.T.);
#10421 = CIRCLE('',#10422,4.);
#10422 = AXIS2_PLACEMENT_3D('',#10423,#10424,#10425);
#10423 = CARTESIAN_POINT('',(-180.,195.,84.5));
#10424 = DIRECTION('',(0.,1.,0.));
#10425 = DIRECTION('',(0.,0.,1.));
#10426 = ORIENTED_EDGE('',*,*,#10410,.F.);
#10427 = ORIENTED_EDGE('',*,*,#10428,.T.);
#10428 = EDGE_CURVE('',#10411,#10411,#10429,.T.);
#10429 = CIRCLE('',#10430,4.);
#10430 = AXIS2_PLACEMENT_3D('',#10431,#10432,#10433);
#10431 = CARTESIAN_POINT('',(-180.,163.,84.5));
#10432 = DIRECTION('',(0.,1.,0.));
#10433 = DIRECTION('',(0.,0.,1.));
#10434 = CYLINDRICAL_SURFACE('',#10435,4.);
#10435 = AXIS2_PLACEMENT_3D('',#10436,#10437,#10438);
#10436 = CARTESIAN_POINT('',(-180.,150.,84.5));
#10437 = DIRECTION('',(0.,1.,0.));
#10438 = DIRECTION('',(0.,0.,1.));
#10439 = ADVANCED_FACE('',(#10440,#10451),#10454,.T.);
#10440 = FACE_BOUND('',#10441,.T.);
#10441 = EDGE_LOOP('',(#10442));
#10442 = ORIENTED_EDGE('',*,*,#10443,.T.);
#10443 = EDGE_CURVE('',#10444,#10444,#10446,.T.);
#10444 = VERTEX_POINT('',#10445);
#10445 = CARTESIAN_POINT('',(-180.,163.,92.));
#10446 = CIRCLE('',#10447,7.5);
#10447 = AXIS2_PLACEMENT_3D('',#10448,#10449,#10450);
#10448 = CARTESIAN_POINT('',(-180.,163.,84.5));
#10449 = DIRECTION('',(0.,1.,0.));
#10450 = DIRECTION('',(0.,0.,1.));
#10451 = FACE_BOUND('',#10452,.T.);
#10452 = EDGE_LOOP('',(#10453));
#10453 = ORIENTED_EDGE('',*,*,#10428,.F.);
#10454 = PLANE('',#10455);
#10455 = AXIS2_PLACEMENT_3D('',#10456,#10457,#10458);
#10456 = CARTESIAN_POINT('',(-180.,163.,84.5));
#10457 = DIRECTION('',(0.,1.,0.));
#10458 = DIRECTION('',(0.,0.,1.));
#10459 = ADVANCED_FACE('',(#10460),#10463,.T.);
#10460 = FACE_BOUND('',#10461,.T.);
#10461 = EDGE_LOOP('',(#10462));
#10462 = ORIENTED_EDGE('',*,*,#10420,.T.);
#10463 = PLANE('',#10464);
#10464 = AXIS2_PLACEMENT_3D('',#10465,#10466,#10467);
#10465 = CARTESIAN_POINT('',(-180.,195.,84.5));
#10466 = DIRECTION('',(0.,1.,0.));
#10467 = DIRECTION('',(0.,0.,1.));
#10468 = ADVANCED_FACE('',(#10469),#10488,.T.);
#10469 = FACE_BOUND('',#10470,.T.);
#10470 = EDGE_LOOP('',(#10471,#10472,#10480,#10487));
#10471 = ORIENTED_EDGE('',*,*,#10443,.F.);
#10472 = ORIENTED_EDGE('',*,*,#10473,.F.);
#10473 = EDGE_CURVE('',#10474,#10444,#10476,.T.);
#10474 = VERTEX_POINT('',#10475);
#10475 = CARTESIAN_POINT('',(-180.,154.,92.));
#10476 = LINE('',#10477,#10478);
#10477 = CARTESIAN_POINT('',(-180.,154.,92.));
#10478 = VECTOR('',#10479,1.);
#10479 = DIRECTION('',(0.,1.,0.));
#10480 = ORIENTED_EDGE('',*,*,#10481,.T.);
#10481 = EDGE_CURVE('',#10474,#10474,#10482,.T.);
#10482 = CIRCLE('',#10483,7.5);
#10483 = AXIS2_PLACEMENT_3D('',#10484,#10485,#10486);
#10484 = CARTESIAN_POINT('',(-180.,154.,84.5));
#10485 = DIRECTION('',(0.,1.,0.));
#10486 = DIRECTION('',(0.,0.,1.));
#10487 = ORIENTED_EDGE('',*,*,#10473,.T.);
#10488 = CYLINDRICAL_SURFACE('',#10489,7.5);
#10489 = AXIS2_PLACEMENT_3D('',#10490,#10491,#10492);
#10490 = CARTESIAN_POINT('',(-180.,154.,84.5));
#10491 = DIRECTION('',(0.,1.,0.));
#10492 = DIRECTION('',(0.,0.,1.));
#10493 = ADVANCED_FACE('',(#10494,#10497),#10508,.F.);
#10494 = FACE_BOUND('',#10495,.F.);
#10495 = EDGE_LOOP('',(#10496));
#10496 = ORIENTED_EDGE('',*,*,#10481,.T.);
#10497 = FACE_BOUND('',#10498,.F.);
#10498 = EDGE_LOOP('',(#10499));
#10499 = ORIENTED_EDGE('',*,*,#10500,.F.);
#10500 = EDGE_CURVE('',#10501,#10501,#10503,.T.);
#10501 = VERTEX_POINT('',#10502);
#10502 = CARTESIAN_POINT('',(-180.,154.,88.5));
#10503 = CIRCLE('',#10504,4.);
#10504 = AXIS2_PLACEMENT_3D('',#10505,#10506,#10507);
#10505 = CARTESIAN_POINT('',(-180.,154.,84.5));
#10506 = DIRECTION('',(0.,1.,0.));
#10507 = DIRECTION('',(0.,0.,1.));
#10508 = PLANE('',#10509);
#10509 = AXIS2_PLACEMENT_3D('',#10510,#10511,#10512);
#10510 = CARTESIAN_POINT('',(-180.,154.,84.5));
#10511 = DIRECTION('',(0.,1.,0.));
#10512 = DIRECTION('',(0.,0.,1.));
#10513 = ADVANCED_FACE('',(#10514),#10533,.T.);
#10514 = FACE_BOUND('',#10515,.T.);
#10515 = EDGE_LOOP('',(#10516,#10517,#10525,#10532));
#10516 = ORIENTED_EDGE('',*,*,#10500,.F.);
#10517 = ORIENTED_EDGE('',*,*,#10518,.F.);
#10518 = EDGE_CURVE('',#10519,#10501,#10521,.T.);
#10519 = VERTEX_POINT('',#10520);
#10520 = CARTESIAN_POINT('',(-180.,150.,88.5));
#10521 = LINE('',#10522,#10523);
#10522 = CARTESIAN_POINT('',(-180.,150.,88.5));
#10523 = VECTOR('',#10524,1.);
#10524 = DIRECTION('',(0.,1.,0.));
#10525 = ORIENTED_EDGE('',*,*,#10526,.T.);
#10526 = EDGE_CURVE('',#10519,#10519,#10527,.T.);
#10527 = CIRCLE('',#10528,4.);
#10528 = AXIS2_PLACEMENT_3D('',#10529,#10530,#10531);
#10529 = CARTESIAN_POINT('',(-180.,150.,84.5));
#10530 = DIRECTION('',(0.,1.,0.));
#10531 = DIRECTION('',(0.,0.,1.));
#10532 = ORIENTED_EDGE('',*,*,#10518,.T.);
#10533 = CYLINDRICAL_SURFACE('',#10534,4.);
#10534 = AXIS2_PLACEMENT_3D('',#10535,#10536,#10537);
#10535 = CARTESIAN_POINT('',(-180.,150.,84.5));
#10536 = DIRECTION('',(0.,1.,0.));
#10537 = DIRECTION('',(0.,0.,1.));
#10538 = ADVANCED_FACE('',(#10539),#10542,.F.);
#10539 = FACE_BOUND('',#10540,.T.);
#10540 = EDGE_LOOP('',(#10541));
#10541 = ORIENTED_EDGE('',*,*,#10526,.F.);
#10542 = PLANE('',#10543);
#10543 = AXIS2_PLACEMENT_3D('',#10544,#10545,#10546);
#10544 = CARTESIAN_POINT('',(-180.,150.,84.5));
#10545 = DIRECTION('',(0.,1.,0.));
#10546 = DIRECTION('',(0.,0.,1.));
#10547 = MANIFOLD_SOLID_BREP('',#10548);
#10548 = CLOSED_SHELL('',(#10549,#10582,#10602,#10622));
#10549 = ADVANCED_FACE('',(#10550),#10577,.T.);
#10550 = FACE_BOUND('',#10551,.T.);
#10551 = EDGE_LOOP('',(#10552,#10561,#10569,#10576));
#10552 = ORIENTED_EDGE('',*,*,#10553,.F.);
#10553 = EDGE_CURVE('',#10554,#10554,#10556,.T.);
#10554 = VERTEX_POINT('',#10555);
#10555 = CARTESIAN_POINT('',(-180.,230.5,169.));
#10556 = CIRCLE('',#10557,84.5);
#10557 = AXIS2_PLACEMENT_3D('',#10558,#10559,#10560);
#10558 = CARTESIAN_POINT('',(-180.,230.5,84.5));
#10559 = DIRECTION('',(0.,1.,0.));
#10560 = DIRECTION('',(0.,0.,1.));
#10561 = ORIENTED_EDGE('',*,*,#10562,.F.);
#10562 = EDGE_CURVE('',#10563,#10554,#10565,.T.);
#10563 = VERTEX_POINT('',#10564);
#10564 = CARTESIAN_POINT('',(-180.,149.,169.));
#10565 = LINE('',#10566,#10567);
#10566 = CARTESIAN_POINT('',(-180.,149.,169.));
#10567 = VECTOR('',#10568,1.);
#10568 = DIRECTION('',(0.,1.,0.));
#10569 = ORIENTED_EDGE('',*,*,#10570,.T.);
#10570 = EDGE_CURVE('',#10563,#10563,#10571,.T.);
#10571 = CIRCLE('',#10572,84.5);
#10572 = AXIS2_PLACEMENT_3D('',#10573,#10574,#10575);
#10573 = CARTESIAN_POINT('',(-180.,149.,84.5));
#10574 = DIRECTION('',(0.,1.,0.));
#10575 = DIRECTION('',(0.,0.,1.));
#10576 = ORIENTED_EDGE('',*,*,#10562,.T.);
#10577 = CYLINDRICAL_SURFACE('',#10578,84.5);
#10578 = AXIS2_PLACEMENT_3D('',#10579,#10580,#10581);
#10579 = CARTESIAN_POINT('',(-180.,149.,84.5));
#10580 = DIRECTION('',(0.,1.,0.));
#10581 = DIRECTION('',(0.,0.,1.));
#10582 = ADVANCED_FACE('',(#10583,#10586),#10597,.T.);
#10583 = FACE_BOUND('',#10584,.T.);
#10584 = EDGE_LOOP('',(#10585));
#10585 = ORIENTED_EDGE('',*,*,#10553,.T.);
#10586 = FACE_BOUND('',#10587,.T.);
#10587 = EDGE_LOOP('',(#10588));
#10588 = ORIENTED_EDGE('',*,*,#10589,.F.);
#10589 = EDGE_CURVE('',#10590,#10590,#10592,.T.);
#10590 = VERTEX_POINT('',#10591);
#10591 = CARTESIAN_POINT('',(-180.,230.5,133.));
#10592 = CIRCLE('',#10593,48.5);
#10593 = AXIS2_PLACEMENT_3D('',#10594,#10595,#10596);
#10594 = CARTESIAN_POINT('',(-180.,230.5,84.5));
#10595 = DIRECTION('',(0.,1.,0.));
#10596 = DIRECTION('',(0.,0.,1.));
#10597 = PLANE('',#10598);
#10598 = AXIS2_PLACEMENT_3D('',#10599,#10600,#10601);
#10599 = CARTESIAN_POINT('',(-180.,230.5,84.5));
#10600 = DIRECTION('',(0.,1.,0.));
#10601 = DIRECTION('',(0.,0.,1.));
#10602 = ADVANCED_FACE('',(#10603,#10606),#10617,.F.);
#10603 = FACE_BOUND('',#10604,.F.);
#10604 = EDGE_LOOP('',(#10605));
#10605 = ORIENTED_EDGE('',*,*,#10570,.T.);
#10606 = FACE_BOUND('',#10607,.F.);
#10607 = EDGE_LOOP('',(#10608));
#10608 = ORIENTED_EDGE('',*,*,#10609,.F.);
#10609 = EDGE_CURVE('',#10610,#10610,#10612,.T.);
#10610 = VERTEX_POINT('',#10611);
#10611 = CARTESIAN_POINT('',(-180.,149.,133.));
#10612 = CIRCLE('',#10613,48.5);
#10613 = AXIS2_PLACEMENT_3D('',#10614,#10615,#10616);
#10614 = CARTESIAN_POINT('',(-180.,149.,84.5));
#10615 = DIRECTION('',(0.,1.,0.));
#10616 = DIRECTION('',(0.,0.,1.));
#10617 = PLANE('',#10618);
#10618 = AXIS2_PLACEMENT_3D('',#10619,#10620,#10621);
#10619 = CARTESIAN_POINT('',(-180.,149.,84.5));
#10620 = DIRECTION('',(0.,1.,0.));
#10621 = DIRECTION('',(0.,0.,1.));
#10622 = ADVANCED_FACE('',(#10623),#10634,.F.);
#10623 = FACE_BOUND('',#10624,.F.);
#10624 = EDGE_LOOP('',(#10625,#10626,#10632,#10633));
#10625 = ORIENTED_EDGE('',*,*,#10589,.F.);
#10626 = ORIENTED_EDGE('',*,*,#10627,.F.);
#10627 = EDGE_CURVE('',#10610,#10590,#10628,.T.);
#10628 = LINE('',#10629,#10630);
#10629 = CARTESIAN_POINT('',(-180.,149.,133.));
#10630 = VECTOR('',#10631,1.);
#10631 = DIRECTION('',(0.,1.,0.));
#10632 = ORIENTED_EDGE('',*,*,#10609,.T.);
#10633 = ORIENTED_EDGE('',*,*,#10627,.T.);
#10634 = CYLINDRICAL_SURFACE('',#10635,48.5);
#10635 = AXIS2_PLACEMENT_3D('',#10636,#10637,#10638);
#10636 = CARTESIAN_POINT('',(-180.,149.,84.5));
#10637 = DIRECTION('',(0.,1.,0.));
#10638 = DIRECTION('',(0.,0.,1.));
#10639 = MANIFOLD_SOLID_BREP('',#10640);
#10640 = CLOSED_SHELL('',(#10641,#10674,#10694,#10714));
#10641 = ADVANCED_FACE('',(#10642),#10669,.T.);
#10642 = FACE_BOUND('',#10643,.T.);
#10643 = EDGE_LOOP('',(#10644,#10653,#10661,#10668));
#10644 = ORIENTED_EDGE('',*,*,#10645,.F.);
#10645 = EDGE_CURVE('',#10646,#10646,#10648,.T.);
#10646 = VERTEX_POINT('',#10647);
#10647 = CARTESIAN_POINT('',(-180.,202.25,133.));
#10648 = CIRCLE('',#10649,48.5);
#10649 = AXIS2_PLACEMENT_3D('',#10650,#10651,#10652);
#10650 = CARTESIAN_POINT('',(-180.,202.25,84.5));
#10651 = DIRECTION('',(0.,1.,0.));
#10652 = DIRECTION('',(0.,0.,1.));
#10653 = ORIENTED_EDGE('',*,*,#10654,.F.);
#10654 = EDGE_CURVE('',#10655,#10646,#10657,.T.);
#10655 = VERTEX_POINT('',#10656);
#10656 = CARTESIAN_POINT('',(-180.,177.25,133.));
#10657 = LINE('',#10658,#10659);
#10658 = CARTESIAN_POINT('',(-180.,177.25,133.));
#10659 = VECTOR('',#10660,1.);
#10660 = DIRECTION('',(0.,1.,0.));
#10661 = ORIENTED_EDGE('',*,*,#10662,.T.);
#10662 = EDGE_CURVE('',#10655,#10655,#10663,.T.);
#10663 = CIRCLE('',#10664,48.5);
#10664 = AXIS2_PLACEMENT_3D('',#10665,#10666,#10667);
#10665 = CARTESIAN_POINT('',(-180.,177.25,84.5));
#10666 = DIRECTION('',(0.,1.,0.));
#10667 = DIRECTION('',(0.,0.,1.));
#10668 = ORIENTED_EDGE('',*,*,#10654,.T.);
#10669 = CYLINDRICAL_SURFACE('',#10670,48.5);
#10670 = AXIS2_PLACEMENT_3D('',#10671,#10672,#10673);
#10671 = CARTESIAN_POINT('',(-180.,177.25,84.5));
#10672 = DIRECTION('',(0.,1.,0.));
#10673 = DIRECTION('',(0.,0.,1.));
#10674 = ADVANCED_FACE('',(#10675,#10678),#10689,.T.);
#10675 = FACE_BOUND('',#10676,.T.);
#10676 = EDGE_LOOP('',(#10677));
#10677 = ORIENTED_EDGE('',*,*,#10645,.T.);
#10678 = FACE_BOUND('',#10679,.T.);
#10679 = EDGE_LOOP('',(#10680));
#10680 = ORIENTED_EDGE('',*,*,#10681,.F.);
#10681 = EDGE_CURVE('',#10682,#10682,#10684,.T.);
#10682 = VERTEX_POINT('',#10683);
#10683 = CARTESIAN_POINT('',(-180.,202.25,93.));
#10684 = CIRCLE('',#10685,8.5);
#10685 = AXIS2_PLACEMENT_3D('',#10686,#10687,#10688);
#10686 = CARTESIAN_POINT('',(-180.,202.25,84.5));
#10687 = DIRECTION('',(0.,1.,0.));
#10688 = DIRECTION('',(0.,0.,1.));
#10689 = PLANE('',#10690);
#10690 = AXIS2_PLACEMENT_3D('',#10691,#10692,#10693);
#10691 = CARTESIAN_POINT('',(-180.,202.25,84.5));
#10692 = DIRECTION('',(0.,1.,0.));
#10693 = DIRECTION('',(0.,0.,1.));
#10694 = ADVANCED_FACE('',(#10695,#10698),#10709,.F.);
#10695 = FACE_BOUND('',#10696,.F.);
#10696 = EDGE_LOOP('',(#10697));
#10697 = ORIENTED_EDGE('',*,*,#10662,.T.);
#10698 = FACE_BOUND('',#10699,.F.);
#10699 = EDGE_LOOP('',(#10700));
#10700 = ORIENTED_EDGE('',*,*,#10701,.F.);
#10701 = EDGE_CURVE('',#10702,#10702,#10704,.T.);
#10702 = VERTEX_POINT('',#10703);
#10703 = CARTESIAN_POINT('',(-180.,177.25,93.));
#10704 = CIRCLE('',#10705,8.5);
#10705 = AXIS2_PLACEMENT_3D('',#10706,#10707,#10708);
#10706 = CARTESIAN_POINT('',(-180.,177.25,84.5));
#10707 = DIRECTION('',(0.,1.,0.));
#10708 = DIRECTION('',(0.,0.,1.));
#10709 = PLANE('',#10710);
#10710 = AXIS2_PLACEMENT_3D('',#10711,#10712,#10713);
#10711 = CARTESIAN_POINT('',(-180.,177.25,84.5));
#10712 = DIRECTION('',(0.,1.,0.));
#10713 = DIRECTION('',(0.,0.,1.));
#10714 = ADVANCED_FACE('',(#10715),#10726,.F.);
#10715 = FACE_BOUND('',#10716,.F.);
#10716 = EDGE_LOOP('',(#10717,#10718,#10724,#10725));
#10717 = ORIENTED_EDGE('',*,*,#10681,.F.);
#10718 = ORIENTED_EDGE('',*,*,#10719,.F.);
#10719 = EDGE_CURVE('',#10702,#10682,#10720,.T.);
#10720 = LINE('',#10721,#10722);
#10721 = CARTESIAN_POINT('',(-180.,177.25,93.));
#10722 = VECTOR('',#10723,1.);
#10723 = DIRECTION('',(0.,1.,0.));
#10724 = ORIENTED_EDGE('',*,*,#10701,.T.);
#10725 = ORIENTED_EDGE('',*,*,#10719,.T.);
#10726 = CYLINDRICAL_SURFACE('',#10727,8.5);
#10727 = AXIS2_PLACEMENT_3D('',#10728,#10729,#10730);
#10728 = CARTESIAN_POINT('',(-180.,177.25,84.5));
#10729 = DIRECTION('',(0.,1.,0.));
#10730 = DIRECTION('',(0.,0.,1.));
#10731 = MANIFOLD_SOLID_BREP('',#10732);
#10732 = CLOSED_SHELL('',(#10733,#10773,#10813,#10835,#10857,#10869));
#10733 = ADVANCED_FACE('',(#10734),#10768,.F.);
#10734 = FACE_BOUND('',#10735,.F.);
#10735 = EDGE_LOOP('',(#10736,#10746,#10754,#10762));
#10736 = ORIENTED_EDGE('',*,*,#10737,.F.);
#10737 = EDGE_CURVE('',#10738,#10740,#10742,.T.);
#10738 = VERTEX_POINT('',#10739);
#10739 = CARTESIAN_POINT('',(55.,-110.,115.));
#10740 = VERTEX_POINT('',#10741);
#10741 = CARTESIAN_POINT('',(55.,-110.,160.));
#10742 = LINE('',#10743,#10744);
#10743 = CARTESIAN_POINT('',(55.,-110.,115.));
#10744 = VECTOR('',#10745,1.);
#10745 = DIRECTION('',(0.,0.,1.));
#10746 = ORIENTED_EDGE('',*,*,#10747,.T.);
#10747 = EDGE_CURVE('',#10738,#10748,#10750,.T.);
#10748 = VERTEX_POINT('',#10749);
#10749 = CARTESIAN_POINT('',(55.,-70.,115.));
#10750 = LINE('',#10751,#10752);
#10751 = CARTESIAN_POINT('',(55.,-110.,115.));
#10752 = VECTOR('',#10753,1.);
#10753 = DIRECTION('',(0.,1.,0.));
#10754 = ORIENTED_EDGE('',*,*,#10755,.T.);
#10755 = EDGE_CURVE('',#10748,#10756,#10758,.T.);
#10756 = VERTEX_POINT('',#10757);
#10757 = CARTESIAN_POINT('',(55.,-70.,160.));
#10758 = LINE('',#10759,#10760);
#10759 = CARTESIAN_POINT('',(55.,-70.,115.));
#10760 = VECTOR('',#10761,1.);
#10761 = DIRECTION('',(0.,0.,1.));
#10762 = ORIENTED_EDGE('',*,*,#10763,.F.);
#10763 = EDGE_CURVE('',#10740,#10756,#10764,.T.);
#10764 = LINE('',#10765,#10766);
#10765 = CARTESIAN_POINT('',(55.,-110.,160.));
#10766 = VECTOR('',#10767,1.);
#10767 = DIRECTION('',(0.,1.,0.));
#10768 = PLANE('',#10769);
#10769 = AXIS2_PLACEMENT_3D('',#10770,#10771,#10772);
#10770 = CARTESIAN_POINT('',(55.,-110.,115.));
#10771 = DIRECTION('',(1.,0.,0.));
#10772 = DIRECTION('',(0.,0.,1.));
#10773 = ADVANCED_FACE('',(#10774),#10808,.T.);
#10774 = FACE_BOUND('',#10775,.T.);
#10775 = EDGE_LOOP('',(#10776,#10786,#10794,#10802));
#10776 = ORIENTED_EDGE('',*,*,#10777,.F.);
#10777 = EDGE_CURVE('',#10778,#10780,#10782,.T.);
#10778 = VERTEX_POINT('',#10779);
#10779 = CARTESIAN_POINT('',(100.,-110.,115.));
#10780 = VERTEX_POINT('',#10781);
#10781 = CARTESIAN_POINT('',(100.,-110.,160.));
#10782 = LINE('',#10783,#10784);
#10783 = CARTESIAN_POINT('',(100.,-110.,115.));
#10784 = VECTOR('',#10785,1.);
#10785 = DIRECTION('',(0.,0.,1.));
#10786 = ORIENTED_EDGE('',*,*,#10787,.T.);
#10787 = EDGE_CURVE('',#10778,#10788,#10790,.T.);
#10788 = VERTEX_POINT('',#10789);
#10789 = CARTESIAN_POINT('',(100.,-70.,115.));
#10790 = LINE('',#10791,#10792);
#10791 = CARTESIAN_POINT('',(100.,-110.,115.));
#10792 = VECTOR('',#10793,1.);
#10793 = DIRECTION('',(0.,1.,0.));
#10794 = ORIENTED_EDGE('',*,*,#10795,.T.);
#10795 = EDGE_CURVE('',#10788,#10796,#10798,.T.);
#10796 = VERTEX_POINT('',#10797);
#10797 = CARTESIAN_POINT('',(100.,-70.,160.));
#10798 = LINE('',#10799,#10800);
#10799 = CARTESIAN_POINT('',(100.,-70.,115.));
#10800 = VECTOR('',#10801,1.);
#10801 = DIRECTION('',(0.,0.,1.));
#10802 = ORIENTED_EDGE('',*,*,#10803,.F.);
#10803 = EDGE_CURVE('',#10780,#10796,#10804,.T.);
#10804 = LINE('',#10805,#10806);
#10805 = CARTESIAN_POINT('',(100.,-110.,160.));
#10806 = VECTOR('',#10807,1.);
#10807 = DIRECTION('',(0.,1.,0.));
#10808 = PLANE('',#10809);
#10809 = AXIS2_PLACEMENT_3D('',#10810,#10811,#10812);
#10810 = CARTESIAN_POINT('',(100.,-110.,115.));
#10811 = DIRECTION('',(1.,0.,0.));
#10812 = DIRECTION('',(0.,0.,1.));
#10813 = ADVANCED_FACE('',(#10814),#10830,.F.);
#10814 = FACE_BOUND('',#10815,.F.);
#10815 = EDGE_LOOP('',(#10816,#10822,#10823,#10829));
#10816 = ORIENTED_EDGE('',*,*,#10817,.F.);
#10817 = EDGE_CURVE('',#10738,#10778,#10818,.T.);
#10818 = LINE('',#10819,#10820);
#10819 = CARTESIAN_POINT('',(55.,-110.,115.));
#10820 = VECTOR('',#10821,1.);
#10821 = DIRECTION('',(1.,0.,0.));
#10822 = ORIENTED_EDGE('',*,*,#10737,.T.);
#10823 = ORIENTED_EDGE('',*,*,#10824,.T.);
#10824 = EDGE_CURVE('',#10740,#10780,#10825,.T.);
#10825 = LINE('',#10826,#10827);
#10826 = CARTESIAN_POINT('',(55.,-110.,160.));
#10827 = VECTOR('',#10828,1.);
#10828 = DIRECTION('',(1.,0.,0.));
#10829 = ORIENTED_EDGE('',*,*,#10777,.F.);
#10830 = PLANE('',#10831);
#10831 = AXIS2_PLACEMENT_3D('',#10832,#10833,#10834);
#10832 = CARTESIAN_POINT('',(55.,-110.,115.));
#10833 = DIRECTION('',(0.,1.,0.));
#10834 = DIRECTION('',(0.,0.,1.));
#10835 = ADVANCED_FACE('',(#10836),#10852,.T.);
#10836 = FACE_BOUND('',#10837,.T.);
#10837 = EDGE_LOOP('',(#10838,#10844,#10845,#10851));
#10838 = ORIENTED_EDGE('',*,*,#10839,.F.);
#10839 = EDGE_CURVE('',#10748,#10788,#10840,.T.);
#10840 = LINE('',#10841,#10842);
#10841 = CARTESIAN_POINT('',(55.,-70.,115.));
#10842 = VECTOR('',#10843,1.);
#10843 = DIRECTION('',(1.,0.,0.));
#10844 = ORIENTED_EDGE('',*,*,#10755,.T.);
#10845 = ORIENTED_EDGE('',*,*,#10846,.T.);
#10846 = EDGE_CURVE('',#10756,#10796,#10847,.T.);
#10847 = LINE('',#10848,#10849);
#10848 = CARTESIAN_POINT('',(55.,-70.,160.));
#10849 = VECTOR('',#10850,1.);
#10850 = DIRECTION('',(1.,0.,0.));
#10851 = ORIENTED_EDGE('',*,*,#10795,.F.);
#10852 = PLANE('',#10853);
#10853 = AXIS2_PLACEMENT_3D('',#10854,#10855,#10856);
#10854 = CARTESIAN_POINT('',(55.,-70.,115.));
#10855 = DIRECTION('',(0.,1.,0.));
#10856 = DIRECTION('',(0.,0.,1.));
#10857 = ADVANCED_FACE('',(#10858),#10864,.F.);
#10858 = FACE_BOUND('',#10859,.F.);
#10859 = EDGE_LOOP('',(#10860,#10861,#10862,#10863));
#10860 = ORIENTED_EDGE('',*,*,#10747,.F.);
#10861 = ORIENTED_EDGE('',*,*,#10817,.T.);
#10862 = ORIENTED_EDGE('',*,*,#10787,.T.);
#10863 = ORIENTED_EDGE('',*,*,#10839,.F.);
#10864 = PLANE('',#10865);
#10865 = AXIS2_PLACEMENT_3D('',#10866,#10867,#10868);
#10866 = CARTESIAN_POINT('',(55.,-110.,115.));
#10867 = DIRECTION('',(0.,0.,1.));
#10868 = DIRECTION('',(1.,0.,0.));
#10869 = ADVANCED_FACE('',(#10870),#10876,.T.);
#10870 = FACE_BOUND('',#10871,.T.);
#10871 = EDGE_LOOP('',(#10872,#10873,#10874,#10875));
#10872 = ORIENTED_EDGE('',*,*,#10763,.F.);
#10873 = ORIENTED_EDGE('',*,*,#10824,.T.);
#10874 = ORIENTED_EDGE('',*,*,#10803,.T.);
#10875 = ORIENTED_EDGE('',*,*,#10846,.F.);
#10876 = PLANE('',#10877);
#10877 = AXIS2_PLACEMENT_3D('',#10878,#10879,#10880);
#10878 = CARTESIAN_POINT('',(55.,-110.,160.));
#10879 = DIRECTION('',(0.,0.,1.));
#10880 = DIRECTION('',(1.,0.,0.));
#10881 = MANIFOLD_SOLID_BREP('',#10882);
#10882 = CLOSED_SHELL('',(#10883,#10923,#10963,#10985,#11007,#11019));
#10883 = ADVANCED_FACE('',(#10884),#10918,.F.);
#10884 = FACE_BOUND('',#10885,.F.);
#10885 = EDGE_LOOP('',(#10886,#10896,#10904,#10912));
#10886 = ORIENTED_EDGE('',*,*,#10887,.F.);
#10887 = EDGE_CURVE('',#10888,#10890,#10892,.T.);
#10888 = VERTEX_POINT('',#10889);
#10889 = CARTESIAN_POINT('',(45.,-115.,105.));
#10890 = VERTEX_POINT('',#10891);
#10891 = CARTESIAN_POINT('',(45.,-115.,110.));
#10892 = LINE('',#10893,#10894);
#10893 = CARTESIAN_POINT('',(45.,-115.,105.));
#10894 = VECTOR('',#10895,1.);
#10895 = DIRECTION('',(0.,0.,1.));
#10896 = ORIENTED_EDGE('',*,*,#10897,.T.);
#10897 = EDGE_CURVE('',#10888,#10898,#10900,.T.);
#10898 = VERTEX_POINT('',#10899);
#10899 = CARTESIAN_POINT('',(45.,45.,105.));
#10900 = LINE('',#10901,#10902);
#10901 = CARTESIAN_POINT('',(45.,-115.,105.));
#10902 = VECTOR('',#10903,1.);
#10903 = DIRECTION('',(0.,1.,0.));
#10904 = ORIENTED_EDGE('',*,*,#10905,.T.);
#10905 = EDGE_CURVE('',#10898,#10906,#10908,.T.);
#10906 = VERTEX_POINT('',#10907);
#10907 = CARTESIAN_POINT('',(45.,45.,110.));
#10908 = LINE('',#10909,#10910);
#10909 = CARTESIAN_POINT('',(45.,45.,105.));
#10910 = VECTOR('',#10911,1.);
#10911 = DIRECTION('',(0.,0.,1.));
#10912 = ORIENTED_EDGE('',*,*,#10913,.F.);
#10913 = EDGE_CURVE('',#10890,#10906,#10914,.T.);
#10914 = LINE('',#10915,#10916);
#10915 = CARTESIAN_POINT('',(45.,-115.,110.));
#10916 = VECTOR('',#10917,1.);
#10917 = DIRECTION('',(0.,1.,0.));
#10918 = PLANE('',#10919);
#10919 = AXIS2_PLACEMENT_3D('',#10920,#10921,#10922);
#10920 = CARTESIAN_POINT('',(45.,-115.,105.));
#10921 = DIRECTION('',(1.,0.,0.));
#10922 = DIRECTION('',(0.,0.,1.));
#10923 = ADVANCED_FACE('',(#10924),#10958,.T.);
#10924 = FACE_BOUND('',#10925,.T.);
#10925 = EDGE_LOOP('',(#10926,#10936,#10944,#10952));
#10926 = ORIENTED_EDGE('',*,*,#10927,.F.);
#10927 = EDGE_CURVE('',#10928,#10930,#10932,.T.);
#10928 = VERTEX_POINT('',#10929);
#10929 = CARTESIAN_POINT('',(145.,-115.,105.));
#10930 = VERTEX_POINT('',#10931);
#10931 = CARTESIAN_POINT('',(145.,-115.,110.));
#10932 = LINE('',#10933,#10934);
#10933 = CARTESIAN_POINT('',(145.,-115.,105.));
#10934 = VECTOR('',#10935,1.);
#10935 = DIRECTION('',(0.,0.,1.));
#10936 = ORIENTED_EDGE('',*,*,#10937,.T.);
#10937 = EDGE_CURVE('',#10928,#10938,#10940,.T.);
#10938 = VERTEX_POINT('',#10939);
#10939 = CARTESIAN_POINT('',(145.,45.,105.));
#10940 = LINE('',#10941,#10942);
#10941 = CARTESIAN_POINT('',(145.,-115.,105.));
#10942 = VECTOR('',#10943,1.);
#10943 = DIRECTION('',(0.,1.,0.));
#10944 = ORIENTED_EDGE('',*,*,#10945,.T.);
#10945 = EDGE_CURVE('',#10938,#10946,#10948,.T.);
#10946 = VERTEX_POINT('',#10947);
#10947 = CARTESIAN_POINT('',(145.,45.,110.));
#10948 = LINE('',#10949,#10950);
#10949 = CARTESIAN_POINT('',(145.,45.,105.));
#10950 = VECTOR('',#10951,1.);
#10951 = DIRECTION('',(0.,0.,1.));
#10952 = ORIENTED_EDGE('',*,*,#10953,.F.);
#10953 = EDGE_CURVE('',#10930,#10946,#10954,.T.);
#10954 = LINE('',#10955,#10956);
#10955 = CARTESIAN_POINT('',(145.,-115.,110.));
#10956 = VECTOR('',#10957,1.);
#10957 = DIRECTION('',(0.,1.,0.));
#10958 = PLANE('',#10959);
#10959 = AXIS2_PLACEMENT_3D('',#10960,#10961,#10962);
#10960 = CARTESIAN_POINT('',(145.,-115.,105.));
#10961 = DIRECTION('',(1.,0.,0.));
#10962 = DIRECTION('',(0.,0.,1.));
#10963 = ADVANCED_FACE('',(#10964),#10980,.F.);
#10964 = FACE_BOUND('',#10965,.F.);
#10965 = EDGE_LOOP('',(#10966,#10972,#10973,#10979));
#10966 = ORIENTED_EDGE('',*,*,#10967,.F.);
#10967 = EDGE_CURVE('',#10888,#10928,#10968,.T.);
#10968 = LINE('',#10969,#10970);
#10969 = CARTESIAN_POINT('',(45.,-115.,105.));
#10970 = VECTOR('',#10971,1.);
#10971 = DIRECTION('',(1.,0.,0.));
#10972 = ORIENTED_EDGE('',*,*,#10887,.T.);
#10973 = ORIENTED_EDGE('',*,*,#10974,.T.);
#10974 = EDGE_CURVE('',#10890,#10930,#10975,.T.);
#10975 = LINE('',#10976,#10977);
#10976 = CARTESIAN_POINT('',(45.,-115.,110.));
#10977 = VECTOR('',#10978,1.);
#10978 = DIRECTION('',(1.,0.,0.));
#10979 = ORIENTED_EDGE('',*,*,#10927,.F.);
#10980 = PLANE('',#10981);
#10981 = AXIS2_PLACEMENT_3D('',#10982,#10983,#10984);
#10982 = CARTESIAN_POINT('',(45.,-115.,105.));
#10983 = DIRECTION('',(0.,1.,0.));
#10984 = DIRECTION('',(0.,0.,1.));
#10985 = ADVANCED_FACE('',(#10986),#11002,.T.);
#10986 = FACE_BOUND('',#10987,.T.);
#10987 = EDGE_LOOP('',(#10988,#10994,#10995,#11001));
#10988 = ORIENTED_EDGE('',*,*,#10989,.F.);
#10989 = EDGE_CURVE('',#10898,#10938,#10990,.T.);
#10990 = LINE('',#10991,#10992);
#10991 = CARTESIAN_POINT('',(45.,45.,105.));
#10992 = VECTOR('',#10993,1.);
#10993 = DIRECTION('',(1.,0.,0.));
#10994 = ORIENTED_EDGE('',*,*,#10905,.T.);
#10995 = ORIENTED_EDGE('',*,*,#10996,.T.);
#10996 = EDGE_CURVE('',#10906,#10946,#10997,.T.);
#10997 = LINE('',#10998,#10999);
#10998 = CARTESIAN_POINT('',(45.,45.,110.));
#10999 = VECTOR('',#11000,1.);
#11000 = DIRECTION('',(1.,0.,0.));
#11001 = ORIENTED_EDGE('',*,*,#10945,.F.);
#11002 = PLANE('',#11003);
#11003 = AXIS2_PLACEMENT_3D('',#11004,#11005,#11006);
#11004 = CARTESIAN_POINT('',(45.,45.,105.));
#11005 = DIRECTION('',(0.,1.,0.));
#11006 = DIRECTION('',(0.,0.,1.));
#11007 = ADVANCED_FACE('',(#11008),#11014,.F.);
#11008 = FACE_BOUND('',#11009,.F.);
#11009 = EDGE_LOOP('',(#11010,#11011,#11012,#11013));
#11010 = ORIENTED_EDGE('',*,*,#10897,.F.);
#11011 = ORIENTED_EDGE('',*,*,#10967,.T.);
#11012 = ORIENTED_EDGE('',*,*,#10937,.T.);
#11013 = ORIENTED_EDGE('',*,*,#10989,.F.);
#11014 = PLANE('',#11015);
#11015 = AXIS2_PLACEMENT_3D('',#11016,#11017,#11018);
#11016 = CARTESIAN_POINT('',(45.,-115.,105.));
#11017 = DIRECTION('',(0.,0.,1.));
#11018 = DIRECTION('',(1.,0.,0.));
#11019 = ADVANCED_FACE('',(#11020),#11026,.T.);
#11020 = FACE_BOUND('',#11021,.T.);
#11021 = EDGE_LOOP('',(#11022,#11023,#11024,#11025));
#11022 = ORIENTED_EDGE('',*,*,#10913,.F.);
#11023 = ORIENTED_EDGE('',*,*,#10974,.T.);
#11024 = ORIENTED_EDGE('',*,*,#10953,.T.);
#11025 = ORIENTED_EDGE('',*,*,#10996,.F.);
#11026 = PLANE('',#11027);
#11027 = AXIS2_PLACEMENT_3D('',#11028,#11029,#11030);
#11028 = CARTESIAN_POINT('',(45.,-115.,110.));
#11029 = DIRECTION('',(0.,0.,1.));
#11030 = DIRECTION('',(1.,0.,0.));
#11031 = MANIFOLD_SOLID_BREP('',#11032);
#11032 = CLOSED_SHELL('',(#11033,#11066,#11075));
#11033 = ADVANCED_FACE('',(#11034),#11061,.T.);
#11034 = FACE_BOUND('',#11035,.T.);
#11035 = EDGE_LOOP('',(#11036,#11045,#11053,#11060));
#11036 = ORIENTED_EDGE('',*,*,#11037,.F.);
#11037 = EDGE_CURVE('',#11038,#11038,#11040,.T.);
#11038 = VERTEX_POINT('',#11039);
#11039 = CARTESIAN_POINT('',(130.,40.,140.));
#11040 = CIRCLE('',#11041,5.);
#11041 = AXIS2_PLACEMENT_3D('',#11042,#11043,#11044);
#11042 = CARTESIAN_POINT('',(130.,40.,135.));
#11043 = DIRECTION('',(0.,1.,0.));
#11044 = DIRECTION('',(0.,0.,1.));
#11045 = ORIENTED_EDGE('',*,*,#11046,.F.);
#11046 = EDGE_CURVE('',#11047,#11038,#11049,.T.);
#11047 = VERTEX_POINT('',#11048);
#11048 = CARTESIAN_POINT('',(130.,-40.,140.));
#11049 = LINE('',#11050,#11051);
#11050 = CARTESIAN_POINT('',(130.,-40.,140.));
#11051 = VECTOR('',#11052,1.);
#11052 = DIRECTION('',(0.,1.,0.));
#11053 = ORIENTED_EDGE('',*,*,#11054,.T.);
#11054 = EDGE_CURVE('',#11047,#11047,#11055,.T.);
#11055 = CIRCLE('',#11056,5.);
#11056 = AXIS2_PLACEMENT_3D('',#11057,#11058,#11059);
#11057 = CARTESIAN_POINT('',(130.,-40.,135.));
#11058 = DIRECTION('',(0.,1.,0.));
#11059 = DIRECTION('',(0.,0.,1.));
#11060 = ORIENTED_EDGE('',*,*,#11046,.T.);
#11061 = CYLINDRICAL_SURFACE('',#11062,5.);
#11062 = AXIS2_PLACEMENT_3D('',#11063,#11064,#11065);
#11063 = CARTESIAN_POINT('',(130.,-40.,135.));
#11064 = DIRECTION('',(0.,1.,0.));
#11065 = DIRECTION('',(0.,0.,1.));
#11066 = ADVANCED_FACE('',(#11067),#11070,.T.);
#11067 = FACE_BOUND('',#11068,.T.);
#11068 = EDGE_LOOP('',(#11069));
#11069 = ORIENTED_EDGE('',*,*,#11037,.T.);
#11070 = PLANE('',#11071);
#11071 = AXIS2_PLACEMENT_3D('',#11072,#11073,#11074);
#11072 = CARTESIAN_POINT('',(130.,40.,135.));
#11073 = DIRECTION('',(0.,1.,0.));
#11074 = DIRECTION('',(0.,0.,1.));
#11075 = ADVANCED_FACE('',(#11076),#11079,.F.);
#11076 = FACE_BOUND('',#11077,.T.);
#11077 = EDGE_LOOP('',(#11078));
#11078 = ORIENTED_EDGE('',*,*,#11054,.F.);
#11079 = PLANE('',#11080);
#11080 = AXIS2_PLACEMENT_3D('',#11081,#11082,#11083);
#11081 = CARTESIAN_POINT('',(130.,-40.,135.));
#11082 = DIRECTION('',(0.,1.,0.));
#11083 = DIRECTION('',(0.,0.,1.));
#11084 = MANIFOLD_SOLID_BREP('',#11085);
#11085 = CLOSED_SHELL('',(#11086,#11119,#11128));
#11086 = ADVANCED_FACE('',(#11087),#11114,.T.);
#11087 = FACE_BOUND('',#11088,.T.);
#11088 = EDGE_LOOP('',(#11089,#11098,#11106,#11113));
#11089 = ORIENTED_EDGE('',*,*,#11090,.F.);
#11090 = EDGE_CURVE('',#11091,#11091,#11093,.T.);
#11091 = VERTEX_POINT('',#11092);
#11092 = CARTESIAN_POINT('',(160.,-164.533254095,103.05522539603));
#11093 = CIRCLE('',#11094,2.);
#11094 = AXIS2_PLACEMENT_3D('',#11095,#11096,#11097);
#11095 = CARTESIAN_POINT('',(160.,-165.,105.));
#11096 = DIRECTION('',(0.227266205724,-0.946942523848,-0.227266205724));
#11097 = DIRECTION('',(7.30538971737E-20,0.233372952475,-0.972387301981)
  );
#11098 = ORIENTED_EDGE('',*,*,#11099,.F.);
#11099 = EDGE_CURVE('',#11100,#11091,#11102,.T.);
#11100 = VERTEX_POINT('',#11101);
#11101 = CARTESIAN_POINT('',(130.,-39.53325409504,133.05522539603));
#11102 = LINE('',#11103,#11104);
#11103 = CARTESIAN_POINT('',(130.,-39.53325409504,133.05522539603));
#11104 = VECTOR('',#11105,1.);
#11105 = DIRECTION('',(0.227266205724,-0.946942523848,-0.227266205724));
#11106 = ORIENTED_EDGE('',*,*,#11107,.T.);
#11107 = EDGE_CURVE('',#11100,#11100,#11108,.T.);
#11108 = CIRCLE('',#11109,2.);
#11109 = AXIS2_PLACEMENT_3D('',#11110,#11111,#11112);
#11110 = CARTESIAN_POINT('',(130.,-40.,135.));
#11111 = DIRECTION('',(0.227266205724,-0.946942523848,-0.227266205724));
#11112 = DIRECTION('',(7.30538971737E-20,0.233372952475,-0.972387301981)
  );
#11113 = ORIENTED_EDGE('',*,*,#11099,.T.);
#11114 = CYLINDRICAL_SURFACE('',#11115,2.);
#11115 = AXIS2_PLACEMENT_3D('',#11116,#11117,#11118);
#11116 = CARTESIAN_POINT('',(130.,-40.,135.));
#11117 = DIRECTION('',(0.227266205724,-0.946942523848,-0.227266205724));
#11118 = DIRECTION('',(7.30538971737E-20,0.233372952475,-0.972387301981)
  );
#11119 = ADVANCED_FACE('',(#11120),#11123,.T.);
#11120 = FACE_BOUND('',#11121,.T.);
#11121 = EDGE_LOOP('',(#11122));
#11122 = ORIENTED_EDGE('',*,*,#11090,.T.);
#11123 = PLANE('',#11124);
#11124 = AXIS2_PLACEMENT_3D('',#11125,#11126,#11127);
#11125 = CARTESIAN_POINT('',(160.,-165.,105.));
#11126 = DIRECTION('',(0.227266205724,-0.946942523848,-0.227266205724));
#11127 = DIRECTION('',(7.30538971737E-20,0.233372952475,-0.972387301981)
  );
#11128 = ADVANCED_FACE('',(#11129),#11132,.F.);
#11129 = FACE_BOUND('',#11130,.T.);
#11130 = EDGE_LOOP('',(#11131));
#11131 = ORIENTED_EDGE('',*,*,#11107,.F.);
#11132 = PLANE('',#11133);
#11133 = AXIS2_PLACEMENT_3D('',#11134,#11135,#11136);
#11134 = CARTESIAN_POINT('',(130.,-40.,135.));
#11135 = DIRECTION('',(0.227266205724,-0.946942523848,-0.227266205724));
#11136 = DIRECTION('',(7.30538971737E-20,0.233372952475,-0.972387301981)
  );
#11137 = MANIFOLD_SOLID_BREP('',#11138);
#11138 = CLOSED_SHELL('',(#11139,#11172,#11181));
#11139 = ADVANCED_FACE('',(#11140),#11167,.T.);
#11140 = FACE_BOUND('',#11141,.T.);
#11141 = EDGE_LOOP('',(#11142,#11151,#11159,#11166));
#11142 = ORIENTED_EDGE('',*,*,#11143,.F.);
#11143 = EDGE_CURVE('',#11144,#11144,#11146,.T.);
#11144 = VERTEX_POINT('',#11145);
#11145 = CARTESIAN_POINT('',(180.,-165.,110.));
#11146 = CIRCLE('',#11147,5.);
#11147 = AXIS2_PLACEMENT_3D('',#11148,#11149,#11150);
#11148 = CARTESIAN_POINT('',(180.,-165.,105.));
#11149 = DIRECTION('',(1.,0.,-0.));
#11150 = DIRECTION('',(0.,0.,1.));
#11151 = ORIENTED_EDGE('',*,*,#11152,.F.);
#11152 = EDGE_CURVE('',#11153,#11144,#11155,.T.);
#11153 = VERTEX_POINT('',#11154);
#11154 = CARTESIAN_POINT('',(160.,-165.,110.));
#11155 = LINE('',#11156,#11157);
#11156 = CARTESIAN_POINT('',(160.,-165.,110.));
#11157 = VECTOR('',#11158,1.);
#11158 = DIRECTION('',(1.,0.,0.));
#11159 = ORIENTED_EDGE('',*,*,#11160,.T.);
#11160 = EDGE_CURVE('',#11153,#11153,#11161,.T.);
#11161 = CIRCLE('',#11162,5.);
#11162 = AXIS2_PLACEMENT_3D('',#11163,#11164,#11165);
#11163 = CARTESIAN_POINT('',(160.,-165.,105.));
#11164 = DIRECTION('',(1.,0.,-0.));
#11165 = DIRECTION('',(0.,0.,1.));
#11166 = ORIENTED_EDGE('',*,*,#11152,.T.);
#11167 = CYLINDRICAL_SURFACE('',#11168,5.);
#11168 = AXIS2_PLACEMENT_3D('',#11169,#11170,#11171);
#11169 = CARTESIAN_POINT('',(160.,-165.,105.));
#11170 = DIRECTION('',(1.,0.,0.));
#11171 = DIRECTION('',(0.,0.,1.));
#11172 = ADVANCED_FACE('',(#11173),#11176,.T.);
#11173 = FACE_BOUND('',#11174,.T.);
#11174 = EDGE_LOOP('',(#11175));
#11175 = ORIENTED_EDGE('',*,*,#11143,.T.);
#11176 = PLANE('',#11177);
#11177 = AXIS2_PLACEMENT_3D('',#11178,#11179,#11180);
#11178 = CARTESIAN_POINT('',(180.,-165.,105.));
#11179 = DIRECTION('',(1.,0.,0.));
#11180 = DIRECTION('',(0.,0.,1.));
#11181 = ADVANCED_FACE('',(#11182),#11185,.F.);
#11182 = FACE_BOUND('',#11183,.T.);
#11183 = EDGE_LOOP('',(#11184));
#11184 = ORIENTED_EDGE('',*,*,#11160,.F.);
#11185 = PLANE('',#11186);
#11186 = AXIS2_PLACEMENT_3D('',#11187,#11188,#11189);
#11187 = CARTESIAN_POINT('',(160.,-165.,105.));
#11188 = DIRECTION('',(1.,0.,0.));
#11189 = DIRECTION('',(0.,0.,1.));
#11190 = MANIFOLD_SOLID_BREP('',#11191);
#11191 = CLOSED_SHELL('',(#11192,#11225,#11234));
#11192 = ADVANCED_FACE('',(#11193),#11220,.T.);
#11193 = FACE_BOUND('',#11194,.T.);
#11194 = EDGE_LOOP('',(#11195,#11204,#11212,#11219));
#11195 = ORIENTED_EDGE('',*,*,#11196,.F.);
#11196 = EDGE_CURVE('',#11197,#11197,#11199,.T.);
#11197 = VERTEX_POINT('',#11198);
#11198 = CARTESIAN_POINT('',(160.,165.46674590495,106.94477460396));
#11199 = CIRCLE('',#11200,2.);
#11200 = AXIS2_PLACEMENT_3D('',#11201,#11202,#11203);
#11201 = CARTESIAN_POINT('',(160.,165.,105.));
#11202 = DIRECTION('',(0.227266205724,0.946942523848,-0.227266205724));
#11203 = DIRECTION('',(-7.30538971737E-20,0.233372952475,0.972387301981)
  );
#11204 = ORIENTED_EDGE('',*,*,#11205,.F.);
#11205 = EDGE_CURVE('',#11206,#11197,#11208,.T.);
#11206 = VERTEX_POINT('',#11207);
#11207 = CARTESIAN_POINT('',(130.,40.466745904951,136.94477460396));
#11208 = LINE('',#11209,#11210);
#11209 = CARTESIAN_POINT('',(130.,40.466745904951,136.94477460396));
#11210 = VECTOR('',#11211,1.);
#11211 = DIRECTION('',(0.227266205724,0.946942523848,-0.227266205724));
#11212 = ORIENTED_EDGE('',*,*,#11213,.T.);
#11213 = EDGE_CURVE('',#11206,#11206,#11214,.T.);
#11214 = CIRCLE('',#11215,2.);
#11215 = AXIS2_PLACEMENT_3D('',#11216,#11217,#11218);
#11216 = CARTESIAN_POINT('',(130.,40.,135.));
#11217 = DIRECTION('',(0.227266205724,0.946942523848,-0.227266205724));
#11218 = DIRECTION('',(-7.30538971737E-20,0.233372952475,0.972387301981)
  );
#11219 = ORIENTED_EDGE('',*,*,#11205,.T.);
#11220 = CYLINDRICAL_SURFACE('',#11221,2.);
#11221 = AXIS2_PLACEMENT_3D('',#11222,#11223,#11224);
#11222 = CARTESIAN_POINT('',(130.,40.,135.));
#11223 = DIRECTION('',(0.227266205724,0.946942523848,-0.227266205724));
#11224 = DIRECTION('',(-7.30538971737E-20,0.233372952475,0.972387301981)
  );
#11225 = ADVANCED_FACE('',(#11226),#11229,.T.);
#11226 = FACE_BOUND('',#11227,.T.);
#11227 = EDGE_LOOP('',(#11228));
#11228 = ORIENTED_EDGE('',*,*,#11196,.T.);
#11229 = PLANE('',#11230);
#11230 = AXIS2_PLACEMENT_3D('',#11231,#11232,#11233);
#11231 = CARTESIAN_POINT('',(160.,165.,105.));
#11232 = DIRECTION('',(0.227266205724,0.946942523848,-0.227266205724));
#11233 = DIRECTION('',(-7.30538971737E-20,0.233372952475,0.972387301981)
  );
#11234 = ADVANCED_FACE('',(#11235),#11238,.F.);
#11235 = FACE_BOUND('',#11236,.T.);
#11236 = EDGE_LOOP('',(#11237));
#11237 = ORIENTED_EDGE('',*,*,#11213,.F.);
#11238 = PLANE('',#11239);
#11239 = AXIS2_PLACEMENT_3D('',#11240,#11241,#11242);
#11240 = CARTESIAN_POINT('',(130.,40.,135.));
#11241 = DIRECTION('',(0.227266205724,0.946942523848,-0.227266205724));
#11242 = DIRECTION('',(-7.30538971737E-20,0.233372952475,0.972387301981)
  );
#11243 = MANIFOLD_SOLID_BREP('',#11244);
#11244 = CLOSED_SHELL('',(#11245,#11278,#11287));
#11245 = ADVANCED_FACE('',(#11246),#11273,.T.);
#11246 = FACE_BOUND('',#11247,.T.);
#11247 = EDGE_LOOP('',(#11248,#11257,#11265,#11272));
#11248 = ORIENTED_EDGE('',*,*,#11249,.F.);
#11249 = EDGE_CURVE('',#11250,#11250,#11252,.T.);
#11250 = VERTEX_POINT('',#11251);
#11251 = CARTESIAN_POINT('',(180.,165.,110.));
#11252 = CIRCLE('',#11253,5.);
#11253 = AXIS2_PLACEMENT_3D('',#11254,#11255,#11256);
#11254 = CARTESIAN_POINT('',(180.,165.,105.));
#11255 = DIRECTION('',(1.,0.,-0.));
#11256 = DIRECTION('',(0.,0.,1.));
#11257 = ORIENTED_EDGE('',*,*,#11258,.F.);
#11258 = EDGE_CURVE('',#11259,#11250,#11261,.T.);
#11259 = VERTEX_POINT('',#11260);
#11260 = CARTESIAN_POINT('',(160.,165.,110.));
#11261 = LINE('',#11262,#11263);
#11262 = CARTESIAN_POINT('',(160.,165.,110.));
#11263 = VECTOR('',#11264,1.);
#11264 = DIRECTION('',(1.,0.,0.));
#11265 = ORIENTED_EDGE('',*,*,#11266,.T.);
#11266 = EDGE_CURVE('',#11259,#11259,#11267,.T.);
#11267 = CIRCLE('',#11268,5.);
#11268 = AXIS2_PLACEMENT_3D('',#11269,#11270,#11271);
#11269 = CARTESIAN_POINT('',(160.,165.,105.));
#11270 = DIRECTION('',(1.,0.,-0.));
#11271 = DIRECTION('',(0.,0.,1.));
#11272 = ORIENTED_EDGE('',*,*,#11258,.T.);
#11273 = CYLINDRICAL_SURFACE('',#11274,5.);
#11274 = AXIS2_PLACEMENT_3D('',#11275,#11276,#11277);
#11275 = CARTESIAN_POINT('',(160.,165.,105.));
#11276 = DIRECTION('',(1.,0.,0.));
#11277 = DIRECTION('',(0.,0.,1.));
#11278 = ADVANCED_FACE('',(#11279),#11282,.T.);
#11279 = FACE_BOUND('',#11280,.T.);
#11280 = EDGE_LOOP('',(#11281));
#11281 = ORIENTED_EDGE('',*,*,#11249,.T.);
#11282 = PLANE('',#11283);
#11283 = AXIS2_PLACEMENT_3D('',#11284,#11285,#11286);
#11284 = CARTESIAN_POINT('',(180.,165.,105.));
#11285 = DIRECTION('',(1.,0.,0.));
#11286 = DIRECTION('',(0.,0.,1.));
#11287 = ADVANCED_FACE('',(#11288),#11291,.F.);
#11288 = FACE_BOUND('',#11289,.T.);
#11289 = EDGE_LOOP('',(#11290));
#11290 = ORIENTED_EDGE('',*,*,#11266,.F.);
#11291 = PLANE('',#11292);
#11292 = AXIS2_PLACEMENT_3D('',#11293,#11294,#11295);
#11293 = CARTESIAN_POINT('',(160.,165.,105.));
#11294 = DIRECTION('',(1.,0.,0.));
#11295 = DIRECTION('',(0.,0.,1.));
#11296 = MANIFOLD_SOLID_BREP('',#11297);
#11297 = CLOSED_SHELL('',(#11298,#11331,#11340));
#11298 = ADVANCED_FACE('',(#11299),#11326,.T.);
#11299 = FACE_BOUND('',#11300,.T.);
#11300 = EDGE_LOOP('',(#11301,#11310,#11318,#11325));
#11301 = ORIENTED_EDGE('',*,*,#11302,.F.);
#11302 = EDGE_CURVE('',#11303,#11303,#11305,.T.);
#11303 = VERTEX_POINT('',#11304);
#11304 = CARTESIAN_POINT('',(128.10028662922,-37.67812810239,135.));
#11305 = CIRCLE('',#11306,3.);
#11306 = AXIS2_PLACEMENT_3D('',#11307,#11308,#11309);
#11307 = CARTESIAN_POINT('',(130.,-40.,135.));
#11308 = DIRECTION('',(0.757271229904,0.619585551739,-0.206528517246));
#11309 = DIRECTION('',(-0.633237790257,0.773957299203,
    -3.802892970473E-18));
#11310 = ORIENTED_EDGE('',*,*,#11311,.F.);
#11311 = EDGE_CURVE('',#11312,#11303,#11314,.T.);
#11312 = VERTEX_POINT('',#11313);
#11313 = CARTESIAN_POINT('',(73.100286629228,-82.67812810239,150.));
#11314 = LINE('',#11315,#11316);
#11315 = CARTESIAN_POINT('',(73.100286629228,-82.67812810239,150.));
#11316 = VECTOR('',#11317,1.);
#11317 = DIRECTION('',(0.757271229904,0.619585551739,-0.206528517246));
#11318 = ORIENTED_EDGE('',*,*,#11319,.T.);
#11319 = EDGE_CURVE('',#11312,#11312,#11320,.T.);
#11320 = CIRCLE('',#11321,3.);
#11321 = AXIS2_PLACEMENT_3D('',#11322,#11323,#11324);
#11322 = CARTESIAN_POINT('',(75.,-85.,150.));
#11323 = DIRECTION('',(0.757271229904,0.619585551739,-0.206528517246));
#11324 = DIRECTION('',(-0.633237790257,0.773957299203,
    -3.802892970473E-18));
#11325 = ORIENTED_EDGE('',*,*,#11311,.T.);
#11326 = CYLINDRICAL_SURFACE('',#11327,3.);
#11327 = AXIS2_PLACEMENT_3D('',#11328,#11329,#11330);
#11328 = CARTESIAN_POINT('',(75.,-85.,150.));
#11329 = DIRECTION('',(0.757271229904,0.619585551739,-0.206528517246));
#11330 = DIRECTION('',(-0.633237790257,0.773957299203,
    -3.802892970473E-18));
#11331 = ADVANCED_FACE('',(#11332),#11335,.T.);
#11332 = FACE_BOUND('',#11333,.T.);
#11333 = EDGE_LOOP('',(#11334));
#11334 = ORIENTED_EDGE('',*,*,#11302,.T.);
#11335 = PLANE('',#11336);
#11336 = AXIS2_PLACEMENT_3D('',#11337,#11338,#11339);
#11337 = CARTESIAN_POINT('',(130.,-40.,135.));
#11338 = DIRECTION('',(0.757271229904,0.619585551739,-0.206528517246));
#11339 = DIRECTION('',(-0.633237790257,0.773957299203,
    -3.802892970473E-18));
#11340 = ADVANCED_FACE('',(#11341),#11344,.F.);
#11341 = FACE_BOUND('',#11342,.T.);
#11342 = EDGE_LOOP('',(#11343));
#11343 = ORIENTED_EDGE('',*,*,#11319,.F.);
#11344 = PLANE('',#11345);
#11345 = AXIS2_PLACEMENT_3D('',#11346,#11347,#11348);
#11346 = CARTESIAN_POINT('',(75.,-85.,150.));
#11347 = DIRECTION('',(0.757271229904,0.619585551739,-0.206528517246));
#11348 = DIRECTION('',(-0.633237790257,0.773957299203,
    -3.802892970473E-18));
#11349 = MANIFOLD_SOLID_BREP('',#11350);
#11350 = CLOSED_SHELL('',(#11351,#11384,#11393));
#11351 = ADVANCED_FACE('',(#11352),#11379,.T.);
#11352 = FACE_BOUND('',#11353,.T.);
#11353 = EDGE_LOOP('',(#11354,#11363,#11371,#11378));
#11354 = ORIENTED_EDGE('',*,*,#11355,.F.);
#11355 = EDGE_CURVE('',#11356,#11356,#11358,.T.);
#11356 = VERTEX_POINT('',#11357);
#11357 = CARTESIAN_POINT('',(-98.,-60.,240.));
#11358 = CIRCLE('',#11359,7.);
#11359 = AXIS2_PLACEMENT_3D('',#11360,#11361,#11362);
#11360 = CARTESIAN_POINT('',(-105.,-60.,240.));
#11361 = DIRECTION('',(0.,0.,1.));
#11362 = DIRECTION('',(1.,0.,0.));
#11363 = ORIENTED_EDGE('',*,*,#11364,.F.);
#11364 = EDGE_CURVE('',#11365,#11356,#11367,.T.);
#11365 = VERTEX_POINT('',#11366);
#11366 = CARTESIAN_POINT('',(-98.,-60.,95.));
#11367 = LINE('',#11368,#11369);
#11368 = CARTESIAN_POINT('',(-98.,-60.,95.));
#11369 = VECTOR('',#11370,1.);
#11370 = DIRECTION('',(0.,0.,1.));
#11371 = ORIENTED_EDGE('',*,*,#11372,.T.);
#11372 = EDGE_CURVE('',#11365,#11365,#11373,.T.);
#11373 = CIRCLE('',#11374,7.);
#11374 = AXIS2_PLACEMENT_3D('',#11375,#11376,#11377);
#11375 = CARTESIAN_POINT('',(-105.,-60.,95.));
#11376 = DIRECTION('',(0.,0.,1.));
#11377 = DIRECTION('',(1.,0.,0.));
#11378 = ORIENTED_EDGE('',*,*,#11364,.T.);
#11379 = CYLINDRICAL_SURFACE('',#11380,7.);
#11380 = AXIS2_PLACEMENT_3D('',#11381,#11382,#11383);
#11381 = CARTESIAN_POINT('',(-105.,-60.,95.));
#11382 = DIRECTION('',(0.,0.,1.));
#11383 = DIRECTION('',(1.,0.,0.));
#11384 = ADVANCED_FACE('',(#11385),#11388,.T.);
#11385 = FACE_BOUND('',#11386,.T.);
#11386 = EDGE_LOOP('',(#11387));
#11387 = ORIENTED_EDGE('',*,*,#11355,.T.);
#11388 = PLANE('',#11389);
#11389 = AXIS2_PLACEMENT_3D('',#11390,#11391,#11392);
#11390 = CARTESIAN_POINT('',(-105.,-60.,240.));
#11391 = DIRECTION('',(0.,0.,1.));
#11392 = DIRECTION('',(1.,0.,0.));
#11393 = ADVANCED_FACE('',(#11394),#11397,.F.);
#11394 = FACE_BOUND('',#11395,.T.);
#11395 = EDGE_LOOP('',(#11396));
#11396 = ORIENTED_EDGE('',*,*,#11372,.F.);
#11397 = PLANE('',#11398);
#11398 = AXIS2_PLACEMENT_3D('',#11399,#11400,#11401);
#11399 = CARTESIAN_POINT('',(-105.,-60.,95.));
#11400 = DIRECTION('',(0.,0.,1.));
#11401 = DIRECTION('',(1.,0.,0.));
#11402 = MANIFOLD_SOLID_BREP('',#11403);
#11403 = CLOSED_SHELL('',(#11404,#11437,#11446));
#11404 = ADVANCED_FACE('',(#11405),#11432,.T.);
#11405 = FACE_BOUND('',#11406,.T.);
#11406 = EDGE_LOOP('',(#11407,#11416,#11424,#11431));
#11407 = ORIENTED_EDGE('',*,*,#11408,.F.);
#11408 = EDGE_CURVE('',#11409,#11409,#11411,.T.);
#11409 = VERTEX_POINT('',#11410);
#11410 = CARTESIAN_POINT('',(-98.,60.,240.));
#11411 = CIRCLE('',#11412,7.);
#11412 = AXIS2_PLACEMENT_3D('',#11413,#11414,#11415);
#11413 = CARTESIAN_POINT('',(-105.,60.,240.));
#11414 = DIRECTION('',(0.,0.,1.));
#11415 = DIRECTION('',(1.,0.,0.));
#11416 = ORIENTED_EDGE('',*,*,#11417,.F.);
#11417 = EDGE_CURVE('',#11418,#11409,#11420,.T.);
#11418 = VERTEX_POINT('',#11419);
#11419 = CARTESIAN_POINT('',(-98.,60.,95.));
#11420 = LINE('',#11421,#11422);
#11421 = CARTESIAN_POINT('',(-98.,60.,95.));
#11422 = VECTOR('',#11423,1.);
#11423 = DIRECTION('',(0.,0.,1.));
#11424 = ORIENTED_EDGE('',*,*,#11425,.T.);
#11425 = EDGE_CURVE('',#11418,#11418,#11426,.T.);
#11426 = CIRCLE('',#11427,7.);
#11427 = AXIS2_PLACEMENT_3D('',#11428,#11429,#11430);
#11428 = CARTESIAN_POINT('',(-105.,60.,95.));
#11429 = DIRECTION('',(0.,0.,1.));
#11430 = DIRECTION('',(1.,0.,0.));
#11431 = ORIENTED_EDGE('',*,*,#11417,.T.);
#11432 = CYLINDRICAL_SURFACE('',#11433,7.);
#11433 = AXIS2_PLACEMENT_3D('',#11434,#11435,#11436);
#11434 = CARTESIAN_POINT('',(-105.,60.,95.));
#11435 = DIRECTION('',(0.,0.,1.));
#11436 = DIRECTION('',(1.,0.,0.));
#11437 = ADVANCED_FACE('',(#11438),#11441,.T.);
#11438 = FACE_BOUND('',#11439,.T.);
#11439 = EDGE_LOOP('',(#11440));
#11440 = ORIENTED_EDGE('',*,*,#11408,.T.);
#11441 = PLANE('',#11442);
#11442 = AXIS2_PLACEMENT_3D('',#11443,#11444,#11445);
#11443 = CARTESIAN_POINT('',(-105.,60.,240.));
#11444 = DIRECTION('',(0.,0.,1.));
#11445 = DIRECTION('',(1.,0.,0.));
#11446 = ADVANCED_FACE('',(#11447),#11450,.F.);
#11447 = FACE_BOUND('',#11448,.T.);
#11448 = EDGE_LOOP('',(#11449));
#11449 = ORIENTED_EDGE('',*,*,#11425,.F.);
#11450 = PLANE('',#11451);
#11451 = AXIS2_PLACEMENT_3D('',#11452,#11453,#11454);
#11452 = CARTESIAN_POINT('',(-105.,60.,95.));
#11453 = DIRECTION('',(0.,0.,1.));
#11454 = DIRECTION('',(1.,0.,0.));
#11455 = MANIFOLD_SOLID_BREP('',#11456);
#11456 = CLOSED_SHELL('',(#11457,#11490,#11499));
#11457 = ADVANCED_FACE('',(#11458),#11485,.T.);
#11458 = FACE_BOUND('',#11459,.T.);
#11459 = EDGE_LOOP('',(#11460,#11469,#11477,#11484));
#11460 = ORIENTED_EDGE('',*,*,#11461,.F.);
#11461 = EDGE_CURVE('',#11462,#11462,#11464,.T.);
#11462 = VERTEX_POINT('',#11463);
#11463 = CARTESIAN_POINT('',(112.,-60.,240.));
#11464 = CIRCLE('',#11465,7.);
#11465 = AXIS2_PLACEMENT_3D('',#11466,#11467,#11468);
#11466 = CARTESIAN_POINT('',(105.,-60.,240.));
#11467 = DIRECTION('',(0.,0.,1.));
#11468 = DIRECTION('',(1.,0.,0.));
#11469 = ORIENTED_EDGE('',*,*,#11470,.F.);
#11470 = EDGE_CURVE('',#11471,#11462,#11473,.T.);
#11471 = VERTEX_POINT('',#11472);
#11472 = CARTESIAN_POINT('',(112.,-60.,95.));
#11473 = LINE('',#11474,#11475);
#11474 = CARTESIAN_POINT('',(112.,-60.,95.));
#11475 = VECTOR('',#11476,1.);
#11476 = DIRECTION('',(0.,0.,1.));
#11477 = ORIENTED_EDGE('',*,*,#11478,.T.);
#11478 = EDGE_CURVE('',#11471,#11471,#11479,.T.);
#11479 = CIRCLE('',#11480,7.);
#11480 = AXIS2_PLACEMENT_3D('',#11481,#11482,#11483);
#11481 = CARTESIAN_POINT('',(105.,-60.,95.));
#11482 = DIRECTION('',(0.,0.,1.));
#11483 = DIRECTION('',(1.,0.,0.));
#11484 = ORIENTED_EDGE('',*,*,#11470,.T.);
#11485 = CYLINDRICAL_SURFACE('',#11486,7.);
#11486 = AXIS2_PLACEMENT_3D('',#11487,#11488,#11489);
#11487 = CARTESIAN_POINT('',(105.,-60.,95.));
#11488 = DIRECTION('',(0.,0.,1.));
#11489 = DIRECTION('',(1.,0.,0.));
#11490 = ADVANCED_FACE('',(#11491),#11494,.T.);
#11491 = FACE_BOUND('',#11492,.T.);
#11492 = EDGE_LOOP('',(#11493));
#11493 = ORIENTED_EDGE('',*,*,#11461,.T.);
#11494 = PLANE('',#11495);
#11495 = AXIS2_PLACEMENT_3D('',#11496,#11497,#11498);
#11496 = CARTESIAN_POINT('',(105.,-60.,240.));
#11497 = DIRECTION('',(0.,0.,1.));
#11498 = DIRECTION('',(1.,0.,0.));
#11499 = ADVANCED_FACE('',(#11500),#11503,.F.);
#11500 = FACE_BOUND('',#11501,.T.);
#11501 = EDGE_LOOP('',(#11502));
#11502 = ORIENTED_EDGE('',*,*,#11478,.F.);
#11503 = PLANE('',#11504);
#11504 = AXIS2_PLACEMENT_3D('',#11505,#11506,#11507);
#11505 = CARTESIAN_POINT('',(105.,-60.,95.));
#11506 = DIRECTION('',(0.,0.,1.));
#11507 = DIRECTION('',(1.,0.,0.));
#11508 = MANIFOLD_SOLID_BREP('',#11509);
#11509 = CLOSED_SHELL('',(#11510,#11543,#11552));
#11510 = ADVANCED_FACE('',(#11511),#11538,.T.);
#11511 = FACE_BOUND('',#11512,.T.);
#11512 = EDGE_LOOP('',(#11513,#11522,#11530,#11537));
#11513 = ORIENTED_EDGE('',*,*,#11514,.F.);
#11514 = EDGE_CURVE('',#11515,#11515,#11517,.T.);
#11515 = VERTEX_POINT('',#11516);
#11516 = CARTESIAN_POINT('',(112.,60.,240.));
#11517 = CIRCLE('',#11518,7.);
#11518 = AXIS2_PLACEMENT_3D('',#11519,#11520,#11521);
#11519 = CARTESIAN_POINT('',(105.,60.,240.));
#11520 = DIRECTION('',(0.,0.,1.));
#11521 = DIRECTION('',(1.,0.,0.));
#11522 = ORIENTED_EDGE('',*,*,#11523,.F.);
#11523 = EDGE_CURVE('',#11524,#11515,#11526,.T.);
#11524 = VERTEX_POINT('',#11525);
#11525 = CARTESIAN_POINT('',(112.,60.,95.));
#11526 = LINE('',#11527,#11528);
#11527 = CARTESIAN_POINT('',(112.,60.,95.));
#11528 = VECTOR('',#11529,1.);
#11529 = DIRECTION('',(0.,0.,1.));
#11530 = ORIENTED_EDGE('',*,*,#11531,.T.);
#11531 = EDGE_CURVE('',#11524,#11524,#11532,.T.);
#11532 = CIRCLE('',#11533,7.);
#11533 = AXIS2_PLACEMENT_3D('',#11534,#11535,#11536);
#11534 = CARTESIAN_POINT('',(105.,60.,95.));
#11535 = DIRECTION('',(0.,0.,1.));
#11536 = DIRECTION('',(1.,0.,0.));
#11537 = ORIENTED_EDGE('',*,*,#11523,.T.);
#11538 = CYLINDRICAL_SURFACE('',#11539,7.);
#11539 = AXIS2_PLACEMENT_3D('',#11540,#11541,#11542);
#11540 = CARTESIAN_POINT('',(105.,60.,95.));
#11541 = DIRECTION('',(0.,0.,1.));
#11542 = DIRECTION('',(1.,0.,0.));
#11543 = ADVANCED_FACE('',(#11544),#11547,.T.);
#11544 = FACE_BOUND('',#11545,.T.);
#11545 = EDGE_LOOP('',(#11546));
#11546 = ORIENTED_EDGE('',*,*,#11514,.T.);
#11547 = PLANE('',#11548);
#11548 = AXIS2_PLACEMENT_3D('',#11549,#11550,#11551);
#11549 = CARTESIAN_POINT('',(105.,60.,240.));
#11550 = DIRECTION('',(0.,0.,1.));
#11551 = DIRECTION('',(1.,0.,0.));
#11552 = ADVANCED_FACE('',(#11553),#11556,.F.);
#11553 = FACE_BOUND('',#11554,.T.);
#11554 = EDGE_LOOP('',(#11555));
#11555 = ORIENTED_EDGE('',*,*,#11531,.F.);
#11556 = PLANE('',#11557);
#11557 = AXIS2_PLACEMENT_3D('',#11558,#11559,#11560);
#11558 = CARTESIAN_POINT('',(105.,60.,95.));
#11559 = DIRECTION('',(0.,0.,1.));
#11560 = DIRECTION('',(1.,0.,0.));
#11561 = MANIFOLD_SOLID_BREP('',#11562);
#11562 = CLOSED_SHELL('',(#11563,#11603,#11643,#11665,#11687,#11699));
#11563 = ADVANCED_FACE('',(#11564),#11598,.F.);
#11564 = FACE_BOUND('',#11565,.F.);
#11565 = EDGE_LOOP('',(#11566,#11576,#11584,#11592));
#11566 = ORIENTED_EDGE('',*,*,#11567,.F.);
#11567 = EDGE_CURVE('',#11568,#11570,#11572,.T.);
#11568 = VERTEX_POINT('',#11569);
#11569 = CARTESIAN_POINT('',(-160.,-130.,240.));
#11570 = VERTEX_POINT('',#11571);
#11571 = CARTESIAN_POINT('',(-160.,-130.,243.));
#11572 = LINE('',#11573,#11574);
#11573 = CARTESIAN_POINT('',(-160.,-130.,240.));
#11574 = VECTOR('',#11575,1.);
#11575 = DIRECTION('',(0.,0.,1.));
#11576 = ORIENTED_EDGE('',*,*,#11577,.T.);
#11577 = EDGE_CURVE('',#11568,#11578,#11580,.T.);
#11578 = VERTEX_POINT('',#11579);
#11579 = CARTESIAN_POINT('',(-160.,130.,240.));
#11580 = LINE('',#11581,#11582);
#11581 = CARTESIAN_POINT('',(-160.,-130.,240.));
#11582 = VECTOR('',#11583,1.);
#11583 = DIRECTION('',(0.,1.,0.));
#11584 = ORIENTED_EDGE('',*,*,#11585,.T.);
#11585 = EDGE_CURVE('',#11578,#11586,#11588,.T.);
#11586 = VERTEX_POINT('',#11587);
#11587 = CARTESIAN_POINT('',(-160.,130.,243.));
#11588 = LINE('',#11589,#11590);
#11589 = CARTESIAN_POINT('',(-160.,130.,240.));
#11590 = VECTOR('',#11591,1.);
#11591 = DIRECTION('',(0.,0.,1.));
#11592 = ORIENTED_EDGE('',*,*,#11593,.F.);
#11593 = EDGE_CURVE('',#11570,#11586,#11594,.T.);
#11594 = LINE('',#11595,#11596);
#11595 = CARTESIAN_POINT('',(-160.,-130.,243.));
#11596 = VECTOR('',#11597,1.);
#11597 = DIRECTION('',(0.,1.,0.));
#11598 = PLANE('',#11599);
#11599 = AXIS2_PLACEMENT_3D('',#11600,#11601,#11602);
#11600 = CARTESIAN_POINT('',(-160.,-130.,240.));
#11601 = DIRECTION('',(1.,0.,0.));
#11602 = DIRECTION('',(0.,0.,1.));
#11603 = ADVANCED_FACE('',(#11604),#11638,.T.);
#11604 = FACE_BOUND('',#11605,.T.);
#11605 = EDGE_LOOP('',(#11606,#11616,#11624,#11632));
#11606 = ORIENTED_EDGE('',*,*,#11607,.F.);
#11607 = EDGE_CURVE('',#11608,#11610,#11612,.T.);
#11608 = VERTEX_POINT('',#11609);
#11609 = CARTESIAN_POINT('',(160.,-130.,240.));
#11610 = VERTEX_POINT('',#11611);
#11611 = CARTESIAN_POINT('',(160.,-130.,243.));
#11612 = LINE('',#11613,#11614);
#11613 = CARTESIAN_POINT('',(160.,-130.,240.));
#11614 = VECTOR('',#11615,1.);
#11615 = DIRECTION('',(0.,0.,1.));
#11616 = ORIENTED_EDGE('',*,*,#11617,.T.);
#11617 = EDGE_CURVE('',#11608,#11618,#11620,.T.);
#11618 = VERTEX_POINT('',#11619);
#11619 = CARTESIAN_POINT('',(160.,130.,240.));
#11620 = LINE('',#11621,#11622);
#11621 = CARTESIAN_POINT('',(160.,-130.,240.));
#11622 = VECTOR('',#11623,1.);
#11623 = DIRECTION('',(0.,1.,0.));
#11624 = ORIENTED_EDGE('',*,*,#11625,.T.);
#11625 = EDGE_CURVE('',#11618,#11626,#11628,.T.);
#11626 = VERTEX_POINT('',#11627);
#11627 = CARTESIAN_POINT('',(160.,130.,243.));
#11628 = LINE('',#11629,#11630);
#11629 = CARTESIAN_POINT('',(160.,130.,240.));
#11630 = VECTOR('',#11631,1.);
#11631 = DIRECTION('',(0.,0.,1.));
#11632 = ORIENTED_EDGE('',*,*,#11633,.F.);
#11633 = EDGE_CURVE('',#11610,#11626,#11634,.T.);
#11634 = LINE('',#11635,#11636);
#11635 = CARTESIAN_POINT('',(160.,-130.,243.));
#11636 = VECTOR('',#11637,1.);
#11637 = DIRECTION('',(0.,1.,0.));
#11638 = PLANE('',#11639);
#11639 = AXIS2_PLACEMENT_3D('',#11640,#11641,#11642);
#11640 = CARTESIAN_POINT('',(160.,-130.,240.));
#11641 = DIRECTION('',(1.,0.,0.));
#11642 = DIRECTION('',(0.,0.,1.));
#11643 = ADVANCED_FACE('',(#11644),#11660,.F.);
#11644 = FACE_BOUND('',#11645,.F.);
#11645 = EDGE_LOOP('',(#11646,#11652,#11653,#11659));
#11646 = ORIENTED_EDGE('',*,*,#11647,.F.);
#11647 = EDGE_CURVE('',#11568,#11608,#11648,.T.);
#11648 = LINE('',#11649,#11650);
#11649 = CARTESIAN_POINT('',(-160.,-130.,240.));
#11650 = VECTOR('',#11651,1.);
#11651 = DIRECTION('',(1.,0.,0.));
#11652 = ORIENTED_EDGE('',*,*,#11567,.T.);
#11653 = ORIENTED_EDGE('',*,*,#11654,.T.);
#11654 = EDGE_CURVE('',#11570,#11610,#11655,.T.);
#11655 = LINE('',#11656,#11657);
#11656 = CARTESIAN_POINT('',(-160.,-130.,243.));
#11657 = VECTOR('',#11658,1.);
#11658 = DIRECTION('',(1.,0.,0.));
#11659 = ORIENTED_EDGE('',*,*,#11607,.F.);
#11660 = PLANE('',#11661);
#11661 = AXIS2_PLACEMENT_3D('',#11662,#11663,#11664);
#11662 = CARTESIAN_POINT('',(-160.,-130.,240.));
#11663 = DIRECTION('',(0.,1.,0.));
#11664 = DIRECTION('',(0.,0.,1.));
#11665 = ADVANCED_FACE('',(#11666),#11682,.T.);
#11666 = FACE_BOUND('',#11667,.T.);
#11667 = EDGE_LOOP('',(#11668,#11674,#11675,#11681));
#11668 = ORIENTED_EDGE('',*,*,#11669,.F.);
#11669 = EDGE_CURVE('',#11578,#11618,#11670,.T.);
#11670 = LINE('',#11671,#11672);
#11671 = CARTESIAN_POINT('',(-160.,130.,240.));
#11672 = VECTOR('',#11673,1.);
#11673 = DIRECTION('',(1.,0.,0.));
#11674 = ORIENTED_EDGE('',*,*,#11585,.T.);
#11675 = ORIENTED_EDGE('',*,*,#11676,.T.);
#11676 = EDGE_CURVE('',#11586,#11626,#11677,.T.);
#11677 = LINE('',#11678,#11679);
#11678 = CARTESIAN_POINT('',(-160.,130.,243.));
#11679 = VECTOR('',#11680,1.);
#11680 = DIRECTION('',(1.,0.,0.));
#11681 = ORIENTED_EDGE('',*,*,#11625,.F.);
#11682 = PLANE('',#11683);
#11683 = AXIS2_PLACEMENT_3D('',#11684,#11685,#11686);
#11684 = CARTESIAN_POINT('',(-160.,130.,240.));
#11685 = DIRECTION('',(0.,1.,0.));
#11686 = DIRECTION('',(0.,0.,1.));
#11687 = ADVANCED_FACE('',(#11688),#11694,.F.);
#11688 = FACE_BOUND('',#11689,.F.);
#11689 = EDGE_LOOP('',(#11690,#11691,#11692,#11693));
#11690 = ORIENTED_EDGE('',*,*,#11577,.F.);
#11691 = ORIENTED_EDGE('',*,*,#11647,.T.);
#11692 = ORIENTED_EDGE('',*,*,#11617,.T.);
#11693 = ORIENTED_EDGE('',*,*,#11669,.F.);
#11694 = PLANE('',#11695);
#11695 = AXIS2_PLACEMENT_3D('',#11696,#11697,#11698);
#11696 = CARTESIAN_POINT('',(-160.,-130.,240.));
#11697 = DIRECTION('',(0.,0.,1.));
#11698 = DIRECTION('',(1.,0.,0.));
#11699 = ADVANCED_FACE('',(#11700),#11706,.T.);
#11700 = FACE_BOUND('',#11701,.T.);
#11701 = EDGE_LOOP('',(#11702,#11703,#11704,#11705));
#11702 = ORIENTED_EDGE('',*,*,#11593,.F.);
#11703 = ORIENTED_EDGE('',*,*,#11654,.T.);
#11704 = ORIENTED_EDGE('',*,*,#11633,.T.);
#11705 = ORIENTED_EDGE('',*,*,#11676,.F.);
#11706 = PLANE('',#11707);
#11707 = AXIS2_PLACEMENT_3D('',#11708,#11709,#11710);
#11708 = CARTESIAN_POINT('',(-160.,-130.,243.));
#11709 = DIRECTION('',(0.,0.,1.));
#11710 = DIRECTION('',(1.,0.,0.));
#11711 = MANIFOLD_SOLID_BREP('',#11712);
#11712 = CLOSED_SHELL('',(#11713,#11753,#11793,#11815,#11837,#11849));
#11713 = ADVANCED_FACE('',(#11714),#11748,.F.);
#11714 = FACE_BOUND('',#11715,.F.);
#11715 = EDGE_LOOP('',(#11716,#11726,#11734,#11742));
#11716 = ORIENTED_EDGE('',*,*,#11717,.F.);
#11717 = EDGE_CURVE('',#11718,#11720,#11722,.T.);
#11718 = VERTEX_POINT('',#11719);
#11719 = CARTESIAN_POINT('',(-105.,-60.,95.));
#11720 = VERTEX_POINT('',#11721);
#11721 = CARTESIAN_POINT('',(-105.,-60.,98.));
#11722 = LINE('',#11723,#11724);
#11723 = CARTESIAN_POINT('',(-105.,-60.,95.));
#11724 = VECTOR('',#11725,1.);
#11725 = DIRECTION('',(0.,0.,1.));
#11726 = ORIENTED_EDGE('',*,*,#11727,.T.);
#11727 = EDGE_CURVE('',#11718,#11728,#11730,.T.);
#11728 = VERTEX_POINT('',#11729);
#11729 = CARTESIAN_POINT('',(-105.,60.,95.));
#11730 = LINE('',#11731,#11732);
#11731 = CARTESIAN_POINT('',(-105.,-60.,95.));
#11732 = VECTOR('',#11733,1.);
#11733 = DIRECTION('',(0.,1.,0.));
#11734 = ORIENTED_EDGE('',*,*,#11735,.T.);
#11735 = EDGE_CURVE('',#11728,#11736,#11738,.T.);
#11736 = VERTEX_POINT('',#11737);
#11737 = CARTESIAN_POINT('',(-105.,60.,98.));
#11738 = LINE('',#11739,#11740);
#11739 = CARTESIAN_POINT('',(-105.,60.,95.));
#11740 = VECTOR('',#11741,1.);
#11741 = DIRECTION('',(0.,0.,1.));
#11742 = ORIENTED_EDGE('',*,*,#11743,.F.);
#11743 = EDGE_CURVE('',#11720,#11736,#11744,.T.);
#11744 = LINE('',#11745,#11746);
#11745 = CARTESIAN_POINT('',(-105.,-60.,98.));
#11746 = VECTOR('',#11747,1.);
#11747 = DIRECTION('',(0.,1.,0.));
#11748 = PLANE('',#11749);
#11749 = AXIS2_PLACEMENT_3D('',#11750,#11751,#11752);
#11750 = CARTESIAN_POINT('',(-105.,-60.,95.));
#11751 = DIRECTION('',(1.,0.,0.));
#11752 = DIRECTION('',(0.,0.,1.));
#11753 = ADVANCED_FACE('',(#11754),#11788,.T.);
#11754 = FACE_BOUND('',#11755,.T.);
#11755 = EDGE_LOOP('',(#11756,#11766,#11774,#11782));
#11756 = ORIENTED_EDGE('',*,*,#11757,.F.);
#11757 = EDGE_CURVE('',#11758,#11760,#11762,.T.);
#11758 = VERTEX_POINT('',#11759);
#11759 = CARTESIAN_POINT('',(105.,-60.,95.));
#11760 = VERTEX_POINT('',#11761);
#11761 = CARTESIAN_POINT('',(105.,-60.,98.));
#11762 = LINE('',#11763,#11764);
#11763 = CARTESIAN_POINT('',(105.,-60.,95.));
#11764 = VECTOR('',#11765,1.);
#11765 = DIRECTION('',(0.,0.,1.));
#11766 = ORIENTED_EDGE('',*,*,#11767,.T.);
#11767 = EDGE_CURVE('',#11758,#11768,#11770,.T.);
#11768 = VERTEX_POINT('',#11769);
#11769 = CARTESIAN_POINT('',(105.,60.,95.));
#11770 = LINE('',#11771,#11772);
#11771 = CARTESIAN_POINT('',(105.,-60.,95.));
#11772 = VECTOR('',#11773,1.);
#11773 = DIRECTION('',(0.,1.,0.));
#11774 = ORIENTED_EDGE('',*,*,#11775,.T.);
#11775 = EDGE_CURVE('',#11768,#11776,#11778,.T.);
#11776 = VERTEX_POINT('',#11777);
#11777 = CARTESIAN_POINT('',(105.,60.,98.));
#11778 = LINE('',#11779,#11780);
#11779 = CARTESIAN_POINT('',(105.,60.,95.));
#11780 = VECTOR('',#11781,1.);
#11781 = DIRECTION('',(0.,0.,1.));
#11782 = ORIENTED_EDGE('',*,*,#11783,.F.);
#11783 = EDGE_CURVE('',#11760,#11776,#11784,.T.);
#11784 = LINE('',#11785,#11786);
#11785 = CARTESIAN_POINT('',(105.,-60.,98.));
#11786 = VECTOR('',#11787,1.);
#11787 = DIRECTION('',(0.,1.,0.));
#11788 = PLANE('',#11789);
#11789 = AXIS2_PLACEMENT_3D('',#11790,#11791,#11792);
#11790 = CARTESIAN_POINT('',(105.,-60.,95.));
#11791 = DIRECTION('',(1.,0.,0.));
#11792 = DIRECTION('',(0.,0.,1.));
#11793 = ADVANCED_FACE('',(#11794),#11810,.F.);
#11794 = FACE_BOUND('',#11795,.F.);
#11795 = EDGE_LOOP('',(#11796,#11802,#11803,#11809));
#11796 = ORIENTED_EDGE('',*,*,#11797,.F.);
#11797 = EDGE_CURVE('',#11718,#11758,#11798,.T.);
#11798 = LINE('',#11799,#11800);
#11799 = CARTESIAN_POINT('',(-105.,-60.,95.));
#11800 = VECTOR('',#11801,1.);
#11801 = DIRECTION('',(1.,0.,0.));
#11802 = ORIENTED_EDGE('',*,*,#11717,.T.);
#11803 = ORIENTED_EDGE('',*,*,#11804,.T.);
#11804 = EDGE_CURVE('',#11720,#11760,#11805,.T.);
#11805 = LINE('',#11806,#11807);
#11806 = CARTESIAN_POINT('',(-105.,-60.,98.));
#11807 = VECTOR('',#11808,1.);
#11808 = DIRECTION('',(1.,0.,0.));
#11809 = ORIENTED_EDGE('',*,*,#11757,.F.);
#11810 = PLANE('',#11811);
#11811 = AXIS2_PLACEMENT_3D('',#11812,#11813,#11814);
#11812 = CARTESIAN_POINT('',(-105.,-60.,95.));
#11813 = DIRECTION('',(0.,1.,0.));
#11814 = DIRECTION('',(0.,0.,1.));
#11815 = ADVANCED_FACE('',(#11816),#11832,.T.);
#11816 = FACE_BOUND('',#11817,.T.);
#11817 = EDGE_LOOP('',(#11818,#11824,#11825,#11831));
#11818 = ORIENTED_EDGE('',*,*,#11819,.F.);
#11819 = EDGE_CURVE('',#11728,#11768,#11820,.T.);
#11820 = LINE('',#11821,#11822);
#11821 = CARTESIAN_POINT('',(-105.,60.,95.));
#11822 = VECTOR('',#11823,1.);
#11823 = DIRECTION('',(1.,0.,0.));
#11824 = ORIENTED_EDGE('',*,*,#11735,.T.);
#11825 = ORIENTED_EDGE('',*,*,#11826,.T.);
#11826 = EDGE_CURVE('',#11736,#11776,#11827,.T.);
#11827 = LINE('',#11828,#11829);
#11828 = CARTESIAN_POINT('',(-105.,60.,98.));
#11829 = VECTOR('',#11830,1.);
#11830 = DIRECTION('',(1.,0.,0.));
#11831 = ORIENTED_EDGE('',*,*,#11775,.F.);
#11832 = PLANE('',#11833);
#11833 = AXIS2_PLACEMENT_3D('',#11834,#11835,#11836);
#11834 = CARTESIAN_POINT('',(-105.,60.,95.));
#11835 = DIRECTION('',(0.,1.,0.));
#11836 = DIRECTION('',(0.,0.,1.));
#11837 = ADVANCED_FACE('',(#11838),#11844,.F.);
#11838 = FACE_BOUND('',#11839,.F.);
#11839 = EDGE_LOOP('',(#11840,#11841,#11842,#11843));
#11840 = ORIENTED_EDGE('',*,*,#11727,.F.);
#11841 = ORIENTED_EDGE('',*,*,#11797,.T.);
#11842 = ORIENTED_EDGE('',*,*,#11767,.T.);
#11843 = ORIENTED_EDGE('',*,*,#11819,.F.);
#11844 = PLANE('',#11845);
#11845 = AXIS2_PLACEMENT_3D('',#11846,#11847,#11848);
#11846 = CARTESIAN_POINT('',(-105.,-60.,95.));
#11847 = DIRECTION('',(0.,0.,1.));
#11848 = DIRECTION('',(1.,0.,0.));
#11849 = ADVANCED_FACE('',(#11850),#11856,.T.);
#11850 = FACE_BOUND('',#11851,.T.);
#11851 = EDGE_LOOP('',(#11852,#11853,#11854,#11855));
#11852 = ORIENTED_EDGE('',*,*,#11743,.F.);
#11853 = ORIENTED_EDGE('',*,*,#11804,.T.);
#11854 = ORIENTED_EDGE('',*,*,#11783,.T.);
#11855 = ORIENTED_EDGE('',*,*,#11826,.F.);
#11856 = PLANE('',#11857);
#11857 = AXIS2_PLACEMENT_3D('',#11858,#11859,#11860);
#11858 = CARTESIAN_POINT('',(-105.,-60.,98.));
#11859 = DIRECTION('',(0.,0.,1.));
#11860 = DIRECTION('',(1.,0.,0.));
#11861 = MANIFOLD_SOLID_BREP('',#11862);
#11862 = CLOSED_SHELL('',(#11863,#11903,#11943,#11965,#11987,#11999));
#11863 = ADVANCED_FACE('',(#11864),#11898,.F.);
#11864 = FACE_BOUND('',#11865,.F.);
#11865 = EDGE_LOOP('',(#11866,#11876,#11884,#11892));
#11866 = ORIENTED_EDGE('',*,*,#11867,.F.);
#11867 = EDGE_CURVE('',#11868,#11870,#11872,.T.);
#11868 = VERTEX_POINT('',#11869);
#11869 = CARTESIAN_POINT('',(-95.,-50.,99.));
#11870 = VERTEX_POINT('',#11871);
#11871 = CARTESIAN_POINT('',(-95.,-50.,169.));
#11872 = LINE('',#11873,#11874);
#11873 = CARTESIAN_POINT('',(-95.,-50.,99.));
#11874 = VECTOR('',#11875,1.);
#11875 = DIRECTION('',(0.,0.,1.));
#11876 = ORIENTED_EDGE('',*,*,#11877,.T.);
#11877 = EDGE_CURVE('',#11868,#11878,#11880,.T.);
#11878 = VERTEX_POINT('',#11879);
#11879 = CARTESIAN_POINT('',(-95.,50.,99.));
#11880 = LINE('',#11881,#11882);
#11881 = CARTESIAN_POINT('',(-95.,-50.,99.));
#11882 = VECTOR('',#11883,1.);
#11883 = DIRECTION('',(0.,1.,0.));
#11884 = ORIENTED_EDGE('',*,*,#11885,.T.);
#11885 = EDGE_CURVE('',#11878,#11886,#11888,.T.);
#11886 = VERTEX_POINT('',#11887);
#11887 = CARTESIAN_POINT('',(-95.,50.,169.));
#11888 = LINE('',#11889,#11890);
#11889 = CARTESIAN_POINT('',(-95.,50.,99.));
#11890 = VECTOR('',#11891,1.);
#11891 = DIRECTION('',(0.,0.,1.));
#11892 = ORIENTED_EDGE('',*,*,#11893,.F.);
#11893 = EDGE_CURVE('',#11870,#11886,#11894,.T.);
#11894 = LINE('',#11895,#11896);
#11895 = CARTESIAN_POINT('',(-95.,-50.,169.));
#11896 = VECTOR('',#11897,1.);
#11897 = DIRECTION('',(0.,1.,0.));
#11898 = PLANE('',#11899);
#11899 = AXIS2_PLACEMENT_3D('',#11900,#11901,#11902);
#11900 = CARTESIAN_POINT('',(-95.,-50.,99.));
#11901 = DIRECTION('',(1.,0.,0.));
#11902 = DIRECTION('',(0.,0.,1.));
#11903 = ADVANCED_FACE('',(#11904),#11938,.T.);
#11904 = FACE_BOUND('',#11905,.T.);
#11905 = EDGE_LOOP('',(#11906,#11916,#11924,#11932));
#11906 = ORIENTED_EDGE('',*,*,#11907,.F.);
#11907 = EDGE_CURVE('',#11908,#11910,#11912,.T.);
#11908 = VERTEX_POINT('',#11909);
#11909 = CARTESIAN_POINT('',(95.,-50.,99.));
#11910 = VERTEX_POINT('',#11911);
#11911 = CARTESIAN_POINT('',(95.,-50.,169.));
#11912 = LINE('',#11913,#11914);
#11913 = CARTESIAN_POINT('',(95.,-50.,99.));
#11914 = VECTOR('',#11915,1.);
#11915 = DIRECTION('',(0.,0.,1.));
#11916 = ORIENTED_EDGE('',*,*,#11917,.T.);
#11917 = EDGE_CURVE('',#11908,#11918,#11920,.T.);
#11918 = VERTEX_POINT('',#11919);
#11919 = CARTESIAN_POINT('',(95.,50.,99.));
#11920 = LINE('',#11921,#11922);
#11921 = CARTESIAN_POINT('',(95.,-50.,99.));
#11922 = VECTOR('',#11923,1.);
#11923 = DIRECTION('',(0.,1.,0.));
#11924 = ORIENTED_EDGE('',*,*,#11925,.T.);
#11925 = EDGE_CURVE('',#11918,#11926,#11928,.T.);
#11926 = VERTEX_POINT('',#11927);
#11927 = CARTESIAN_POINT('',(95.,50.,169.));
#11928 = LINE('',#11929,#11930);
#11929 = CARTESIAN_POINT('',(95.,50.,99.));
#11930 = VECTOR('',#11931,1.);
#11931 = DIRECTION('',(0.,0.,1.));
#11932 = ORIENTED_EDGE('',*,*,#11933,.F.);
#11933 = EDGE_CURVE('',#11910,#11926,#11934,.T.);
#11934 = LINE('',#11935,#11936);
#11935 = CARTESIAN_POINT('',(95.,-50.,169.));
#11936 = VECTOR('',#11937,1.);
#11937 = DIRECTION('',(0.,1.,0.));
#11938 = PLANE('',#11939);
#11939 = AXIS2_PLACEMENT_3D('',#11940,#11941,#11942);
#11940 = CARTESIAN_POINT('',(95.,-50.,99.));
#11941 = DIRECTION('',(1.,0.,0.));
#11942 = DIRECTION('',(0.,0.,1.));
#11943 = ADVANCED_FACE('',(#11944),#11960,.F.);
#11944 = FACE_BOUND('',#11945,.F.);
#11945 = EDGE_LOOP('',(#11946,#11952,#11953,#11959));
#11946 = ORIENTED_EDGE('',*,*,#11947,.F.);
#11947 = EDGE_CURVE('',#11868,#11908,#11948,.T.);
#11948 = LINE('',#11949,#11950);
#11949 = CARTESIAN_POINT('',(-95.,-50.,99.));
#11950 = VECTOR('',#11951,1.);
#11951 = DIRECTION('',(1.,0.,0.));
#11952 = ORIENTED_EDGE('',*,*,#11867,.T.);
#11953 = ORIENTED_EDGE('',*,*,#11954,.T.);
#11954 = EDGE_CURVE('',#11870,#11910,#11955,.T.);
#11955 = LINE('',#11956,#11957);
#11956 = CARTESIAN_POINT('',(-95.,-50.,169.));
#11957 = VECTOR('',#11958,1.);
#11958 = DIRECTION('',(1.,0.,0.));
#11959 = ORIENTED_EDGE('',*,*,#11907,.F.);
#11960 = PLANE('',#11961);
#11961 = AXIS2_PLACEMENT_3D('',#11962,#11963,#11964);
#11962 = CARTESIAN_POINT('',(-95.,-50.,99.));
#11963 = DIRECTION('',(0.,1.,0.));
#11964 = DIRECTION('',(0.,0.,1.));
#11965 = ADVANCED_FACE('',(#11966),#11982,.T.);
#11966 = FACE_BOUND('',#11967,.T.);
#11967 = EDGE_LOOP('',(#11968,#11974,#11975,#11981));
#11968 = ORIENTED_EDGE('',*,*,#11969,.F.);
#11969 = EDGE_CURVE('',#11878,#11918,#11970,.T.);
#11970 = LINE('',#11971,#11972);
#11971 = CARTESIAN_POINT('',(-95.,50.,99.));
#11972 = VECTOR('',#11973,1.);
#11973 = DIRECTION('',(1.,0.,0.));
#11974 = ORIENTED_EDGE('',*,*,#11885,.T.);
#11975 = ORIENTED_EDGE('',*,*,#11976,.T.);
#11976 = EDGE_CURVE('',#11886,#11926,#11977,.T.);
#11977 = LINE('',#11978,#11979);
#11978 = CARTESIAN_POINT('',(-95.,50.,169.));
#11979 = VECTOR('',#11980,1.);
#11980 = DIRECTION('',(1.,0.,0.));
#11981 = ORIENTED_EDGE('',*,*,#11925,.F.);
#11982 = PLANE('',#11983);
#11983 = AXIS2_PLACEMENT_3D('',#11984,#11985,#11986);
#11984 = CARTESIAN_POINT('',(-95.,50.,99.));
#11985 = DIRECTION('',(0.,1.,0.));
#11986 = DIRECTION('',(0.,0.,1.));
#11987 = ADVANCED_FACE('',(#11988),#11994,.F.);
#11988 = FACE_BOUND('',#11989,.F.);
#11989 = EDGE_LOOP('',(#11990,#11991,#11992,#11993));
#11990 = ORIENTED_EDGE('',*,*,#11877,.F.);
#11991 = ORIENTED_EDGE('',*,*,#11947,.T.);
#11992 = ORIENTED_EDGE('',*,*,#11917,.T.);
#11993 = ORIENTED_EDGE('',*,*,#11969,.F.);
#11994 = PLANE('',#11995);
#11995 = AXIS2_PLACEMENT_3D('',#11996,#11997,#11998);
#11996 = CARTESIAN_POINT('',(-95.,-50.,99.));
#11997 = DIRECTION('',(0.,0.,1.));
#11998 = DIRECTION('',(1.,0.,0.));
#11999 = ADVANCED_FACE('',(#12000),#12006,.T.);
#12000 = FACE_BOUND('',#12001,.T.);
#12001 = EDGE_LOOP('',(#12002,#12003,#12004,#12005));
#12002 = ORIENTED_EDGE('',*,*,#11893,.F.);
#12003 = ORIENTED_EDGE('',*,*,#11954,.T.);
#12004 = ORIENTED_EDGE('',*,*,#11933,.T.);
#12005 = ORIENTED_EDGE('',*,*,#11976,.F.);
#12006 = PLANE('',#12007);
#12007 = AXIS2_PLACEMENT_3D('',#12008,#12009,#12010);
#12008 = CARTESIAN_POINT('',(-95.,-50.,169.));
#12009 = DIRECTION('',(0.,0.,1.));
#12010 = DIRECTION('',(1.,0.,0.));
#12011 = MANIFOLD_SOLID_BREP('',#12012);
#12012 = CLOSED_SHELL('',(#12013,#12046,#12055));
#12013 = ADVANCED_FACE('',(#12014),#12041,.T.);
#12014 = FACE_BOUND('',#12015,.T.);
#12015 = EDGE_LOOP('',(#12016,#12025,#12033,#12040));
#12016 = ORIENTED_EDGE('',*,*,#12017,.F.);
#12017 = EDGE_CURVE('',#12018,#12018,#12020,.T.);
#12018 = VERTEX_POINT('',#12019);
#12019 = CARTESIAN_POINT('',(-50.,55.,303.));
#12020 = CIRCLE('',#12021,35.);
#12021 = AXIS2_PLACEMENT_3D('',#12022,#12023,#12024);
#12022 = CARTESIAN_POINT('',(-85.,55.,303.));
#12023 = DIRECTION('',(0.,0.,1.));
#12024 = DIRECTION('',(1.,0.,0.));
#12025 = ORIENTED_EDGE('',*,*,#12026,.F.);
#12026 = EDGE_CURVE('',#12027,#12018,#12029,.T.);
#12027 = VERTEX_POINT('',#12028);
#12028 = CARTESIAN_POINT('',(-50.,55.,248.));
#12029 = LINE('',#12030,#12031);
#12030 = CARTESIAN_POINT('',(-50.,55.,248.));
#12031 = VECTOR('',#12032,1.);
#12032 = DIRECTION('',(0.,0.,1.));
#12033 = ORIENTED_EDGE('',*,*,#12034,.T.);
#12034 = EDGE_CURVE('',#12027,#12027,#12035,.T.);
#12035 = CIRCLE('',#12036,35.);
#12036 = AXIS2_PLACEMENT_3D('',#12037,#12038,#12039);
#12037 = CARTESIAN_POINT('',(-85.,55.,248.));
#12038 = DIRECTION('',(0.,0.,1.));
#12039 = DIRECTION('',(1.,0.,0.));
#12040 = ORIENTED_EDGE('',*,*,#12026,.T.);
#12041 = CYLINDRICAL_SURFACE('',#12042,35.);
#12042 = AXIS2_PLACEMENT_3D('',#12043,#12044,#12045);
#12043 = CARTESIAN_POINT('',(-85.,55.,248.));
#12044 = DIRECTION('',(0.,0.,1.));
#12045 = DIRECTION('',(1.,0.,0.));
#12046 = ADVANCED_FACE('',(#12047),#12050,.T.);
#12047 = FACE_BOUND('',#12048,.T.);
#12048 = EDGE_LOOP('',(#12049));
#12049 = ORIENTED_EDGE('',*,*,#12017,.T.);
#12050 = PLANE('',#12051);
#12051 = AXIS2_PLACEMENT_3D('',#12052,#12053,#12054);
#12052 = CARTESIAN_POINT('',(-85.,55.,303.));
#12053 = DIRECTION('',(0.,0.,1.));
#12054 = DIRECTION('',(1.,0.,0.));
#12055 = ADVANCED_FACE('',(#12056),#12059,.F.);
#12056 = FACE_BOUND('',#12057,.T.);
#12057 = EDGE_LOOP('',(#12058));
#12058 = ORIENTED_EDGE('',*,*,#12034,.F.);
#12059 = PLANE('',#12060);
#12060 = AXIS2_PLACEMENT_3D('',#12061,#12062,#12063);
#12061 = CARTESIAN_POINT('',(-85.,55.,248.));
#12062 = DIRECTION('',(0.,0.,1.));
#12063 = DIRECTION('',(1.,0.,0.));
#12064 = MANIFOLD_SOLID_BREP('',#12065);
#12065 = CLOSED_SHELL('',(#12066,#12106,#12146,#12168,#12190,#12202));
#12066 = ADVANCED_FACE('',(#12067),#12101,.F.);
#12067 = FACE_BOUND('',#12068,.F.);
#12068 = EDGE_LOOP('',(#12069,#12079,#12087,#12095));
#12069 = ORIENTED_EDGE('',*,*,#12070,.F.);
#12070 = EDGE_CURVE('',#12071,#12073,#12075,.T.);
#12071 = VERTEX_POINT('',#12072);
#12072 = CARTESIAN_POINT('',(-50.,-95.,248.));
#12073 = VERTEX_POINT('',#12074);
#12074 = CARTESIAN_POINT('',(-50.,-95.,278.));
#12075 = LINE('',#12076,#12077);
#12076 = CARTESIAN_POINT('',(-50.,-95.,248.));
#12077 = VECTOR('',#12078,1.);
#12078 = DIRECTION('',(0.,0.,1.));
#12079 = ORIENTED_EDGE('',*,*,#12080,.T.);
#12080 = EDGE_CURVE('',#12071,#12081,#12083,.T.);
#12081 = VERTEX_POINT('',#12082);
#12082 = CARTESIAN_POINT('',(-50.,-25.,248.));
#12083 = LINE('',#12084,#12085);
#12084 = CARTESIAN_POINT('',(-50.,-95.,248.));
#12085 = VECTOR('',#12086,1.);
#12086 = DIRECTION('',(0.,1.,0.));
#12087 = ORIENTED_EDGE('',*,*,#12088,.T.);
#12088 = EDGE_CURVE('',#12081,#12089,#12091,.T.);
#12089 = VERTEX_POINT('',#12090);
#12090 = CARTESIAN_POINT('',(-50.,-25.,278.));
#12091 = LINE('',#12092,#12093);
#12092 = CARTESIAN_POINT('',(-50.,-25.,248.));
#12093 = VECTOR('',#12094,1.);
#12094 = DIRECTION('',(0.,0.,1.));
#12095 = ORIENTED_EDGE('',*,*,#12096,.F.);
#12096 = EDGE_CURVE('',#12073,#12089,#12097,.T.);
#12097 = LINE('',#12098,#12099);
#12098 = CARTESIAN_POINT('',(-50.,-95.,278.));
#12099 = VECTOR('',#12100,1.);
#12100 = DIRECTION('',(0.,1.,0.));
#12101 = PLANE('',#12102);
#12102 = AXIS2_PLACEMENT_3D('',#12103,#12104,#12105);
#12103 = CARTESIAN_POINT('',(-50.,-95.,248.));
#12104 = DIRECTION('',(1.,0.,0.));
#12105 = DIRECTION('',(0.,0.,1.));
#12106 = ADVANCED_FACE('',(#12107),#12141,.T.);
#12107 = FACE_BOUND('',#12108,.T.);
#12108 = EDGE_LOOP('',(#12109,#12119,#12127,#12135));
#12109 = ORIENTED_EDGE('',*,*,#12110,.F.);
#12110 = EDGE_CURVE('',#12111,#12113,#12115,.T.);
#12111 = VERTEX_POINT('',#12112);
#12112 = CARTESIAN_POINT('',(50.,-95.,248.));
#12113 = VERTEX_POINT('',#12114);
#12114 = CARTESIAN_POINT('',(50.,-95.,278.));
#12115 = LINE('',#12116,#12117);
#12116 = CARTESIAN_POINT('',(50.,-95.,248.));
#12117 = VECTOR('',#12118,1.);
#12118 = DIRECTION('',(0.,0.,1.));
#12119 = ORIENTED_EDGE('',*,*,#12120,.T.);
#12120 = EDGE_CURVE('',#12111,#12121,#12123,.T.);
#12121 = VERTEX_POINT('',#12122);
#12122 = CARTESIAN_POINT('',(50.,-25.,248.));
#12123 = LINE('',#12124,#12125);
#12124 = CARTESIAN_POINT('',(50.,-95.,248.));
#12125 = VECTOR('',#12126,1.);
#12126 = DIRECTION('',(0.,1.,0.));
#12127 = ORIENTED_EDGE('',*,*,#12128,.T.);
#12128 = EDGE_CURVE('',#12121,#12129,#12131,.T.);
#12129 = VERTEX_POINT('',#12130);
#12130 = CARTESIAN_POINT('',(50.,-25.,278.));
#12131 = LINE('',#12132,#12133);
#12132 = CARTESIAN_POINT('',(50.,-25.,248.));
#12133 = VECTOR('',#12134,1.);
#12134 = DIRECTION('',(0.,0.,1.));
#12135 = ORIENTED_EDGE('',*,*,#12136,.F.);
#12136 = EDGE_CURVE('',#12113,#12129,#12137,.T.);
#12137 = LINE('',#12138,#12139);
#12138 = CARTESIAN_POINT('',(50.,-95.,278.));
#12139 = VECTOR('',#12140,1.);
#12140 = DIRECTION('',(0.,1.,0.));
#12141 = PLANE('',#12142);
#12142 = AXIS2_PLACEMENT_3D('',#12143,#12144,#12145);
#12143 = CARTESIAN_POINT('',(50.,-95.,248.));
#12144 = DIRECTION('',(1.,0.,0.));
#12145 = DIRECTION('',(0.,0.,1.));
#12146 = ADVANCED_FACE('',(#12147),#12163,.F.);
#12147 = FACE_BOUND('',#12148,.F.);
#12148 = EDGE_LOOP('',(#12149,#12155,#12156,#12162));
#12149 = ORIENTED_EDGE('',*,*,#12150,.F.);
#12150 = EDGE_CURVE('',#12071,#12111,#12151,.T.);
#12151 = LINE('',#12152,#12153);
#12152 = CARTESIAN_POINT('',(-50.,-95.,248.));
#12153 = VECTOR('',#12154,1.);
#12154 = DIRECTION('',(1.,0.,0.));
#12155 = ORIENTED_EDGE('',*,*,#12070,.T.);
#12156 = ORIENTED_EDGE('',*,*,#12157,.T.);
#12157 = EDGE_CURVE('',#12073,#12113,#12158,.T.);
#12158 = LINE('',#12159,#12160);
#12159 = CARTESIAN_POINT('',(-50.,-95.,278.));
#12160 = VECTOR('',#12161,1.);
#12161 = DIRECTION('',(1.,0.,0.));
#12162 = ORIENTED_EDGE('',*,*,#12110,.F.);
#12163 = PLANE('',#12164);
#12164 = AXIS2_PLACEMENT_3D('',#12165,#12166,#12167);
#12165 = CARTESIAN_POINT('',(-50.,-95.,248.));
#12166 = DIRECTION('',(0.,1.,0.));
#12167 = DIRECTION('',(0.,0.,1.));
#12168 = ADVANCED_FACE('',(#12169),#12185,.T.);
#12169 = FACE_BOUND('',#12170,.T.);
#12170 = EDGE_LOOP('',(#12171,#12177,#12178,#12184));
#12171 = ORIENTED_EDGE('',*,*,#12172,.F.);
#12172 = EDGE_CURVE('',#12081,#12121,#12173,.T.);
#12173 = LINE('',#12174,#12175);
#12174 = CARTESIAN_POINT('',(-50.,-25.,248.));
#12175 = VECTOR('',#12176,1.);
#12176 = DIRECTION('',(1.,0.,0.));
#12177 = ORIENTED_EDGE('',*,*,#12088,.T.);
#12178 = ORIENTED_EDGE('',*,*,#12179,.T.);
#12179 = EDGE_CURVE('',#12089,#12129,#12180,.T.);
#12180 = LINE('',#12181,#12182);
#12181 = CARTESIAN_POINT('',(-50.,-25.,278.));
#12182 = VECTOR('',#12183,1.);
#12183 = DIRECTION('',(1.,0.,0.));
#12184 = ORIENTED_EDGE('',*,*,#12128,.F.);
#12185 = PLANE('',#12186);
#12186 = AXIS2_PLACEMENT_3D('',#12187,#12188,#12189);
#12187 = CARTESIAN_POINT('',(-50.,-25.,248.));
#12188 = DIRECTION('',(0.,1.,0.));
#12189 = DIRECTION('',(0.,0.,1.));
#12190 = ADVANCED_FACE('',(#12191),#12197,.F.);
#12191 = FACE_BOUND('',#12192,.F.);
#12192 = EDGE_LOOP('',(#12193,#12194,#12195,#12196));
#12193 = ORIENTED_EDGE('',*,*,#12080,.F.);
#12194 = ORIENTED_EDGE('',*,*,#12150,.T.);
#12195 = ORIENTED_EDGE('',*,*,#12120,.T.);
#12196 = ORIENTED_EDGE('',*,*,#12172,.F.);
#12197 = PLANE('',#12198);
#12198 = AXIS2_PLACEMENT_3D('',#12199,#12200,#12201);
#12199 = CARTESIAN_POINT('',(-50.,-95.,248.));
#12200 = DIRECTION('',(0.,0.,1.));
#12201 = DIRECTION('',(1.,0.,0.));
#12202 = ADVANCED_FACE('',(#12203),#12209,.T.);
#12203 = FACE_BOUND('',#12204,.T.);
#12204 = EDGE_LOOP('',(#12205,#12206,#12207,#12208));
#12205 = ORIENTED_EDGE('',*,*,#12096,.F.);
#12206 = ORIENTED_EDGE('',*,*,#12157,.T.);
#12207 = ORIENTED_EDGE('',*,*,#12136,.T.);
#12208 = ORIENTED_EDGE('',*,*,#12179,.F.);
#12209 = PLANE('',#12210);
#12210 = AXIS2_PLACEMENT_3D('',#12211,#12212,#12213);
#12211 = CARTESIAN_POINT('',(-50.,-95.,278.));
#12212 = DIRECTION('',(0.,0.,1.));
#12213 = DIRECTION('',(1.,0.,0.));
#12214 = MANIFOLD_SOLID_BREP('',#12215);
#12215 = CLOSED_SHELL('',(#12216,#12256,#12296,#12318,#12340,#12352));
#12216 = ADVANCED_FACE('',(#12217),#12251,.F.);
#12217 = FACE_BOUND('',#12218,.F.);
#12218 = EDGE_LOOP('',(#12219,#12229,#12237,#12245));
#12219 = ORIENTED_EDGE('',*,*,#12220,.F.);
#12220 = EDGE_CURVE('',#12221,#12223,#12225,.T.);
#12221 = VERTEX_POINT('',#12222);
#12222 = CARTESIAN_POINT('',(115.,-25.,248.));
#12223 = VERTEX_POINT('',#12224);
#12224 = CARTESIAN_POINT('',(115.,-25.,283.));
#12225 = LINE('',#12226,#12227);
#12226 = CARTESIAN_POINT('',(115.,-25.,248.));
#12227 = VECTOR('',#12228,1.);
#12228 = DIRECTION('',(0.,0.,1.));
#12229 = ORIENTED_EDGE('',*,*,#12230,.T.);
#12230 = EDGE_CURVE('',#12221,#12231,#12233,.T.);
#12231 = VERTEX_POINT('',#12232);
#12232 = CARTESIAN_POINT('',(115.,25.,248.));
#12233 = LINE('',#12234,#12235);
#12234 = CARTESIAN_POINT('',(115.,-25.,248.));
#12235 = VECTOR('',#12236,1.);
#12236 = DIRECTION('',(0.,1.,0.));
#12237 = ORIENTED_EDGE('',*,*,#12238,.T.);
#12238 = EDGE_CURVE('',#12231,#12239,#12241,.T.);
#12239 = VERTEX_POINT('',#12240);
#12240 = CARTESIAN_POINT('',(115.,25.,283.));
#12241 = LINE('',#12242,#12243);
#12242 = CARTESIAN_POINT('',(115.,25.,248.));
#12243 = VECTOR('',#12244,1.);
#12244 = DIRECTION('',(0.,0.,1.));
#12245 = ORIENTED_EDGE('',*,*,#12246,.F.);
#12246 = EDGE_CURVE('',#12223,#12239,#12247,.T.);
#12247 = LINE('',#12248,#12249);
#12248 = CARTESIAN_POINT('',(115.,-25.,283.));
#12249 = VECTOR('',#12250,1.);
#12250 = DIRECTION('',(0.,1.,0.));
#12251 = PLANE('',#12252);
#12252 = AXIS2_PLACEMENT_3D('',#12253,#12254,#12255);
#12253 = CARTESIAN_POINT('',(115.,-25.,248.));
#12254 = DIRECTION('',(1.,0.,0.));
#12255 = DIRECTION('',(0.,0.,1.));
#12256 = ADVANCED_FACE('',(#12257),#12291,.T.);
#12257 = FACE_BOUND('',#12258,.T.);
#12258 = EDGE_LOOP('',(#12259,#12269,#12277,#12285));
#12259 = ORIENTED_EDGE('',*,*,#12260,.F.);
#12260 = EDGE_CURVE('',#12261,#12263,#12265,.T.);
#12261 = VERTEX_POINT('',#12262);
#12262 = CARTESIAN_POINT('',(155.,-25.,248.));
#12263 = VERTEX_POINT('',#12264);
#12264 = CARTESIAN_POINT('',(155.,-25.,283.));
#12265 = LINE('',#12266,#12267);
#12266 = CARTESIAN_POINT('',(155.,-25.,248.));
#12267 = VECTOR('',#12268,1.);
#12268 = DIRECTION('',(0.,0.,1.));
#12269 = ORIENTED_EDGE('',*,*,#12270,.T.);
#12270 = EDGE_CURVE('',#12261,#12271,#12273,.T.);
#12271 = VERTEX_POINT('',#12272);
#12272 = CARTESIAN_POINT('',(155.,25.,248.));
#12273 = LINE('',#12274,#12275);
#12274 = CARTESIAN_POINT('',(155.,-25.,248.));
#12275 = VECTOR('',#12276,1.);
#12276 = DIRECTION('',(0.,1.,0.));
#12277 = ORIENTED_EDGE('',*,*,#12278,.T.);
#12278 = EDGE_CURVE('',#12271,#12279,#12281,.T.);
#12279 = VERTEX_POINT('',#12280);
#12280 = CARTESIAN_POINT('',(155.,25.,283.));
#12281 = LINE('',#12282,#12283);
#12282 = CARTESIAN_POINT('',(155.,25.,248.));
#12283 = VECTOR('',#12284,1.);
#12284 = DIRECTION('',(0.,0.,1.));
#12285 = ORIENTED_EDGE('',*,*,#12286,.F.);
#12286 = EDGE_CURVE('',#12263,#12279,#12287,.T.);
#12287 = LINE('',#12288,#12289);
#12288 = CARTESIAN_POINT('',(155.,-25.,283.));
#12289 = VECTOR('',#12290,1.);
#12290 = DIRECTION('',(0.,1.,0.));
#12291 = PLANE('',#12292);
#12292 = AXIS2_PLACEMENT_3D('',#12293,#12294,#12295);
#12293 = CARTESIAN_POINT('',(155.,-25.,248.));
#12294 = DIRECTION('',(1.,0.,0.));
#12295 = DIRECTION('',(0.,0.,1.));
#12296 = ADVANCED_FACE('',(#12297),#12313,.F.);
#12297 = FACE_BOUND('',#12298,.F.);
#12298 = EDGE_LOOP('',(#12299,#12305,#12306,#12312));
#12299 = ORIENTED_EDGE('',*,*,#12300,.F.);
#12300 = EDGE_CURVE('',#12221,#12261,#12301,.T.);
#12301 = LINE('',#12302,#12303);
#12302 = CARTESIAN_POINT('',(115.,-25.,248.));
#12303 = VECTOR('',#12304,1.);
#12304 = DIRECTION('',(1.,0.,0.));
#12305 = ORIENTED_EDGE('',*,*,#12220,.T.);
#12306 = ORIENTED_EDGE('',*,*,#12307,.T.);
#12307 = EDGE_CURVE('',#12223,#12263,#12308,.T.);
#12308 = LINE('',#12309,#12310);
#12309 = CARTESIAN_POINT('',(115.,-25.,283.));
#12310 = VECTOR('',#12311,1.);
#12311 = DIRECTION('',(1.,0.,0.));
#12312 = ORIENTED_EDGE('',*,*,#12260,.F.);
#12313 = PLANE('',#12314);
#12314 = AXIS2_PLACEMENT_3D('',#12315,#12316,#12317);
#12315 = CARTESIAN_POINT('',(115.,-25.,248.));
#12316 = DIRECTION('',(0.,1.,0.));
#12317 = DIRECTION('',(0.,0.,1.));
#12318 = ADVANCED_FACE('',(#12319),#12335,.T.);
#12319 = FACE_BOUND('',#12320,.T.);
#12320 = EDGE_LOOP('',(#12321,#12327,#12328,#12334));
#12321 = ORIENTED_EDGE('',*,*,#12322,.F.);
#12322 = EDGE_CURVE('',#12231,#12271,#12323,.T.);
#12323 = LINE('',#12324,#12325);
#12324 = CARTESIAN_POINT('',(115.,25.,248.));
#12325 = VECTOR('',#12326,1.);
#12326 = DIRECTION('',(1.,0.,0.));
#12327 = ORIENTED_EDGE('',*,*,#12238,.T.);
#12328 = ORIENTED_EDGE('',*,*,#12329,.T.);
#12329 = EDGE_CURVE('',#12239,#12279,#12330,.T.);
#12330 = LINE('',#12331,#12332);
#12331 = CARTESIAN_POINT('',(115.,25.,283.));
#12332 = VECTOR('',#12333,1.);
#12333 = DIRECTION('',(1.,0.,0.));
#12334 = ORIENTED_EDGE('',*,*,#12278,.F.);
#12335 = PLANE('',#12336);
#12336 = AXIS2_PLACEMENT_3D('',#12337,#12338,#12339);
#12337 = CARTESIAN_POINT('',(115.,25.,248.));
#12338 = DIRECTION('',(0.,1.,0.));
#12339 = DIRECTION('',(0.,0.,1.));
#12340 = ADVANCED_FACE('',(#12341),#12347,.F.);
#12341 = FACE_BOUND('',#12342,.F.);
#12342 = EDGE_LOOP('',(#12343,#12344,#12345,#12346));
#12343 = ORIENTED_EDGE('',*,*,#12230,.F.);
#12344 = ORIENTED_EDGE('',*,*,#12300,.T.);
#12345 = ORIENTED_EDGE('',*,*,#12270,.T.);
#12346 = ORIENTED_EDGE('',*,*,#12322,.F.);
#12347 = PLANE('',#12348);
#12348 = AXIS2_PLACEMENT_3D('',#12349,#12350,#12351);
#12349 = CARTESIAN_POINT('',(115.,-25.,248.));
#12350 = DIRECTION('',(0.,0.,1.));
#12351 = DIRECTION('',(1.,0.,0.));
#12352 = ADVANCED_FACE('',(#12353),#12359,.T.);
#12353 = FACE_BOUND('',#12354,.T.);
#12354 = EDGE_LOOP('',(#12355,#12356,#12357,#12358));
#12355 = ORIENTED_EDGE('',*,*,#12246,.F.);
#12356 = ORIENTED_EDGE('',*,*,#12307,.T.);
#12357 = ORIENTED_EDGE('',*,*,#12286,.T.);
#12358 = ORIENTED_EDGE('',*,*,#12329,.F.);
#12359 = PLANE('',#12360);
#12360 = AXIS2_PLACEMENT_3D('',#12361,#12362,#12363);
#12361 = CARTESIAN_POINT('',(115.,-25.,283.));
#12362 = DIRECTION('',(0.,0.,1.));
#12363 = DIRECTION('',(1.,0.,0.));
#12364 = MANIFOLD_SOLID_BREP('',#12365);
#12365 = CLOSED_SHELL('',(#12366,#12399,#12419,#12439));
#12366 = ADVANCED_FACE('',(#12367),#12394,.T.);
#12367 = FACE_BOUND('',#12368,.T.);
#12368 = EDGE_LOOP('',(#12369,#12378,#12386,#12393));
#12369 = ORIENTED_EDGE('',*,*,#12370,.F.);
#12370 = EDGE_CURVE('',#12371,#12371,#12373,.T.);
#12371 = VERTEX_POINT('',#12372);
#12372 = CARTESIAN_POINT('',(180.,-162.,74.));
#12373 = CIRCLE('',#12374,10.5);
#12374 = AXIS2_PLACEMENT_3D('',#12375,#12376,#12377);
#12375 = CARTESIAN_POINT('',(180.,-162.,84.5));
#12376 = DIRECTION('',(0.,-1.,0.));
#12377 = DIRECTION('',(0.,0.,-1.));
#12378 = ORIENTED_EDGE('',*,*,#12379,.F.);
#12379 = EDGE_CURVE('',#12380,#12371,#12382,.T.);
#12380 = VERTEX_POINT('',#12381);
#12381 = CARTESIAN_POINT('',(180.,-158.,74.));
#12382 = LINE('',#12383,#12384);
#12383 = CARTESIAN_POINT('',(180.,-158.,74.));
#12384 = VECTOR('',#12385,1.);
#12385 = DIRECTION('',(0.,-1.,0.));
#12386 = ORIENTED_EDGE('',*,*,#12387,.T.);
#12387 = EDGE_CURVE('',#12380,#12380,#12388,.T.);
#12388 = CIRCLE('',#12389,10.5);
#12389 = AXIS2_PLACEMENT_3D('',#12390,#12391,#12392);
#12390 = CARTESIAN_POINT('',(180.,-158.,84.5));
#12391 = DIRECTION('',(0.,-1.,0.));
#12392 = DIRECTION('',(0.,0.,-1.));
#12393 = ORIENTED_EDGE('',*,*,#12379,.T.);
#12394 = CYLINDRICAL_SURFACE('',#12395,10.5);
#12395 = AXIS2_PLACEMENT_3D('',#12396,#12397,#12398);
#12396 = CARTESIAN_POINT('',(180.,-158.,84.5));
#12397 = DIRECTION('',(0.,-1.,0.));
#12398 = DIRECTION('',(0.,0.,-1.));
#12399 = ADVANCED_FACE('',(#12400,#12403),#12414,.T.);
#12400 = FACE_BOUND('',#12401,.T.);
#12401 = EDGE_LOOP('',(#12402));
#12402 = ORIENTED_EDGE('',*,*,#12370,.T.);
#12403 = FACE_BOUND('',#12404,.T.);
#12404 = EDGE_LOOP('',(#12405));
#12405 = ORIENTED_EDGE('',*,*,#12406,.F.);
#12406 = EDGE_CURVE('',#12407,#12407,#12409,.T.);
#12407 = VERTEX_POINT('',#12408);
#12408 = CARTESIAN_POINT('',(180.,-162.,77.));
#12409 = CIRCLE('',#12410,7.5);
#12410 = AXIS2_PLACEMENT_3D('',#12411,#12412,#12413);
#12411 = CARTESIAN_POINT('',(180.,-162.,84.5));
#12412 = DIRECTION('',(0.,-1.,0.));
#12413 = DIRECTION('',(0.,0.,-1.));
#12414 = PLANE('',#12415);
#12415 = AXIS2_PLACEMENT_3D('',#12416,#12417,#12418);
#12416 = CARTESIAN_POINT('',(180.,-162.,84.5));
#12417 = DIRECTION('',(0.,-1.,0.));
#12418 = DIRECTION('',(0.,0.,-1.));
#12419 = ADVANCED_FACE('',(#12420,#12423),#12434,.F.);
#12420 = FACE_BOUND('',#12421,.F.);
#12421 = EDGE_LOOP('',(#12422));
#12422 = ORIENTED_EDGE('',*,*,#12387,.T.);
#12423 = FACE_BOUND('',#12424,.F.);
#12424 = EDGE_LOOP('',(#12425));
#12425 = ORIENTED_EDGE('',*,*,#12426,.F.);
#12426 = EDGE_CURVE('',#12427,#12427,#12429,.T.);
#12427 = VERTEX_POINT('',#12428);
#12428 = CARTESIAN_POINT('',(180.,-158.,77.));
#12429 = CIRCLE('',#12430,7.5);
#12430 = AXIS2_PLACEMENT_3D('',#12431,#12432,#12433);
#12431 = CARTESIAN_POINT('',(180.,-158.,84.5));
#12432 = DIRECTION('',(0.,-1.,0.));
#12433 = DIRECTION('',(0.,0.,-1.));
#12434 = PLANE('',#12435);
#12435 = AXIS2_PLACEMENT_3D('',#12436,#12437,#12438);
#12436 = CARTESIAN_POINT('',(180.,-158.,84.5));
#12437 = DIRECTION('',(0.,-1.,0.));
#12438 = DIRECTION('',(0.,0.,-1.));
#12439 = ADVANCED_FACE('',(#12440),#12451,.F.);
#12440 = FACE_BOUND('',#12441,.F.);
#12441 = EDGE_LOOP('',(#12442,#12443,#12449,#12450));
#12442 = ORIENTED_EDGE('',*,*,#12406,.F.);
#12443 = ORIENTED_EDGE('',*,*,#12444,.F.);
#12444 = EDGE_CURVE('',#12427,#12407,#12445,.T.);
#12445 = LINE('',#12446,#12447);
#12446 = CARTESIAN_POINT('',(180.,-158.,77.));
#12447 = VECTOR('',#12448,1.);
#12448 = DIRECTION('',(0.,-1.,0.));
#12449 = ORIENTED_EDGE('',*,*,#12426,.T.);
#12450 = ORIENTED_EDGE('',*,*,#12444,.T.);
#12451 = CYLINDRICAL_SURFACE('',#12452,7.5);
#12452 = AXIS2_PLACEMENT_3D('',#12453,#12454,#12455);
#12453 = CARTESIAN_POINT('',(180.,-158.,84.5));
#12454 = DIRECTION('',(0.,-1.,0.));
#12455 = DIRECTION('',(0.,0.,-1.));
#12456 = MANIFOLD_SOLID_BREP('',#12457);
#12457 = CLOSED_SHELL('',(#12458,#12491,#12511,#12531));
#12458 = ADVANCED_FACE('',(#12459),#12486,.T.);
#12459 = FACE_BOUND('',#12460,.T.);
#12460 = EDGE_LOOP('',(#12461,#12470,#12478,#12485));
#12461 = ORIENTED_EDGE('',*,*,#12462,.F.);
#12462 = EDGE_CURVE('',#12463,#12463,#12465,.T.);
#12463 = VERTEX_POINT('',#12464);
#12464 = CARTESIAN_POINT('',(180.,-173.,76.5));
#12465 = CIRCLE('',#12466,8.);
#12466 = AXIS2_PLACEMENT_3D('',#12467,#12468,#12469);
#12467 = CARTESIAN_POINT('',(180.,-173.,84.5));
#12468 = DIRECTION('',(0.,-1.,0.));
#12469 = DIRECTION('',(0.,0.,-1.));
#12470 = ORIENTED_EDGE('',*,*,#12471,.F.);
#12471 = EDGE_CURVE('',#12472,#12463,#12474,.T.);
#12472 = VERTEX_POINT('',#12473);
#12473 = CARTESIAN_POINT('',(180.,-168.,76.5));
#12474 = LINE('',#12475,#12476);
#12475 = CARTESIAN_POINT('',(180.,-168.,76.5));
#12476 = VECTOR('',#12477,1.);
#12477 = DIRECTION('',(0.,-1.,0.));
#12478 = ORIENTED_EDGE('',*,*,#12479,.T.);
#12479 = EDGE_CURVE('',#12472,#12472,#12480,.T.);
#12480 = CIRCLE('',#12481,8.);
#12481 = AXIS2_PLACEMENT_3D('',#12482,#12483,#12484);
#12482 = CARTESIAN_POINT('',(180.,-168.,84.5));
#12483 = DIRECTION('',(0.,-1.,0.));
#12484 = DIRECTION('',(0.,0.,-1.));
#12485 = ORIENTED_EDGE('',*,*,#12471,.T.);
#12486 = CYLINDRICAL_SURFACE('',#12487,8.);
#12487 = AXIS2_PLACEMENT_3D('',#12488,#12489,#12490);
#12488 = CARTESIAN_POINT('',(180.,-168.,84.5));
#12489 = DIRECTION('',(0.,-1.,0.));
#12490 = DIRECTION('',(0.,0.,-1.));
#12491 = ADVANCED_FACE('',(#12492,#12495),#12506,.T.);
#12492 = FACE_BOUND('',#12493,.T.);
#12493 = EDGE_LOOP('',(#12494));
#12494 = ORIENTED_EDGE('',*,*,#12462,.T.);
#12495 = FACE_BOUND('',#12496,.T.);
#12496 = EDGE_LOOP('',(#12497));
#12497 = ORIENTED_EDGE('',*,*,#12498,.F.);
#12498 = EDGE_CURVE('',#12499,#12499,#12501,.T.);
#12499 = VERTEX_POINT('',#12500);
#12500 = CARTESIAN_POINT('',(180.,-173.,80.5));
#12501 = CIRCLE('',#12502,4.);
#12502 = AXIS2_PLACEMENT_3D('',#12503,#12504,#12505);
#12503 = CARTESIAN_POINT('',(180.,-173.,84.5));
#12504 = DIRECTION('',(0.,-1.,0.));
#12505 = DIRECTION('',(0.,0.,-1.));
#12506 = PLANE('',#12507);
#12507 = AXIS2_PLACEMENT_3D('',#12508,#12509,#12510);
#12508 = CARTESIAN_POINT('',(180.,-173.,84.5));
#12509 = DIRECTION('',(0.,-1.,0.));
#12510 = DIRECTION('',(0.,0.,-1.));
#12511 = ADVANCED_FACE('',(#12512,#12515),#12526,.F.);
#12512 = FACE_BOUND('',#12513,.F.);
#12513 = EDGE_LOOP('',(#12514));
#12514 = ORIENTED_EDGE('',*,*,#12479,.T.);
#12515 = FACE_BOUND('',#12516,.F.);
#12516 = EDGE_LOOP('',(#12517));
#12517 = ORIENTED_EDGE('',*,*,#12518,.F.);
#12518 = EDGE_CURVE('',#12519,#12519,#12521,.T.);
#12519 = VERTEX_POINT('',#12520);
#12520 = CARTESIAN_POINT('',(180.,-168.,80.5));
#12521 = CIRCLE('',#12522,4.);
#12522 = AXIS2_PLACEMENT_3D('',#12523,#12524,#12525);
#12523 = CARTESIAN_POINT('',(180.,-168.,84.5));
#12524 = DIRECTION('',(0.,-1.,0.));
#12525 = DIRECTION('',(0.,0.,-1.));
#12526 = PLANE('',#12527);
#12527 = AXIS2_PLACEMENT_3D('',#12528,#12529,#12530);
#12528 = CARTESIAN_POINT('',(180.,-168.,84.5));
#12529 = DIRECTION('',(0.,-1.,0.));
#12530 = DIRECTION('',(0.,0.,-1.));
#12531 = ADVANCED_FACE('',(#12532),#12543,.F.);
#12532 = FACE_BOUND('',#12533,.F.);
#12533 = EDGE_LOOP('',(#12534,#12535,#12541,#12542));
#12534 = ORIENTED_EDGE('',*,*,#12498,.F.);
#12535 = ORIENTED_EDGE('',*,*,#12536,.F.);
#12536 = EDGE_CURVE('',#12519,#12499,#12537,.T.);
#12537 = LINE('',#12538,#12539);
#12538 = CARTESIAN_POINT('',(180.,-168.,80.5));
#12539 = VECTOR('',#12540,1.);
#12540 = DIRECTION('',(0.,-1.,0.));
#12541 = ORIENTED_EDGE('',*,*,#12518,.T.);
#12542 = ORIENTED_EDGE('',*,*,#12536,.T.);
#12543 = CYLINDRICAL_SURFACE('',#12544,4.);
#12544 = AXIS2_PLACEMENT_3D('',#12545,#12546,#12547);
#12545 = CARTESIAN_POINT('',(180.,-168.,84.5));
#12546 = DIRECTION('',(0.,-1.,0.));
#12547 = DIRECTION('',(0.,0.,-1.));
#12548 = MANIFOLD_SOLID_BREP('',#12549);
#12549 = CLOSED_SHELL('',(#12550,#12590,#12621,#12652,#12696,#12740,
    #12757,#12774,#12786));
#12550 = ADVANCED_FACE('',(#12551),#12585,.F.);
#12551 = FACE_BOUND('',#12552,.F.);
#12552 = EDGE_LOOP('',(#12553,#12563,#12571,#12579));
#12553 = ORIENTED_EDGE('',*,*,#12554,.T.);
#12554 = EDGE_CURVE('',#12555,#12557,#12559,.T.);
#12555 = VERTEX_POINT('',#12556);
#12556 = CARTESIAN_POINT('',(189.81495457622,-174.,84.5));
#12557 = VERTEX_POINT('',#12558);
#12558 = CARTESIAN_POINT('',(189.81495457622,-190.5,84.5));
#12559 = LINE('',#12560,#12561);
#12560 = CARTESIAN_POINT('',(189.81495457622,-174.,84.5));
#12561 = VECTOR('',#12562,1.);
#12562 = DIRECTION('',(0.,-1.,0.));
#12563 = ORIENTED_EDGE('',*,*,#12564,.T.);
#12564 = EDGE_CURVE('',#12557,#12565,#12567,.T.);
#12565 = VERTEX_POINT('',#12566);
#12566 = CARTESIAN_POINT('',(184.90747728811,-190.5,93.));
#12567 = LINE('',#12568,#12569);
#12568 = CARTESIAN_POINT('',(189.81495457622,-190.5,84.5));
#12569 = VECTOR('',#12570,1.);
#12570 = DIRECTION('',(-0.5,0.,0.866025403784));
#12571 = ORIENTED_EDGE('',*,*,#12572,.F.);
#12572 = EDGE_CURVE('',#12573,#12565,#12575,.T.);
#12573 = VERTEX_POINT('',#12574);
#12574 = CARTESIAN_POINT('',(184.90747728811,-174.,93.));
#12575 = LINE('',#12576,#12577);
#12576 = CARTESIAN_POINT('',(184.90747728811,-174.,93.));
#12577 = VECTOR('',#12578,1.);
#12578 = DIRECTION('',(0.,-1.,0.));
#12579 = ORIENTED_EDGE('',*,*,#12580,.F.);
#12580 = EDGE_CURVE('',#12555,#12573,#12581,.T.);
#12581 = LINE('',#12582,#12583);
#12582 = CARTESIAN_POINT('',(189.81495457622,-174.,84.5));
#12583 = VECTOR('',#12584,1.);
#12584 = DIRECTION('',(-0.5,0.,0.866025403784));
#12585 = PLANE('',#12586);
#12586 = AXIS2_PLACEMENT_3D('',#12587,#12588,#12589);
#12587 = CARTESIAN_POINT('',(189.81495457622,-174.,84.5));
#12588 = DIRECTION('',(-0.866025403784,-0.,-0.5));
#12589 = DIRECTION('',(-0.5,0.,0.866025403784));
#12590 = ADVANCED_FACE('',(#12591),#12616,.F.);
#12591 = FACE_BOUND('',#12592,.F.);
#12592 = EDGE_LOOP('',(#12593,#12603,#12609,#12610));
#12593 = ORIENTED_EDGE('',*,*,#12594,.T.);
#12594 = EDGE_CURVE('',#12595,#12597,#12599,.T.);
#12595 = VERTEX_POINT('',#12596);
#12596 = CARTESIAN_POINT('',(184.90747728811,-174.,76.));
#12597 = VERTEX_POINT('',#12598);
#12598 = CARTESIAN_POINT('',(184.90747728811,-190.5,76.));
#12599 = LINE('',#12600,#12601);
#12600 = CARTESIAN_POINT('',(184.90747728811,-174.,76.));
#12601 = VECTOR('',#12602,1.);
#12602 = DIRECTION('',(0.,-1.,0.));
#12603 = ORIENTED_EDGE('',*,*,#12604,.T.);
#12604 = EDGE_CURVE('',#12597,#12557,#12605,.T.);
#12605 = LINE('',#12606,#12607);
#12606 = CARTESIAN_POINT('',(184.90747728811,-190.5,76.));
#12607 = VECTOR('',#12608,1.);
#12608 = DIRECTION('',(0.5,0.,0.866025403784));
#12609 = ORIENTED_EDGE('',*,*,#12554,.F.);
#12610 = ORIENTED_EDGE('',*,*,#12611,.F.);
#12611 = EDGE_CURVE('',#12595,#12555,#12612,.T.);
#12612 = LINE('',#12613,#12614);
#12613 = CARTESIAN_POINT('',(184.90747728811,-174.,76.));
#12614 = VECTOR('',#12615,1.);
#12615 = DIRECTION('',(0.5,0.,0.866025403784));
#12616 = PLANE('',#12617);
#12617 = AXIS2_PLACEMENT_3D('',#12618,#12619,#12620);
#12618 = CARTESIAN_POINT('',(184.90747728811,-174.,76.));
#12619 = DIRECTION('',(-0.866025403784,0.,0.5));
#12620 = DIRECTION('',(0.5,0.,0.866025403784));
#12621 = ADVANCED_FACE('',(#12622),#12647,.F.);
#12622 = FACE_BOUND('',#12623,.F.);
#12623 = EDGE_LOOP('',(#12624,#12625,#12633,#12641));
#12624 = ORIENTED_EDGE('',*,*,#12572,.T.);
#12625 = ORIENTED_EDGE('',*,*,#12626,.T.);
#12626 = EDGE_CURVE('',#12565,#12627,#12629,.T.);
#12627 = VERTEX_POINT('',#12628);
#12628 = CARTESIAN_POINT('',(175.09252271188,-190.5,93.));
#12629 = LINE('',#12630,#12631);
#12630 = CARTESIAN_POINT('',(184.90747728811,-190.5,93.));
#12631 = VECTOR('',#12632,1.);
#12632 = DIRECTION('',(-1.,0.,0.));
#12633 = ORIENTED_EDGE('',*,*,#12634,.F.);
#12634 = EDGE_CURVE('',#12635,#12627,#12637,.T.);
#12635 = VERTEX_POINT('',#12636);
#12636 = CARTESIAN_POINT('',(175.09252271188,-174.,93.));
#12637 = LINE('',#12638,#12639);
#12638 = CARTESIAN_POINT('',(175.09252271188,-174.,93.));
#12639 = VECTOR('',#12640,1.);
#12640 = DIRECTION('',(0.,-1.,0.));
#12641 = ORIENTED_EDGE('',*,*,#12642,.F.);
#12642 = EDGE_CURVE('',#12573,#12635,#12643,.T.);
#12643 = LINE('',#12644,#12645);
#12644 = CARTESIAN_POINT('',(184.90747728811,-174.,93.));
#12645 = VECTOR('',#12646,1.);
#12646 = DIRECTION('',(-1.,0.,0.));
#12647 = PLANE('',#12648);
#12648 = AXIS2_PLACEMENT_3D('',#12649,#12650,#12651);
#12649 = CARTESIAN_POINT('',(184.90747728811,-174.,93.));
#12650 = DIRECTION('',(-0.,-0.,-1.));
#12651 = DIRECTION('',(-1.,0.,0.));
#12652 = ADVANCED_FACE('',(#12653,#12680),#12691,.F.);
#12653 = FACE_BOUND('',#12654,.F.);
#12654 = EDGE_LOOP('',(#12655,#12656,#12657,#12665,#12673,#12679));
#12655 = ORIENTED_EDGE('',*,*,#12580,.T.);
#12656 = ORIENTED_EDGE('',*,*,#12642,.T.);
#12657 = ORIENTED_EDGE('',*,*,#12658,.T.);
#12658 = EDGE_CURVE('',#12635,#12659,#12661,.T.);
#12659 = VERTEX_POINT('',#12660);
#12660 = CARTESIAN_POINT('',(170.18504542377,-174.,84.5));
#12661 = LINE('',#12662,#12663);
#12662 = CARTESIAN_POINT('',(175.09252271188,-174.,93.));
#12663 = VECTOR('',#12664,1.);
#12664 = DIRECTION('',(-0.5,0.,-0.866025403784));
#12665 = ORIENTED_EDGE('',*,*,#12666,.T.);
#12666 = EDGE_CURVE('',#12659,#12667,#12669,.T.);
#12667 = VERTEX_POINT('',#12668);
#12668 = CARTESIAN_POINT('',(175.09252271188,-174.,76.));
#12669 = LINE('',#12670,#12671);
#12670 = CARTESIAN_POINT('',(170.18504542377,-174.,84.5));
#12671 = VECTOR('',#12672,1.);
#12672 = DIRECTION('',(0.5,0.,-0.866025403784));
#12673 = ORIENTED_EDGE('',*,*,#12674,.T.);
#12674 = EDGE_CURVE('',#12667,#12595,#12675,.T.);
#12675 = LINE('',#12676,#12677);
#12676 = CARTESIAN_POINT('',(175.09252271188,-174.,76.));
#12677 = VECTOR('',#12678,1.);
#12678 = DIRECTION('',(1.,0.,0.));
#12679 = ORIENTED_EDGE('',*,*,#12611,.T.);
#12680 = FACE_BOUND('',#12681,.F.);
#12681 = EDGE_LOOP('',(#12682));
#12682 = ORIENTED_EDGE('',*,*,#12683,.F.);
#12683 = EDGE_CURVE('',#12684,#12684,#12686,.T.);
#12684 = VERTEX_POINT('',#12685);
#12685 = CARTESIAN_POINT('',(180.,-174.,80.5));
#12686 = CIRCLE('',#12687,4.);
#12687 = AXIS2_PLACEMENT_3D('',#12688,#12689,#12690);
#12688 = CARTESIAN_POINT('',(180.,-174.,84.5));
#12689 = DIRECTION('',(0.,-1.,0.));
#12690 = DIRECTION('',(0.,0.,-1.));
#12691 = PLANE('',#12692);
#12692 = AXIS2_PLACEMENT_3D('',#12693,#12694,#12695);
#12693 = CARTESIAN_POINT('',(180.,-174.,84.5));
#12694 = DIRECTION('',(-0.,-1.,-0.));
#12695 = DIRECTION('',(0.,0.,-1.));
#12696 = ADVANCED_FACE('',(#12697,#12724),#12735,.T.);
#12697 = FACE_BOUND('',#12698,.T.);
#12698 = EDGE_LOOP('',(#12699,#12700,#12701,#12709,#12717,#12723));
#12699 = ORIENTED_EDGE('',*,*,#12564,.T.);
#12700 = ORIENTED_EDGE('',*,*,#12626,.T.);
#12701 = ORIENTED_EDGE('',*,*,#12702,.T.);
#12702 = EDGE_CURVE('',#12627,#12703,#12705,.T.);
#12703 = VERTEX_POINT('',#12704);
#12704 = CARTESIAN_POINT('',(170.18504542377,-190.5,84.5));
#12705 = LINE('',#12706,#12707);
#12706 = CARTESIAN_POINT('',(175.09252271188,-190.5,93.));
#12707 = VECTOR('',#12708,1.);
#12708 = DIRECTION('',(-0.5,0.,-0.866025403784));
#12709 = ORIENTED_EDGE('',*,*,#12710,.T.);
#12710 = EDGE_CURVE('',#12703,#12711,#12713,.T.);
#12711 = VERTEX_POINT('',#12712);
#12712 = CARTESIAN_POINT('',(175.09252271188,-190.5,76.));
#12713 = LINE('',#12714,#12715);
#12714 = CARTESIAN_POINT('',(170.18504542377,-190.5,84.5));
#12715 = VECTOR('',#12716,1.);
#12716 = DIRECTION('',(0.5,0.,-0.866025403784));
#12717 = ORIENTED_EDGE('',*,*,#12718,.T.);
#12718 = EDGE_CURVE('',#12711,#12597,#12719,.T.);
#12719 = LINE('',#12720,#12721);
#12720 = CARTESIAN_POINT('',(175.09252271188,-190.5,76.));
#12721 = VECTOR('',#12722,1.);
#12722 = DIRECTION('',(1.,0.,0.));
#12723 = ORIENTED_EDGE('',*,*,#12604,.T.);
#12724 = FACE_BOUND('',#12725,.T.);
#12725 = EDGE_LOOP('',(#12726));
#12726 = ORIENTED_EDGE('',*,*,#12727,.F.);
#12727 = EDGE_CURVE('',#12728,#12728,#12730,.T.);
#12728 = VERTEX_POINT('',#12729);
#12729 = CARTESIAN_POINT('',(180.,-190.5,80.5));
#12730 = CIRCLE('',#12731,4.);
#12731 = AXIS2_PLACEMENT_3D('',#12732,#12733,#12734);
#12732 = CARTESIAN_POINT('',(180.,-190.5,84.5));
#12733 = DIRECTION('',(0.,-1.,0.));
#12734 = DIRECTION('',(0.,0.,-1.));
#12735 = PLANE('',#12736);
#12736 = AXIS2_PLACEMENT_3D('',#12737,#12738,#12739);
#12737 = CARTESIAN_POINT('',(180.,-190.5,84.5));
#12738 = DIRECTION('',(-0.,-1.,-0.));
#12739 = DIRECTION('',(0.,0.,-1.));
#12740 = ADVANCED_FACE('',(#12741),#12752,.F.);
#12741 = FACE_BOUND('',#12742,.F.);
#12742 = EDGE_LOOP('',(#12743,#12749,#12750,#12751));
#12743 = ORIENTED_EDGE('',*,*,#12744,.T.);
#12744 = EDGE_CURVE('',#12667,#12711,#12745,.T.);
#12745 = LINE('',#12746,#12747);
#12746 = CARTESIAN_POINT('',(175.09252271188,-174.,76.));
#12747 = VECTOR('',#12748,1.);
#12748 = DIRECTION('',(0.,-1.,0.));
#12749 = ORIENTED_EDGE('',*,*,#12718,.T.);
#12750 = ORIENTED_EDGE('',*,*,#12594,.F.);
#12751 = ORIENTED_EDGE('',*,*,#12674,.F.);
#12752 = PLANE('',#12753);
#12753 = AXIS2_PLACEMENT_3D('',#12754,#12755,#12756);
#12754 = CARTESIAN_POINT('',(175.09252271188,-174.,76.));
#12755 = DIRECTION('',(0.,0.,1.));
#12756 = DIRECTION('',(1.,0.,0.));
#12757 = ADVANCED_FACE('',(#12758),#12769,.F.);
#12758 = FACE_BOUND('',#12759,.F.);
#12759 = EDGE_LOOP('',(#12760,#12761,#12762,#12768));
#12760 = ORIENTED_EDGE('',*,*,#12634,.T.);
#12761 = ORIENTED_EDGE('',*,*,#12702,.T.);
#12762 = ORIENTED_EDGE('',*,*,#12763,.F.);
#12763 = EDGE_CURVE('',#12659,#12703,#12764,.T.);
#12764 = LINE('',#12765,#12766);
#12765 = CARTESIAN_POINT('',(170.18504542377,-174.,84.5));
#12766 = VECTOR('',#12767,1.);
#12767 = DIRECTION('',(0.,-1.,0.));
#12768 = ORIENTED_EDGE('',*,*,#12658,.F.);
#12769 = PLANE('',#12770);
#12770 = AXIS2_PLACEMENT_3D('',#12771,#12772,#12773);
#12771 = CARTESIAN_POINT('',(175.09252271188,-174.,93.));
#12772 = DIRECTION('',(0.866025403784,0.,-0.5));
#12773 = DIRECTION('',(-0.5,0.,-0.866025403784));
#12774 = ADVANCED_FACE('',(#12775),#12781,.F.);
#12775 = FACE_BOUND('',#12776,.F.);
#12776 = EDGE_LOOP('',(#12777,#12778,#12779,#12780));
#12777 = ORIENTED_EDGE('',*,*,#12763,.T.);
#12778 = ORIENTED_EDGE('',*,*,#12710,.T.);
#12779 = ORIENTED_EDGE('',*,*,#12744,.F.);
#12780 = ORIENTED_EDGE('',*,*,#12666,.F.);
#12781 = PLANE('',#12782);
#12782 = AXIS2_PLACEMENT_3D('',#12783,#12784,#12785);
#12783 = CARTESIAN_POINT('',(170.18504542377,-174.,84.5));
#12784 = DIRECTION('',(0.866025403784,0.,0.5));
#12785 = DIRECTION('',(0.5,0.,-0.866025403784));
#12786 = ADVANCED_FACE('',(#12787),#12798,.F.);
#12787 = FACE_BOUND('',#12788,.F.);
#12788 = EDGE_LOOP('',(#12789,#12790,#12796,#12797));
#12789 = ORIENTED_EDGE('',*,*,#12727,.F.);
#12790 = ORIENTED_EDGE('',*,*,#12791,.F.);
#12791 = EDGE_CURVE('',#12684,#12728,#12792,.T.);
#12792 = LINE('',#12793,#12794);
#12793 = CARTESIAN_POINT('',(180.,-173.,80.5));
#12794 = VECTOR('',#12795,1.);
#12795 = DIRECTION('',(0.,-1.,0.));
#12796 = ORIENTED_EDGE('',*,*,#12683,.T.);
#12797 = ORIENTED_EDGE('',*,*,#12791,.T.);
#12798 = CYLINDRICAL_SURFACE('',#12799,4.);
#12799 = AXIS2_PLACEMENT_3D('',#12800,#12801,#12802);
#12800 = CARTESIAN_POINT('',(180.,-173.,84.5));
#12801 = DIRECTION('',(0.,-1.,0.));
#12802 = DIRECTION('',(0.,0.,-1.));
#12803 = MANIFOLD_SOLID_BREP('',#12804);
#12804 = CLOSED_SHELL('',(#12805,#12838,#12847));
#12805 = ADVANCED_FACE('',(#12806),#12833,.T.);
#12806 = FACE_BOUND('',#12807,.T.);
#12807 = EDGE_LOOP('',(#12808,#12817,#12825,#12832));
#12808 = ORIENTED_EDGE('',*,*,#12809,.F.);
#12809 = EDGE_CURVE('',#12810,#12810,#12812,.T.);
#12810 = VERTEX_POINT('',#12811);
#12811 = CARTESIAN_POINT('',(187.,-179.,85.75));
#12812 = CIRCLE('',#12813,1.25);
#12813 = AXIS2_PLACEMENT_3D('',#12814,#12815,#12816);
#12814 = CARTESIAN_POINT('',(187.,-179.,84.5));
#12815 = DIRECTION('',(1.,0.,-0.));
#12816 = DIRECTION('',(0.,0.,1.));
#12817 = ORIENTED_EDGE('',*,*,#12818,.F.);
#12818 = EDGE_CURVE('',#12819,#12810,#12821,.T.);
#12819 = VERTEX_POINT('',#12820);
#12820 = CARTESIAN_POINT('',(173.,-179.,85.75));
#12821 = LINE('',#12822,#12823);
#12822 = CARTESIAN_POINT('',(173.,-179.,85.75));
#12823 = VECTOR('',#12824,1.);
#12824 = DIRECTION('',(1.,0.,0.));
#12825 = ORIENTED_EDGE('',*,*,#12826,.T.);
#12826 = EDGE_CURVE('',#12819,#12819,#12827,.T.);
#12827 = CIRCLE('',#12828,1.25);
#12828 = AXIS2_PLACEMENT_3D('',#12829,#12830,#12831);
#12829 = CARTESIAN_POINT('',(173.,-179.,84.5));
#12830 = DIRECTION('',(1.,0.,-0.));
#12831 = DIRECTION('',(0.,0.,1.));
#12832 = ORIENTED_EDGE('',*,*,#12818,.T.);
#12833 = CYLINDRICAL_SURFACE('',#12834,1.25);
#12834 = AXIS2_PLACEMENT_3D('',#12835,#12836,#12837);
#12835 = CARTESIAN_POINT('',(173.,-179.,84.5));
#12836 = DIRECTION('',(1.,0.,0.));
#12837 = DIRECTION('',(0.,0.,1.));
#12838 = ADVANCED_FACE('',(#12839),#12842,.T.);
#12839 = FACE_BOUND('',#12840,.T.);
#12840 = EDGE_LOOP('',(#12841));
#12841 = ORIENTED_EDGE('',*,*,#12809,.T.);
#12842 = PLANE('',#12843);
#12843 = AXIS2_PLACEMENT_3D('',#12844,#12845,#12846);
#12844 = CARTESIAN_POINT('',(187.,-179.,84.5));
#12845 = DIRECTION('',(1.,0.,0.));
#12846 = DIRECTION('',(0.,0.,1.));
#12847 = ADVANCED_FACE('',(#12848),#12851,.F.);
#12848 = FACE_BOUND('',#12849,.T.);
#12849 = EDGE_LOOP('',(#12850));
#12850 = ORIENTED_EDGE('',*,*,#12826,.F.);
#12851 = PLANE('',#12852);
#12852 = AXIS2_PLACEMENT_3D('',#12853,#12854,#12855);
#12853 = CARTESIAN_POINT('',(173.,-179.,84.5));
#12854 = DIRECTION('',(1.,0.,0.));
#12855 = DIRECTION('',(0.,0.,1.));
#12856 = MANIFOLD_SOLID_BREP('',#12857);
#12857 = CLOSED_SHELL('',(#12858,#12891,#12911,#12931));
#12858 = ADVANCED_FACE('',(#12859),#12886,.T.);
#12859 = FACE_BOUND('',#12860,.T.);
#12860 = EDGE_LOOP('',(#12861,#12870,#12878,#12885));
#12861 = ORIENTED_EDGE('',*,*,#12862,.F.);
#12862 = EDGE_CURVE('',#12863,#12863,#12865,.T.);
#12863 = VERTEX_POINT('',#12864);
#12864 = CARTESIAN_POINT('',(180.,162.,95.));
#12865 = CIRCLE('',#12866,10.5);
#12866 = AXIS2_PLACEMENT_3D('',#12867,#12868,#12869);
#12867 = CARTESIAN_POINT('',(180.,162.,84.5));
#12868 = DIRECTION('',(0.,1.,0.));
#12869 = DIRECTION('',(0.,0.,1.));
#12870 = ORIENTED_EDGE('',*,*,#12871,.F.);
#12871 = EDGE_CURVE('',#12872,#12863,#12874,.T.);
#12872 = VERTEX_POINT('',#12873);
#12873 = CARTESIAN_POINT('',(180.,158.,95.));
#12874 = LINE('',#12875,#12876);
#12875 = CARTESIAN_POINT('',(180.,158.,95.));
#12876 = VECTOR('',#12877,1.);
#12877 = DIRECTION('',(0.,1.,0.));
#12878 = ORIENTED_EDGE('',*,*,#12879,.T.);
#12879 = EDGE_CURVE('',#12872,#12872,#12880,.T.);
#12880 = CIRCLE('',#12881,10.5);
#12881 = AXIS2_PLACEMENT_3D('',#12882,#12883,#12884);
#12882 = CARTESIAN_POINT('',(180.,158.,84.5));
#12883 = DIRECTION('',(0.,1.,0.));
#12884 = DIRECTION('',(0.,0.,1.));
#12885 = ORIENTED_EDGE('',*,*,#12871,.T.);
#12886 = CYLINDRICAL_SURFACE('',#12887,10.5);
#12887 = AXIS2_PLACEMENT_3D('',#12888,#12889,#12890);
#12888 = CARTESIAN_POINT('',(180.,158.,84.5));
#12889 = DIRECTION('',(0.,1.,0.));
#12890 = DIRECTION('',(0.,0.,1.));
#12891 = ADVANCED_FACE('',(#12892,#12895),#12906,.T.);
#12892 = FACE_BOUND('',#12893,.T.);
#12893 = EDGE_LOOP('',(#12894));
#12894 = ORIENTED_EDGE('',*,*,#12862,.T.);
#12895 = FACE_BOUND('',#12896,.T.);
#12896 = EDGE_LOOP('',(#12897));
#12897 = ORIENTED_EDGE('',*,*,#12898,.F.);
#12898 = EDGE_CURVE('',#12899,#12899,#12901,.T.);
#12899 = VERTEX_POINT('',#12900);
#12900 = CARTESIAN_POINT('',(180.,162.,92.));
#12901 = CIRCLE('',#12902,7.5);
#12902 = AXIS2_PLACEMENT_3D('',#12903,#12904,#12905);
#12903 = CARTESIAN_POINT('',(180.,162.,84.5));
#12904 = DIRECTION('',(0.,1.,0.));
#12905 = DIRECTION('',(0.,0.,1.));
#12906 = PLANE('',#12907);
#12907 = AXIS2_PLACEMENT_3D('',#12908,#12909,#12910);
#12908 = CARTESIAN_POINT('',(180.,162.,84.5));
#12909 = DIRECTION('',(0.,1.,0.));
#12910 = DIRECTION('',(0.,0.,1.));
#12911 = ADVANCED_FACE('',(#12912,#12915),#12926,.F.);
#12912 = FACE_BOUND('',#12913,.F.);
#12913 = EDGE_LOOP('',(#12914));
#12914 = ORIENTED_EDGE('',*,*,#12879,.T.);
#12915 = FACE_BOUND('',#12916,.F.);
#12916 = EDGE_LOOP('',(#12917));
#12917 = ORIENTED_EDGE('',*,*,#12918,.F.);
#12918 = EDGE_CURVE('',#12919,#12919,#12921,.T.);
#12919 = VERTEX_POINT('',#12920);
#12920 = CARTESIAN_POINT('',(180.,158.,92.));
#12921 = CIRCLE('',#12922,7.5);
#12922 = AXIS2_PLACEMENT_3D('',#12923,#12924,#12925);
#12923 = CARTESIAN_POINT('',(180.,158.,84.5));
#12924 = DIRECTION('',(0.,1.,0.));
#12925 = DIRECTION('',(0.,0.,1.));
#12926 = PLANE('',#12927);
#12927 = AXIS2_PLACEMENT_3D('',#12928,#12929,#12930);
#12928 = CARTESIAN_POINT('',(180.,158.,84.5));
#12929 = DIRECTION('',(0.,1.,0.));
#12930 = DIRECTION('',(0.,0.,1.));
#12931 = ADVANCED_FACE('',(#12932),#12943,.F.);
#12932 = FACE_BOUND('',#12933,.F.);
#12933 = EDGE_LOOP('',(#12934,#12935,#12941,#12942));
#12934 = ORIENTED_EDGE('',*,*,#12898,.F.);
#12935 = ORIENTED_EDGE('',*,*,#12936,.F.);
#12936 = EDGE_CURVE('',#12919,#12899,#12937,.T.);
#12937 = LINE('',#12938,#12939);
#12938 = CARTESIAN_POINT('',(180.,158.,92.));
#12939 = VECTOR('',#12940,1.);
#12940 = DIRECTION('',(0.,1.,0.));
#12941 = ORIENTED_EDGE('',*,*,#12918,.T.);
#12942 = ORIENTED_EDGE('',*,*,#12936,.T.);
#12943 = CYLINDRICAL_SURFACE('',#12944,7.5);
#12944 = AXIS2_PLACEMENT_3D('',#12945,#12946,#12947);
#12945 = CARTESIAN_POINT('',(180.,158.,84.5));
#12946 = DIRECTION('',(0.,1.,0.));
#12947 = DIRECTION('',(0.,0.,1.));
#12948 = MANIFOLD_SOLID_BREP('',#12949);
#12949 = CLOSED_SHELL('',(#12950,#12983,#13003,#13023));
#12950 = ADVANCED_FACE('',(#12951),#12978,.T.);
#12951 = FACE_BOUND('',#12952,.T.);
#12952 = EDGE_LOOP('',(#12953,#12962,#12970,#12977));
#12953 = ORIENTED_EDGE('',*,*,#12954,.F.);
#12954 = EDGE_CURVE('',#12955,#12955,#12957,.T.);
#12955 = VERTEX_POINT('',#12956);
#12956 = CARTESIAN_POINT('',(180.,173.,92.5));
#12957 = CIRCLE('',#12958,8.);
#12958 = AXIS2_PLACEMENT_3D('',#12959,#12960,#12961);
#12959 = CARTESIAN_POINT('',(180.,173.,84.5));
#12960 = DIRECTION('',(0.,1.,0.));
#12961 = DIRECTION('',(0.,0.,1.));
#12962 = ORIENTED_EDGE('',*,*,#12963,.F.);
#12963 = EDGE_CURVE('',#12964,#12955,#12966,.T.);
#12964 = VERTEX_POINT('',#12965);
#12965 = CARTESIAN_POINT('',(180.,168.,92.5));
#12966 = LINE('',#12967,#12968);
#12967 = CARTESIAN_POINT('',(180.,168.,92.5));
#12968 = VECTOR('',#12969,1.);
#12969 = DIRECTION('',(0.,1.,0.));
#12970 = ORIENTED_EDGE('',*,*,#12971,.T.);
#12971 = EDGE_CURVE('',#12964,#12964,#12972,.T.);
#12972 = CIRCLE('',#12973,8.);
#12973 = AXIS2_PLACEMENT_3D('',#12974,#12975,#12976);
#12974 = CARTESIAN_POINT('',(180.,168.,84.5));
#12975 = DIRECTION('',(0.,1.,0.));
#12976 = DIRECTION('',(0.,0.,1.));
#12977 = ORIENTED_EDGE('',*,*,#12963,.T.);
#12978 = CYLINDRICAL_SURFACE('',#12979,8.);
#12979 = AXIS2_PLACEMENT_3D('',#12980,#12981,#12982);
#12980 = CARTESIAN_POINT('',(180.,168.,84.5));
#12981 = DIRECTION('',(0.,1.,0.));
#12982 = DIRECTION('',(0.,0.,1.));
#12983 = ADVANCED_FACE('',(#12984,#12987),#12998,.T.);
#12984 = FACE_BOUND('',#12985,.T.);
#12985 = EDGE_LOOP('',(#12986));
#12986 = ORIENTED_EDGE('',*,*,#12954,.T.);
#12987 = FACE_BOUND('',#12988,.T.);
#12988 = EDGE_LOOP('',(#12989));
#12989 = ORIENTED_EDGE('',*,*,#12990,.F.);
#12990 = EDGE_CURVE('',#12991,#12991,#12993,.T.);
#12991 = VERTEX_POINT('',#12992);
#12992 = CARTESIAN_POINT('',(180.,173.,88.5));
#12993 = CIRCLE('',#12994,4.);
#12994 = AXIS2_PLACEMENT_3D('',#12995,#12996,#12997);
#12995 = CARTESIAN_POINT('',(180.,173.,84.5));
#12996 = DIRECTION('',(0.,1.,0.));
#12997 = DIRECTION('',(0.,0.,1.));
#12998 = PLANE('',#12999);
#12999 = AXIS2_PLACEMENT_3D('',#13000,#13001,#13002);
#13000 = CARTESIAN_POINT('',(180.,173.,84.5));
#13001 = DIRECTION('',(0.,1.,0.));
#13002 = DIRECTION('',(0.,0.,1.));
#13003 = ADVANCED_FACE('',(#13004,#13007),#13018,.F.);
#13004 = FACE_BOUND('',#13005,.F.);
#13005 = EDGE_LOOP('',(#13006));
#13006 = ORIENTED_EDGE('',*,*,#12971,.T.);
#13007 = FACE_BOUND('',#13008,.F.);
#13008 = EDGE_LOOP('',(#13009));
#13009 = ORIENTED_EDGE('',*,*,#13010,.F.);
#13010 = EDGE_CURVE('',#13011,#13011,#13013,.T.);
#13011 = VERTEX_POINT('',#13012);
#13012 = CARTESIAN_POINT('',(180.,168.,88.5));
#13013 = CIRCLE('',#13014,4.);
#13014 = AXIS2_PLACEMENT_3D('',#13015,#13016,#13017);
#13015 = CARTESIAN_POINT('',(180.,168.,84.5));
#13016 = DIRECTION('',(0.,1.,0.));
#13017 = DIRECTION('',(0.,0.,1.));
#13018 = PLANE('',#13019);
#13019 = AXIS2_PLACEMENT_3D('',#13020,#13021,#13022);
#13020 = CARTESIAN_POINT('',(180.,168.,84.5));
#13021 = DIRECTION('',(0.,1.,0.));
#13022 = DIRECTION('',(0.,0.,1.));
#13023 = ADVANCED_FACE('',(#13024),#13035,.F.);
#13024 = FACE_BOUND('',#13025,.F.);
#13025 = EDGE_LOOP('',(#13026,#13027,#13033,#13034));
#13026 = ORIENTED_EDGE('',*,*,#12990,.F.);
#13027 = ORIENTED_EDGE('',*,*,#13028,.F.);
#13028 = EDGE_CURVE('',#13011,#12991,#13029,.T.);
#13029 = LINE('',#13030,#13031);
#13030 = CARTESIAN_POINT('',(180.,168.,88.5));
#13031 = VECTOR('',#13032,1.);
#13032 = DIRECTION('',(0.,1.,0.));
#13033 = ORIENTED_EDGE('',*,*,#13010,.T.);
#13034 = ORIENTED_EDGE('',*,*,#13028,.T.);
#13035 = CYLINDRICAL_SURFACE('',#13036,4.);
#13036 = AXIS2_PLACEMENT_3D('',#13037,#13038,#13039);
#13037 = CARTESIAN_POINT('',(180.,168.,84.5));
#13038 = DIRECTION('',(0.,1.,0.));
#13039 = DIRECTION('',(0.,0.,1.));
#13040 = MANIFOLD_SOLID_BREP('',#13041);
#13041 = CLOSED_SHELL('',(#13042,#13082,#13113,#13144,#13188,#13232,
    #13249,#13266,#13278));
#13042 = ADVANCED_FACE('',(#13043),#13077,.T.);
#13043 = FACE_BOUND('',#13044,.T.);
#13044 = EDGE_LOOP('',(#13045,#13055,#13063,#13071));
#13045 = ORIENTED_EDGE('',*,*,#13046,.T.);
#13046 = EDGE_CURVE('',#13047,#13049,#13051,.T.);
#13047 = VERTEX_POINT('',#13048);
#13048 = CARTESIAN_POINT('',(189.81495457622,174.,84.5));
#13049 = VERTEX_POINT('',#13050);
#13050 = CARTESIAN_POINT('',(189.81495457622,190.5,84.5));
#13051 = LINE('',#13052,#13053);
#13052 = CARTESIAN_POINT('',(189.81495457622,174.,84.5));
#13053 = VECTOR('',#13054,1.);
#13054 = DIRECTION('',(0.,1.,0.));
#13055 = ORIENTED_EDGE('',*,*,#13056,.T.);
#13056 = EDGE_CURVE('',#13049,#13057,#13059,.T.);
#13057 = VERTEX_POINT('',#13058);
#13058 = CARTESIAN_POINT('',(184.90747728811,190.5,93.));
#13059 = LINE('',#13060,#13061);
#13060 = CARTESIAN_POINT('',(189.81495457622,190.5,84.5));
#13061 = VECTOR('',#13062,1.);
#13062 = DIRECTION('',(-0.5,0.,0.866025403784));
#13063 = ORIENTED_EDGE('',*,*,#13064,.F.);
#13064 = EDGE_CURVE('',#13065,#13057,#13067,.T.);
#13065 = VERTEX_POINT('',#13066);
#13066 = CARTESIAN_POINT('',(184.90747728811,174.,93.));
#13067 = LINE('',#13068,#13069);
#13068 = CARTESIAN_POINT('',(184.90747728811,174.,93.));
#13069 = VECTOR('',#13070,1.);
#13070 = DIRECTION('',(0.,1.,0.));
#13071 = ORIENTED_EDGE('',*,*,#13072,.F.);
#13072 = EDGE_CURVE('',#13047,#13065,#13073,.T.);
#13073 = LINE('',#13074,#13075);
#13074 = CARTESIAN_POINT('',(189.81495457622,174.,84.5));
#13075 = VECTOR('',#13076,1.);
#13076 = DIRECTION('',(-0.5,0.,0.866025403784));
#13077 = PLANE('',#13078);
#13078 = AXIS2_PLACEMENT_3D('',#13079,#13080,#13081);
#13079 = CARTESIAN_POINT('',(189.81495457622,174.,84.5));
#13080 = DIRECTION('',(0.866025403784,0.,0.5));
#13081 = DIRECTION('',(-0.5,0.,0.866025403784));
#13082 = ADVANCED_FACE('',(#13083),#13108,.T.);
#13083 = FACE_BOUND('',#13084,.T.);
#13084 = EDGE_LOOP('',(#13085,#13095,#13101,#13102));
#13085 = ORIENTED_EDGE('',*,*,#13086,.T.);
#13086 = EDGE_CURVE('',#13087,#13089,#13091,.T.);
#13087 = VERTEX_POINT('',#13088);
#13088 = CARTESIAN_POINT('',(184.90747728811,174.,76.));
#13089 = VERTEX_POINT('',#13090);
#13090 = CARTESIAN_POINT('',(184.90747728811,190.5,76.));
#13091 = LINE('',#13092,#13093);
#13092 = CARTESIAN_POINT('',(184.90747728811,174.,76.));
#13093 = VECTOR('',#13094,1.);
#13094 = DIRECTION('',(0.,1.,0.));
#13095 = ORIENTED_EDGE('',*,*,#13096,.T.);
#13096 = EDGE_CURVE('',#13089,#13049,#13097,.T.);
#13097 = LINE('',#13098,#13099);
#13098 = CARTESIAN_POINT('',(184.90747728811,190.5,76.));
#13099 = VECTOR('',#13100,1.);
#13100 = DIRECTION('',(0.5,0.,0.866025403784));
#13101 = ORIENTED_EDGE('',*,*,#13046,.F.);
#13102 = ORIENTED_EDGE('',*,*,#13103,.F.);
#13103 = EDGE_CURVE('',#13087,#13047,#13104,.T.);
#13104 = LINE('',#13105,#13106);
#13105 = CARTESIAN_POINT('',(184.90747728811,174.,76.));
#13106 = VECTOR('',#13107,1.);
#13107 = DIRECTION('',(0.5,0.,0.866025403784));
#13108 = PLANE('',#13109);
#13109 = AXIS2_PLACEMENT_3D('',#13110,#13111,#13112);
#13110 = CARTESIAN_POINT('',(184.90747728811,174.,76.));
#13111 = DIRECTION('',(0.866025403784,0.,-0.5));
#13112 = DIRECTION('',(0.5,0.,0.866025403784));
#13113 = ADVANCED_FACE('',(#13114),#13139,.T.);
#13114 = FACE_BOUND('',#13115,.T.);
#13115 = EDGE_LOOP('',(#13116,#13117,#13125,#13133));
#13116 = ORIENTED_EDGE('',*,*,#13064,.T.);
#13117 = ORIENTED_EDGE('',*,*,#13118,.T.);
#13118 = EDGE_CURVE('',#13057,#13119,#13121,.T.);
#13119 = VERTEX_POINT('',#13120);
#13120 = CARTESIAN_POINT('',(175.09252271188,190.5,93.));
#13121 = LINE('',#13122,#13123);
#13122 = CARTESIAN_POINT('',(184.90747728811,190.5,93.));
#13123 = VECTOR('',#13124,1.);
#13124 = DIRECTION('',(-1.,0.,0.));
#13125 = ORIENTED_EDGE('',*,*,#13126,.F.);
#13126 = EDGE_CURVE('',#13127,#13119,#13129,.T.);
#13127 = VERTEX_POINT('',#13128);
#13128 = CARTESIAN_POINT('',(175.09252271188,174.,93.));
#13129 = LINE('',#13130,#13131);
#13130 = CARTESIAN_POINT('',(175.09252271188,174.,93.));
#13131 = VECTOR('',#13132,1.);
#13132 = DIRECTION('',(0.,1.,0.));
#13133 = ORIENTED_EDGE('',*,*,#13134,.F.);
#13134 = EDGE_CURVE('',#13065,#13127,#13135,.T.);
#13135 = LINE('',#13136,#13137);
#13136 = CARTESIAN_POINT('',(184.90747728811,174.,93.));
#13137 = VECTOR('',#13138,1.);
#13138 = DIRECTION('',(-1.,0.,0.));
#13139 = PLANE('',#13140);
#13140 = AXIS2_PLACEMENT_3D('',#13141,#13142,#13143);
#13141 = CARTESIAN_POINT('',(184.90747728811,174.,93.));
#13142 = DIRECTION('',(0.,0.,1.));
#13143 = DIRECTION('',(-1.,0.,0.));
#13144 = ADVANCED_FACE('',(#13145,#13172),#13183,.T.);
#13145 = FACE_BOUND('',#13146,.T.);
#13146 = EDGE_LOOP('',(#13147,#13148,#13149,#13157,#13165,#13171));
#13147 = ORIENTED_EDGE('',*,*,#13072,.T.);
#13148 = ORIENTED_EDGE('',*,*,#13134,.T.);
#13149 = ORIENTED_EDGE('',*,*,#13150,.T.);
#13150 = EDGE_CURVE('',#13127,#13151,#13153,.T.);
#13151 = VERTEX_POINT('',#13152);
#13152 = CARTESIAN_POINT('',(170.18504542377,174.,84.5));
#13153 = LINE('',#13154,#13155);
#13154 = CARTESIAN_POINT('',(175.09252271188,174.,93.));
#13155 = VECTOR('',#13156,1.);
#13156 = DIRECTION('',(-0.5,0.,-0.866025403784));
#13157 = ORIENTED_EDGE('',*,*,#13158,.T.);
#13158 = EDGE_CURVE('',#13151,#13159,#13161,.T.);
#13159 = VERTEX_POINT('',#13160);
#13160 = CARTESIAN_POINT('',(175.09252271188,174.,76.));
#13161 = LINE('',#13162,#13163);
#13162 = CARTESIAN_POINT('',(170.18504542377,174.,84.5));
#13163 = VECTOR('',#13164,1.);
#13164 = DIRECTION('',(0.5,0.,-0.866025403784));
#13165 = ORIENTED_EDGE('',*,*,#13166,.T.);
#13166 = EDGE_CURVE('',#13159,#13087,#13167,.T.);
#13167 = LINE('',#13168,#13169);
#13168 = CARTESIAN_POINT('',(175.09252271188,174.,76.));
#13169 = VECTOR('',#13170,1.);
#13170 = DIRECTION('',(1.,0.,0.));
#13171 = ORIENTED_EDGE('',*,*,#13103,.T.);
#13172 = FACE_BOUND('',#13173,.T.);
#13173 = EDGE_LOOP('',(#13174));
#13174 = ORIENTED_EDGE('',*,*,#13175,.T.);
#13175 = EDGE_CURVE('',#13176,#13176,#13178,.T.);
#13176 = VERTEX_POINT('',#13177);
#13177 = CARTESIAN_POINT('',(180.,174.,88.5));
#13178 = CIRCLE('',#13179,4.);
#13179 = AXIS2_PLACEMENT_3D('',#13180,#13181,#13182);
#13180 = CARTESIAN_POINT('',(180.,174.,84.5));
#13181 = DIRECTION('',(0.,1.,0.));
#13182 = DIRECTION('',(0.,0.,1.));
#13183 = PLANE('',#13184);
#13184 = AXIS2_PLACEMENT_3D('',#13185,#13186,#13187);
#13185 = CARTESIAN_POINT('',(180.,174.,84.5));
#13186 = DIRECTION('',(-0.,-1.,-0.));
#13187 = DIRECTION('',(0.,0.,-1.));
#13188 = ADVANCED_FACE('',(#13189,#13216),#13227,.F.);
#13189 = FACE_BOUND('',#13190,.F.);
#13190 = EDGE_LOOP('',(#13191,#13192,#13193,#13201,#13209,#13215));
#13191 = ORIENTED_EDGE('',*,*,#13056,.T.);
#13192 = ORIENTED_EDGE('',*,*,#13118,.T.);
#13193 = ORIENTED_EDGE('',*,*,#13194,.T.);
#13194 = EDGE_CURVE('',#13119,#13195,#13197,.T.);
#13195 = VERTEX_POINT('',#13196);
#13196 = CARTESIAN_POINT('',(170.18504542377,190.5,84.5));
#13197 = LINE('',#13198,#13199);
#13198 = CARTESIAN_POINT('',(175.09252271188,190.5,93.));
#13199 = VECTOR('',#13200,1.);
#13200 = DIRECTION('',(-0.5,0.,-0.866025403784));
#13201 = ORIENTED_EDGE('',*,*,#13202,.T.);
#13202 = EDGE_CURVE('',#13195,#13203,#13205,.T.);
#13203 = VERTEX_POINT('',#13204);
#13204 = CARTESIAN_POINT('',(175.09252271188,190.5,76.));
#13205 = LINE('',#13206,#13207);
#13206 = CARTESIAN_POINT('',(170.18504542377,190.5,84.5));
#13207 = VECTOR('',#13208,1.);
#13208 = DIRECTION('',(0.5,0.,-0.866025403784));
#13209 = ORIENTED_EDGE('',*,*,#13210,.T.);
#13210 = EDGE_CURVE('',#13203,#13089,#13211,.T.);
#13211 = LINE('',#13212,#13213);
#13212 = CARTESIAN_POINT('',(175.09252271188,190.5,76.));
#13213 = VECTOR('',#13214,1.);
#13214 = DIRECTION('',(1.,0.,0.));
#13215 = ORIENTED_EDGE('',*,*,#13096,.T.);
#13216 = FACE_BOUND('',#13217,.F.);
#13217 = EDGE_LOOP('',(#13218));
#13218 = ORIENTED_EDGE('',*,*,#13219,.T.);
#13219 = EDGE_CURVE('',#13220,#13220,#13222,.T.);
#13220 = VERTEX_POINT('',#13221);
#13221 = CARTESIAN_POINT('',(180.,190.5,88.5));
#13222 = CIRCLE('',#13223,4.);
#13223 = AXIS2_PLACEMENT_3D('',#13224,#13225,#13226);
#13224 = CARTESIAN_POINT('',(180.,190.5,84.5));
#13225 = DIRECTION('',(0.,1.,0.));
#13226 = DIRECTION('',(0.,0.,1.));
#13227 = PLANE('',#13228);
#13228 = AXIS2_PLACEMENT_3D('',#13229,#13230,#13231);
#13229 = CARTESIAN_POINT('',(180.,190.5,84.5));
#13230 = DIRECTION('',(-0.,-1.,-0.));
#13231 = DIRECTION('',(0.,0.,-1.));
#13232 = ADVANCED_FACE('',(#13233),#13244,.T.);
#13233 = FACE_BOUND('',#13234,.T.);
#13234 = EDGE_LOOP('',(#13235,#13241,#13242,#13243));
#13235 = ORIENTED_EDGE('',*,*,#13236,.T.);
#13236 = EDGE_CURVE('',#13159,#13203,#13237,.T.);
#13237 = LINE('',#13238,#13239);
#13238 = CARTESIAN_POINT('',(175.09252271188,174.,76.));
#13239 = VECTOR('',#13240,1.);
#13240 = DIRECTION('',(0.,1.,0.));
#13241 = ORIENTED_EDGE('',*,*,#13210,.T.);
#13242 = ORIENTED_EDGE('',*,*,#13086,.F.);
#13243 = ORIENTED_EDGE('',*,*,#13166,.F.);
#13244 = PLANE('',#13245);
#13245 = AXIS2_PLACEMENT_3D('',#13246,#13247,#13248);
#13246 = CARTESIAN_POINT('',(175.09252271188,174.,76.));
#13247 = DIRECTION('',(0.,0.,-1.));
#13248 = DIRECTION('',(1.,0.,0.));
#13249 = ADVANCED_FACE('',(#13250),#13261,.T.);
#13250 = FACE_BOUND('',#13251,.T.);
#13251 = EDGE_LOOP('',(#13252,#13253,#13254,#13260));
#13252 = ORIENTED_EDGE('',*,*,#13126,.T.);
#13253 = ORIENTED_EDGE('',*,*,#13194,.T.);
#13254 = ORIENTED_EDGE('',*,*,#13255,.F.);
#13255 = EDGE_CURVE('',#13151,#13195,#13256,.T.);
#13256 = LINE('',#13257,#13258);
#13257 = CARTESIAN_POINT('',(170.18504542377,174.,84.5));
#13258 = VECTOR('',#13259,1.);
#13259 = DIRECTION('',(0.,1.,0.));
#13260 = ORIENTED_EDGE('',*,*,#13150,.F.);
#13261 = PLANE('',#13262);
#13262 = AXIS2_PLACEMENT_3D('',#13263,#13264,#13265);
#13263 = CARTESIAN_POINT('',(175.09252271188,174.,93.));
#13264 = DIRECTION('',(-0.866025403784,0.,0.5));
#13265 = DIRECTION('',(-0.5,0.,-0.866025403784));
#13266 = ADVANCED_FACE('',(#13267),#13273,.T.);
#13267 = FACE_BOUND('',#13268,.T.);
#13268 = EDGE_LOOP('',(#13269,#13270,#13271,#13272));
#13269 = ORIENTED_EDGE('',*,*,#13255,.T.);
#13270 = ORIENTED_EDGE('',*,*,#13202,.T.);
#13271 = ORIENTED_EDGE('',*,*,#13236,.F.);
#13272 = ORIENTED_EDGE('',*,*,#13158,.F.);
#13273 = PLANE('',#13274);
#13274 = AXIS2_PLACEMENT_3D('',#13275,#13276,#13277);
#13275 = CARTESIAN_POINT('',(170.18504542377,174.,84.5));
#13276 = DIRECTION('',(-0.866025403784,0.,-0.5));
#13277 = DIRECTION('',(0.5,0.,-0.866025403784));
#13278 = ADVANCED_FACE('',(#13279),#13290,.F.);
#13279 = FACE_BOUND('',#13280,.F.);
#13280 = EDGE_LOOP('',(#13281,#13282,#13288,#13289));
#13281 = ORIENTED_EDGE('',*,*,#13219,.F.);
#13282 = ORIENTED_EDGE('',*,*,#13283,.F.);
#13283 = EDGE_CURVE('',#13176,#13220,#13284,.T.);
#13284 = LINE('',#13285,#13286);
#13285 = CARTESIAN_POINT('',(180.,173.,88.5));
#13286 = VECTOR('',#13287,1.);
#13287 = DIRECTION('',(0.,1.,0.));
#13288 = ORIENTED_EDGE('',*,*,#13175,.T.);
#13289 = ORIENTED_EDGE('',*,*,#13283,.T.);
#13290 = CYLINDRICAL_SURFACE('',#13291,4.);
#13291 = AXIS2_PLACEMENT_3D('',#13292,#13293,#13294);
#13292 = CARTESIAN_POINT('',(180.,173.,84.5));
#13293 = DIRECTION('',(0.,1.,0.));
#13294 = DIRECTION('',(0.,0.,1.));
#13295 = MANIFOLD_SOLID_BREP('',#13296);
#13296 = CLOSED_SHELL('',(#13297,#13330,#13339));
#13297 = ADVANCED_FACE('',(#13298),#13325,.T.);
#13298 = FACE_BOUND('',#13299,.T.);
#13299 = EDGE_LOOP('',(#13300,#13309,#13317,#13324));
#13300 = ORIENTED_EDGE('',*,*,#13301,.F.);
#13301 = EDGE_CURVE('',#13302,#13302,#13304,.T.);
#13302 = VERTEX_POINT('',#13303);
#13303 = CARTESIAN_POINT('',(187.,179.,85.75));
#13304 = CIRCLE('',#13305,1.25);
#13305 = AXIS2_PLACEMENT_3D('',#13306,#13307,#13308);
#13306 = CARTESIAN_POINT('',(187.,179.,84.5));
#13307 = DIRECTION('',(1.,0.,-0.));
#13308 = DIRECTION('',(0.,0.,1.));
#13309 = ORIENTED_EDGE('',*,*,#13310,.F.);
#13310 = EDGE_CURVE('',#13311,#13302,#13313,.T.);
#13311 = VERTEX_POINT('',#13312);
#13312 = CARTESIAN_POINT('',(173.,179.,85.75));
#13313 = LINE('',#13314,#13315);
#13314 = CARTESIAN_POINT('',(173.,179.,85.75));
#13315 = VECTOR('',#13316,1.);
#13316 = DIRECTION('',(1.,0.,0.));
#13317 = ORIENTED_EDGE('',*,*,#13318,.T.);
#13318 = EDGE_CURVE('',#13311,#13311,#13319,.T.);
#13319 = CIRCLE('',#13320,1.25);
#13320 = AXIS2_PLACEMENT_3D('',#13321,#13322,#13323);
#13321 = CARTESIAN_POINT('',(173.,179.,84.5));
#13322 = DIRECTION('',(1.,0.,-0.));
#13323 = DIRECTION('',(0.,0.,1.));
#13324 = ORIENTED_EDGE('',*,*,#13310,.T.);
#13325 = CYLINDRICAL_SURFACE('',#13326,1.25);
#13326 = AXIS2_PLACEMENT_3D('',#13327,#13328,#13329);
#13327 = CARTESIAN_POINT('',(173.,179.,84.5));
#13328 = DIRECTION('',(1.,0.,0.));
#13329 = DIRECTION('',(0.,0.,1.));
#13330 = ADVANCED_FACE('',(#13331),#13334,.T.);
#13331 = FACE_BOUND('',#13332,.T.);
#13332 = EDGE_LOOP('',(#13333));
#13333 = ORIENTED_EDGE('',*,*,#13301,.T.);
#13334 = PLANE('',#13335);
#13335 = AXIS2_PLACEMENT_3D('',#13336,#13337,#13338);
#13336 = CARTESIAN_POINT('',(187.,179.,84.5));
#13337 = DIRECTION('',(1.,0.,0.));
#13338 = DIRECTION('',(0.,0.,1.));
#13339 = ADVANCED_FACE('',(#13340),#13343,.F.);
#13340 = FACE_BOUND('',#13341,.T.);
#13341 = EDGE_LOOP('',(#13342));
#13342 = ORIENTED_EDGE('',*,*,#13318,.F.);
#13343 = PLANE('',#13344);
#13344 = AXIS2_PLACEMENT_3D('',#13345,#13346,#13347);
#13345 = CARTESIAN_POINT('',(173.,179.,84.5));
#13346 = DIRECTION('',(1.,0.,0.));
#13347 = DIRECTION('',(0.,0.,1.));
#13348 = MANIFOLD_SOLID_BREP('',#13349);
#13349 = CLOSED_SHELL('',(#13350,#13383,#13403,#13423));
#13350 = ADVANCED_FACE('',(#13351),#13378,.T.);
#13351 = FACE_BOUND('',#13352,.T.);
#13352 = EDGE_LOOP('',(#13353,#13362,#13370,#13377));
#13353 = ORIENTED_EDGE('',*,*,#13354,.F.);
#13354 = EDGE_CURVE('',#13355,#13355,#13357,.T.);
#13355 = VERTEX_POINT('',#13356);
#13356 = CARTESIAN_POINT('',(-180.,-162.,74.));
#13357 = CIRCLE('',#13358,10.5);
#13358 = AXIS2_PLACEMENT_3D('',#13359,#13360,#13361);
#13359 = CARTESIAN_POINT('',(-180.,-162.,84.5));
#13360 = DIRECTION('',(0.,-1.,0.));
#13361 = DIRECTION('',(0.,0.,-1.));
#13362 = ORIENTED_EDGE('',*,*,#13363,.F.);
#13363 = EDGE_CURVE('',#13364,#13355,#13366,.T.);
#13364 = VERTEX_POINT('',#13365);
#13365 = CARTESIAN_POINT('',(-180.,-158.,74.));
#13366 = LINE('',#13367,#13368);
#13367 = CARTESIAN_POINT('',(-180.,-158.,74.));
#13368 = VECTOR('',#13369,1.);
#13369 = DIRECTION('',(0.,-1.,0.));
#13370 = ORIENTED_EDGE('',*,*,#13371,.T.);
#13371 = EDGE_CURVE('',#13364,#13364,#13372,.T.);
#13372 = CIRCLE('',#13373,10.5);
#13373 = AXIS2_PLACEMENT_3D('',#13374,#13375,#13376);
#13374 = CARTESIAN_POINT('',(-180.,-158.,84.5));
#13375 = DIRECTION('',(0.,-1.,0.));
#13376 = DIRECTION('',(0.,0.,-1.));
#13377 = ORIENTED_EDGE('',*,*,#13363,.T.);
#13378 = CYLINDRICAL_SURFACE('',#13379,10.5);
#13379 = AXIS2_PLACEMENT_3D('',#13380,#13381,#13382);
#13380 = CARTESIAN_POINT('',(-180.,-158.,84.5));
#13381 = DIRECTION('',(0.,-1.,0.));
#13382 = DIRECTION('',(0.,0.,-1.));
#13383 = ADVANCED_FACE('',(#13384,#13387),#13398,.T.);
#13384 = FACE_BOUND('',#13385,.T.);
#13385 = EDGE_LOOP('',(#13386));
#13386 = ORIENTED_EDGE('',*,*,#13354,.T.);
#13387 = FACE_BOUND('',#13388,.T.);
#13388 = EDGE_LOOP('',(#13389));
#13389 = ORIENTED_EDGE('',*,*,#13390,.F.);
#13390 = EDGE_CURVE('',#13391,#13391,#13393,.T.);
#13391 = VERTEX_POINT('',#13392);
#13392 = CARTESIAN_POINT('',(-180.,-162.,77.));
#13393 = CIRCLE('',#13394,7.5);
#13394 = AXIS2_PLACEMENT_3D('',#13395,#13396,#13397);
#13395 = CARTESIAN_POINT('',(-180.,-162.,84.5));
#13396 = DIRECTION('',(0.,-1.,0.));
#13397 = DIRECTION('',(0.,0.,-1.));
#13398 = PLANE('',#13399);
#13399 = AXIS2_PLACEMENT_3D('',#13400,#13401,#13402);
#13400 = CARTESIAN_POINT('',(-180.,-162.,84.5));
#13401 = DIRECTION('',(0.,-1.,0.));
#13402 = DIRECTION('',(0.,0.,-1.));
#13403 = ADVANCED_FACE('',(#13404,#13407),#13418,.F.);
#13404 = FACE_BOUND('',#13405,.F.);
#13405 = EDGE_LOOP('',(#13406));
#13406 = ORIENTED_EDGE('',*,*,#13371,.T.);
#13407 = FACE_BOUND('',#13408,.F.);
#13408 = EDGE_LOOP('',(#13409));
#13409 = ORIENTED_EDGE('',*,*,#13410,.F.);
#13410 = EDGE_CURVE('',#13411,#13411,#13413,.T.);
#13411 = VERTEX_POINT('',#13412);
#13412 = CARTESIAN_POINT('',(-180.,-158.,77.));
#13413 = CIRCLE('',#13414,7.5);
#13414 = AXIS2_PLACEMENT_3D('',#13415,#13416,#13417);
#13415 = CARTESIAN_POINT('',(-180.,-158.,84.5));
#13416 = DIRECTION('',(0.,-1.,0.));
#13417 = DIRECTION('',(0.,0.,-1.));
#13418 = PLANE('',#13419);
#13419 = AXIS2_PLACEMENT_3D('',#13420,#13421,#13422);
#13420 = CARTESIAN_POINT('',(-180.,-158.,84.5));
#13421 = DIRECTION('',(0.,-1.,0.));
#13422 = DIRECTION('',(0.,0.,-1.));
#13423 = ADVANCED_FACE('',(#13424),#13435,.F.);
#13424 = FACE_BOUND('',#13425,.F.);
#13425 = EDGE_LOOP('',(#13426,#13427,#13433,#13434));
#13426 = ORIENTED_EDGE('',*,*,#13390,.F.);
#13427 = ORIENTED_EDGE('',*,*,#13428,.F.);
#13428 = EDGE_CURVE('',#13411,#13391,#13429,.T.);
#13429 = LINE('',#13430,#13431);
#13430 = CARTESIAN_POINT('',(-180.,-158.,77.));
#13431 = VECTOR('',#13432,1.);
#13432 = DIRECTION('',(0.,-1.,0.));
#13433 = ORIENTED_EDGE('',*,*,#13410,.T.);
#13434 = ORIENTED_EDGE('',*,*,#13428,.T.);
#13435 = CYLINDRICAL_SURFACE('',#13436,7.5);
#13436 = AXIS2_PLACEMENT_3D('',#13437,#13438,#13439);
#13437 = CARTESIAN_POINT('',(-180.,-158.,84.5));
#13438 = DIRECTION('',(0.,-1.,0.));
#13439 = DIRECTION('',(0.,0.,-1.));
#13440 = MANIFOLD_SOLID_BREP('',#13441);
#13441 = CLOSED_SHELL('',(#13442,#13475,#13495,#13515));
#13442 = ADVANCED_FACE('',(#13443),#13470,.T.);
#13443 = FACE_BOUND('',#13444,.T.);
#13444 = EDGE_LOOP('',(#13445,#13454,#13462,#13469));
#13445 = ORIENTED_EDGE('',*,*,#13446,.F.);
#13446 = EDGE_CURVE('',#13447,#13447,#13449,.T.);
#13447 = VERTEX_POINT('',#13448);
#13448 = CARTESIAN_POINT('',(-180.,-173.,76.5));
#13449 = CIRCLE('',#13450,8.);
#13450 = AXIS2_PLACEMENT_3D('',#13451,#13452,#13453);
#13451 = CARTESIAN_POINT('',(-180.,-173.,84.5));
#13452 = DIRECTION('',(0.,-1.,0.));
#13453 = DIRECTION('',(0.,0.,-1.));
#13454 = ORIENTED_EDGE('',*,*,#13455,.F.);
#13455 = EDGE_CURVE('',#13456,#13447,#13458,.T.);
#13456 = VERTEX_POINT('',#13457);
#13457 = CARTESIAN_POINT('',(-180.,-168.,76.5));
#13458 = LINE('',#13459,#13460);
#13459 = CARTESIAN_POINT('',(-180.,-168.,76.5));
#13460 = VECTOR('',#13461,1.);
#13461 = DIRECTION('',(0.,-1.,0.));
#13462 = ORIENTED_EDGE('',*,*,#13463,.T.);
#13463 = EDGE_CURVE('',#13456,#13456,#13464,.T.);
#13464 = CIRCLE('',#13465,8.);
#13465 = AXIS2_PLACEMENT_3D('',#13466,#13467,#13468);
#13466 = CARTESIAN_POINT('',(-180.,-168.,84.5));
#13467 = DIRECTION('',(0.,-1.,0.));
#13468 = DIRECTION('',(0.,0.,-1.));
#13469 = ORIENTED_EDGE('',*,*,#13455,.T.);
#13470 = CYLINDRICAL_SURFACE('',#13471,8.);
#13471 = AXIS2_PLACEMENT_3D('',#13472,#13473,#13474);
#13472 = CARTESIAN_POINT('',(-180.,-168.,84.5));
#13473 = DIRECTION('',(0.,-1.,0.));
#13474 = DIRECTION('',(0.,0.,-1.));
#13475 = ADVANCED_FACE('',(#13476,#13479),#13490,.T.);
#13476 = FACE_BOUND('',#13477,.T.);
#13477 = EDGE_LOOP('',(#13478));
#13478 = ORIENTED_EDGE('',*,*,#13446,.T.);
#13479 = FACE_BOUND('',#13480,.T.);
#13480 = EDGE_LOOP('',(#13481));
#13481 = ORIENTED_EDGE('',*,*,#13482,.F.);
#13482 = EDGE_CURVE('',#13483,#13483,#13485,.T.);
#13483 = VERTEX_POINT('',#13484);
#13484 = CARTESIAN_POINT('',(-180.,-173.,80.5));
#13485 = CIRCLE('',#13486,4.);
#13486 = AXIS2_PLACEMENT_3D('',#13487,#13488,#13489);
#13487 = CARTESIAN_POINT('',(-180.,-173.,84.5));
#13488 = DIRECTION('',(0.,-1.,0.));
#13489 = DIRECTION('',(0.,0.,-1.));
#13490 = PLANE('',#13491);
#13491 = AXIS2_PLACEMENT_3D('',#13492,#13493,#13494);
#13492 = CARTESIAN_POINT('',(-180.,-173.,84.5));
#13493 = DIRECTION('',(0.,-1.,0.));
#13494 = DIRECTION('',(0.,0.,-1.));
#13495 = ADVANCED_FACE('',(#13496,#13499),#13510,.F.);
#13496 = FACE_BOUND('',#13497,.F.);
#13497 = EDGE_LOOP('',(#13498));
#13498 = ORIENTED_EDGE('',*,*,#13463,.T.);
#13499 = FACE_BOUND('',#13500,.F.);
#13500 = EDGE_LOOP('',(#13501));
#13501 = ORIENTED_EDGE('',*,*,#13502,.F.);
#13502 = EDGE_CURVE('',#13503,#13503,#13505,.T.);
#13503 = VERTEX_POINT('',#13504);
#13504 = CARTESIAN_POINT('',(-180.,-168.,80.5));
#13505 = CIRCLE('',#13506,4.);
#13506 = AXIS2_PLACEMENT_3D('',#13507,#13508,#13509);
#13507 = CARTESIAN_POINT('',(-180.,-168.,84.5));
#13508 = DIRECTION('',(0.,-1.,0.));
#13509 = DIRECTION('',(0.,0.,-1.));
#13510 = PLANE('',#13511);
#13511 = AXIS2_PLACEMENT_3D('',#13512,#13513,#13514);
#13512 = CARTESIAN_POINT('',(-180.,-168.,84.5));
#13513 = DIRECTION('',(0.,-1.,0.));
#13514 = DIRECTION('',(0.,0.,-1.));
#13515 = ADVANCED_FACE('',(#13516),#13527,.F.);
#13516 = FACE_BOUND('',#13517,.F.);
#13517 = EDGE_LOOP('',(#13518,#13519,#13525,#13526));
#13518 = ORIENTED_EDGE('',*,*,#13482,.F.);
#13519 = ORIENTED_EDGE('',*,*,#13520,.F.);
#13520 = EDGE_CURVE('',#13503,#13483,#13521,.T.);
#13521 = LINE('',#13522,#13523);
#13522 = CARTESIAN_POINT('',(-180.,-168.,80.5));
#13523 = VECTOR('',#13524,1.);
#13524 = DIRECTION('',(0.,-1.,0.));
#13525 = ORIENTED_EDGE('',*,*,#13502,.T.);
#13526 = ORIENTED_EDGE('',*,*,#13520,.T.);
#13527 = CYLINDRICAL_SURFACE('',#13528,4.);
#13528 = AXIS2_PLACEMENT_3D('',#13529,#13530,#13531);
#13529 = CARTESIAN_POINT('',(-180.,-168.,84.5));
#13530 = DIRECTION('',(0.,-1.,0.));
#13531 = DIRECTION('',(0.,0.,-1.));
#13532 = MANIFOLD_SOLID_BREP('',#13533);
#13533 = CLOSED_SHELL('',(#13534,#13574,#13605,#13636,#13680,#13724,
    #13741,#13758,#13770));
#13534 = ADVANCED_FACE('',(#13535),#13569,.F.);
#13535 = FACE_BOUND('',#13536,.F.);
#13536 = EDGE_LOOP('',(#13537,#13547,#13555,#13563));
#13537 = ORIENTED_EDGE('',*,*,#13538,.T.);
#13538 = EDGE_CURVE('',#13539,#13541,#13543,.T.);
#13539 = VERTEX_POINT('',#13540);
#13540 = CARTESIAN_POINT('',(-170.1850454237,-174.,84.5));
#13541 = VERTEX_POINT('',#13542);
#13542 = CARTESIAN_POINT('',(-170.1850454237,-187.6,84.5));
#13543 = LINE('',#13544,#13545);
#13544 = CARTESIAN_POINT('',(-170.1850454237,-174.,84.5));
#13545 = VECTOR('',#13546,1.);
#13546 = DIRECTION('',(0.,-1.,0.));
#13547 = ORIENTED_EDGE('',*,*,#13548,.T.);
#13548 = EDGE_CURVE('',#13541,#13549,#13551,.T.);
#13549 = VERTEX_POINT('',#13550);
#13550 = CARTESIAN_POINT('',(-175.0925227118,-187.6,93.));
#13551 = LINE('',#13552,#13553);
#13552 = CARTESIAN_POINT('',(-170.1850454237,-187.6,84.5));
#13553 = VECTOR('',#13554,1.);
#13554 = DIRECTION('',(-0.5,0.,0.866025403784));
#13555 = ORIENTED_EDGE('',*,*,#13556,.F.);
#13556 = EDGE_CURVE('',#13557,#13549,#13559,.T.);
#13557 = VERTEX_POINT('',#13558);
#13558 = CARTESIAN_POINT('',(-175.0925227118,-174.,93.));
#13559 = LINE('',#13560,#13561);
#13560 = CARTESIAN_POINT('',(-175.0925227118,-174.,93.));
#13561 = VECTOR('',#13562,1.);
#13562 = DIRECTION('',(0.,-1.,0.));
#13563 = ORIENTED_EDGE('',*,*,#13564,.F.);
#13564 = EDGE_CURVE('',#13539,#13557,#13565,.T.);
#13565 = LINE('',#13566,#13567);
#13566 = CARTESIAN_POINT('',(-170.1850454237,-174.,84.5));
#13567 = VECTOR('',#13568,1.);
#13568 = DIRECTION('',(-0.5,0.,0.866025403784));
#13569 = PLANE('',#13570);
#13570 = AXIS2_PLACEMENT_3D('',#13571,#13572,#13573);
#13571 = CARTESIAN_POINT('',(-170.1850454237,-174.,84.5));
#13572 = DIRECTION('',(-0.866025403784,-0.,-0.5));
#13573 = DIRECTION('',(-0.5,0.,0.866025403784));
#13574 = ADVANCED_FACE('',(#13575),#13600,.F.);
#13575 = FACE_BOUND('',#13576,.F.);
#13576 = EDGE_LOOP('',(#13577,#13587,#13593,#13594));
#13577 = ORIENTED_EDGE('',*,*,#13578,.T.);
#13578 = EDGE_CURVE('',#13579,#13581,#13583,.T.);
#13579 = VERTEX_POINT('',#13580);
#13580 = CARTESIAN_POINT('',(-175.0925227118,-174.,76.));
#13581 = VERTEX_POINT('',#13582);
#13582 = CARTESIAN_POINT('',(-175.0925227118,-187.6,76.));
#13583 = LINE('',#13584,#13585);
#13584 = CARTESIAN_POINT('',(-175.0925227118,-174.,76.));
#13585 = VECTOR('',#13586,1.);
#13586 = DIRECTION('',(0.,-1.,0.));
#13587 = ORIENTED_EDGE('',*,*,#13588,.T.);
#13588 = EDGE_CURVE('',#13581,#13541,#13589,.T.);
#13589 = LINE('',#13590,#13591);
#13590 = CARTESIAN_POINT('',(-175.0925227118,-187.6,76.));
#13591 = VECTOR('',#13592,1.);
#13592 = DIRECTION('',(0.5,0.,0.866025403784));
#13593 = ORIENTED_EDGE('',*,*,#13538,.F.);
#13594 = ORIENTED_EDGE('',*,*,#13595,.F.);
#13595 = EDGE_CURVE('',#13579,#13539,#13596,.T.);
#13596 = LINE('',#13597,#13598);
#13597 = CARTESIAN_POINT('',(-175.0925227118,-174.,76.));
#13598 = VECTOR('',#13599,1.);
#13599 = DIRECTION('',(0.5,0.,0.866025403784));
#13600 = PLANE('',#13601);
#13601 = AXIS2_PLACEMENT_3D('',#13602,#13603,#13604);
#13602 = CARTESIAN_POINT('',(-175.0925227118,-174.,76.));
#13603 = DIRECTION('',(-0.866025403784,0.,0.5));
#13604 = DIRECTION('',(0.5,0.,0.866025403784));
#13605 = ADVANCED_FACE('',(#13606),#13631,.F.);
#13606 = FACE_BOUND('',#13607,.F.);
#13607 = EDGE_LOOP('',(#13608,#13609,#13617,#13625));
#13608 = ORIENTED_EDGE('',*,*,#13556,.T.);
#13609 = ORIENTED_EDGE('',*,*,#13610,.T.);
#13610 = EDGE_CURVE('',#13549,#13611,#13613,.T.);
#13611 = VERTEX_POINT('',#13612);
#13612 = CARTESIAN_POINT('',(-184.9074772881,-187.6,93.));
#13613 = LINE('',#13614,#13615);
#13614 = CARTESIAN_POINT('',(-175.0925227118,-187.6,93.));
#13615 = VECTOR('',#13616,1.);
#13616 = DIRECTION('',(-1.,0.,0.));
#13617 = ORIENTED_EDGE('',*,*,#13618,.F.);
#13618 = EDGE_CURVE('',#13619,#13611,#13621,.T.);
#13619 = VERTEX_POINT('',#13620);
#13620 = CARTESIAN_POINT('',(-184.9074772881,-174.,93.));
#13621 = LINE('',#13622,#13623);
#13622 = CARTESIAN_POINT('',(-184.9074772881,-174.,93.));
#13623 = VECTOR('',#13624,1.);
#13624 = DIRECTION('',(0.,-1.,0.));
#13625 = ORIENTED_EDGE('',*,*,#13626,.F.);
#13626 = EDGE_CURVE('',#13557,#13619,#13627,.T.);
#13627 = LINE('',#13628,#13629);
#13628 = CARTESIAN_POINT('',(-175.0925227118,-174.,93.));
#13629 = VECTOR('',#13630,1.);
#13630 = DIRECTION('',(-1.,0.,0.));
#13631 = PLANE('',#13632);
#13632 = AXIS2_PLACEMENT_3D('',#13633,#13634,#13635);
#13633 = CARTESIAN_POINT('',(-175.0925227118,-174.,93.));
#13634 = DIRECTION('',(-0.,-0.,-1.));
#13635 = DIRECTION('',(-1.,0.,0.));
#13636 = ADVANCED_FACE('',(#13637,#13664),#13675,.F.);
#13637 = FACE_BOUND('',#13638,.F.);
#13638 = EDGE_LOOP('',(#13639,#13640,#13641,#13649,#13657,#13663));
#13639 = ORIENTED_EDGE('',*,*,#13564,.T.);
#13640 = ORIENTED_EDGE('',*,*,#13626,.T.);
#13641 = ORIENTED_EDGE('',*,*,#13642,.T.);
#13642 = EDGE_CURVE('',#13619,#13643,#13645,.T.);
#13643 = VERTEX_POINT('',#13644);
#13644 = CARTESIAN_POINT('',(-189.8149545762,-174.,84.5));
#13645 = LINE('',#13646,#13647);
#13646 = CARTESIAN_POINT('',(-184.9074772881,-174.,93.));
#13647 = VECTOR('',#13648,1.);
#13648 = DIRECTION('',(-0.5,0.,-0.866025403784));
#13649 = ORIENTED_EDGE('',*,*,#13650,.T.);
#13650 = EDGE_CURVE('',#13643,#13651,#13653,.T.);
#13651 = VERTEX_POINT('',#13652);
#13652 = CARTESIAN_POINT('',(-184.9074772881,-174.,76.));
#13653 = LINE('',#13654,#13655);
#13654 = CARTESIAN_POINT('',(-189.8149545762,-174.,84.5));
#13655 = VECTOR('',#13656,1.);
#13656 = DIRECTION('',(0.5,0.,-0.866025403784));
#13657 = ORIENTED_EDGE('',*,*,#13658,.T.);
#13658 = EDGE_CURVE('',#13651,#13579,#13659,.T.);
#13659 = LINE('',#13660,#13661);
#13660 = CARTESIAN_POINT('',(-184.9074772881,-174.,76.));
#13661 = VECTOR('',#13662,1.);
#13662 = DIRECTION('',(1.,0.,0.));
#13663 = ORIENTED_EDGE('',*,*,#13595,.T.);
#13664 = FACE_BOUND('',#13665,.F.);
#13665 = EDGE_LOOP('',(#13666));
#13666 = ORIENTED_EDGE('',*,*,#13667,.F.);
#13667 = EDGE_CURVE('',#13668,#13668,#13670,.T.);
#13668 = VERTEX_POINT('',#13669);
#13669 = CARTESIAN_POINT('',(-180.,-174.,80.5));
#13670 = CIRCLE('',#13671,4.);
#13671 = AXIS2_PLACEMENT_3D('',#13672,#13673,#13674);
#13672 = CARTESIAN_POINT('',(-180.,-174.,84.5));
#13673 = DIRECTION('',(0.,-1.,0.));
#13674 = DIRECTION('',(0.,0.,-1.));
#13675 = PLANE('',#13676);
#13676 = AXIS2_PLACEMENT_3D('',#13677,#13678,#13679);
#13677 = CARTESIAN_POINT('',(-180.,-174.,84.5));
#13678 = DIRECTION('',(-0.,-1.,-0.));
#13679 = DIRECTION('',(0.,0.,-1.));
#13680 = ADVANCED_FACE('',(#13681,#13708),#13719,.T.);
#13681 = FACE_BOUND('',#13682,.T.);
#13682 = EDGE_LOOP('',(#13683,#13684,#13685,#13693,#13701,#13707));
#13683 = ORIENTED_EDGE('',*,*,#13548,.T.);
#13684 = ORIENTED_EDGE('',*,*,#13610,.T.);
#13685 = ORIENTED_EDGE('',*,*,#13686,.T.);
#13686 = EDGE_CURVE('',#13611,#13687,#13689,.T.);
#13687 = VERTEX_POINT('',#13688);
#13688 = CARTESIAN_POINT('',(-189.8149545762,-187.6,84.5));
#13689 = LINE('',#13690,#13691);
#13690 = CARTESIAN_POINT('',(-184.9074772881,-187.6,93.));
#13691 = VECTOR('',#13692,1.);
#13692 = DIRECTION('',(-0.5,0.,-0.866025403784));
#13693 = ORIENTED_EDGE('',*,*,#13694,.T.);
#13694 = EDGE_CURVE('',#13687,#13695,#13697,.T.);
#13695 = VERTEX_POINT('',#13696);
#13696 = CARTESIAN_POINT('',(-184.9074772881,-187.6,76.));
#13697 = LINE('',#13698,#13699);
#13698 = CARTESIAN_POINT('',(-189.8149545762,-187.6,84.5));
#13699 = VECTOR('',#13700,1.);
#13700 = DIRECTION('',(0.5,0.,-0.866025403784));
#13701 = ORIENTED_EDGE('',*,*,#13702,.T.);
#13702 = EDGE_CURVE('',#13695,#13581,#13703,.T.);
#13703 = LINE('',#13704,#13705);
#13704 = CARTESIAN_POINT('',(-184.9074772881,-187.6,76.));
#13705 = VECTOR('',#13706,1.);
#13706 = DIRECTION('',(1.,0.,0.));
#13707 = ORIENTED_EDGE('',*,*,#13588,.T.);
#13708 = FACE_BOUND('',#13709,.T.);
#13709 = EDGE_LOOP('',(#13710));
#13710 = ORIENTED_EDGE('',*,*,#13711,.F.);
#13711 = EDGE_CURVE('',#13712,#13712,#13714,.T.);
#13712 = VERTEX_POINT('',#13713);
#13713 = CARTESIAN_POINT('',(-180.,-187.6,80.5));
#13714 = CIRCLE('',#13715,4.);
#13715 = AXIS2_PLACEMENT_3D('',#13716,#13717,#13718);
#13716 = CARTESIAN_POINT('',(-180.,-187.6,84.5));
#13717 = DIRECTION('',(0.,-1.,0.));
#13718 = DIRECTION('',(0.,0.,-1.));
#13719 = PLANE('',#13720);
#13720 = AXIS2_PLACEMENT_3D('',#13721,#13722,#13723);
#13721 = CARTESIAN_POINT('',(-180.,-187.6,84.5));
#13722 = DIRECTION('',(-0.,-1.,-0.));
#13723 = DIRECTION('',(0.,0.,-1.));
#13724 = ADVANCED_FACE('',(#13725),#13736,.F.);
#13725 = FACE_BOUND('',#13726,.F.);
#13726 = EDGE_LOOP('',(#13727,#13733,#13734,#13735));
#13727 = ORIENTED_EDGE('',*,*,#13728,.T.);
#13728 = EDGE_CURVE('',#13651,#13695,#13729,.T.);
#13729 = LINE('',#13730,#13731);
#13730 = CARTESIAN_POINT('',(-184.9074772881,-174.,76.));
#13731 = VECTOR('',#13732,1.);
#13732 = DIRECTION('',(0.,-1.,0.));
#13733 = ORIENTED_EDGE('',*,*,#13702,.T.);
#13734 = ORIENTED_EDGE('',*,*,#13578,.F.);
#13735 = ORIENTED_EDGE('',*,*,#13658,.F.);
#13736 = PLANE('',#13737);
#13737 = AXIS2_PLACEMENT_3D('',#13738,#13739,#13740);
#13738 = CARTESIAN_POINT('',(-184.9074772881,-174.,76.));
#13739 = DIRECTION('',(0.,0.,1.));
#13740 = DIRECTION('',(1.,0.,0.));
#13741 = ADVANCED_FACE('',(#13742),#13753,.F.);
#13742 = FACE_BOUND('',#13743,.F.);
#13743 = EDGE_LOOP('',(#13744,#13745,#13746,#13752));
#13744 = ORIENTED_EDGE('',*,*,#13618,.T.);
#13745 = ORIENTED_EDGE('',*,*,#13686,.T.);
#13746 = ORIENTED_EDGE('',*,*,#13747,.F.);
#13747 = EDGE_CURVE('',#13643,#13687,#13748,.T.);
#13748 = LINE('',#13749,#13750);
#13749 = CARTESIAN_POINT('',(-189.8149545762,-174.,84.5));
#13750 = VECTOR('',#13751,1.);
#13751 = DIRECTION('',(0.,-1.,0.));
#13752 = ORIENTED_EDGE('',*,*,#13642,.F.);
#13753 = PLANE('',#13754);
#13754 = AXIS2_PLACEMENT_3D('',#13755,#13756,#13757);
#13755 = CARTESIAN_POINT('',(-184.9074772881,-174.,93.));
#13756 = DIRECTION('',(0.866025403784,0.,-0.5));
#13757 = DIRECTION('',(-0.5,0.,-0.866025403784));
#13758 = ADVANCED_FACE('',(#13759),#13765,.F.);
#13759 = FACE_BOUND('',#13760,.F.);
#13760 = EDGE_LOOP('',(#13761,#13762,#13763,#13764));
#13761 = ORIENTED_EDGE('',*,*,#13747,.T.);
#13762 = ORIENTED_EDGE('',*,*,#13694,.T.);
#13763 = ORIENTED_EDGE('',*,*,#13728,.F.);
#13764 = ORIENTED_EDGE('',*,*,#13650,.F.);
#13765 = PLANE('',#13766);
#13766 = AXIS2_PLACEMENT_3D('',#13767,#13768,#13769);
#13767 = CARTESIAN_POINT('',(-189.8149545762,-174.,84.5));
#13768 = DIRECTION('',(0.866025403784,0.,0.5));
#13769 = DIRECTION('',(0.5,0.,-0.866025403784));
#13770 = ADVANCED_FACE('',(#13771),#13782,.F.);
#13771 = FACE_BOUND('',#13772,.F.);
#13772 = EDGE_LOOP('',(#13773,#13774,#13780,#13781));
#13773 = ORIENTED_EDGE('',*,*,#13711,.F.);
#13774 = ORIENTED_EDGE('',*,*,#13775,.F.);
#13775 = EDGE_CURVE('',#13668,#13712,#13776,.T.);
#13776 = LINE('',#13777,#13778);
#13777 = CARTESIAN_POINT('',(-180.,-173.,80.5));
#13778 = VECTOR('',#13779,1.);
#13779 = DIRECTION('',(0.,-1.,0.));
#13780 = ORIENTED_EDGE('',*,*,#13667,.T.);
#13781 = ORIENTED_EDGE('',*,*,#13775,.T.);
#13782 = CYLINDRICAL_SURFACE('',#13783,4.);
#13783 = AXIS2_PLACEMENT_3D('',#13784,#13785,#13786);
#13784 = CARTESIAN_POINT('',(-180.,-173.,84.5));
#13785 = DIRECTION('',(0.,-1.,0.));
#13786 = DIRECTION('',(0.,0.,-1.));
#13787 = MANIFOLD_SOLID_BREP('',#13788);
#13788 = CLOSED_SHELL('',(#13789,#13822,#13831));
#13789 = ADVANCED_FACE('',(#13790),#13817,.T.);
#13790 = FACE_BOUND('',#13791,.T.);
#13791 = EDGE_LOOP('',(#13792,#13801,#13809,#13816));
#13792 = ORIENTED_EDGE('',*,*,#13793,.F.);
#13793 = EDGE_CURVE('',#13794,#13794,#13796,.T.);
#13794 = VERTEX_POINT('',#13795);
#13795 = CARTESIAN_POINT('',(-173.,-179.,85.75));
#13796 = CIRCLE('',#13797,1.25);
#13797 = AXIS2_PLACEMENT_3D('',#13798,#13799,#13800);
#13798 = CARTESIAN_POINT('',(-173.,-179.,84.5));
#13799 = DIRECTION('',(1.,0.,-0.));
#13800 = DIRECTION('',(0.,0.,1.));
#13801 = ORIENTED_EDGE('',*,*,#13802,.F.);
#13802 = EDGE_CURVE('',#13803,#13794,#13805,.T.);
#13803 = VERTEX_POINT('',#13804);
#13804 = CARTESIAN_POINT('',(-187.,-179.,85.75));
#13805 = LINE('',#13806,#13807);
#13806 = CARTESIAN_POINT('',(-187.,-179.,85.75));
#13807 = VECTOR('',#13808,1.);
#13808 = DIRECTION('',(1.,0.,0.));
#13809 = ORIENTED_EDGE('',*,*,#13810,.T.);
#13810 = EDGE_CURVE('',#13803,#13803,#13811,.T.);
#13811 = CIRCLE('',#13812,1.25);
#13812 = AXIS2_PLACEMENT_3D('',#13813,#13814,#13815);
#13813 = CARTESIAN_POINT('',(-187.,-179.,84.5));
#13814 = DIRECTION('',(1.,0.,-0.));
#13815 = DIRECTION('',(0.,0.,1.));
#13816 = ORIENTED_EDGE('',*,*,#13802,.T.);
#13817 = CYLINDRICAL_SURFACE('',#13818,1.25);
#13818 = AXIS2_PLACEMENT_3D('',#13819,#13820,#13821);
#13819 = CARTESIAN_POINT('',(-187.,-179.,84.5));
#13820 = DIRECTION('',(1.,0.,0.));
#13821 = DIRECTION('',(0.,0.,1.));
#13822 = ADVANCED_FACE('',(#13823),#13826,.T.);
#13823 = FACE_BOUND('',#13824,.T.);
#13824 = EDGE_LOOP('',(#13825));
#13825 = ORIENTED_EDGE('',*,*,#13793,.T.);
#13826 = PLANE('',#13827);
#13827 = AXIS2_PLACEMENT_3D('',#13828,#13829,#13830);
#13828 = CARTESIAN_POINT('',(-173.,-179.,84.5));
#13829 = DIRECTION('',(1.,0.,0.));
#13830 = DIRECTION('',(0.,0.,1.));
#13831 = ADVANCED_FACE('',(#13832),#13835,.F.);
#13832 = FACE_BOUND('',#13833,.T.);
#13833 = EDGE_LOOP('',(#13834));
#13834 = ORIENTED_EDGE('',*,*,#13810,.F.);
#13835 = PLANE('',#13836);
#13836 = AXIS2_PLACEMENT_3D('',#13837,#13838,#13839);
#13837 = CARTESIAN_POINT('',(-187.,-179.,84.5));
#13838 = DIRECTION('',(1.,0.,0.));
#13839 = DIRECTION('',(0.,0.,1.));
#13840 = MANIFOLD_SOLID_BREP('',#13841);
#13841 = CLOSED_SHELL('',(#13842,#13875,#13895,#13915));
#13842 = ADVANCED_FACE('',(#13843),#13870,.T.);
#13843 = FACE_BOUND('',#13844,.T.);
#13844 = EDGE_LOOP('',(#13845,#13854,#13862,#13869));
#13845 = ORIENTED_EDGE('',*,*,#13846,.F.);
#13846 = EDGE_CURVE('',#13847,#13847,#13849,.T.);
#13847 = VERTEX_POINT('',#13848);
#13848 = CARTESIAN_POINT('',(-180.,162.,95.));
#13849 = CIRCLE('',#13850,10.5);
#13850 = AXIS2_PLACEMENT_3D('',#13851,#13852,#13853);
#13851 = CARTESIAN_POINT('',(-180.,162.,84.5));
#13852 = DIRECTION('',(0.,1.,0.));
#13853 = DIRECTION('',(0.,0.,1.));
#13854 = ORIENTED_EDGE('',*,*,#13855,.F.);
#13855 = EDGE_CURVE('',#13856,#13847,#13858,.T.);
#13856 = VERTEX_POINT('',#13857);
#13857 = CARTESIAN_POINT('',(-180.,158.,95.));
#13858 = LINE('',#13859,#13860);
#13859 = CARTESIAN_POINT('',(-180.,158.,95.));
#13860 = VECTOR('',#13861,1.);
#13861 = DIRECTION('',(0.,1.,0.));
#13862 = ORIENTED_EDGE('',*,*,#13863,.T.);
#13863 = EDGE_CURVE('',#13856,#13856,#13864,.T.);
#13864 = CIRCLE('',#13865,10.5);
#13865 = AXIS2_PLACEMENT_3D('',#13866,#13867,#13868);
#13866 = CARTESIAN_POINT('',(-180.,158.,84.5));
#13867 = DIRECTION('',(0.,1.,0.));
#13868 = DIRECTION('',(0.,0.,1.));
#13869 = ORIENTED_EDGE('',*,*,#13855,.T.);
#13870 = CYLINDRICAL_SURFACE('',#13871,10.5);
#13871 = AXIS2_PLACEMENT_3D('',#13872,#13873,#13874);
#13872 = CARTESIAN_POINT('',(-180.,158.,84.5));
#13873 = DIRECTION('',(0.,1.,0.));
#13874 = DIRECTION('',(0.,0.,1.));
#13875 = ADVANCED_FACE('',(#13876,#13879),#13890,.T.);
#13876 = FACE_BOUND('',#13877,.T.);
#13877 = EDGE_LOOP('',(#13878));
#13878 = ORIENTED_EDGE('',*,*,#13846,.T.);
#13879 = FACE_BOUND('',#13880,.T.);
#13880 = EDGE_LOOP('',(#13881));
#13881 = ORIENTED_EDGE('',*,*,#13882,.F.);
#13882 = EDGE_CURVE('',#13883,#13883,#13885,.T.);
#13883 = VERTEX_POINT('',#13884);
#13884 = CARTESIAN_POINT('',(-180.,162.,92.));
#13885 = CIRCLE('',#13886,7.5);
#13886 = AXIS2_PLACEMENT_3D('',#13887,#13888,#13889);
#13887 = CARTESIAN_POINT('',(-180.,162.,84.5));
#13888 = DIRECTION('',(0.,1.,0.));
#13889 = DIRECTION('',(0.,0.,1.));
#13890 = PLANE('',#13891);
#13891 = AXIS2_PLACEMENT_3D('',#13892,#13893,#13894);
#13892 = CARTESIAN_POINT('',(-180.,162.,84.5));
#13893 = DIRECTION('',(0.,1.,0.));
#13894 = DIRECTION('',(0.,0.,1.));
#13895 = ADVANCED_FACE('',(#13896,#13899),#13910,.F.);
#13896 = FACE_BOUND('',#13897,.F.);
#13897 = EDGE_LOOP('',(#13898));
#13898 = ORIENTED_EDGE('',*,*,#13863,.T.);
#13899 = FACE_BOUND('',#13900,.F.);
#13900 = EDGE_LOOP('',(#13901));
#13901 = ORIENTED_EDGE('',*,*,#13902,.F.);
#13902 = EDGE_CURVE('',#13903,#13903,#13905,.T.);
#13903 = VERTEX_POINT('',#13904);
#13904 = CARTESIAN_POINT('',(-180.,158.,92.));
#13905 = CIRCLE('',#13906,7.5);
#13906 = AXIS2_PLACEMENT_3D('',#13907,#13908,#13909);
#13907 = CARTESIAN_POINT('',(-180.,158.,84.5));
#13908 = DIRECTION('',(0.,1.,0.));
#13909 = DIRECTION('',(0.,0.,1.));
#13910 = PLANE('',#13911);
#13911 = AXIS2_PLACEMENT_3D('',#13912,#13913,#13914);
#13912 = CARTESIAN_POINT('',(-180.,158.,84.5));
#13913 = DIRECTION('',(0.,1.,0.));
#13914 = DIRECTION('',(0.,0.,1.));
#13915 = ADVANCED_FACE('',(#13916),#13927,.F.);
#13916 = FACE_BOUND('',#13917,.F.);
#13917 = EDGE_LOOP('',(#13918,#13919,#13925,#13926));
#13918 = ORIENTED_EDGE('',*,*,#13882,.F.);
#13919 = ORIENTED_EDGE('',*,*,#13920,.F.);
#13920 = EDGE_CURVE('',#13903,#13883,#13921,.T.);
#13921 = LINE('',#13922,#13923);
#13922 = CARTESIAN_POINT('',(-180.,158.,92.));
#13923 = VECTOR('',#13924,1.);
#13924 = DIRECTION('',(0.,1.,0.));
#13925 = ORIENTED_EDGE('',*,*,#13902,.T.);
#13926 = ORIENTED_EDGE('',*,*,#13920,.T.);
#13927 = CYLINDRICAL_SURFACE('',#13928,7.5);
#13928 = AXIS2_PLACEMENT_3D('',#13929,#13930,#13931);
#13929 = CARTESIAN_POINT('',(-180.,158.,84.5));
#13930 = DIRECTION('',(0.,1.,0.));
#13931 = DIRECTION('',(0.,0.,1.));
#13932 = MANIFOLD_SOLID_BREP('',#13933);
#13933 = CLOSED_SHELL('',(#13934,#13967,#13987,#14007));
#13934 = ADVANCED_FACE('',(#13935),#13962,.T.);
#13935 = FACE_BOUND('',#13936,.T.);
#13936 = EDGE_LOOP('',(#13937,#13946,#13954,#13961));
#13937 = ORIENTED_EDGE('',*,*,#13938,.F.);
#13938 = EDGE_CURVE('',#13939,#13939,#13941,.T.);
#13939 = VERTEX_POINT('',#13940);
#13940 = CARTESIAN_POINT('',(-180.,173.,92.5));
#13941 = CIRCLE('',#13942,8.);
#13942 = AXIS2_PLACEMENT_3D('',#13943,#13944,#13945);
#13943 = CARTESIAN_POINT('',(-180.,173.,84.5));
#13944 = DIRECTION('',(0.,1.,0.));
#13945 = DIRECTION('',(0.,0.,1.));
#13946 = ORIENTED_EDGE('',*,*,#13947,.F.);
#13947 = EDGE_CURVE('',#13948,#13939,#13950,.T.);
#13948 = VERTEX_POINT('',#13949);
#13949 = CARTESIAN_POINT('',(-180.,168.,92.5));
#13950 = LINE('',#13951,#13952);
#13951 = CARTESIAN_POINT('',(-180.,168.,92.5));
#13952 = VECTOR('',#13953,1.);
#13953 = DIRECTION('',(0.,1.,0.));
#13954 = ORIENTED_EDGE('',*,*,#13955,.T.);
#13955 = EDGE_CURVE('',#13948,#13948,#13956,.T.);
#13956 = CIRCLE('',#13957,8.);
#13957 = AXIS2_PLACEMENT_3D('',#13958,#13959,#13960);
#13958 = CARTESIAN_POINT('',(-180.,168.,84.5));
#13959 = DIRECTION('',(0.,1.,0.));
#13960 = DIRECTION('',(0.,0.,1.));
#13961 = ORIENTED_EDGE('',*,*,#13947,.T.);
#13962 = CYLINDRICAL_SURFACE('',#13963,8.);
#13963 = AXIS2_PLACEMENT_3D('',#13964,#13965,#13966);
#13964 = CARTESIAN_POINT('',(-180.,168.,84.5));
#13965 = DIRECTION('',(0.,1.,0.));
#13966 = DIRECTION('',(0.,0.,1.));
#13967 = ADVANCED_FACE('',(#13968,#13971),#13982,.T.);
#13968 = FACE_BOUND('',#13969,.T.);
#13969 = EDGE_LOOP('',(#13970));
#13970 = ORIENTED_EDGE('',*,*,#13938,.T.);
#13971 = FACE_BOUND('',#13972,.T.);
#13972 = EDGE_LOOP('',(#13973));
#13973 = ORIENTED_EDGE('',*,*,#13974,.F.);
#13974 = EDGE_CURVE('',#13975,#13975,#13977,.T.);
#13975 = VERTEX_POINT('',#13976);
#13976 = CARTESIAN_POINT('',(-180.,173.,88.5));
#13977 = CIRCLE('',#13978,4.);
#13978 = AXIS2_PLACEMENT_3D('',#13979,#13980,#13981);
#13979 = CARTESIAN_POINT('',(-180.,173.,84.5));
#13980 = DIRECTION('',(0.,1.,0.));
#13981 = DIRECTION('',(0.,0.,1.));
#13982 = PLANE('',#13983);
#13983 = AXIS2_PLACEMENT_3D('',#13984,#13985,#13986);
#13984 = CARTESIAN_POINT('',(-180.,173.,84.5));
#13985 = DIRECTION('',(0.,1.,0.));
#13986 = DIRECTION('',(0.,0.,1.));
#13987 = ADVANCED_FACE('',(#13988,#13991),#14002,.F.);
#13988 = FACE_BOUND('',#13989,.F.);
#13989 = EDGE_LOOP('',(#13990));
#13990 = ORIENTED_EDGE('',*,*,#13955,.T.);
#13991 = FACE_BOUND('',#13992,.F.);
#13992 = EDGE_LOOP('',(#13993));
#13993 = ORIENTED_EDGE('',*,*,#13994,.F.);
#13994 = EDGE_CURVE('',#13995,#13995,#13997,.T.);
#13995 = VERTEX_POINT('',#13996);
#13996 = CARTESIAN_POINT('',(-180.,168.,88.5));
#13997 = CIRCLE('',#13998,4.);
#13998 = AXIS2_PLACEMENT_3D('',#13999,#14000,#14001);
#13999 = CARTESIAN_POINT('',(-180.,168.,84.5));
#14000 = DIRECTION('',(0.,1.,0.));
#14001 = DIRECTION('',(0.,0.,1.));
#14002 = PLANE('',#14003);
#14003 = AXIS2_PLACEMENT_3D('',#14004,#14005,#14006);
#14004 = CARTESIAN_POINT('',(-180.,168.,84.5));
#14005 = DIRECTION('',(0.,1.,0.));
#14006 = DIRECTION('',(0.,0.,1.));
#14007 = ADVANCED_FACE('',(#14008),#14019,.F.);
#14008 = FACE_BOUND('',#14009,.F.);
#14009 = EDGE_LOOP('',(#14010,#14011,#14017,#14018));
#14010 = ORIENTED_EDGE('',*,*,#13974,.F.);
#14011 = ORIENTED_EDGE('',*,*,#14012,.F.);
#14012 = EDGE_CURVE('',#13995,#13975,#14013,.T.);
#14013 = LINE('',#14014,#14015);
#14014 = CARTESIAN_POINT('',(-180.,168.,88.5));
#14015 = VECTOR('',#14016,1.);
#14016 = DIRECTION('',(0.,1.,0.));
#14017 = ORIENTED_EDGE('',*,*,#13994,.T.);
#14018 = ORIENTED_EDGE('',*,*,#14012,.T.);
#14019 = CYLINDRICAL_SURFACE('',#14020,4.);
#14020 = AXIS2_PLACEMENT_3D('',#14021,#14022,#14023);
#14021 = CARTESIAN_POINT('',(-180.,168.,84.5));
#14022 = DIRECTION('',(0.,1.,0.));
#14023 = DIRECTION('',(0.,0.,1.));
#14024 = MANIFOLD_SOLID_BREP('',#14025);
#14025 = CLOSED_SHELL('',(#14026,#14066,#14097,#14128,#14172,#14216,
    #14233,#14250,#14262));
#14026 = ADVANCED_FACE('',(#14027),#14061,.T.);
#14027 = FACE_BOUND('',#14028,.T.);
#14028 = EDGE_LOOP('',(#14029,#14039,#14047,#14055));
#14029 = ORIENTED_EDGE('',*,*,#14030,.T.);
#14030 = EDGE_CURVE('',#14031,#14033,#14035,.T.);
#14031 = VERTEX_POINT('',#14032);
#14032 = CARTESIAN_POINT('',(-170.1850454237,174.,84.5));
#14033 = VERTEX_POINT('',#14034);
#14034 = CARTESIAN_POINT('',(-170.1850454237,187.6,84.5));
#14035 = LINE('',#14036,#14037);
#14036 = CARTESIAN_POINT('',(-170.1850454237,174.,84.5));
#14037 = VECTOR('',#14038,1.);
#14038 = DIRECTION('',(0.,1.,0.));
#14039 = ORIENTED_EDGE('',*,*,#14040,.T.);
#14040 = EDGE_CURVE('',#14033,#14041,#14043,.T.);
#14041 = VERTEX_POINT('',#14042);
#14042 = CARTESIAN_POINT('',(-175.0925227118,187.6,93.));
#14043 = LINE('',#14044,#14045);
#14044 = CARTESIAN_POINT('',(-170.1850454237,187.6,84.5));
#14045 = VECTOR('',#14046,1.);
#14046 = DIRECTION('',(-0.5,0.,0.866025403784));
#14047 = ORIENTED_EDGE('',*,*,#14048,.F.);
#14048 = EDGE_CURVE('',#14049,#14041,#14051,.T.);
#14049 = VERTEX_POINT('',#14050);
#14050 = CARTESIAN_POINT('',(-175.0925227118,174.,93.));
#14051 = LINE('',#14052,#14053);
#14052 = CARTESIAN_POINT('',(-175.0925227118,174.,93.));
#14053 = VECTOR('',#14054,1.);
#14054 = DIRECTION('',(0.,1.,0.));
#14055 = ORIENTED_EDGE('',*,*,#14056,.F.);
#14056 = EDGE_CURVE('',#14031,#14049,#14057,.T.);
#14057 = LINE('',#14058,#14059);
#14058 = CARTESIAN_POINT('',(-170.1850454237,174.,84.5));
#14059 = VECTOR('',#14060,1.);
#14060 = DIRECTION('',(-0.5,0.,0.866025403784));
#14061 = PLANE('',#14062);
#14062 = AXIS2_PLACEMENT_3D('',#14063,#14064,#14065);
#14063 = CARTESIAN_POINT('',(-170.1850454237,174.,84.5));
#14064 = DIRECTION('',(0.866025403784,0.,0.5));
#14065 = DIRECTION('',(-0.5,0.,0.866025403784));
#14066 = ADVANCED_FACE('',(#14067),#14092,.T.);
#14067 = FACE_BOUND('',#14068,.T.);
#14068 = EDGE_LOOP('',(#14069,#14079,#14085,#14086));
#14069 = ORIENTED_EDGE('',*,*,#14070,.T.);
#14070 = EDGE_CURVE('',#14071,#14073,#14075,.T.);
#14071 = VERTEX_POINT('',#14072);
#14072 = CARTESIAN_POINT('',(-175.0925227118,174.,76.));
#14073 = VERTEX_POINT('',#14074);
#14074 = CARTESIAN_POINT('',(-175.0925227118,187.6,76.));
#14075 = LINE('',#14076,#14077);
#14076 = CARTESIAN_POINT('',(-175.0925227118,174.,76.));
#14077 = VECTOR('',#14078,1.);
#14078 = DIRECTION('',(0.,1.,0.));
#14079 = ORIENTED_EDGE('',*,*,#14080,.T.);
#14080 = EDGE_CURVE('',#14073,#14033,#14081,.T.);
#14081 = LINE('',#14082,#14083);
#14082 = CARTESIAN_POINT('',(-175.0925227118,187.6,76.));
#14083 = VECTOR('',#14084,1.);
#14084 = DIRECTION('',(0.5,0.,0.866025403784));
#14085 = ORIENTED_EDGE('',*,*,#14030,.F.);
#14086 = ORIENTED_EDGE('',*,*,#14087,.F.);
#14087 = EDGE_CURVE('',#14071,#14031,#14088,.T.);
#14088 = LINE('',#14089,#14090);
#14089 = CARTESIAN_POINT('',(-175.0925227118,174.,76.));
#14090 = VECTOR('',#14091,1.);
#14091 = DIRECTION('',(0.5,0.,0.866025403784));
#14092 = PLANE('',#14093);
#14093 = AXIS2_PLACEMENT_3D('',#14094,#14095,#14096);
#14094 = CARTESIAN_POINT('',(-175.0925227118,174.,76.));
#14095 = DIRECTION('',(0.866025403784,0.,-0.5));
#14096 = DIRECTION('',(0.5,0.,0.866025403784));
#14097 = ADVANCED_FACE('',(#14098),#14123,.T.);
#14098 = FACE_BOUND('',#14099,.T.);
#14099 = EDGE_LOOP('',(#14100,#14101,#14109,#14117));
#14100 = ORIENTED_EDGE('',*,*,#14048,.T.);
#14101 = ORIENTED_EDGE('',*,*,#14102,.T.);
#14102 = EDGE_CURVE('',#14041,#14103,#14105,.T.);
#14103 = VERTEX_POINT('',#14104);
#14104 = CARTESIAN_POINT('',(-184.9074772881,187.6,93.));
#14105 = LINE('',#14106,#14107);
#14106 = CARTESIAN_POINT('',(-175.0925227118,187.6,93.));
#14107 = VECTOR('',#14108,1.);
#14108 = DIRECTION('',(-1.,0.,0.));
#14109 = ORIENTED_EDGE('',*,*,#14110,.F.);
#14110 = EDGE_CURVE('',#14111,#14103,#14113,.T.);
#14111 = VERTEX_POINT('',#14112);
#14112 = CARTESIAN_POINT('',(-184.9074772881,174.,93.));
#14113 = LINE('',#14114,#14115);
#14114 = CARTESIAN_POINT('',(-184.9074772881,174.,93.));
#14115 = VECTOR('',#14116,1.);
#14116 = DIRECTION('',(0.,1.,0.));
#14117 = ORIENTED_EDGE('',*,*,#14118,.F.);
#14118 = EDGE_CURVE('',#14049,#14111,#14119,.T.);
#14119 = LINE('',#14120,#14121);
#14120 = CARTESIAN_POINT('',(-175.0925227118,174.,93.));
#14121 = VECTOR('',#14122,1.);
#14122 = DIRECTION('',(-1.,0.,0.));
#14123 = PLANE('',#14124);
#14124 = AXIS2_PLACEMENT_3D('',#14125,#14126,#14127);
#14125 = CARTESIAN_POINT('',(-175.0925227118,174.,93.));
#14126 = DIRECTION('',(0.,0.,1.));
#14127 = DIRECTION('',(-1.,0.,0.));
#14128 = ADVANCED_FACE('',(#14129,#14156),#14167,.T.);
#14129 = FACE_BOUND('',#14130,.T.);
#14130 = EDGE_LOOP('',(#14131,#14132,#14133,#14141,#14149,#14155));
#14131 = ORIENTED_EDGE('',*,*,#14056,.T.);
#14132 = ORIENTED_EDGE('',*,*,#14118,.T.);
#14133 = ORIENTED_EDGE('',*,*,#14134,.T.);
#14134 = EDGE_CURVE('',#14111,#14135,#14137,.T.);
#14135 = VERTEX_POINT('',#14136);
#14136 = CARTESIAN_POINT('',(-189.8149545762,174.,84.5));
#14137 = LINE('',#14138,#14139);
#14138 = CARTESIAN_POINT('',(-184.9074772881,174.,93.));
#14139 = VECTOR('',#14140,1.);
#14140 = DIRECTION('',(-0.5,0.,-0.866025403784));
#14141 = ORIENTED_EDGE('',*,*,#14142,.T.);
#14142 = EDGE_CURVE('',#14135,#14143,#14145,.T.);
#14143 = VERTEX_POINT('',#14144);
#14144 = CARTESIAN_POINT('',(-184.9074772881,174.,76.));
#14145 = LINE('',#14146,#14147);
#14146 = CARTESIAN_POINT('',(-189.8149545762,174.,84.5));
#14147 = VECTOR('',#14148,1.);
#14148 = DIRECTION('',(0.5,0.,-0.866025403784));
#14149 = ORIENTED_EDGE('',*,*,#14150,.T.);
#14150 = EDGE_CURVE('',#14143,#14071,#14151,.T.);
#14151 = LINE('',#14152,#14153);
#14152 = CARTESIAN_POINT('',(-184.9074772881,174.,76.));
#14153 = VECTOR('',#14154,1.);
#14154 = DIRECTION('',(1.,0.,0.));
#14155 = ORIENTED_EDGE('',*,*,#14087,.T.);
#14156 = FACE_BOUND('',#14157,.T.);
#14157 = EDGE_LOOP('',(#14158));
#14158 = ORIENTED_EDGE('',*,*,#14159,.T.);
#14159 = EDGE_CURVE('',#14160,#14160,#14162,.T.);
#14160 = VERTEX_POINT('',#14161);
#14161 = CARTESIAN_POINT('',(-180.,174.,88.5));
#14162 = CIRCLE('',#14163,4.);
#14163 = AXIS2_PLACEMENT_3D('',#14164,#14165,#14166);
#14164 = CARTESIAN_POINT('',(-180.,174.,84.5));
#14165 = DIRECTION('',(0.,1.,0.));
#14166 = DIRECTION('',(0.,0.,1.));
#14167 = PLANE('',#14168);
#14168 = AXIS2_PLACEMENT_3D('',#14169,#14170,#14171);
#14169 = CARTESIAN_POINT('',(-180.,174.,84.5));
#14170 = DIRECTION('',(-0.,-1.,-0.));
#14171 = DIRECTION('',(0.,0.,-1.));
#14172 = ADVANCED_FACE('',(#14173,#14200),#14211,.F.);
#14173 = FACE_BOUND('',#14174,.F.);
#14174 = EDGE_LOOP('',(#14175,#14176,#14177,#14185,#14193,#14199));
#14175 = ORIENTED_EDGE('',*,*,#14040,.T.);
#14176 = ORIENTED_EDGE('',*,*,#14102,.T.);
#14177 = ORIENTED_EDGE('',*,*,#14178,.T.);
#14178 = EDGE_CURVE('',#14103,#14179,#14181,.T.);
#14179 = VERTEX_POINT('',#14180);
#14180 = CARTESIAN_POINT('',(-189.8149545762,187.6,84.5));
#14181 = LINE('',#14182,#14183);
#14182 = CARTESIAN_POINT('',(-184.9074772881,187.6,93.));
#14183 = VECTOR('',#14184,1.);
#14184 = DIRECTION('',(-0.5,0.,-0.866025403784));
#14185 = ORIENTED_EDGE('',*,*,#14186,.T.);
#14186 = EDGE_CURVE('',#14179,#14187,#14189,.T.);
#14187 = VERTEX_POINT('',#14188);
#14188 = CARTESIAN_POINT('',(-184.9074772881,187.6,76.));
#14189 = LINE('',#14190,#14191);
#14190 = CARTESIAN_POINT('',(-189.8149545762,187.6,84.5));
#14191 = VECTOR('',#14192,1.);
#14192 = DIRECTION('',(0.5,0.,-0.866025403784));
#14193 = ORIENTED_EDGE('',*,*,#14194,.T.);
#14194 = EDGE_CURVE('',#14187,#14073,#14195,.T.);
#14195 = LINE('',#14196,#14197);
#14196 = CARTESIAN_POINT('',(-184.9074772881,187.6,76.));
#14197 = VECTOR('',#14198,1.);
#14198 = DIRECTION('',(1.,0.,0.));
#14199 = ORIENTED_EDGE('',*,*,#14080,.T.);
#14200 = FACE_BOUND('',#14201,.F.);
#14201 = EDGE_LOOP('',(#14202));
#14202 = ORIENTED_EDGE('',*,*,#14203,.T.);
#14203 = EDGE_CURVE('',#14204,#14204,#14206,.T.);
#14204 = VERTEX_POINT('',#14205);
#14205 = CARTESIAN_POINT('',(-180.,187.6,88.5));
#14206 = CIRCLE('',#14207,4.);
#14207 = AXIS2_PLACEMENT_3D('',#14208,#14209,#14210);
#14208 = CARTESIAN_POINT('',(-180.,187.6,84.5));
#14209 = DIRECTION('',(0.,1.,0.));
#14210 = DIRECTION('',(0.,0.,1.));
#14211 = PLANE('',#14212);
#14212 = AXIS2_PLACEMENT_3D('',#14213,#14214,#14215);
#14213 = CARTESIAN_POINT('',(-180.,187.6,84.5));
#14214 = DIRECTION('',(-0.,-1.,-0.));
#14215 = DIRECTION('',(0.,0.,-1.));
#14216 = ADVANCED_FACE('',(#14217),#14228,.T.);
#14217 = FACE_BOUND('',#14218,.T.);
#14218 = EDGE_LOOP('',(#14219,#14225,#14226,#14227));
#14219 = ORIENTED_EDGE('',*,*,#14220,.T.);
#14220 = EDGE_CURVE('',#14143,#14187,#14221,.T.);
#14221 = LINE('',#14222,#14223);
#14222 = CARTESIAN_POINT('',(-184.9074772881,174.,76.));
#14223 = VECTOR('',#14224,1.);
#14224 = DIRECTION('',(0.,1.,0.));
#14225 = ORIENTED_EDGE('',*,*,#14194,.T.);
#14226 = ORIENTED_EDGE('',*,*,#14070,.F.);
#14227 = ORIENTED_EDGE('',*,*,#14150,.F.);
#14228 = PLANE('',#14229);
#14229 = AXIS2_PLACEMENT_3D('',#14230,#14231,#14232);
#14230 = CARTESIAN_POINT('',(-184.9074772881,174.,76.));
#14231 = DIRECTION('',(0.,0.,-1.));
#14232 = DIRECTION('',(1.,0.,0.));
#14233 = ADVANCED_FACE('',(#14234),#14245,.T.);
#14234 = FACE_BOUND('',#14235,.T.);
#14235 = EDGE_LOOP('',(#14236,#14237,#14238,#14244));
#14236 = ORIENTED_EDGE('',*,*,#14110,.T.);
#14237 = ORIENTED_EDGE('',*,*,#14178,.T.);
#14238 = ORIENTED_EDGE('',*,*,#14239,.F.);
#14239 = EDGE_CURVE('',#14135,#14179,#14240,.T.);
#14240 = LINE('',#14241,#14242);
#14241 = CARTESIAN_POINT('',(-189.8149545762,174.,84.5));
#14242 = VECTOR('',#14243,1.);
#14243 = DIRECTION('',(0.,1.,0.));
#14244 = ORIENTED_EDGE('',*,*,#14134,.F.);
#14245 = PLANE('',#14246);
#14246 = AXIS2_PLACEMENT_3D('',#14247,#14248,#14249);
#14247 = CARTESIAN_POINT('',(-184.9074772881,174.,93.));
#14248 = DIRECTION('',(-0.866025403784,0.,0.5));
#14249 = DIRECTION('',(-0.5,0.,-0.866025403784));
#14250 = ADVANCED_FACE('',(#14251),#14257,.T.);
#14251 = FACE_BOUND('',#14252,.T.);
#14252 = EDGE_LOOP('',(#14253,#14254,#14255,#14256));
#14253 = ORIENTED_EDGE('',*,*,#14239,.T.);
#14254 = ORIENTED_EDGE('',*,*,#14186,.T.);
#14255 = ORIENTED_EDGE('',*,*,#14220,.F.);
#14256 = ORIENTED_EDGE('',*,*,#14142,.F.);
#14257 = PLANE('',#14258);
#14258 = AXIS2_PLACEMENT_3D('',#14259,#14260,#14261);
#14259 = CARTESIAN_POINT('',(-189.8149545762,174.,84.5));
#14260 = DIRECTION('',(-0.866025403784,0.,-0.5));
#14261 = DIRECTION('',(0.5,0.,-0.866025403784));
#14262 = ADVANCED_FACE('',(#14263),#14274,.F.);
#14263 = FACE_BOUND('',#14264,.F.);
#14264 = EDGE_LOOP('',(#14265,#14266,#14272,#14273));
#14265 = ORIENTED_EDGE('',*,*,#14203,.F.);
#14266 = ORIENTED_EDGE('',*,*,#14267,.F.);
#14267 = EDGE_CURVE('',#14160,#14204,#14268,.T.);
#14268 = LINE('',#14269,#14270);
#14269 = CARTESIAN_POINT('',(-180.,173.,88.5));
#14270 = VECTOR('',#14271,1.);
#14271 = DIRECTION('',(0.,1.,0.));
#14272 = ORIENTED_EDGE('',*,*,#14159,.T.);
#14273 = ORIENTED_EDGE('',*,*,#14267,.T.);
#14274 = CYLINDRICAL_SURFACE('',#14275,4.);
#14275 = AXIS2_PLACEMENT_3D('',#14276,#14277,#14278);
#14276 = CARTESIAN_POINT('',(-180.,173.,84.5));
#14277 = DIRECTION('',(0.,1.,0.));
#14278 = DIRECTION('',(0.,0.,1.));
#14279 = MANIFOLD_SOLID_BREP('',#14280);
#14280 = CLOSED_SHELL('',(#14281,#14314,#14323));
#14281 = ADVANCED_FACE('',(#14282),#14309,.T.);
#14282 = FACE_BOUND('',#14283,.T.);
#14283 = EDGE_LOOP('',(#14284,#14293,#14301,#14308));
#14284 = ORIENTED_EDGE('',*,*,#14285,.F.);
#14285 = EDGE_CURVE('',#14286,#14286,#14288,.T.);
#14286 = VERTEX_POINT('',#14287);
#14287 = CARTESIAN_POINT('',(-173.,179.,85.75));
#14288 = CIRCLE('',#14289,1.25);
#14289 = AXIS2_PLACEMENT_3D('',#14290,#14291,#14292);
#14290 = CARTESIAN_POINT('',(-173.,179.,84.5));
#14291 = DIRECTION('',(1.,0.,-0.));
#14292 = DIRECTION('',(0.,0.,1.));
#14293 = ORIENTED_EDGE('',*,*,#14294,.F.);
#14294 = EDGE_CURVE('',#14295,#14286,#14297,.T.);
#14295 = VERTEX_POINT('',#14296);
#14296 = CARTESIAN_POINT('',(-187.,179.,85.75));
#14297 = LINE('',#14298,#14299);
#14298 = CARTESIAN_POINT('',(-187.,179.,85.75));
#14299 = VECTOR('',#14300,1.);
#14300 = DIRECTION('',(1.,0.,0.));
#14301 = ORIENTED_EDGE('',*,*,#14302,.T.);
#14302 = EDGE_CURVE('',#14295,#14295,#14303,.T.);
#14303 = CIRCLE('',#14304,1.25);
#14304 = AXIS2_PLACEMENT_3D('',#14305,#14306,#14307);
#14305 = CARTESIAN_POINT('',(-187.,179.,84.5));
#14306 = DIRECTION('',(1.,0.,-0.));
#14307 = DIRECTION('',(0.,0.,1.));
#14308 = ORIENTED_EDGE('',*,*,#14294,.T.);
#14309 = CYLINDRICAL_SURFACE('',#14310,1.25);
#14310 = AXIS2_PLACEMENT_3D('',#14311,#14312,#14313);
#14311 = CARTESIAN_POINT('',(-187.,179.,84.5));
#14312 = DIRECTION('',(1.,0.,0.));
#14313 = DIRECTION('',(0.,0.,1.));
#14314 = ADVANCED_FACE('',(#14315),#14318,.T.);
#14315 = FACE_BOUND('',#14316,.T.);
#14316 = EDGE_LOOP('',(#14317));
#14317 = ORIENTED_EDGE('',*,*,#14285,.T.);
#14318 = PLANE('',#14319);
#14319 = AXIS2_PLACEMENT_3D('',#14320,#14321,#14322);
#14320 = CARTESIAN_POINT('',(-173.,179.,84.5));
#14321 = DIRECTION('',(1.,0.,0.));
#14322 = DIRECTION('',(0.,0.,1.));
#14323 = ADVANCED_FACE('',(#14324),#14327,.F.);
#14324 = FACE_BOUND('',#14325,.T.);
#14325 = EDGE_LOOP('',(#14326));
#14326 = ORIENTED_EDGE('',*,*,#14302,.F.);
#14327 = PLANE('',#14328);
#14328 = AXIS2_PLACEMENT_3D('',#14329,#14330,#14331);
#14329 = CARTESIAN_POINT('',(-187.,179.,84.5));
#14330 = DIRECTION('',(1.,0.,0.));
#14331 = DIRECTION('',(0.,0.,1.));
#14332 = MANIFOLD_SOLID_BREP('',#14333);
#14333 = CLOSED_SHELL('',(#14334,#14374,#14414,#14436,#14458,#14470));
#14334 = ADVANCED_FACE('',(#14335),#14369,.F.);
#14335 = FACE_BOUND('',#14336,.F.);
#14336 = EDGE_LOOP('',(#14337,#14347,#14355,#14363));
#14337 = ORIENTED_EDGE('',*,*,#14338,.F.);
#14338 = EDGE_CURVE('',#14339,#14341,#14343,.T.);
#14339 = VERTEX_POINT('',#14340);
#14340 = CARTESIAN_POINT('',(-120.,-75.,98.));
#14341 = VERTEX_POINT('',#14342);
#14342 = CARTESIAN_POINT('',(-120.,-75.,103.));
#14343 = LINE('',#14344,#14345);
#14344 = CARTESIAN_POINT('',(-120.,-75.,98.));
#14345 = VECTOR('',#14346,1.);
#14346 = DIRECTION('',(0.,0.,1.));
#14347 = ORIENTED_EDGE('',*,*,#14348,.T.);
#14348 = EDGE_CURVE('',#14339,#14349,#14351,.T.);
#14349 = VERTEX_POINT('',#14350);
#14350 = CARTESIAN_POINT('',(-120.,-45.,98.));
#14351 = LINE('',#14352,#14353);
#14352 = CARTESIAN_POINT('',(-120.,-75.,98.));
#14353 = VECTOR('',#14354,1.);
#14354 = DIRECTION('',(0.,1.,0.));
#14355 = ORIENTED_EDGE('',*,*,#14356,.T.);
#14356 = EDGE_CURVE('',#14349,#14357,#14359,.T.);
#14357 = VERTEX_POINT('',#14358);
#14358 = CARTESIAN_POINT('',(-120.,-45.,103.));
#14359 = LINE('',#14360,#14361);
#14360 = CARTESIAN_POINT('',(-120.,-45.,98.));
#14361 = VECTOR('',#14362,1.);
#14362 = DIRECTION('',(0.,0.,1.));
#14363 = ORIENTED_EDGE('',*,*,#14364,.F.);
#14364 = EDGE_CURVE('',#14341,#14357,#14365,.T.);
#14365 = LINE('',#14366,#14367);
#14366 = CARTESIAN_POINT('',(-120.,-75.,103.));
#14367 = VECTOR('',#14368,1.);
#14368 = DIRECTION('',(0.,1.,0.));
#14369 = PLANE('',#14370);
#14370 = AXIS2_PLACEMENT_3D('',#14371,#14372,#14373);
#14371 = CARTESIAN_POINT('',(-120.,-75.,98.));
#14372 = DIRECTION('',(1.,0.,0.));
#14373 = DIRECTION('',(0.,0.,1.));
#14374 = ADVANCED_FACE('',(#14375),#14409,.T.);
#14375 = FACE_BOUND('',#14376,.T.);
#14376 = EDGE_LOOP('',(#14377,#14387,#14395,#14403));
#14377 = ORIENTED_EDGE('',*,*,#14378,.F.);
#14378 = EDGE_CURVE('',#14379,#14381,#14383,.T.);
#14379 = VERTEX_POINT('',#14380);
#14380 = CARTESIAN_POINT('',(-90.,-75.,98.));
#14381 = VERTEX_POINT('',#14382);
#14382 = CARTESIAN_POINT('',(-90.,-75.,103.));
#14383 = LINE('',#14384,#14385);
#14384 = CARTESIAN_POINT('',(-90.,-75.,98.));
#14385 = VECTOR('',#14386,1.);
#14386 = DIRECTION('',(0.,0.,1.));
#14387 = ORIENTED_EDGE('',*,*,#14388,.T.);
#14388 = EDGE_CURVE('',#14379,#14389,#14391,.T.);
#14389 = VERTEX_POINT('',#14390);
#14390 = CARTESIAN_POINT('',(-90.,-45.,98.));
#14391 = LINE('',#14392,#14393);
#14392 = CARTESIAN_POINT('',(-90.,-75.,98.));
#14393 = VECTOR('',#14394,1.);
#14394 = DIRECTION('',(0.,1.,0.));
#14395 = ORIENTED_EDGE('',*,*,#14396,.T.);
#14396 = EDGE_CURVE('',#14389,#14397,#14399,.T.);
#14397 = VERTEX_POINT('',#14398);
#14398 = CARTESIAN_POINT('',(-90.,-45.,103.));
#14399 = LINE('',#14400,#14401);
#14400 = CARTESIAN_POINT('',(-90.,-45.,98.));
#14401 = VECTOR('',#14402,1.);
#14402 = DIRECTION('',(0.,0.,1.));
#14403 = ORIENTED_EDGE('',*,*,#14404,.F.);
#14404 = EDGE_CURVE('',#14381,#14397,#14405,.T.);
#14405 = LINE('',#14406,#14407);
#14406 = CARTESIAN_POINT('',(-90.,-75.,103.));
#14407 = VECTOR('',#14408,1.);
#14408 = DIRECTION('',(0.,1.,0.));
#14409 = PLANE('',#14410);
#14410 = AXIS2_PLACEMENT_3D('',#14411,#14412,#14413);
#14411 = CARTESIAN_POINT('',(-90.,-75.,98.));
#14412 = DIRECTION('',(1.,0.,0.));
#14413 = DIRECTION('',(0.,0.,1.));
#14414 = ADVANCED_FACE('',(#14415),#14431,.F.);
#14415 = FACE_BOUND('',#14416,.F.);
#14416 = EDGE_LOOP('',(#14417,#14423,#14424,#14430));
#14417 = ORIENTED_EDGE('',*,*,#14418,.F.);
#14418 = EDGE_CURVE('',#14339,#14379,#14419,.T.);
#14419 = LINE('',#14420,#14421);
#14420 = CARTESIAN_POINT('',(-120.,-75.,98.));
#14421 = VECTOR('',#14422,1.);
#14422 = DIRECTION('',(1.,0.,0.));
#14423 = ORIENTED_EDGE('',*,*,#14338,.T.);
#14424 = ORIENTED_EDGE('',*,*,#14425,.T.);
#14425 = EDGE_CURVE('',#14341,#14381,#14426,.T.);
#14426 = LINE('',#14427,#14428);
#14427 = CARTESIAN_POINT('',(-120.,-75.,103.));
#14428 = VECTOR('',#14429,1.);
#14429 = DIRECTION('',(1.,0.,0.));
#14430 = ORIENTED_EDGE('',*,*,#14378,.F.);
#14431 = PLANE('',#14432);
#14432 = AXIS2_PLACEMENT_3D('',#14433,#14434,#14435);
#14433 = CARTESIAN_POINT('',(-120.,-75.,98.));
#14434 = DIRECTION('',(0.,1.,0.));
#14435 = DIRECTION('',(0.,0.,1.));
#14436 = ADVANCED_FACE('',(#14437),#14453,.T.);
#14437 = FACE_BOUND('',#14438,.T.);
#14438 = EDGE_LOOP('',(#14439,#14445,#14446,#14452));
#14439 = ORIENTED_EDGE('',*,*,#14440,.F.);
#14440 = EDGE_CURVE('',#14349,#14389,#14441,.T.);
#14441 = LINE('',#14442,#14443);
#14442 = CARTESIAN_POINT('',(-120.,-45.,98.));
#14443 = VECTOR('',#14444,1.);
#14444 = DIRECTION('',(1.,0.,0.));
#14445 = ORIENTED_EDGE('',*,*,#14356,.T.);
#14446 = ORIENTED_EDGE('',*,*,#14447,.T.);
#14447 = EDGE_CURVE('',#14357,#14397,#14448,.T.);
#14448 = LINE('',#14449,#14450);
#14449 = CARTESIAN_POINT('',(-120.,-45.,103.));
#14450 = VECTOR('',#14451,1.);
#14451 = DIRECTION('',(1.,0.,0.));
#14452 = ORIENTED_EDGE('',*,*,#14396,.F.);
#14453 = PLANE('',#14454);
#14454 = AXIS2_PLACEMENT_3D('',#14455,#14456,#14457);
#14455 = CARTESIAN_POINT('',(-120.,-45.,98.));
#14456 = DIRECTION('',(0.,1.,0.));
#14457 = DIRECTION('',(0.,0.,1.));
#14458 = ADVANCED_FACE('',(#14459),#14465,.F.);
#14459 = FACE_BOUND('',#14460,.F.);
#14460 = EDGE_LOOP('',(#14461,#14462,#14463,#14464));
#14461 = ORIENTED_EDGE('',*,*,#14348,.F.);
#14462 = ORIENTED_EDGE('',*,*,#14418,.T.);
#14463 = ORIENTED_EDGE('',*,*,#14388,.T.);
#14464 = ORIENTED_EDGE('',*,*,#14440,.F.);
#14465 = PLANE('',#14466);
#14466 = AXIS2_PLACEMENT_3D('',#14467,#14468,#14469);
#14467 = CARTESIAN_POINT('',(-120.,-75.,98.));
#14468 = DIRECTION('',(0.,0.,1.));
#14469 = DIRECTION('',(1.,0.,0.));
#14470 = ADVANCED_FACE('',(#14471),#14477,.T.);
#14471 = FACE_BOUND('',#14472,.T.);
#14472 = EDGE_LOOP('',(#14473,#14474,#14475,#14476));
#14473 = ORIENTED_EDGE('',*,*,#14364,.F.);
#14474 = ORIENTED_EDGE('',*,*,#14425,.T.);
#14475 = ORIENTED_EDGE('',*,*,#14404,.T.);
#14476 = ORIENTED_EDGE('',*,*,#14447,.F.);
#14477 = PLANE('',#14478);
#14478 = AXIS2_PLACEMENT_3D('',#14479,#14480,#14481);
#14479 = CARTESIAN_POINT('',(-120.,-75.,103.));
#14480 = DIRECTION('',(0.,0.,1.));
#14481 = DIRECTION('',(1.,0.,0.));
#14482 = MANIFOLD_SOLID_BREP('',#14483);
#14483 = CLOSED_SHELL('',(#14484,#14524,#14555,#14577,#14588));
#14484 = ADVANCED_FACE('',(#14485),#14519,.F.);
#14485 = FACE_BOUND('',#14486,.F.);
#14486 = EDGE_LOOP('',(#14487,#14497,#14505,#14513));
#14487 = ORIENTED_EDGE('',*,*,#14488,.T.);
#14488 = EDGE_CURVE('',#14489,#14491,#14493,.T.);
#14489 = VERTEX_POINT('',#14490);
#14490 = CARTESIAN_POINT('',(-105.,-63.,105.));
#14491 = VERTEX_POINT('',#14492);
#14492 = CARTESIAN_POINT('',(-105.,-57.,105.));
#14493 = LINE('',#14494,#14495);
#14494 = CARTESIAN_POINT('',(-105.,-63.,105.));
#14495 = VECTOR('',#14496,1.);
#14496 = DIRECTION('',(0.,1.,0.));
#14497 = ORIENTED_EDGE('',*,*,#14498,.T.);
#14498 = EDGE_CURVE('',#14491,#14499,#14501,.T.);
#14499 = VERTEX_POINT('',#14500);
#14500 = CARTESIAN_POINT('',(-135.,-57.,105.));
#14501 = LINE('',#14502,#14503);
#14502 = CARTESIAN_POINT('',(-105.,-57.,105.));
#14503 = VECTOR('',#14504,1.);
#14504 = DIRECTION('',(-1.,0.,0.));
#14505 = ORIENTED_EDGE('',*,*,#14506,.F.);
#14506 = EDGE_CURVE('',#14507,#14499,#14509,.T.);
#14507 = VERTEX_POINT('',#14508);
#14508 = CARTESIAN_POINT('',(-135.,-63.,105.));
#14509 = LINE('',#14510,#14511);
#14510 = CARTESIAN_POINT('',(-135.,-63.,105.));
#14511 = VECTOR('',#14512,1.);
#14512 = DIRECTION('',(0.,1.,0.));
#14513 = ORIENTED_EDGE('',*,*,#14514,.F.);
#14514 = EDGE_CURVE('',#14489,#14507,#14515,.T.);
#14515 = LINE('',#14516,#14517);
#14516 = CARTESIAN_POINT('',(-105.,-63.,105.));
#14517 = VECTOR('',#14518,1.);
#14518 = DIRECTION('',(-1.,0.,0.));
#14519 = PLANE('',#14520);
#14520 = AXIS2_PLACEMENT_3D('',#14521,#14522,#14523);
#14521 = CARTESIAN_POINT('',(-105.,-63.,105.));
#14522 = DIRECTION('',(0.,0.,1.));
#14523 = DIRECTION('',(-1.,0.,0.));
#14524 = ADVANCED_FACE('',(#14525),#14550,.F.);
#14525 = FACE_BOUND('',#14526,.F.);
#14526 = EDGE_LOOP('',(#14527,#14528,#14536,#14544));
#14527 = ORIENTED_EDGE('',*,*,#14506,.T.);
#14528 = ORIENTED_EDGE('',*,*,#14529,.T.);
#14529 = EDGE_CURVE('',#14499,#14530,#14532,.T.);
#14530 = VERTEX_POINT('',#14531);
#14531 = CARTESIAN_POINT('',(-105.,-57.,140.));
#14532 = LINE('',#14533,#14534);
#14533 = CARTESIAN_POINT('',(-135.,-57.,105.));
#14534 = VECTOR('',#14535,1.);
#14535 = DIRECTION('',(0.650791373456,0.,0.759256602365));
#14536 = ORIENTED_EDGE('',*,*,#14537,.F.);
#14537 = EDGE_CURVE('',#14538,#14530,#14540,.T.);
#14538 = VERTEX_POINT('',#14539);
#14539 = CARTESIAN_POINT('',(-105.,-63.,140.));
#14540 = LINE('',#14541,#14542);
#14541 = CARTESIAN_POINT('',(-105.,-63.,140.));
#14542 = VECTOR('',#14543,1.);
#14543 = DIRECTION('',(0.,1.,0.));
#14544 = ORIENTED_EDGE('',*,*,#14545,.F.);
#14545 = EDGE_CURVE('',#14507,#14538,#14546,.T.);
#14546 = LINE('',#14547,#14548);
#14547 = CARTESIAN_POINT('',(-135.,-63.,105.));
#14548 = VECTOR('',#14549,1.);
#14549 = DIRECTION('',(0.650791373456,0.,0.759256602365));
#14550 = PLANE('',#14551);
#14551 = AXIS2_PLACEMENT_3D('',#14552,#14553,#14554);
#14552 = CARTESIAN_POINT('',(-135.,-63.,105.));
#14553 = DIRECTION('',(0.759256602365,0.,-0.650791373456));
#14554 = DIRECTION('',(0.650791373456,0.,0.759256602365));
#14555 = ADVANCED_FACE('',(#14556),#14572,.F.);
#14556 = FACE_BOUND('',#14557,.F.);
#14557 = EDGE_LOOP('',(#14558,#14559,#14565,#14566));
#14558 = ORIENTED_EDGE('',*,*,#14537,.T.);
#14559 = ORIENTED_EDGE('',*,*,#14560,.T.);
#14560 = EDGE_CURVE('',#14530,#14491,#14561,.T.);
#14561 = LINE('',#14562,#14563);
#14562 = CARTESIAN_POINT('',(-105.,-57.,140.));
#14563 = VECTOR('',#14564,1.);
#14564 = DIRECTION('',(0.,0.,-1.));
#14565 = ORIENTED_EDGE('',*,*,#14488,.F.);
#14566 = ORIENTED_EDGE('',*,*,#14567,.F.);
#14567 = EDGE_CURVE('',#14538,#14489,#14568,.T.);
#14568 = LINE('',#14569,#14570);
#14569 = CARTESIAN_POINT('',(-105.,-63.,140.));
#14570 = VECTOR('',#14571,1.);
#14571 = DIRECTION('',(0.,0.,-1.));
#14572 = PLANE('',#14573);
#14573 = AXIS2_PLACEMENT_3D('',#14574,#14575,#14576);
#14574 = CARTESIAN_POINT('',(-105.,-63.,140.));
#14575 = DIRECTION('',(-1.,0.,0.));
#14576 = DIRECTION('',(0.,0.,-1.));
#14577 = ADVANCED_FACE('',(#14578),#14583,.F.);
#14578 = FACE_BOUND('',#14579,.F.);
#14579 = EDGE_LOOP('',(#14580,#14581,#14582));
#14580 = ORIENTED_EDGE('',*,*,#14514,.T.);
#14581 = ORIENTED_EDGE('',*,*,#14545,.T.);
#14582 = ORIENTED_EDGE('',*,*,#14567,.T.);
#14583 = PLANE('',#14584);
#14584 = AXIS2_PLACEMENT_3D('',#14585,#14586,#14587);
#14585 = CARTESIAN_POINT('',(-115.2744305716,-63.,117.77443057161));
#14586 = DIRECTION('',(0.,1.,0.));
#14587 = DIRECTION('',(0.,0.,1.));
#14588 = ADVANCED_FACE('',(#14589),#14594,.T.);
#14589 = FACE_BOUND('',#14590,.T.);
#14590 = EDGE_LOOP('',(#14591,#14592,#14593));
#14591 = ORIENTED_EDGE('',*,*,#14498,.T.);
#14592 = ORIENTED_EDGE('',*,*,#14529,.T.);
#14593 = ORIENTED_EDGE('',*,*,#14560,.T.);
#14594 = PLANE('',#14595);
#14595 = AXIS2_PLACEMENT_3D('',#14596,#14597,#14598);
#14596 = CARTESIAN_POINT('',(-115.2744305716,-57.,117.77443057161));
#14597 = DIRECTION('',(0.,1.,0.));
#14598 = DIRECTION('',(0.,0.,1.));
#14599 = MANIFOLD_SOLID_BREP('',#14600);
#14600 = CLOSED_SHELL('',(#14601,#14641,#14672,#14694,#14705));
#14601 = ADVANCED_FACE('',(#14602),#14636,.T.);
#14602 = FACE_BOUND('',#14603,.T.);
#14603 = EDGE_LOOP('',(#14604,#14614,#14622,#14630));
#14604 = ORIENTED_EDGE('',*,*,#14605,.T.);
#14605 = EDGE_CURVE('',#14606,#14608,#14610,.T.);
#14606 = VERTEX_POINT('',#14607);
#14607 = CARTESIAN_POINT('',(-105.,-63.,105.));
#14608 = VERTEX_POINT('',#14609);
#14609 = CARTESIAN_POINT('',(-105.,-57.,105.));
#14610 = LINE('',#14611,#14612);
#14611 = CARTESIAN_POINT('',(-105.,-63.,105.));
#14612 = VECTOR('',#14613,1.);
#14613 = DIRECTION('',(0.,1.,0.));
#14614 = ORIENTED_EDGE('',*,*,#14615,.T.);
#14615 = EDGE_CURVE('',#14608,#14616,#14618,.T.);
#14616 = VERTEX_POINT('',#14617);
#14617 = CARTESIAN_POINT('',(-75.,-57.,105.));
#14618 = LINE('',#14619,#14620);
#14619 = CARTESIAN_POINT('',(-105.,-57.,105.));
#14620 = VECTOR('',#14621,1.);
#14621 = DIRECTION('',(1.,0.,0.));
#14622 = ORIENTED_EDGE('',*,*,#14623,.F.);
#14623 = EDGE_CURVE('',#14624,#14616,#14626,.T.);
#14624 = VERTEX_POINT('',#14625);
#14625 = CARTESIAN_POINT('',(-75.,-63.,105.));
#14626 = LINE('',#14627,#14628);
#14627 = CARTESIAN_POINT('',(-75.,-63.,105.));
#14628 = VECTOR('',#14629,1.);
#14629 = DIRECTION('',(0.,1.,0.));
#14630 = ORIENTED_EDGE('',*,*,#14631,.F.);
#14631 = EDGE_CURVE('',#14606,#14624,#14632,.T.);
#14632 = LINE('',#14633,#14634);
#14633 = CARTESIAN_POINT('',(-105.,-63.,105.));
#14634 = VECTOR('',#14635,1.);
#14635 = DIRECTION('',(1.,0.,0.));
#14636 = PLANE('',#14637);
#14637 = AXIS2_PLACEMENT_3D('',#14638,#14639,#14640);
#14638 = CARTESIAN_POINT('',(-105.,-63.,105.));
#14639 = DIRECTION('',(0.,0.,-1.));
#14640 = DIRECTION('',(1.,0.,0.));
#14641 = ADVANCED_FACE('',(#14642),#14667,.T.);
#14642 = FACE_BOUND('',#14643,.T.);
#14643 = EDGE_LOOP('',(#14644,#14645,#14653,#14661));
#14644 = ORIENTED_EDGE('',*,*,#14623,.T.);
#14645 = ORIENTED_EDGE('',*,*,#14646,.T.);
#14646 = EDGE_CURVE('',#14616,#14647,#14649,.T.);
#14647 = VERTEX_POINT('',#14648);
#14648 = CARTESIAN_POINT('',(-105.,-57.,140.));
#14649 = LINE('',#14650,#14651);
#14650 = CARTESIAN_POINT('',(-75.,-57.,105.));
#14651 = VECTOR('',#14652,1.);
#14652 = DIRECTION('',(-0.650791373456,0.,0.759256602365));
#14653 = ORIENTED_EDGE('',*,*,#14654,.F.);
#14654 = EDGE_CURVE('',#14655,#14647,#14657,.T.);
#14655 = VERTEX_POINT('',#14656);
#14656 = CARTESIAN_POINT('',(-105.,-63.,140.));
#14657 = LINE('',#14658,#14659);
#14658 = CARTESIAN_POINT('',(-105.,-63.,140.));
#14659 = VECTOR('',#14660,1.);
#14660 = DIRECTION('',(0.,1.,0.));
#14661 = ORIENTED_EDGE('',*,*,#14662,.F.);
#14662 = EDGE_CURVE('',#14624,#14655,#14663,.T.);
#14663 = LINE('',#14664,#14665);
#14664 = CARTESIAN_POINT('',(-75.,-63.,105.));
#14665 = VECTOR('',#14666,1.);
#14666 = DIRECTION('',(-0.650791373456,0.,0.759256602365));
#14667 = PLANE('',#14668);
#14668 = AXIS2_PLACEMENT_3D('',#14669,#14670,#14671);
#14669 = CARTESIAN_POINT('',(-75.,-63.,105.));
#14670 = DIRECTION('',(0.759256602365,0.,0.650791373456));
#14671 = DIRECTION('',(-0.650791373456,0.,0.759256602365));
#14672 = ADVANCED_FACE('',(#14673),#14689,.T.);
#14673 = FACE_BOUND('',#14674,.T.);
#14674 = EDGE_LOOP('',(#14675,#14676,#14682,#14683));
#14675 = ORIENTED_EDGE('',*,*,#14654,.T.);
#14676 = ORIENTED_EDGE('',*,*,#14677,.T.);
#14677 = EDGE_CURVE('',#14647,#14608,#14678,.T.);
#14678 = LINE('',#14679,#14680);
#14679 = CARTESIAN_POINT('',(-105.,-57.,140.));
#14680 = VECTOR('',#14681,1.);
#14681 = DIRECTION('',(0.,0.,-1.));
#14682 = ORIENTED_EDGE('',*,*,#14605,.F.);
#14683 = ORIENTED_EDGE('',*,*,#14684,.F.);
#14684 = EDGE_CURVE('',#14655,#14606,#14685,.T.);
#14685 = LINE('',#14686,#14687);
#14686 = CARTESIAN_POINT('',(-105.,-63.,140.));
#14687 = VECTOR('',#14688,1.);
#14688 = DIRECTION('',(0.,0.,-1.));
#14689 = PLANE('',#14690);
#14690 = AXIS2_PLACEMENT_3D('',#14691,#14692,#14693);
#14691 = CARTESIAN_POINT('',(-105.,-63.,140.));
#14692 = DIRECTION('',(-1.,0.,0.));
#14693 = DIRECTION('',(0.,0.,-1.));
#14694 = ADVANCED_FACE('',(#14695),#14700,.T.);
#14695 = FACE_BOUND('',#14696,.T.);
#14696 = EDGE_LOOP('',(#14697,#14698,#14699));
#14697 = ORIENTED_EDGE('',*,*,#14631,.T.);
#14698 = ORIENTED_EDGE('',*,*,#14662,.T.);
#14699 = ORIENTED_EDGE('',*,*,#14684,.T.);
#14700 = PLANE('',#14701);
#14701 = AXIS2_PLACEMENT_3D('',#14702,#14703,#14704);
#14702 = CARTESIAN_POINT('',(-94.72556942838,-63.,117.77443057161));
#14703 = DIRECTION('',(-0.,-1.,-0.));
#14704 = DIRECTION('',(0.,0.,-1.));
#14705 = ADVANCED_FACE('',(#14706),#14711,.F.);
#14706 = FACE_BOUND('',#14707,.F.);
#14707 = EDGE_LOOP('',(#14708,#14709,#14710));
#14708 = ORIENTED_EDGE('',*,*,#14615,.T.);
#14709 = ORIENTED_EDGE('',*,*,#14646,.T.);
#14710 = ORIENTED_EDGE('',*,*,#14677,.T.);
#14711 = PLANE('',#14712);
#14712 = AXIS2_PLACEMENT_3D('',#14713,#14714,#14715);
#14713 = CARTESIAN_POINT('',(-94.72556942838,-57.,117.77443057161));
#14714 = DIRECTION('',(-0.,-1.,-0.));
#14715 = DIRECTION('',(0.,0.,-1.));
#14716 = MANIFOLD_SOLID_BREP('',#14717);
#14717 = CLOSED_SHELL('',(#14718,#14758,#14798,#14820,#14842,#14854));
#14718 = ADVANCED_FACE('',(#14719),#14753,.F.);
#14719 = FACE_BOUND('',#14720,.F.);
#14720 = EDGE_LOOP('',(#14721,#14731,#14739,#14747));
#14721 = ORIENTED_EDGE('',*,*,#14722,.F.);
#14722 = EDGE_CURVE('',#14723,#14725,#14727,.T.);
#14723 = VERTEX_POINT('',#14724);
#14724 = CARTESIAN_POINT('',(-120.,45.,98.));
#14725 = VERTEX_POINT('',#14726);
#14726 = CARTESIAN_POINT('',(-120.,45.,103.));
#14727 = LINE('',#14728,#14729);
#14728 = CARTESIAN_POINT('',(-120.,45.,98.));
#14729 = VECTOR('',#14730,1.);
#14730 = DIRECTION('',(0.,0.,1.));
#14731 = ORIENTED_EDGE('',*,*,#14732,.T.);
#14732 = EDGE_CURVE('',#14723,#14733,#14735,.T.);
#14733 = VERTEX_POINT('',#14734);
#14734 = CARTESIAN_POINT('',(-120.,75.,98.));
#14735 = LINE('',#14736,#14737);
#14736 = CARTESIAN_POINT('',(-120.,45.,98.));
#14737 = VECTOR('',#14738,1.);
#14738 = DIRECTION('',(0.,1.,0.));
#14739 = ORIENTED_EDGE('',*,*,#14740,.T.);
#14740 = EDGE_CURVE('',#14733,#14741,#14743,.T.);
#14741 = VERTEX_POINT('',#14742);
#14742 = CARTESIAN_POINT('',(-120.,75.,103.));
#14743 = LINE('',#14744,#14745);
#14744 = CARTESIAN_POINT('',(-120.,75.,98.));
#14745 = VECTOR('',#14746,1.);
#14746 = DIRECTION('',(0.,0.,1.));
#14747 = ORIENTED_EDGE('',*,*,#14748,.F.);
#14748 = EDGE_CURVE('',#14725,#14741,#14749,.T.);
#14749 = LINE('',#14750,#14751);
#14750 = CARTESIAN_POINT('',(-120.,45.,103.));
#14751 = VECTOR('',#14752,1.);
#14752 = DIRECTION('',(0.,1.,0.));
#14753 = PLANE('',#14754);
#14754 = AXIS2_PLACEMENT_3D('',#14755,#14756,#14757);
#14755 = CARTESIAN_POINT('',(-120.,45.,98.));
#14756 = DIRECTION('',(1.,0.,0.));
#14757 = DIRECTION('',(0.,0.,1.));
#14758 = ADVANCED_FACE('',(#14759),#14793,.T.);
#14759 = FACE_BOUND('',#14760,.T.);
#14760 = EDGE_LOOP('',(#14761,#14771,#14779,#14787));
#14761 = ORIENTED_EDGE('',*,*,#14762,.F.);
#14762 = EDGE_CURVE('',#14763,#14765,#14767,.T.);
#14763 = VERTEX_POINT('',#14764);
#14764 = CARTESIAN_POINT('',(-90.,45.,98.));
#14765 = VERTEX_POINT('',#14766);
#14766 = CARTESIAN_POINT('',(-90.,45.,103.));
#14767 = LINE('',#14768,#14769);
#14768 = CARTESIAN_POINT('',(-90.,45.,98.));
#14769 = VECTOR('',#14770,1.);
#14770 = DIRECTION('',(0.,0.,1.));
#14771 = ORIENTED_EDGE('',*,*,#14772,.T.);
#14772 = EDGE_CURVE('',#14763,#14773,#14775,.T.);
#14773 = VERTEX_POINT('',#14774);
#14774 = CARTESIAN_POINT('',(-90.,75.,98.));
#14775 = LINE('',#14776,#14777);
#14776 = CARTESIAN_POINT('',(-90.,45.,98.));
#14777 = VECTOR('',#14778,1.);
#14778 = DIRECTION('',(0.,1.,0.));
#14779 = ORIENTED_EDGE('',*,*,#14780,.T.);
#14780 = EDGE_CURVE('',#14773,#14781,#14783,.T.);
#14781 = VERTEX_POINT('',#14782);
#14782 = CARTESIAN_POINT('',(-90.,75.,103.));
#14783 = LINE('',#14784,#14785);
#14784 = CARTESIAN_POINT('',(-90.,75.,98.));
#14785 = VECTOR('',#14786,1.);
#14786 = DIRECTION('',(0.,0.,1.));
#14787 = ORIENTED_EDGE('',*,*,#14788,.F.);
#14788 = EDGE_CURVE('',#14765,#14781,#14789,.T.);
#14789 = LINE('',#14790,#14791);
#14790 = CARTESIAN_POINT('',(-90.,45.,103.));
#14791 = VECTOR('',#14792,1.);
#14792 = DIRECTION('',(0.,1.,0.));
#14793 = PLANE('',#14794);
#14794 = AXIS2_PLACEMENT_3D('',#14795,#14796,#14797);
#14795 = CARTESIAN_POINT('',(-90.,45.,98.));
#14796 = DIRECTION('',(1.,0.,0.));
#14797 = DIRECTION('',(0.,0.,1.));
#14798 = ADVANCED_FACE('',(#14799),#14815,.F.);
#14799 = FACE_BOUND('',#14800,.F.);
#14800 = EDGE_LOOP('',(#14801,#14807,#14808,#14814));
#14801 = ORIENTED_EDGE('',*,*,#14802,.F.);
#14802 = EDGE_CURVE('',#14723,#14763,#14803,.T.);
#14803 = LINE('',#14804,#14805);
#14804 = CARTESIAN_POINT('',(-120.,45.,98.));
#14805 = VECTOR('',#14806,1.);
#14806 = DIRECTION('',(1.,0.,0.));
#14807 = ORIENTED_EDGE('',*,*,#14722,.T.);
#14808 = ORIENTED_EDGE('',*,*,#14809,.T.);
#14809 = EDGE_CURVE('',#14725,#14765,#14810,.T.);
#14810 = LINE('',#14811,#14812);
#14811 = CARTESIAN_POINT('',(-120.,45.,103.));
#14812 = VECTOR('',#14813,1.);
#14813 = DIRECTION('',(1.,0.,0.));
#14814 = ORIENTED_EDGE('',*,*,#14762,.F.);
#14815 = PLANE('',#14816);
#14816 = AXIS2_PLACEMENT_3D('',#14817,#14818,#14819);
#14817 = CARTESIAN_POINT('',(-120.,45.,98.));
#14818 = DIRECTION('',(0.,1.,0.));
#14819 = DIRECTION('',(0.,0.,1.));
#14820 = ADVANCED_FACE('',(#14821),#14837,.T.);
#14821 = FACE_BOUND('',#14822,.T.);
#14822 = EDGE_LOOP('',(#14823,#14829,#14830,#14836));
#14823 = ORIENTED_EDGE('',*,*,#14824,.F.);
#14824 = EDGE_CURVE('',#14733,#14773,#14825,.T.);
#14825 = LINE('',#14826,#14827);
#14826 = CARTESIAN_POINT('',(-120.,75.,98.));
#14827 = VECTOR('',#14828,1.);
#14828 = DIRECTION('',(1.,0.,0.));
#14829 = ORIENTED_EDGE('',*,*,#14740,.T.);
#14830 = ORIENTED_EDGE('',*,*,#14831,.T.);
#14831 = EDGE_CURVE('',#14741,#14781,#14832,.T.);
#14832 = LINE('',#14833,#14834);
#14833 = CARTESIAN_POINT('',(-120.,75.,103.));
#14834 = VECTOR('',#14835,1.);
#14835 = DIRECTION('',(1.,0.,0.));
#14836 = ORIENTED_EDGE('',*,*,#14780,.F.);
#14837 = PLANE('',#14838);
#14838 = AXIS2_PLACEMENT_3D('',#14839,#14840,#14841);
#14839 = CARTESIAN_POINT('',(-120.,75.,98.));
#14840 = DIRECTION('',(0.,1.,0.));
#14841 = DIRECTION('',(0.,0.,1.));
#14842 = ADVANCED_FACE('',(#14843),#14849,.F.);
#14843 = FACE_BOUND('',#14844,.F.);
#14844 = EDGE_LOOP('',(#14845,#14846,#14847,#14848));
#14845 = ORIENTED_EDGE('',*,*,#14732,.F.);
#14846 = ORIENTED_EDGE('',*,*,#14802,.T.);
#14847 = ORIENTED_EDGE('',*,*,#14772,.T.);
#14848 = ORIENTED_EDGE('',*,*,#14824,.F.);
#14849 = PLANE('',#14850);
#14850 = AXIS2_PLACEMENT_3D('',#14851,#14852,#14853);
#14851 = CARTESIAN_POINT('',(-120.,45.,98.));
#14852 = DIRECTION('',(0.,0.,1.));
#14853 = DIRECTION('',(1.,0.,0.));
#14854 = ADVANCED_FACE('',(#14855),#14861,.T.);
#14855 = FACE_BOUND('',#14856,.T.);
#14856 = EDGE_LOOP('',(#14857,#14858,#14859,#14860));
#14857 = ORIENTED_EDGE('',*,*,#14748,.F.);
#14858 = ORIENTED_EDGE('',*,*,#14809,.T.);
#14859 = ORIENTED_EDGE('',*,*,#14788,.T.);
#14860 = ORIENTED_EDGE('',*,*,#14831,.F.);
#14861 = PLANE('',#14862);
#14862 = AXIS2_PLACEMENT_3D('',#14863,#14864,#14865);
#14863 = CARTESIAN_POINT('',(-120.,45.,103.));
#14864 = DIRECTION('',(0.,0.,1.));
#14865 = DIRECTION('',(1.,0.,0.));
#14866 = MANIFOLD_SOLID_BREP('',#14867);
#14867 = CLOSED_SHELL('',(#14868,#14908,#14939,#14961,#14972));
#14868 = ADVANCED_FACE('',(#14869),#14903,.F.);
#14869 = FACE_BOUND('',#14870,.F.);
#14870 = EDGE_LOOP('',(#14871,#14881,#14889,#14897));
#14871 = ORIENTED_EDGE('',*,*,#14872,.T.);
#14872 = EDGE_CURVE('',#14873,#14875,#14877,.T.);
#14873 = VERTEX_POINT('',#14874);
#14874 = CARTESIAN_POINT('',(-105.,57.,105.));
#14875 = VERTEX_POINT('',#14876);
#14876 = CARTESIAN_POINT('',(-105.,63.,105.));
#14877 = LINE('',#14878,#14879);
#14878 = CARTESIAN_POINT('',(-105.,57.,105.));
#14879 = VECTOR('',#14880,1.);
#14880 = DIRECTION('',(0.,1.,0.));
#14881 = ORIENTED_EDGE('',*,*,#14882,.T.);
#14882 = EDGE_CURVE('',#14875,#14883,#14885,.T.);
#14883 = VERTEX_POINT('',#14884);
#14884 = CARTESIAN_POINT('',(-135.,63.,105.));
#14885 = LINE('',#14886,#14887);
#14886 = CARTESIAN_POINT('',(-105.,63.,105.));
#14887 = VECTOR('',#14888,1.);
#14888 = DIRECTION('',(-1.,0.,0.));
#14889 = ORIENTED_EDGE('',*,*,#14890,.F.);
#14890 = EDGE_CURVE('',#14891,#14883,#14893,.T.);
#14891 = VERTEX_POINT('',#14892);
#14892 = CARTESIAN_POINT('',(-135.,57.,105.));
#14893 = LINE('',#14894,#14895);
#14894 = CARTESIAN_POINT('',(-135.,57.,105.));
#14895 = VECTOR('',#14896,1.);
#14896 = DIRECTION('',(0.,1.,0.));
#14897 = ORIENTED_EDGE('',*,*,#14898,.F.);
#14898 = EDGE_CURVE('',#14873,#14891,#14899,.T.);
#14899 = LINE('',#14900,#14901);
#14900 = CARTESIAN_POINT('',(-105.,57.,105.));
#14901 = VECTOR('',#14902,1.);
#14902 = DIRECTION('',(-1.,0.,0.));
#14903 = PLANE('',#14904);
#14904 = AXIS2_PLACEMENT_3D('',#14905,#14906,#14907);
#14905 = CARTESIAN_POINT('',(-105.,57.,105.));
#14906 = DIRECTION('',(0.,0.,1.));
#14907 = DIRECTION('',(-1.,0.,0.));
#14908 = ADVANCED_FACE('',(#14909),#14934,.F.);
#14909 = FACE_BOUND('',#14910,.F.);
#14910 = EDGE_LOOP('',(#14911,#14912,#14920,#14928));
#14911 = ORIENTED_EDGE('',*,*,#14890,.T.);
#14912 = ORIENTED_EDGE('',*,*,#14913,.T.);
#14913 = EDGE_CURVE('',#14883,#14914,#14916,.T.);
#14914 = VERTEX_POINT('',#14915);
#14915 = CARTESIAN_POINT('',(-105.,63.,140.));
#14916 = LINE('',#14917,#14918);
#14917 = CARTESIAN_POINT('',(-135.,63.,105.));
#14918 = VECTOR('',#14919,1.);
#14919 = DIRECTION('',(0.650791373456,0.,0.759256602365));
#14920 = ORIENTED_EDGE('',*,*,#14921,.F.);
#14921 = EDGE_CURVE('',#14922,#14914,#14924,.T.);
#14922 = VERTEX_POINT('',#14923);
#14923 = CARTESIAN_POINT('',(-105.,57.,140.));
#14924 = LINE('',#14925,#14926);
#14925 = CARTESIAN_POINT('',(-105.,57.,140.));
#14926 = VECTOR('',#14927,1.);
#14927 = DIRECTION('',(0.,1.,0.));
#14928 = ORIENTED_EDGE('',*,*,#14929,.F.);
#14929 = EDGE_CURVE('',#14891,#14922,#14930,.T.);
#14930 = LINE('',#14931,#14932);
#14931 = CARTESIAN_POINT('',(-135.,57.,105.));
#14932 = VECTOR('',#14933,1.);
#14933 = DIRECTION('',(0.650791373456,0.,0.759256602365));
#14934 = PLANE('',#14935);
#14935 = AXIS2_PLACEMENT_3D('',#14936,#14937,#14938);
#14936 = CARTESIAN_POINT('',(-135.,57.,105.));
#14937 = DIRECTION('',(0.759256602365,0.,-0.650791373456));
#14938 = DIRECTION('',(0.650791373456,0.,0.759256602365));
#14939 = ADVANCED_FACE('',(#14940),#14956,.F.);
#14940 = FACE_BOUND('',#14941,.F.);
#14941 = EDGE_LOOP('',(#14942,#14943,#14949,#14950));
#14942 = ORIENTED_EDGE('',*,*,#14921,.T.);
#14943 = ORIENTED_EDGE('',*,*,#14944,.T.);
#14944 = EDGE_CURVE('',#14914,#14875,#14945,.T.);
#14945 = LINE('',#14946,#14947);
#14946 = CARTESIAN_POINT('',(-105.,63.,140.));
#14947 = VECTOR('',#14948,1.);
#14948 = DIRECTION('',(0.,0.,-1.));
#14949 = ORIENTED_EDGE('',*,*,#14872,.F.);
#14950 = ORIENTED_EDGE('',*,*,#14951,.F.);
#14951 = EDGE_CURVE('',#14922,#14873,#14952,.T.);
#14952 = LINE('',#14953,#14954);
#14953 = CARTESIAN_POINT('',(-105.,57.,140.));
#14954 = VECTOR('',#14955,1.);
#14955 = DIRECTION('',(0.,0.,-1.));
#14956 = PLANE('',#14957);
#14957 = AXIS2_PLACEMENT_3D('',#14958,#14959,#14960);
#14958 = CARTESIAN_POINT('',(-105.,57.,140.));
#14959 = DIRECTION('',(-1.,0.,0.));
#14960 = DIRECTION('',(0.,0.,-1.));
#14961 = ADVANCED_FACE('',(#14962),#14967,.F.);
#14962 = FACE_BOUND('',#14963,.F.);
#14963 = EDGE_LOOP('',(#14964,#14965,#14966));
#14964 = ORIENTED_EDGE('',*,*,#14898,.T.);
#14965 = ORIENTED_EDGE('',*,*,#14929,.T.);
#14966 = ORIENTED_EDGE('',*,*,#14951,.T.);
#14967 = PLANE('',#14968);
#14968 = AXIS2_PLACEMENT_3D('',#14969,#14970,#14971);
#14969 = CARTESIAN_POINT('',(-115.2744305716,57.,117.77443057161));
#14970 = DIRECTION('',(0.,1.,0.));
#14971 = DIRECTION('',(0.,0.,1.));
#14972 = ADVANCED_FACE('',(#14973),#14978,.T.);
#14973 = FACE_BOUND('',#14974,.T.);
#14974 = EDGE_LOOP('',(#14975,#14976,#14977));
#14975 = ORIENTED_EDGE('',*,*,#14882,.T.);
#14976 = ORIENTED_EDGE('',*,*,#14913,.T.);
#14977 = ORIENTED_EDGE('',*,*,#14944,.T.);
#14978 = PLANE('',#14979);
#14979 = AXIS2_PLACEMENT_3D('',#14980,#14981,#14982);
#14980 = CARTESIAN_POINT('',(-115.2744305716,63.,117.77443057161));
#14981 = DIRECTION('',(0.,1.,0.));
#14982 = DIRECTION('',(0.,0.,1.));
#14983 = MANIFOLD_SOLID_BREP('',#14984);
#14984 = CLOSED_SHELL('',(#14985,#15025,#15056,#15078,#15089));
#14985 = ADVANCED_FACE('',(#14986),#15020,.T.);
#14986 = FACE_BOUND('',#14987,.T.);
#14987 = EDGE_LOOP('',(#14988,#14998,#15006,#15014));
#14988 = ORIENTED_EDGE('',*,*,#14989,.T.);
#14989 = EDGE_CURVE('',#14990,#14992,#14994,.T.);
#14990 = VERTEX_POINT('',#14991);
#14991 = CARTESIAN_POINT('',(-105.,57.,105.));
#14992 = VERTEX_POINT('',#14993);
#14993 = CARTESIAN_POINT('',(-105.,63.,105.));
#14994 = LINE('',#14995,#14996);
#14995 = CARTESIAN_POINT('',(-105.,57.,105.));
#14996 = VECTOR('',#14997,1.);
#14997 = DIRECTION('',(0.,1.,0.));
#14998 = ORIENTED_EDGE('',*,*,#14999,.T.);
#14999 = EDGE_CURVE('',#14992,#15000,#15002,.T.);
#15000 = VERTEX_POINT('',#15001);
#15001 = CARTESIAN_POINT('',(-75.,63.,105.));
#15002 = LINE('',#15003,#15004);
#15003 = CARTESIAN_POINT('',(-105.,63.,105.));
#15004 = VECTOR('',#15005,1.);
#15005 = DIRECTION('',(1.,0.,0.));
#15006 = ORIENTED_EDGE('',*,*,#15007,.F.);
#15007 = EDGE_CURVE('',#15008,#15000,#15010,.T.);
#15008 = VERTEX_POINT('',#15009);
#15009 = CARTESIAN_POINT('',(-75.,57.,105.));
#15010 = LINE('',#15011,#15012);
#15011 = CARTESIAN_POINT('',(-75.,57.,105.));
#15012 = VECTOR('',#15013,1.);
#15013 = DIRECTION('',(0.,1.,0.));
#15014 = ORIENTED_EDGE('',*,*,#15015,.F.);
#15015 = EDGE_CURVE('',#14990,#15008,#15016,.T.);
#15016 = LINE('',#15017,#15018);
#15017 = CARTESIAN_POINT('',(-105.,57.,105.));
#15018 = VECTOR('',#15019,1.);
#15019 = DIRECTION('',(1.,0.,0.));
#15020 = PLANE('',#15021);
#15021 = AXIS2_PLACEMENT_3D('',#15022,#15023,#15024);
#15022 = CARTESIAN_POINT('',(-105.,57.,105.));
#15023 = DIRECTION('',(0.,0.,-1.));
#15024 = DIRECTION('',(1.,0.,0.));
#15025 = ADVANCED_FACE('',(#15026),#15051,.T.);
#15026 = FACE_BOUND('',#15027,.T.);
#15027 = EDGE_LOOP('',(#15028,#15029,#15037,#15045));
#15028 = ORIENTED_EDGE('',*,*,#15007,.T.);
#15029 = ORIENTED_EDGE('',*,*,#15030,.T.);
#15030 = EDGE_CURVE('',#15000,#15031,#15033,.T.);
#15031 = VERTEX_POINT('',#15032);
#15032 = CARTESIAN_POINT('',(-105.,63.,140.));
#15033 = LINE('',#15034,#15035);
#15034 = CARTESIAN_POINT('',(-75.,63.,105.));
#15035 = VECTOR('',#15036,1.);
#15036 = DIRECTION('',(-0.650791373456,0.,0.759256602365));
#15037 = ORIENTED_EDGE('',*,*,#15038,.F.);
#15038 = EDGE_CURVE('',#15039,#15031,#15041,.T.);
#15039 = VERTEX_POINT('',#15040);
#15040 = CARTESIAN_POINT('',(-105.,57.,140.));
#15041 = LINE('',#15042,#15043);
#15042 = CARTESIAN_POINT('',(-105.,57.,140.));
#15043 = VECTOR('',#15044,1.);
#15044 = DIRECTION('',(0.,1.,0.));
#15045 = ORIENTED_EDGE('',*,*,#15046,.F.);
#15046 = EDGE_CURVE('',#15008,#15039,#15047,.T.);
#15047 = LINE('',#15048,#15049);
#15048 = CARTESIAN_POINT('',(-75.,57.,105.));
#15049 = VECTOR('',#15050,1.);
#15050 = DIRECTION('',(-0.650791373456,0.,0.759256602365));
#15051 = PLANE('',#15052);
#15052 = AXIS2_PLACEMENT_3D('',#15053,#15054,#15055);
#15053 = CARTESIAN_POINT('',(-75.,57.,105.));
#15054 = DIRECTION('',(0.759256602365,0.,0.650791373456));
#15055 = DIRECTION('',(-0.650791373456,0.,0.759256602365));
#15056 = ADVANCED_FACE('',(#15057),#15073,.T.);
#15057 = FACE_BOUND('',#15058,.T.);
#15058 = EDGE_LOOP('',(#15059,#15060,#15066,#15067));
#15059 = ORIENTED_EDGE('',*,*,#15038,.T.);
#15060 = ORIENTED_EDGE('',*,*,#15061,.T.);
#15061 = EDGE_CURVE('',#15031,#14992,#15062,.T.);
#15062 = LINE('',#15063,#15064);
#15063 = CARTESIAN_POINT('',(-105.,63.,140.));
#15064 = VECTOR('',#15065,1.);
#15065 = DIRECTION('',(0.,0.,-1.));
#15066 = ORIENTED_EDGE('',*,*,#14989,.F.);
#15067 = ORIENTED_EDGE('',*,*,#15068,.F.);
#15068 = EDGE_CURVE('',#15039,#14990,#15069,.T.);
#15069 = LINE('',#15070,#15071);
#15070 = CARTESIAN_POINT('',(-105.,57.,140.));
#15071 = VECTOR('',#15072,1.);
#15072 = DIRECTION('',(0.,0.,-1.));
#15073 = PLANE('',#15074);
#15074 = AXIS2_PLACEMENT_3D('',#15075,#15076,#15077);
#15075 = CARTESIAN_POINT('',(-105.,57.,140.));
#15076 = DIRECTION('',(-1.,0.,0.));
#15077 = DIRECTION('',(0.,0.,-1.));
#15078 = ADVANCED_FACE('',(#15079),#15084,.T.);
#15079 = FACE_BOUND('',#15080,.T.);
#15080 = EDGE_LOOP('',(#15081,#15082,#15083));
#15081 = ORIENTED_EDGE('',*,*,#15015,.T.);
#15082 = ORIENTED_EDGE('',*,*,#15046,.T.);
#15083 = ORIENTED_EDGE('',*,*,#15068,.T.);
#15084 = PLANE('',#15085);
#15085 = AXIS2_PLACEMENT_3D('',#15086,#15087,#15088);
#15086 = CARTESIAN_POINT('',(-94.72556942838,57.,117.77443057161));
#15087 = DIRECTION('',(-0.,-1.,-0.));
#15088 = DIRECTION('',(0.,0.,-1.));
#15089 = ADVANCED_FACE('',(#15090),#15095,.F.);
#15090 = FACE_BOUND('',#15091,.F.);
#15091 = EDGE_LOOP('',(#15092,#15093,#15094));
#15092 = ORIENTED_EDGE('',*,*,#14999,.T.);
#15093 = ORIENTED_EDGE('',*,*,#15030,.T.);
#15094 = ORIENTED_EDGE('',*,*,#15061,.T.);
#15095 = PLANE('',#15096);
#15096 = AXIS2_PLACEMENT_3D('',#15097,#15098,#15099);
#15097 = CARTESIAN_POINT('',(-94.72556942838,63.,117.77443057161));
#15098 = DIRECTION('',(-0.,-1.,-0.));
#15099 = DIRECTION('',(0.,0.,-1.));
#15100 = MANIFOLD_SOLID_BREP('',#15101);
#15101 = CLOSED_SHELL('',(#15102,#15142,#15182,#15204,#15226,#15238));
#15102 = ADVANCED_FACE('',(#15103),#15137,.F.);
#15103 = FACE_BOUND('',#15104,.F.);
#15104 = EDGE_LOOP('',(#15105,#15115,#15123,#15131));
#15105 = ORIENTED_EDGE('',*,*,#15106,.F.);
#15106 = EDGE_CURVE('',#15107,#15109,#15111,.T.);
#15107 = VERTEX_POINT('',#15108);
#15108 = CARTESIAN_POINT('',(90.,-75.,98.));
#15109 = VERTEX_POINT('',#15110);
#15110 = CARTESIAN_POINT('',(90.,-75.,103.));
#15111 = LINE('',#15112,#15113);
#15112 = CARTESIAN_POINT('',(90.,-75.,98.));
#15113 = VECTOR('',#15114,1.);
#15114 = DIRECTION('',(0.,0.,1.));
#15115 = ORIENTED_EDGE('',*,*,#15116,.T.);
#15116 = EDGE_CURVE('',#15107,#15117,#15119,.T.);
#15117 = VERTEX_POINT('',#15118);
#15118 = CARTESIAN_POINT('',(90.,-45.,98.));
#15119 = LINE('',#15120,#15121);
#15120 = CARTESIAN_POINT('',(90.,-75.,98.));
#15121 = VECTOR('',#15122,1.);
#15122 = DIRECTION('',(0.,1.,0.));
#15123 = ORIENTED_EDGE('',*,*,#15124,.T.);
#15124 = EDGE_CURVE('',#15117,#15125,#15127,.T.);
#15125 = VERTEX_POINT('',#15126);
#15126 = CARTESIAN_POINT('',(90.,-45.,103.));
#15127 = LINE('',#15128,#15129);
#15128 = CARTESIAN_POINT('',(90.,-45.,98.));
#15129 = VECTOR('',#15130,1.);
#15130 = DIRECTION('',(0.,0.,1.));
#15131 = ORIENTED_EDGE('',*,*,#15132,.F.);
#15132 = EDGE_CURVE('',#15109,#15125,#15133,.T.);
#15133 = LINE('',#15134,#15135);
#15134 = CARTESIAN_POINT('',(90.,-75.,103.));
#15135 = VECTOR('',#15136,1.);
#15136 = DIRECTION('',(0.,1.,0.));
#15137 = PLANE('',#15138);
#15138 = AXIS2_PLACEMENT_3D('',#15139,#15140,#15141);
#15139 = CARTESIAN_POINT('',(90.,-75.,98.));
#15140 = DIRECTION('',(1.,0.,0.));
#15141 = DIRECTION('',(0.,0.,1.));
#15142 = ADVANCED_FACE('',(#15143),#15177,.T.);
#15143 = FACE_BOUND('',#15144,.T.);
#15144 = EDGE_LOOP('',(#15145,#15155,#15163,#15171));
#15145 = ORIENTED_EDGE('',*,*,#15146,.F.);
#15146 = EDGE_CURVE('',#15147,#15149,#15151,.T.);
#15147 = VERTEX_POINT('',#15148);
#15148 = CARTESIAN_POINT('',(120.,-75.,98.));
#15149 = VERTEX_POINT('',#15150);
#15150 = CARTESIAN_POINT('',(120.,-75.,103.));
#15151 = LINE('',#15152,#15153);
#15152 = CARTESIAN_POINT('',(120.,-75.,98.));
#15153 = VECTOR('',#15154,1.);
#15154 = DIRECTION('',(0.,0.,1.));
#15155 = ORIENTED_EDGE('',*,*,#15156,.T.);
#15156 = EDGE_CURVE('',#15147,#15157,#15159,.T.);
#15157 = VERTEX_POINT('',#15158);
#15158 = CARTESIAN_POINT('',(120.,-45.,98.));
#15159 = LINE('',#15160,#15161);
#15160 = CARTESIAN_POINT('',(120.,-75.,98.));
#15161 = VECTOR('',#15162,1.);
#15162 = DIRECTION('',(0.,1.,0.));
#15163 = ORIENTED_EDGE('',*,*,#15164,.T.);
#15164 = EDGE_CURVE('',#15157,#15165,#15167,.T.);
#15165 = VERTEX_POINT('',#15166);
#15166 = CARTESIAN_POINT('',(120.,-45.,103.));
#15167 = LINE('',#15168,#15169);
#15168 = CARTESIAN_POINT('',(120.,-45.,98.));
#15169 = VECTOR('',#15170,1.);
#15170 = DIRECTION('',(0.,0.,1.));
#15171 = ORIENTED_EDGE('',*,*,#15172,.F.);
#15172 = EDGE_CURVE('',#15149,#15165,#15173,.T.);
#15173 = LINE('',#15174,#15175);
#15174 = CARTESIAN_POINT('',(120.,-75.,103.));
#15175 = VECTOR('',#15176,1.);
#15176 = DIRECTION('',(0.,1.,0.));
#15177 = PLANE('',#15178);
#15178 = AXIS2_PLACEMENT_3D('',#15179,#15180,#15181);
#15179 = CARTESIAN_POINT('',(120.,-75.,98.));
#15180 = DIRECTION('',(1.,0.,0.));
#15181 = DIRECTION('',(0.,0.,1.));
#15182 = ADVANCED_FACE('',(#15183),#15199,.F.);
#15183 = FACE_BOUND('',#15184,.F.);
#15184 = EDGE_LOOP('',(#15185,#15191,#15192,#15198));
#15185 = ORIENTED_EDGE('',*,*,#15186,.F.);
#15186 = EDGE_CURVE('',#15107,#15147,#15187,.T.);
#15187 = LINE('',#15188,#15189);
#15188 = CARTESIAN_POINT('',(90.,-75.,98.));
#15189 = VECTOR('',#15190,1.);
#15190 = DIRECTION('',(1.,0.,0.));
#15191 = ORIENTED_EDGE('',*,*,#15106,.T.);
#15192 = ORIENTED_EDGE('',*,*,#15193,.T.);
#15193 = EDGE_CURVE('',#15109,#15149,#15194,.T.);
#15194 = LINE('',#15195,#15196);
#15195 = CARTESIAN_POINT('',(90.,-75.,103.));
#15196 = VECTOR('',#15197,1.);
#15197 = DIRECTION('',(1.,0.,0.));
#15198 = ORIENTED_EDGE('',*,*,#15146,.F.);
#15199 = PLANE('',#15200);
#15200 = AXIS2_PLACEMENT_3D('',#15201,#15202,#15203);
#15201 = CARTESIAN_POINT('',(90.,-75.,98.));
#15202 = DIRECTION('',(0.,1.,0.));
#15203 = DIRECTION('',(0.,0.,1.));
#15204 = ADVANCED_FACE('',(#15205),#15221,.T.);
#15205 = FACE_BOUND('',#15206,.T.);
#15206 = EDGE_LOOP('',(#15207,#15213,#15214,#15220));
#15207 = ORIENTED_EDGE('',*,*,#15208,.F.);
#15208 = EDGE_CURVE('',#15117,#15157,#15209,.T.);
#15209 = LINE('',#15210,#15211);
#15210 = CARTESIAN_POINT('',(90.,-45.,98.));
#15211 = VECTOR('',#15212,1.);
#15212 = DIRECTION('',(1.,0.,0.));
#15213 = ORIENTED_EDGE('',*,*,#15124,.T.);
#15214 = ORIENTED_EDGE('',*,*,#15215,.T.);
#15215 = EDGE_CURVE('',#15125,#15165,#15216,.T.);
#15216 = LINE('',#15217,#15218);
#15217 = CARTESIAN_POINT('',(90.,-45.,103.));
#15218 = VECTOR('',#15219,1.);
#15219 = DIRECTION('',(1.,0.,0.));
#15220 = ORIENTED_EDGE('',*,*,#15164,.F.);
#15221 = PLANE('',#15222);
#15222 = AXIS2_PLACEMENT_3D('',#15223,#15224,#15225);
#15223 = CARTESIAN_POINT('',(90.,-45.,98.));
#15224 = DIRECTION('',(0.,1.,0.));
#15225 = DIRECTION('',(0.,0.,1.));
#15226 = ADVANCED_FACE('',(#15227),#15233,.F.);
#15227 = FACE_BOUND('',#15228,.F.);
#15228 = EDGE_LOOP('',(#15229,#15230,#15231,#15232));
#15229 = ORIENTED_EDGE('',*,*,#15116,.F.);
#15230 = ORIENTED_EDGE('',*,*,#15186,.T.);
#15231 = ORIENTED_EDGE('',*,*,#15156,.T.);
#15232 = ORIENTED_EDGE('',*,*,#15208,.F.);
#15233 = PLANE('',#15234);
#15234 = AXIS2_PLACEMENT_3D('',#15235,#15236,#15237);
#15235 = CARTESIAN_POINT('',(90.,-75.,98.));
#15236 = DIRECTION('',(0.,0.,1.));
#15237 = DIRECTION('',(1.,0.,0.));
#15238 = ADVANCED_FACE('',(#15239),#15245,.T.);
#15239 = FACE_BOUND('',#15240,.T.);
#15240 = EDGE_LOOP('',(#15241,#15242,#15243,#15244));
#15241 = ORIENTED_EDGE('',*,*,#15132,.F.);
#15242 = ORIENTED_EDGE('',*,*,#15193,.T.);
#15243 = ORIENTED_EDGE('',*,*,#15172,.T.);
#15244 = ORIENTED_EDGE('',*,*,#15215,.F.);
#15245 = PLANE('',#15246);
#15246 = AXIS2_PLACEMENT_3D('',#15247,#15248,#15249);
#15247 = CARTESIAN_POINT('',(90.,-75.,103.));
#15248 = DIRECTION('',(0.,0.,1.));
#15249 = DIRECTION('',(1.,0.,0.));
#15250 = MANIFOLD_SOLID_BREP('',#15251);
#15251 = CLOSED_SHELL('',(#15252,#15292,#15323,#15345,#15356));
#15252 = ADVANCED_FACE('',(#15253),#15287,.F.);
#15253 = FACE_BOUND('',#15254,.F.);
#15254 = EDGE_LOOP('',(#15255,#15265,#15273,#15281));
#15255 = ORIENTED_EDGE('',*,*,#15256,.T.);
#15256 = EDGE_CURVE('',#15257,#15259,#15261,.T.);
#15257 = VERTEX_POINT('',#15258);
#15258 = CARTESIAN_POINT('',(105.,-63.,105.));
#15259 = VERTEX_POINT('',#15260);
#15260 = CARTESIAN_POINT('',(105.,-57.,105.));
#15261 = LINE('',#15262,#15263);
#15262 = CARTESIAN_POINT('',(105.,-63.,105.));
#15263 = VECTOR('',#15264,1.);
#15264 = DIRECTION('',(0.,1.,0.));
#15265 = ORIENTED_EDGE('',*,*,#15266,.T.);
#15266 = EDGE_CURVE('',#15259,#15267,#15269,.T.);
#15267 = VERTEX_POINT('',#15268);
#15268 = CARTESIAN_POINT('',(75.,-57.,105.));
#15269 = LINE('',#15270,#15271);
#15270 = CARTESIAN_POINT('',(105.,-57.,105.));
#15271 = VECTOR('',#15272,1.);
#15272 = DIRECTION('',(-1.,0.,0.));
#15273 = ORIENTED_EDGE('',*,*,#15274,.F.);
#15274 = EDGE_CURVE('',#15275,#15267,#15277,.T.);
#15275 = VERTEX_POINT('',#15276);
#15276 = CARTESIAN_POINT('',(75.,-63.,105.));
#15277 = LINE('',#15278,#15279);
#15278 = CARTESIAN_POINT('',(75.,-63.,105.));
#15279 = VECTOR('',#15280,1.);
#15280 = DIRECTION('',(0.,1.,0.));
#15281 = ORIENTED_EDGE('',*,*,#15282,.F.);
#15282 = EDGE_CURVE('',#15257,#15275,#15283,.T.);
#15283 = LINE('',#15284,#15285);
#15284 = CARTESIAN_POINT('',(105.,-63.,105.));
#15285 = VECTOR('',#15286,1.);
#15286 = DIRECTION('',(-1.,0.,0.));
#15287 = PLANE('',#15288);
#15288 = AXIS2_PLACEMENT_3D('',#15289,#15290,#15291);
#15289 = CARTESIAN_POINT('',(105.,-63.,105.));
#15290 = DIRECTION('',(0.,0.,1.));
#15291 = DIRECTION('',(-1.,0.,0.));
#15292 = ADVANCED_FACE('',(#15293),#15318,.F.);
#15293 = FACE_BOUND('',#15294,.F.);
#15294 = EDGE_LOOP('',(#15295,#15296,#15304,#15312));
#15295 = ORIENTED_EDGE('',*,*,#15274,.T.);
#15296 = ORIENTED_EDGE('',*,*,#15297,.T.);
#15297 = EDGE_CURVE('',#15267,#15298,#15300,.T.);
#15298 = VERTEX_POINT('',#15299);
#15299 = CARTESIAN_POINT('',(105.,-57.,140.));
#15300 = LINE('',#15301,#15302);
#15301 = CARTESIAN_POINT('',(75.,-57.,105.));
#15302 = VECTOR('',#15303,1.);
#15303 = DIRECTION('',(0.650791373456,0.,0.759256602365));
#15304 = ORIENTED_EDGE('',*,*,#15305,.F.);
#15305 = EDGE_CURVE('',#15306,#15298,#15308,.T.);
#15306 = VERTEX_POINT('',#15307);
#15307 = CARTESIAN_POINT('',(105.,-63.,140.));
#15308 = LINE('',#15309,#15310);
#15309 = CARTESIAN_POINT('',(105.,-63.,140.));
#15310 = VECTOR('',#15311,1.);
#15311 = DIRECTION('',(0.,1.,0.));
#15312 = ORIENTED_EDGE('',*,*,#15313,.F.);
#15313 = EDGE_CURVE('',#15275,#15306,#15314,.T.);
#15314 = LINE('',#15315,#15316);
#15315 = CARTESIAN_POINT('',(75.,-63.,105.));
#15316 = VECTOR('',#15317,1.);
#15317 = DIRECTION('',(0.650791373456,0.,0.759256602365));
#15318 = PLANE('',#15319);
#15319 = AXIS2_PLACEMENT_3D('',#15320,#15321,#15322);
#15320 = CARTESIAN_POINT('',(75.,-63.,105.));
#15321 = DIRECTION('',(0.759256602365,0.,-0.650791373456));
#15322 = DIRECTION('',(0.650791373456,0.,0.759256602365));
#15323 = ADVANCED_FACE('',(#15324),#15340,.F.);
#15324 = FACE_BOUND('',#15325,.F.);
#15325 = EDGE_LOOP('',(#15326,#15327,#15333,#15334));
#15326 = ORIENTED_EDGE('',*,*,#15305,.T.);
#15327 = ORIENTED_EDGE('',*,*,#15328,.T.);
#15328 = EDGE_CURVE('',#15298,#15259,#15329,.T.);
#15329 = LINE('',#15330,#15331);
#15330 = CARTESIAN_POINT('',(105.,-57.,140.));
#15331 = VECTOR('',#15332,1.);
#15332 = DIRECTION('',(0.,0.,-1.));
#15333 = ORIENTED_EDGE('',*,*,#15256,.F.);
#15334 = ORIENTED_EDGE('',*,*,#15335,.F.);
#15335 = EDGE_CURVE('',#15306,#15257,#15336,.T.);
#15336 = LINE('',#15337,#15338);
#15337 = CARTESIAN_POINT('',(105.,-63.,140.));
#15338 = VECTOR('',#15339,1.);
#15339 = DIRECTION('',(0.,0.,-1.));
#15340 = PLANE('',#15341);
#15341 = AXIS2_PLACEMENT_3D('',#15342,#15343,#15344);
#15342 = CARTESIAN_POINT('',(105.,-63.,140.));
#15343 = DIRECTION('',(-1.,0.,0.));
#15344 = DIRECTION('',(0.,0.,-1.));
#15345 = ADVANCED_FACE('',(#15346),#15351,.F.);
#15346 = FACE_BOUND('',#15347,.F.);
#15347 = EDGE_LOOP('',(#15348,#15349,#15350));
#15348 = ORIENTED_EDGE('',*,*,#15282,.T.);
#15349 = ORIENTED_EDGE('',*,*,#15313,.T.);
#15350 = ORIENTED_EDGE('',*,*,#15335,.T.);
#15351 = PLANE('',#15352);
#15352 = AXIS2_PLACEMENT_3D('',#15353,#15354,#15355);
#15353 = CARTESIAN_POINT('',(94.725569428384,-63.,117.77443057161));
#15354 = DIRECTION('',(0.,1.,0.));
#15355 = DIRECTION('',(0.,0.,1.));
#15356 = ADVANCED_FACE('',(#15357),#15362,.T.);
#15357 = FACE_BOUND('',#15358,.T.);
#15358 = EDGE_LOOP('',(#15359,#15360,#15361));
#15359 = ORIENTED_EDGE('',*,*,#15266,.T.);
#15360 = ORIENTED_EDGE('',*,*,#15297,.T.);
#15361 = ORIENTED_EDGE('',*,*,#15328,.T.);
#15362 = PLANE('',#15363);
#15363 = AXIS2_PLACEMENT_3D('',#15364,#15365,#15366);
#15364 = CARTESIAN_POINT('',(94.725569428384,-57.,117.77443057161));
#15365 = DIRECTION('',(0.,1.,0.));
#15366 = DIRECTION('',(0.,0.,1.));
#15367 = MANIFOLD_SOLID_BREP('',#15368);
#15368 = CLOSED_SHELL('',(#15369,#15409,#15440,#15462,#15473));
#15369 = ADVANCED_FACE('',(#15370),#15404,.T.);
#15370 = FACE_BOUND('',#15371,.T.);
#15371 = EDGE_LOOP('',(#15372,#15382,#15390,#15398));
#15372 = ORIENTED_EDGE('',*,*,#15373,.T.);
#15373 = EDGE_CURVE('',#15374,#15376,#15378,.T.);
#15374 = VERTEX_POINT('',#15375);
#15375 = CARTESIAN_POINT('',(105.,-63.,105.));
#15376 = VERTEX_POINT('',#15377);
#15377 = CARTESIAN_POINT('',(105.,-57.,105.));
#15378 = LINE('',#15379,#15380);
#15379 = CARTESIAN_POINT('',(105.,-63.,105.));
#15380 = VECTOR('',#15381,1.);
#15381 = DIRECTION('',(0.,1.,0.));
#15382 = ORIENTED_EDGE('',*,*,#15383,.T.);
#15383 = EDGE_CURVE('',#15376,#15384,#15386,.T.);
#15384 = VERTEX_POINT('',#15385);
#15385 = CARTESIAN_POINT('',(135.,-57.,105.));
#15386 = LINE('',#15387,#15388);
#15387 = CARTESIAN_POINT('',(105.,-57.,105.));
#15388 = VECTOR('',#15389,1.);
#15389 = DIRECTION('',(1.,0.,0.));
#15390 = ORIENTED_EDGE('',*,*,#15391,.F.);
#15391 = EDGE_CURVE('',#15392,#15384,#15394,.T.);
#15392 = VERTEX_POINT('',#15393);
#15393 = CARTESIAN_POINT('',(135.,-63.,105.));
#15394 = LINE('',#15395,#15396);
#15395 = CARTESIAN_POINT('',(135.,-63.,105.));
#15396 = VECTOR('',#15397,1.);
#15397 = DIRECTION('',(0.,1.,0.));
#15398 = ORIENTED_EDGE('',*,*,#15399,.F.);
#15399 = EDGE_CURVE('',#15374,#15392,#15400,.T.);
#15400 = LINE('',#15401,#15402);
#15401 = CARTESIAN_POINT('',(105.,-63.,105.));
#15402 = VECTOR('',#15403,1.);
#15403 = DIRECTION('',(1.,0.,0.));
#15404 = PLANE('',#15405);
#15405 = AXIS2_PLACEMENT_3D('',#15406,#15407,#15408);
#15406 = CARTESIAN_POINT('',(105.,-63.,105.));
#15407 = DIRECTION('',(0.,0.,-1.));
#15408 = DIRECTION('',(1.,0.,0.));
#15409 = ADVANCED_FACE('',(#15410),#15435,.T.);
#15410 = FACE_BOUND('',#15411,.T.);
#15411 = EDGE_LOOP('',(#15412,#15413,#15421,#15429));
#15412 = ORIENTED_EDGE('',*,*,#15391,.T.);
#15413 = ORIENTED_EDGE('',*,*,#15414,.T.);
#15414 = EDGE_CURVE('',#15384,#15415,#15417,.T.);
#15415 = VERTEX_POINT('',#15416);
#15416 = CARTESIAN_POINT('',(105.,-57.,140.));
#15417 = LINE('',#15418,#15419);
#15418 = CARTESIAN_POINT('',(135.,-57.,105.));
#15419 = VECTOR('',#15420,1.);
#15420 = DIRECTION('',(-0.650791373456,0.,0.759256602365));
#15421 = ORIENTED_EDGE('',*,*,#15422,.F.);
#15422 = EDGE_CURVE('',#15423,#15415,#15425,.T.);
#15423 = VERTEX_POINT('',#15424);
#15424 = CARTESIAN_POINT('',(105.,-63.,140.));
#15425 = LINE('',#15426,#15427);
#15426 = CARTESIAN_POINT('',(105.,-63.,140.));
#15427 = VECTOR('',#15428,1.);
#15428 = DIRECTION('',(0.,1.,0.));
#15429 = ORIENTED_EDGE('',*,*,#15430,.F.);
#15430 = EDGE_CURVE('',#15392,#15423,#15431,.T.);
#15431 = LINE('',#15432,#15433);
#15432 = CARTESIAN_POINT('',(135.,-63.,105.));
#15433 = VECTOR('',#15434,1.);
#15434 = DIRECTION('',(-0.650791373456,0.,0.759256602365));
#15435 = PLANE('',#15436);
#15436 = AXIS2_PLACEMENT_3D('',#15437,#15438,#15439);
#15437 = CARTESIAN_POINT('',(135.,-63.,105.));
#15438 = DIRECTION('',(0.759256602365,0.,0.650791373456));
#15439 = DIRECTION('',(-0.650791373456,0.,0.759256602365));
#15440 = ADVANCED_FACE('',(#15441),#15457,.T.);
#15441 = FACE_BOUND('',#15442,.T.);
#15442 = EDGE_LOOP('',(#15443,#15444,#15450,#15451));
#15443 = ORIENTED_EDGE('',*,*,#15422,.T.);
#15444 = ORIENTED_EDGE('',*,*,#15445,.T.);
#15445 = EDGE_CURVE('',#15415,#15376,#15446,.T.);
#15446 = LINE('',#15447,#15448);
#15447 = CARTESIAN_POINT('',(105.,-57.,140.));
#15448 = VECTOR('',#15449,1.);
#15449 = DIRECTION('',(0.,0.,-1.));
#15450 = ORIENTED_EDGE('',*,*,#15373,.F.);
#15451 = ORIENTED_EDGE('',*,*,#15452,.F.);
#15452 = EDGE_CURVE('',#15423,#15374,#15453,.T.);
#15453 = LINE('',#15454,#15455);
#15454 = CARTESIAN_POINT('',(105.,-63.,140.));
#15455 = VECTOR('',#15456,1.);
#15456 = DIRECTION('',(0.,0.,-1.));
#15457 = PLANE('',#15458);
#15458 = AXIS2_PLACEMENT_3D('',#15459,#15460,#15461);
#15459 = CARTESIAN_POINT('',(105.,-63.,140.));
#15460 = DIRECTION('',(-1.,0.,0.));
#15461 = DIRECTION('',(0.,0.,-1.));
#15462 = ADVANCED_FACE('',(#15463),#15468,.T.);
#15463 = FACE_BOUND('',#15464,.T.);
#15464 = EDGE_LOOP('',(#15465,#15466,#15467));
#15465 = ORIENTED_EDGE('',*,*,#15399,.T.);
#15466 = ORIENTED_EDGE('',*,*,#15430,.T.);
#15467 = ORIENTED_EDGE('',*,*,#15452,.T.);
#15468 = PLANE('',#15469);
#15469 = AXIS2_PLACEMENT_3D('',#15470,#15471,#15472);
#15470 = CARTESIAN_POINT('',(115.27443057161,-63.,117.77443057161));
#15471 = DIRECTION('',(-0.,-1.,-0.));
#15472 = DIRECTION('',(0.,0.,-1.));
#15473 = ADVANCED_FACE('',(#15474),#15479,.F.);
#15474 = FACE_BOUND('',#15475,.F.);
#15475 = EDGE_LOOP('',(#15476,#15477,#15478));
#15476 = ORIENTED_EDGE('',*,*,#15383,.T.);
#15477 = ORIENTED_EDGE('',*,*,#15414,.T.);
#15478 = ORIENTED_EDGE('',*,*,#15445,.T.);
#15479 = PLANE('',#15480);
#15480 = AXIS2_PLACEMENT_3D('',#15481,#15482,#15483);
#15481 = CARTESIAN_POINT('',(115.27443057161,-57.,117.77443057161));
#15482 = DIRECTION('',(-0.,-1.,-0.));
#15483 = DIRECTION('',(0.,0.,-1.));
#15484 = MANIFOLD_SOLID_BREP('',#15485);
#15485 = CLOSED_SHELL('',(#15486,#15526,#15566,#15588,#15610,#15622));
#15486 = ADVANCED_FACE('',(#15487),#15521,.F.);
#15487 = FACE_BOUND('',#15488,.F.);
#15488 = EDGE_LOOP('',(#15489,#15499,#15507,#15515));
#15489 = ORIENTED_EDGE('',*,*,#15490,.F.);
#15490 = EDGE_CURVE('',#15491,#15493,#15495,.T.);
#15491 = VERTEX_POINT('',#15492);
#15492 = CARTESIAN_POINT('',(90.,45.,98.));
#15493 = VERTEX_POINT('',#15494);
#15494 = CARTESIAN_POINT('',(90.,45.,103.));
#15495 = LINE('',#15496,#15497);
#15496 = CARTESIAN_POINT('',(90.,45.,98.));
#15497 = VECTOR('',#15498,1.);
#15498 = DIRECTION('',(0.,0.,1.));
#15499 = ORIENTED_EDGE('',*,*,#15500,.T.);
#15500 = EDGE_CURVE('',#15491,#15501,#15503,.T.);
#15501 = VERTEX_POINT('',#15502);
#15502 = CARTESIAN_POINT('',(90.,75.,98.));
#15503 = LINE('',#15504,#15505);
#15504 = CARTESIAN_POINT('',(90.,45.,98.));
#15505 = VECTOR('',#15506,1.);
#15506 = DIRECTION('',(0.,1.,0.));
#15507 = ORIENTED_EDGE('',*,*,#15508,.T.);
#15508 = EDGE_CURVE('',#15501,#15509,#15511,.T.);
#15509 = VERTEX_POINT('',#15510);
#15510 = CARTESIAN_POINT('',(90.,75.,103.));
#15511 = LINE('',#15512,#15513);
#15512 = CARTESIAN_POINT('',(90.,75.,98.));
#15513 = VECTOR('',#15514,1.);
#15514 = DIRECTION('',(0.,0.,1.));
#15515 = ORIENTED_EDGE('',*,*,#15516,.F.);
#15516 = EDGE_CURVE('',#15493,#15509,#15517,.T.);
#15517 = LINE('',#15518,#15519);
#15518 = CARTESIAN_POINT('',(90.,45.,103.));
#15519 = VECTOR('',#15520,1.);
#15520 = DIRECTION('',(0.,1.,0.));
#15521 = PLANE('',#15522);
#15522 = AXIS2_PLACEMENT_3D('',#15523,#15524,#15525);
#15523 = CARTESIAN_POINT('',(90.,45.,98.));
#15524 = DIRECTION('',(1.,0.,0.));
#15525 = DIRECTION('',(0.,0.,1.));
#15526 = ADVANCED_FACE('',(#15527),#15561,.T.);
#15527 = FACE_BOUND('',#15528,.T.);
#15528 = EDGE_LOOP('',(#15529,#15539,#15547,#15555));
#15529 = ORIENTED_EDGE('',*,*,#15530,.F.);
#15530 = EDGE_CURVE('',#15531,#15533,#15535,.T.);
#15531 = VERTEX_POINT('',#15532);
#15532 = CARTESIAN_POINT('',(120.,45.,98.));
#15533 = VERTEX_POINT('',#15534);
#15534 = CARTESIAN_POINT('',(120.,45.,103.));
#15535 = LINE('',#15536,#15537);
#15536 = CARTESIAN_POINT('',(120.,45.,98.));
#15537 = VECTOR('',#15538,1.);
#15538 = DIRECTION('',(0.,0.,1.));
#15539 = ORIENTED_EDGE('',*,*,#15540,.T.);
#15540 = EDGE_CURVE('',#15531,#15541,#15543,.T.);
#15541 = VERTEX_POINT('',#15542);
#15542 = CARTESIAN_POINT('',(120.,75.,98.));
#15543 = LINE('',#15544,#15545);
#15544 = CARTESIAN_POINT('',(120.,45.,98.));
#15545 = VECTOR('',#15546,1.);
#15546 = DIRECTION('',(0.,1.,0.));
#15547 = ORIENTED_EDGE('',*,*,#15548,.T.);
#15548 = EDGE_CURVE('',#15541,#15549,#15551,.T.);
#15549 = VERTEX_POINT('',#15550);
#15550 = CARTESIAN_POINT('',(120.,75.,103.));
#15551 = LINE('',#15552,#15553);
#15552 = CARTESIAN_POINT('',(120.,75.,98.));
#15553 = VECTOR('',#15554,1.);
#15554 = DIRECTION('',(0.,0.,1.));
#15555 = ORIENTED_EDGE('',*,*,#15556,.F.);
#15556 = EDGE_CURVE('',#15533,#15549,#15557,.T.);
#15557 = LINE('',#15558,#15559);
#15558 = CARTESIAN_POINT('',(120.,45.,103.));
#15559 = VECTOR('',#15560,1.);
#15560 = DIRECTION('',(0.,1.,0.));
#15561 = PLANE('',#15562);
#15562 = AXIS2_PLACEMENT_3D('',#15563,#15564,#15565);
#15563 = CARTESIAN_POINT('',(120.,45.,98.));
#15564 = DIRECTION('',(1.,0.,0.));
#15565 = DIRECTION('',(0.,0.,1.));
#15566 = ADVANCED_FACE('',(#15567),#15583,.F.);
#15567 = FACE_BOUND('',#15568,.F.);
#15568 = EDGE_LOOP('',(#15569,#15575,#15576,#15582));
#15569 = ORIENTED_EDGE('',*,*,#15570,.F.);
#15570 = EDGE_CURVE('',#15491,#15531,#15571,.T.);
#15571 = LINE('',#15572,#15573);
#15572 = CARTESIAN_POINT('',(90.,45.,98.));
#15573 = VECTOR('',#15574,1.);
#15574 = DIRECTION('',(1.,0.,0.));
#15575 = ORIENTED_EDGE('',*,*,#15490,.T.);
#15576 = ORIENTED_EDGE('',*,*,#15577,.T.);
#15577 = EDGE_CURVE('',#15493,#15533,#15578,.T.);
#15578 = LINE('',#15579,#15580);
#15579 = CARTESIAN_POINT('',(90.,45.,103.));
#15580 = VECTOR('',#15581,1.);
#15581 = DIRECTION('',(1.,0.,0.));
#15582 = ORIENTED_EDGE('',*,*,#15530,.F.);
#15583 = PLANE('',#15584);
#15584 = AXIS2_PLACEMENT_3D('',#15585,#15586,#15587);
#15585 = CARTESIAN_POINT('',(90.,45.,98.));
#15586 = DIRECTION('',(0.,1.,0.));
#15587 = DIRECTION('',(0.,0.,1.));
#15588 = ADVANCED_FACE('',(#15589),#15605,.T.);
#15589 = FACE_BOUND('',#15590,.T.);
#15590 = EDGE_LOOP('',(#15591,#15597,#15598,#15604));
#15591 = ORIENTED_EDGE('',*,*,#15592,.F.);
#15592 = EDGE_CURVE('',#15501,#15541,#15593,.T.);
#15593 = LINE('',#15594,#15595);
#15594 = CARTESIAN_POINT('',(90.,75.,98.));
#15595 = VECTOR('',#15596,1.);
#15596 = DIRECTION('',(1.,0.,0.));
#15597 = ORIENTED_EDGE('',*,*,#15508,.T.);
#15598 = ORIENTED_EDGE('',*,*,#15599,.T.);
#15599 = EDGE_CURVE('',#15509,#15549,#15600,.T.);
#15600 = LINE('',#15601,#15602);
#15601 = CARTESIAN_POINT('',(90.,75.,103.));
#15602 = VECTOR('',#15603,1.);
#15603 = DIRECTION('',(1.,0.,0.));
#15604 = ORIENTED_EDGE('',*,*,#15548,.F.);
#15605 = PLANE('',#15606);
#15606 = AXIS2_PLACEMENT_3D('',#15607,#15608,#15609);
#15607 = CARTESIAN_POINT('',(90.,75.,98.));
#15608 = DIRECTION('',(0.,1.,0.));
#15609 = DIRECTION('',(0.,0.,1.));
#15610 = ADVANCED_FACE('',(#15611),#15617,.F.);
#15611 = FACE_BOUND('',#15612,.F.);
#15612 = EDGE_LOOP('',(#15613,#15614,#15615,#15616));
#15613 = ORIENTED_EDGE('',*,*,#15500,.F.);
#15614 = ORIENTED_EDGE('',*,*,#15570,.T.);
#15615 = ORIENTED_EDGE('',*,*,#15540,.T.);
#15616 = ORIENTED_EDGE('',*,*,#15592,.F.);
#15617 = PLANE('',#15618);
#15618 = AXIS2_PLACEMENT_3D('',#15619,#15620,#15621);
#15619 = CARTESIAN_POINT('',(90.,45.,98.));
#15620 = DIRECTION('',(0.,0.,1.));
#15621 = DIRECTION('',(1.,0.,0.));
#15622 = ADVANCED_FACE('',(#15623),#15629,.T.);
#15623 = FACE_BOUND('',#15624,.T.);
#15624 = EDGE_LOOP('',(#15625,#15626,#15627,#15628));
#15625 = ORIENTED_EDGE('',*,*,#15516,.F.);
#15626 = ORIENTED_EDGE('',*,*,#15577,.T.);
#15627 = ORIENTED_EDGE('',*,*,#15556,.T.);
#15628 = ORIENTED_EDGE('',*,*,#15599,.F.);
#15629 = PLANE('',#15630);
#15630 = AXIS2_PLACEMENT_3D('',#15631,#15632,#15633);
#15631 = CARTESIAN_POINT('',(90.,45.,103.));
#15632 = DIRECTION('',(0.,0.,1.));
#15633 = DIRECTION('',(1.,0.,0.));
#15634 = MANIFOLD_SOLID_BREP('',#15635);
#15635 = CLOSED_SHELL('',(#15636,#15676,#15707,#15729,#15740));
#15636 = ADVANCED_FACE('',(#15637),#15671,.F.);
#15637 = FACE_BOUND('',#15638,.F.);
#15638 = EDGE_LOOP('',(#15639,#15649,#15657,#15665));
#15639 = ORIENTED_EDGE('',*,*,#15640,.T.);
#15640 = EDGE_CURVE('',#15641,#15643,#15645,.T.);
#15641 = VERTEX_POINT('',#15642);
#15642 = CARTESIAN_POINT('',(105.,57.,105.));
#15643 = VERTEX_POINT('',#15644);
#15644 = CARTESIAN_POINT('',(105.,63.,105.));
#15645 = LINE('',#15646,#15647);
#15646 = CARTESIAN_POINT('',(105.,57.,105.));
#15647 = VECTOR('',#15648,1.);
#15648 = DIRECTION('',(0.,1.,0.));
#15649 = ORIENTED_EDGE('',*,*,#15650,.T.);
#15650 = EDGE_CURVE('',#15643,#15651,#15653,.T.);
#15651 = VERTEX_POINT('',#15652);
#15652 = CARTESIAN_POINT('',(75.,63.,105.));
#15653 = LINE('',#15654,#15655);
#15654 = CARTESIAN_POINT('',(105.,63.,105.));
#15655 = VECTOR('',#15656,1.);
#15656 = DIRECTION('',(-1.,0.,0.));
#15657 = ORIENTED_EDGE('',*,*,#15658,.F.);
#15658 = EDGE_CURVE('',#15659,#15651,#15661,.T.);
#15659 = VERTEX_POINT('',#15660);
#15660 = CARTESIAN_POINT('',(75.,57.,105.));
#15661 = LINE('',#15662,#15663);
#15662 = CARTESIAN_POINT('',(75.,57.,105.));
#15663 = VECTOR('',#15664,1.);
#15664 = DIRECTION('',(0.,1.,0.));
#15665 = ORIENTED_EDGE('',*,*,#15666,.F.);
#15666 = EDGE_CURVE('',#15641,#15659,#15667,.T.);
#15667 = LINE('',#15668,#15669);
#15668 = CARTESIAN_POINT('',(105.,57.,105.));
#15669 = VECTOR('',#15670,1.);
#15670 = DIRECTION('',(-1.,0.,0.));
#15671 = PLANE('',#15672);
#15672 = AXIS2_PLACEMENT_3D('',#15673,#15674,#15675);
#15673 = CARTESIAN_POINT('',(105.,57.,105.));
#15674 = DIRECTION('',(0.,0.,1.));
#15675 = DIRECTION('',(-1.,0.,0.));
#15676 = ADVANCED_FACE('',(#15677),#15702,.F.);
#15677 = FACE_BOUND('',#15678,.F.);
#15678 = EDGE_LOOP('',(#15679,#15680,#15688,#15696));
#15679 = ORIENTED_EDGE('',*,*,#15658,.T.);
#15680 = ORIENTED_EDGE('',*,*,#15681,.T.);
#15681 = EDGE_CURVE('',#15651,#15682,#15684,.T.);
#15682 = VERTEX_POINT('',#15683);
#15683 = CARTESIAN_POINT('',(105.,63.,140.));
#15684 = LINE('',#15685,#15686);
#15685 = CARTESIAN_POINT('',(75.,63.,105.));
#15686 = VECTOR('',#15687,1.);
#15687 = DIRECTION('',(0.650791373456,0.,0.759256602365));
#15688 = ORIENTED_EDGE('',*,*,#15689,.F.);
#15689 = EDGE_CURVE('',#15690,#15682,#15692,.T.);
#15690 = VERTEX_POINT('',#15691);
#15691 = CARTESIAN_POINT('',(105.,57.,140.));
#15692 = LINE('',#15693,#15694);
#15693 = CARTESIAN_POINT('',(105.,57.,140.));
#15694 = VECTOR('',#15695,1.);
#15695 = DIRECTION('',(0.,1.,0.));
#15696 = ORIENTED_EDGE('',*,*,#15697,.F.);
#15697 = EDGE_CURVE('',#15659,#15690,#15698,.T.);
#15698 = LINE('',#15699,#15700);
#15699 = CARTESIAN_POINT('',(75.,57.,105.));
#15700 = VECTOR('',#15701,1.);
#15701 = DIRECTION('',(0.650791373456,0.,0.759256602365));
#15702 = PLANE('',#15703);
#15703 = AXIS2_PLACEMENT_3D('',#15704,#15705,#15706);
#15704 = CARTESIAN_POINT('',(75.,57.,105.));
#15705 = DIRECTION('',(0.759256602365,0.,-0.650791373456));
#15706 = DIRECTION('',(0.650791373456,0.,0.759256602365));
#15707 = ADVANCED_FACE('',(#15708),#15724,.F.);
#15708 = FACE_BOUND('',#15709,.F.);
#15709 = EDGE_LOOP('',(#15710,#15711,#15717,#15718));
#15710 = ORIENTED_EDGE('',*,*,#15689,.T.);
#15711 = ORIENTED_EDGE('',*,*,#15712,.T.);
#15712 = EDGE_CURVE('',#15682,#15643,#15713,.T.);
#15713 = LINE('',#15714,#15715);
#15714 = CARTESIAN_POINT('',(105.,63.,140.));
#15715 = VECTOR('',#15716,1.);
#15716 = DIRECTION('',(0.,0.,-1.));
#15717 = ORIENTED_EDGE('',*,*,#15640,.F.);
#15718 = ORIENTED_EDGE('',*,*,#15719,.F.);
#15719 = EDGE_CURVE('',#15690,#15641,#15720,.T.);
#15720 = LINE('',#15721,#15722);
#15721 = CARTESIAN_POINT('',(105.,57.,140.));
#15722 = VECTOR('',#15723,1.);
#15723 = DIRECTION('',(0.,0.,-1.));
#15724 = PLANE('',#15725);
#15725 = AXIS2_PLACEMENT_3D('',#15726,#15727,#15728);
#15726 = CARTESIAN_POINT('',(105.,57.,140.));
#15727 = DIRECTION('',(-1.,0.,0.));
#15728 = DIRECTION('',(0.,0.,-1.));
#15729 = ADVANCED_FACE('',(#15730),#15735,.F.);
#15730 = FACE_BOUND('',#15731,.F.);
#15731 = EDGE_LOOP('',(#15732,#15733,#15734));
#15732 = ORIENTED_EDGE('',*,*,#15666,.T.);
#15733 = ORIENTED_EDGE('',*,*,#15697,.T.);
#15734 = ORIENTED_EDGE('',*,*,#15719,.T.);
#15735 = PLANE('',#15736);
#15736 = AXIS2_PLACEMENT_3D('',#15737,#15738,#15739);
#15737 = CARTESIAN_POINT('',(94.725569428384,57.,117.77443057161));
#15738 = DIRECTION('',(0.,1.,0.));
#15739 = DIRECTION('',(0.,0.,1.));
#15740 = ADVANCED_FACE('',(#15741),#15746,.T.);
#15741 = FACE_BOUND('',#15742,.T.);
#15742 = EDGE_LOOP('',(#15743,#15744,#15745));
#15743 = ORIENTED_EDGE('',*,*,#15650,.T.);
#15744 = ORIENTED_EDGE('',*,*,#15681,.T.);
#15745 = ORIENTED_EDGE('',*,*,#15712,.T.);
#15746 = PLANE('',#15747);
#15747 = AXIS2_PLACEMENT_3D('',#15748,#15749,#15750);
#15748 = CARTESIAN_POINT('',(94.725569428384,63.,117.77443057161));
#15749 = DIRECTION('',(0.,1.,0.));
#15750 = DIRECTION('',(0.,0.,1.));
#15751 = MANIFOLD_SOLID_BREP('',#15752);
#15752 = CLOSED_SHELL('',(#15753,#15793,#15824,#15846,#15857));
#15753 = ADVANCED_FACE('',(#15754),#15788,.T.);
#15754 = FACE_BOUND('',#15755,.T.);
#15755 = EDGE_LOOP('',(#15756,#15766,#15774,#15782));
#15756 = ORIENTED_EDGE('',*,*,#15757,.T.);
#15757 = EDGE_CURVE('',#15758,#15760,#15762,.T.);
#15758 = VERTEX_POINT('',#15759);
#15759 = CARTESIAN_POINT('',(105.,57.,105.));
#15760 = VERTEX_POINT('',#15761);
#15761 = CARTESIAN_POINT('',(105.,63.,105.));
#15762 = LINE('',#15763,#15764);
#15763 = CARTESIAN_POINT('',(105.,57.,105.));
#15764 = VECTOR('',#15765,1.);
#15765 = DIRECTION('',(0.,1.,0.));
#15766 = ORIENTED_EDGE('',*,*,#15767,.T.);
#15767 = EDGE_CURVE('',#15760,#15768,#15770,.T.);
#15768 = VERTEX_POINT('',#15769);
#15769 = CARTESIAN_POINT('',(135.,63.,105.));
#15770 = LINE('',#15771,#15772);
#15771 = CARTESIAN_POINT('',(105.,63.,105.));
#15772 = VECTOR('',#15773,1.);
#15773 = DIRECTION('',(1.,0.,0.));
#15774 = ORIENTED_EDGE('',*,*,#15775,.F.);
#15775 = EDGE_CURVE('',#15776,#15768,#15778,.T.);
#15776 = VERTEX_POINT('',#15777);
#15777 = CARTESIAN_POINT('',(135.,57.,105.));
#15778 = LINE('',#15779,#15780);
#15779 = CARTESIAN_POINT('',(135.,57.,105.));
#15780 = VECTOR('',#15781,1.);
#15781 = DIRECTION('',(0.,1.,0.));
#15782 = ORIENTED_EDGE('',*,*,#15783,.F.);
#15783 = EDGE_CURVE('',#15758,#15776,#15784,.T.);
#15784 = LINE('',#15785,#15786);
#15785 = CARTESIAN_POINT('',(105.,57.,105.));
#15786 = VECTOR('',#15787,1.);
#15787 = DIRECTION('',(1.,0.,0.));
#15788 = PLANE('',#15789);
#15789 = AXIS2_PLACEMENT_3D('',#15790,#15791,#15792);
#15790 = CARTESIAN_POINT('',(105.,57.,105.));
#15791 = DIRECTION('',(0.,0.,-1.));
#15792 = DIRECTION('',(1.,0.,0.));
#15793 = ADVANCED_FACE('',(#15794),#15819,.T.);
#15794 = FACE_BOUND('',#15795,.T.);
#15795 = EDGE_LOOP('',(#15796,#15797,#15805,#15813));
#15796 = ORIENTED_EDGE('',*,*,#15775,.T.);
#15797 = ORIENTED_EDGE('',*,*,#15798,.T.);
#15798 = EDGE_CURVE('',#15768,#15799,#15801,.T.);
#15799 = VERTEX_POINT('',#15800);
#15800 = CARTESIAN_POINT('',(105.,63.,140.));
#15801 = LINE('',#15802,#15803);
#15802 = CARTESIAN_POINT('',(135.,63.,105.));
#15803 = VECTOR('',#15804,1.);
#15804 = DIRECTION('',(-0.650791373456,0.,0.759256602365));
#15805 = ORIENTED_EDGE('',*,*,#15806,.F.);
#15806 = EDGE_CURVE('',#15807,#15799,#15809,.T.);
#15807 = VERTEX_POINT('',#15808);
#15808 = CARTESIAN_POINT('',(105.,57.,140.));
#15809 = LINE('',#15810,#15811);
#15810 = CARTESIAN_POINT('',(105.,57.,140.));
#15811 = VECTOR('',#15812,1.);
#15812 = DIRECTION('',(0.,1.,0.));
#15813 = ORIENTED_EDGE('',*,*,#15814,.F.);
#15814 = EDGE_CURVE('',#15776,#15807,#15815,.T.);
#15815 = LINE('',#15816,#15817);
#15816 = CARTESIAN_POINT('',(135.,57.,105.));
#15817 = VECTOR('',#15818,1.);
#15818 = DIRECTION('',(-0.650791373456,0.,0.759256602365));
#15819 = PLANE('',#15820);
#15820 = AXIS2_PLACEMENT_3D('',#15821,#15822,#15823);
#15821 = CARTESIAN_POINT('',(135.,57.,105.));
#15822 = DIRECTION('',(0.759256602365,0.,0.650791373456));
#15823 = DIRECTION('',(-0.650791373456,0.,0.759256602365));
#15824 = ADVANCED_FACE('',(#15825),#15841,.T.);
#15825 = FACE_BOUND('',#15826,.T.);
#15826 = EDGE_LOOP('',(#15827,#15828,#15834,#15835));
#15827 = ORIENTED_EDGE('',*,*,#15806,.T.);
#15828 = ORIENTED_EDGE('',*,*,#15829,.T.);
#15829 = EDGE_CURVE('',#15799,#15760,#15830,.T.);
#15830 = LINE('',#15831,#15832);
#15831 = CARTESIAN_POINT('',(105.,63.,140.));
#15832 = VECTOR('',#15833,1.);
#15833 = DIRECTION('',(0.,0.,-1.));
#15834 = ORIENTED_EDGE('',*,*,#15757,.F.);
#15835 = ORIENTED_EDGE('',*,*,#15836,.F.);
#15836 = EDGE_CURVE('',#15807,#15758,#15837,.T.);
#15837 = LINE('',#15838,#15839);
#15838 = CARTESIAN_POINT('',(105.,57.,140.));
#15839 = VECTOR('',#15840,1.);
#15840 = DIRECTION('',(0.,0.,-1.));
#15841 = PLANE('',#15842);
#15842 = AXIS2_PLACEMENT_3D('',#15843,#15844,#15845);
#15843 = CARTESIAN_POINT('',(105.,57.,140.));
#15844 = DIRECTION('',(-1.,0.,0.));
#15845 = DIRECTION('',(0.,0.,-1.));
#15846 = ADVANCED_FACE('',(#15847),#15852,.T.);
#15847 = FACE_BOUND('',#15848,.T.);
#15848 = EDGE_LOOP('',(#15849,#15850,#15851));
#15849 = ORIENTED_EDGE('',*,*,#15783,.T.);
#15850 = ORIENTED_EDGE('',*,*,#15814,.T.);
#15851 = ORIENTED_EDGE('',*,*,#15836,.T.);
#15852 = PLANE('',#15853);
#15853 = AXIS2_PLACEMENT_3D('',#15854,#15855,#15856);
#15854 = CARTESIAN_POINT('',(115.27443057161,57.,117.77443057161));
#15855 = DIRECTION('',(-0.,-1.,-0.));
#15856 = DIRECTION('',(0.,0.,-1.));
#15857 = ADVANCED_FACE('',(#15858),#15863,.F.);
#15858 = FACE_BOUND('',#15859,.F.);
#15859 = EDGE_LOOP('',(#15860,#15861,#15862));
#15860 = ORIENTED_EDGE('',*,*,#15767,.T.);
#15861 = ORIENTED_EDGE('',*,*,#15798,.T.);
#15862 = ORIENTED_EDGE('',*,*,#15829,.T.);
#15863 = PLANE('',#15864);
#15864 = AXIS2_PLACEMENT_3D('',#15865,#15866,#15867);
#15865 = CARTESIAN_POINT('',(115.27443057161,63.,117.77443057161));
#15866 = DIRECTION('',(-0.,-1.,-0.));
#15867 = DIRECTION('',(0.,0.,-1.));
#15868 = MANIFOLD_SOLID_BREP('',#15869);
#15869 = CLOSED_SHELL('',(#15870,#15903,#15912));
#15870 = ADVANCED_FACE('',(#15871),#15898,.T.);
#15871 = FACE_BOUND('',#15872,.T.);
#15872 = EDGE_LOOP('',(#15873,#15882,#15890,#15897));
#15873 = ORIENTED_EDGE('',*,*,#15874,.F.);
#15874 = EDGE_CURVE('',#15875,#15875,#15877,.T.);
#15875 = VERTEX_POINT('',#15876);
#15876 = CARTESIAN_POINT('',(-151.8556537528,-80.,103.88755536012));
#15877 = CIRCLE('',#15878,5.);
#15878 = AXIS2_PLACEMENT_3D('',#15879,#15880,#15881);
#15879 = CARTESIAN_POINT('',(-155.,-80.,100.));
#15880 = DIRECTION('',(0.747568777187,0.274841462201,-0.604651216843));
#15881 = DIRECTION('',(0.628869249431,-5.740333711586E-19,0.777511072024
    ));
#15882 = ORIENTED_EDGE('',*,*,#15883,.F.);
#15883 = EDGE_CURVE('',#15884,#15875,#15886,.T.);
#15884 = VERTEX_POINT('',#15885);
#15885 = CARTESIAN_POINT('',(-219.8556537528,-105.,158.88755536012));
#15886 = LINE('',#15887,#15888);
#15887 = CARTESIAN_POINT('',(-219.8556537528,-105.,158.88755536012));
#15888 = VECTOR('',#15889,1.);
#15889 = DIRECTION('',(0.747568777187,0.274841462201,-0.604651216843));
#15890 = ORIENTED_EDGE('',*,*,#15891,.T.);
#15891 = EDGE_CURVE('',#15884,#15884,#15892,.T.);
#15892 = CIRCLE('',#15893,5.);
#15893 = AXIS2_PLACEMENT_3D('',#15894,#15895,#15896);
#15894 = CARTESIAN_POINT('',(-223.,-105.,155.));
#15895 = DIRECTION('',(0.747568777187,0.274841462201,-0.604651216843));
#15896 = DIRECTION('',(0.628869249431,-5.740333711586E-19,0.777511072024
    ));
#15897 = ORIENTED_EDGE('',*,*,#15883,.T.);
#15898 = CYLINDRICAL_SURFACE('',#15899,5.);
#15899 = AXIS2_PLACEMENT_3D('',#15900,#15901,#15902);
#15900 = CARTESIAN_POINT('',(-223.,-105.,155.));
#15901 = DIRECTION('',(0.747568777187,0.274841462201,-0.604651216843));
#15902 = DIRECTION('',(0.628869249431,1.039909967431E-17,0.777511072024)
  );
#15903 = ADVANCED_FACE('',(#15904),#15907,.T.);
#15904 = FACE_BOUND('',#15905,.T.);
#15905 = EDGE_LOOP('',(#15906));
#15906 = ORIENTED_EDGE('',*,*,#15874,.T.);
#15907 = PLANE('',#15908);
#15908 = AXIS2_PLACEMENT_3D('',#15909,#15910,#15911);
#15909 = CARTESIAN_POINT('',(-155.,-80.,100.));
#15910 = DIRECTION('',(0.747568777187,0.274841462201,-0.604651216843));
#15911 = DIRECTION('',(0.628869249431,1.039909967431E-17,0.777511072024)
  );
#15912 = ADVANCED_FACE('',(#15913),#15916,.F.);
#15913 = FACE_BOUND('',#15914,.T.);
#15914 = EDGE_LOOP('',(#15915));
#15915 = ORIENTED_EDGE('',*,*,#15891,.F.);
#15916 = PLANE('',#15917);
#15917 = AXIS2_PLACEMENT_3D('',#15918,#15919,#15920);
#15918 = CARTESIAN_POINT('',(-223.,-105.,155.));
#15919 = DIRECTION('',(0.747568777187,0.274841462201,-0.604651216843));
#15920 = DIRECTION('',(0.628869249431,1.039909967431E-17,0.777511072024)
  );
#15921 = MANIFOLD_SOLID_BREP('',#15922);
#15922 = CLOSED_SHELL('',(#15923,#15956,#15965));
#15923 = ADVANCED_FACE('',(#15924),#15951,.T.);
#15924 = FACE_BOUND('',#15925,.T.);
#15925 = EDGE_LOOP('',(#15926,#15935,#15943,#15950));
#15926 = ORIENTED_EDGE('',*,*,#15927,.F.);
#15927 = EDGE_CURVE('',#15928,#15928,#15930,.T.);
#15928 = VERTEX_POINT('',#15929);
#15929 = CARTESIAN_POINT('',(-151.8556537528,80.,103.88755536012));
#15930 = CIRCLE('',#15931,5.);
#15931 = AXIS2_PLACEMENT_3D('',#15932,#15933,#15934);
#15932 = CARTESIAN_POINT('',(-155.,80.,100.));
#15933 = DIRECTION('',(0.747568777187,-0.274841462201,-0.604651216843));
#15934 = DIRECTION('',(0.628869249431,5.740333711586E-19,0.777511072024)
  );
#15935 = ORIENTED_EDGE('',*,*,#15936,.F.);
#15936 = EDGE_CURVE('',#15937,#15928,#15939,.T.);
#15937 = VERTEX_POINT('',#15938);
#15938 = CARTESIAN_POINT('',(-219.8556537528,105.,158.88755536012));
#15939 = LINE('',#15940,#15941);
#15940 = CARTESIAN_POINT('',(-219.8556537528,105.,158.88755536012));
#15941 = VECTOR('',#15942,1.);
#15942 = DIRECTION('',(0.747568777187,-0.274841462201,-0.604651216843));
#15943 = ORIENTED_EDGE('',*,*,#15944,.T.);
#15944 = EDGE_CURVE('',#15937,#15937,#15945,.T.);
#15945 = CIRCLE('',#15946,5.);
#15946 = AXIS2_PLACEMENT_3D('',#15947,#15948,#15949);
#15947 = CARTESIAN_POINT('',(-223.,105.,155.));
#15948 = DIRECTION('',(0.747568777187,-0.274841462201,-0.604651216843));
#15949 = DIRECTION('',(0.628869249431,5.740333711586E-19,0.777511072024)
  );
#15950 = ORIENTED_EDGE('',*,*,#15936,.T.);
#15951 = CYLINDRICAL_SURFACE('',#15952,5.);
#15952 = AXIS2_PLACEMENT_3D('',#15953,#15954,#15955);
#15953 = CARTESIAN_POINT('',(-223.,105.,155.));
#15954 = DIRECTION('',(0.747568777187,-0.274841462201,-0.604651216843));
#15955 = DIRECTION('',(0.628869249431,-1.039909967431E-17,0.777511072024
    ));
#15956 = ADVANCED_FACE('',(#15957),#15960,.T.);
#15957 = FACE_BOUND('',#15958,.T.);
#15958 = EDGE_LOOP('',(#15959));
#15959 = ORIENTED_EDGE('',*,*,#15927,.T.);
#15960 = PLANE('',#15961);
#15961 = AXIS2_PLACEMENT_3D('',#15962,#15963,#15964);
#15962 = CARTESIAN_POINT('',(-155.,80.,100.));
#15963 = DIRECTION('',(0.747568777187,-0.274841462201,-0.604651216843));
#15964 = DIRECTION('',(0.628869249431,-1.039909967431E-17,0.777511072024
    ));
#15965 = ADVANCED_FACE('',(#15966),#15969,.F.);
#15966 = FACE_BOUND('',#15967,.T.);
#15967 = EDGE_LOOP('',(#15968));
#15968 = ORIENTED_EDGE('',*,*,#15944,.F.);
#15969 = PLANE('',#15970);
#15970 = AXIS2_PLACEMENT_3D('',#15971,#15972,#15973);
#15971 = CARTESIAN_POINT('',(-223.,105.,155.));
#15972 = DIRECTION('',(0.747568777187,-0.274841462201,-0.604651216843));
#15973 = DIRECTION('',(0.628869249431,-1.039909967431E-17,0.777511072024
    ));
#15974 = MANIFOLD_SOLID_BREP('',#15975);
#15975 = CLOSED_SHELL('',(#15976,#16009,#16018));
#15976 = ADVANCED_FACE('',(#15977),#16004,.T.);
#15977 = FACE_BOUND('',#15978,.T.);
#15978 = EDGE_LOOP('',(#15979,#15988,#15996,#16003));
#15979 = ORIENTED_EDGE('',*,*,#15980,.F.);
#15980 = EDGE_CURVE('',#15981,#15981,#15983,.T.);
#15981 = VERTEX_POINT('',#15982);
#15982 = CARTESIAN_POINT('',(208.14434624715,-80.,103.88755536012));
#15983 = CIRCLE('',#15984,5.);
#15984 = AXIS2_PLACEMENT_3D('',#15985,#15986,#15987);
#15985 = CARTESIAN_POINT('',(205.,-80.,100.));
#15986 = DIRECTION('',(0.747568777187,0.274841462201,-0.604651216843));
#15987 = DIRECTION('',(0.628869249431,-5.740333711586E-19,0.777511072024
    ));
#15988 = ORIENTED_EDGE('',*,*,#15989,.F.);
#15989 = EDGE_CURVE('',#15990,#15981,#15992,.T.);
#15990 = VERTEX_POINT('',#15991);
#15991 = CARTESIAN_POINT('',(140.14434624715,-105.,158.88755536012));
#15992 = LINE('',#15993,#15994);
#15993 = CARTESIAN_POINT('',(140.14434624715,-105.,158.88755536012));
#15994 = VECTOR('',#15995,1.);
#15995 = DIRECTION('',(0.747568777187,0.274841462201,-0.604651216843));
#15996 = ORIENTED_EDGE('',*,*,#15997,.T.);
#15997 = EDGE_CURVE('',#15990,#15990,#15998,.T.);
#15998 = CIRCLE('',#15999,5.);
#15999 = AXIS2_PLACEMENT_3D('',#16000,#16001,#16002);
#16000 = CARTESIAN_POINT('',(137.,-105.,155.));
#16001 = DIRECTION('',(0.747568777187,0.274841462201,-0.604651216843));
#16002 = DIRECTION('',(0.628869249431,-5.740333711586E-19,0.777511072024
    ));
#16003 = ORIENTED_EDGE('',*,*,#15989,.T.);
#16004 = CYLINDRICAL_SURFACE('',#16005,5.);
#16005 = AXIS2_PLACEMENT_3D('',#16006,#16007,#16008);
#16006 = CARTESIAN_POINT('',(137.,-105.,155.));
#16007 = DIRECTION('',(0.747568777187,0.274841462201,-0.604651216843));
#16008 = DIRECTION('',(0.628869249431,1.039909967431E-17,0.777511072024)
  );
#16009 = ADVANCED_FACE('',(#16010),#16013,.T.);
#16010 = FACE_BOUND('',#16011,.T.);
#16011 = EDGE_LOOP('',(#16012));
#16012 = ORIENTED_EDGE('',*,*,#15980,.T.);
#16013 = PLANE('',#16014);
#16014 = AXIS2_PLACEMENT_3D('',#16015,#16016,#16017);
#16015 = CARTESIAN_POINT('',(205.,-80.,100.));
#16016 = DIRECTION('',(0.747568777187,0.274841462201,-0.604651216843));
#16017 = DIRECTION('',(0.628869249431,1.039909967431E-17,0.777511072024)
  );
#16018 = ADVANCED_FACE('',(#16019),#16022,.F.);
#16019 = FACE_BOUND('',#16020,.T.);
#16020 = EDGE_LOOP('',(#16021));
#16021 = ORIENTED_EDGE('',*,*,#15997,.F.);
#16022 = PLANE('',#16023);
#16023 = AXIS2_PLACEMENT_3D('',#16024,#16025,#16026);
#16024 = CARTESIAN_POINT('',(137.,-105.,155.));
#16025 = DIRECTION('',(0.747568777187,0.274841462201,-0.604651216843));
#16026 = DIRECTION('',(0.628869249431,1.039909967431E-17,0.777511072024)
  );
#16027 = MANIFOLD_SOLID_BREP('',#16028);
#16028 = CLOSED_SHELL('',(#16029,#16062,#16071));
#16029 = ADVANCED_FACE('',(#16030),#16057,.T.);
#16030 = FACE_BOUND('',#16031,.T.);
#16031 = EDGE_LOOP('',(#16032,#16041,#16049,#16056));
#16032 = ORIENTED_EDGE('',*,*,#16033,.F.);
#16033 = EDGE_CURVE('',#16034,#16034,#16036,.T.);
#16034 = VERTEX_POINT('',#16035);
#16035 = CARTESIAN_POINT('',(208.14434624715,80.,103.88755536012));
#16036 = CIRCLE('',#16037,5.);
#16037 = AXIS2_PLACEMENT_3D('',#16038,#16039,#16040);
#16038 = CARTESIAN_POINT('',(205.,80.,100.));
#16039 = DIRECTION('',(0.747568777187,-0.274841462201,-0.604651216843));
#16040 = DIRECTION('',(0.628869249431,5.740333711586E-19,0.777511072024)
  );
#16041 = ORIENTED_EDGE('',*,*,#16042,.F.);
#16042 = EDGE_CURVE('',#16043,#16034,#16045,.T.);
#16043 = VERTEX_POINT('',#16044);
#16044 = CARTESIAN_POINT('',(140.14434624715,105.,158.88755536012));
#16045 = LINE('',#16046,#16047);
#16046 = CARTESIAN_POINT('',(140.14434624715,105.,158.88755536012));
#16047 = VECTOR('',#16048,1.);
#16048 = DIRECTION('',(0.747568777187,-0.274841462201,-0.604651216843));
#16049 = ORIENTED_EDGE('',*,*,#16050,.T.);
#16050 = EDGE_CURVE('',#16043,#16043,#16051,.T.);
#16051 = CIRCLE('',#16052,5.);
#16052 = AXIS2_PLACEMENT_3D('',#16053,#16054,#16055);
#16053 = CARTESIAN_POINT('',(137.,105.,155.));
#16054 = DIRECTION('',(0.747568777187,-0.274841462201,-0.604651216843));
#16055 = DIRECTION('',(0.628869249431,5.740333711586E-19,0.777511072024)
  );
#16056 = ORIENTED_EDGE('',*,*,#16042,.T.);
#16057 = CYLINDRICAL_SURFACE('',#16058,5.);
#16058 = AXIS2_PLACEMENT_3D('',#16059,#16060,#16061);
#16059 = CARTESIAN_POINT('',(137.,105.,155.));
#16060 = DIRECTION('',(0.747568777187,-0.274841462201,-0.604651216843));
#16061 = DIRECTION('',(0.628869249431,-1.039909967431E-17,0.777511072024
    ));
#16062 = ADVANCED_FACE('',(#16063),#16066,.T.);
#16063 = FACE_BOUND('',#16064,.T.);
#16064 = EDGE_LOOP('',(#16065));
#16065 = ORIENTED_EDGE('',*,*,#16033,.T.);
#16066 = PLANE('',#16067);
#16067 = AXIS2_PLACEMENT_3D('',#16068,#16069,#16070);
#16068 = CARTESIAN_POINT('',(205.,80.,100.));
#16069 = DIRECTION('',(0.747568777187,-0.274841462201,-0.604651216843));
#16070 = DIRECTION('',(0.628869249431,-1.039909967431E-17,0.777511072024
    ));
#16071 = ADVANCED_FACE('',(#16072),#16075,.F.);
#16072 = FACE_BOUND('',#16073,.T.);
#16073 = EDGE_LOOP('',(#16074));
#16074 = ORIENTED_EDGE('',*,*,#16050,.F.);
#16075 = PLANE('',#16076);
#16076 = AXIS2_PLACEMENT_3D('',#16077,#16078,#16079);
#16077 = CARTESIAN_POINT('',(137.,105.,155.));
#16078 = DIRECTION('',(0.747568777187,-0.274841462201,-0.604651216843));
#16079 = DIRECTION('',(0.628869249431,-1.039909967431E-17,0.777511072024
    ));
#16080 = ( GEOMETRIC_REPRESENTATION_CONTEXT(3) 
GLOBAL_UNCERTAINTY_ASSIGNED_CONTEXT((#16084)) 
GLOBAL_UNIT_ASSIGNED_CONTEXT((#16081,#16082,#16083)) 
REPRESENTATION_CONTEXT('Context #1',
  '3D Context with UNIT and UNCERTAINTY') );
#16081 = ( LENGTH_UNIT() NAMED_UNIT(*) SI_UNIT(.MILLI.,.METRE.) );
#16082 = ( NAMED_UNIT(*) PLANE_ANGLE_UNIT() SI_UNIT($,.RADIAN.) );
#16083 = ( NAMED_UNIT(*) SI_UNIT($,.STERADIAN.) SOLID_ANGLE_UNIT() );
#16084 = UNCERTAINTY_MEASURE_WITH_UNIT(LENGTH_MEASURE(1.E-07),#16081,
  'distance_accuracy_value','confusion accuracy');
#16085 = PRODUCT_RELATED_PRODUCT_CATEGORY('part',$,(#7));
ENDSEC;
END-ISO-10303-21;
