ISO-10303-21;
HEADER;
FILE_DESCRIPTION(('FreeCAD Model'),'2;1');
FILE_NAME('Open CASCADE Shape Model','2026-09-15T17:07:07',('FreeCAD'),(
    'FreeCAD'),'Open CASCADE STEP processor 7.8','FreeCAD','Unknown');
FILE_SCHEMA(('AUTOMOTIVE_DESIGN { 1 0 10303 214 1 1 1 1 }'));
ENDSEC;
DATA;
#1 = APPLICATION_PROTOCOL_DEFINITION('international standard',
  'automotive_design',2000,#2);
#2 = APPLICATION_CONTEXT(
  'core data for automotive mechanical design processes');
#3 = SHAPE_DEFINITION_REPRESENTATION(#4,#10);
#4 = PRODUCT_DEFINITION_SHAPE('','',#5);
#5 = PRODUCT_DEFINITION('design','',#6,#9);
#6 = PRODUCT_DEFINITION_FORMATION('','',#7);
#7 = PRODUCT('Open CASCADE STEP translator 7.8 1',
  'Open CASCADE STEP translator 7.8 1','',(#8));
#8 = PRODUCT_CONTEXT('',#2,'mechanical');
#9 = PRODUCT_DEFINITION_CONTEXT('part definition',#2,'design');
#10 = SHAPE_REPRESENTATION('',(#11,#15,#301,#587,#737,#887,#1037,#1187,
    #1617,#1670,#1859,#2048,#2101,#2154,#2207,#2396,#2585,#2638,#2691,
    #2841,#2853,#2865,#2918,#2971,#3121,#3271,#3363,#3416,#3469,#3561,
    #3653,#4083,#4136,#4325,#4514,#4567,#4620,#4673,#4862,#5051,#5104,
    #5157,#5307,#5319,#5331,#5384,#5437,#5587,#5737,#5829,#5882,#5935,
    #6027,#6119,#6549,#6602,#6791,#6980,#7033,#7086,#7139,#7289,#7342,
    #7395,#7545,#7695,#7787,#7840,#7893,#7985,#8077,#8507,#8560,#8749,
    #8938,#8991,#9044,#9097,#9247,#9300,#9353,#9503,#9653,#9745,#9798,
    #9851,#9943,#10035,#10185,#10335,#10388,#10441,#10494,#10547,#10600,
    #10653,#10706,#10759,#10812,#10865,#11015,#11165,#11315,#11368,
    #11518),#11668);
#11 = AXIS2_PLACEMENT_3D('',#12,#13,#14);
#12 = CARTESIAN_POINT('',(0.,0.,0.));
#13 = DIRECTION('',(0.,0.,1.));
#14 = DIRECTION('',(1.,0.,-0.));
#15 = MANIFOLD_SOLID_BREP('',#16);
#16 = CLOSED_SHELL('',(#17,#91,#122,#146,#170,#187,#218,#242,#266,#283)
  );
#17 = ADVANCED_FACE('',(#18,#52),#86,.F.);
#18 = FACE_BOUND('',#19,.F.);
#19 = EDGE_LOOP('',(#20,#30,#38,#46));
#20 = ORIENTED_EDGE('',*,*,#21,.F.);
#21 = EDGE_CURVE('',#22,#24,#26,.T.);
#22 = VERTEX_POINT('',#23);
#23 = CARTESIAN_POINT('',(-240.,-70.,70.));
#24 = VERTEX_POINT('',#25);
#25 = CARTESIAN_POINT('',(-240.,-70.,95.));
#26 = LINE('',#27,#28);
#27 = CARTESIAN_POINT('',(-240.,-70.,70.));
#28 = VECTOR('',#29,1.);
#29 = DIRECTION('',(0.,0.,1.));
#30 = ORIENTED_EDGE('',*,*,#31,.T.);
#31 = EDGE_CURVE('',#22,#32,#34,.T.);
#32 = VERTEX_POINT('',#33);
#33 = CARTESIAN_POINT('',(-240.,-50.,70.));
#34 = LINE('',#35,#36);
#35 = CARTESIAN_POINT('',(-240.,-70.,70.));
#36 = VECTOR('',#37,1.);
#37 = DIRECTION('',(0.,1.,0.));
#38 = ORIENTED_EDGE('',*,*,#39,.T.);
#39 = EDGE_CURVE('',#32,#40,#42,.T.);
#40 = VERTEX_POINT('',#41);
#41 = CARTESIAN_POINT('',(-240.,-50.,95.));
#42 = LINE('',#43,#44);
#43 = CARTESIAN_POINT('',(-240.,-50.,70.));
#44 = VECTOR('',#45,1.);
#45 = DIRECTION('',(0.,0.,1.));
#46 = ORIENTED_EDGE('',*,*,#47,.F.);
#47 = EDGE_CURVE('',#24,#40,#48,.T.);
#48 = LINE('',#49,#50);
#49 = CARTESIAN_POINT('',(-240.,-70.,95.));
#50 = VECTOR('',#51,1.);
#51 = DIRECTION('',(0.,1.,0.));
#52 = FACE_BOUND('',#53,.F.);
#53 = EDGE_LOOP('',(#54,#64,#72,#80));
#54 = ORIENTED_EDGE('',*,*,#55,.T.);
#55 = EDGE_CURVE('',#56,#58,#60,.T.);
#56 = VERTEX_POINT('',#57);
#57 = CARTESIAN_POINT('',(-240.,-52.,72.));
#58 = VERTEX_POINT('',#59);
#59 = CARTESIAN_POINT('',(-240.,-68.,72.));
#60 = LINE('',#61,#62);
#61 = CARTESIAN_POINT('',(-240.,-69.,72.));
#62 = VECTOR('',#63,1.);
#63 = DIRECTION('',(0.,-1.,0.));
#64 = ORIENTED_EDGE('',*,*,#65,.T.);
#65 = EDGE_CURVE('',#58,#66,#68,.T.);
#66 = VERTEX_POINT('',#67);
#67 = CARTESIAN_POINT('',(-240.,-68.,93.));
#68 = LINE('',#69,#70);
#69 = CARTESIAN_POINT('',(-240.,-68.,71.));
#70 = VECTOR('',#71,1.);
#71 = DIRECTION('',(0.,0.,1.));
#72 = ORIENTED_EDGE('',*,*,#73,.F.);
#73 = EDGE_CURVE('',#74,#66,#76,.T.);
#74 = VERTEX_POINT('',#75);
#75 = CARTESIAN_POINT('',(-240.,-52.,93.));
#76 = LINE('',#77,#78);
#77 = CARTESIAN_POINT('',(-240.,-69.,93.));
#78 = VECTOR('',#79,1.);
#79 = DIRECTION('',(0.,-1.,0.));
#80 = ORIENTED_EDGE('',*,*,#81,.F.);
#81 = EDGE_CURVE('',#56,#74,#82,.T.);
#82 = LINE('',#83,#84);
#83 = CARTESIAN_POINT('',(-240.,-52.,71.));
#84 = VECTOR('',#85,1.);
#85 = DIRECTION('',(0.,0.,1.));
#86 = PLANE('',#87);
#87 = AXIS2_PLACEMENT_3D('',#88,#89,#90);
#88 = CARTESIAN_POINT('',(-240.,-70.,70.));
#89 = DIRECTION('',(1.,0.,0.));
#90 = DIRECTION('',(0.,0.,1.));
#91 = ADVANCED_FACE('',(#92),#117,.F.);
#92 = FACE_BOUND('',#93,.F.);
#93 = EDGE_LOOP('',(#94,#102,#103,#111));
#94 = ORIENTED_EDGE('',*,*,#95,.F.);
#95 = EDGE_CURVE('',#22,#96,#98,.T.);
#96 = VERTEX_POINT('',#97);
#97 = CARTESIAN_POINT('',(240.,-70.,70.));
#98 = LINE('',#99,#100);
#99 = CARTESIAN_POINT('',(-240.,-70.,70.));
#100 = VECTOR('',#101,1.);
#101 = DIRECTION('',(1.,0.,0.));
#102 = ORIENTED_EDGE('',*,*,#21,.T.);
#103 = ORIENTED_EDGE('',*,*,#104,.T.);
#104 = EDGE_CURVE('',#24,#105,#107,.T.);
#105 = VERTEX_POINT('',#106);
#106 = CARTESIAN_POINT('',(240.,-70.,95.));
#107 = LINE('',#108,#109);
#108 = CARTESIAN_POINT('',(-240.,-70.,95.));
#109 = VECTOR('',#110,1.);
#110 = DIRECTION('',(1.,0.,0.));
#111 = ORIENTED_EDGE('',*,*,#112,.F.);
#112 = EDGE_CURVE('',#96,#105,#113,.T.);
#113 = LINE('',#114,#115);
#114 = CARTESIAN_POINT('',(240.,-70.,70.));
#115 = VECTOR('',#116,1.);
#116 = DIRECTION('',(0.,0.,1.));
#117 = PLANE('',#118);
#118 = AXIS2_PLACEMENT_3D('',#119,#120,#121);
#119 = CARTESIAN_POINT('',(-240.,-70.,70.));
#120 = DIRECTION('',(0.,1.,0.));
#121 = DIRECTION('',(0.,0.,1.));
#122 = ADVANCED_FACE('',(#123),#141,.T.);
#123 = FACE_BOUND('',#124,.T.);
#124 = EDGE_LOOP('',(#125,#126,#127,#135));
#125 = ORIENTED_EDGE('',*,*,#47,.F.);
#126 = ORIENTED_EDGE('',*,*,#104,.T.);
#127 = ORIENTED_EDGE('',*,*,#128,.T.);
#128 = EDGE_CURVE('',#105,#129,#131,.T.);
#129 = VERTEX_POINT('',#130);
#130 = CARTESIAN_POINT('',(240.,-50.,95.));
#131 = LINE('',#132,#133);
#132 = CARTESIAN_POINT('',(240.,-70.,95.));
#133 = VECTOR('',#134,1.);
#134 = DIRECTION('',(0.,1.,0.));
#135 = ORIENTED_EDGE('',*,*,#136,.F.);
#136 = EDGE_CURVE('',#40,#129,#137,.T.);
#137 = LINE('',#138,#139);
#138 = CARTESIAN_POINT('',(-240.,-50.,95.));
#139 = VECTOR('',#140,1.);
#140 = DIRECTION('',(1.,0.,0.));
#141 = PLANE('',#142);
#142 = AXIS2_PLACEMENT_3D('',#143,#144,#145);
#143 = CARTESIAN_POINT('',(-240.,-70.,95.));
#144 = DIRECTION('',(0.,0.,1.));
#145 = DIRECTION('',(1.,0.,0.));
#146 = ADVANCED_FACE('',(#147),#165,.F.);
#147 = FACE_BOUND('',#148,.F.);
#148 = EDGE_LOOP('',(#149,#150,#151,#159));
#149 = ORIENTED_EDGE('',*,*,#31,.F.);
#150 = ORIENTED_EDGE('',*,*,#95,.T.);
#151 = ORIENTED_EDGE('',*,*,#152,.T.);
#152 = EDGE_CURVE('',#96,#153,#155,.T.);
#153 = VERTEX_POINT('',#154);
#154 = CARTESIAN_POINT('',(240.,-50.,70.));
#155 = LINE('',#156,#157);
#156 = CARTESIAN_POINT('',(240.,-70.,70.));
#157 = VECTOR('',#158,1.);
#158 = DIRECTION('',(0.,1.,0.));
#159 = ORIENTED_EDGE('',*,*,#160,.F.);
#160 = EDGE_CURVE('',#32,#153,#161,.T.);
#161 = LINE('',#162,#163);
#162 = CARTESIAN_POINT('',(-240.,-50.,70.));
#163 = VECTOR('',#164,1.);
#164 = DIRECTION('',(1.,0.,0.));
#165 = PLANE('',#166);
#166 = AXIS2_PLACEMENT_3D('',#167,#168,#169);
#167 = CARTESIAN_POINT('',(-240.,-70.,70.));
#168 = DIRECTION('',(0.,0.,1.));
#169 = DIRECTION('',(1.,0.,0.));
#170 = ADVANCED_FACE('',(#171),#182,.T.);
#171 = FACE_BOUND('',#172,.T.);
#172 = EDGE_LOOP('',(#173,#174,#175,#176));
#173 = ORIENTED_EDGE('',*,*,#160,.F.);
#174 = ORIENTED_EDGE('',*,*,#39,.T.);
#175 = ORIENTED_EDGE('',*,*,#136,.T.);
#176 = ORIENTED_EDGE('',*,*,#177,.F.);
#177 = EDGE_CURVE('',#153,#129,#178,.T.);
#178 = LINE('',#179,#180);
#179 = CARTESIAN_POINT('',(240.,-50.,70.));
#180 = VECTOR('',#181,1.);
#181 = DIRECTION('',(0.,0.,1.));
#182 = PLANE('',#183);
#183 = AXIS2_PLACEMENT_3D('',#184,#185,#186);
#184 = CARTESIAN_POINT('',(-240.,-50.,70.));
#185 = DIRECTION('',(0.,1.,0.));
#186 = DIRECTION('',(0.,0.,1.));
#187 = ADVANCED_FACE('',(#188),#213,.T.);
#188 = FACE_BOUND('',#189,.T.);
#189 = EDGE_LOOP('',(#190,#198,#199,#207));
#190 = ORIENTED_EDGE('',*,*,#191,.F.);
#191 = EDGE_CURVE('',#56,#192,#194,.T.);
#192 = VERTEX_POINT('',#193);
#193 = CARTESIAN_POINT('',(240.,-52.,72.));
#194 = LINE('',#195,#196);
#195 = CARTESIAN_POINT('',(-241.,-52.,72.));
#196 = VECTOR('',#197,1.);
#197 = DIRECTION('',(1.,0.,0.));
#198 = ORIENTED_EDGE('',*,*,#55,.T.);
#199 = ORIENTED_EDGE('',*,*,#200,.T.);
#200 = EDGE_CURVE('',#58,#201,#203,.T.);
#201 = VERTEX_POINT('',#202);
#202 = CARTESIAN_POINT('',(240.,-68.,72.));
#203 = LINE('',#204,#205);
#204 = CARTESIAN_POINT('',(-241.,-68.,72.));
#205 = VECTOR('',#206,1.);
#206 = DIRECTION('',(1.,0.,0.));
#207 = ORIENTED_EDGE('',*,*,#208,.F.);
#208 = EDGE_CURVE('',#192,#201,#209,.T.);
#209 = LINE('',#210,#211);
#210 = CARTESIAN_POINT('',(240.,-69.,72.));
#211 = VECTOR('',#212,1.);
#212 = DIRECTION('',(0.,-1.,0.));
#213 = PLANE('',#214);
#214 = AXIS2_PLACEMENT_3D('',#215,#216,#217);
#215 = CARTESIAN_POINT('',(-241.,-68.,72.));
#216 = DIRECTION('',(0.,0.,1.));
#217 = DIRECTION('',(1.,0.,0.));
#218 = ADVANCED_FACE('',(#219),#237,.F.);
#219 = FACE_BOUND('',#220,.F.);
#220 = EDGE_LOOP('',(#221,#222,#223,#231));
#221 = ORIENTED_EDGE('',*,*,#191,.F.);
#222 = ORIENTED_EDGE('',*,*,#81,.T.);
#223 = ORIENTED_EDGE('',*,*,#224,.T.);
#224 = EDGE_CURVE('',#74,#225,#227,.T.);
#225 = VERTEX_POINT('',#226);
#226 = CARTESIAN_POINT('',(240.,-52.,93.));
#227 = LINE('',#228,#229);
#228 = CARTESIAN_POINT('',(-241.,-52.,93.));
#229 = VECTOR('',#230,1.);
#230 = DIRECTION('',(1.,0.,0.));
#231 = ORIENTED_EDGE('',*,*,#232,.F.);
#232 = EDGE_CURVE('',#192,#225,#233,.T.);
#233 = LINE('',#234,#235);
#234 = CARTESIAN_POINT('',(240.,-52.,71.));
#235 = VECTOR('',#236,1.);
#236 = DIRECTION('',(0.,0.,1.));
#237 = PLANE('',#238);
#238 = AXIS2_PLACEMENT_3D('',#239,#240,#241);
#239 = CARTESIAN_POINT('',(-241.,-52.,72.));
#240 = DIRECTION('',(0.,1.,0.));
#241 = DIRECTION('',(0.,0.,1.));
#242 = ADVANCED_FACE('',(#243),#261,.F.);
#243 = FACE_BOUND('',#244,.F.);
#244 = EDGE_LOOP('',(#245,#246,#247,#255));
#245 = ORIENTED_EDGE('',*,*,#224,.F.);
#246 = ORIENTED_EDGE('',*,*,#73,.T.);
#247 = ORIENTED_EDGE('',*,*,#248,.T.);
#248 = EDGE_CURVE('',#66,#249,#251,.T.);
#249 = VERTEX_POINT('',#250);
#250 = CARTESIAN_POINT('',(240.,-68.,93.));
#251 = LINE('',#252,#253);
#252 = CARTESIAN_POINT('',(-241.,-68.,93.));
#253 = VECTOR('',#254,1.);
#254 = DIRECTION('',(1.,0.,0.));
#255 = ORIENTED_EDGE('',*,*,#256,.F.);
#256 = EDGE_CURVE('',#225,#249,#257,.T.);
#257 = LINE('',#258,#259);
#258 = CARTESIAN_POINT('',(240.,-69.,93.));
#259 = VECTOR('',#260,1.);
#260 = DIRECTION('',(0.,-1.,0.));
#261 = PLANE('',#262);
#262 = AXIS2_PLACEMENT_3D('',#263,#264,#265);
#263 = CARTESIAN_POINT('',(-241.,-68.,93.));
#264 = DIRECTION('',(0.,0.,1.));
#265 = DIRECTION('',(1.,0.,0.));
#266 = ADVANCED_FACE('',(#267),#278,.T.);
#267 = FACE_BOUND('',#268,.T.);
#268 = EDGE_LOOP('',(#269,#270,#271,#272));
#269 = ORIENTED_EDGE('',*,*,#200,.F.);
#270 = ORIENTED_EDGE('',*,*,#65,.T.);
#271 = ORIENTED_EDGE('',*,*,#248,.T.);
#272 = ORIENTED_EDGE('',*,*,#273,.F.);
#273 = EDGE_CURVE('',#201,#249,#274,.T.);
#274 = LINE('',#275,#276);
#275 = CARTESIAN_POINT('',(240.,-68.,71.));
#276 = VECTOR('',#277,1.);
#277 = DIRECTION('',(0.,0.,1.));
#278 = PLANE('',#279);
#279 = AXIS2_PLACEMENT_3D('',#280,#281,#282);
#280 = CARTESIAN_POINT('',(-241.,-68.,72.));
#281 = DIRECTION('',(0.,1.,0.));
#282 = DIRECTION('',(0.,0.,1.));
#283 = ADVANCED_FACE('',(#284,#290),#296,.T.);
#284 = FACE_BOUND('',#285,.T.);
#285 = EDGE_LOOP('',(#286,#287,#288,#289));
#286 = ORIENTED_EDGE('',*,*,#112,.F.);
#287 = ORIENTED_EDGE('',*,*,#152,.T.);
#288 = ORIENTED_EDGE('',*,*,#177,.T.);
#289 = ORIENTED_EDGE('',*,*,#128,.F.);
#290 = FACE_BOUND('',#291,.T.);
#291 = EDGE_LOOP('',(#292,#293,#294,#295));
#292 = ORIENTED_EDGE('',*,*,#208,.T.);
#293 = ORIENTED_EDGE('',*,*,#273,.T.);
#294 = ORIENTED_EDGE('',*,*,#256,.F.);
#295 = ORIENTED_EDGE('',*,*,#232,.F.);
#296 = PLANE('',#297);
#297 = AXIS2_PLACEMENT_3D('',#298,#299,#300);
#298 = CARTESIAN_POINT('',(240.,-70.,70.));
#299 = DIRECTION('',(1.,0.,0.));
#300 = DIRECTION('',(0.,0.,1.));
#301 = MANIFOLD_SOLID_BREP('',#302);
#302 = CLOSED_SHELL('',(#303,#377,#408,#432,#456,#473,#504,#528,#552,
    #569));
#303 = ADVANCED_FACE('',(#304,#338),#372,.F.);
#304 = FACE_BOUND('',#305,.F.);
#305 = EDGE_LOOP('',(#306,#316,#324,#332));
#306 = ORIENTED_EDGE('',*,*,#307,.F.);
#307 = EDGE_CURVE('',#308,#310,#312,.T.);
#308 = VERTEX_POINT('',#309);
#309 = CARTESIAN_POINT('',(-240.,50.,70.));
#310 = VERTEX_POINT('',#311);
#311 = CARTESIAN_POINT('',(-240.,50.,95.));
#312 = LINE('',#313,#314);
#313 = CARTESIAN_POINT('',(-240.,50.,70.));
#314 = VECTOR('',#315,1.);
#315 = DIRECTION('',(0.,0.,1.));
#316 = ORIENTED_EDGE('',*,*,#317,.T.);
#317 = EDGE_CURVE('',#308,#318,#320,.T.);
#318 = VERTEX_POINT('',#319);
#319 = CARTESIAN_POINT('',(-240.,70.,70.));
#320 = LINE('',#321,#322);
#321 = CARTESIAN_POINT('',(-240.,50.,70.));
#322 = VECTOR('',#323,1.);
#323 = DIRECTION('',(0.,1.,0.));
#324 = ORIENTED_EDGE('',*,*,#325,.T.);
#325 = EDGE_CURVE('',#318,#326,#328,.T.);
#326 = VERTEX_POINT('',#327);
#327 = CARTESIAN_POINT('',(-240.,70.,95.));
#328 = LINE('',#329,#330);
#329 = CARTESIAN_POINT('',(-240.,70.,70.));
#330 = VECTOR('',#331,1.);
#331 = DIRECTION('',(0.,0.,1.));
#332 = ORIENTED_EDGE('',*,*,#333,.F.);
#333 = EDGE_CURVE('',#310,#326,#334,.T.);
#334 = LINE('',#335,#336);
#335 = CARTESIAN_POINT('',(-240.,50.,95.));
#336 = VECTOR('',#337,1.);
#337 = DIRECTION('',(0.,1.,0.));
#338 = FACE_BOUND('',#339,.F.);
#339 = EDGE_LOOP('',(#340,#350,#358,#366));
#340 = ORIENTED_EDGE('',*,*,#341,.T.);
#341 = EDGE_CURVE('',#342,#344,#346,.T.);
#342 = VERTEX_POINT('',#343);
#343 = CARTESIAN_POINT('',(-240.,68.,72.));
#344 = VERTEX_POINT('',#345);
#345 = CARTESIAN_POINT('',(-240.,52.,72.));
#346 = LINE('',#347,#348);
#347 = CARTESIAN_POINT('',(-240.,51.,72.));
#348 = VECTOR('',#349,1.);
#349 = DIRECTION('',(0.,-1.,0.));
#350 = ORIENTED_EDGE('',*,*,#351,.T.);
#351 = EDGE_CURVE('',#344,#352,#354,.T.);
#352 = VERTEX_POINT('',#353);
#353 = CARTESIAN_POINT('',(-240.,52.,93.));
#354 = LINE('',#355,#356);
#355 = CARTESIAN_POINT('',(-240.,52.,71.));
#356 = VECTOR('',#357,1.);
#357 = DIRECTION('',(0.,0.,1.));
#358 = ORIENTED_EDGE('',*,*,#359,.F.);
#359 = EDGE_CURVE('',#360,#352,#362,.T.);
#360 = VERTEX_POINT('',#361);
#361 = CARTESIAN_POINT('',(-240.,68.,93.));
#362 = LINE('',#363,#364);
#363 = CARTESIAN_POINT('',(-240.,51.,93.));
#364 = VECTOR('',#365,1.);
#365 = DIRECTION('',(0.,-1.,0.));
#366 = ORIENTED_EDGE('',*,*,#367,.F.);
#367 = EDGE_CURVE('',#342,#360,#368,.T.);
#368 = LINE('',#369,#370);
#369 = CARTESIAN_POINT('',(-240.,68.,71.));
#370 = VECTOR('',#371,1.);
#371 = DIRECTION('',(0.,0.,1.));
#372 = PLANE('',#373);
#373 = AXIS2_PLACEMENT_3D('',#374,#375,#376);
#374 = CARTESIAN_POINT('',(-240.,50.,70.));
#375 = DIRECTION('',(1.,0.,0.));
#376 = DIRECTION('',(0.,0.,1.));
#377 = ADVANCED_FACE('',(#378),#403,.F.);
#378 = FACE_BOUND('',#379,.F.);
#379 = EDGE_LOOP('',(#380,#388,#389,#397));
#380 = ORIENTED_EDGE('',*,*,#381,.F.);
#381 = EDGE_CURVE('',#308,#382,#384,.T.);
#382 = VERTEX_POINT('',#383);
#383 = CARTESIAN_POINT('',(240.,50.,70.));
#384 = LINE('',#385,#386);
#385 = CARTESIAN_POINT('',(-240.,50.,70.));
#386 = VECTOR('',#387,1.);
#387 = DIRECTION('',(1.,0.,0.));
#388 = ORIENTED_EDGE('',*,*,#307,.T.);
#389 = ORIENTED_EDGE('',*,*,#390,.T.);
#390 = EDGE_CURVE('',#310,#391,#393,.T.);
#391 = VERTEX_POINT('',#392);
#392 = CARTESIAN_POINT('',(240.,50.,95.));
#393 = LINE('',#394,#395);
#394 = CARTESIAN_POINT('',(-240.,50.,95.));
#395 = VECTOR('',#396,1.);
#396 = DIRECTION('',(1.,0.,0.));
#397 = ORIENTED_EDGE('',*,*,#398,.F.);
#398 = EDGE_CURVE('',#382,#391,#399,.T.);
#399 = LINE('',#400,#401);
#400 = CARTESIAN_POINT('',(240.,50.,70.));
#401 = VECTOR('',#402,1.);
#402 = DIRECTION('',(0.,0.,1.));
#403 = PLANE('',#404);
#404 = AXIS2_PLACEMENT_3D('',#405,#406,#407);
#405 = CARTESIAN_POINT('',(-240.,50.,70.));
#406 = DIRECTION('',(0.,1.,0.));
#407 = DIRECTION('',(0.,0.,1.));
#408 = ADVANCED_FACE('',(#409),#427,.T.);
#409 = FACE_BOUND('',#410,.T.);
#410 = EDGE_LOOP('',(#411,#412,#413,#421));
#411 = ORIENTED_EDGE('',*,*,#333,.F.);
#412 = ORIENTED_EDGE('',*,*,#390,.T.);
#413 = ORIENTED_EDGE('',*,*,#414,.T.);
#414 = EDGE_CURVE('',#391,#415,#417,.T.);
#415 = VERTEX_POINT('',#416);
#416 = CARTESIAN_POINT('',(240.,70.,95.));
#417 = LINE('',#418,#419);
#418 = CARTESIAN_POINT('',(240.,50.,95.));
#419 = VECTOR('',#420,1.);
#420 = DIRECTION('',(0.,1.,0.));
#421 = ORIENTED_EDGE('',*,*,#422,.F.);
#422 = EDGE_CURVE('',#326,#415,#423,.T.);
#423 = LINE('',#424,#425);
#424 = CARTESIAN_POINT('',(-240.,70.,95.));
#425 = VECTOR('',#426,1.);
#426 = DIRECTION('',(1.,0.,0.));
#427 = PLANE('',#428);
#428 = AXIS2_PLACEMENT_3D('',#429,#430,#431);
#429 = CARTESIAN_POINT('',(-240.,50.,95.));
#430 = DIRECTION('',(0.,0.,1.));
#431 = DIRECTION('',(1.,0.,0.));
#432 = ADVANCED_FACE('',(#433),#451,.F.);
#433 = FACE_BOUND('',#434,.F.);
#434 = EDGE_LOOP('',(#435,#436,#437,#445));
#435 = ORIENTED_EDGE('',*,*,#317,.F.);
#436 = ORIENTED_EDGE('',*,*,#381,.T.);
#437 = ORIENTED_EDGE('',*,*,#438,.T.);
#438 = EDGE_CURVE('',#382,#439,#441,.T.);
#439 = VERTEX_POINT('',#440);
#440 = CARTESIAN_POINT('',(240.,70.,70.));
#441 = LINE('',#442,#443);
#442 = CARTESIAN_POINT('',(240.,50.,70.));
#443 = VECTOR('',#444,1.);
#444 = DIRECTION('',(0.,1.,0.));
#445 = ORIENTED_EDGE('',*,*,#446,.F.);
#446 = EDGE_CURVE('',#318,#439,#447,.T.);
#447 = LINE('',#448,#449);
#448 = CARTESIAN_POINT('',(-240.,70.,70.));
#449 = VECTOR('',#450,1.);
#450 = DIRECTION('',(1.,0.,0.));
#451 = PLANE('',#452);
#452 = AXIS2_PLACEMENT_3D('',#453,#454,#455);
#453 = CARTESIAN_POINT('',(-240.,50.,70.));
#454 = DIRECTION('',(0.,0.,1.));
#455 = DIRECTION('',(1.,0.,0.));
#456 = ADVANCED_FACE('',(#457),#468,.T.);
#457 = FACE_BOUND('',#458,.T.);
#458 = EDGE_LOOP('',(#459,#460,#461,#462));
#459 = ORIENTED_EDGE('',*,*,#446,.F.);
#460 = ORIENTED_EDGE('',*,*,#325,.T.);
#461 = ORIENTED_EDGE('',*,*,#422,.T.);
#462 = ORIENTED_EDGE('',*,*,#463,.F.);
#463 = EDGE_CURVE('',#439,#415,#464,.T.);
#464 = LINE('',#465,#466);
#465 = CARTESIAN_POINT('',(240.,70.,70.));
#466 = VECTOR('',#467,1.);
#467 = DIRECTION('',(0.,0.,1.));
#468 = PLANE('',#469);
#469 = AXIS2_PLACEMENT_3D('',#470,#471,#472);
#470 = CARTESIAN_POINT('',(-240.,70.,70.));
#471 = DIRECTION('',(0.,1.,0.));
#472 = DIRECTION('',(0.,0.,1.));
#473 = ADVANCED_FACE('',(#474),#499,.T.);
#474 = FACE_BOUND('',#475,.T.);
#475 = EDGE_LOOP('',(#476,#484,#485,#493));
#476 = ORIENTED_EDGE('',*,*,#477,.F.);
#477 = EDGE_CURVE('',#342,#478,#480,.T.);
#478 = VERTEX_POINT('',#479);
#479 = CARTESIAN_POINT('',(240.,68.,72.));
#480 = LINE('',#481,#482);
#481 = CARTESIAN_POINT('',(-241.,68.,72.));
#482 = VECTOR('',#483,1.);
#483 = DIRECTION('',(1.,0.,0.));
#484 = ORIENTED_EDGE('',*,*,#341,.T.);
#485 = ORIENTED_EDGE('',*,*,#486,.T.);
#486 = EDGE_CURVE('',#344,#487,#489,.T.);
#487 = VERTEX_POINT('',#488);
#488 = CARTESIAN_POINT('',(240.,52.,72.));
#489 = LINE('',#490,#491);
#490 = CARTESIAN_POINT('',(-241.,52.,72.));
#491 = VECTOR('',#492,1.);
#492 = DIRECTION('',(1.,0.,0.));
#493 = ORIENTED_EDGE('',*,*,#494,.F.);
#494 = EDGE_CURVE('',#478,#487,#495,.T.);
#495 = LINE('',#496,#497);
#496 = CARTESIAN_POINT('',(240.,51.,72.));
#497 = VECTOR('',#498,1.);
#498 = DIRECTION('',(0.,-1.,0.));
#499 = PLANE('',#500);
#500 = AXIS2_PLACEMENT_3D('',#501,#502,#503);
#501 = CARTESIAN_POINT('',(-241.,52.,72.));
#502 = DIRECTION('',(0.,0.,1.));
#503 = DIRECTION('',(1.,0.,0.));
#504 = ADVANCED_FACE('',(#505),#523,.F.);
#505 = FACE_BOUND('',#506,.F.);
#506 = EDGE_LOOP('',(#507,#508,#509,#517));
#507 = ORIENTED_EDGE('',*,*,#477,.F.);
#508 = ORIENTED_EDGE('',*,*,#367,.T.);
#509 = ORIENTED_EDGE('',*,*,#510,.T.);
#510 = EDGE_CURVE('',#360,#511,#513,.T.);
#511 = VERTEX_POINT('',#512);
#512 = CARTESIAN_POINT('',(240.,68.,93.));
#513 = LINE('',#514,#515);
#514 = CARTESIAN_POINT('',(-241.,68.,93.));
#515 = VECTOR('',#516,1.);
#516 = DIRECTION('',(1.,0.,0.));
#517 = ORIENTED_EDGE('',*,*,#518,.F.);
#518 = EDGE_CURVE('',#478,#511,#519,.T.);
#519 = LINE('',#520,#521);
#520 = CARTESIAN_POINT('',(240.,68.,71.));
#521 = VECTOR('',#522,1.);
#522 = DIRECTION('',(0.,0.,1.));
#523 = PLANE('',#524);
#524 = AXIS2_PLACEMENT_3D('',#525,#526,#527);
#525 = CARTESIAN_POINT('',(-241.,68.,72.));
#526 = DIRECTION('',(0.,1.,0.));
#527 = DIRECTION('',(0.,0.,1.));
#528 = ADVANCED_FACE('',(#529),#547,.F.);
#529 = FACE_BOUND('',#530,.F.);
#530 = EDGE_LOOP('',(#531,#532,#533,#541));
#531 = ORIENTED_EDGE('',*,*,#510,.F.);
#532 = ORIENTED_EDGE('',*,*,#359,.T.);
#533 = ORIENTED_EDGE('',*,*,#534,.T.);
#534 = EDGE_CURVE('',#352,#535,#537,.T.);
#535 = VERTEX_POINT('',#536);
#536 = CARTESIAN_POINT('',(240.,52.,93.));
#537 = LINE('',#538,#539);
#538 = CARTESIAN_POINT('',(-241.,52.,93.));
#539 = VECTOR('',#540,1.);
#540 = DIRECTION('',(1.,0.,0.));
#541 = ORIENTED_EDGE('',*,*,#542,.F.);
#542 = EDGE_CURVE('',#511,#535,#543,.T.);
#543 = LINE('',#544,#545);
#544 = CARTESIAN_POINT('',(240.,51.,93.));
#545 = VECTOR('',#546,1.);
#546 = DIRECTION('',(0.,-1.,0.));
#547 = PLANE('',#548);
#548 = AXIS2_PLACEMENT_3D('',#549,#550,#551);
#549 = CARTESIAN_POINT('',(-241.,52.,93.));
#550 = DIRECTION('',(0.,0.,1.));
#551 = DIRECTION('',(1.,0.,0.));
#552 = ADVANCED_FACE('',(#553),#564,.T.);
#553 = FACE_BOUND('',#554,.T.);
#554 = EDGE_LOOP('',(#555,#556,#557,#558));
#555 = ORIENTED_EDGE('',*,*,#486,.F.);
#556 = ORIENTED_EDGE('',*,*,#351,.T.);
#557 = ORIENTED_EDGE('',*,*,#534,.T.);
#558 = ORIENTED_EDGE('',*,*,#559,.F.);
#559 = EDGE_CURVE('',#487,#535,#560,.T.);
#560 = LINE('',#561,#562);
#561 = CARTESIAN_POINT('',(240.,52.,71.));
#562 = VECTOR('',#563,1.);
#563 = DIRECTION('',(0.,0.,1.));
#564 = PLANE('',#565);
#565 = AXIS2_PLACEMENT_3D('',#566,#567,#568);
#566 = CARTESIAN_POINT('',(-241.,52.,72.));
#567 = DIRECTION('',(0.,1.,0.));
#568 = DIRECTION('',(0.,0.,1.));
#569 = ADVANCED_FACE('',(#570,#576),#582,.T.);
#570 = FACE_BOUND('',#571,.T.);
#571 = EDGE_LOOP('',(#572,#573,#574,#575));
#572 = ORIENTED_EDGE('',*,*,#398,.F.);
#573 = ORIENTED_EDGE('',*,*,#438,.T.);
#574 = ORIENTED_EDGE('',*,*,#463,.T.);
#575 = ORIENTED_EDGE('',*,*,#414,.F.);
#576 = FACE_BOUND('',#577,.T.);
#577 = EDGE_LOOP('',(#578,#579,#580,#581));
#578 = ORIENTED_EDGE('',*,*,#494,.T.);
#579 = ORIENTED_EDGE('',*,*,#559,.T.);
#580 = ORIENTED_EDGE('',*,*,#542,.F.);
#581 = ORIENTED_EDGE('',*,*,#518,.F.);
#582 = PLANE('',#583);
#583 = AXIS2_PLACEMENT_3D('',#584,#585,#586);
#584 = CARTESIAN_POINT('',(240.,50.,70.));
#585 = DIRECTION('',(1.,0.,0.));
#586 = DIRECTION('',(0.,0.,1.));
#587 = MANIFOLD_SOLID_BREP('',#588);
#588 = CLOSED_SHELL('',(#589,#629,#669,#691,#713,#725));
#589 = ADVANCED_FACE('',(#590),#624,.F.);
#590 = FACE_BOUND('',#591,.F.);
#591 = EDGE_LOOP('',(#592,#602,#610,#618));
#592 = ORIENTED_EDGE('',*,*,#593,.F.);
#593 = EDGE_CURVE('',#594,#596,#598,.T.);
#594 = VERTEX_POINT('',#595);
#595 = CARTESIAN_POINT('',(-210.,-90.,75.));
#596 = VERTEX_POINT('',#597);
#597 = CARTESIAN_POINT('',(-210.,-90.,95.));
#598 = LINE('',#599,#600);
#599 = CARTESIAN_POINT('',(-210.,-90.,75.));
#600 = VECTOR('',#601,1.);
#601 = DIRECTION('',(0.,0.,1.));
#602 = ORIENTED_EDGE('',*,*,#603,.T.);
#603 = EDGE_CURVE('',#594,#604,#606,.T.);
#604 = VERTEX_POINT('',#605);
#605 = CARTESIAN_POINT('',(-210.,90.,75.));
#606 = LINE('',#607,#608);
#607 = CARTESIAN_POINT('',(-210.,-90.,75.));
#608 = VECTOR('',#609,1.);
#609 = DIRECTION('',(0.,1.,0.));
#610 = ORIENTED_EDGE('',*,*,#611,.T.);
#611 = EDGE_CURVE('',#604,#612,#614,.T.);
#612 = VERTEX_POINT('',#613);
#613 = CARTESIAN_POINT('',(-210.,90.,95.));
#614 = LINE('',#615,#616);
#615 = CARTESIAN_POINT('',(-210.,90.,75.));
#616 = VECTOR('',#617,1.);
#617 = DIRECTION('',(0.,0.,1.));
#618 = ORIENTED_EDGE('',*,*,#619,.F.);
#619 = EDGE_CURVE('',#596,#612,#620,.T.);
#620 = LINE('',#621,#622);
#621 = CARTESIAN_POINT('',(-210.,-90.,95.));
#622 = VECTOR('',#623,1.);
#623 = DIRECTION('',(0.,1.,0.));
#624 = PLANE('',#625);
#625 = AXIS2_PLACEMENT_3D('',#626,#627,#628);
#626 = CARTESIAN_POINT('',(-210.,-90.,75.));
#627 = DIRECTION('',(1.,0.,0.));
#628 = DIRECTION('',(0.,0.,1.));
#629 = ADVANCED_FACE('',(#630),#664,.T.);
#630 = FACE_BOUND('',#631,.T.);
#631 = EDGE_LOOP('',(#632,#642,#650,#658));
#632 = ORIENTED_EDGE('',*,*,#633,.F.);
#633 = EDGE_CURVE('',#634,#636,#638,.T.);
#634 = VERTEX_POINT('',#635);
#635 = CARTESIAN_POINT('',(-190.,-90.,75.));
#636 = VERTEX_POINT('',#637);
#637 = CARTESIAN_POINT('',(-190.,-90.,95.));
#638 = LINE('',#639,#640);
#639 = CARTESIAN_POINT('',(-190.,-90.,75.));
#640 = VECTOR('',#641,1.);
#641 = DIRECTION('',(0.,0.,1.));
#642 = ORIENTED_EDGE('',*,*,#643,.T.);
#643 = EDGE_CURVE('',#634,#644,#646,.T.);
#644 = VERTEX_POINT('',#645);
#645 = CARTESIAN_POINT('',(-190.,90.,75.));
#646 = LINE('',#647,#648);
#647 = CARTESIAN_POINT('',(-190.,-90.,75.));
#648 = VECTOR('',#649,1.);
#649 = DIRECTION('',(0.,1.,0.));
#650 = ORIENTED_EDGE('',*,*,#651,.T.);
#651 = EDGE_CURVE('',#644,#652,#654,.T.);
#652 = VERTEX_POINT('',#653);
#653 = CARTESIAN_POINT('',(-190.,90.,95.));
#654 = LINE('',#655,#656);
#655 = CARTESIAN_POINT('',(-190.,90.,75.));
#656 = VECTOR('',#657,1.);
#657 = DIRECTION('',(0.,0.,1.));
#658 = ORIENTED_EDGE('',*,*,#659,.F.);
#659 = EDGE_CURVE('',#636,#652,#660,.T.);
#660 = LINE('',#661,#662);
#661 = CARTESIAN_POINT('',(-190.,-90.,95.));
#662 = VECTOR('',#663,1.);
#663 = DIRECTION('',(0.,1.,0.));
#664 = PLANE('',#665);
#665 = AXIS2_PLACEMENT_3D('',#666,#667,#668);
#666 = CARTESIAN_POINT('',(-190.,-90.,75.));
#667 = DIRECTION('',(1.,0.,0.));
#668 = DIRECTION('',(0.,0.,1.));
#669 = ADVANCED_FACE('',(#670),#686,.F.);
#670 = FACE_BOUND('',#671,.F.);
#671 = EDGE_LOOP('',(#672,#678,#679,#685));
#672 = ORIENTED_EDGE('',*,*,#673,.F.);
#673 = EDGE_CURVE('',#594,#634,#674,.T.);
#674 = LINE('',#675,#676);
#675 = CARTESIAN_POINT('',(-210.,-90.,75.));
#676 = VECTOR('',#677,1.);
#677 = DIRECTION('',(1.,0.,0.));
#678 = ORIENTED_EDGE('',*,*,#593,.T.);
#679 = ORIENTED_EDGE('',*,*,#680,.T.);
#680 = EDGE_CURVE('',#596,#636,#681,.T.);
#681 = LINE('',#682,#683);
#682 = CARTESIAN_POINT('',(-210.,-90.,95.));
#683 = VECTOR('',#684,1.);
#684 = DIRECTION('',(1.,0.,0.));
#685 = ORIENTED_EDGE('',*,*,#633,.F.);
#686 = PLANE('',#687);
#687 = AXIS2_PLACEMENT_3D('',#688,#689,#690);
#688 = CARTESIAN_POINT('',(-210.,-90.,75.));
#689 = DIRECTION('',(0.,1.,0.));
#690 = DIRECTION('',(0.,0.,1.));
#691 = ADVANCED_FACE('',(#692),#708,.T.);
#692 = FACE_BOUND('',#693,.T.);
#693 = EDGE_LOOP('',(#694,#700,#701,#707));
#694 = ORIENTED_EDGE('',*,*,#695,.F.);
#695 = EDGE_CURVE('',#604,#644,#696,.T.);
#696 = LINE('',#697,#698);
#697 = CARTESIAN_POINT('',(-210.,90.,75.));
#698 = VECTOR('',#699,1.);
#699 = DIRECTION('',(1.,0.,0.));
#700 = ORIENTED_EDGE('',*,*,#611,.T.);
#701 = ORIENTED_EDGE('',*,*,#702,.T.);
#702 = EDGE_CURVE('',#612,#652,#703,.T.);
#703 = LINE('',#704,#705);
#704 = CARTESIAN_POINT('',(-210.,90.,95.));
#705 = VECTOR('',#706,1.);
#706 = DIRECTION('',(1.,0.,0.));
#707 = ORIENTED_EDGE('',*,*,#651,.F.);
#708 = PLANE('',#709);
#709 = AXIS2_PLACEMENT_3D('',#710,#711,#712);
#710 = CARTESIAN_POINT('',(-210.,90.,75.));
#711 = DIRECTION('',(0.,1.,0.));
#712 = DIRECTION('',(0.,0.,1.));
#713 = ADVANCED_FACE('',(#714),#720,.F.);
#714 = FACE_BOUND('',#715,.F.);
#715 = EDGE_LOOP('',(#716,#717,#718,#719));
#716 = ORIENTED_EDGE('',*,*,#603,.F.);
#717 = ORIENTED_EDGE('',*,*,#673,.T.);
#718 = ORIENTED_EDGE('',*,*,#643,.T.);
#719 = ORIENTED_EDGE('',*,*,#695,.F.);
#720 = PLANE('',#721);
#721 = AXIS2_PLACEMENT_3D('',#722,#723,#724);
#722 = CARTESIAN_POINT('',(-210.,-90.,75.));
#723 = DIRECTION('',(0.,0.,1.));
#724 = DIRECTION('',(1.,0.,0.));
#725 = ADVANCED_FACE('',(#726),#732,.T.);
#726 = FACE_BOUND('',#727,.T.);
#727 = EDGE_LOOP('',(#728,#729,#730,#731));
#728 = ORIENTED_EDGE('',*,*,#619,.F.);
#729 = ORIENTED_EDGE('',*,*,#680,.T.);
#730 = ORIENTED_EDGE('',*,*,#659,.T.);
#731 = ORIENTED_EDGE('',*,*,#702,.F.);
#732 = PLANE('',#733);
#733 = AXIS2_PLACEMENT_3D('',#734,#735,#736);
#734 = CARTESIAN_POINT('',(-210.,-90.,95.));
#735 = DIRECTION('',(0.,0.,1.));
#736 = DIRECTION('',(1.,0.,0.));
#737 = MANIFOLD_SOLID_BREP('',#738);
#738 = CLOSED_SHELL('',(#739,#779,#819,#841,#863,#875));
#739 = ADVANCED_FACE('',(#740),#774,.F.);
#740 = FACE_BOUND('',#741,.F.);
#741 = EDGE_LOOP('',(#742,#752,#760,#768));
#742 = ORIENTED_EDGE('',*,*,#743,.F.);
#743 = EDGE_CURVE('',#744,#746,#748,.T.);
#744 = VERTEX_POINT('',#745);
#745 = CARTESIAN_POINT('',(-115.,-90.,75.));
#746 = VERTEX_POINT('',#747);
#747 = CARTESIAN_POINT('',(-115.,-90.,95.));
#748 = LINE('',#749,#750);
#749 = CARTESIAN_POINT('',(-115.,-90.,75.));
#750 = VECTOR('',#751,1.);
#751 = DIRECTION('',(0.,0.,1.));
#752 = ORIENTED_EDGE('',*,*,#753,.T.);
#753 = EDGE_CURVE('',#744,#754,#756,.T.);
#754 = VERTEX_POINT('',#755);
#755 = CARTESIAN_POINT('',(-115.,90.,75.));
#756 = LINE('',#757,#758);
#757 = CARTESIAN_POINT('',(-115.,-90.,75.));
#758 = VECTOR('',#759,1.);
#759 = DIRECTION('',(0.,1.,0.));
#760 = ORIENTED_EDGE('',*,*,#761,.T.);
#761 = EDGE_CURVE('',#754,#762,#764,.T.);
#762 = VERTEX_POINT('',#763);
#763 = CARTESIAN_POINT('',(-115.,90.,95.));
#764 = LINE('',#765,#766);
#765 = CARTESIAN_POINT('',(-115.,90.,75.));
#766 = VECTOR('',#767,1.);
#767 = DIRECTION('',(0.,0.,1.));
#768 = ORIENTED_EDGE('',*,*,#769,.F.);
#769 = EDGE_CURVE('',#746,#762,#770,.T.);
#770 = LINE('',#771,#772);
#771 = CARTESIAN_POINT('',(-115.,-90.,95.));
#772 = VECTOR('',#773,1.);
#773 = DIRECTION('',(0.,1.,0.));
#774 = PLANE('',#775);
#775 = AXIS2_PLACEMENT_3D('',#776,#777,#778);
#776 = CARTESIAN_POINT('',(-115.,-90.,75.));
#777 = DIRECTION('',(1.,0.,0.));
#778 = DIRECTION('',(0.,0.,1.));
#779 = ADVANCED_FACE('',(#780),#814,.T.);
#780 = FACE_BOUND('',#781,.T.);
#781 = EDGE_LOOP('',(#782,#792,#800,#808));
#782 = ORIENTED_EDGE('',*,*,#783,.F.);
#783 = EDGE_CURVE('',#784,#786,#788,.T.);
#784 = VERTEX_POINT('',#785);
#785 = CARTESIAN_POINT('',(-95.,-90.,75.));
#786 = VERTEX_POINT('',#787);
#787 = CARTESIAN_POINT('',(-95.,-90.,95.));
#788 = LINE('',#789,#790);
#789 = CARTESIAN_POINT('',(-95.,-90.,75.));
#790 = VECTOR('',#791,1.);
#791 = DIRECTION('',(0.,0.,1.));
#792 = ORIENTED_EDGE('',*,*,#793,.T.);
#793 = EDGE_CURVE('',#784,#794,#796,.T.);
#794 = VERTEX_POINT('',#795);
#795 = CARTESIAN_POINT('',(-95.,90.,75.));
#796 = LINE('',#797,#798);
#797 = CARTESIAN_POINT('',(-95.,-90.,75.));
#798 = VECTOR('',#799,1.);
#799 = DIRECTION('',(0.,1.,0.));
#800 = ORIENTED_EDGE('',*,*,#801,.T.);
#801 = EDGE_CURVE('',#794,#802,#804,.T.);
#802 = VERTEX_POINT('',#803);
#803 = CARTESIAN_POINT('',(-95.,90.,95.));
#804 = LINE('',#805,#806);
#805 = CARTESIAN_POINT('',(-95.,90.,75.));
#806 = VECTOR('',#807,1.);
#807 = DIRECTION('',(0.,0.,1.));
#808 = ORIENTED_EDGE('',*,*,#809,.F.);
#809 = EDGE_CURVE('',#786,#802,#810,.T.);
#810 = LINE('',#811,#812);
#811 = CARTESIAN_POINT('',(-95.,-90.,95.));
#812 = VECTOR('',#813,1.);
#813 = DIRECTION('',(0.,1.,0.));
#814 = PLANE('',#815);
#815 = AXIS2_PLACEMENT_3D('',#816,#817,#818);
#816 = CARTESIAN_POINT('',(-95.,-90.,75.));
#817 = DIRECTION('',(1.,0.,0.));
#818 = DIRECTION('',(0.,0.,1.));
#819 = ADVANCED_FACE('',(#820),#836,.F.);
#820 = FACE_BOUND('',#821,.F.);
#821 = EDGE_LOOP('',(#822,#828,#829,#835));
#822 = ORIENTED_EDGE('',*,*,#823,.F.);
#823 = EDGE_CURVE('',#744,#784,#824,.T.);
#824 = LINE('',#825,#826);
#825 = CARTESIAN_POINT('',(-115.,-90.,75.));
#826 = VECTOR('',#827,1.);
#827 = DIRECTION('',(1.,0.,0.));
#828 = ORIENTED_EDGE('',*,*,#743,.T.);
#829 = ORIENTED_EDGE('',*,*,#830,.T.);
#830 = EDGE_CURVE('',#746,#786,#831,.T.);
#831 = LINE('',#832,#833);
#832 = CARTESIAN_POINT('',(-115.,-90.,95.));
#833 = VECTOR('',#834,1.);
#834 = DIRECTION('',(1.,0.,0.));
#835 = ORIENTED_EDGE('',*,*,#783,.F.);
#836 = PLANE('',#837);
#837 = AXIS2_PLACEMENT_3D('',#838,#839,#840);
#838 = CARTESIAN_POINT('',(-115.,-90.,75.));
#839 = DIRECTION('',(0.,1.,0.));
#840 = DIRECTION('',(0.,0.,1.));
#841 = ADVANCED_FACE('',(#842),#858,.T.);
#842 = FACE_BOUND('',#843,.T.);
#843 = EDGE_LOOP('',(#844,#850,#851,#857));
#844 = ORIENTED_EDGE('',*,*,#845,.F.);
#845 = EDGE_CURVE('',#754,#794,#846,.T.);
#846 = LINE('',#847,#848);
#847 = CARTESIAN_POINT('',(-115.,90.,75.));
#848 = VECTOR('',#849,1.);
#849 = DIRECTION('',(1.,0.,0.));
#850 = ORIENTED_EDGE('',*,*,#761,.T.);
#851 = ORIENTED_EDGE('',*,*,#852,.T.);
#852 = EDGE_CURVE('',#762,#802,#853,.T.);
#853 = LINE('',#854,#855);
#854 = CARTESIAN_POINT('',(-115.,90.,95.));
#855 = VECTOR('',#856,1.);
#856 = DIRECTION('',(1.,0.,0.));
#857 = ORIENTED_EDGE('',*,*,#801,.F.);
#858 = PLANE('',#859);
#859 = AXIS2_PLACEMENT_3D('',#860,#861,#862);
#860 = CARTESIAN_POINT('',(-115.,90.,75.));
#861 = DIRECTION('',(0.,1.,0.));
#862 = DIRECTION('',(0.,0.,1.));
#863 = ADVANCED_FACE('',(#864),#870,.F.);
#864 = FACE_BOUND('',#865,.F.);
#865 = EDGE_LOOP('',(#866,#867,#868,#869));
#866 = ORIENTED_EDGE('',*,*,#753,.F.);
#867 = ORIENTED_EDGE('',*,*,#823,.T.);
#868 = ORIENTED_EDGE('',*,*,#793,.T.);
#869 = ORIENTED_EDGE('',*,*,#845,.F.);
#870 = PLANE('',#871);
#871 = AXIS2_PLACEMENT_3D('',#872,#873,#874);
#872 = CARTESIAN_POINT('',(-115.,-90.,75.));
#873 = DIRECTION('',(0.,0.,1.));
#874 = DIRECTION('',(1.,0.,0.));
#875 = ADVANCED_FACE('',(#876),#882,.T.);
#876 = FACE_BOUND('',#877,.T.);
#877 = EDGE_LOOP('',(#878,#879,#880,#881));
#878 = ORIENTED_EDGE('',*,*,#769,.F.);
#879 = ORIENTED_EDGE('',*,*,#830,.T.);
#880 = ORIENTED_EDGE('',*,*,#809,.T.);
#881 = ORIENTED_EDGE('',*,*,#852,.F.);
#882 = PLANE('',#883);
#883 = AXIS2_PLACEMENT_3D('',#884,#885,#886);
#884 = CARTESIAN_POINT('',(-115.,-90.,95.));
#885 = DIRECTION('',(0.,0.,1.));
#886 = DIRECTION('',(1.,0.,0.));
#887 = MANIFOLD_SOLID_BREP('',#888);
#888 = CLOSED_SHELL('',(#889,#929,#969,#991,#1013,#1025));
#889 = ADVANCED_FACE('',(#890),#924,.F.);
#890 = FACE_BOUND('',#891,.F.);
#891 = EDGE_LOOP('',(#892,#902,#910,#918));
#892 = ORIENTED_EDGE('',*,*,#893,.F.);
#893 = EDGE_CURVE('',#894,#896,#898,.T.);
#894 = VERTEX_POINT('',#895);
#895 = CARTESIAN_POINT('',(95.,-90.,75.));
#896 = VERTEX_POINT('',#897);
#897 = CARTESIAN_POINT('',(95.,-90.,95.));
#898 = LINE('',#899,#900);
#899 = CARTESIAN_POINT('',(95.,-90.,75.));
#900 = VECTOR('',#901,1.);
#901 = DIRECTION('',(0.,0.,1.));
#902 = ORIENTED_EDGE('',*,*,#903,.T.);
#903 = EDGE_CURVE('',#894,#904,#906,.T.);
#904 = VERTEX_POINT('',#905);
#905 = CARTESIAN_POINT('',(95.,90.,75.));
#906 = LINE('',#907,#908);
#907 = CARTESIAN_POINT('',(95.,-90.,75.));
#908 = VECTOR('',#909,1.);
#909 = DIRECTION('',(0.,1.,0.));
#910 = ORIENTED_EDGE('',*,*,#911,.T.);
#911 = EDGE_CURVE('',#904,#912,#914,.T.);
#912 = VERTEX_POINT('',#913);
#913 = CARTESIAN_POINT('',(95.,90.,95.));
#914 = LINE('',#915,#916);
#915 = CARTESIAN_POINT('',(95.,90.,75.));
#916 = VECTOR('',#917,1.);
#917 = DIRECTION('',(0.,0.,1.));
#918 = ORIENTED_EDGE('',*,*,#919,.F.);
#919 = EDGE_CURVE('',#896,#912,#920,.T.);
#920 = LINE('',#921,#922);
#921 = CARTESIAN_POINT('',(95.,-90.,95.));
#922 = VECTOR('',#923,1.);
#923 = DIRECTION('',(0.,1.,0.));
#924 = PLANE('',#925);
#925 = AXIS2_PLACEMENT_3D('',#926,#927,#928);
#926 = CARTESIAN_POINT('',(95.,-90.,75.));
#927 = DIRECTION('',(1.,0.,0.));
#928 = DIRECTION('',(0.,0.,1.));
#929 = ADVANCED_FACE('',(#930),#964,.T.);
#930 = FACE_BOUND('',#931,.T.);
#931 = EDGE_LOOP('',(#932,#942,#950,#958));
#932 = ORIENTED_EDGE('',*,*,#933,.F.);
#933 = EDGE_CURVE('',#934,#936,#938,.T.);
#934 = VERTEX_POINT('',#935);
#935 = CARTESIAN_POINT('',(115.,-90.,75.));
#936 = VERTEX_POINT('',#937);
#937 = CARTESIAN_POINT('',(115.,-90.,95.));
#938 = LINE('',#939,#940);
#939 = CARTESIAN_POINT('',(115.,-90.,75.));
#940 = VECTOR('',#941,1.);
#941 = DIRECTION('',(0.,0.,1.));
#942 = ORIENTED_EDGE('',*,*,#943,.T.);
#943 = EDGE_CURVE('',#934,#944,#946,.T.);
#944 = VERTEX_POINT('',#945);
#945 = CARTESIAN_POINT('',(115.,90.,75.));
#946 = LINE('',#947,#948);
#947 = CARTESIAN_POINT('',(115.,-90.,75.));
#948 = VECTOR('',#949,1.);
#949 = DIRECTION('',(0.,1.,0.));
#950 = ORIENTED_EDGE('',*,*,#951,.T.);
#951 = EDGE_CURVE('',#944,#952,#954,.T.);
#952 = VERTEX_POINT('',#953);
#953 = CARTESIAN_POINT('',(115.,90.,95.));
#954 = LINE('',#955,#956);
#955 = CARTESIAN_POINT('',(115.,90.,75.));
#956 = VECTOR('',#957,1.);
#957 = DIRECTION('',(0.,0.,1.));
#958 = ORIENTED_EDGE('',*,*,#959,.F.);
#959 = EDGE_CURVE('',#936,#952,#960,.T.);
#960 = LINE('',#961,#962);
#961 = CARTESIAN_POINT('',(115.,-90.,95.));
#962 = VECTOR('',#963,1.);
#963 = DIRECTION('',(0.,1.,0.));
#964 = PLANE('',#965);
#965 = AXIS2_PLACEMENT_3D('',#966,#967,#968);
#966 = CARTESIAN_POINT('',(115.,-90.,75.));
#967 = DIRECTION('',(1.,0.,0.));
#968 = DIRECTION('',(0.,0.,1.));
#969 = ADVANCED_FACE('',(#970),#986,.F.);
#970 = FACE_BOUND('',#971,.F.);
#971 = EDGE_LOOP('',(#972,#978,#979,#985));
#972 = ORIENTED_EDGE('',*,*,#973,.F.);
#973 = EDGE_CURVE('',#894,#934,#974,.T.);
#974 = LINE('',#975,#976);
#975 = CARTESIAN_POINT('',(95.,-90.,75.));
#976 = VECTOR('',#977,1.);
#977 = DIRECTION('',(1.,0.,0.));
#978 = ORIENTED_EDGE('',*,*,#893,.T.);
#979 = ORIENTED_EDGE('',*,*,#980,.T.);
#980 = EDGE_CURVE('',#896,#936,#981,.T.);
#981 = LINE('',#982,#983);
#982 = CARTESIAN_POINT('',(95.,-90.,95.));
#983 = VECTOR('',#984,1.);
#984 = DIRECTION('',(1.,0.,0.));
#985 = ORIENTED_EDGE('',*,*,#933,.F.);
#986 = PLANE('',#987);
#987 = AXIS2_PLACEMENT_3D('',#988,#989,#990);
#988 = CARTESIAN_POINT('',(95.,-90.,75.));
#989 = DIRECTION('',(0.,1.,0.));
#990 = DIRECTION('',(0.,0.,1.));
#991 = ADVANCED_FACE('',(#992),#1008,.T.);
#992 = FACE_BOUND('',#993,.T.);
#993 = EDGE_LOOP('',(#994,#1000,#1001,#1007));
#994 = ORIENTED_EDGE('',*,*,#995,.F.);
#995 = EDGE_CURVE('',#904,#944,#996,.T.);
#996 = LINE('',#997,#998);
#997 = CARTESIAN_POINT('',(95.,90.,75.));
#998 = VECTOR('',#999,1.);
#999 = DIRECTION('',(1.,0.,0.));
#1000 = ORIENTED_EDGE('',*,*,#911,.T.);
#1001 = ORIENTED_EDGE('',*,*,#1002,.T.);
#1002 = EDGE_CURVE('',#912,#952,#1003,.T.);
#1003 = LINE('',#1004,#1005);
#1004 = CARTESIAN_POINT('',(95.,90.,95.));
#1005 = VECTOR('',#1006,1.);
#1006 = DIRECTION('',(1.,0.,0.));
#1007 = ORIENTED_EDGE('',*,*,#951,.F.);
#1008 = PLANE('',#1009);
#1009 = AXIS2_PLACEMENT_3D('',#1010,#1011,#1012);
#1010 = CARTESIAN_POINT('',(95.,90.,75.));
#1011 = DIRECTION('',(0.,1.,0.));
#1012 = DIRECTION('',(0.,0.,1.));
#1013 = ADVANCED_FACE('',(#1014),#1020,.F.);
#1014 = FACE_BOUND('',#1015,.F.);
#1015 = EDGE_LOOP('',(#1016,#1017,#1018,#1019));
#1016 = ORIENTED_EDGE('',*,*,#903,.F.);
#1017 = ORIENTED_EDGE('',*,*,#973,.T.);
#1018 = ORIENTED_EDGE('',*,*,#943,.T.);
#1019 = ORIENTED_EDGE('',*,*,#995,.F.);
#1020 = PLANE('',#1021);
#1021 = AXIS2_PLACEMENT_3D('',#1022,#1023,#1024);
#1022 = CARTESIAN_POINT('',(95.,-90.,75.));
#1023 = DIRECTION('',(0.,0.,1.));
#1024 = DIRECTION('',(1.,0.,0.));
#1025 = ADVANCED_FACE('',(#1026),#1032,.T.);
#1026 = FACE_BOUND('',#1027,.T.);
#1027 = EDGE_LOOP('',(#1028,#1029,#1030,#1031));
#1028 = ORIENTED_EDGE('',*,*,#919,.F.);
#1029 = ORIENTED_EDGE('',*,*,#980,.T.);
#1030 = ORIENTED_EDGE('',*,*,#959,.T.);
#1031 = ORIENTED_EDGE('',*,*,#1002,.F.);
#1032 = PLANE('',#1033);
#1033 = AXIS2_PLACEMENT_3D('',#1034,#1035,#1036);
#1034 = CARTESIAN_POINT('',(95.,-90.,95.));
#1035 = DIRECTION('',(0.,0.,1.));
#1036 = DIRECTION('',(1.,0.,0.));
#1037 = MANIFOLD_SOLID_BREP('',#1038);
#1038 = CLOSED_SHELL('',(#1039,#1079,#1119,#1141,#1163,#1175));
#1039 = ADVANCED_FACE('',(#1040),#1074,.F.);
#1040 = FACE_BOUND('',#1041,.F.);
#1041 = EDGE_LOOP('',(#1042,#1052,#1060,#1068));
#1042 = ORIENTED_EDGE('',*,*,#1043,.F.);
#1043 = EDGE_CURVE('',#1044,#1046,#1048,.T.);
#1044 = VERTEX_POINT('',#1045);
#1045 = CARTESIAN_POINT('',(190.,-90.,75.));
#1046 = VERTEX_POINT('',#1047);
#1047 = CARTESIAN_POINT('',(190.,-90.,95.));
#1048 = LINE('',#1049,#1050);
#1049 = CARTESIAN_POINT('',(190.,-90.,75.));
#1050 = VECTOR('',#1051,1.);
#1051 = DIRECTION('',(0.,0.,1.));
#1052 = ORIENTED_EDGE('',*,*,#1053,.T.);
#1053 = EDGE_CURVE('',#1044,#1054,#1056,.T.);
#1054 = VERTEX_POINT('',#1055);
#1055 = CARTESIAN_POINT('',(190.,90.,75.));
#1056 = LINE('',#1057,#1058);
#1057 = CARTESIAN_POINT('',(190.,-90.,75.));
#1058 = VECTOR('',#1059,1.);
#1059 = DIRECTION('',(0.,1.,0.));
#1060 = ORIENTED_EDGE('',*,*,#1061,.T.);
#1061 = EDGE_CURVE('',#1054,#1062,#1064,.T.);
#1062 = VERTEX_POINT('',#1063);
#1063 = CARTESIAN_POINT('',(190.,90.,95.));
#1064 = LINE('',#1065,#1066);
#1065 = CARTESIAN_POINT('',(190.,90.,75.));
#1066 = VECTOR('',#1067,1.);
#1067 = DIRECTION('',(0.,0.,1.));
#1068 = ORIENTED_EDGE('',*,*,#1069,.F.);
#1069 = EDGE_CURVE('',#1046,#1062,#1070,.T.);
#1070 = LINE('',#1071,#1072);
#1071 = CARTESIAN_POINT('',(190.,-90.,95.));
#1072 = VECTOR('',#1073,1.);
#1073 = DIRECTION('',(0.,1.,0.));
#1074 = PLANE('',#1075);
#1075 = AXIS2_PLACEMENT_3D('',#1076,#1077,#1078);
#1076 = CARTESIAN_POINT('',(190.,-90.,75.));
#1077 = DIRECTION('',(1.,0.,0.));
#1078 = DIRECTION('',(0.,0.,1.));
#1079 = ADVANCED_FACE('',(#1080),#1114,.T.);
#1080 = FACE_BOUND('',#1081,.T.);
#1081 = EDGE_LOOP('',(#1082,#1092,#1100,#1108));
#1082 = ORIENTED_EDGE('',*,*,#1083,.F.);
#1083 = EDGE_CURVE('',#1084,#1086,#1088,.T.);
#1084 = VERTEX_POINT('',#1085);
#1085 = CARTESIAN_POINT('',(210.,-90.,75.));
#1086 = VERTEX_POINT('',#1087);
#1087 = CARTESIAN_POINT('',(210.,-90.,95.));
#1088 = LINE('',#1089,#1090);
#1089 = CARTESIAN_POINT('',(210.,-90.,75.));
#1090 = VECTOR('',#1091,1.);
#1091 = DIRECTION('',(0.,0.,1.));
#1092 = ORIENTED_EDGE('',*,*,#1093,.T.);
#1093 = EDGE_CURVE('',#1084,#1094,#1096,.T.);
#1094 = VERTEX_POINT('',#1095);
#1095 = CARTESIAN_POINT('',(210.,90.,75.));
#1096 = LINE('',#1097,#1098);
#1097 = CARTESIAN_POINT('',(210.,-90.,75.));
#1098 = VECTOR('',#1099,1.);
#1099 = DIRECTION('',(0.,1.,0.));
#1100 = ORIENTED_EDGE('',*,*,#1101,.T.);
#1101 = EDGE_CURVE('',#1094,#1102,#1104,.T.);
#1102 = VERTEX_POINT('',#1103);
#1103 = CARTESIAN_POINT('',(210.,90.,95.));
#1104 = LINE('',#1105,#1106);
#1105 = CARTESIAN_POINT('',(210.,90.,75.));
#1106 = VECTOR('',#1107,1.);
#1107 = DIRECTION('',(0.,0.,1.));
#1108 = ORIENTED_EDGE('',*,*,#1109,.F.);
#1109 = EDGE_CURVE('',#1086,#1102,#1110,.T.);
#1110 = LINE('',#1111,#1112);
#1111 = CARTESIAN_POINT('',(210.,-90.,95.));
#1112 = VECTOR('',#1113,1.);
#1113 = DIRECTION('',(0.,1.,0.));
#1114 = PLANE('',#1115);
#1115 = AXIS2_PLACEMENT_3D('',#1116,#1117,#1118);
#1116 = CARTESIAN_POINT('',(210.,-90.,75.));
#1117 = DIRECTION('',(1.,0.,0.));
#1118 = DIRECTION('',(0.,0.,1.));
#1119 = ADVANCED_FACE('',(#1120),#1136,.F.);
#1120 = FACE_BOUND('',#1121,.F.);
#1121 = EDGE_LOOP('',(#1122,#1128,#1129,#1135));
#1122 = ORIENTED_EDGE('',*,*,#1123,.F.);
#1123 = EDGE_CURVE('',#1044,#1084,#1124,.T.);
#1124 = LINE('',#1125,#1126);
#1125 = CARTESIAN_POINT('',(190.,-90.,75.));
#1126 = VECTOR('',#1127,1.);
#1127 = DIRECTION('',(1.,0.,0.));
#1128 = ORIENTED_EDGE('',*,*,#1043,.T.);
#1129 = ORIENTED_EDGE('',*,*,#1130,.T.);
#1130 = EDGE_CURVE('',#1046,#1086,#1131,.T.);
#1131 = LINE('',#1132,#1133);
#1132 = CARTESIAN_POINT('',(190.,-90.,95.));
#1133 = VECTOR('',#1134,1.);
#1134 = DIRECTION('',(1.,0.,0.));
#1135 = ORIENTED_EDGE('',*,*,#1083,.F.);
#1136 = PLANE('',#1137);
#1137 = AXIS2_PLACEMENT_3D('',#1138,#1139,#1140);
#1138 = CARTESIAN_POINT('',(190.,-90.,75.));
#1139 = DIRECTION('',(0.,1.,0.));
#1140 = DIRECTION('',(0.,0.,1.));
#1141 = ADVANCED_FACE('',(#1142),#1158,.T.);
#1142 = FACE_BOUND('',#1143,.T.);
#1143 = EDGE_LOOP('',(#1144,#1150,#1151,#1157));
#1144 = ORIENTED_EDGE('',*,*,#1145,.F.);
#1145 = EDGE_CURVE('',#1054,#1094,#1146,.T.);
#1146 = LINE('',#1147,#1148);
#1147 = CARTESIAN_POINT('',(190.,90.,75.));
#1148 = VECTOR('',#1149,1.);
#1149 = DIRECTION('',(1.,0.,0.));
#1150 = ORIENTED_EDGE('',*,*,#1061,.T.);
#1151 = ORIENTED_EDGE('',*,*,#1152,.T.);
#1152 = EDGE_CURVE('',#1062,#1102,#1153,.T.);
#1153 = LINE('',#1154,#1155);
#1154 = CARTESIAN_POINT('',(190.,90.,95.));
#1155 = VECTOR('',#1156,1.);
#1156 = DIRECTION('',(1.,0.,0.));
#1157 = ORIENTED_EDGE('',*,*,#1101,.F.);
#1158 = PLANE('',#1159);
#1159 = AXIS2_PLACEMENT_3D('',#1160,#1161,#1162);
#1160 = CARTESIAN_POINT('',(190.,90.,75.));
#1161 = DIRECTION('',(0.,1.,0.));
#1162 = DIRECTION('',(0.,0.,1.));
#1163 = ADVANCED_FACE('',(#1164),#1170,.F.);
#1164 = FACE_BOUND('',#1165,.F.);
#1165 = EDGE_LOOP('',(#1166,#1167,#1168,#1169));
#1166 = ORIENTED_EDGE('',*,*,#1053,.F.);
#1167 = ORIENTED_EDGE('',*,*,#1123,.T.);
#1168 = ORIENTED_EDGE('',*,*,#1093,.T.);
#1169 = ORIENTED_EDGE('',*,*,#1145,.F.);
#1170 = PLANE('',#1171);
#1171 = AXIS2_PLACEMENT_3D('',#1172,#1173,#1174);
#1172 = CARTESIAN_POINT('',(190.,-90.,75.));
#1173 = DIRECTION('',(0.,0.,1.));
#1174 = DIRECTION('',(1.,0.,0.));
#1175 = ADVANCED_FACE('',(#1176),#1182,.T.);
#1176 = FACE_BOUND('',#1177,.T.);
#1177 = EDGE_LOOP('',(#1178,#1179,#1180,#1181));
#1178 = ORIENTED_EDGE('',*,*,#1069,.F.);
#1179 = ORIENTED_EDGE('',*,*,#1130,.T.);
#1180 = ORIENTED_EDGE('',*,*,#1109,.T.);
#1181 = ORIENTED_EDGE('',*,*,#1152,.F.);
#1182 = PLANE('',#1183);
#1183 = AXIS2_PLACEMENT_3D('',#1184,#1185,#1186);
#1184 = CARTESIAN_POINT('',(190.,-90.,95.));
#1185 = DIRECTION('',(0.,0.,1.));
#1186 = DIRECTION('',(1.,0.,0.));
#1187 = MANIFOLD_SOLID_BREP('',#1188);
#1188 = CLOSED_SHELL('',(#1189,#1229,#1260,#1356,#1380,#1469,#1481,#1503
    ,#1520,#1537,#1549,#1571,#1588,#1605));
#1189 = ADVANCED_FACE('',(#1190),#1224,.F.);
#1190 = FACE_BOUND('',#1191,.F.);
#1191 = EDGE_LOOP('',(#1192,#1202,#1210,#1218));
#1192 = ORIENTED_EDGE('',*,*,#1193,.F.);
#1193 = EDGE_CURVE('',#1194,#1196,#1198,.T.);
#1194 = VERTEX_POINT('',#1195);
#1195 = CARTESIAN_POINT('',(132.,-105.,95.));
#1196 = VERTEX_POINT('',#1197);
#1197 = CARTESIAN_POINT('',(132.,-105.,100.));
#1198 = LINE('',#1199,#1200);
#1199 = CARTESIAN_POINT('',(132.,-105.,95.));
#1200 = VECTOR('',#1201,1.);
#1201 = DIRECTION('',(0.,0.,1.));
#1202 = ORIENTED_EDGE('',*,*,#1203,.T.);
#1203 = EDGE_CURVE('',#1194,#1204,#1206,.T.);
#1204 = VERTEX_POINT('',#1205);
#1205 = CARTESIAN_POINT('',(132.,-55.,95.));
#1206 = LINE('',#1207,#1208);
#1207 = CARTESIAN_POINT('',(132.,-105.,95.));
#1208 = VECTOR('',#1209,1.);
#1209 = DIRECTION('',(0.,1.,0.));
#1210 = ORIENTED_EDGE('',*,*,#1211,.T.);
#1211 = EDGE_CURVE('',#1204,#1212,#1214,.T.);
#1212 = VERTEX_POINT('',#1213);
#1213 = CARTESIAN_POINT('',(132.,-55.,100.));
#1214 = LINE('',#1215,#1216);
#1215 = CARTESIAN_POINT('',(132.,-55.,95.));
#1216 = VECTOR('',#1217,1.);
#1217 = DIRECTION('',(0.,0.,1.));
#1218 = ORIENTED_EDGE('',*,*,#1219,.F.);
#1219 = EDGE_CURVE('',#1196,#1212,#1220,.T.);
#1220 = LINE('',#1221,#1222);
#1221 = CARTESIAN_POINT('',(132.,-105.,100.));
#1222 = VECTOR('',#1223,1.);
#1223 = DIRECTION('',(0.,1.,0.));
#1224 = PLANE('',#1225);
#1225 = AXIS2_PLACEMENT_3D('',#1226,#1227,#1228);
#1226 = CARTESIAN_POINT('',(132.,-105.,95.));
#1227 = DIRECTION('',(1.,0.,0.));
#1228 = DIRECTION('',(0.,0.,1.));
#1229 = ADVANCED_FACE('',(#1230),#1255,.F.);
#1230 = FACE_BOUND('',#1231,.F.);
#1231 = EDGE_LOOP('',(#1232,#1240,#1241,#1249));
#1232 = ORIENTED_EDGE('',*,*,#1233,.F.);
#1233 = EDGE_CURVE('',#1194,#1234,#1236,.T.);
#1234 = VERTEX_POINT('',#1235);
#1235 = CARTESIAN_POINT('',(228.,-105.,95.));
#1236 = LINE('',#1237,#1238);
#1237 = CARTESIAN_POINT('',(132.,-105.,95.));
#1238 = VECTOR('',#1239,1.);
#1239 = DIRECTION('',(1.,0.,0.));
#1240 = ORIENTED_EDGE('',*,*,#1193,.T.);
#1241 = ORIENTED_EDGE('',*,*,#1242,.T.);
#1242 = EDGE_CURVE('',#1196,#1243,#1245,.T.);
#1243 = VERTEX_POINT('',#1244);
#1244 = CARTESIAN_POINT('',(228.,-105.,100.));
#1245 = LINE('',#1246,#1247);
#1246 = CARTESIAN_POINT('',(132.,-105.,100.));
#1247 = VECTOR('',#1248,1.);
#1248 = DIRECTION('',(1.,0.,0.));
#1249 = ORIENTED_EDGE('',*,*,#1250,.F.);
#1250 = EDGE_CURVE('',#1234,#1243,#1251,.T.);
#1251 = LINE('',#1252,#1253);
#1252 = CARTESIAN_POINT('',(228.,-105.,95.));
#1253 = VECTOR('',#1254,1.);
#1254 = DIRECTION('',(0.,0.,1.));
#1255 = PLANE('',#1256);
#1256 = AXIS2_PLACEMENT_3D('',#1257,#1258,#1259);
#1257 = CARTESIAN_POINT('',(132.,-105.,95.));
#1258 = DIRECTION('',(0.,1.,0.));
#1259 = DIRECTION('',(0.,0.,1.));
#1260 = ADVANCED_FACE('',(#1261,#1279,#1315),#1351,.T.);
#1261 = FACE_BOUND('',#1262,.T.);
#1262 = EDGE_LOOP('',(#1263,#1264,#1265,#1273));
#1263 = ORIENTED_EDGE('',*,*,#1219,.F.);
#1264 = ORIENTED_EDGE('',*,*,#1242,.T.);
#1265 = ORIENTED_EDGE('',*,*,#1266,.T.);
#1266 = EDGE_CURVE('',#1243,#1267,#1269,.T.);
#1267 = VERTEX_POINT('',#1268);
#1268 = CARTESIAN_POINT('',(228.,-55.,100.));
#1269 = LINE('',#1270,#1271);
#1270 = CARTESIAN_POINT('',(228.,-105.,100.));
#1271 = VECTOR('',#1272,1.);
#1272 = DIRECTION('',(0.,1.,0.));
#1273 = ORIENTED_EDGE('',*,*,#1274,.F.);
#1274 = EDGE_CURVE('',#1212,#1267,#1275,.T.);
#1275 = LINE('',#1276,#1277);
#1276 = CARTESIAN_POINT('',(132.,-55.,100.));
#1277 = VECTOR('',#1278,1.);
#1278 = DIRECTION('',(1.,0.,0.));
#1279 = FACE_BOUND('',#1280,.T.);
#1280 = EDGE_LOOP('',(#1281,#1292,#1300,#1309));
#1281 = ORIENTED_EDGE('',*,*,#1282,.F.);
#1282 = EDGE_CURVE('',#1283,#1285,#1287,.T.);
#1283 = VERTEX_POINT('',#1284);
#1284 = CARTESIAN_POINT('',(142.25,-90.,100.));
#1285 = VERTEX_POINT('',#1286);
#1286 = CARTESIAN_POINT('',(147.75,-90.,100.));
#1287 = CIRCLE('',#1288,2.75);
#1288 = AXIS2_PLACEMENT_3D('',#1289,#1290,#1291);
#1289 = CARTESIAN_POINT('',(145.,-90.,100.));
#1290 = DIRECTION('',(0.,0.,1.));
#1291 = DIRECTION('',(1.,0.,0.));
#1292 = ORIENTED_EDGE('',*,*,#1293,.T.);
#1293 = EDGE_CURVE('',#1283,#1294,#1296,.T.);
#1294 = VERTEX_POINT('',#1295);
#1295 = CARTESIAN_POINT('',(142.25,-70.,100.));
#1296 = LINE('',#1297,#1298);
#1297 = CARTESIAN_POINT('',(142.25,-97.5,100.));
#1298 = VECTOR('',#1299,1.);
#1299 = DIRECTION('',(0.,1.,0.));
#1300 = ORIENTED_EDGE('',*,*,#1301,.F.);
#1301 = EDGE_CURVE('',#1302,#1294,#1304,.T.);
#1302 = VERTEX_POINT('',#1303);
#1303 = CARTESIAN_POINT('',(147.75,-70.,100.));
#1304 = CIRCLE('',#1305,2.75);
#1305 = AXIS2_PLACEMENT_3D('',#1306,#1307,#1308);
#1306 = CARTESIAN_POINT('',(145.,-70.,100.));
#1307 = DIRECTION('',(0.,0.,1.));
#1308 = DIRECTION('',(1.,0.,0.));
#1309 = ORIENTED_EDGE('',*,*,#1310,.F.);
#1310 = EDGE_CURVE('',#1285,#1302,#1311,.T.);
#1311 = LINE('',#1312,#1313);
#1312 = CARTESIAN_POINT('',(147.75,-97.5,100.));
#1313 = VECTOR('',#1314,1.);
#1314 = DIRECTION('',(0.,1.,0.));
#1315 = FACE_BOUND('',#1316,.T.);
#1316 = EDGE_LOOP('',(#1317,#1328,#1336,#1345));
#1317 = ORIENTED_EDGE('',*,*,#1318,.F.);
#1318 = EDGE_CURVE('',#1319,#1321,#1323,.T.);
#1319 = VERTEX_POINT('',#1320);
#1320 = CARTESIAN_POINT('',(212.25,-90.,100.));
#1321 = VERTEX_POINT('',#1322);
#1322 = CARTESIAN_POINT('',(217.75,-90.,100.));
#1323 = CIRCLE('',#1324,2.75);
#1324 = AXIS2_PLACEMENT_3D('',#1325,#1326,#1327);
#1325 = CARTESIAN_POINT('',(215.,-90.,100.));
#1326 = DIRECTION('',(0.,0.,1.));
#1327 = DIRECTION('',(1.,0.,0.));
#1328 = ORIENTED_EDGE('',*,*,#1329,.T.);
#1329 = EDGE_CURVE('',#1319,#1330,#1332,.T.);
#1330 = VERTEX_POINT('',#1331);
#1331 = CARTESIAN_POINT('',(212.25,-70.,100.));
#1332 = LINE('',#1333,#1334);
#1333 = CARTESIAN_POINT('',(212.25,-97.5,100.));
#1334 = VECTOR('',#1335,1.);
#1335 = DIRECTION('',(0.,1.,0.));
#1336 = ORIENTED_EDGE('',*,*,#1337,.F.);
#1337 = EDGE_CURVE('',#1338,#1330,#1340,.T.);
#1338 = VERTEX_POINT('',#1339);
#1339 = CARTESIAN_POINT('',(217.75,-70.,100.));
#1340 = CIRCLE('',#1341,2.75);
#1341 = AXIS2_PLACEMENT_3D('',#1342,#1343,#1344);
#1342 = CARTESIAN_POINT('',(215.,-70.,100.));
#1343 = DIRECTION('',(0.,0.,1.));
#1344 = DIRECTION('',(1.,0.,0.));
#1345 = ORIENTED_EDGE('',*,*,#1346,.F.);
#1346 = EDGE_CURVE('',#1321,#1338,#1347,.T.);
#1347 = LINE('',#1348,#1349);
#1348 = CARTESIAN_POINT('',(217.75,-97.5,100.));
#1349 = VECTOR('',#1350,1.);
#1350 = DIRECTION('',(0.,1.,0.));
#1351 = PLANE('',#1352);
#1352 = AXIS2_PLACEMENT_3D('',#1353,#1354,#1355);
#1353 = CARTESIAN_POINT('',(132.,-105.,100.));
#1354 = DIRECTION('',(0.,0.,1.));
#1355 = DIRECTION('',(1.,0.,0.));
#1356 = ADVANCED_FACE('',(#1357),#1375,.T.);
#1357 = FACE_BOUND('',#1358,.T.);
#1358 = EDGE_LOOP('',(#1359,#1367,#1368,#1369));
#1359 = ORIENTED_EDGE('',*,*,#1360,.F.);
#1360 = EDGE_CURVE('',#1204,#1361,#1363,.T.);
#1361 = VERTEX_POINT('',#1362);
#1362 = CARTESIAN_POINT('',(228.,-55.,95.));
#1363 = LINE('',#1364,#1365);
#1364 = CARTESIAN_POINT('',(132.,-55.,95.));
#1365 = VECTOR('',#1366,1.);
#1366 = DIRECTION('',(1.,0.,0.));
#1367 = ORIENTED_EDGE('',*,*,#1211,.T.);
#1368 = ORIENTED_EDGE('',*,*,#1274,.T.);
#1369 = ORIENTED_EDGE('',*,*,#1370,.F.);
#1370 = EDGE_CURVE('',#1361,#1267,#1371,.T.);
#1371 = LINE('',#1372,#1373);
#1372 = CARTESIAN_POINT('',(228.,-55.,95.));
#1373 = VECTOR('',#1374,1.);
#1374 = DIRECTION('',(0.,0.,1.));
#1375 = PLANE('',#1376);
#1376 = AXIS2_PLACEMENT_3D('',#1377,#1378,#1379);
#1377 = CARTESIAN_POINT('',(132.,-55.,95.));
#1378 = DIRECTION('',(0.,1.,0.));
#1379 = DIRECTION('',(0.,0.,1.));
#1380 = ADVANCED_FACE('',(#1381,#1392,#1428),#1464,.F.);
#1381 = FACE_BOUND('',#1382,.F.);
#1382 = EDGE_LOOP('',(#1383,#1384,#1385,#1391));
#1383 = ORIENTED_EDGE('',*,*,#1203,.F.);
#1384 = ORIENTED_EDGE('',*,*,#1233,.T.);
#1385 = ORIENTED_EDGE('',*,*,#1386,.T.);
#1386 = EDGE_CURVE('',#1234,#1361,#1387,.T.);
#1387 = LINE('',#1388,#1389);
#1388 = CARTESIAN_POINT('',(228.,-105.,95.));
#1389 = VECTOR('',#1390,1.);
#1390 = DIRECTION('',(0.,1.,0.));
#1391 = ORIENTED_EDGE('',*,*,#1360,.F.);
#1392 = FACE_BOUND('',#1393,.F.);
#1393 = EDGE_LOOP('',(#1394,#1405,#1413,#1422));
#1394 = ORIENTED_EDGE('',*,*,#1395,.F.);
#1395 = EDGE_CURVE('',#1396,#1398,#1400,.T.);
#1396 = VERTEX_POINT('',#1397);
#1397 = CARTESIAN_POINT('',(142.25,-90.,95.));
#1398 = VERTEX_POINT('',#1399);
#1399 = CARTESIAN_POINT('',(147.75,-90.,95.));
#1400 = CIRCLE('',#1401,2.75);
#1401 = AXIS2_PLACEMENT_3D('',#1402,#1403,#1404);
#1402 = CARTESIAN_POINT('',(145.,-90.,95.));
#1403 = DIRECTION('',(0.,0.,1.));
#1404 = DIRECTION('',(1.,0.,0.));
#1405 = ORIENTED_EDGE('',*,*,#1406,.T.);
#1406 = EDGE_CURVE('',#1396,#1407,#1409,.T.);
#1407 = VERTEX_POINT('',#1408);
#1408 = CARTESIAN_POINT('',(142.25,-70.,95.));
#1409 = LINE('',#1410,#1411);
#1410 = CARTESIAN_POINT('',(142.25,-97.5,95.));
#1411 = VECTOR('',#1412,1.);
#1412 = DIRECTION('',(0.,1.,0.));
#1413 = ORIENTED_EDGE('',*,*,#1414,.F.);
#1414 = EDGE_CURVE('',#1415,#1407,#1417,.T.);
#1415 = VERTEX_POINT('',#1416);
#1416 = CARTESIAN_POINT('',(147.75,-70.,95.));
#1417 = CIRCLE('',#1418,2.75);
#1418 = AXIS2_PLACEMENT_3D('',#1419,#1420,#1421);
#1419 = CARTESIAN_POINT('',(145.,-70.,95.));
#1420 = DIRECTION('',(0.,0.,1.));
#1421 = DIRECTION('',(1.,0.,0.));
#1422 = ORIENTED_EDGE('',*,*,#1423,.F.);
#1423 = EDGE_CURVE('',#1398,#1415,#1424,.T.);
#1424 = LINE('',#1425,#1426);
#1425 = CARTESIAN_POINT('',(147.75,-97.5,95.));
#1426 = VECTOR('',#1427,1.);
#1427 = DIRECTION('',(0.,1.,0.));
#1428 = FACE_BOUND('',#1429,.F.);
#1429 = EDGE_LOOP('',(#1430,#1441,#1449,#1458));
#1430 = ORIENTED_EDGE('',*,*,#1431,.F.);
#1431 = EDGE_CURVE('',#1432,#1434,#1436,.T.);
#1432 = VERTEX_POINT('',#1433);
#1433 = CARTESIAN_POINT('',(212.25,-90.,95.));
#1434 = VERTEX_POINT('',#1435);
#1435 = CARTESIAN_POINT('',(217.75,-90.,95.));
#1436 = CIRCLE('',#1437,2.75);
#1437 = AXIS2_PLACEMENT_3D('',#1438,#1439,#1440);
#1438 = CARTESIAN_POINT('',(215.,-90.,95.));
#1439 = DIRECTION('',(0.,0.,1.));
#1440 = DIRECTION('',(1.,0.,0.));
#1441 = ORIENTED_EDGE('',*,*,#1442,.T.);
#1442 = EDGE_CURVE('',#1432,#1443,#1445,.T.);
#1443 = VERTEX_POINT('',#1444);
#1444 = CARTESIAN_POINT('',(212.25,-70.,95.));
#1445 = LINE('',#1446,#1447);
#1446 = CARTESIAN_POINT('',(212.25,-97.5,95.));
#1447 = VECTOR('',#1448,1.);
#1448 = DIRECTION('',(0.,1.,0.));
#1449 = ORIENTED_EDGE('',*,*,#1450,.F.);
#1450 = EDGE_CURVE('',#1451,#1443,#1453,.T.);
#1451 = VERTEX_POINT('',#1452);
#1452 = CARTESIAN_POINT('',(217.75,-70.,95.));
#1453 = CIRCLE('',#1454,2.75);
#1454 = AXIS2_PLACEMENT_3D('',#1455,#1456,#1457);
#1455 = CARTESIAN_POINT('',(215.,-70.,95.));
#1456 = DIRECTION('',(0.,0.,1.));
#1457 = DIRECTION('',(1.,0.,0.));
#1458 = ORIENTED_EDGE('',*,*,#1459,.F.);
#1459 = EDGE_CURVE('',#1434,#1451,#1460,.T.);
#1460 = LINE('',#1461,#1462);
#1461 = CARTESIAN_POINT('',(217.75,-97.5,95.));
#1462 = VECTOR('',#1463,1.);
#1463 = DIRECTION('',(0.,1.,0.));
#1464 = PLANE('',#1465);
#1465 = AXIS2_PLACEMENT_3D('',#1466,#1467,#1468);
#1466 = CARTESIAN_POINT('',(132.,-105.,95.));
#1467 = DIRECTION('',(0.,0.,1.));
#1468 = DIRECTION('',(1.,0.,0.));
#1469 = ADVANCED_FACE('',(#1470),#1476,.T.);
#1470 = FACE_BOUND('',#1471,.T.);
#1471 = EDGE_LOOP('',(#1472,#1473,#1474,#1475));
#1472 = ORIENTED_EDGE('',*,*,#1250,.F.);
#1473 = ORIENTED_EDGE('',*,*,#1386,.T.);
#1474 = ORIENTED_EDGE('',*,*,#1370,.T.);
#1475 = ORIENTED_EDGE('',*,*,#1266,.F.);
#1476 = PLANE('',#1477);
#1477 = AXIS2_PLACEMENT_3D('',#1478,#1479,#1480);
#1478 = CARTESIAN_POINT('',(228.,-105.,95.));
#1479 = DIRECTION('',(1.,0.,0.));
#1480 = DIRECTION('',(0.,0.,1.));
#1481 = ADVANCED_FACE('',(#1482),#1498,.F.);
#1482 = FACE_BOUND('',#1483,.F.);
#1483 = EDGE_LOOP('',(#1484,#1485,#1491,#1492));
#1484 = ORIENTED_EDGE('',*,*,#1395,.T.);
#1485 = ORIENTED_EDGE('',*,*,#1486,.T.);
#1486 = EDGE_CURVE('',#1398,#1285,#1487,.T.);
#1487 = LINE('',#1488,#1489);
#1488 = CARTESIAN_POINT('',(147.75,-90.,94.));
#1489 = VECTOR('',#1490,1.);
#1490 = DIRECTION('',(0.,0.,1.));
#1491 = ORIENTED_EDGE('',*,*,#1282,.F.);
#1492 = ORIENTED_EDGE('',*,*,#1493,.F.);
#1493 = EDGE_CURVE('',#1396,#1283,#1494,.T.);
#1494 = LINE('',#1495,#1496);
#1495 = CARTESIAN_POINT('',(142.25,-90.,94.));
#1496 = VECTOR('',#1497,1.);
#1497 = DIRECTION('',(0.,0.,1.));
#1498 = CYLINDRICAL_SURFACE('',#1499,2.75);
#1499 = AXIS2_PLACEMENT_3D('',#1500,#1501,#1502);
#1500 = CARTESIAN_POINT('',(145.,-90.,94.));
#1501 = DIRECTION('',(0.,0.,1.));
#1502 = DIRECTION('',(1.,0.,0.));
#1503 = ADVANCED_FACE('',(#1504),#1515,.T.);
#1504 = FACE_BOUND('',#1505,.T.);
#1505 = EDGE_LOOP('',(#1506,#1507,#1508,#1514));
#1506 = ORIENTED_EDGE('',*,*,#1493,.F.);
#1507 = ORIENTED_EDGE('',*,*,#1406,.T.);
#1508 = ORIENTED_EDGE('',*,*,#1509,.T.);
#1509 = EDGE_CURVE('',#1407,#1294,#1510,.T.);
#1510 = LINE('',#1511,#1512);
#1511 = CARTESIAN_POINT('',(142.25,-70.,94.));
#1512 = VECTOR('',#1513,1.);
#1513 = DIRECTION('',(0.,0.,1.));
#1514 = ORIENTED_EDGE('',*,*,#1293,.F.);
#1515 = PLANE('',#1516);
#1516 = AXIS2_PLACEMENT_3D('',#1517,#1518,#1519);
#1517 = CARTESIAN_POINT('',(142.25,-90.,94.));
#1518 = DIRECTION('',(1.,0.,0.));
#1519 = DIRECTION('',(0.,0.,1.));
#1520 = ADVANCED_FACE('',(#1521),#1532,.F.);
#1521 = FACE_BOUND('',#1522,.F.);
#1522 = EDGE_LOOP('',(#1523,#1524,#1525,#1531));
#1523 = ORIENTED_EDGE('',*,*,#1486,.F.);
#1524 = ORIENTED_EDGE('',*,*,#1423,.T.);
#1525 = ORIENTED_EDGE('',*,*,#1526,.T.);
#1526 = EDGE_CURVE('',#1415,#1302,#1527,.T.);
#1527 = LINE('',#1528,#1529);
#1528 = CARTESIAN_POINT('',(147.75,-70.,94.));
#1529 = VECTOR('',#1530,1.);
#1530 = DIRECTION('',(0.,0.,1.));
#1531 = ORIENTED_EDGE('',*,*,#1310,.F.);
#1532 = PLANE('',#1533);
#1533 = AXIS2_PLACEMENT_3D('',#1534,#1535,#1536);
#1534 = CARTESIAN_POINT('',(147.75,-90.,94.));
#1535 = DIRECTION('',(1.,0.,0.));
#1536 = DIRECTION('',(0.,0.,1.));
#1537 = ADVANCED_FACE('',(#1538),#1544,.F.);
#1538 = FACE_BOUND('',#1539,.F.);
#1539 = EDGE_LOOP('',(#1540,#1541,#1542,#1543));
#1540 = ORIENTED_EDGE('',*,*,#1301,.F.);
#1541 = ORIENTED_EDGE('',*,*,#1526,.F.);
#1542 = ORIENTED_EDGE('',*,*,#1414,.T.);
#1543 = ORIENTED_EDGE('',*,*,#1509,.T.);
#1544 = CYLINDRICAL_SURFACE('',#1545,2.75);
#1545 = AXIS2_PLACEMENT_3D('',#1546,#1547,#1548);
#1546 = CARTESIAN_POINT('',(145.,-70.,94.));
#1547 = DIRECTION('',(0.,0.,1.));
#1548 = DIRECTION('',(1.,0.,0.));
#1549 = ADVANCED_FACE('',(#1550),#1566,.F.);
#1550 = FACE_BOUND('',#1551,.F.);
#1551 = EDGE_LOOP('',(#1552,#1553,#1559,#1560));
#1552 = ORIENTED_EDGE('',*,*,#1431,.T.);
#1553 = ORIENTED_EDGE('',*,*,#1554,.T.);
#1554 = EDGE_CURVE('',#1434,#1321,#1555,.T.);
#1555 = LINE('',#1556,#1557);
#1556 = CARTESIAN_POINT('',(217.75,-90.,94.));
#1557 = VECTOR('',#1558,1.);
#1558 = DIRECTION('',(0.,0.,1.));
#1559 = ORIENTED_EDGE('',*,*,#1318,.F.);
#1560 = ORIENTED_EDGE('',*,*,#1561,.F.);
#1561 = EDGE_CURVE('',#1432,#1319,#1562,.T.);
#1562 = LINE('',#1563,#1564);
#1563 = CARTESIAN_POINT('',(212.25,-90.,94.));
#1564 = VECTOR('',#1565,1.);
#1565 = DIRECTION('',(0.,0.,1.));
#1566 = CYLINDRICAL_SURFACE('',#1567,2.75);
#1567 = AXIS2_PLACEMENT_3D('',#1568,#1569,#1570);
#1568 = CARTESIAN_POINT('',(215.,-90.,94.));
#1569 = DIRECTION('',(0.,0.,1.));
#1570 = DIRECTION('',(1.,0.,0.));
#1571 = ADVANCED_FACE('',(#1572),#1583,.F.);
#1572 = FACE_BOUND('',#1573,.F.);
#1573 = EDGE_LOOP('',(#1574,#1575,#1576,#1582));
#1574 = ORIENTED_EDGE('',*,*,#1554,.F.);
#1575 = ORIENTED_EDGE('',*,*,#1459,.T.);
#1576 = ORIENTED_EDGE('',*,*,#1577,.T.);
#1577 = EDGE_CURVE('',#1451,#1338,#1578,.T.);
#1578 = LINE('',#1579,#1580);
#1579 = CARTESIAN_POINT('',(217.75,-70.,94.));
#1580 = VECTOR('',#1581,1.);
#1581 = DIRECTION('',(0.,0.,1.));
#1582 = ORIENTED_EDGE('',*,*,#1346,.F.);
#1583 = PLANE('',#1584);
#1584 = AXIS2_PLACEMENT_3D('',#1585,#1586,#1587);
#1585 = CARTESIAN_POINT('',(217.75,-90.,94.));
#1586 = DIRECTION('',(1.,0.,0.));
#1587 = DIRECTION('',(0.,0.,1.));
#1588 = ADVANCED_FACE('',(#1589),#1600,.F.);
#1589 = FACE_BOUND('',#1590,.F.);
#1590 = EDGE_LOOP('',(#1591,#1592,#1593,#1594));
#1591 = ORIENTED_EDGE('',*,*,#1337,.F.);
#1592 = ORIENTED_EDGE('',*,*,#1577,.F.);
#1593 = ORIENTED_EDGE('',*,*,#1450,.T.);
#1594 = ORIENTED_EDGE('',*,*,#1595,.T.);
#1595 = EDGE_CURVE('',#1443,#1330,#1596,.T.);
#1596 = LINE('',#1597,#1598);
#1597 = CARTESIAN_POINT('',(212.25,-70.,94.));
#1598 = VECTOR('',#1599,1.);
#1599 = DIRECTION('',(0.,0.,1.));
#1600 = CYLINDRICAL_SURFACE('',#1601,2.75);
#1601 = AXIS2_PLACEMENT_3D('',#1602,#1603,#1604);
#1602 = CARTESIAN_POINT('',(215.,-70.,94.));
#1603 = DIRECTION('',(0.,0.,1.));
#1604 = DIRECTION('',(1.,0.,0.));
#1605 = ADVANCED_FACE('',(#1606),#1612,.T.);
#1606 = FACE_BOUND('',#1607,.T.);
#1607 = EDGE_LOOP('',(#1608,#1609,#1610,#1611));
#1608 = ORIENTED_EDGE('',*,*,#1561,.F.);
#1609 = ORIENTED_EDGE('',*,*,#1442,.T.);
#1610 = ORIENTED_EDGE('',*,*,#1595,.T.);
#1611 = ORIENTED_EDGE('',*,*,#1329,.F.);
#1612 = PLANE('',#1613);
#1613 = AXIS2_PLACEMENT_3D('',#1614,#1615,#1616);
#1614 = CARTESIAN_POINT('',(212.25,-90.,94.));
#1615 = DIRECTION('',(1.,0.,0.));
#1616 = DIRECTION('',(0.,0.,1.));
#1617 = MANIFOLD_SOLID_BREP('',#1618);
#1618 = CLOSED_SHELL('',(#1619,#1652,#1661));
#1619 = ADVANCED_FACE('',(#1620),#1647,.T.);
#1620 = FACE_BOUND('',#1621,.T.);
#1621 = EDGE_LOOP('',(#1622,#1631,#1639,#1646));
#1622 = ORIENTED_EDGE('',*,*,#1623,.F.);
#1623 = EDGE_CURVE('',#1624,#1624,#1626,.T.);
#1624 = VERTEX_POINT('',#1625);
#1625 = CARTESIAN_POINT('',(213.75,-80.,107.));
#1626 = CIRCLE('',#1627,2.);
#1627 = AXIS2_PLACEMENT_3D('',#1628,#1629,#1630);
#1628 = CARTESIAN_POINT('',(213.75,-80.,105.));
#1629 = DIRECTION('',(1.,0.,-0.));
#1630 = DIRECTION('',(0.,0.,1.));
#1631 = ORIENTED_EDGE('',*,*,#1632,.F.);
#1632 = EDGE_CURVE('',#1633,#1624,#1635,.T.);
#1633 = VERTEX_POINT('',#1634);
#1634 = CARTESIAN_POINT('',(146.25,-80.,107.));
#1635 = LINE('',#1636,#1637);
#1636 = CARTESIAN_POINT('',(146.25,-80.,107.));
#1637 = VECTOR('',#1638,1.);
#1638 = DIRECTION('',(1.,0.,0.));
#1639 = ORIENTED_EDGE('',*,*,#1640,.T.);
#1640 = EDGE_CURVE('',#1633,#1633,#1641,.T.);
#1641 = CIRCLE('',#1642,2.);
#1642 = AXIS2_PLACEMENT_3D('',#1643,#1644,#1645);
#1643 = CARTESIAN_POINT('',(146.25,-80.,105.));
#1644 = DIRECTION('',(1.,0.,-0.));
#1645 = DIRECTION('',(0.,0.,1.));
#1646 = ORIENTED_EDGE('',*,*,#1632,.T.);
#1647 = CYLINDRICAL_SURFACE('',#1648,2.);
#1648 = AXIS2_PLACEMENT_3D('',#1649,#1650,#1651);
#1649 = CARTESIAN_POINT('',(146.25,-80.,105.));
#1650 = DIRECTION('',(1.,0.,0.));
#1651 = DIRECTION('',(0.,0.,1.));
#1652 = ADVANCED_FACE('',(#1653),#1656,.T.);
#1653 = FACE_BOUND('',#1654,.T.);
#1654 = EDGE_LOOP('',(#1655));
#1655 = ORIENTED_EDGE('',*,*,#1623,.T.);
#1656 = PLANE('',#1657);
#1657 = AXIS2_PLACEMENT_3D('',#1658,#1659,#1660);
#1658 = CARTESIAN_POINT('',(213.75,-80.,105.));
#1659 = DIRECTION('',(1.,0.,0.));
#1660 = DIRECTION('',(0.,0.,1.));
#1661 = ADVANCED_FACE('',(#1662),#1665,.F.);
#1662 = FACE_BOUND('',#1663,.T.);
#1663 = EDGE_LOOP('',(#1664));
#1664 = ORIENTED_EDGE('',*,*,#1640,.F.);
#1665 = PLANE('',#1666);
#1666 = AXIS2_PLACEMENT_3D('',#1667,#1668,#1669);
#1667 = CARTESIAN_POINT('',(146.25,-80.,105.));
#1668 = DIRECTION('',(1.,0.,0.));
#1669 = DIRECTION('',(0.,0.,1.));
#1670 = MANIFOLD_SOLID_BREP('',#1671);
#1671 = CLOSED_SHELL('',(#1672,#1723,#1754,#1778,#1802,#1819,#1844));
#1672 = ADVANCED_FACE('',(#1673,#1707),#1718,.F.);
#1673 = FACE_BOUND('',#1674,.F.);
#1674 = EDGE_LOOP('',(#1675,#1685,#1693,#1701));
#1675 = ORIENTED_EDGE('',*,*,#1676,.F.);
#1676 = EDGE_CURVE('',#1677,#1679,#1681,.T.);
#1677 = VERTEX_POINT('',#1678);
#1678 = CARTESIAN_POINT('',(147.25,-88.,100.));
#1679 = VERTEX_POINT('',#1680);
#1680 = CARTESIAN_POINT('',(147.25,-88.,113.));
#1681 = LINE('',#1682,#1683);
#1682 = CARTESIAN_POINT('',(147.25,-88.,100.));
#1683 = VECTOR('',#1684,1.);
#1684 = DIRECTION('',(0.,0.,1.));
#1685 = ORIENTED_EDGE('',*,*,#1686,.T.);
#1686 = EDGE_CURVE('',#1677,#1687,#1689,.T.);
#1687 = VERTEX_POINT('',#1688);
#1688 = CARTESIAN_POINT('',(147.25,-72.,100.));
#1689 = LINE('',#1690,#1691);
#1690 = CARTESIAN_POINT('',(147.25,-88.,100.));
#1691 = VECTOR('',#1692,1.);
#1692 = DIRECTION('',(0.,1.,0.));
#1693 = ORIENTED_EDGE('',*,*,#1694,.T.);
#1694 = EDGE_CURVE('',#1687,#1695,#1697,.T.);
#1695 = VERTEX_POINT('',#1696);
#1696 = CARTESIAN_POINT('',(147.25,-72.,113.));
#1697 = LINE('',#1698,#1699);
#1698 = CARTESIAN_POINT('',(147.25,-72.,100.));
#1699 = VECTOR('',#1700,1.);
#1700 = DIRECTION('',(0.,0.,1.));
#1701 = ORIENTED_EDGE('',*,*,#1702,.F.);
#1702 = EDGE_CURVE('',#1679,#1695,#1703,.T.);
#1703 = LINE('',#1704,#1705);
#1704 = CARTESIAN_POINT('',(147.25,-88.,113.));
#1705 = VECTOR('',#1706,1.);
#1706 = DIRECTION('',(0.,1.,0.));
#1707 = FACE_BOUND('',#1708,.F.);
#1708 = EDGE_LOOP('',(#1709));
#1709 = ORIENTED_EDGE('',*,*,#1710,.F.);
#1710 = EDGE_CURVE('',#1711,#1711,#1713,.T.);
#1711 = VERTEX_POINT('',#1712);
#1712 = CARTESIAN_POINT('',(147.25,-80.,107.1));
#1713 = CIRCLE('',#1714,2.1);
#1714 = AXIS2_PLACEMENT_3D('',#1715,#1716,#1717);
#1715 = CARTESIAN_POINT('',(147.25,-80.,105.));
#1716 = DIRECTION('',(1.,0.,-0.));
#1717 = DIRECTION('',(0.,0.,1.));
#1718 = PLANE('',#1719);
#1719 = AXIS2_PLACEMENT_3D('',#1720,#1721,#1722);
#1720 = CARTESIAN_POINT('',(147.25,-88.,100.));
#1721 = DIRECTION('',(1.,0.,0.));
#1722 = DIRECTION('',(0.,0.,1.));
#1723 = ADVANCED_FACE('',(#1724),#1749,.F.);
#1724 = FACE_BOUND('',#1725,.F.);
#1725 = EDGE_LOOP('',(#1726,#1734,#1735,#1743));
#1726 = ORIENTED_EDGE('',*,*,#1727,.F.);
#1727 = EDGE_CURVE('',#1677,#1728,#1730,.T.);
#1728 = VERTEX_POINT('',#1729);
#1729 = CARTESIAN_POINT('',(155.25,-88.,100.));
#1730 = LINE('',#1731,#1732);
#1731 = CARTESIAN_POINT('',(147.25,-88.,100.));
#1732 = VECTOR('',#1733,1.);
#1733 = DIRECTION('',(1.,0.,0.));
#1734 = ORIENTED_EDGE('',*,*,#1676,.T.);
#1735 = ORIENTED_EDGE('',*,*,#1736,.T.);
#1736 = EDGE_CURVE('',#1679,#1737,#1739,.T.);
#1737 = VERTEX_POINT('',#1738);
#1738 = CARTESIAN_POINT('',(155.25,-88.,113.));
#1739 = LINE('',#1740,#1741);
#1740 = CARTESIAN_POINT('',(147.25,-88.,113.));
#1741 = VECTOR('',#1742,1.);
#1742 = DIRECTION('',(1.,0.,0.));
#1743 = ORIENTED_EDGE('',*,*,#1744,.F.);
#1744 = EDGE_CURVE('',#1728,#1737,#1745,.T.);
#1745 = LINE('',#1746,#1747);
#1746 = CARTESIAN_POINT('',(155.25,-88.,100.));
#1747 = VECTOR('',#1748,1.);
#1748 = DIRECTION('',(0.,0.,1.));
#1749 = PLANE('',#1750);
#1750 = AXIS2_PLACEMENT_3D('',#1751,#1752,#1753);
#1751 = CARTESIAN_POINT('',(147.25,-88.,100.));
#1752 = DIRECTION('',(0.,1.,0.));
#1753 = DIRECTION('',(0.,0.,1.));
#1754 = ADVANCED_FACE('',(#1755),#1773,.T.);
#1755 = FACE_BOUND('',#1756,.T.);
#1756 = EDGE_LOOP('',(#1757,#1758,#1759,#1767));
#1757 = ORIENTED_EDGE('',*,*,#1702,.F.);
#1758 = ORIENTED_EDGE('',*,*,#1736,.T.);
#1759 = ORIENTED_EDGE('',*,*,#1760,.T.);
#1760 = EDGE_CURVE('',#1737,#1761,#1763,.T.);
#1761 = VERTEX_POINT('',#1762);
#1762 = CARTESIAN_POINT('',(155.25,-72.,113.));
#1763 = LINE('',#1764,#1765);
#1764 = CARTESIAN_POINT('',(155.25,-88.,113.));
#1765 = VECTOR('',#1766,1.);
#1766 = DIRECTION('',(0.,1.,0.));
#1767 = ORIENTED_EDGE('',*,*,#1768,.F.);
#1768 = EDGE_CURVE('',#1695,#1761,#1769,.T.);
#1769 = LINE('',#1770,#1771);
#1770 = CARTESIAN_POINT('',(147.25,-72.,113.));
#1771 = VECTOR('',#1772,1.);
#1772 = DIRECTION('',(1.,0.,0.));
#1773 = PLANE('',#1774);
#1774 = AXIS2_PLACEMENT_3D('',#1775,#1776,#1777);
#1775 = CARTESIAN_POINT('',(147.25,-88.,113.));
#1776 = DIRECTION('',(0.,0.,1.));
#1777 = DIRECTION('',(1.,0.,0.));
#1778 = ADVANCED_FACE('',(#1779),#1797,.F.);
#1779 = FACE_BOUND('',#1780,.F.);
#1780 = EDGE_LOOP('',(#1781,#1782,#1783,#1791));
#1781 = ORIENTED_EDGE('',*,*,#1686,.F.);
#1782 = ORIENTED_EDGE('',*,*,#1727,.T.);
#1783 = ORIENTED_EDGE('',*,*,#1784,.T.);
#1784 = EDGE_CURVE('',#1728,#1785,#1787,.T.);
#1785 = VERTEX_POINT('',#1786);
#1786 = CARTESIAN_POINT('',(155.25,-72.,100.));
#1787 = LINE('',#1788,#1789);
#1788 = CARTESIAN_POINT('',(155.25,-88.,100.));
#1789 = VECTOR('',#1790,1.);
#1790 = DIRECTION('',(0.,1.,0.));
#1791 = ORIENTED_EDGE('',*,*,#1792,.F.);
#1792 = EDGE_CURVE('',#1687,#1785,#1793,.T.);
#1793 = LINE('',#1794,#1795);
#1794 = CARTESIAN_POINT('',(147.25,-72.,100.));
#1795 = VECTOR('',#1796,1.);
#1796 = DIRECTION('',(1.,0.,0.));
#1797 = PLANE('',#1798);
#1798 = AXIS2_PLACEMENT_3D('',#1799,#1800,#1801);
#1799 = CARTESIAN_POINT('',(147.25,-88.,100.));
#1800 = DIRECTION('',(0.,0.,1.));
#1801 = DIRECTION('',(1.,0.,0.));
#1802 = ADVANCED_FACE('',(#1803),#1814,.T.);
#1803 = FACE_BOUND('',#1804,.T.);
#1804 = EDGE_LOOP('',(#1805,#1806,#1807,#1808));
#1805 = ORIENTED_EDGE('',*,*,#1792,.F.);
#1806 = ORIENTED_EDGE('',*,*,#1694,.T.);
#1807 = ORIENTED_EDGE('',*,*,#1768,.T.);
#1808 = ORIENTED_EDGE('',*,*,#1809,.F.);
#1809 = EDGE_CURVE('',#1785,#1761,#1810,.T.);
#1810 = LINE('',#1811,#1812);
#1811 = CARTESIAN_POINT('',(155.25,-72.,100.));
#1812 = VECTOR('',#1813,1.);
#1813 = DIRECTION('',(0.,0.,1.));
#1814 = PLANE('',#1815);
#1815 = AXIS2_PLACEMENT_3D('',#1816,#1817,#1818);
#1816 = CARTESIAN_POINT('',(147.25,-72.,100.));
#1817 = DIRECTION('',(0.,1.,0.));
#1818 = DIRECTION('',(0.,0.,1.));
#1819 = ADVANCED_FACE('',(#1820),#1839,.F.);
#1820 = FACE_BOUND('',#1821,.F.);
#1821 = EDGE_LOOP('',(#1822,#1831,#1837,#1838));
#1822 = ORIENTED_EDGE('',*,*,#1823,.F.);
#1823 = EDGE_CURVE('',#1824,#1824,#1826,.T.);
#1824 = VERTEX_POINT('',#1825);
#1825 = CARTESIAN_POINT('',(155.25,-80.,107.1));
#1826 = CIRCLE('',#1827,2.1);
#1827 = AXIS2_PLACEMENT_3D('',#1828,#1829,#1830);
#1828 = CARTESIAN_POINT('',(155.25,-80.,105.));
#1829 = DIRECTION('',(1.,0.,-0.));
#1830 = DIRECTION('',(0.,0.,1.));
#1831 = ORIENTED_EDGE('',*,*,#1832,.F.);
#1832 = EDGE_CURVE('',#1711,#1824,#1833,.T.);
#1833 = LINE('',#1834,#1835);
#1834 = CARTESIAN_POINT('',(146.25,-80.,107.1));
#1835 = VECTOR('',#1836,1.);
#1836 = DIRECTION('',(1.,0.,0.));
#1837 = ORIENTED_EDGE('',*,*,#1710,.T.);
#1838 = ORIENTED_EDGE('',*,*,#1832,.T.);
#1839 = CYLINDRICAL_SURFACE('',#1840,2.1);
#1840 = AXIS2_PLACEMENT_3D('',#1841,#1842,#1843);
#1841 = CARTESIAN_POINT('',(146.25,-80.,105.));
#1842 = DIRECTION('',(1.,0.,0.));
#1843 = DIRECTION('',(0.,0.,1.));
#1844 = ADVANCED_FACE('',(#1845,#1851),#1854,.T.);
#1845 = FACE_BOUND('',#1846,.T.);
#1846 = EDGE_LOOP('',(#1847,#1848,#1849,#1850));
#1847 = ORIENTED_EDGE('',*,*,#1744,.F.);
#1848 = ORIENTED_EDGE('',*,*,#1784,.T.);
#1849 = ORIENTED_EDGE('',*,*,#1809,.T.);
#1850 = ORIENTED_EDGE('',*,*,#1760,.F.);
#1851 = FACE_BOUND('',#1852,.T.);
#1852 = EDGE_LOOP('',(#1853));
#1853 = ORIENTED_EDGE('',*,*,#1823,.F.);
#1854 = PLANE('',#1855);
#1855 = AXIS2_PLACEMENT_3D('',#1856,#1857,#1858);
#1856 = CARTESIAN_POINT('',(155.25,-88.,100.));
#1857 = DIRECTION('',(1.,0.,0.));
#1858 = DIRECTION('',(0.,0.,1.));
#1859 = MANIFOLD_SOLID_BREP('',#1860);
#1860 = CLOSED_SHELL('',(#1861,#1912,#1943,#1967,#1991,#2008,#2033));
#1861 = ADVANCED_FACE('',(#1862,#1896),#1907,.F.);
#1862 = FACE_BOUND('',#1863,.F.);
#1863 = EDGE_LOOP('',(#1864,#1874,#1882,#1890));
#1864 = ORIENTED_EDGE('',*,*,#1865,.F.);
#1865 = EDGE_CURVE('',#1866,#1868,#1870,.T.);
#1866 = VERTEX_POINT('',#1867);
#1867 = CARTESIAN_POINT('',(204.75,-88.,100.));
#1868 = VERTEX_POINT('',#1869);
#1869 = CARTESIAN_POINT('',(204.75,-88.,113.));
#1870 = LINE('',#1871,#1872);
#1871 = CARTESIAN_POINT('',(204.75,-88.,100.));
#1872 = VECTOR('',#1873,1.);
#1873 = DIRECTION('',(0.,0.,1.));
#1874 = ORIENTED_EDGE('',*,*,#1875,.T.);
#1875 = EDGE_CURVE('',#1866,#1876,#1878,.T.);
#1876 = VERTEX_POINT('',#1877);
#1877 = CARTESIAN_POINT('',(204.75,-72.,100.));
#1878 = LINE('',#1879,#1880);
#1879 = CARTESIAN_POINT('',(204.75,-88.,100.));
#1880 = VECTOR('',#1881,1.);
#1881 = DIRECTION('',(0.,1.,0.));
#1882 = ORIENTED_EDGE('',*,*,#1883,.T.);
#1883 = EDGE_CURVE('',#1876,#1884,#1886,.T.);
#1884 = VERTEX_POINT('',#1885);
#1885 = CARTESIAN_POINT('',(204.75,-72.,113.));
#1886 = LINE('',#1887,#1888);
#1887 = CARTESIAN_POINT('',(204.75,-72.,100.));
#1888 = VECTOR('',#1889,1.);
#1889 = DIRECTION('',(0.,0.,1.));
#1890 = ORIENTED_EDGE('',*,*,#1891,.F.);
#1891 = EDGE_CURVE('',#1868,#1884,#1892,.T.);
#1892 = LINE('',#1893,#1894);
#1893 = CARTESIAN_POINT('',(204.75,-88.,113.));
#1894 = VECTOR('',#1895,1.);
#1895 = DIRECTION('',(0.,1.,0.));
#1896 = FACE_BOUND('',#1897,.F.);
#1897 = EDGE_LOOP('',(#1898));
#1898 = ORIENTED_EDGE('',*,*,#1899,.F.);
#1899 = EDGE_CURVE('',#1900,#1900,#1902,.T.);
#1900 = VERTEX_POINT('',#1901);
#1901 = CARTESIAN_POINT('',(204.75,-80.,107.1));
#1902 = CIRCLE('',#1903,2.1);
#1903 = AXIS2_PLACEMENT_3D('',#1904,#1905,#1906);
#1904 = CARTESIAN_POINT('',(204.75,-80.,105.));
#1905 = DIRECTION('',(1.,0.,-0.));
#1906 = DIRECTION('',(0.,0.,1.));
#1907 = PLANE('',#1908);
#1908 = AXIS2_PLACEMENT_3D('',#1909,#1910,#1911);
#1909 = CARTESIAN_POINT('',(204.75,-88.,100.));
#1910 = DIRECTION('',(1.,0.,0.));
#1911 = DIRECTION('',(0.,0.,1.));
#1912 = ADVANCED_FACE('',(#1913),#1938,.F.);
#1913 = FACE_BOUND('',#1914,.F.);
#1914 = EDGE_LOOP('',(#1915,#1923,#1924,#1932));
#1915 = ORIENTED_EDGE('',*,*,#1916,.F.);
#1916 = EDGE_CURVE('',#1866,#1917,#1919,.T.);
#1917 = VERTEX_POINT('',#1918);
#1918 = CARTESIAN_POINT('',(212.75,-88.,100.));
#1919 = LINE('',#1920,#1921);
#1920 = CARTESIAN_POINT('',(204.75,-88.,100.));
#1921 = VECTOR('',#1922,1.);
#1922 = DIRECTION('',(1.,0.,0.));
#1923 = ORIENTED_EDGE('',*,*,#1865,.T.);
#1924 = ORIENTED_EDGE('',*,*,#1925,.T.);
#1925 = EDGE_CURVE('',#1868,#1926,#1928,.T.);
#1926 = VERTEX_POINT('',#1927);
#1927 = CARTESIAN_POINT('',(212.75,-88.,113.));
#1928 = LINE('',#1929,#1930);
#1929 = CARTESIAN_POINT('',(204.75,-88.,113.));
#1930 = VECTOR('',#1931,1.);
#1931 = DIRECTION('',(1.,0.,0.));
#1932 = ORIENTED_EDGE('',*,*,#1933,.F.);
#1933 = EDGE_CURVE('',#1917,#1926,#1934,.T.);
#1934 = LINE('',#1935,#1936);
#1935 = CARTESIAN_POINT('',(212.75,-88.,100.));
#1936 = VECTOR('',#1937,1.);
#1937 = DIRECTION('',(0.,0.,1.));
#1938 = PLANE('',#1939);
#1939 = AXIS2_PLACEMENT_3D('',#1940,#1941,#1942);
#1940 = CARTESIAN_POINT('',(204.75,-88.,100.));
#1941 = DIRECTION('',(0.,1.,0.));
#1942 = DIRECTION('',(0.,0.,1.));
#1943 = ADVANCED_FACE('',(#1944),#1962,.T.);
#1944 = FACE_BOUND('',#1945,.T.);
#1945 = EDGE_LOOP('',(#1946,#1947,#1948,#1956));
#1946 = ORIENTED_EDGE('',*,*,#1891,.F.);
#1947 = ORIENTED_EDGE('',*,*,#1925,.T.);
#1948 = ORIENTED_EDGE('',*,*,#1949,.T.);
#1949 = EDGE_CURVE('',#1926,#1950,#1952,.T.);
#1950 = VERTEX_POINT('',#1951);
#1951 = CARTESIAN_POINT('',(212.75,-72.,113.));
#1952 = LINE('',#1953,#1954);
#1953 = CARTESIAN_POINT('',(212.75,-88.,113.));
#1954 = VECTOR('',#1955,1.);
#1955 = DIRECTION('',(0.,1.,0.));
#1956 = ORIENTED_EDGE('',*,*,#1957,.F.);
#1957 = EDGE_CURVE('',#1884,#1950,#1958,.T.);
#1958 = LINE('',#1959,#1960);
#1959 = CARTESIAN_POINT('',(204.75,-72.,113.));
#1960 = VECTOR('',#1961,1.);
#1961 = DIRECTION('',(1.,0.,0.));
#1962 = PLANE('',#1963);
#1963 = AXIS2_PLACEMENT_3D('',#1964,#1965,#1966);
#1964 = CARTESIAN_POINT('',(204.75,-88.,113.));
#1965 = DIRECTION('',(0.,0.,1.));
#1966 = DIRECTION('',(1.,0.,0.));
#1967 = ADVANCED_FACE('',(#1968),#1986,.F.);
#1968 = FACE_BOUND('',#1969,.F.);
#1969 = EDGE_LOOP('',(#1970,#1971,#1972,#1980));
#1970 = ORIENTED_EDGE('',*,*,#1875,.F.);
#1971 = ORIENTED_EDGE('',*,*,#1916,.T.);
#1972 = ORIENTED_EDGE('',*,*,#1973,.T.);
#1973 = EDGE_CURVE('',#1917,#1974,#1976,.T.);
#1974 = VERTEX_POINT('',#1975);
#1975 = CARTESIAN_POINT('',(212.75,-72.,100.));
#1976 = LINE('',#1977,#1978);
#1977 = CARTESIAN_POINT('',(212.75,-88.,100.));
#1978 = VECTOR('',#1979,1.);
#1979 = DIRECTION('',(0.,1.,0.));
#1980 = ORIENTED_EDGE('',*,*,#1981,.F.);
#1981 = EDGE_CURVE('',#1876,#1974,#1982,.T.);
#1982 = LINE('',#1983,#1984);
#1983 = CARTESIAN_POINT('',(204.75,-72.,100.));
#1984 = VECTOR('',#1985,1.);
#1985 = DIRECTION('',(1.,0.,0.));
#1986 = PLANE('',#1987);
#1987 = AXIS2_PLACEMENT_3D('',#1988,#1989,#1990);
#1988 = CARTESIAN_POINT('',(204.75,-88.,100.));
#1989 = DIRECTION('',(0.,0.,1.));
#1990 = DIRECTION('',(1.,0.,0.));
#1991 = ADVANCED_FACE('',(#1992),#2003,.T.);
#1992 = FACE_BOUND('',#1993,.T.);
#1993 = EDGE_LOOP('',(#1994,#1995,#1996,#1997));
#1994 = ORIENTED_EDGE('',*,*,#1981,.F.);
#1995 = ORIENTED_EDGE('',*,*,#1883,.T.);
#1996 = ORIENTED_EDGE('',*,*,#1957,.T.);
#1997 = ORIENTED_EDGE('',*,*,#1998,.F.);
#1998 = EDGE_CURVE('',#1974,#1950,#1999,.T.);
#1999 = LINE('',#2000,#2001);
#2000 = CARTESIAN_POINT('',(212.75,-72.,100.));
#2001 = VECTOR('',#2002,1.);
#2002 = DIRECTION('',(0.,0.,1.));
#2003 = PLANE('',#2004);
#2004 = AXIS2_PLACEMENT_3D('',#2005,#2006,#2007);
#2005 = CARTESIAN_POINT('',(204.75,-72.,100.));
#2006 = DIRECTION('',(0.,1.,0.));
#2007 = DIRECTION('',(0.,0.,1.));
#2008 = ADVANCED_FACE('',(#2009),#2028,.F.);
#2009 = FACE_BOUND('',#2010,.F.);
#2010 = EDGE_LOOP('',(#2011,#2020,#2026,#2027));
#2011 = ORIENTED_EDGE('',*,*,#2012,.F.);
#2012 = EDGE_CURVE('',#2013,#2013,#2015,.T.);
#2013 = VERTEX_POINT('',#2014);
#2014 = CARTESIAN_POINT('',(212.75,-80.,107.1));
#2015 = CIRCLE('',#2016,2.1);
#2016 = AXIS2_PLACEMENT_3D('',#2017,#2018,#2019);
#2017 = CARTESIAN_POINT('',(212.75,-80.,105.));
#2018 = DIRECTION('',(1.,0.,-0.));
#2019 = DIRECTION('',(0.,0.,1.));
#2020 = ORIENTED_EDGE('',*,*,#2021,.F.);
#2021 = EDGE_CURVE('',#1900,#2013,#2022,.T.);
#2022 = LINE('',#2023,#2024);
#2023 = CARTESIAN_POINT('',(203.75,-80.,107.1));
#2024 = VECTOR('',#2025,1.);
#2025 = DIRECTION('',(1.,0.,0.));
#2026 = ORIENTED_EDGE('',*,*,#1899,.T.);
#2027 = ORIENTED_EDGE('',*,*,#2021,.T.);
#2028 = CYLINDRICAL_SURFACE('',#2029,2.1);
#2029 = AXIS2_PLACEMENT_3D('',#2030,#2031,#2032);
#2030 = CARTESIAN_POINT('',(203.75,-80.,105.));
#2031 = DIRECTION('',(1.,0.,0.));
#2032 = DIRECTION('',(0.,0.,1.));
#2033 = ADVANCED_FACE('',(#2034,#2040),#2043,.T.);
#2034 = FACE_BOUND('',#2035,.T.);
#2035 = EDGE_LOOP('',(#2036,#2037,#2038,#2039));
#2036 = ORIENTED_EDGE('',*,*,#1933,.F.);
#2037 = ORIENTED_EDGE('',*,*,#1973,.T.);
#2038 = ORIENTED_EDGE('',*,*,#1998,.T.);
#2039 = ORIENTED_EDGE('',*,*,#1949,.F.);
#2040 = FACE_BOUND('',#2041,.T.);
#2041 = EDGE_LOOP('',(#2042));
#2042 = ORIENTED_EDGE('',*,*,#2012,.F.);
#2043 = PLANE('',#2044);
#2044 = AXIS2_PLACEMENT_3D('',#2045,#2046,#2047);
#2045 = CARTESIAN_POINT('',(212.75,-88.,100.));
#2046 = DIRECTION('',(1.,0.,0.));
#2047 = DIRECTION('',(0.,0.,1.));
#2048 = MANIFOLD_SOLID_BREP('',#2049);
#2049 = CLOSED_SHELL('',(#2050,#2083,#2092));
#2050 = ADVANCED_FACE('',(#2051),#2078,.T.);
#2051 = FACE_BOUND('',#2052,.T.);
#2052 = EDGE_LOOP('',(#2053,#2062,#2070,#2077));
#2053 = ORIENTED_EDGE('',*,*,#2054,.F.);
#2054 = EDGE_CURVE('',#2055,#2055,#2057,.T.);
#2055 = VERTEX_POINT('',#2056);
#2056 = CARTESIAN_POINT('',(180.,-162.8493014913,59.986188315282));
#2057 = CIRCLE('',#2058,5.);
#2058 = AXIS2_PLACEMENT_3D('',#2059,#2060,#2061);
#2059 = CARTESIAN_POINT('',(180.,-165.,64.5));
#2060 = DIRECTION('',(0.256626311645,-0.872529459594,-0.415734624865));
#2061 = DIRECTION('',(8.16676349121E-18,0.43013970172,-0.902762336944));
#2062 = ORIENTED_EDGE('',*,*,#2063,.F.);
#2063 = EDGE_CURVE('',#2064,#2055,#2066,.T.);
#2064 = VERTEX_POINT('',#2065);
#2065 = CARTESIAN_POINT('',(155.,-77.84930149139,100.48618831528));
#2066 = LINE('',#2067,#2068);
#2067 = CARTESIAN_POINT('',(155.,-77.84930149139,100.48618831528));
#2068 = VECTOR('',#2069,1.);
#2069 = DIRECTION('',(0.256626311645,-0.872529459594,-0.415734624865));
#2070 = ORIENTED_EDGE('',*,*,#2071,.T.);
#2071 = EDGE_CURVE('',#2064,#2064,#2072,.T.);
#2072 = CIRCLE('',#2073,5.);
#2073 = AXIS2_PLACEMENT_3D('',#2074,#2075,#2076);
#2074 = CARTESIAN_POINT('',(155.,-80.,105.));
#2075 = DIRECTION('',(0.256626311645,-0.872529459594,-0.415734624865));
#2076 = DIRECTION('',(8.16676349121E-18,0.43013970172,-0.902762336944));
#2077 = ORIENTED_EDGE('',*,*,#2063,.T.);
#2078 = CYLINDRICAL_SURFACE('',#2079,5.);
#2079 = AXIS2_PLACEMENT_3D('',#2080,#2081,#2082);
#2080 = CARTESIAN_POINT('',(155.,-80.,105.));
#2081 = DIRECTION('',(0.256626311645,-0.872529459594,-0.415734624865));
#2082 = DIRECTION('',(-5.711024316605E-18,0.43013970172,-0.902762336944)
  );
#2083 = ADVANCED_FACE('',(#2084),#2087,.T.);
#2084 = FACE_BOUND('',#2085,.T.);
#2085 = EDGE_LOOP('',(#2086));
#2086 = ORIENTED_EDGE('',*,*,#2054,.T.);
#2087 = PLANE('',#2088);
#2088 = AXIS2_PLACEMENT_3D('',#2089,#2090,#2091);
#2089 = CARTESIAN_POINT('',(180.,-165.,64.5));
#2090 = DIRECTION('',(0.256626311645,-0.872529459594,-0.415734624865));
#2091 = DIRECTION('',(-5.711024316605E-18,0.43013970172,-0.902762336944)
  );
#2092 = ADVANCED_FACE('',(#2093),#2096,.F.);
#2093 = FACE_BOUND('',#2094,.T.);
#2094 = EDGE_LOOP('',(#2095));
#2095 = ORIENTED_EDGE('',*,*,#2071,.F.);
#2096 = PLANE('',#2097);
#2097 = AXIS2_PLACEMENT_3D('',#2098,#2099,#2100);
#2098 = CARTESIAN_POINT('',(155.,-80.,105.));
#2099 = DIRECTION('',(0.256626311645,-0.872529459594,-0.415734624865));
#2100 = DIRECTION('',(-5.711024316605E-18,0.43013970172,-0.902762336944)
  );
#2101 = MANIFOLD_SOLID_BREP('',#2102);
#2102 = CLOSED_SHELL('',(#2103,#2136,#2145));
#2103 = ADVANCED_FACE('',(#2104),#2131,.T.);
#2104 = FACE_BOUND('',#2105,.T.);
#2105 = EDGE_LOOP('',(#2106,#2115,#2123,#2130));
#2106 = ORIENTED_EDGE('',*,*,#2107,.F.);
#2107 = EDGE_CURVE('',#2108,#2108,#2110,.T.);
#2108 = VERTEX_POINT('',#2109);
#2109 = CARTESIAN_POINT('',(180.,-162.8493014913,59.986188315282));
#2110 = CIRCLE('',#2111,5.);
#2111 = AXIS2_PLACEMENT_3D('',#2112,#2113,#2114);
#2112 = CARTESIAN_POINT('',(180.,-165.,64.5));
#2113 = DIRECTION('',(-0.256626311645,-0.872529459594,-0.415734624865));
#2114 = DIRECTION('',(-8.16676349121E-18,0.43013970172,-0.902762336944)
  );
#2115 = ORIENTED_EDGE('',*,*,#2116,.F.);
#2116 = EDGE_CURVE('',#2117,#2108,#2119,.T.);
#2117 = VERTEX_POINT('',#2118);
#2118 = CARTESIAN_POINT('',(205.,-77.84930149139,100.48618831528));
#2119 = LINE('',#2120,#2121);
#2120 = CARTESIAN_POINT('',(205.,-77.84930149139,100.48618831528));
#2121 = VECTOR('',#2122,1.);
#2122 = DIRECTION('',(-0.256626311645,-0.872529459594,-0.415734624865));
#2123 = ORIENTED_EDGE('',*,*,#2124,.T.);
#2124 = EDGE_CURVE('',#2117,#2117,#2125,.T.);
#2125 = CIRCLE('',#2126,5.);
#2126 = AXIS2_PLACEMENT_3D('',#2127,#2128,#2129);
#2127 = CARTESIAN_POINT('',(205.,-80.,105.));
#2128 = DIRECTION('',(-0.256626311645,-0.872529459594,-0.415734624865));
#2129 = DIRECTION('',(-8.16676349121E-18,0.43013970172,-0.902762336944)
  );
#2130 = ORIENTED_EDGE('',*,*,#2116,.T.);
#2131 = CYLINDRICAL_SURFACE('',#2132,5.);
#2132 = AXIS2_PLACEMENT_3D('',#2133,#2134,#2135);
#2133 = CARTESIAN_POINT('',(205.,-80.,105.));
#2134 = DIRECTION('',(-0.256626311645,-0.872529459594,-0.415734624865));
#2135 = DIRECTION('',(5.711024316605E-18,0.43013970172,-0.902762336944)
  );
#2136 = ADVANCED_FACE('',(#2137),#2140,.T.);
#2137 = FACE_BOUND('',#2138,.T.);
#2138 = EDGE_LOOP('',(#2139));
#2139 = ORIENTED_EDGE('',*,*,#2107,.T.);
#2140 = PLANE('',#2141);
#2141 = AXIS2_PLACEMENT_3D('',#2142,#2143,#2144);
#2142 = CARTESIAN_POINT('',(180.,-165.,64.5));
#2143 = DIRECTION('',(-0.256626311645,-0.872529459594,-0.415734624865));
#2144 = DIRECTION('',(5.711024316605E-18,0.43013970172,-0.902762336944)
  );
#2145 = ADVANCED_FACE('',(#2146),#2149,.F.);
#2146 = FACE_BOUND('',#2147,.T.);
#2147 = EDGE_LOOP('',(#2148));
#2148 = ORIENTED_EDGE('',*,*,#2124,.F.);
#2149 = PLANE('',#2150);
#2150 = AXIS2_PLACEMENT_3D('',#2151,#2152,#2153);
#2151 = CARTESIAN_POINT('',(205.,-80.,105.));
#2152 = DIRECTION('',(-0.256626311645,-0.872529459594,-0.415734624865));
#2153 = DIRECTION('',(5.711024316605E-18,0.43013970172,-0.902762336944)
  );
#2154 = MANIFOLD_SOLID_BREP('',#2155);
#2155 = CLOSED_SHELL('',(#2156,#2189,#2198));
#2156 = ADVANCED_FACE('',(#2157),#2184,.T.);
#2157 = FACE_BOUND('',#2158,.T.);
#2158 = EDGE_LOOP('',(#2159,#2168,#2176,#2183));
#2159 = ORIENTED_EDGE('',*,*,#2160,.F.);
#2160 = EDGE_CURVE('',#2161,#2161,#2163,.T.);
#2161 = VERTEX_POINT('',#2162);
#2162 = CARTESIAN_POINT('',(203.,-80.,147.));
#2163 = CIRCLE('',#2164,2.);
#2164 = AXIS2_PLACEMENT_3D('',#2165,#2166,#2167);
#2165 = CARTESIAN_POINT('',(203.,-80.,145.));
#2166 = DIRECTION('',(1.,0.,-0.));
#2167 = DIRECTION('',(0.,0.,1.));
#2168 = ORIENTED_EDGE('',*,*,#2169,.F.);
#2169 = EDGE_CURVE('',#2170,#2161,#2172,.T.);
#2170 = VERTEX_POINT('',#2171);
#2171 = CARTESIAN_POINT('',(157.,-80.,147.));
#2172 = LINE('',#2173,#2174);
#2173 = CARTESIAN_POINT('',(157.,-80.,147.));
#2174 = VECTOR('',#2175,1.);
#2175 = DIRECTION('',(1.,0.,0.));
#2176 = ORIENTED_EDGE('',*,*,#2177,.T.);
#2177 = EDGE_CURVE('',#2170,#2170,#2178,.T.);
#2178 = CIRCLE('',#2179,2.);
#2179 = AXIS2_PLACEMENT_3D('',#2180,#2181,#2182);
#2180 = CARTESIAN_POINT('',(157.,-80.,145.));
#2181 = DIRECTION('',(1.,0.,-0.));
#2182 = DIRECTION('',(0.,0.,1.));
#2183 = ORIENTED_EDGE('',*,*,#2169,.T.);
#2184 = CYLINDRICAL_SURFACE('',#2185,2.);
#2185 = AXIS2_PLACEMENT_3D('',#2186,#2187,#2188);
#2186 = CARTESIAN_POINT('',(157.,-80.,145.));
#2187 = DIRECTION('',(1.,0.,0.));
#2188 = DIRECTION('',(0.,0.,1.));
#2189 = ADVANCED_FACE('',(#2190),#2193,.T.);
#2190 = FACE_BOUND('',#2191,.T.);
#2191 = EDGE_LOOP('',(#2192));
#2192 = ORIENTED_EDGE('',*,*,#2160,.T.);
#2193 = PLANE('',#2194);
#2194 = AXIS2_PLACEMENT_3D('',#2195,#2196,#2197);
#2195 = CARTESIAN_POINT('',(203.,-80.,145.));
#2196 = DIRECTION('',(1.,0.,0.));
#2197 = DIRECTION('',(0.,0.,1.));
#2198 = ADVANCED_FACE('',(#2199),#2202,.F.);
#2199 = FACE_BOUND('',#2200,.T.);
#2200 = EDGE_LOOP('',(#2201));
#2201 = ORIENTED_EDGE('',*,*,#2177,.F.);
#2202 = PLANE('',#2203);
#2203 = AXIS2_PLACEMENT_3D('',#2204,#2205,#2206);
#2204 = CARTESIAN_POINT('',(157.,-80.,145.));
#2205 = DIRECTION('',(1.,0.,0.));
#2206 = DIRECTION('',(0.,0.,1.));
#2207 = MANIFOLD_SOLID_BREP('',#2208);
#2208 = CLOSED_SHELL('',(#2209,#2260,#2291,#2315,#2339,#2356,#2381));
#2209 = ADVANCED_FACE('',(#2210,#2244),#2255,.F.);
#2210 = FACE_BOUND('',#2211,.F.);
#2211 = EDGE_LOOP('',(#2212,#2222,#2230,#2238));
#2212 = ORIENTED_EDGE('',*,*,#2213,.F.);
#2213 = EDGE_CURVE('',#2214,#2216,#2218,.T.);
#2214 = VERTEX_POINT('',#2215);
#2215 = CARTESIAN_POINT('',(158.,-88.,100.));
#2216 = VERTEX_POINT('',#2217);
#2217 = CARTESIAN_POINT('',(158.,-88.,153.));
#2218 = LINE('',#2219,#2220);
#2219 = CARTESIAN_POINT('',(158.,-88.,100.));
#2220 = VECTOR('',#2221,1.);
#2221 = DIRECTION('',(0.,0.,1.));
#2222 = ORIENTED_EDGE('',*,*,#2223,.T.);
#2223 = EDGE_CURVE('',#2214,#2224,#2226,.T.);
#2224 = VERTEX_POINT('',#2225);
#2225 = CARTESIAN_POINT('',(158.,-72.,100.));
#2226 = LINE('',#2227,#2228);
#2227 = CARTESIAN_POINT('',(158.,-88.,100.));
#2228 = VECTOR('',#2229,1.);
#2229 = DIRECTION('',(0.,1.,0.));
#2230 = ORIENTED_EDGE('',*,*,#2231,.T.);
#2231 = EDGE_CURVE('',#2224,#2232,#2234,.T.);
#2232 = VERTEX_POINT('',#2233);
#2233 = CARTESIAN_POINT('',(158.,-72.,153.));
#2234 = LINE('',#2235,#2236);
#2235 = CARTESIAN_POINT('',(158.,-72.,100.));
#2236 = VECTOR('',#2237,1.);
#2237 = DIRECTION('',(0.,0.,1.));
#2238 = ORIENTED_EDGE('',*,*,#2239,.F.);
#2239 = EDGE_CURVE('',#2216,#2232,#2240,.T.);
#2240 = LINE('',#2241,#2242);
#2241 = CARTESIAN_POINT('',(158.,-88.,153.));
#2242 = VECTOR('',#2243,1.);
#2243 = DIRECTION('',(0.,1.,0.));
#2244 = FACE_BOUND('',#2245,.F.);
#2245 = EDGE_LOOP('',(#2246));
#2246 = ORIENTED_EDGE('',*,*,#2247,.F.);
#2247 = EDGE_CURVE('',#2248,#2248,#2250,.T.);
#2248 = VERTEX_POINT('',#2249);
#2249 = CARTESIAN_POINT('',(158.,-80.,147.1));
#2250 = CIRCLE('',#2251,2.1);
#2251 = AXIS2_PLACEMENT_3D('',#2252,#2253,#2254);
#2252 = CARTESIAN_POINT('',(158.,-80.,145.));
#2253 = DIRECTION('',(1.,0.,-0.));
#2254 = DIRECTION('',(0.,0.,1.));
#2255 = PLANE('',#2256);
#2256 = AXIS2_PLACEMENT_3D('',#2257,#2258,#2259);
#2257 = CARTESIAN_POINT('',(158.,-88.,100.));
#2258 = DIRECTION('',(1.,0.,0.));
#2259 = DIRECTION('',(0.,0.,1.));
#2260 = ADVANCED_FACE('',(#2261),#2286,.F.);
#2261 = FACE_BOUND('',#2262,.F.);
#2262 = EDGE_LOOP('',(#2263,#2271,#2272,#2280));
#2263 = ORIENTED_EDGE('',*,*,#2264,.F.);
#2264 = EDGE_CURVE('',#2214,#2265,#2267,.T.);
#2265 = VERTEX_POINT('',#2266);
#2266 = CARTESIAN_POINT('',(166.,-88.,100.));
#2267 = LINE('',#2268,#2269);
#2268 = CARTESIAN_POINT('',(158.,-88.,100.));
#2269 = VECTOR('',#2270,1.);
#2270 = DIRECTION('',(1.,0.,0.));
#2271 = ORIENTED_EDGE('',*,*,#2213,.T.);
#2272 = ORIENTED_EDGE('',*,*,#2273,.T.);
#2273 = EDGE_CURVE('',#2216,#2274,#2276,.T.);
#2274 = VERTEX_POINT('',#2275);
#2275 = CARTESIAN_POINT('',(166.,-88.,153.));
#2276 = LINE('',#2277,#2278);
#2277 = CARTESIAN_POINT('',(158.,-88.,153.));
#2278 = VECTOR('',#2279,1.);
#2279 = DIRECTION('',(1.,0.,0.));
#2280 = ORIENTED_EDGE('',*,*,#2281,.F.);
#2281 = EDGE_CURVE('',#2265,#2274,#2282,.T.);
#2282 = LINE('',#2283,#2284);
#2283 = CARTESIAN_POINT('',(166.,-88.,100.));
#2284 = VECTOR('',#2285,1.);
#2285 = DIRECTION('',(0.,0.,1.));
#2286 = PLANE('',#2287);
#2287 = AXIS2_PLACEMENT_3D('',#2288,#2289,#2290);
#2288 = CARTESIAN_POINT('',(158.,-88.,100.));
#2289 = DIRECTION('',(0.,1.,0.));
#2290 = DIRECTION('',(0.,0.,1.));
#2291 = ADVANCED_FACE('',(#2292),#2310,.T.);
#2292 = FACE_BOUND('',#2293,.T.);
#2293 = EDGE_LOOP('',(#2294,#2295,#2296,#2304));
#2294 = ORIENTED_EDGE('',*,*,#2239,.F.);
#2295 = ORIENTED_EDGE('',*,*,#2273,.T.);
#2296 = ORIENTED_EDGE('',*,*,#2297,.T.);
#2297 = EDGE_CURVE('',#2274,#2298,#2300,.T.);
#2298 = VERTEX_POINT('',#2299);
#2299 = CARTESIAN_POINT('',(166.,-72.,153.));
#2300 = LINE('',#2301,#2302);
#2301 = CARTESIAN_POINT('',(166.,-88.,153.));
#2302 = VECTOR('',#2303,1.);
#2303 = DIRECTION('',(0.,1.,0.));
#2304 = ORIENTED_EDGE('',*,*,#2305,.F.);
#2305 = EDGE_CURVE('',#2232,#2298,#2306,.T.);
#2306 = LINE('',#2307,#2308);
#2307 = CARTESIAN_POINT('',(158.,-72.,153.));
#2308 = VECTOR('',#2309,1.);
#2309 = DIRECTION('',(1.,0.,0.));
#2310 = PLANE('',#2311);
#2311 = AXIS2_PLACEMENT_3D('',#2312,#2313,#2314);
#2312 = CARTESIAN_POINT('',(158.,-88.,153.));
#2313 = DIRECTION('',(0.,0.,1.));
#2314 = DIRECTION('',(1.,0.,0.));
#2315 = ADVANCED_FACE('',(#2316),#2334,.F.);
#2316 = FACE_BOUND('',#2317,.F.);
#2317 = EDGE_LOOP('',(#2318,#2319,#2320,#2328));
#2318 = ORIENTED_EDGE('',*,*,#2223,.F.);
#2319 = ORIENTED_EDGE('',*,*,#2264,.T.);
#2320 = ORIENTED_EDGE('',*,*,#2321,.T.);
#2321 = EDGE_CURVE('',#2265,#2322,#2324,.T.);
#2322 = VERTEX_POINT('',#2323);
#2323 = CARTESIAN_POINT('',(166.,-72.,100.));
#2324 = LINE('',#2325,#2326);
#2325 = CARTESIAN_POINT('',(166.,-88.,100.));
#2326 = VECTOR('',#2327,1.);
#2327 = DIRECTION('',(0.,1.,0.));
#2328 = ORIENTED_EDGE('',*,*,#2329,.F.);
#2329 = EDGE_CURVE('',#2224,#2322,#2330,.T.);
#2330 = LINE('',#2331,#2332);
#2331 = CARTESIAN_POINT('',(158.,-72.,100.));
#2332 = VECTOR('',#2333,1.);
#2333 = DIRECTION('',(1.,0.,0.));
#2334 = PLANE('',#2335);
#2335 = AXIS2_PLACEMENT_3D('',#2336,#2337,#2338);
#2336 = CARTESIAN_POINT('',(158.,-88.,100.));
#2337 = DIRECTION('',(0.,0.,1.));
#2338 = DIRECTION('',(1.,0.,0.));
#2339 = ADVANCED_FACE('',(#2340),#2351,.T.);
#2340 = FACE_BOUND('',#2341,.T.);
#2341 = EDGE_LOOP('',(#2342,#2343,#2344,#2345));
#2342 = ORIENTED_EDGE('',*,*,#2329,.F.);
#2343 = ORIENTED_EDGE('',*,*,#2231,.T.);
#2344 = ORIENTED_EDGE('',*,*,#2305,.T.);
#2345 = ORIENTED_EDGE('',*,*,#2346,.F.);
#2346 = EDGE_CURVE('',#2322,#2298,#2347,.T.);
#2347 = LINE('',#2348,#2349);
#2348 = CARTESIAN_POINT('',(166.,-72.,100.));
#2349 = VECTOR('',#2350,1.);
#2350 = DIRECTION('',(0.,0.,1.));
#2351 = PLANE('',#2352);
#2352 = AXIS2_PLACEMENT_3D('',#2353,#2354,#2355);
#2353 = CARTESIAN_POINT('',(158.,-72.,100.));
#2354 = DIRECTION('',(0.,1.,0.));
#2355 = DIRECTION('',(0.,0.,1.));
#2356 = ADVANCED_FACE('',(#2357),#2376,.F.);
#2357 = FACE_BOUND('',#2358,.F.);
#2358 = EDGE_LOOP('',(#2359,#2368,#2374,#2375));
#2359 = ORIENTED_EDGE('',*,*,#2360,.F.);
#2360 = EDGE_CURVE('',#2361,#2361,#2363,.T.);
#2361 = VERTEX_POINT('',#2362);
#2362 = CARTESIAN_POINT('',(166.,-80.,147.1));
#2363 = CIRCLE('',#2364,2.1);
#2364 = AXIS2_PLACEMENT_3D('',#2365,#2366,#2367);
#2365 = CARTESIAN_POINT('',(166.,-80.,145.));
#2366 = DIRECTION('',(1.,0.,-0.));
#2367 = DIRECTION('',(0.,0.,1.));
#2368 = ORIENTED_EDGE('',*,*,#2369,.F.);
#2369 = EDGE_CURVE('',#2248,#2361,#2370,.T.);
#2370 = LINE('',#2371,#2372);
#2371 = CARTESIAN_POINT('',(157.,-80.,147.1));
#2372 = VECTOR('',#2373,1.);
#2373 = DIRECTION('',(1.,0.,0.));
#2374 = ORIENTED_EDGE('',*,*,#2247,.T.);
#2375 = ORIENTED_EDGE('',*,*,#2369,.T.);
#2376 = CYLINDRICAL_SURFACE('',#2377,2.1);
#2377 = AXIS2_PLACEMENT_3D('',#2378,#2379,#2380);
#2378 = CARTESIAN_POINT('',(157.,-80.,145.));
#2379 = DIRECTION('',(1.,0.,0.));
#2380 = DIRECTION('',(0.,0.,1.));
#2381 = ADVANCED_FACE('',(#2382,#2388),#2391,.T.);
#2382 = FACE_BOUND('',#2383,.T.);
#2383 = EDGE_LOOP('',(#2384,#2385,#2386,#2387));
#2384 = ORIENTED_EDGE('',*,*,#2281,.F.);
#2385 = ORIENTED_EDGE('',*,*,#2321,.T.);
#2386 = ORIENTED_EDGE('',*,*,#2346,.T.);
#2387 = ORIENTED_EDGE('',*,*,#2297,.F.);
#2388 = FACE_BOUND('',#2389,.T.);
#2389 = EDGE_LOOP('',(#2390));
#2390 = ORIENTED_EDGE('',*,*,#2360,.F.);
#2391 = PLANE('',#2392);
#2392 = AXIS2_PLACEMENT_3D('',#2393,#2394,#2395);
#2393 = CARTESIAN_POINT('',(166.,-88.,100.));
#2394 = DIRECTION('',(1.,0.,0.));
#2395 = DIRECTION('',(0.,0.,1.));
#2396 = MANIFOLD_SOLID_BREP('',#2397);
#2397 = CLOSED_SHELL('',(#2398,#2449,#2480,#2504,#2528,#2545,#2570));
#2398 = ADVANCED_FACE('',(#2399,#2433),#2444,.F.);
#2399 = FACE_BOUND('',#2400,.F.);
#2400 = EDGE_LOOP('',(#2401,#2411,#2419,#2427));
#2401 = ORIENTED_EDGE('',*,*,#2402,.F.);
#2402 = EDGE_CURVE('',#2403,#2405,#2407,.T.);
#2403 = VERTEX_POINT('',#2404);
#2404 = CARTESIAN_POINT('',(194.,-88.,100.));
#2405 = VERTEX_POINT('',#2406);
#2406 = CARTESIAN_POINT('',(194.,-88.,153.));
#2407 = LINE('',#2408,#2409);
#2408 = CARTESIAN_POINT('',(194.,-88.,100.));
#2409 = VECTOR('',#2410,1.);
#2410 = DIRECTION('',(0.,0.,1.));
#2411 = ORIENTED_EDGE('',*,*,#2412,.T.);
#2412 = EDGE_CURVE('',#2403,#2413,#2415,.T.);
#2413 = VERTEX_POINT('',#2414);
#2414 = CARTESIAN_POINT('',(194.,-72.,100.));
#2415 = LINE('',#2416,#2417);
#2416 = CARTESIAN_POINT('',(194.,-88.,100.));
#2417 = VECTOR('',#2418,1.);
#2418 = DIRECTION('',(0.,1.,0.));
#2419 = ORIENTED_EDGE('',*,*,#2420,.T.);
#2420 = EDGE_CURVE('',#2413,#2421,#2423,.T.);
#2421 = VERTEX_POINT('',#2422);
#2422 = CARTESIAN_POINT('',(194.,-72.,153.));
#2423 = LINE('',#2424,#2425);
#2424 = CARTESIAN_POINT('',(194.,-72.,100.));
#2425 = VECTOR('',#2426,1.);
#2426 = DIRECTION('',(0.,0.,1.));
#2427 = ORIENTED_EDGE('',*,*,#2428,.F.);
#2428 = EDGE_CURVE('',#2405,#2421,#2429,.T.);
#2429 = LINE('',#2430,#2431);
#2430 = CARTESIAN_POINT('',(194.,-88.,153.));
#2431 = VECTOR('',#2432,1.);
#2432 = DIRECTION('',(0.,1.,0.));
#2433 = FACE_BOUND('',#2434,.F.);
#2434 = EDGE_LOOP('',(#2435));
#2435 = ORIENTED_EDGE('',*,*,#2436,.F.);
#2436 = EDGE_CURVE('',#2437,#2437,#2439,.T.);
#2437 = VERTEX_POINT('',#2438);
#2438 = CARTESIAN_POINT('',(194.,-80.,147.1));
#2439 = CIRCLE('',#2440,2.1);
#2440 = AXIS2_PLACEMENT_3D('',#2441,#2442,#2443);
#2441 = CARTESIAN_POINT('',(194.,-80.,145.));
#2442 = DIRECTION('',(1.,0.,-0.));
#2443 = DIRECTION('',(0.,0.,1.));
#2444 = PLANE('',#2445);
#2445 = AXIS2_PLACEMENT_3D('',#2446,#2447,#2448);
#2446 = CARTESIAN_POINT('',(194.,-88.,100.));
#2447 = DIRECTION('',(1.,0.,0.));
#2448 = DIRECTION('',(0.,0.,1.));
#2449 = ADVANCED_FACE('',(#2450),#2475,.F.);
#2450 = FACE_BOUND('',#2451,.F.);
#2451 = EDGE_LOOP('',(#2452,#2460,#2461,#2469));
#2452 = ORIENTED_EDGE('',*,*,#2453,.F.);
#2453 = EDGE_CURVE('',#2403,#2454,#2456,.T.);
#2454 = VERTEX_POINT('',#2455);
#2455 = CARTESIAN_POINT('',(202.,-88.,100.));
#2456 = LINE('',#2457,#2458);
#2457 = CARTESIAN_POINT('',(194.,-88.,100.));
#2458 = VECTOR('',#2459,1.);
#2459 = DIRECTION('',(1.,0.,0.));
#2460 = ORIENTED_EDGE('',*,*,#2402,.T.);
#2461 = ORIENTED_EDGE('',*,*,#2462,.T.);
#2462 = EDGE_CURVE('',#2405,#2463,#2465,.T.);
#2463 = VERTEX_POINT('',#2464);
#2464 = CARTESIAN_POINT('',(202.,-88.,153.));
#2465 = LINE('',#2466,#2467);
#2466 = CARTESIAN_POINT('',(194.,-88.,153.));
#2467 = VECTOR('',#2468,1.);
#2468 = DIRECTION('',(1.,0.,0.));
#2469 = ORIENTED_EDGE('',*,*,#2470,.F.);
#2470 = EDGE_CURVE('',#2454,#2463,#2471,.T.);
#2471 = LINE('',#2472,#2473);
#2472 = CARTESIAN_POINT('',(202.,-88.,100.));
#2473 = VECTOR('',#2474,1.);
#2474 = DIRECTION('',(0.,0.,1.));
#2475 = PLANE('',#2476);
#2476 = AXIS2_PLACEMENT_3D('',#2477,#2478,#2479);
#2477 = CARTESIAN_POINT('',(194.,-88.,100.));
#2478 = DIRECTION('',(0.,1.,0.));
#2479 = DIRECTION('',(0.,0.,1.));
#2480 = ADVANCED_FACE('',(#2481),#2499,.T.);
#2481 = FACE_BOUND('',#2482,.T.);
#2482 = EDGE_LOOP('',(#2483,#2484,#2485,#2493));
#2483 = ORIENTED_EDGE('',*,*,#2428,.F.);
#2484 = ORIENTED_EDGE('',*,*,#2462,.T.);
#2485 = ORIENTED_EDGE('',*,*,#2486,.T.);
#2486 = EDGE_CURVE('',#2463,#2487,#2489,.T.);
#2487 = VERTEX_POINT('',#2488);
#2488 = CARTESIAN_POINT('',(202.,-72.,153.));
#2489 = LINE('',#2490,#2491);
#2490 = CARTESIAN_POINT('',(202.,-88.,153.));
#2491 = VECTOR('',#2492,1.);
#2492 = DIRECTION('',(0.,1.,0.));
#2493 = ORIENTED_EDGE('',*,*,#2494,.F.);
#2494 = EDGE_CURVE('',#2421,#2487,#2495,.T.);
#2495 = LINE('',#2496,#2497);
#2496 = CARTESIAN_POINT('',(194.,-72.,153.));
#2497 = VECTOR('',#2498,1.);
#2498 = DIRECTION('',(1.,0.,0.));
#2499 = PLANE('',#2500);
#2500 = AXIS2_PLACEMENT_3D('',#2501,#2502,#2503);
#2501 = CARTESIAN_POINT('',(194.,-88.,153.));
#2502 = DIRECTION('',(0.,0.,1.));
#2503 = DIRECTION('',(1.,0.,0.));
#2504 = ADVANCED_FACE('',(#2505),#2523,.F.);
#2505 = FACE_BOUND('',#2506,.F.);
#2506 = EDGE_LOOP('',(#2507,#2508,#2509,#2517));
#2507 = ORIENTED_EDGE('',*,*,#2412,.F.);
#2508 = ORIENTED_EDGE('',*,*,#2453,.T.);
#2509 = ORIENTED_EDGE('',*,*,#2510,.T.);
#2510 = EDGE_CURVE('',#2454,#2511,#2513,.T.);
#2511 = VERTEX_POINT('',#2512);
#2512 = CARTESIAN_POINT('',(202.,-72.,100.));
#2513 = LINE('',#2514,#2515);
#2514 = CARTESIAN_POINT('',(202.,-88.,100.));
#2515 = VECTOR('',#2516,1.);
#2516 = DIRECTION('',(0.,1.,0.));
#2517 = ORIENTED_EDGE('',*,*,#2518,.F.);
#2518 = EDGE_CURVE('',#2413,#2511,#2519,.T.);
#2519 = LINE('',#2520,#2521);
#2520 = CARTESIAN_POINT('',(194.,-72.,100.));
#2521 = VECTOR('',#2522,1.);
#2522 = DIRECTION('',(1.,0.,0.));
#2523 = PLANE('',#2524);
#2524 = AXIS2_PLACEMENT_3D('',#2525,#2526,#2527);
#2525 = CARTESIAN_POINT('',(194.,-88.,100.));
#2526 = DIRECTION('',(0.,0.,1.));
#2527 = DIRECTION('',(1.,0.,0.));
#2528 = ADVANCED_FACE('',(#2529),#2540,.T.);
#2529 = FACE_BOUND('',#2530,.T.);
#2530 = EDGE_LOOP('',(#2531,#2532,#2533,#2534));
#2531 = ORIENTED_EDGE('',*,*,#2518,.F.);
#2532 = ORIENTED_EDGE('',*,*,#2420,.T.);
#2533 = ORIENTED_EDGE('',*,*,#2494,.T.);
#2534 = ORIENTED_EDGE('',*,*,#2535,.F.);
#2535 = EDGE_CURVE('',#2511,#2487,#2536,.T.);
#2536 = LINE('',#2537,#2538);
#2537 = CARTESIAN_POINT('',(202.,-72.,100.));
#2538 = VECTOR('',#2539,1.);
#2539 = DIRECTION('',(0.,0.,1.));
#2540 = PLANE('',#2541);
#2541 = AXIS2_PLACEMENT_3D('',#2542,#2543,#2544);
#2542 = CARTESIAN_POINT('',(194.,-72.,100.));
#2543 = DIRECTION('',(0.,1.,0.));
#2544 = DIRECTION('',(0.,0.,1.));
#2545 = ADVANCED_FACE('',(#2546),#2565,.F.);
#2546 = FACE_BOUND('',#2547,.F.);
#2547 = EDGE_LOOP('',(#2548,#2557,#2563,#2564));
#2548 = ORIENTED_EDGE('',*,*,#2549,.F.);
#2549 = EDGE_CURVE('',#2550,#2550,#2552,.T.);
#2550 = VERTEX_POINT('',#2551);
#2551 = CARTESIAN_POINT('',(202.,-80.,147.1));
#2552 = CIRCLE('',#2553,2.1);
#2553 = AXIS2_PLACEMENT_3D('',#2554,#2555,#2556);
#2554 = CARTESIAN_POINT('',(202.,-80.,145.));
#2555 = DIRECTION('',(1.,0.,-0.));
#2556 = DIRECTION('',(0.,0.,1.));
#2557 = ORIENTED_EDGE('',*,*,#2558,.F.);
#2558 = EDGE_CURVE('',#2437,#2550,#2559,.T.);
#2559 = LINE('',#2560,#2561);
#2560 = CARTESIAN_POINT('',(193.,-80.,147.1));
#2561 = VECTOR('',#2562,1.);
#2562 = DIRECTION('',(1.,0.,0.));
#2563 = ORIENTED_EDGE('',*,*,#2436,.T.);
#2564 = ORIENTED_EDGE('',*,*,#2558,.T.);
#2565 = CYLINDRICAL_SURFACE('',#2566,2.1);
#2566 = AXIS2_PLACEMENT_3D('',#2567,#2568,#2569);
#2567 = CARTESIAN_POINT('',(193.,-80.,145.));
#2568 = DIRECTION('',(1.,0.,0.));
#2569 = DIRECTION('',(0.,0.,1.));
#2570 = ADVANCED_FACE('',(#2571,#2577),#2580,.T.);
#2571 = FACE_BOUND('',#2572,.T.);
#2572 = EDGE_LOOP('',(#2573,#2574,#2575,#2576));
#2573 = ORIENTED_EDGE('',*,*,#2470,.F.);
#2574 = ORIENTED_EDGE('',*,*,#2510,.T.);
#2575 = ORIENTED_EDGE('',*,*,#2535,.T.);
#2576 = ORIENTED_EDGE('',*,*,#2486,.F.);
#2577 = FACE_BOUND('',#2578,.T.);
#2578 = EDGE_LOOP('',(#2579));
#2579 = ORIENTED_EDGE('',*,*,#2549,.F.);
#2580 = PLANE('',#2581);
#2581 = AXIS2_PLACEMENT_3D('',#2582,#2583,#2584);
#2582 = CARTESIAN_POINT('',(202.,-88.,100.));
#2583 = DIRECTION('',(1.,0.,0.));
#2584 = DIRECTION('',(0.,0.,1.));
#2585 = MANIFOLD_SOLID_BREP('',#2586);
#2586 = CLOSED_SHELL('',(#2587,#2620,#2629));
#2587 = ADVANCED_FACE('',(#2588),#2615,.T.);
#2588 = FACE_BOUND('',#2589,.T.);
#2589 = EDGE_LOOP('',(#2590,#2599,#2607,#2614));
#2590 = ORIENTED_EDGE('',*,*,#2591,.F.);
#2591 = EDGE_CURVE('',#2592,#2592,#2594,.T.);
#2592 = VERTEX_POINT('',#2593);
#2593 = CARTESIAN_POINT('',(180.,-163.0730695653,104.88622290306));
#2594 = CIRCLE('',#2595,5.);
#2595 = AXIS2_PLACEMENT_3D('',#2596,#2597,#2598);
#2596 = CARTESIAN_POINT('',(180.,-165.,109.5));
#2597 = DIRECTION('',(0.2619237387,-0.890540711579,-0.371931708954));
#2598 = DIRECTION('',(2.631224163001E-17,0.38538608692,-0.922755419387)
  );
#2599 = ORIENTED_EDGE('',*,*,#2600,.F.);
#2600 = EDGE_CURVE('',#2601,#2592,#2603,.T.);
#2601 = VERTEX_POINT('',#2602);
#2602 = CARTESIAN_POINT('',(155.,-78.07306956539,140.38622290306));
#2603 = LINE('',#2604,#2605);
#2604 = CARTESIAN_POINT('',(155.,-78.07306956539,140.38622290306));
#2605 = VECTOR('',#2606,1.);
#2606 = DIRECTION('',(0.2619237387,-0.890540711579,-0.371931708954));
#2607 = ORIENTED_EDGE('',*,*,#2608,.T.);
#2608 = EDGE_CURVE('',#2601,#2601,#2609,.T.);
#2609 = CIRCLE('',#2610,5.);
#2610 = AXIS2_PLACEMENT_3D('',#2611,#2612,#2613);
#2611 = CARTESIAN_POINT('',(155.,-80.,145.));
#2612 = DIRECTION('',(0.2619237387,-0.890540711579,-0.371931708954));
#2613 = DIRECTION('',(2.631224163001E-17,0.38538608692,-0.922755419387)
  );
#2614 = ORIENTED_EDGE('',*,*,#2600,.T.);
#2615 = CYLINDRICAL_SURFACE('',#2616,5.);
#2616 = AXIS2_PLACEMENT_3D('',#2617,#2618,#2619);
#2617 = CARTESIAN_POINT('',(155.,-80.,145.));
#2618 = DIRECTION('',(0.2619237387,-0.890540711579,-0.371931708954));
#2619 = DIRECTION('',(1.395350660049E-17,0.38538608692,-0.922755419387)
  );
#2620 = ADVANCED_FACE('',(#2621),#2624,.T.);
#2621 = FACE_BOUND('',#2622,.T.);
#2622 = EDGE_LOOP('',(#2623));
#2623 = ORIENTED_EDGE('',*,*,#2591,.T.);
#2624 = PLANE('',#2625);
#2625 = AXIS2_PLACEMENT_3D('',#2626,#2627,#2628);
#2626 = CARTESIAN_POINT('',(180.,-165.,109.5));
#2627 = DIRECTION('',(0.2619237387,-0.890540711579,-0.371931708954));
#2628 = DIRECTION('',(1.395350660049E-17,0.38538608692,-0.922755419387)
  );
#2629 = ADVANCED_FACE('',(#2630),#2633,.F.);
#2630 = FACE_BOUND('',#2631,.T.);
#2631 = EDGE_LOOP('',(#2632));
#2632 = ORIENTED_EDGE('',*,*,#2608,.F.);
#2633 = PLANE('',#2634);
#2634 = AXIS2_PLACEMENT_3D('',#2635,#2636,#2637);
#2635 = CARTESIAN_POINT('',(155.,-80.,145.));
#2636 = DIRECTION('',(0.2619237387,-0.890540711579,-0.371931708954));
#2637 = DIRECTION('',(1.395350660049E-17,0.38538608692,-0.922755419387)
  );
#2638 = MANIFOLD_SOLID_BREP('',#2639);
#2639 = CLOSED_SHELL('',(#2640,#2673,#2682));
#2640 = ADVANCED_FACE('',(#2641),#2668,.T.);
#2641 = FACE_BOUND('',#2642,.T.);
#2642 = EDGE_LOOP('',(#2643,#2652,#2660,#2667));
#2643 = ORIENTED_EDGE('',*,*,#2644,.F.);
#2644 = EDGE_CURVE('',#2645,#2645,#2647,.T.);
#2645 = VERTEX_POINT('',#2646);
#2646 = CARTESIAN_POINT('',(180.,-163.0730695653,104.88622290306));
#2647 = CIRCLE('',#2648,5.);
#2648 = AXIS2_PLACEMENT_3D('',#2649,#2650,#2651);
#2649 = CARTESIAN_POINT('',(180.,-165.,109.5));
#2650 = DIRECTION('',(-0.2619237387,-0.890540711579,-0.371931708954));
#2651 = DIRECTION('',(-2.631224163001E-17,0.38538608692,-0.922755419387)
  );
#2652 = ORIENTED_EDGE('',*,*,#2653,.F.);
#2653 = EDGE_CURVE('',#2654,#2645,#2656,.T.);
#2654 = VERTEX_POINT('',#2655);
#2655 = CARTESIAN_POINT('',(205.,-78.07306956539,140.38622290306));
#2656 = LINE('',#2657,#2658);
#2657 = CARTESIAN_POINT('',(205.,-78.07306956539,140.38622290306));
#2658 = VECTOR('',#2659,1.);
#2659 = DIRECTION('',(-0.2619237387,-0.890540711579,-0.371931708954));
#2660 = ORIENTED_EDGE('',*,*,#2661,.T.);
#2661 = EDGE_CURVE('',#2654,#2654,#2662,.T.);
#2662 = CIRCLE('',#2663,5.);
#2663 = AXIS2_PLACEMENT_3D('',#2664,#2665,#2666);
#2664 = CARTESIAN_POINT('',(205.,-80.,145.));
#2665 = DIRECTION('',(-0.2619237387,-0.890540711579,-0.371931708954));
#2666 = DIRECTION('',(-2.631224163001E-17,0.38538608692,-0.922755419387)
  );
#2667 = ORIENTED_EDGE('',*,*,#2653,.T.);
#2668 = CYLINDRICAL_SURFACE('',#2669,5.);
#2669 = AXIS2_PLACEMENT_3D('',#2670,#2671,#2672);
#2670 = CARTESIAN_POINT('',(205.,-80.,145.));
#2671 = DIRECTION('',(-0.2619237387,-0.890540711579,-0.371931708954));
#2672 = DIRECTION('',(-1.395350660049E-17,0.38538608692,-0.922755419387)
  );
#2673 = ADVANCED_FACE('',(#2674),#2677,.T.);
#2674 = FACE_BOUND('',#2675,.T.);
#2675 = EDGE_LOOP('',(#2676));
#2676 = ORIENTED_EDGE('',*,*,#2644,.T.);
#2677 = PLANE('',#2678);
#2678 = AXIS2_PLACEMENT_3D('',#2679,#2680,#2681);
#2679 = CARTESIAN_POINT('',(180.,-165.,109.5));
#2680 = DIRECTION('',(-0.2619237387,-0.890540711579,-0.371931708954));
#2681 = DIRECTION('',(-1.395350660049E-17,0.38538608692,-0.922755419387)
  );
#2682 = ADVANCED_FACE('',(#2683),#2686,.F.);
#2683 = FACE_BOUND('',#2684,.T.);
#2684 = EDGE_LOOP('',(#2685));
#2685 = ORIENTED_EDGE('',*,*,#2661,.F.);
#2686 = PLANE('',#2687);
#2687 = AXIS2_PLACEMENT_3D('',#2688,#2689,#2690);
#2688 = CARTESIAN_POINT('',(205.,-80.,145.));
#2689 = DIRECTION('',(-0.2619237387,-0.890540711579,-0.371931708954));
#2690 = DIRECTION('',(-1.395350660049E-17,0.38538608692,-0.922755419387)
  );
#2691 = MANIFOLD_SOLID_BREP('',#2692);
#2692 = CLOSED_SHELL('',(#2693,#2733,#2773,#2795,#2817,#2829));
#2693 = ADVANCED_FACE('',(#2694),#2728,.F.);
#2694 = FACE_BOUND('',#2695,.F.);
#2695 = EDGE_LOOP('',(#2696,#2706,#2714,#2722));
#2696 = ORIENTED_EDGE('',*,*,#2697,.F.);
#2697 = EDGE_CURVE('',#2698,#2700,#2702,.T.);
#2698 = VERTEX_POINT('',#2699);
#2699 = CARTESIAN_POINT('',(168.,-173.,64.5));
#2700 = VERTEX_POINT('',#2701);
#2701 = CARTESIAN_POINT('',(168.,-173.,109.5));
#2702 = LINE('',#2703,#2704);
#2703 = CARTESIAN_POINT('',(168.,-173.,64.5));
#2704 = VECTOR('',#2705,1.);
#2705 = DIRECTION('',(0.,0.,1.));
#2706 = ORIENTED_EDGE('',*,*,#2707,.T.);
#2707 = EDGE_CURVE('',#2698,#2708,#2710,.T.);
#2708 = VERTEX_POINT('',#2709);
#2709 = CARTESIAN_POINT('',(168.,-157.,64.5));
#2710 = LINE('',#2711,#2712);
#2711 = CARTESIAN_POINT('',(168.,-173.,64.5));
#2712 = VECTOR('',#2713,1.);
#2713 = DIRECTION('',(0.,1.,0.));
#2714 = ORIENTED_EDGE('',*,*,#2715,.T.);
#2715 = EDGE_CURVE('',#2708,#2716,#2718,.T.);
#2716 = VERTEX_POINT('',#2717);
#2717 = CARTESIAN_POINT('',(168.,-157.,109.5));
#2718 = LINE('',#2719,#2720);
#2719 = CARTESIAN_POINT('',(168.,-157.,64.5));
#2720 = VECTOR('',#2721,1.);
#2721 = DIRECTION('',(0.,0.,1.));
#2722 = ORIENTED_EDGE('',*,*,#2723,.F.);
#2723 = EDGE_CURVE('',#2700,#2716,#2724,.T.);
#2724 = LINE('',#2725,#2726);
#2725 = CARTESIAN_POINT('',(168.,-173.,109.5));
#2726 = VECTOR('',#2727,1.);
#2727 = DIRECTION('',(0.,1.,0.));
#2728 = PLANE('',#2729);
#2729 = AXIS2_PLACEMENT_3D('',#2730,#2731,#2732);
#2730 = CARTESIAN_POINT('',(168.,-173.,64.5));
#2731 = DIRECTION('',(1.,0.,0.));
#2732 = DIRECTION('',(0.,0.,1.));
#2733 = ADVANCED_FACE('',(#2734),#2768,.T.);
#2734 = FACE_BOUND('',#2735,.T.);
#2735 = EDGE_LOOP('',(#2736,#2746,#2754,#2762));
#2736 = ORIENTED_EDGE('',*,*,#2737,.F.);
#2737 = EDGE_CURVE('',#2738,#2740,#2742,.T.);
#2738 = VERTEX_POINT('',#2739);
#2739 = CARTESIAN_POINT('',(192.,-173.,64.5));
#2740 = VERTEX_POINT('',#2741);
#2741 = CARTESIAN_POINT('',(192.,-173.,109.5));
#2742 = LINE('',#2743,#2744);
#2743 = CARTESIAN_POINT('',(192.,-173.,64.5));
#2744 = VECTOR('',#2745,1.);
#2745 = DIRECTION('',(0.,0.,1.));
#2746 = ORIENTED_EDGE('',*,*,#2747,.T.);
#2747 = EDGE_CURVE('',#2738,#2748,#2750,.T.);
#2748 = VERTEX_POINT('',#2749);
#2749 = CARTESIAN_POINT('',(192.,-157.,64.5));
#2750 = LINE('',#2751,#2752);
#2751 = CARTESIAN_POINT('',(192.,-173.,64.5));
#2752 = VECTOR('',#2753,1.);
#2753 = DIRECTION('',(0.,1.,0.));
#2754 = ORIENTED_EDGE('',*,*,#2755,.T.);
#2755 = EDGE_CURVE('',#2748,#2756,#2758,.T.);
#2756 = VERTEX_POINT('',#2757);
#2757 = CARTESIAN_POINT('',(192.,-157.,109.5));
#2758 = LINE('',#2759,#2760);
#2759 = CARTESIAN_POINT('',(192.,-157.,64.5));
#2760 = VECTOR('',#2761,1.);
#2761 = DIRECTION('',(0.,0.,1.));
#2762 = ORIENTED_EDGE('',*,*,#2763,.F.);
#2763 = EDGE_CURVE('',#2740,#2756,#2764,.T.);
#2764 = LINE('',#2765,#2766);
#2765 = CARTESIAN_POINT('',(192.,-173.,109.5));
#2766 = VECTOR('',#2767,1.);
#2767 = DIRECTION('',(0.,1.,0.));
#2768 = PLANE('',#2769);
#2769 = AXIS2_PLACEMENT_3D('',#2770,#2771,#2772);
#2770 = CARTESIAN_POINT('',(192.,-173.,64.5));
#2771 = DIRECTION('',(1.,0.,0.));
#2772 = DIRECTION('',(0.,0.,1.));
#2773 = ADVANCED_FACE('',(#2774),#2790,.F.);
#2774 = FACE_BOUND('',#2775,.F.);
#2775 = EDGE_LOOP('',(#2776,#2782,#2783,#2789));
#2776 = ORIENTED_EDGE('',*,*,#2777,.F.);
#2777 = EDGE_CURVE('',#2698,#2738,#2778,.T.);
#2778 = LINE('',#2779,#2780);
#2779 = CARTESIAN_POINT('',(168.,-173.,64.5));
#2780 = VECTOR('',#2781,1.);
#2781 = DIRECTION('',(1.,0.,0.));
#2782 = ORIENTED_EDGE('',*,*,#2697,.T.);
#2783 = ORIENTED_EDGE('',*,*,#2784,.T.);
#2784 = EDGE_CURVE('',#2700,#2740,#2785,.T.);
#2785 = LINE('',#2786,#2787);
#2786 = CARTESIAN_POINT('',(168.,-173.,109.5));
#2787 = VECTOR('',#2788,1.);
#2788 = DIRECTION('',(1.,0.,0.));
#2789 = ORIENTED_EDGE('',*,*,#2737,.F.);
#2790 = PLANE('',#2791);
#2791 = AXIS2_PLACEMENT_3D('',#2792,#2793,#2794);
#2792 = CARTESIAN_POINT('',(168.,-173.,64.5));
#2793 = DIRECTION('',(0.,1.,0.));
#2794 = DIRECTION('',(0.,0.,1.));
#2795 = ADVANCED_FACE('',(#2796),#2812,.T.);
#2796 = FACE_BOUND('',#2797,.T.);
#2797 = EDGE_LOOP('',(#2798,#2804,#2805,#2811));
#2798 = ORIENTED_EDGE('',*,*,#2799,.F.);
#2799 = EDGE_CURVE('',#2708,#2748,#2800,.T.);
#2800 = LINE('',#2801,#2802);
#2801 = CARTESIAN_POINT('',(168.,-157.,64.5));
#2802 = VECTOR('',#2803,1.);
#2803 = DIRECTION('',(1.,0.,0.));
#2804 = ORIENTED_EDGE('',*,*,#2715,.T.);
#2805 = ORIENTED_EDGE('',*,*,#2806,.T.);
#2806 = EDGE_CURVE('',#2716,#2756,#2807,.T.);
#2807 = LINE('',#2808,#2809);
#2808 = CARTESIAN_POINT('',(168.,-157.,109.5));
#2809 = VECTOR('',#2810,1.);
#2810 = DIRECTION('',(1.,0.,0.));
#2811 = ORIENTED_EDGE('',*,*,#2755,.F.);
#2812 = PLANE('',#2813);
#2813 = AXIS2_PLACEMENT_3D('',#2814,#2815,#2816);
#2814 = CARTESIAN_POINT('',(168.,-157.,64.5));
#2815 = DIRECTION('',(0.,1.,0.));
#2816 = DIRECTION('',(0.,0.,1.));
#2817 = ADVANCED_FACE('',(#2818),#2824,.F.);
#2818 = FACE_BOUND('',#2819,.F.);
#2819 = EDGE_LOOP('',(#2820,#2821,#2822,#2823));
#2820 = ORIENTED_EDGE('',*,*,#2707,.F.);
#2821 = ORIENTED_EDGE('',*,*,#2777,.T.);
#2822 = ORIENTED_EDGE('',*,*,#2747,.T.);
#2823 = ORIENTED_EDGE('',*,*,#2799,.F.);
#2824 = PLANE('',#2825);
#2825 = AXIS2_PLACEMENT_3D('',#2826,#2827,#2828);
#2826 = CARTESIAN_POINT('',(168.,-173.,64.5));
#2827 = DIRECTION('',(0.,0.,1.));
#2828 = DIRECTION('',(1.,0.,0.));
#2829 = ADVANCED_FACE('',(#2830),#2836,.T.);
#2830 = FACE_BOUND('',#2831,.T.);
#2831 = EDGE_LOOP('',(#2832,#2833,#2834,#2835));
#2832 = ORIENTED_EDGE('',*,*,#2723,.F.);
#2833 = ORIENTED_EDGE('',*,*,#2784,.T.);
#2834 = ORIENTED_EDGE('',*,*,#2763,.T.);
#2835 = ORIENTED_EDGE('',*,*,#2806,.F.);
#2836 = PLANE('',#2837);
#2837 = AXIS2_PLACEMENT_3D('',#2838,#2839,#2840);
#2838 = CARTESIAN_POINT('',(168.,-173.,109.5));
#2839 = DIRECTION('',(0.,0.,1.));
#2840 = DIRECTION('',(1.,0.,0.));
#2841 = MANIFOLD_SOLID_BREP('',#2842);
#2842 = CLOSED_SHELL('',(#2843));
#2843 = ADVANCED_FACE('',(#2844),#2848,.T.);
#2844 = FACE_BOUND('',#2845,.T.);
#2845 = VERTEX_LOOP('',#2846);
#2846 = VERTEX_POINT('',#2847);
#2847 = CARTESIAN_POINT('',(180.,-165.,58.5));
#2848 = SPHERICAL_SURFACE('',#2849,6.);
#2849 = AXIS2_PLACEMENT_3D('',#2850,#2851,#2852);
#2850 = CARTESIAN_POINT('',(180.,-165.,64.5));
#2851 = DIRECTION('',(0.,0.,1.));
#2852 = DIRECTION('',(1.,0.,0.));
#2853 = MANIFOLD_SOLID_BREP('',#2854);
#2854 = CLOSED_SHELL('',(#2855));
#2855 = ADVANCED_FACE('',(#2856),#2860,.T.);
#2856 = FACE_BOUND('',#2857,.T.);
#2857 = VERTEX_LOOP('',#2858);
#2858 = VERTEX_POINT('',#2859);
#2859 = CARTESIAN_POINT('',(180.,-165.,103.5));
#2860 = SPHERICAL_SURFACE('',#2861,6.);
#2861 = AXIS2_PLACEMENT_3D('',#2862,#2863,#2864);
#2862 = CARTESIAN_POINT('',(180.,-165.,109.5));
#2863 = DIRECTION('',(0.,0.,1.));
#2864 = DIRECTION('',(1.,0.,0.));
#2865 = MANIFOLD_SOLID_BREP('',#2866);
#2866 = CLOSED_SHELL('',(#2867,#2900,#2909));
#2867 = ADVANCED_FACE('',(#2868),#2895,.T.);
#2868 = FACE_BOUND('',#2869,.T.);
#2869 = EDGE_LOOP('',(#2870,#2879,#2887,#2894));
#2870 = ORIENTED_EDGE('',*,*,#2871,.F.);
#2871 = EDGE_CURVE('',#2872,#2872,#2874,.T.);
#2872 = VERTEX_POINT('',#2873);
#2873 = CARTESIAN_POINT('',(137.,-102.624634531,192.87413308293));
#2874 = CIRCLE('',#2875,2.5);
#2875 = AXIS2_PLACEMENT_3D('',#2876,#2877,#2878);
#2876 = CARTESIAN_POINT('',(137.,-105.,193.6536450385));
#2877 = DIRECTION('',(-0.217391304348,0.304347826087,0.927423000335));
#2878 = DIRECTION('',(-1.350813400693E-17,0.950146187583,-0.311804782231
    ));
#2879 = ORIENTED_EDGE('',*,*,#2880,.F.);
#2880 = EDGE_CURVE('',#2881,#2872,#2883,.T.);
#2881 = VERTEX_POINT('',#2882);
#2882 = CARTESIAN_POINT('',(162.,-137.624634531,86.220488044422));
#2883 = LINE('',#2884,#2885);
#2884 = CARTESIAN_POINT('',(162.,-137.624634531,86.220488044422));
#2885 = VECTOR('',#2886,1.);
#2886 = DIRECTION('',(-0.217391304348,0.304347826087,0.927423000335));
#2887 = ORIENTED_EDGE('',*,*,#2888,.T.);
#2888 = EDGE_CURVE('',#2881,#2881,#2889,.T.);
#2889 = CIRCLE('',#2890,2.5);
#2890 = AXIS2_PLACEMENT_3D('',#2891,#2892,#2893);
#2891 = CARTESIAN_POINT('',(162.,-140.,87.));
#2892 = DIRECTION('',(-0.217391304348,0.304347826087,0.927423000335));
#2893 = DIRECTION('',(-1.350813400693E-17,0.950146187583,-0.311804782231
    ));
#2894 = ORIENTED_EDGE('',*,*,#2880,.T.);
#2895 = CYLINDRICAL_SURFACE('',#2896,2.5);
#2896 = AXIS2_PLACEMENT_3D('',#2897,#2898,#2899);
#2897 = CARTESIAN_POINT('',(162.,-140.,87.));
#2898 = DIRECTION('',(-0.217391304348,0.304347826087,0.927423000335));
#2899 = DIRECTION('',(-1.350813400693E-17,0.950146187583,-0.311804782231
    ));
#2900 = ADVANCED_FACE('',(#2901),#2904,.T.);
#2901 = FACE_BOUND('',#2902,.T.);
#2902 = EDGE_LOOP('',(#2903));
#2903 = ORIENTED_EDGE('',*,*,#2871,.T.);
#2904 = PLANE('',#2905);
#2905 = AXIS2_PLACEMENT_3D('',#2906,#2907,#2908);
#2906 = CARTESIAN_POINT('',(137.,-105.,193.6536450385));
#2907 = DIRECTION('',(-0.217391304348,0.304347826087,0.927423000335));
#2908 = DIRECTION('',(-1.350813400693E-17,0.950146187583,-0.311804782231
    ));
#2909 = ADVANCED_FACE('',(#2910),#2913,.F.);
#2910 = FACE_BOUND('',#2911,.T.);
#2911 = EDGE_LOOP('',(#2912));
#2912 = ORIENTED_EDGE('',*,*,#2888,.F.);
#2913 = PLANE('',#2914);
#2914 = AXIS2_PLACEMENT_3D('',#2915,#2916,#2917);
#2915 = CARTESIAN_POINT('',(162.,-140.,87.));
#2916 = DIRECTION('',(-0.217391304348,0.304347826087,0.927423000335));
#2917 = DIRECTION('',(-1.350813400693E-17,0.950146187583,-0.311804782231
    ));
#2918 = MANIFOLD_SOLID_BREP('',#2919);
#2919 = CLOSED_SHELL('',(#2920,#2953,#2962));
#2920 = ADVANCED_FACE('',(#2921),#2948,.T.);
#2921 = FACE_BOUND('',#2922,.T.);
#2922 = EDGE_LOOP('',(#2923,#2932,#2940,#2947));
#2923 = ORIENTED_EDGE('',*,*,#2924,.F.);
#2924 = EDGE_CURVE('',#2925,#2925,#2927,.T.);
#2925 = VERTEX_POINT('',#2926);
#2926 = CARTESIAN_POINT('',(137.,-96.44868431175,190.84740199842));
#2927 = CIRCLE('',#2928,9.);
#2928 = AXIS2_PLACEMENT_3D('',#2929,#2930,#2931);
#2929 = CARTESIAN_POINT('',(137.,-105.,193.6536450385));
#2930 = DIRECTION('',(-0.217391304348,0.304347826087,0.927423000335));
#2931 = DIRECTION('',(-1.350813400693E-17,0.950146187583,-0.311804782231
    ));
#2932 = ORIENTED_EDGE('',*,*,#2933,.F.);
#2933 = EDGE_CURVE('',#2934,#2925,#2936,.T.);
#2934 = VERTEX_POINT('',#2935);
#2935 = CARTESIAN_POINT('',(154.5,-120.9486843117,116.18985047147));
#2936 = LINE('',#2937,#2938);
#2937 = CARTESIAN_POINT('',(154.5,-120.9486843117,116.18985047147));
#2938 = VECTOR('',#2939,1.);
#2939 = DIRECTION('',(-0.217391304348,0.304347826087,0.927423000335));
#2940 = ORIENTED_EDGE('',*,*,#2941,.T.);
#2941 = EDGE_CURVE('',#2934,#2934,#2942,.T.);
#2942 = CIRCLE('',#2943,9.);
#2943 = AXIS2_PLACEMENT_3D('',#2944,#2945,#2946);
#2944 = CARTESIAN_POINT('',(154.5,-129.5,118.99609351155));
#2945 = DIRECTION('',(-0.217391304348,0.304347826087,0.927423000335));
#2946 = DIRECTION('',(-1.350813400693E-17,0.950146187583,-0.311804782231
    ));
#2947 = ORIENTED_EDGE('',*,*,#2933,.T.);
#2948 = CYLINDRICAL_SURFACE('',#2949,9.);
#2949 = AXIS2_PLACEMENT_3D('',#2950,#2951,#2952);
#2950 = CARTESIAN_POINT('',(154.5,-129.5,118.99609351155));
#2951 = DIRECTION('',(-0.217391304348,0.304347826087,0.927423000335));
#2952 = DIRECTION('',(-1.350813400693E-17,0.950146187583,-0.311804782231
    ));
#2953 = ADVANCED_FACE('',(#2954),#2957,.T.);
#2954 = FACE_BOUND('',#2955,.T.);
#2955 = EDGE_LOOP('',(#2956));
#2956 = ORIENTED_EDGE('',*,*,#2924,.T.);
#2957 = PLANE('',#2958);
#2958 = AXIS2_PLACEMENT_3D('',#2959,#2960,#2961);
#2959 = CARTESIAN_POINT('',(137.,-105.,193.6536450385));
#2960 = DIRECTION('',(-0.217391304348,0.304347826087,0.927423000335));
#2961 = DIRECTION('',(-1.350813400693E-17,0.950146187583,-0.311804782231
    ));
#2962 = ADVANCED_FACE('',(#2963),#2966,.F.);
#2963 = FACE_BOUND('',#2964,.T.);
#2964 = EDGE_LOOP('',(#2965));
#2965 = ORIENTED_EDGE('',*,*,#2941,.F.);
#2966 = PLANE('',#2967);
#2967 = AXIS2_PLACEMENT_3D('',#2968,#2969,#2970);
#2968 = CARTESIAN_POINT('',(154.5,-129.5,118.99609351155));
#2969 = DIRECTION('',(-0.217391304348,0.304347826087,0.927423000335));
#2970 = DIRECTION('',(-1.350813400693E-17,0.950146187583,-0.311804782231
    ));
#2971 = MANIFOLD_SOLID_BREP('',#2972);
#2972 = CLOSED_SHELL('',(#2973,#3013,#3053,#3075,#3097,#3109));
#2973 = ADVANCED_FACE('',(#2974),#3008,.F.);
#2974 = FACE_BOUND('',#2975,.F.);
#2975 = EDGE_LOOP('',(#2976,#2986,#2994,#3002));
#2976 = ORIENTED_EDGE('',*,*,#2977,.F.);
#2977 = EDGE_CURVE('',#2978,#2980,#2982,.T.);
#2978 = VERTEX_POINT('',#2979);
#2979 = CARTESIAN_POINT('',(130.,-111.,100.));
#2980 = VERTEX_POINT('',#2981);
#2981 = CARTESIAN_POINT('',(130.,-111.,200.6536450385));
#2982 = LINE('',#2983,#2984);
#2983 = CARTESIAN_POINT('',(130.,-111.,100.));
#2984 = VECTOR('',#2985,1.);
#2985 = DIRECTION('',(0.,0.,1.));
#2986 = ORIENTED_EDGE('',*,*,#2987,.T.);
#2987 = EDGE_CURVE('',#2978,#2988,#2990,.T.);
#2988 = VERTEX_POINT('',#2989);
#2989 = CARTESIAN_POINT('',(130.,-99.,100.));
#2990 = LINE('',#2991,#2992);
#2991 = CARTESIAN_POINT('',(130.,-111.,100.));
#2992 = VECTOR('',#2993,1.);
#2993 = DIRECTION('',(0.,1.,0.));
#2994 = ORIENTED_EDGE('',*,*,#2995,.T.);
#2995 = EDGE_CURVE('',#2988,#2996,#2998,.T.);
#2996 = VERTEX_POINT('',#2997);
#2997 = CARTESIAN_POINT('',(130.,-99.,200.6536450385));
#2998 = LINE('',#2999,#3000);
#2999 = CARTESIAN_POINT('',(130.,-99.,100.));
#3000 = VECTOR('',#3001,1.);
#3001 = DIRECTION('',(0.,0.,1.));
#3002 = ORIENTED_EDGE('',*,*,#3003,.F.);
#3003 = EDGE_CURVE('',#2980,#2996,#3004,.T.);
#3004 = LINE('',#3005,#3006);
#3005 = CARTESIAN_POINT('',(130.,-111.,200.6536450385));
#3006 = VECTOR('',#3007,1.);
#3007 = DIRECTION('',(0.,1.,0.));
#3008 = PLANE('',#3009);
#3009 = AXIS2_PLACEMENT_3D('',#3010,#3011,#3012);
#3010 = CARTESIAN_POINT('',(130.,-111.,100.));
#3011 = DIRECTION('',(1.,0.,0.));
#3012 = DIRECTION('',(0.,0.,1.));
#3013 = ADVANCED_FACE('',(#3014),#3048,.T.);
#3014 = FACE_BOUND('',#3015,.T.);
#3015 = EDGE_LOOP('',(#3016,#3026,#3034,#3042));
#3016 = ORIENTED_EDGE('',*,*,#3017,.F.);
#3017 = EDGE_CURVE('',#3018,#3020,#3022,.T.);
#3018 = VERTEX_POINT('',#3019);
#3019 = CARTESIAN_POINT('',(144.,-111.,100.));
#3020 = VERTEX_POINT('',#3021);
#3021 = CARTESIAN_POINT('',(144.,-111.,200.6536450385));
#3022 = LINE('',#3023,#3024);
#3023 = CARTESIAN_POINT('',(144.,-111.,100.));
#3024 = VECTOR('',#3025,1.);
#3025 = DIRECTION('',(0.,0.,1.));
#3026 = ORIENTED_EDGE('',*,*,#3027,.T.);
#3027 = EDGE_CURVE('',#3018,#3028,#3030,.T.);
#3028 = VERTEX_POINT('',#3029);
#3029 = CARTESIAN_POINT('',(144.,-99.,100.));
#3030 = LINE('',#3031,#3032);
#3031 = CARTESIAN_POINT('',(144.,-111.,100.));
#3032 = VECTOR('',#3033,1.);
#3033 = DIRECTION('',(0.,1.,0.));
#3034 = ORIENTED_EDGE('',*,*,#3035,.T.);
#3035 = EDGE_CURVE('',#3028,#3036,#3038,.T.);
#3036 = VERTEX_POINT('',#3037);
#3037 = CARTESIAN_POINT('',(144.,-99.,200.6536450385));
#3038 = LINE('',#3039,#3040);
#3039 = CARTESIAN_POINT('',(144.,-99.,100.));
#3040 = VECTOR('',#3041,1.);
#3041 = DIRECTION('',(0.,0.,1.));
#3042 = ORIENTED_EDGE('',*,*,#3043,.F.);
#3043 = EDGE_CURVE('',#3020,#3036,#3044,.T.);
#3044 = LINE('',#3045,#3046);
#3045 = CARTESIAN_POINT('',(144.,-111.,200.6536450385));
#3046 = VECTOR('',#3047,1.);
#3047 = DIRECTION('',(0.,1.,0.));
#3048 = PLANE('',#3049);
#3049 = AXIS2_PLACEMENT_3D('',#3050,#3051,#3052);
#3050 = CARTESIAN_POINT('',(144.,-111.,100.));
#3051 = DIRECTION('',(1.,0.,0.));
#3052 = DIRECTION('',(0.,0.,1.));
#3053 = ADVANCED_FACE('',(#3054),#3070,.F.);
#3054 = FACE_BOUND('',#3055,.F.);
#3055 = EDGE_LOOP('',(#3056,#3062,#3063,#3069));
#3056 = ORIENTED_EDGE('',*,*,#3057,.F.);
#3057 = EDGE_CURVE('',#2978,#3018,#3058,.T.);
#3058 = LINE('',#3059,#3060);
#3059 = CARTESIAN_POINT('',(130.,-111.,100.));
#3060 = VECTOR('',#3061,1.);
#3061 = DIRECTION('',(1.,0.,0.));
#3062 = ORIENTED_EDGE('',*,*,#2977,.T.);
#3063 = ORIENTED_EDGE('',*,*,#3064,.T.);
#3064 = EDGE_CURVE('',#2980,#3020,#3065,.T.);
#3065 = LINE('',#3066,#3067);
#3066 = CARTESIAN_POINT('',(130.,-111.,200.6536450385));
#3067 = VECTOR('',#3068,1.);
#3068 = DIRECTION('',(1.,0.,0.));
#3069 = ORIENTED_EDGE('',*,*,#3017,.F.);
#3070 = PLANE('',#3071);
#3071 = AXIS2_PLACEMENT_3D('',#3072,#3073,#3074);
#3072 = CARTESIAN_POINT('',(130.,-111.,100.));
#3073 = DIRECTION('',(0.,1.,0.));
#3074 = DIRECTION('',(0.,0.,1.));
#3075 = ADVANCED_FACE('',(#3076),#3092,.T.);
#3076 = FACE_BOUND('',#3077,.T.);
#3077 = EDGE_LOOP('',(#3078,#3084,#3085,#3091));
#3078 = ORIENTED_EDGE('',*,*,#3079,.F.);
#3079 = EDGE_CURVE('',#2988,#3028,#3080,.T.);
#3080 = LINE('',#3081,#3082);
#3081 = CARTESIAN_POINT('',(130.,-99.,100.));
#3082 = VECTOR('',#3083,1.);
#3083 = DIRECTION('',(1.,0.,0.));
#3084 = ORIENTED_EDGE('',*,*,#2995,.T.);
#3085 = ORIENTED_EDGE('',*,*,#3086,.T.);
#3086 = EDGE_CURVE('',#2996,#3036,#3087,.T.);
#3087 = LINE('',#3088,#3089);
#3088 = CARTESIAN_POINT('',(130.,-99.,200.6536450385));
#3089 = VECTOR('',#3090,1.);
#3090 = DIRECTION('',(1.,0.,0.));
#3091 = ORIENTED_EDGE('',*,*,#3035,.F.);
#3092 = PLANE('',#3093);
#3093 = AXIS2_PLACEMENT_3D('',#3094,#3095,#3096);
#3094 = CARTESIAN_POINT('',(130.,-99.,100.));
#3095 = DIRECTION('',(0.,1.,0.));
#3096 = DIRECTION('',(0.,0.,1.));
#3097 = ADVANCED_FACE('',(#3098),#3104,.F.);
#3098 = FACE_BOUND('',#3099,.F.);
#3099 = EDGE_LOOP('',(#3100,#3101,#3102,#3103));
#3100 = ORIENTED_EDGE('',*,*,#2987,.F.);
#3101 = ORIENTED_EDGE('',*,*,#3057,.T.);
#3102 = ORIENTED_EDGE('',*,*,#3027,.T.);
#3103 = ORIENTED_EDGE('',*,*,#3079,.F.);
#3104 = PLANE('',#3105);
#3105 = AXIS2_PLACEMENT_3D('',#3106,#3107,#3108);
#3106 = CARTESIAN_POINT('',(130.,-111.,100.));
#3107 = DIRECTION('',(0.,0.,1.));
#3108 = DIRECTION('',(1.,0.,0.));
#3109 = ADVANCED_FACE('',(#3110),#3116,.T.);
#3110 = FACE_BOUND('',#3111,.T.);
#3111 = EDGE_LOOP('',(#3112,#3113,#3114,#3115));
#3112 = ORIENTED_EDGE('',*,*,#3003,.F.);
#3113 = ORIENTED_EDGE('',*,*,#3064,.T.);
#3114 = ORIENTED_EDGE('',*,*,#3043,.T.);
#3115 = ORIENTED_EDGE('',*,*,#3086,.F.);
#3116 = PLANE('',#3117);
#3117 = AXIS2_PLACEMENT_3D('',#3118,#3119,#3120);
#3118 = CARTESIAN_POINT('',(130.,-111.,200.6536450385));
#3119 = DIRECTION('',(0.,0.,1.));
#3120 = DIRECTION('',(1.,0.,0.));
#3121 = MANIFOLD_SOLID_BREP('',#3122);
#3122 = CLOSED_SHELL('',(#3123,#3163,#3203,#3225,#3247,#3259));
#3123 = ADVANCED_FACE('',(#3124),#3158,.F.);
#3124 = FACE_BOUND('',#3125,.F.);
#3125 = EDGE_LOOP('',(#3126,#3136,#3144,#3152));
#3126 = ORIENTED_EDGE('',*,*,#3127,.F.);
#3127 = EDGE_CURVE('',#3128,#3130,#3132,.T.);
#3128 = VERTEX_POINT('',#3129);
#3129 = CARTESIAN_POINT('',(133.,-65.,112.));
#3130 = VERTEX_POINT('',#3131);
#3131 = CARTESIAN_POINT('',(133.,-65.,156.));
#3132 = LINE('',#3133,#3134);
#3133 = CARTESIAN_POINT('',(133.,-65.,112.));
#3134 = VECTOR('',#3135,1.);
#3135 = DIRECTION('',(0.,0.,1.));
#3136 = ORIENTED_EDGE('',*,*,#3137,.T.);
#3137 = EDGE_CURVE('',#3128,#3138,#3140,.T.);
#3138 = VERTEX_POINT('',#3139);
#3139 = CARTESIAN_POINT('',(133.,65.,112.));
#3140 = LINE('',#3141,#3142);
#3141 = CARTESIAN_POINT('',(133.,-65.,112.));
#3142 = VECTOR('',#3143,1.);
#3143 = DIRECTION('',(0.,1.,0.));
#3144 = ORIENTED_EDGE('',*,*,#3145,.T.);
#3145 = EDGE_CURVE('',#3138,#3146,#3148,.T.);
#3146 = VERTEX_POINT('',#3147);
#3147 = CARTESIAN_POINT('',(133.,65.,156.));
#3148 = LINE('',#3149,#3150);
#3149 = CARTESIAN_POINT('',(133.,65.,112.));
#3150 = VECTOR('',#3151,1.);
#3151 = DIRECTION('',(0.,0.,1.));
#3152 = ORIENTED_EDGE('',*,*,#3153,.F.);
#3153 = EDGE_CURVE('',#3130,#3146,#3154,.T.);
#3154 = LINE('',#3155,#3156);
#3155 = CARTESIAN_POINT('',(133.,-65.,156.));
#3156 = VECTOR('',#3157,1.);
#3157 = DIRECTION('',(0.,1.,0.));
#3158 = PLANE('',#3159);
#3159 = AXIS2_PLACEMENT_3D('',#3160,#3161,#3162);
#3160 = CARTESIAN_POINT('',(133.,-65.,112.));
#3161 = DIRECTION('',(1.,0.,0.));
#3162 = DIRECTION('',(0.,0.,1.));
#3163 = ADVANCED_FACE('',(#3164),#3198,.T.);
#3164 = FACE_BOUND('',#3165,.T.);
#3165 = EDGE_LOOP('',(#3166,#3176,#3184,#3192));
#3166 = ORIENTED_EDGE('',*,*,#3167,.F.);
#3167 = EDGE_CURVE('',#3168,#3170,#3172,.T.);
#3168 = VERTEX_POINT('',#3169);
#3169 = CARTESIAN_POINT('',(177.,-65.,112.));
#3170 = VERTEX_POINT('',#3171);
#3171 = CARTESIAN_POINT('',(177.,-65.,156.));
#3172 = LINE('',#3173,#3174);
#3173 = CARTESIAN_POINT('',(177.,-65.,112.));
#3174 = VECTOR('',#3175,1.);
#3175 = DIRECTION('',(0.,0.,1.));
#3176 = ORIENTED_EDGE('',*,*,#3177,.T.);
#3177 = EDGE_CURVE('',#3168,#3178,#3180,.T.);
#3178 = VERTEX_POINT('',#3179);
#3179 = CARTESIAN_POINT('',(177.,65.,112.));
#3180 = LINE('',#3181,#3182);
#3181 = CARTESIAN_POINT('',(177.,-65.,112.));
#3182 = VECTOR('',#3183,1.);
#3183 = DIRECTION('',(0.,1.,0.));
#3184 = ORIENTED_EDGE('',*,*,#3185,.T.);
#3185 = EDGE_CURVE('',#3178,#3186,#3188,.T.);
#3186 = VERTEX_POINT('',#3187);
#3187 = CARTESIAN_POINT('',(177.,65.,156.));
#3188 = LINE('',#3189,#3190);
#3189 = CARTESIAN_POINT('',(177.,65.,112.));
#3190 = VECTOR('',#3191,1.);
#3191 = DIRECTION('',(0.,0.,1.));
#3192 = ORIENTED_EDGE('',*,*,#3193,.F.);
#3193 = EDGE_CURVE('',#3170,#3186,#3194,.T.);
#3194 = LINE('',#3195,#3196);
#3195 = CARTESIAN_POINT('',(177.,-65.,156.));
#3196 = VECTOR('',#3197,1.);
#3197 = DIRECTION('',(0.,1.,0.));
#3198 = PLANE('',#3199);
#3199 = AXIS2_PLACEMENT_3D('',#3200,#3201,#3202);
#3200 = CARTESIAN_POINT('',(177.,-65.,112.));
#3201 = DIRECTION('',(1.,0.,0.));
#3202 = DIRECTION('',(0.,0.,1.));
#3203 = ADVANCED_FACE('',(#3204),#3220,.F.);
#3204 = FACE_BOUND('',#3205,.F.);
#3205 = EDGE_LOOP('',(#3206,#3212,#3213,#3219));
#3206 = ORIENTED_EDGE('',*,*,#3207,.F.);
#3207 = EDGE_CURVE('',#3128,#3168,#3208,.T.);
#3208 = LINE('',#3209,#3210);
#3209 = CARTESIAN_POINT('',(133.,-65.,112.));
#3210 = VECTOR('',#3211,1.);
#3211 = DIRECTION('',(1.,0.,0.));
#3212 = ORIENTED_EDGE('',*,*,#3127,.T.);
#3213 = ORIENTED_EDGE('',*,*,#3214,.T.);
#3214 = EDGE_CURVE('',#3130,#3170,#3215,.T.);
#3215 = LINE('',#3216,#3217);
#3216 = CARTESIAN_POINT('',(133.,-65.,156.));
#3217 = VECTOR('',#3218,1.);
#3218 = DIRECTION('',(1.,0.,0.));
#3219 = ORIENTED_EDGE('',*,*,#3167,.F.);
#3220 = PLANE('',#3221);
#3221 = AXIS2_PLACEMENT_3D('',#3222,#3223,#3224);
#3222 = CARTESIAN_POINT('',(133.,-65.,112.));
#3223 = DIRECTION('',(0.,1.,0.));
#3224 = DIRECTION('',(0.,0.,1.));
#3225 = ADVANCED_FACE('',(#3226),#3242,.T.);
#3226 = FACE_BOUND('',#3227,.T.);
#3227 = EDGE_LOOP('',(#3228,#3234,#3235,#3241));
#3228 = ORIENTED_EDGE('',*,*,#3229,.F.);
#3229 = EDGE_CURVE('',#3138,#3178,#3230,.T.);
#3230 = LINE('',#3231,#3232);
#3231 = CARTESIAN_POINT('',(133.,65.,112.));
#3232 = VECTOR('',#3233,1.);
#3233 = DIRECTION('',(1.,0.,0.));
#3234 = ORIENTED_EDGE('',*,*,#3145,.T.);
#3235 = ORIENTED_EDGE('',*,*,#3236,.T.);
#3236 = EDGE_CURVE('',#3146,#3186,#3237,.T.);
#3237 = LINE('',#3238,#3239);
#3238 = CARTESIAN_POINT('',(133.,65.,156.));
#3239 = VECTOR('',#3240,1.);
#3240 = DIRECTION('',(1.,0.,0.));
#3241 = ORIENTED_EDGE('',*,*,#3185,.F.);
#3242 = PLANE('',#3243);
#3243 = AXIS2_PLACEMENT_3D('',#3244,#3245,#3246);
#3244 = CARTESIAN_POINT('',(133.,65.,112.));
#3245 = DIRECTION('',(0.,1.,0.));
#3246 = DIRECTION('',(0.,0.,1.));
#3247 = ADVANCED_FACE('',(#3248),#3254,.F.);
#3248 = FACE_BOUND('',#3249,.F.);
#3249 = EDGE_LOOP('',(#3250,#3251,#3252,#3253));
#3250 = ORIENTED_EDGE('',*,*,#3137,.F.);
#3251 = ORIENTED_EDGE('',*,*,#3207,.T.);
#3252 = ORIENTED_EDGE('',*,*,#3177,.T.);
#3253 = ORIENTED_EDGE('',*,*,#3229,.F.);
#3254 = PLANE('',#3255);
#3255 = AXIS2_PLACEMENT_3D('',#3256,#3257,#3258);
#3256 = CARTESIAN_POINT('',(133.,-65.,112.));
#3257 = DIRECTION('',(0.,0.,1.));
#3258 = DIRECTION('',(1.,0.,0.));
#3259 = ADVANCED_FACE('',(#3260),#3266,.T.);
#3260 = FACE_BOUND('',#3261,.T.);
#3261 = EDGE_LOOP('',(#3262,#3263,#3264,#3265));
#3262 = ORIENTED_EDGE('',*,*,#3153,.F.);
#3263 = ORIENTED_EDGE('',*,*,#3214,.T.);
#3264 = ORIENTED_EDGE('',*,*,#3193,.T.);
#3265 = ORIENTED_EDGE('',*,*,#3236,.F.);
#3266 = PLANE('',#3267);
#3267 = AXIS2_PLACEMENT_3D('',#3268,#3269,#3270);
#3268 = CARTESIAN_POINT('',(133.,-65.,156.));
#3269 = DIRECTION('',(0.,0.,1.));
#3270 = DIRECTION('',(1.,0.,0.));
#3271 = MANIFOLD_SOLID_BREP('',#3272);
#3272 = CLOSED_SHELL('',(#3273,#3306,#3326,#3346));
#3273 = ADVANCED_FACE('',(#3274),#3301,.T.);
#3274 = FACE_BOUND('',#3275,.T.);
#3275 = EDGE_LOOP('',(#3276,#3285,#3293,#3300));
#3276 = ORIENTED_EDGE('',*,*,#3277,.F.);
#3277 = EDGE_CURVE('',#3278,#3278,#3280,.T.);
#3278 = VERTEX_POINT('',#3279);
#3279 = CARTESIAN_POINT('',(180.,-33.,76.5));
#3280 = CIRCLE('',#3281,8.);
#3281 = AXIS2_PLACEMENT_3D('',#3282,#3283,#3284);
#3282 = CARTESIAN_POINT('',(180.,-33.,84.5));
#3283 = DIRECTION('',(0.,-1.,0.));
#3284 = DIRECTION('',(0.,0.,-1.));
#3285 = ORIENTED_EDGE('',*,*,#3286,.F.);
#3286 = EDGE_CURVE('',#3287,#3278,#3289,.T.);
#3287 = VERTEX_POINT('',#3288);
#3288 = CARTESIAN_POINT('',(180.,-17.,76.5));
#3289 = LINE('',#3290,#3291);
#3290 = CARTESIAN_POINT('',(180.,-17.,76.5));
#3291 = VECTOR('',#3292,1.);
#3292 = DIRECTION('',(0.,-1.,0.));
#3293 = ORIENTED_EDGE('',*,*,#3294,.T.);
#3294 = EDGE_CURVE('',#3287,#3287,#3295,.T.);
#3295 = CIRCLE('',#3296,8.);
#3296 = AXIS2_PLACEMENT_3D('',#3297,#3298,#3299);
#3297 = CARTESIAN_POINT('',(180.,-17.,84.5));
#3298 = DIRECTION('',(0.,-1.,0.));
#3299 = DIRECTION('',(0.,0.,-1.));
#3300 = ORIENTED_EDGE('',*,*,#3286,.T.);
#3301 = CYLINDRICAL_SURFACE('',#3302,8.);
#3302 = AXIS2_PLACEMENT_3D('',#3303,#3304,#3305);
#3303 = CARTESIAN_POINT('',(180.,-17.,84.5));
#3304 = DIRECTION('',(0.,-1.,0.));
#3305 = DIRECTION('',(0.,0.,-1.));
#3306 = ADVANCED_FACE('',(#3307,#3310),#3321,.T.);
#3307 = FACE_BOUND('',#3308,.T.);
#3308 = EDGE_LOOP('',(#3309));
#3309 = ORIENTED_EDGE('',*,*,#3277,.T.);
#3310 = FACE_BOUND('',#3311,.T.);
#3311 = EDGE_LOOP('',(#3312));
#3312 = ORIENTED_EDGE('',*,*,#3313,.F.);
#3313 = EDGE_CURVE('',#3314,#3314,#3316,.T.);
#3314 = VERTEX_POINT('',#3315);
#3315 = CARTESIAN_POINT('',(180.,-33.,80.5));
#3316 = CIRCLE('',#3317,4.);
#3317 = AXIS2_PLACEMENT_3D('',#3318,#3319,#3320);
#3318 = CARTESIAN_POINT('',(180.,-33.,84.5));
#3319 = DIRECTION('',(0.,-1.,0.));
#3320 = DIRECTION('',(0.,0.,-1.));
#3321 = PLANE('',#3322);
#3322 = AXIS2_PLACEMENT_3D('',#3323,#3324,#3325);
#3323 = CARTESIAN_POINT('',(180.,-33.,84.5));
#3324 = DIRECTION('',(0.,-1.,0.));
#3325 = DIRECTION('',(0.,0.,-1.));
#3326 = ADVANCED_FACE('',(#3327,#3330),#3341,.F.);
#3327 = FACE_BOUND('',#3328,.F.);
#3328 = EDGE_LOOP('',(#3329));
#3329 = ORIENTED_EDGE('',*,*,#3294,.T.);
#3330 = FACE_BOUND('',#3331,.F.);
#3331 = EDGE_LOOP('',(#3332));
#3332 = ORIENTED_EDGE('',*,*,#3333,.F.);
#3333 = EDGE_CURVE('',#3334,#3334,#3336,.T.);
#3334 = VERTEX_POINT('',#3335);
#3335 = CARTESIAN_POINT('',(180.,-17.,80.5));
#3336 = CIRCLE('',#3337,4.);
#3337 = AXIS2_PLACEMENT_3D('',#3338,#3339,#3340);
#3338 = CARTESIAN_POINT('',(180.,-17.,84.5));
#3339 = DIRECTION('',(0.,-1.,0.));
#3340 = DIRECTION('',(0.,0.,-1.));
#3341 = PLANE('',#3342);
#3342 = AXIS2_PLACEMENT_3D('',#3343,#3344,#3345);
#3343 = CARTESIAN_POINT('',(180.,-17.,84.5));
#3344 = DIRECTION('',(0.,-1.,0.));
#3345 = DIRECTION('',(0.,0.,-1.));
#3346 = ADVANCED_FACE('',(#3347),#3358,.F.);
#3347 = FACE_BOUND('',#3348,.F.);
#3348 = EDGE_LOOP('',(#3349,#3350,#3356,#3357));
#3349 = ORIENTED_EDGE('',*,*,#3313,.F.);
#3350 = ORIENTED_EDGE('',*,*,#3351,.F.);
#3351 = EDGE_CURVE('',#3334,#3314,#3352,.T.);
#3352 = LINE('',#3353,#3354);
#3353 = CARTESIAN_POINT('',(180.,-17.,80.5));
#3354 = VECTOR('',#3355,1.);
#3355 = DIRECTION('',(0.,-1.,0.));
#3356 = ORIENTED_EDGE('',*,*,#3333,.T.);
#3357 = ORIENTED_EDGE('',*,*,#3351,.T.);
#3358 = CYLINDRICAL_SURFACE('',#3359,4.);
#3359 = AXIS2_PLACEMENT_3D('',#3360,#3361,#3362);
#3360 = CARTESIAN_POINT('',(180.,-17.,84.5));
#3361 = DIRECTION('',(0.,-1.,0.));
#3362 = DIRECTION('',(0.,0.,-1.));
#3363 = MANIFOLD_SOLID_BREP('',#3364);
#3364 = CLOSED_SHELL('',(#3365,#3398,#3407));
#3365 = ADVANCED_FACE('',(#3366),#3393,.T.);
#3366 = FACE_BOUND('',#3367,.T.);
#3367 = EDGE_LOOP('',(#3368,#3377,#3385,#3392));
#3368 = ORIENTED_EDGE('',*,*,#3369,.F.);
#3369 = EDGE_CURVE('',#3370,#3370,#3372,.T.);
#3370 = VERTEX_POINT('',#3371);
#3371 = CARTESIAN_POINT('',(180.,-165.,81.5));
#3372 = CIRCLE('',#3373,3.);
#3373 = AXIS2_PLACEMENT_3D('',#3374,#3375,#3376);
#3374 = CARTESIAN_POINT('',(180.,-165.,84.5));
#3375 = DIRECTION('',(0.,-1.,0.));
#3376 = DIRECTION('',(0.,0.,-1.));
#3377 = ORIENTED_EDGE('',*,*,#3378,.F.);
#3378 = EDGE_CURVE('',#3379,#3370,#3381,.T.);
#3379 = VERTEX_POINT('',#3380);
#3380 = CARTESIAN_POINT('',(180.,-25.,81.5));
#3381 = LINE('',#3382,#3383);
#3382 = CARTESIAN_POINT('',(180.,-25.,81.5));
#3383 = VECTOR('',#3384,1.);
#3384 = DIRECTION('',(0.,-1.,0.));
#3385 = ORIENTED_EDGE('',*,*,#3386,.T.);
#3386 = EDGE_CURVE('',#3379,#3379,#3387,.T.);
#3387 = CIRCLE('',#3388,3.);
#3388 = AXIS2_PLACEMENT_3D('',#3389,#3390,#3391);
#3389 = CARTESIAN_POINT('',(180.,-25.,84.5));
#3390 = DIRECTION('',(0.,-1.,0.));
#3391 = DIRECTION('',(0.,0.,-1.));
#3392 = ORIENTED_EDGE('',*,*,#3378,.T.);
#3393 = CYLINDRICAL_SURFACE('',#3394,3.);
#3394 = AXIS2_PLACEMENT_3D('',#3395,#3396,#3397);
#3395 = CARTESIAN_POINT('',(180.,-25.,84.5));
#3396 = DIRECTION('',(0.,-1.,0.));
#3397 = DIRECTION('',(0.,0.,-1.));
#3398 = ADVANCED_FACE('',(#3399),#3402,.T.);
#3399 = FACE_BOUND('',#3400,.T.);
#3400 = EDGE_LOOP('',(#3401));
#3401 = ORIENTED_EDGE('',*,*,#3369,.T.);
#3402 = PLANE('',#3403);
#3403 = AXIS2_PLACEMENT_3D('',#3404,#3405,#3406);
#3404 = CARTESIAN_POINT('',(180.,-165.,84.5));
#3405 = DIRECTION('',(0.,-1.,0.));
#3406 = DIRECTION('',(0.,0.,-1.));
#3407 = ADVANCED_FACE('',(#3408),#3411,.F.);
#3408 = FACE_BOUND('',#3409,.T.);
#3409 = EDGE_LOOP('',(#3410));
#3410 = ORIENTED_EDGE('',*,*,#3386,.F.);
#3411 = PLANE('',#3412);
#3412 = AXIS2_PLACEMENT_3D('',#3413,#3414,#3415);
#3413 = CARTESIAN_POINT('',(180.,-25.,84.5));
#3414 = DIRECTION('',(0.,-1.,0.));
#3415 = DIRECTION('',(0.,0.,-1.));
#3416 = MANIFOLD_SOLID_BREP('',#3417);
#3417 = CLOSED_SHELL('',(#3418,#3451,#3460));
#3418 = ADVANCED_FACE('',(#3419),#3446,.T.);
#3419 = FACE_BOUND('',#3420,.T.);
#3420 = EDGE_LOOP('',(#3421,#3430,#3438,#3445));
#3421 = ORIENTED_EDGE('',*,*,#3422,.F.);
#3422 = EDGE_CURVE('',#3423,#3423,#3425,.T.);
#3423 = VERTEX_POINT('',#3424);
#3424 = CARTESIAN_POINT('',(180.,-194.5,80.5));
#3425 = CIRCLE('',#3426,4.);
#3426 = AXIS2_PLACEMENT_3D('',#3427,#3428,#3429);
#3427 = CARTESIAN_POINT('',(180.,-194.5,84.5));
#3428 = DIRECTION('',(0.,-1.,0.));
#3429 = DIRECTION('',(0.,0.,-1.));
#3430 = ORIENTED_EDGE('',*,*,#3431,.F.);
#3431 = EDGE_CURVE('',#3432,#3423,#3434,.T.);
#3432 = VERTEX_POINT('',#3433);
#3433 = CARTESIAN_POINT('',(180.,-150.,80.5));
#3434 = LINE('',#3435,#3436);
#3435 = CARTESIAN_POINT('',(180.,-150.,80.5));
#3436 = VECTOR('',#3437,1.);
#3437 = DIRECTION('',(0.,-1.,0.));
#3438 = ORIENTED_EDGE('',*,*,#3439,.T.);
#3439 = EDGE_CURVE('',#3432,#3432,#3440,.T.);
#3440 = CIRCLE('',#3441,4.);
#3441 = AXIS2_PLACEMENT_3D('',#3442,#3443,#3444);
#3442 = CARTESIAN_POINT('',(180.,-150.,84.5));
#3443 = DIRECTION('',(0.,-1.,0.));
#3444 = DIRECTION('',(0.,0.,-1.));
#3445 = ORIENTED_EDGE('',*,*,#3431,.T.);
#3446 = CYLINDRICAL_SURFACE('',#3447,4.);
#3447 = AXIS2_PLACEMENT_3D('',#3448,#3449,#3450);
#3448 = CARTESIAN_POINT('',(180.,-150.,84.5));
#3449 = DIRECTION('',(0.,-1.,0.));
#3450 = DIRECTION('',(0.,0.,-1.));
#3451 = ADVANCED_FACE('',(#3452),#3455,.T.);
#3452 = FACE_BOUND('',#3453,.T.);
#3453 = EDGE_LOOP('',(#3454));
#3454 = ORIENTED_EDGE('',*,*,#3422,.T.);
#3455 = PLANE('',#3456);
#3456 = AXIS2_PLACEMENT_3D('',#3457,#3458,#3459);
#3457 = CARTESIAN_POINT('',(180.,-194.5,84.5));
#3458 = DIRECTION('',(0.,-1.,0.));
#3459 = DIRECTION('',(0.,0.,-1.));
#3460 = ADVANCED_FACE('',(#3461),#3464,.F.);
#3461 = FACE_BOUND('',#3462,.T.);
#3462 = EDGE_LOOP('',(#3463));
#3463 = ORIENTED_EDGE('',*,*,#3439,.F.);
#3464 = PLANE('',#3465);
#3465 = AXIS2_PLACEMENT_3D('',#3466,#3467,#3468);
#3466 = CARTESIAN_POINT('',(180.,-150.,84.5));
#3467 = DIRECTION('',(0.,-1.,0.));
#3468 = DIRECTION('',(0.,0.,-1.));
#3469 = MANIFOLD_SOLID_BREP('',#3470);
#3470 = CLOSED_SHELL('',(#3471,#3504,#3524,#3544));
#3471 = ADVANCED_FACE('',(#3472),#3499,.T.);
#3472 = FACE_BOUND('',#3473,.T.);
#3473 = EDGE_LOOP('',(#3474,#3483,#3491,#3498));
#3474 = ORIENTED_EDGE('',*,*,#3475,.F.);
#3475 = EDGE_CURVE('',#3476,#3476,#3478,.T.);
#3476 = VERTEX_POINT('',#3477);
#3477 = CARTESIAN_POINT('',(180.,-230.5,-1.454720623699E-15));
#3478 = CIRCLE('',#3479,84.5);
#3479 = AXIS2_PLACEMENT_3D('',#3480,#3481,#3482);
#3480 = CARTESIAN_POINT('',(180.,-230.5,84.5));
#3481 = DIRECTION('',(0.,-1.,0.));
#3482 = DIRECTION('',(0.,0.,-1.));
#3483 = ORIENTED_EDGE('',*,*,#3484,.F.);
#3484 = EDGE_CURVE('',#3485,#3476,#3487,.T.);
#3485 = VERTEX_POINT('',#3486);
#3486 = CARTESIAN_POINT('',(180.,-149.,-1.454720623699E-15));
#3487 = LINE('',#3488,#3489);
#3488 = CARTESIAN_POINT('',(180.,-149.,-1.454720623699E-15));
#3489 = VECTOR('',#3490,1.);
#3490 = DIRECTION('',(0.,-1.,0.));
#3491 = ORIENTED_EDGE('',*,*,#3492,.T.);
#3492 = EDGE_CURVE('',#3485,#3485,#3493,.T.);
#3493 = CIRCLE('',#3494,84.5);
#3494 = AXIS2_PLACEMENT_3D('',#3495,#3496,#3497);
#3495 = CARTESIAN_POINT('',(180.,-149.,84.5));
#3496 = DIRECTION('',(0.,-1.,0.));
#3497 = DIRECTION('',(0.,0.,-1.));
#3498 = ORIENTED_EDGE('',*,*,#3484,.T.);
#3499 = CYLINDRICAL_SURFACE('',#3500,84.5);
#3500 = AXIS2_PLACEMENT_3D('',#3501,#3502,#3503);
#3501 = CARTESIAN_POINT('',(180.,-149.,84.5));
#3502 = DIRECTION('',(0.,-1.,0.));
#3503 = DIRECTION('',(0.,0.,-1.));
#3504 = ADVANCED_FACE('',(#3505,#3508),#3519,.T.);
#3505 = FACE_BOUND('',#3506,.T.);
#3506 = EDGE_LOOP('',(#3507));
#3507 = ORIENTED_EDGE('',*,*,#3475,.T.);
#3508 = FACE_BOUND('',#3509,.T.);
#3509 = EDGE_LOOP('',(#3510));
#3510 = ORIENTED_EDGE('',*,*,#3511,.F.);
#3511 = EDGE_CURVE('',#3512,#3512,#3514,.T.);
#3512 = VERTEX_POINT('',#3513);
#3513 = CARTESIAN_POINT('',(180.,-230.5,36.));
#3514 = CIRCLE('',#3515,48.5);
#3515 = AXIS2_PLACEMENT_3D('',#3516,#3517,#3518);
#3516 = CARTESIAN_POINT('',(180.,-230.5,84.5));
#3517 = DIRECTION('',(0.,-1.,0.));
#3518 = DIRECTION('',(0.,0.,-1.));
#3519 = PLANE('',#3520);
#3520 = AXIS2_PLACEMENT_3D('',#3521,#3522,#3523);
#3521 = CARTESIAN_POINT('',(180.,-230.5,84.5));
#3522 = DIRECTION('',(0.,-1.,0.));
#3523 = DIRECTION('',(0.,0.,-1.));
#3524 = ADVANCED_FACE('',(#3525,#3528),#3539,.F.);
#3525 = FACE_BOUND('',#3526,.F.);
#3526 = EDGE_LOOP('',(#3527));
#3527 = ORIENTED_EDGE('',*,*,#3492,.T.);
#3528 = FACE_BOUND('',#3529,.F.);
#3529 = EDGE_LOOP('',(#3530));
#3530 = ORIENTED_EDGE('',*,*,#3531,.F.);
#3531 = EDGE_CURVE('',#3532,#3532,#3534,.T.);
#3532 = VERTEX_POINT('',#3533);
#3533 = CARTESIAN_POINT('',(180.,-149.,36.));
#3534 = CIRCLE('',#3535,48.5);
#3535 = AXIS2_PLACEMENT_3D('',#3536,#3537,#3538);
#3536 = CARTESIAN_POINT('',(180.,-149.,84.5));
#3537 = DIRECTION('',(0.,-1.,0.));
#3538 = DIRECTION('',(0.,0.,-1.));
#3539 = PLANE('',#3540);
#3540 = AXIS2_PLACEMENT_3D('',#3541,#3542,#3543);
#3541 = CARTESIAN_POINT('',(180.,-149.,84.5));
#3542 = DIRECTION('',(0.,-1.,0.));
#3543 = DIRECTION('',(0.,0.,-1.));
#3544 = ADVANCED_FACE('',(#3545),#3556,.F.);
#3545 = FACE_BOUND('',#3546,.F.);
#3546 = EDGE_LOOP('',(#3547,#3548,#3554,#3555));
#3547 = ORIENTED_EDGE('',*,*,#3511,.F.);
#3548 = ORIENTED_EDGE('',*,*,#3549,.F.);
#3549 = EDGE_CURVE('',#3532,#3512,#3550,.T.);
#3550 = LINE('',#3551,#3552);
#3551 = CARTESIAN_POINT('',(180.,-149.,36.));
#3552 = VECTOR('',#3553,1.);
#3553 = DIRECTION('',(0.,-1.,0.));
#3554 = ORIENTED_EDGE('',*,*,#3531,.T.);
#3555 = ORIENTED_EDGE('',*,*,#3549,.T.);
#3556 = CYLINDRICAL_SURFACE('',#3557,48.5);
#3557 = AXIS2_PLACEMENT_3D('',#3558,#3559,#3560);
#3558 = CARTESIAN_POINT('',(180.,-149.,84.5));
#3559 = DIRECTION('',(0.,-1.,0.));
#3560 = DIRECTION('',(0.,0.,-1.));
#3561 = MANIFOLD_SOLID_BREP('',#3562);
#3562 = CLOSED_SHELL('',(#3563,#3596,#3616,#3636));
#3563 = ADVANCED_FACE('',(#3564),#3591,.T.);
#3564 = FACE_BOUND('',#3565,.T.);
#3565 = EDGE_LOOP('',(#3566,#3575,#3583,#3590));
#3566 = ORIENTED_EDGE('',*,*,#3567,.F.);
#3567 = EDGE_CURVE('',#3568,#3568,#3570,.T.);
#3568 = VERTEX_POINT('',#3569);
#3569 = CARTESIAN_POINT('',(180.,-202.25,36.));
#3570 = CIRCLE('',#3571,48.5);
#3571 = AXIS2_PLACEMENT_3D('',#3572,#3573,#3574);
#3572 = CARTESIAN_POINT('',(180.,-202.25,84.5));
#3573 = DIRECTION('',(0.,-1.,0.));
#3574 = DIRECTION('',(0.,0.,-1.));
#3575 = ORIENTED_EDGE('',*,*,#3576,.F.);
#3576 = EDGE_CURVE('',#3577,#3568,#3579,.T.);
#3577 = VERTEX_POINT('',#3578);
#3578 = CARTESIAN_POINT('',(180.,-177.25,36.));
#3579 = LINE('',#3580,#3581);
#3580 = CARTESIAN_POINT('',(180.,-177.25,36.));
#3581 = VECTOR('',#3582,1.);
#3582 = DIRECTION('',(0.,-1.,0.));
#3583 = ORIENTED_EDGE('',*,*,#3584,.T.);
#3584 = EDGE_CURVE('',#3577,#3577,#3585,.T.);
#3585 = CIRCLE('',#3586,48.5);
#3586 = AXIS2_PLACEMENT_3D('',#3587,#3588,#3589);
#3587 = CARTESIAN_POINT('',(180.,-177.25,84.5));
#3588 = DIRECTION('',(0.,-1.,0.));
#3589 = DIRECTION('',(0.,0.,-1.));
#3590 = ORIENTED_EDGE('',*,*,#3576,.T.);
#3591 = CYLINDRICAL_SURFACE('',#3592,48.5);
#3592 = AXIS2_PLACEMENT_3D('',#3593,#3594,#3595);
#3593 = CARTESIAN_POINT('',(180.,-177.25,84.5));
#3594 = DIRECTION('',(0.,-1.,0.));
#3595 = DIRECTION('',(0.,0.,-1.));
#3596 = ADVANCED_FACE('',(#3597,#3600),#3611,.T.);
#3597 = FACE_BOUND('',#3598,.T.);
#3598 = EDGE_LOOP('',(#3599));
#3599 = ORIENTED_EDGE('',*,*,#3567,.T.);
#3600 = FACE_BOUND('',#3601,.T.);
#3601 = EDGE_LOOP('',(#3602));
#3602 = ORIENTED_EDGE('',*,*,#3603,.F.);
#3603 = EDGE_CURVE('',#3604,#3604,#3606,.T.);
#3604 = VERTEX_POINT('',#3605);
#3605 = CARTESIAN_POINT('',(180.,-202.25,76.));
#3606 = CIRCLE('',#3607,8.5);
#3607 = AXIS2_PLACEMENT_3D('',#3608,#3609,#3610);
#3608 = CARTESIAN_POINT('',(180.,-202.25,84.5));
#3609 = DIRECTION('',(0.,-1.,0.));
#3610 = DIRECTION('',(0.,0.,-1.));
#3611 = PLANE('',#3612);
#3612 = AXIS2_PLACEMENT_3D('',#3613,#3614,#3615);
#3613 = CARTESIAN_POINT('',(180.,-202.25,84.5));
#3614 = DIRECTION('',(0.,-1.,0.));
#3615 = DIRECTION('',(0.,0.,-1.));
#3616 = ADVANCED_FACE('',(#3617,#3620),#3631,.F.);
#3617 = FACE_BOUND('',#3618,.F.);
#3618 = EDGE_LOOP('',(#3619));
#3619 = ORIENTED_EDGE('',*,*,#3584,.T.);
#3620 = FACE_BOUND('',#3621,.F.);
#3621 = EDGE_LOOP('',(#3622));
#3622 = ORIENTED_EDGE('',*,*,#3623,.F.);
#3623 = EDGE_CURVE('',#3624,#3624,#3626,.T.);
#3624 = VERTEX_POINT('',#3625);
#3625 = CARTESIAN_POINT('',(180.,-177.25,76.));
#3626 = CIRCLE('',#3627,8.5);
#3627 = AXIS2_PLACEMENT_3D('',#3628,#3629,#3630);
#3628 = CARTESIAN_POINT('',(180.,-177.25,84.5));
#3629 = DIRECTION('',(0.,-1.,0.));
#3630 = DIRECTION('',(0.,0.,-1.));
#3631 = PLANE('',#3632);
#3632 = AXIS2_PLACEMENT_3D('',#3633,#3634,#3635);
#3633 = CARTESIAN_POINT('',(180.,-177.25,84.5));
#3634 = DIRECTION('',(0.,-1.,0.));
#3635 = DIRECTION('',(0.,0.,-1.));
#3636 = ADVANCED_FACE('',(#3637),#3648,.F.);
#3637 = FACE_BOUND('',#3638,.F.);
#3638 = EDGE_LOOP('',(#3639,#3640,#3646,#3647));
#3639 = ORIENTED_EDGE('',*,*,#3603,.F.);
#3640 = ORIENTED_EDGE('',*,*,#3641,.F.);
#3641 = EDGE_CURVE('',#3624,#3604,#3642,.T.);
#3642 = LINE('',#3643,#3644);
#3643 = CARTESIAN_POINT('',(180.,-177.25,76.));
#3644 = VECTOR('',#3645,1.);
#3645 = DIRECTION('',(0.,-1.,0.));
#3646 = ORIENTED_EDGE('',*,*,#3623,.T.);
#3647 = ORIENTED_EDGE('',*,*,#3641,.T.);
#3648 = CYLINDRICAL_SURFACE('',#3649,8.5);
#3649 = AXIS2_PLACEMENT_3D('',#3650,#3651,#3652);
#3650 = CARTESIAN_POINT('',(180.,-177.25,84.5));
#3651 = DIRECTION('',(0.,-1.,0.));
#3652 = DIRECTION('',(0.,0.,-1.));
#3653 = MANIFOLD_SOLID_BREP('',#3654);
#3654 = CLOSED_SHELL('',(#3655,#3695,#3726,#3822,#3846,#3935,#3947,#3969
    ,#3986,#4003,#4015,#4037,#4054,#4071));
#3655 = ADVANCED_FACE('',(#3656),#3690,.F.);
#3656 = FACE_BOUND('',#3657,.F.);
#3657 = EDGE_LOOP('',(#3658,#3668,#3676,#3684));
#3658 = ORIENTED_EDGE('',*,*,#3659,.F.);
#3659 = EDGE_CURVE('',#3660,#3662,#3664,.T.);
#3660 = VERTEX_POINT('',#3661);
#3661 = CARTESIAN_POINT('',(132.,55.,95.));
#3662 = VERTEX_POINT('',#3663);
#3663 = CARTESIAN_POINT('',(132.,55.,100.));
#3664 = LINE('',#3665,#3666);
#3665 = CARTESIAN_POINT('',(132.,55.,95.));
#3666 = VECTOR('',#3667,1.);
#3667 = DIRECTION('',(0.,0.,1.));
#3668 = ORIENTED_EDGE('',*,*,#3669,.T.);
#3669 = EDGE_CURVE('',#3660,#3670,#3672,.T.);
#3670 = VERTEX_POINT('',#3671);
#3671 = CARTESIAN_POINT('',(132.,105.,95.));
#3672 = LINE('',#3673,#3674);
#3673 = CARTESIAN_POINT('',(132.,55.,95.));
#3674 = VECTOR('',#3675,1.);
#3675 = DIRECTION('',(0.,1.,0.));
#3676 = ORIENTED_EDGE('',*,*,#3677,.T.);
#3677 = EDGE_CURVE('',#3670,#3678,#3680,.T.);
#3678 = VERTEX_POINT('',#3679);
#3679 = CARTESIAN_POINT('',(132.,105.,100.));
#3680 = LINE('',#3681,#3682);
#3681 = CARTESIAN_POINT('',(132.,105.,95.));
#3682 = VECTOR('',#3683,1.);
#3683 = DIRECTION('',(0.,0.,1.));
#3684 = ORIENTED_EDGE('',*,*,#3685,.F.);
#3685 = EDGE_CURVE('',#3662,#3678,#3686,.T.);
#3686 = LINE('',#3687,#3688);
#3687 = CARTESIAN_POINT('',(132.,55.,100.));
#3688 = VECTOR('',#3689,1.);
#3689 = DIRECTION('',(0.,1.,0.));
#3690 = PLANE('',#3691);
#3691 = AXIS2_PLACEMENT_3D('',#3692,#3693,#3694);
#3692 = CARTESIAN_POINT('',(132.,55.,95.));
#3693 = DIRECTION('',(1.,0.,0.));
#3694 = DIRECTION('',(0.,0.,1.));
#3695 = ADVANCED_FACE('',(#3696),#3721,.F.);
#3696 = FACE_BOUND('',#3697,.F.);
#3697 = EDGE_LOOP('',(#3698,#3706,#3707,#3715));
#3698 = ORIENTED_EDGE('',*,*,#3699,.F.);
#3699 = EDGE_CURVE('',#3660,#3700,#3702,.T.);
#3700 = VERTEX_POINT('',#3701);
#3701 = CARTESIAN_POINT('',(228.,55.,95.));
#3702 = LINE('',#3703,#3704);
#3703 = CARTESIAN_POINT('',(132.,55.,95.));
#3704 = VECTOR('',#3705,1.);
#3705 = DIRECTION('',(1.,0.,0.));
#3706 = ORIENTED_EDGE('',*,*,#3659,.T.);
#3707 = ORIENTED_EDGE('',*,*,#3708,.T.);
#3708 = EDGE_CURVE('',#3662,#3709,#3711,.T.);
#3709 = VERTEX_POINT('',#3710);
#3710 = CARTESIAN_POINT('',(228.,55.,100.));
#3711 = LINE('',#3712,#3713);
#3712 = CARTESIAN_POINT('',(132.,55.,100.));
#3713 = VECTOR('',#3714,1.);
#3714 = DIRECTION('',(1.,0.,0.));
#3715 = ORIENTED_EDGE('',*,*,#3716,.F.);
#3716 = EDGE_CURVE('',#3700,#3709,#3717,.T.);
#3717 = LINE('',#3718,#3719);
#3718 = CARTESIAN_POINT('',(228.,55.,95.));
#3719 = VECTOR('',#3720,1.);
#3720 = DIRECTION('',(0.,0.,1.));
#3721 = PLANE('',#3722);
#3722 = AXIS2_PLACEMENT_3D('',#3723,#3724,#3725);
#3723 = CARTESIAN_POINT('',(132.,55.,95.));
#3724 = DIRECTION('',(0.,1.,0.));
#3725 = DIRECTION('',(0.,0.,1.));
#3726 = ADVANCED_FACE('',(#3727,#3745,#3781),#3817,.T.);
#3727 = FACE_BOUND('',#3728,.T.);
#3728 = EDGE_LOOP('',(#3729,#3730,#3731,#3739));
#3729 = ORIENTED_EDGE('',*,*,#3685,.F.);
#3730 = ORIENTED_EDGE('',*,*,#3708,.T.);
#3731 = ORIENTED_EDGE('',*,*,#3732,.T.);
#3732 = EDGE_CURVE('',#3709,#3733,#3735,.T.);
#3733 = VERTEX_POINT('',#3734);
#3734 = CARTESIAN_POINT('',(228.,105.,100.));
#3735 = LINE('',#3736,#3737);
#3736 = CARTESIAN_POINT('',(228.,55.,100.));
#3737 = VECTOR('',#3738,1.);
#3738 = DIRECTION('',(0.,1.,0.));
#3739 = ORIENTED_EDGE('',*,*,#3740,.F.);
#3740 = EDGE_CURVE('',#3678,#3733,#3741,.T.);
#3741 = LINE('',#3742,#3743);
#3742 = CARTESIAN_POINT('',(132.,105.,100.));
#3743 = VECTOR('',#3744,1.);
#3744 = DIRECTION('',(1.,0.,0.));
#3745 = FACE_BOUND('',#3746,.T.);
#3746 = EDGE_LOOP('',(#3747,#3758,#3766,#3775));
#3747 = ORIENTED_EDGE('',*,*,#3748,.F.);
#3748 = EDGE_CURVE('',#3749,#3751,#3753,.T.);
#3749 = VERTEX_POINT('',#3750);
#3750 = CARTESIAN_POINT('',(142.25,70.,100.));
#3751 = VERTEX_POINT('',#3752);
#3752 = CARTESIAN_POINT('',(147.75,70.,100.));
#3753 = CIRCLE('',#3754,2.75);
#3754 = AXIS2_PLACEMENT_3D('',#3755,#3756,#3757);
#3755 = CARTESIAN_POINT('',(145.,70.,100.));
#3756 = DIRECTION('',(0.,0.,1.));
#3757 = DIRECTION('',(1.,0.,0.));
#3758 = ORIENTED_EDGE('',*,*,#3759,.T.);
#3759 = EDGE_CURVE('',#3749,#3760,#3762,.T.);
#3760 = VERTEX_POINT('',#3761);
#3761 = CARTESIAN_POINT('',(142.25,90.,100.));
#3762 = LINE('',#3763,#3764);
#3763 = CARTESIAN_POINT('',(142.25,62.5,100.));
#3764 = VECTOR('',#3765,1.);
#3765 = DIRECTION('',(0.,1.,0.));
#3766 = ORIENTED_EDGE('',*,*,#3767,.F.);
#3767 = EDGE_CURVE('',#3768,#3760,#3770,.T.);
#3768 = VERTEX_POINT('',#3769);
#3769 = CARTESIAN_POINT('',(147.75,90.,100.));
#3770 = CIRCLE('',#3771,2.75);
#3771 = AXIS2_PLACEMENT_3D('',#3772,#3773,#3774);
#3772 = CARTESIAN_POINT('',(145.,90.,100.));
#3773 = DIRECTION('',(0.,0.,1.));
#3774 = DIRECTION('',(1.,0.,0.));
#3775 = ORIENTED_EDGE('',*,*,#3776,.F.);
#3776 = EDGE_CURVE('',#3751,#3768,#3777,.T.);
#3777 = LINE('',#3778,#3779);
#3778 = CARTESIAN_POINT('',(147.75,62.5,100.));
#3779 = VECTOR('',#3780,1.);
#3780 = DIRECTION('',(0.,1.,0.));
#3781 = FACE_BOUND('',#3782,.T.);
#3782 = EDGE_LOOP('',(#3783,#3794,#3802,#3811));
#3783 = ORIENTED_EDGE('',*,*,#3784,.F.);
#3784 = EDGE_CURVE('',#3785,#3787,#3789,.T.);
#3785 = VERTEX_POINT('',#3786);
#3786 = CARTESIAN_POINT('',(212.25,70.,100.));
#3787 = VERTEX_POINT('',#3788);
#3788 = CARTESIAN_POINT('',(217.75,70.,100.));
#3789 = CIRCLE('',#3790,2.75);
#3790 = AXIS2_PLACEMENT_3D('',#3791,#3792,#3793);
#3791 = CARTESIAN_POINT('',(215.,70.,100.));
#3792 = DIRECTION('',(0.,0.,1.));
#3793 = DIRECTION('',(1.,0.,0.));
#3794 = ORIENTED_EDGE('',*,*,#3795,.T.);
#3795 = EDGE_CURVE('',#3785,#3796,#3798,.T.);
#3796 = VERTEX_POINT('',#3797);
#3797 = CARTESIAN_POINT('',(212.25,90.,100.));
#3798 = LINE('',#3799,#3800);
#3799 = CARTESIAN_POINT('',(212.25,62.5,100.));
#3800 = VECTOR('',#3801,1.);
#3801 = DIRECTION('',(0.,1.,0.));
#3802 = ORIENTED_EDGE('',*,*,#3803,.F.);
#3803 = EDGE_CURVE('',#3804,#3796,#3806,.T.);
#3804 = VERTEX_POINT('',#3805);
#3805 = CARTESIAN_POINT('',(217.75,90.,100.));
#3806 = CIRCLE('',#3807,2.75);
#3807 = AXIS2_PLACEMENT_3D('',#3808,#3809,#3810);
#3808 = CARTESIAN_POINT('',(215.,90.,100.));
#3809 = DIRECTION('',(0.,0.,1.));
#3810 = DIRECTION('',(1.,0.,0.));
#3811 = ORIENTED_EDGE('',*,*,#3812,.F.);
#3812 = EDGE_CURVE('',#3787,#3804,#3813,.T.);
#3813 = LINE('',#3814,#3815);
#3814 = CARTESIAN_POINT('',(217.75,62.5,100.));
#3815 = VECTOR('',#3816,1.);
#3816 = DIRECTION('',(0.,1.,0.));
#3817 = PLANE('',#3818);
#3818 = AXIS2_PLACEMENT_3D('',#3819,#3820,#3821);
#3819 = CARTESIAN_POINT('',(132.,55.,100.));
#3820 = DIRECTION('',(0.,0.,1.));
#3821 = DIRECTION('',(1.,0.,0.));
#3822 = ADVANCED_FACE('',(#3823),#3841,.T.);
#3823 = FACE_BOUND('',#3824,.T.);
#3824 = EDGE_LOOP('',(#3825,#3833,#3834,#3835));
#3825 = ORIENTED_EDGE('',*,*,#3826,.F.);
#3826 = EDGE_CURVE('',#3670,#3827,#3829,.T.);
#3827 = VERTEX_POINT('',#3828);
#3828 = CARTESIAN_POINT('',(228.,105.,95.));
#3829 = LINE('',#3830,#3831);
#3830 = CARTESIAN_POINT('',(132.,105.,95.));
#3831 = VECTOR('',#3832,1.);
#3832 = DIRECTION('',(1.,0.,0.));
#3833 = ORIENTED_EDGE('',*,*,#3677,.T.);
#3834 = ORIENTED_EDGE('',*,*,#3740,.T.);
#3835 = ORIENTED_EDGE('',*,*,#3836,.F.);
#3836 = EDGE_CURVE('',#3827,#3733,#3837,.T.);
#3837 = LINE('',#3838,#3839);
#3838 = CARTESIAN_POINT('',(228.,105.,95.));
#3839 = VECTOR('',#3840,1.);
#3840 = DIRECTION('',(0.,0.,1.));
#3841 = PLANE('',#3842);
#3842 = AXIS2_PLACEMENT_3D('',#3843,#3844,#3845);
#3843 = CARTESIAN_POINT('',(132.,105.,95.));
#3844 = DIRECTION('',(0.,1.,0.));
#3845 = DIRECTION('',(0.,0.,1.));
#3846 = ADVANCED_FACE('',(#3847,#3858,#3894),#3930,.F.);
#3847 = FACE_BOUND('',#3848,.F.);
#3848 = EDGE_LOOP('',(#3849,#3850,#3851,#3857));
#3849 = ORIENTED_EDGE('',*,*,#3669,.F.);
#3850 = ORIENTED_EDGE('',*,*,#3699,.T.);
#3851 = ORIENTED_EDGE('',*,*,#3852,.T.);
#3852 = EDGE_CURVE('',#3700,#3827,#3853,.T.);
#3853 = LINE('',#3854,#3855);
#3854 = CARTESIAN_POINT('',(228.,55.,95.));
#3855 = VECTOR('',#3856,1.);
#3856 = DIRECTION('',(0.,1.,0.));
#3857 = ORIENTED_EDGE('',*,*,#3826,.F.);
#3858 = FACE_BOUND('',#3859,.F.);
#3859 = EDGE_LOOP('',(#3860,#3871,#3879,#3888));
#3860 = ORIENTED_EDGE('',*,*,#3861,.F.);
#3861 = EDGE_CURVE('',#3862,#3864,#3866,.T.);
#3862 = VERTEX_POINT('',#3863);
#3863 = CARTESIAN_POINT('',(142.25,70.,95.));
#3864 = VERTEX_POINT('',#3865);
#3865 = CARTESIAN_POINT('',(147.75,70.,95.));
#3866 = CIRCLE('',#3867,2.75);
#3867 = AXIS2_PLACEMENT_3D('',#3868,#3869,#3870);
#3868 = CARTESIAN_POINT('',(145.,70.,95.));
#3869 = DIRECTION('',(0.,0.,1.));
#3870 = DIRECTION('',(1.,0.,0.));
#3871 = ORIENTED_EDGE('',*,*,#3872,.T.);
#3872 = EDGE_CURVE('',#3862,#3873,#3875,.T.);
#3873 = VERTEX_POINT('',#3874);
#3874 = CARTESIAN_POINT('',(142.25,90.,95.));
#3875 = LINE('',#3876,#3877);
#3876 = CARTESIAN_POINT('',(142.25,62.5,95.));
#3877 = VECTOR('',#3878,1.);
#3878 = DIRECTION('',(0.,1.,0.));
#3879 = ORIENTED_EDGE('',*,*,#3880,.F.);
#3880 = EDGE_CURVE('',#3881,#3873,#3883,.T.);
#3881 = VERTEX_POINT('',#3882);
#3882 = CARTESIAN_POINT('',(147.75,90.,95.));
#3883 = CIRCLE('',#3884,2.75);
#3884 = AXIS2_PLACEMENT_3D('',#3885,#3886,#3887);
#3885 = CARTESIAN_POINT('',(145.,90.,95.));
#3886 = DIRECTION('',(0.,0.,1.));
#3887 = DIRECTION('',(1.,0.,0.));
#3888 = ORIENTED_EDGE('',*,*,#3889,.F.);
#3889 = EDGE_CURVE('',#3864,#3881,#3890,.T.);
#3890 = LINE('',#3891,#3892);
#3891 = CARTESIAN_POINT('',(147.75,62.5,95.));
#3892 = VECTOR('',#3893,1.);
#3893 = DIRECTION('',(0.,1.,0.));
#3894 = FACE_BOUND('',#3895,.F.);
#3895 = EDGE_LOOP('',(#3896,#3907,#3915,#3924));
#3896 = ORIENTED_EDGE('',*,*,#3897,.F.);
#3897 = EDGE_CURVE('',#3898,#3900,#3902,.T.);
#3898 = VERTEX_POINT('',#3899);
#3899 = CARTESIAN_POINT('',(212.25,70.,95.));
#3900 = VERTEX_POINT('',#3901);
#3901 = CARTESIAN_POINT('',(217.75,70.,95.));
#3902 = CIRCLE('',#3903,2.75);
#3903 = AXIS2_PLACEMENT_3D('',#3904,#3905,#3906);
#3904 = CARTESIAN_POINT('',(215.,70.,95.));
#3905 = DIRECTION('',(0.,0.,1.));
#3906 = DIRECTION('',(1.,0.,0.));
#3907 = ORIENTED_EDGE('',*,*,#3908,.T.);
#3908 = EDGE_CURVE('',#3898,#3909,#3911,.T.);
#3909 = VERTEX_POINT('',#3910);
#3910 = CARTESIAN_POINT('',(212.25,90.,95.));
#3911 = LINE('',#3912,#3913);
#3912 = CARTESIAN_POINT('',(212.25,62.5,95.));
#3913 = VECTOR('',#3914,1.);
#3914 = DIRECTION('',(0.,1.,0.));
#3915 = ORIENTED_EDGE('',*,*,#3916,.F.);
#3916 = EDGE_CURVE('',#3917,#3909,#3919,.T.);
#3917 = VERTEX_POINT('',#3918);
#3918 = CARTESIAN_POINT('',(217.75,90.,95.));
#3919 = CIRCLE('',#3920,2.75);
#3920 = AXIS2_PLACEMENT_3D('',#3921,#3922,#3923);
#3921 = CARTESIAN_POINT('',(215.,90.,95.));
#3922 = DIRECTION('',(0.,0.,1.));
#3923 = DIRECTION('',(1.,0.,0.));
#3924 = ORIENTED_EDGE('',*,*,#3925,.F.);
#3925 = EDGE_CURVE('',#3900,#3917,#3926,.T.);
#3926 = LINE('',#3927,#3928);
#3927 = CARTESIAN_POINT('',(217.75,62.5,95.));
#3928 = VECTOR('',#3929,1.);
#3929 = DIRECTION('',(0.,1.,0.));
#3930 = PLANE('',#3931);
#3931 = AXIS2_PLACEMENT_3D('',#3932,#3933,#3934);
#3932 = CARTESIAN_POINT('',(132.,55.,95.));
#3933 = DIRECTION('',(0.,0.,1.));
#3934 = DIRECTION('',(1.,0.,0.));
#3935 = ADVANCED_FACE('',(#3936),#3942,.T.);
#3936 = FACE_BOUND('',#3937,.T.);
#3937 = EDGE_LOOP('',(#3938,#3939,#3940,#3941));
#3938 = ORIENTED_EDGE('',*,*,#3716,.F.);
#3939 = ORIENTED_EDGE('',*,*,#3852,.T.);
#3940 = ORIENTED_EDGE('',*,*,#3836,.T.);
#3941 = ORIENTED_EDGE('',*,*,#3732,.F.);
#3942 = PLANE('',#3943);
#3943 = AXIS2_PLACEMENT_3D('',#3944,#3945,#3946);
#3944 = CARTESIAN_POINT('',(228.,55.,95.));
#3945 = DIRECTION('',(1.,0.,0.));
#3946 = DIRECTION('',(0.,0.,1.));
#3947 = ADVANCED_FACE('',(#3948),#3964,.F.);
#3948 = FACE_BOUND('',#3949,.F.);
#3949 = EDGE_LOOP('',(#3950,#3951,#3957,#3958));
#3950 = ORIENTED_EDGE('',*,*,#3861,.T.);
#3951 = ORIENTED_EDGE('',*,*,#3952,.T.);
#3952 = EDGE_CURVE('',#3864,#3751,#3953,.T.);
#3953 = LINE('',#3954,#3955);
#3954 = CARTESIAN_POINT('',(147.75,70.,94.));
#3955 = VECTOR('',#3956,1.);
#3956 = DIRECTION('',(0.,0.,1.));
#3957 = ORIENTED_EDGE('',*,*,#3748,.F.);
#3958 = ORIENTED_EDGE('',*,*,#3959,.F.);
#3959 = EDGE_CURVE('',#3862,#3749,#3960,.T.);
#3960 = LINE('',#3961,#3962);
#3961 = CARTESIAN_POINT('',(142.25,70.,94.));
#3962 = VECTOR('',#3963,1.);
#3963 = DIRECTION('',(0.,0.,1.));
#3964 = CYLINDRICAL_SURFACE('',#3965,2.75);
#3965 = AXIS2_PLACEMENT_3D('',#3966,#3967,#3968);
#3966 = CARTESIAN_POINT('',(145.,70.,94.));
#3967 = DIRECTION('',(0.,0.,1.));
#3968 = DIRECTION('',(1.,0.,0.));
#3969 = ADVANCED_FACE('',(#3970),#3981,.T.);
#3970 = FACE_BOUND('',#3971,.T.);
#3971 = EDGE_LOOP('',(#3972,#3973,#3974,#3980));
#3972 = ORIENTED_EDGE('',*,*,#3959,.F.);
#3973 = ORIENTED_EDGE('',*,*,#3872,.T.);
#3974 = ORIENTED_EDGE('',*,*,#3975,.T.);
#3975 = EDGE_CURVE('',#3873,#3760,#3976,.T.);
#3976 = LINE('',#3977,#3978);
#3977 = CARTESIAN_POINT('',(142.25,90.,94.));
#3978 = VECTOR('',#3979,1.);
#3979 = DIRECTION('',(0.,0.,1.));
#3980 = ORIENTED_EDGE('',*,*,#3759,.F.);
#3981 = PLANE('',#3982);
#3982 = AXIS2_PLACEMENT_3D('',#3983,#3984,#3985);
#3983 = CARTESIAN_POINT('',(142.25,70.,94.));
#3984 = DIRECTION('',(1.,0.,0.));
#3985 = DIRECTION('',(0.,0.,1.));
#3986 = ADVANCED_FACE('',(#3987),#3998,.F.);
#3987 = FACE_BOUND('',#3988,.F.);
#3988 = EDGE_LOOP('',(#3989,#3990,#3991,#3997));
#3989 = ORIENTED_EDGE('',*,*,#3952,.F.);
#3990 = ORIENTED_EDGE('',*,*,#3889,.T.);
#3991 = ORIENTED_EDGE('',*,*,#3992,.T.);
#3992 = EDGE_CURVE('',#3881,#3768,#3993,.T.);
#3993 = LINE('',#3994,#3995);
#3994 = CARTESIAN_POINT('',(147.75,90.,94.));
#3995 = VECTOR('',#3996,1.);
#3996 = DIRECTION('',(0.,0.,1.));
#3997 = ORIENTED_EDGE('',*,*,#3776,.F.);
#3998 = PLANE('',#3999);
#3999 = AXIS2_PLACEMENT_3D('',#4000,#4001,#4002);
#4000 = CARTESIAN_POINT('',(147.75,70.,94.));
#4001 = DIRECTION('',(1.,0.,0.));
#4002 = DIRECTION('',(0.,0.,1.));
#4003 = ADVANCED_FACE('',(#4004),#4010,.F.);
#4004 = FACE_BOUND('',#4005,.F.);
#4005 = EDGE_LOOP('',(#4006,#4007,#4008,#4009));
#4006 = ORIENTED_EDGE('',*,*,#3767,.F.);
#4007 = ORIENTED_EDGE('',*,*,#3992,.F.);
#4008 = ORIENTED_EDGE('',*,*,#3880,.T.);
#4009 = ORIENTED_EDGE('',*,*,#3975,.T.);
#4010 = CYLINDRICAL_SURFACE('',#4011,2.75);
#4011 = AXIS2_PLACEMENT_3D('',#4012,#4013,#4014);
#4012 = CARTESIAN_POINT('',(145.,90.,94.));
#4013 = DIRECTION('',(0.,0.,1.));
#4014 = DIRECTION('',(1.,0.,0.));
#4015 = ADVANCED_FACE('',(#4016),#4032,.F.);
#4016 = FACE_BOUND('',#4017,.F.);
#4017 = EDGE_LOOP('',(#4018,#4019,#4025,#4026));
#4018 = ORIENTED_EDGE('',*,*,#3897,.T.);
#4019 = ORIENTED_EDGE('',*,*,#4020,.T.);
#4020 = EDGE_CURVE('',#3900,#3787,#4021,.T.);
#4021 = LINE('',#4022,#4023);
#4022 = CARTESIAN_POINT('',(217.75,70.,94.));
#4023 = VECTOR('',#4024,1.);
#4024 = DIRECTION('',(0.,0.,1.));
#4025 = ORIENTED_EDGE('',*,*,#3784,.F.);
#4026 = ORIENTED_EDGE('',*,*,#4027,.F.);
#4027 = EDGE_CURVE('',#3898,#3785,#4028,.T.);
#4028 = LINE('',#4029,#4030);
#4029 = CARTESIAN_POINT('',(212.25,70.,94.));
#4030 = VECTOR('',#4031,1.);
#4031 = DIRECTION('',(0.,0.,1.));
#4032 = CYLINDRICAL_SURFACE('',#4033,2.75);
#4033 = AXIS2_PLACEMENT_3D('',#4034,#4035,#4036);
#4034 = CARTESIAN_POINT('',(215.,70.,94.));
#4035 = DIRECTION('',(0.,0.,1.));
#4036 = DIRECTION('',(1.,0.,0.));
#4037 = ADVANCED_FACE('',(#4038),#4049,.F.);
#4038 = FACE_BOUND('',#4039,.F.);
#4039 = EDGE_LOOP('',(#4040,#4041,#4042,#4048));
#4040 = ORIENTED_EDGE('',*,*,#4020,.F.);
#4041 = ORIENTED_EDGE('',*,*,#3925,.T.);
#4042 = ORIENTED_EDGE('',*,*,#4043,.T.);
#4043 = EDGE_CURVE('',#3917,#3804,#4044,.T.);
#4044 = LINE('',#4045,#4046);
#4045 = CARTESIAN_POINT('',(217.75,90.,94.));
#4046 = VECTOR('',#4047,1.);
#4047 = DIRECTION('',(0.,0.,1.));
#4048 = ORIENTED_EDGE('',*,*,#3812,.F.);
#4049 = PLANE('',#4050);
#4050 = AXIS2_PLACEMENT_3D('',#4051,#4052,#4053);
#4051 = CARTESIAN_POINT('',(217.75,70.,94.));
#4052 = DIRECTION('',(1.,0.,0.));
#4053 = DIRECTION('',(0.,0.,1.));
#4054 = ADVANCED_FACE('',(#4055),#4066,.F.);
#4055 = FACE_BOUND('',#4056,.F.);
#4056 = EDGE_LOOP('',(#4057,#4058,#4059,#4060));
#4057 = ORIENTED_EDGE('',*,*,#3803,.F.);
#4058 = ORIENTED_EDGE('',*,*,#4043,.F.);
#4059 = ORIENTED_EDGE('',*,*,#3916,.T.);
#4060 = ORIENTED_EDGE('',*,*,#4061,.T.);
#4061 = EDGE_CURVE('',#3909,#3796,#4062,.T.);
#4062 = LINE('',#4063,#4064);
#4063 = CARTESIAN_POINT('',(212.25,90.,94.));
#4064 = VECTOR('',#4065,1.);
#4065 = DIRECTION('',(0.,0.,1.));
#4066 = CYLINDRICAL_SURFACE('',#4067,2.75);
#4067 = AXIS2_PLACEMENT_3D('',#4068,#4069,#4070);
#4068 = CARTESIAN_POINT('',(215.,90.,94.));
#4069 = DIRECTION('',(0.,0.,1.));
#4070 = DIRECTION('',(1.,0.,0.));
#4071 = ADVANCED_FACE('',(#4072),#4078,.T.);
#4072 = FACE_BOUND('',#4073,.T.);
#4073 = EDGE_LOOP('',(#4074,#4075,#4076,#4077));
#4074 = ORIENTED_EDGE('',*,*,#4027,.F.);
#4075 = ORIENTED_EDGE('',*,*,#3908,.T.);
#4076 = ORIENTED_EDGE('',*,*,#4061,.T.);
#4077 = ORIENTED_EDGE('',*,*,#3795,.F.);
#4078 = PLANE('',#4079);
#4079 = AXIS2_PLACEMENT_3D('',#4080,#4081,#4082);
#4080 = CARTESIAN_POINT('',(212.25,70.,94.));
#4081 = DIRECTION('',(1.,0.,0.));
#4082 = DIRECTION('',(0.,0.,1.));
#4083 = MANIFOLD_SOLID_BREP('',#4084);
#4084 = CLOSED_SHELL('',(#4085,#4118,#4127));
#4085 = ADVANCED_FACE('',(#4086),#4113,.T.);
#4086 = FACE_BOUND('',#4087,.T.);
#4087 = EDGE_LOOP('',(#4088,#4097,#4105,#4112));
#4088 = ORIENTED_EDGE('',*,*,#4089,.F.);
#4089 = EDGE_CURVE('',#4090,#4090,#4092,.T.);
#4090 = VERTEX_POINT('',#4091);
#4091 = CARTESIAN_POINT('',(213.75,80.,107.));
#4092 = CIRCLE('',#4093,2.);
#4093 = AXIS2_PLACEMENT_3D('',#4094,#4095,#4096);
#4094 = CARTESIAN_POINT('',(213.75,80.,105.));
#4095 = DIRECTION('',(1.,0.,-0.));
#4096 = DIRECTION('',(0.,0.,1.));
#4097 = ORIENTED_EDGE('',*,*,#4098,.F.);
#4098 = EDGE_CURVE('',#4099,#4090,#4101,.T.);
#4099 = VERTEX_POINT('',#4100);
#4100 = CARTESIAN_POINT('',(146.25,80.,107.));
#4101 = LINE('',#4102,#4103);
#4102 = CARTESIAN_POINT('',(146.25,80.,107.));
#4103 = VECTOR('',#4104,1.);
#4104 = DIRECTION('',(1.,0.,0.));
#4105 = ORIENTED_EDGE('',*,*,#4106,.T.);
#4106 = EDGE_CURVE('',#4099,#4099,#4107,.T.);
#4107 = CIRCLE('',#4108,2.);
#4108 = AXIS2_PLACEMENT_3D('',#4109,#4110,#4111);
#4109 = CARTESIAN_POINT('',(146.25,80.,105.));
#4110 = DIRECTION('',(1.,0.,-0.));
#4111 = DIRECTION('',(0.,0.,1.));
#4112 = ORIENTED_EDGE('',*,*,#4098,.T.);
#4113 = CYLINDRICAL_SURFACE('',#4114,2.);
#4114 = AXIS2_PLACEMENT_3D('',#4115,#4116,#4117);
#4115 = CARTESIAN_POINT('',(146.25,80.,105.));
#4116 = DIRECTION('',(1.,0.,0.));
#4117 = DIRECTION('',(0.,0.,1.));
#4118 = ADVANCED_FACE('',(#4119),#4122,.T.);
#4119 = FACE_BOUND('',#4120,.T.);
#4120 = EDGE_LOOP('',(#4121));
#4121 = ORIENTED_EDGE('',*,*,#4089,.T.);
#4122 = PLANE('',#4123);
#4123 = AXIS2_PLACEMENT_3D('',#4124,#4125,#4126);
#4124 = CARTESIAN_POINT('',(213.75,80.,105.));
#4125 = DIRECTION('',(1.,0.,0.));
#4126 = DIRECTION('',(0.,0.,1.));
#4127 = ADVANCED_FACE('',(#4128),#4131,.F.);
#4128 = FACE_BOUND('',#4129,.T.);
#4129 = EDGE_LOOP('',(#4130));
#4130 = ORIENTED_EDGE('',*,*,#4106,.F.);
#4131 = PLANE('',#4132);
#4132 = AXIS2_PLACEMENT_3D('',#4133,#4134,#4135);
#4133 = CARTESIAN_POINT('',(146.25,80.,105.));
#4134 = DIRECTION('',(1.,0.,0.));
#4135 = DIRECTION('',(0.,0.,1.));
#4136 = MANIFOLD_SOLID_BREP('',#4137);
#4137 = CLOSED_SHELL('',(#4138,#4189,#4220,#4244,#4268,#4285,#4310));
#4138 = ADVANCED_FACE('',(#4139,#4173),#4184,.F.);
#4139 = FACE_BOUND('',#4140,.F.);
#4140 = EDGE_LOOP('',(#4141,#4151,#4159,#4167));
#4141 = ORIENTED_EDGE('',*,*,#4142,.F.);
#4142 = EDGE_CURVE('',#4143,#4145,#4147,.T.);
#4143 = VERTEX_POINT('',#4144);
#4144 = CARTESIAN_POINT('',(147.25,72.,100.));
#4145 = VERTEX_POINT('',#4146);
#4146 = CARTESIAN_POINT('',(147.25,72.,113.));
#4147 = LINE('',#4148,#4149);
#4148 = CARTESIAN_POINT('',(147.25,72.,100.));
#4149 = VECTOR('',#4150,1.);
#4150 = DIRECTION('',(0.,0.,1.));
#4151 = ORIENTED_EDGE('',*,*,#4152,.T.);
#4152 = EDGE_CURVE('',#4143,#4153,#4155,.T.);
#4153 = VERTEX_POINT('',#4154);
#4154 = CARTESIAN_POINT('',(147.25,88.,100.));
#4155 = LINE('',#4156,#4157);
#4156 = CARTESIAN_POINT('',(147.25,72.,100.));
#4157 = VECTOR('',#4158,1.);
#4158 = DIRECTION('',(0.,1.,0.));
#4159 = ORIENTED_EDGE('',*,*,#4160,.T.);
#4160 = EDGE_CURVE('',#4153,#4161,#4163,.T.);
#4161 = VERTEX_POINT('',#4162);
#4162 = CARTESIAN_POINT('',(147.25,88.,113.));
#4163 = LINE('',#4164,#4165);
#4164 = CARTESIAN_POINT('',(147.25,88.,100.));
#4165 = VECTOR('',#4166,1.);
#4166 = DIRECTION('',(0.,0.,1.));
#4167 = ORIENTED_EDGE('',*,*,#4168,.F.);
#4168 = EDGE_CURVE('',#4145,#4161,#4169,.T.);
#4169 = LINE('',#4170,#4171);
#4170 = CARTESIAN_POINT('',(147.25,72.,113.));
#4171 = VECTOR('',#4172,1.);
#4172 = DIRECTION('',(0.,1.,0.));
#4173 = FACE_BOUND('',#4174,.F.);
#4174 = EDGE_LOOP('',(#4175));
#4175 = ORIENTED_EDGE('',*,*,#4176,.F.);
#4176 = EDGE_CURVE('',#4177,#4177,#4179,.T.);
#4177 = VERTEX_POINT('',#4178);
#4178 = CARTESIAN_POINT('',(147.25,80.,107.1));
#4179 = CIRCLE('',#4180,2.1);
#4180 = AXIS2_PLACEMENT_3D('',#4181,#4182,#4183);
#4181 = CARTESIAN_POINT('',(147.25,80.,105.));
#4182 = DIRECTION('',(1.,0.,-0.));
#4183 = DIRECTION('',(0.,0.,1.));
#4184 = PLANE('',#4185);
#4185 = AXIS2_PLACEMENT_3D('',#4186,#4187,#4188);
#4186 = CARTESIAN_POINT('',(147.25,72.,100.));
#4187 = DIRECTION('',(1.,0.,0.));
#4188 = DIRECTION('',(0.,0.,1.));
#4189 = ADVANCED_FACE('',(#4190),#4215,.F.);
#4190 = FACE_BOUND('',#4191,.F.);
#4191 = EDGE_LOOP('',(#4192,#4200,#4201,#4209));
#4192 = ORIENTED_EDGE('',*,*,#4193,.F.);
#4193 = EDGE_CURVE('',#4143,#4194,#4196,.T.);
#4194 = VERTEX_POINT('',#4195);
#4195 = CARTESIAN_POINT('',(155.25,72.,100.));
#4196 = LINE('',#4197,#4198);
#4197 = CARTESIAN_POINT('',(147.25,72.,100.));
#4198 = VECTOR('',#4199,1.);
#4199 = DIRECTION('',(1.,0.,0.));
#4200 = ORIENTED_EDGE('',*,*,#4142,.T.);
#4201 = ORIENTED_EDGE('',*,*,#4202,.T.);
#4202 = EDGE_CURVE('',#4145,#4203,#4205,.T.);
#4203 = VERTEX_POINT('',#4204);
#4204 = CARTESIAN_POINT('',(155.25,72.,113.));
#4205 = LINE('',#4206,#4207);
#4206 = CARTESIAN_POINT('',(147.25,72.,113.));
#4207 = VECTOR('',#4208,1.);
#4208 = DIRECTION('',(1.,0.,0.));
#4209 = ORIENTED_EDGE('',*,*,#4210,.F.);
#4210 = EDGE_CURVE('',#4194,#4203,#4211,.T.);
#4211 = LINE('',#4212,#4213);
#4212 = CARTESIAN_POINT('',(155.25,72.,100.));
#4213 = VECTOR('',#4214,1.);
#4214 = DIRECTION('',(0.,0.,1.));
#4215 = PLANE('',#4216);
#4216 = AXIS2_PLACEMENT_3D('',#4217,#4218,#4219);
#4217 = CARTESIAN_POINT('',(147.25,72.,100.));
#4218 = DIRECTION('',(0.,1.,0.));
#4219 = DIRECTION('',(0.,0.,1.));
#4220 = ADVANCED_FACE('',(#4221),#4239,.T.);
#4221 = FACE_BOUND('',#4222,.T.);
#4222 = EDGE_LOOP('',(#4223,#4224,#4225,#4233));
#4223 = ORIENTED_EDGE('',*,*,#4168,.F.);
#4224 = ORIENTED_EDGE('',*,*,#4202,.T.);
#4225 = ORIENTED_EDGE('',*,*,#4226,.T.);
#4226 = EDGE_CURVE('',#4203,#4227,#4229,.T.);
#4227 = VERTEX_POINT('',#4228);
#4228 = CARTESIAN_POINT('',(155.25,88.,113.));
#4229 = LINE('',#4230,#4231);
#4230 = CARTESIAN_POINT('',(155.25,72.,113.));
#4231 = VECTOR('',#4232,1.);
#4232 = DIRECTION('',(0.,1.,0.));
#4233 = ORIENTED_EDGE('',*,*,#4234,.F.);
#4234 = EDGE_CURVE('',#4161,#4227,#4235,.T.);
#4235 = LINE('',#4236,#4237);
#4236 = CARTESIAN_POINT('',(147.25,88.,113.));
#4237 = VECTOR('',#4238,1.);
#4238 = DIRECTION('',(1.,0.,0.));
#4239 = PLANE('',#4240);
#4240 = AXIS2_PLACEMENT_3D('',#4241,#4242,#4243);
#4241 = CARTESIAN_POINT('',(147.25,72.,113.));
#4242 = DIRECTION('',(0.,0.,1.));
#4243 = DIRECTION('',(1.,0.,0.));
#4244 = ADVANCED_FACE('',(#4245),#4263,.F.);
#4245 = FACE_BOUND('',#4246,.F.);
#4246 = EDGE_LOOP('',(#4247,#4248,#4249,#4257));
#4247 = ORIENTED_EDGE('',*,*,#4152,.F.);
#4248 = ORIENTED_EDGE('',*,*,#4193,.T.);
#4249 = ORIENTED_EDGE('',*,*,#4250,.T.);
#4250 = EDGE_CURVE('',#4194,#4251,#4253,.T.);
#4251 = VERTEX_POINT('',#4252);
#4252 = CARTESIAN_POINT('',(155.25,88.,100.));
#4253 = LINE('',#4254,#4255);
#4254 = CARTESIAN_POINT('',(155.25,72.,100.));
#4255 = VECTOR('',#4256,1.);
#4256 = DIRECTION('',(0.,1.,0.));
#4257 = ORIENTED_EDGE('',*,*,#4258,.F.);
#4258 = EDGE_CURVE('',#4153,#4251,#4259,.T.);
#4259 = LINE('',#4260,#4261);
#4260 = CARTESIAN_POINT('',(147.25,88.,100.));
#4261 = VECTOR('',#4262,1.);
#4262 = DIRECTION('',(1.,0.,0.));
#4263 = PLANE('',#4264);
#4264 = AXIS2_PLACEMENT_3D('',#4265,#4266,#4267);
#4265 = CARTESIAN_POINT('',(147.25,72.,100.));
#4266 = DIRECTION('',(0.,0.,1.));
#4267 = DIRECTION('',(1.,0.,0.));
#4268 = ADVANCED_FACE('',(#4269),#4280,.T.);
#4269 = FACE_BOUND('',#4270,.T.);
#4270 = EDGE_LOOP('',(#4271,#4272,#4273,#4274));
#4271 = ORIENTED_EDGE('',*,*,#4258,.F.);
#4272 = ORIENTED_EDGE('',*,*,#4160,.T.);
#4273 = ORIENTED_EDGE('',*,*,#4234,.T.);
#4274 = ORIENTED_EDGE('',*,*,#4275,.F.);
#4275 = EDGE_CURVE('',#4251,#4227,#4276,.T.);
#4276 = LINE('',#4277,#4278);
#4277 = CARTESIAN_POINT('',(155.25,88.,100.));
#4278 = VECTOR('',#4279,1.);
#4279 = DIRECTION('',(0.,0.,1.));
#4280 = PLANE('',#4281);
#4281 = AXIS2_PLACEMENT_3D('',#4282,#4283,#4284);
#4282 = CARTESIAN_POINT('',(147.25,88.,100.));
#4283 = DIRECTION('',(0.,1.,0.));
#4284 = DIRECTION('',(0.,0.,1.));
#4285 = ADVANCED_FACE('',(#4286),#4305,.F.);
#4286 = FACE_BOUND('',#4287,.F.);
#4287 = EDGE_LOOP('',(#4288,#4297,#4303,#4304));
#4288 = ORIENTED_EDGE('',*,*,#4289,.F.);
#4289 = EDGE_CURVE('',#4290,#4290,#4292,.T.);
#4290 = VERTEX_POINT('',#4291);
#4291 = CARTESIAN_POINT('',(155.25,80.,107.1));
#4292 = CIRCLE('',#4293,2.1);
#4293 = AXIS2_PLACEMENT_3D('',#4294,#4295,#4296);
#4294 = CARTESIAN_POINT('',(155.25,80.,105.));
#4295 = DIRECTION('',(1.,0.,-0.));
#4296 = DIRECTION('',(0.,0.,1.));
#4297 = ORIENTED_EDGE('',*,*,#4298,.F.);
#4298 = EDGE_CURVE('',#4177,#4290,#4299,.T.);
#4299 = LINE('',#4300,#4301);
#4300 = CARTESIAN_POINT('',(146.25,80.,107.1));
#4301 = VECTOR('',#4302,1.);
#4302 = DIRECTION('',(1.,0.,0.));
#4303 = ORIENTED_EDGE('',*,*,#4176,.T.);
#4304 = ORIENTED_EDGE('',*,*,#4298,.T.);
#4305 = CYLINDRICAL_SURFACE('',#4306,2.1);
#4306 = AXIS2_PLACEMENT_3D('',#4307,#4308,#4309);
#4307 = CARTESIAN_POINT('',(146.25,80.,105.));
#4308 = DIRECTION('',(1.,0.,0.));
#4309 = DIRECTION('',(0.,0.,1.));
#4310 = ADVANCED_FACE('',(#4311,#4317),#4320,.T.);
#4311 = FACE_BOUND('',#4312,.T.);
#4312 = EDGE_LOOP('',(#4313,#4314,#4315,#4316));
#4313 = ORIENTED_EDGE('',*,*,#4210,.F.);
#4314 = ORIENTED_EDGE('',*,*,#4250,.T.);
#4315 = ORIENTED_EDGE('',*,*,#4275,.T.);
#4316 = ORIENTED_EDGE('',*,*,#4226,.F.);
#4317 = FACE_BOUND('',#4318,.T.);
#4318 = EDGE_LOOP('',(#4319));
#4319 = ORIENTED_EDGE('',*,*,#4289,.F.);
#4320 = PLANE('',#4321);
#4321 = AXIS2_PLACEMENT_3D('',#4322,#4323,#4324);
#4322 = CARTESIAN_POINT('',(155.25,72.,100.));
#4323 = DIRECTION('',(1.,0.,0.));
#4324 = DIRECTION('',(0.,0.,1.));
#4325 = MANIFOLD_SOLID_BREP('',#4326);
#4326 = CLOSED_SHELL('',(#4327,#4378,#4409,#4433,#4457,#4474,#4499));
#4327 = ADVANCED_FACE('',(#4328,#4362),#4373,.F.);
#4328 = FACE_BOUND('',#4329,.F.);
#4329 = EDGE_LOOP('',(#4330,#4340,#4348,#4356));
#4330 = ORIENTED_EDGE('',*,*,#4331,.F.);
#4331 = EDGE_CURVE('',#4332,#4334,#4336,.T.);
#4332 = VERTEX_POINT('',#4333);
#4333 = CARTESIAN_POINT('',(204.75,72.,100.));
#4334 = VERTEX_POINT('',#4335);
#4335 = CARTESIAN_POINT('',(204.75,72.,113.));
#4336 = LINE('',#4337,#4338);
#4337 = CARTESIAN_POINT('',(204.75,72.,100.));
#4338 = VECTOR('',#4339,1.);
#4339 = DIRECTION('',(0.,0.,1.));
#4340 = ORIENTED_EDGE('',*,*,#4341,.T.);
#4341 = EDGE_CURVE('',#4332,#4342,#4344,.T.);
#4342 = VERTEX_POINT('',#4343);
#4343 = CARTESIAN_POINT('',(204.75,88.,100.));
#4344 = LINE('',#4345,#4346);
#4345 = CARTESIAN_POINT('',(204.75,72.,100.));
#4346 = VECTOR('',#4347,1.);
#4347 = DIRECTION('',(0.,1.,0.));
#4348 = ORIENTED_EDGE('',*,*,#4349,.T.);
#4349 = EDGE_CURVE('',#4342,#4350,#4352,.T.);
#4350 = VERTEX_POINT('',#4351);
#4351 = CARTESIAN_POINT('',(204.75,88.,113.));
#4352 = LINE('',#4353,#4354);
#4353 = CARTESIAN_POINT('',(204.75,88.,100.));
#4354 = VECTOR('',#4355,1.);
#4355 = DIRECTION('',(0.,0.,1.));
#4356 = ORIENTED_EDGE('',*,*,#4357,.F.);
#4357 = EDGE_CURVE('',#4334,#4350,#4358,.T.);
#4358 = LINE('',#4359,#4360);
#4359 = CARTESIAN_POINT('',(204.75,72.,113.));
#4360 = VECTOR('',#4361,1.);
#4361 = DIRECTION('',(0.,1.,0.));
#4362 = FACE_BOUND('',#4363,.F.);
#4363 = EDGE_LOOP('',(#4364));
#4364 = ORIENTED_EDGE('',*,*,#4365,.F.);
#4365 = EDGE_CURVE('',#4366,#4366,#4368,.T.);
#4366 = VERTEX_POINT('',#4367);
#4367 = CARTESIAN_POINT('',(204.75,80.,107.1));
#4368 = CIRCLE('',#4369,2.1);
#4369 = AXIS2_PLACEMENT_3D('',#4370,#4371,#4372);
#4370 = CARTESIAN_POINT('',(204.75,80.,105.));
#4371 = DIRECTION('',(1.,0.,-0.));
#4372 = DIRECTION('',(0.,0.,1.));
#4373 = PLANE('',#4374);
#4374 = AXIS2_PLACEMENT_3D('',#4375,#4376,#4377);
#4375 = CARTESIAN_POINT('',(204.75,72.,100.));
#4376 = DIRECTION('',(1.,0.,0.));
#4377 = DIRECTION('',(0.,0.,1.));
#4378 = ADVANCED_FACE('',(#4379),#4404,.F.);
#4379 = FACE_BOUND('',#4380,.F.);
#4380 = EDGE_LOOP('',(#4381,#4389,#4390,#4398));
#4381 = ORIENTED_EDGE('',*,*,#4382,.F.);
#4382 = EDGE_CURVE('',#4332,#4383,#4385,.T.);
#4383 = VERTEX_POINT('',#4384);
#4384 = CARTESIAN_POINT('',(212.75,72.,100.));
#4385 = LINE('',#4386,#4387);
#4386 = CARTESIAN_POINT('',(204.75,72.,100.));
#4387 = VECTOR('',#4388,1.);
#4388 = DIRECTION('',(1.,0.,0.));
#4389 = ORIENTED_EDGE('',*,*,#4331,.T.);
#4390 = ORIENTED_EDGE('',*,*,#4391,.T.);
#4391 = EDGE_CURVE('',#4334,#4392,#4394,.T.);
#4392 = VERTEX_POINT('',#4393);
#4393 = CARTESIAN_POINT('',(212.75,72.,113.));
#4394 = LINE('',#4395,#4396);
#4395 = CARTESIAN_POINT('',(204.75,72.,113.));
#4396 = VECTOR('',#4397,1.);
#4397 = DIRECTION('',(1.,0.,0.));
#4398 = ORIENTED_EDGE('',*,*,#4399,.F.);
#4399 = EDGE_CURVE('',#4383,#4392,#4400,.T.);
#4400 = LINE('',#4401,#4402);
#4401 = CARTESIAN_POINT('',(212.75,72.,100.));
#4402 = VECTOR('',#4403,1.);
#4403 = DIRECTION('',(0.,0.,1.));
#4404 = PLANE('',#4405);
#4405 = AXIS2_PLACEMENT_3D('',#4406,#4407,#4408);
#4406 = CARTESIAN_POINT('',(204.75,72.,100.));
#4407 = DIRECTION('',(0.,1.,0.));
#4408 = DIRECTION('',(0.,0.,1.));
#4409 = ADVANCED_FACE('',(#4410),#4428,.T.);
#4410 = FACE_BOUND('',#4411,.T.);
#4411 = EDGE_LOOP('',(#4412,#4413,#4414,#4422));
#4412 = ORIENTED_EDGE('',*,*,#4357,.F.);
#4413 = ORIENTED_EDGE('',*,*,#4391,.T.);
#4414 = ORIENTED_EDGE('',*,*,#4415,.T.);
#4415 = EDGE_CURVE('',#4392,#4416,#4418,.T.);
#4416 = VERTEX_POINT('',#4417);
#4417 = CARTESIAN_POINT('',(212.75,88.,113.));
#4418 = LINE('',#4419,#4420);
#4419 = CARTESIAN_POINT('',(212.75,72.,113.));
#4420 = VECTOR('',#4421,1.);
#4421 = DIRECTION('',(0.,1.,0.));
#4422 = ORIENTED_EDGE('',*,*,#4423,.F.);
#4423 = EDGE_CURVE('',#4350,#4416,#4424,.T.);
#4424 = LINE('',#4425,#4426);
#4425 = CARTESIAN_POINT('',(204.75,88.,113.));
#4426 = VECTOR('',#4427,1.);
#4427 = DIRECTION('',(1.,0.,0.));
#4428 = PLANE('',#4429);
#4429 = AXIS2_PLACEMENT_3D('',#4430,#4431,#4432);
#4430 = CARTESIAN_POINT('',(204.75,72.,113.));
#4431 = DIRECTION('',(0.,0.,1.));
#4432 = DIRECTION('',(1.,0.,0.));
#4433 = ADVANCED_FACE('',(#4434),#4452,.F.);
#4434 = FACE_BOUND('',#4435,.F.);
#4435 = EDGE_LOOP('',(#4436,#4437,#4438,#4446));
#4436 = ORIENTED_EDGE('',*,*,#4341,.F.);
#4437 = ORIENTED_EDGE('',*,*,#4382,.T.);
#4438 = ORIENTED_EDGE('',*,*,#4439,.T.);
#4439 = EDGE_CURVE('',#4383,#4440,#4442,.T.);
#4440 = VERTEX_POINT('',#4441);
#4441 = CARTESIAN_POINT('',(212.75,88.,100.));
#4442 = LINE('',#4443,#4444);
#4443 = CARTESIAN_POINT('',(212.75,72.,100.));
#4444 = VECTOR('',#4445,1.);
#4445 = DIRECTION('',(0.,1.,0.));
#4446 = ORIENTED_EDGE('',*,*,#4447,.F.);
#4447 = EDGE_CURVE('',#4342,#4440,#4448,.T.);
#4448 = LINE('',#4449,#4450);
#4449 = CARTESIAN_POINT('',(204.75,88.,100.));
#4450 = VECTOR('',#4451,1.);
#4451 = DIRECTION('',(1.,0.,0.));
#4452 = PLANE('',#4453);
#4453 = AXIS2_PLACEMENT_3D('',#4454,#4455,#4456);
#4454 = CARTESIAN_POINT('',(204.75,72.,100.));
#4455 = DIRECTION('',(0.,0.,1.));
#4456 = DIRECTION('',(1.,0.,0.));
#4457 = ADVANCED_FACE('',(#4458),#4469,.T.);
#4458 = FACE_BOUND('',#4459,.T.);
#4459 = EDGE_LOOP('',(#4460,#4461,#4462,#4463));
#4460 = ORIENTED_EDGE('',*,*,#4447,.F.);
#4461 = ORIENTED_EDGE('',*,*,#4349,.T.);
#4462 = ORIENTED_EDGE('',*,*,#4423,.T.);
#4463 = ORIENTED_EDGE('',*,*,#4464,.F.);
#4464 = EDGE_CURVE('',#4440,#4416,#4465,.T.);
#4465 = LINE('',#4466,#4467);
#4466 = CARTESIAN_POINT('',(212.75,88.,100.));
#4467 = VECTOR('',#4468,1.);
#4468 = DIRECTION('',(0.,0.,1.));
#4469 = PLANE('',#4470);
#4470 = AXIS2_PLACEMENT_3D('',#4471,#4472,#4473);
#4471 = CARTESIAN_POINT('',(204.75,88.,100.));
#4472 = DIRECTION('',(0.,1.,0.));
#4473 = DIRECTION('',(0.,0.,1.));
#4474 = ADVANCED_FACE('',(#4475),#4494,.F.);
#4475 = FACE_BOUND('',#4476,.F.);
#4476 = EDGE_LOOP('',(#4477,#4486,#4492,#4493));
#4477 = ORIENTED_EDGE('',*,*,#4478,.F.);
#4478 = EDGE_CURVE('',#4479,#4479,#4481,.T.);
#4479 = VERTEX_POINT('',#4480);
#4480 = CARTESIAN_POINT('',(212.75,80.,107.1));
#4481 = CIRCLE('',#4482,2.1);
#4482 = AXIS2_PLACEMENT_3D('',#4483,#4484,#4485);
#4483 = CARTESIAN_POINT('',(212.75,80.,105.));
#4484 = DIRECTION('',(1.,0.,-0.));
#4485 = DIRECTION('',(0.,0.,1.));
#4486 = ORIENTED_EDGE('',*,*,#4487,.F.);
#4487 = EDGE_CURVE('',#4366,#4479,#4488,.T.);
#4488 = LINE('',#4489,#4490);
#4489 = CARTESIAN_POINT('',(203.75,80.,107.1));
#4490 = VECTOR('',#4491,1.);
#4491 = DIRECTION('',(1.,0.,0.));
#4492 = ORIENTED_EDGE('',*,*,#4365,.T.);
#4493 = ORIENTED_EDGE('',*,*,#4487,.T.);
#4494 = CYLINDRICAL_SURFACE('',#4495,2.1);
#4495 = AXIS2_PLACEMENT_3D('',#4496,#4497,#4498);
#4496 = CARTESIAN_POINT('',(203.75,80.,105.));
#4497 = DIRECTION('',(1.,0.,0.));
#4498 = DIRECTION('',(0.,0.,1.));
#4499 = ADVANCED_FACE('',(#4500,#4506),#4509,.T.);
#4500 = FACE_BOUND('',#4501,.T.);
#4501 = EDGE_LOOP('',(#4502,#4503,#4504,#4505));
#4502 = ORIENTED_EDGE('',*,*,#4399,.F.);
#4503 = ORIENTED_EDGE('',*,*,#4439,.T.);
#4504 = ORIENTED_EDGE('',*,*,#4464,.T.);
#4505 = ORIENTED_EDGE('',*,*,#4415,.F.);
#4506 = FACE_BOUND('',#4507,.T.);
#4507 = EDGE_LOOP('',(#4508));
#4508 = ORIENTED_EDGE('',*,*,#4478,.F.);
#4509 = PLANE('',#4510);
#4510 = AXIS2_PLACEMENT_3D('',#4511,#4512,#4513);
#4511 = CARTESIAN_POINT('',(212.75,72.,100.));
#4512 = DIRECTION('',(1.,0.,0.));
#4513 = DIRECTION('',(0.,0.,1.));
#4514 = MANIFOLD_SOLID_BREP('',#4515);
#4515 = CLOSED_SHELL('',(#4516,#4549,#4558));
#4516 = ADVANCED_FACE('',(#4517),#4544,.T.);
#4517 = FACE_BOUND('',#4518,.T.);
#4518 = EDGE_LOOP('',(#4519,#4528,#4536,#4543));
#4519 = ORIENTED_EDGE('',*,*,#4520,.F.);
#4520 = EDGE_CURVE('',#4521,#4521,#4523,.T.);
#4521 = VERTEX_POINT('',#4522);
#4522 = CARTESIAN_POINT('',(180.,167.1506985086,69.013811684718));
#4523 = CIRCLE('',#4524,5.);
#4524 = AXIS2_PLACEMENT_3D('',#4525,#4526,#4527);
#4525 = CARTESIAN_POINT('',(180.,165.,64.5));
#4526 = DIRECTION('',(0.256626311645,0.872529459594,-0.415734624865));
#4527 = DIRECTION('',(-8.16676349121E-18,0.43013970172,0.902762336944));
#4528 = ORIENTED_EDGE('',*,*,#4529,.F.);
#4529 = EDGE_CURVE('',#4530,#4521,#4532,.T.);
#4530 = VERTEX_POINT('',#4531);
#4531 = CARTESIAN_POINT('',(155.,82.150698508601,109.51381168471));
#4532 = LINE('',#4533,#4534);
#4533 = CARTESIAN_POINT('',(155.,82.150698508601,109.51381168471));
#4534 = VECTOR('',#4535,1.);
#4535 = DIRECTION('',(0.256626311645,0.872529459594,-0.415734624865));
#4536 = ORIENTED_EDGE('',*,*,#4537,.T.);
#4537 = EDGE_CURVE('',#4530,#4530,#4538,.T.);
#4538 = CIRCLE('',#4539,5.);
#4539 = AXIS2_PLACEMENT_3D('',#4540,#4541,#4542);
#4540 = CARTESIAN_POINT('',(155.,80.,105.));
#4541 = DIRECTION('',(0.256626311645,0.872529459594,-0.415734624865));
#4542 = DIRECTION('',(-8.16676349121E-18,0.43013970172,0.902762336944));
#4543 = ORIENTED_EDGE('',*,*,#4529,.T.);
#4544 = CYLINDRICAL_SURFACE('',#4545,5.);
#4545 = AXIS2_PLACEMENT_3D('',#4546,#4547,#4548);
#4546 = CARTESIAN_POINT('',(155.,80.,105.));
#4547 = DIRECTION('',(0.256626311645,0.872529459594,-0.415734624865));
#4548 = DIRECTION('',(5.711024316605E-18,0.43013970172,0.902762336944));
#4549 = ADVANCED_FACE('',(#4550),#4553,.T.);
#4550 = FACE_BOUND('',#4551,.T.);
#4551 = EDGE_LOOP('',(#4552));
#4552 = ORIENTED_EDGE('',*,*,#4520,.T.);
#4553 = PLANE('',#4554);
#4554 = AXIS2_PLACEMENT_3D('',#4555,#4556,#4557);
#4555 = CARTESIAN_POINT('',(180.,165.,64.5));
#4556 = DIRECTION('',(0.256626311645,0.872529459594,-0.415734624865));
#4557 = DIRECTION('',(5.711024316605E-18,0.43013970172,0.902762336944));
#4558 = ADVANCED_FACE('',(#4559),#4562,.F.);
#4559 = FACE_BOUND('',#4560,.T.);
#4560 = EDGE_LOOP('',(#4561));
#4561 = ORIENTED_EDGE('',*,*,#4537,.F.);
#4562 = PLANE('',#4563);
#4563 = AXIS2_PLACEMENT_3D('',#4564,#4565,#4566);
#4564 = CARTESIAN_POINT('',(155.,80.,105.));
#4565 = DIRECTION('',(0.256626311645,0.872529459594,-0.415734624865));
#4566 = DIRECTION('',(5.711024316605E-18,0.43013970172,0.902762336944));
#4567 = MANIFOLD_SOLID_BREP('',#4568);
#4568 = CLOSED_SHELL('',(#4569,#4602,#4611));
#4569 = ADVANCED_FACE('',(#4570),#4597,.T.);
#4570 = FACE_BOUND('',#4571,.T.);
#4571 = EDGE_LOOP('',(#4572,#4581,#4589,#4596));
#4572 = ORIENTED_EDGE('',*,*,#4573,.F.);
#4573 = EDGE_CURVE('',#4574,#4574,#4576,.T.);
#4574 = VERTEX_POINT('',#4575);
#4575 = CARTESIAN_POINT('',(180.,167.1506985086,69.013811684718));
#4576 = CIRCLE('',#4577,5.);
#4577 = AXIS2_PLACEMENT_3D('',#4578,#4579,#4580);
#4578 = CARTESIAN_POINT('',(180.,165.,64.5));
#4579 = DIRECTION('',(-0.256626311645,0.872529459594,-0.415734624865));
#4580 = DIRECTION('',(8.16676349121E-18,0.43013970172,0.902762336944));
#4581 = ORIENTED_EDGE('',*,*,#4582,.F.);
#4582 = EDGE_CURVE('',#4583,#4574,#4585,.T.);
#4583 = VERTEX_POINT('',#4584);
#4584 = CARTESIAN_POINT('',(205.,82.150698508601,109.51381168471));
#4585 = LINE('',#4586,#4587);
#4586 = CARTESIAN_POINT('',(205.,82.150698508601,109.51381168471));
#4587 = VECTOR('',#4588,1.);
#4588 = DIRECTION('',(-0.256626311645,0.872529459594,-0.415734624865));
#4589 = ORIENTED_EDGE('',*,*,#4590,.T.);
#4590 = EDGE_CURVE('',#4583,#4583,#4591,.T.);
#4591 = CIRCLE('',#4592,5.);
#4592 = AXIS2_PLACEMENT_3D('',#4593,#4594,#4595);
#4593 = CARTESIAN_POINT('',(205.,80.,105.));
#4594 = DIRECTION('',(-0.256626311645,0.872529459594,-0.415734624865));
#4595 = DIRECTION('',(8.16676349121E-18,0.43013970172,0.902762336944));
#4596 = ORIENTED_EDGE('',*,*,#4582,.T.);
#4597 = CYLINDRICAL_SURFACE('',#4598,5.);
#4598 = AXIS2_PLACEMENT_3D('',#4599,#4600,#4601);
#4599 = CARTESIAN_POINT('',(205.,80.,105.));
#4600 = DIRECTION('',(-0.256626311645,0.872529459594,-0.415734624865));
#4601 = DIRECTION('',(-5.711024316605E-18,0.43013970172,0.902762336944)
  );
#4602 = ADVANCED_FACE('',(#4603),#4606,.T.);
#4603 = FACE_BOUND('',#4604,.T.);
#4604 = EDGE_LOOP('',(#4605));
#4605 = ORIENTED_EDGE('',*,*,#4573,.T.);
#4606 = PLANE('',#4607);
#4607 = AXIS2_PLACEMENT_3D('',#4608,#4609,#4610);
#4608 = CARTESIAN_POINT('',(180.,165.,64.5));
#4609 = DIRECTION('',(-0.256626311645,0.872529459594,-0.415734624865));
#4610 = DIRECTION('',(-5.711024316605E-18,0.43013970172,0.902762336944)
  );
#4611 = ADVANCED_FACE('',(#4612),#4615,.F.);
#4612 = FACE_BOUND('',#4613,.T.);
#4613 = EDGE_LOOP('',(#4614));
#4614 = ORIENTED_EDGE('',*,*,#4590,.F.);
#4615 = PLANE('',#4616);
#4616 = AXIS2_PLACEMENT_3D('',#4617,#4618,#4619);
#4617 = CARTESIAN_POINT('',(205.,80.,105.));
#4618 = DIRECTION('',(-0.256626311645,0.872529459594,-0.415734624865));
#4619 = DIRECTION('',(-5.711024316605E-18,0.43013970172,0.902762336944)
  );
#4620 = MANIFOLD_SOLID_BREP('',#4621);
#4621 = CLOSED_SHELL('',(#4622,#4655,#4664));
#4622 = ADVANCED_FACE('',(#4623),#4650,.T.);
#4623 = FACE_BOUND('',#4624,.T.);
#4624 = EDGE_LOOP('',(#4625,#4634,#4642,#4649));
#4625 = ORIENTED_EDGE('',*,*,#4626,.F.);
#4626 = EDGE_CURVE('',#4627,#4627,#4629,.T.);
#4627 = VERTEX_POINT('',#4628);
#4628 = CARTESIAN_POINT('',(203.,80.,147.));
#4629 = CIRCLE('',#4630,2.);
#4630 = AXIS2_PLACEMENT_3D('',#4631,#4632,#4633);
#4631 = CARTESIAN_POINT('',(203.,80.,145.));
#4632 = DIRECTION('',(1.,0.,-0.));
#4633 = DIRECTION('',(0.,0.,1.));
#4634 = ORIENTED_EDGE('',*,*,#4635,.F.);
#4635 = EDGE_CURVE('',#4636,#4627,#4638,.T.);
#4636 = VERTEX_POINT('',#4637);
#4637 = CARTESIAN_POINT('',(157.,80.,147.));
#4638 = LINE('',#4639,#4640);
#4639 = CARTESIAN_POINT('',(157.,80.,147.));
#4640 = VECTOR('',#4641,1.);
#4641 = DIRECTION('',(1.,0.,0.));
#4642 = ORIENTED_EDGE('',*,*,#4643,.T.);
#4643 = EDGE_CURVE('',#4636,#4636,#4644,.T.);
#4644 = CIRCLE('',#4645,2.);
#4645 = AXIS2_PLACEMENT_3D('',#4646,#4647,#4648);
#4646 = CARTESIAN_POINT('',(157.,80.,145.));
#4647 = DIRECTION('',(1.,0.,-0.));
#4648 = DIRECTION('',(0.,0.,1.));
#4649 = ORIENTED_EDGE('',*,*,#4635,.T.);
#4650 = CYLINDRICAL_SURFACE('',#4651,2.);
#4651 = AXIS2_PLACEMENT_3D('',#4652,#4653,#4654);
#4652 = CARTESIAN_POINT('',(157.,80.,145.));
#4653 = DIRECTION('',(1.,0.,0.));
#4654 = DIRECTION('',(0.,0.,1.));
#4655 = ADVANCED_FACE('',(#4656),#4659,.T.);
#4656 = FACE_BOUND('',#4657,.T.);
#4657 = EDGE_LOOP('',(#4658));
#4658 = ORIENTED_EDGE('',*,*,#4626,.T.);
#4659 = PLANE('',#4660);
#4660 = AXIS2_PLACEMENT_3D('',#4661,#4662,#4663);
#4661 = CARTESIAN_POINT('',(203.,80.,145.));
#4662 = DIRECTION('',(1.,0.,0.));
#4663 = DIRECTION('',(0.,0.,1.));
#4664 = ADVANCED_FACE('',(#4665),#4668,.F.);
#4665 = FACE_BOUND('',#4666,.T.);
#4666 = EDGE_LOOP('',(#4667));
#4667 = ORIENTED_EDGE('',*,*,#4643,.F.);
#4668 = PLANE('',#4669);
#4669 = AXIS2_PLACEMENT_3D('',#4670,#4671,#4672);
#4670 = CARTESIAN_POINT('',(157.,80.,145.));
#4671 = DIRECTION('',(1.,0.,0.));
#4672 = DIRECTION('',(0.,0.,1.));
#4673 = MANIFOLD_SOLID_BREP('',#4674);
#4674 = CLOSED_SHELL('',(#4675,#4726,#4757,#4781,#4805,#4822,#4847));
#4675 = ADVANCED_FACE('',(#4676,#4710),#4721,.F.);
#4676 = FACE_BOUND('',#4677,.F.);
#4677 = EDGE_LOOP('',(#4678,#4688,#4696,#4704));
#4678 = ORIENTED_EDGE('',*,*,#4679,.F.);
#4679 = EDGE_CURVE('',#4680,#4682,#4684,.T.);
#4680 = VERTEX_POINT('',#4681);
#4681 = CARTESIAN_POINT('',(158.,72.,100.));
#4682 = VERTEX_POINT('',#4683);
#4683 = CARTESIAN_POINT('',(158.,72.,153.));
#4684 = LINE('',#4685,#4686);
#4685 = CARTESIAN_POINT('',(158.,72.,100.));
#4686 = VECTOR('',#4687,1.);
#4687 = DIRECTION('',(0.,0.,1.));
#4688 = ORIENTED_EDGE('',*,*,#4689,.T.);
#4689 = EDGE_CURVE('',#4680,#4690,#4692,.T.);
#4690 = VERTEX_POINT('',#4691);
#4691 = CARTESIAN_POINT('',(158.,88.,100.));
#4692 = LINE('',#4693,#4694);
#4693 = CARTESIAN_POINT('',(158.,72.,100.));
#4694 = VECTOR('',#4695,1.);
#4695 = DIRECTION('',(0.,1.,0.));
#4696 = ORIENTED_EDGE('',*,*,#4697,.T.);
#4697 = EDGE_CURVE('',#4690,#4698,#4700,.T.);
#4698 = VERTEX_POINT('',#4699);
#4699 = CARTESIAN_POINT('',(158.,88.,153.));
#4700 = LINE('',#4701,#4702);
#4701 = CARTESIAN_POINT('',(158.,88.,100.));
#4702 = VECTOR('',#4703,1.);
#4703 = DIRECTION('',(0.,0.,1.));
#4704 = ORIENTED_EDGE('',*,*,#4705,.F.);
#4705 = EDGE_CURVE('',#4682,#4698,#4706,.T.);
#4706 = LINE('',#4707,#4708);
#4707 = CARTESIAN_POINT('',(158.,72.,153.));
#4708 = VECTOR('',#4709,1.);
#4709 = DIRECTION('',(0.,1.,0.));
#4710 = FACE_BOUND('',#4711,.F.);
#4711 = EDGE_LOOP('',(#4712));
#4712 = ORIENTED_EDGE('',*,*,#4713,.F.);
#4713 = EDGE_CURVE('',#4714,#4714,#4716,.T.);
#4714 = VERTEX_POINT('',#4715);
#4715 = CARTESIAN_POINT('',(158.,80.,147.1));
#4716 = CIRCLE('',#4717,2.1);
#4717 = AXIS2_PLACEMENT_3D('',#4718,#4719,#4720);
#4718 = CARTESIAN_POINT('',(158.,80.,145.));
#4719 = DIRECTION('',(1.,0.,-0.));
#4720 = DIRECTION('',(0.,0.,1.));
#4721 = PLANE('',#4722);
#4722 = AXIS2_PLACEMENT_3D('',#4723,#4724,#4725);
#4723 = CARTESIAN_POINT('',(158.,72.,100.));
#4724 = DIRECTION('',(1.,0.,0.));
#4725 = DIRECTION('',(0.,0.,1.));
#4726 = ADVANCED_FACE('',(#4727),#4752,.F.);
#4727 = FACE_BOUND('',#4728,.F.);
#4728 = EDGE_LOOP('',(#4729,#4737,#4738,#4746));
#4729 = ORIENTED_EDGE('',*,*,#4730,.F.);
#4730 = EDGE_CURVE('',#4680,#4731,#4733,.T.);
#4731 = VERTEX_POINT('',#4732);
#4732 = CARTESIAN_POINT('',(166.,72.,100.));
#4733 = LINE('',#4734,#4735);
#4734 = CARTESIAN_POINT('',(158.,72.,100.));
#4735 = VECTOR('',#4736,1.);
#4736 = DIRECTION('',(1.,0.,0.));
#4737 = ORIENTED_EDGE('',*,*,#4679,.T.);
#4738 = ORIENTED_EDGE('',*,*,#4739,.T.);
#4739 = EDGE_CURVE('',#4682,#4740,#4742,.T.);
#4740 = VERTEX_POINT('',#4741);
#4741 = CARTESIAN_POINT('',(166.,72.,153.));
#4742 = LINE('',#4743,#4744);
#4743 = CARTESIAN_POINT('',(158.,72.,153.));
#4744 = VECTOR('',#4745,1.);
#4745 = DIRECTION('',(1.,0.,0.));
#4746 = ORIENTED_EDGE('',*,*,#4747,.F.);
#4747 = EDGE_CURVE('',#4731,#4740,#4748,.T.);
#4748 = LINE('',#4749,#4750);
#4749 = CARTESIAN_POINT('',(166.,72.,100.));
#4750 = VECTOR('',#4751,1.);
#4751 = DIRECTION('',(0.,0.,1.));
#4752 = PLANE('',#4753);
#4753 = AXIS2_PLACEMENT_3D('',#4754,#4755,#4756);
#4754 = CARTESIAN_POINT('',(158.,72.,100.));
#4755 = DIRECTION('',(0.,1.,0.));
#4756 = DIRECTION('',(0.,0.,1.));
#4757 = ADVANCED_FACE('',(#4758),#4776,.T.);
#4758 = FACE_BOUND('',#4759,.T.);
#4759 = EDGE_LOOP('',(#4760,#4761,#4762,#4770));
#4760 = ORIENTED_EDGE('',*,*,#4705,.F.);
#4761 = ORIENTED_EDGE('',*,*,#4739,.T.);
#4762 = ORIENTED_EDGE('',*,*,#4763,.T.);
#4763 = EDGE_CURVE('',#4740,#4764,#4766,.T.);
#4764 = VERTEX_POINT('',#4765);
#4765 = CARTESIAN_POINT('',(166.,88.,153.));
#4766 = LINE('',#4767,#4768);
#4767 = CARTESIAN_POINT('',(166.,72.,153.));
#4768 = VECTOR('',#4769,1.);
#4769 = DIRECTION('',(0.,1.,0.));
#4770 = ORIENTED_EDGE('',*,*,#4771,.F.);
#4771 = EDGE_CURVE('',#4698,#4764,#4772,.T.);
#4772 = LINE('',#4773,#4774);
#4773 = CARTESIAN_POINT('',(158.,88.,153.));
#4774 = VECTOR('',#4775,1.);
#4775 = DIRECTION('',(1.,0.,0.));
#4776 = PLANE('',#4777);
#4777 = AXIS2_PLACEMENT_3D('',#4778,#4779,#4780);
#4778 = CARTESIAN_POINT('',(158.,72.,153.));
#4779 = DIRECTION('',(0.,0.,1.));
#4780 = DIRECTION('',(1.,0.,0.));
#4781 = ADVANCED_FACE('',(#4782),#4800,.F.);
#4782 = FACE_BOUND('',#4783,.F.);
#4783 = EDGE_LOOP('',(#4784,#4785,#4786,#4794));
#4784 = ORIENTED_EDGE('',*,*,#4689,.F.);
#4785 = ORIENTED_EDGE('',*,*,#4730,.T.);
#4786 = ORIENTED_EDGE('',*,*,#4787,.T.);
#4787 = EDGE_CURVE('',#4731,#4788,#4790,.T.);
#4788 = VERTEX_POINT('',#4789);
#4789 = CARTESIAN_POINT('',(166.,88.,100.));
#4790 = LINE('',#4791,#4792);
#4791 = CARTESIAN_POINT('',(166.,72.,100.));
#4792 = VECTOR('',#4793,1.);
#4793 = DIRECTION('',(0.,1.,0.));
#4794 = ORIENTED_EDGE('',*,*,#4795,.F.);
#4795 = EDGE_CURVE('',#4690,#4788,#4796,.T.);
#4796 = LINE('',#4797,#4798);
#4797 = CARTESIAN_POINT('',(158.,88.,100.));
#4798 = VECTOR('',#4799,1.);
#4799 = DIRECTION('',(1.,0.,0.));
#4800 = PLANE('',#4801);
#4801 = AXIS2_PLACEMENT_3D('',#4802,#4803,#4804);
#4802 = CARTESIAN_POINT('',(158.,72.,100.));
#4803 = DIRECTION('',(0.,0.,1.));
#4804 = DIRECTION('',(1.,0.,0.));
#4805 = ADVANCED_FACE('',(#4806),#4817,.T.);
#4806 = FACE_BOUND('',#4807,.T.);
#4807 = EDGE_LOOP('',(#4808,#4809,#4810,#4811));
#4808 = ORIENTED_EDGE('',*,*,#4795,.F.);
#4809 = ORIENTED_EDGE('',*,*,#4697,.T.);
#4810 = ORIENTED_EDGE('',*,*,#4771,.T.);
#4811 = ORIENTED_EDGE('',*,*,#4812,.F.);
#4812 = EDGE_CURVE('',#4788,#4764,#4813,.T.);
#4813 = LINE('',#4814,#4815);
#4814 = CARTESIAN_POINT('',(166.,88.,100.));
#4815 = VECTOR('',#4816,1.);
#4816 = DIRECTION('',(0.,0.,1.));
#4817 = PLANE('',#4818);
#4818 = AXIS2_PLACEMENT_3D('',#4819,#4820,#4821);
#4819 = CARTESIAN_POINT('',(158.,88.,100.));
#4820 = DIRECTION('',(0.,1.,0.));
#4821 = DIRECTION('',(0.,0.,1.));
#4822 = ADVANCED_FACE('',(#4823),#4842,.F.);
#4823 = FACE_BOUND('',#4824,.F.);
#4824 = EDGE_LOOP('',(#4825,#4834,#4840,#4841));
#4825 = ORIENTED_EDGE('',*,*,#4826,.F.);
#4826 = EDGE_CURVE('',#4827,#4827,#4829,.T.);
#4827 = VERTEX_POINT('',#4828);
#4828 = CARTESIAN_POINT('',(166.,80.,147.1));
#4829 = CIRCLE('',#4830,2.1);
#4830 = AXIS2_PLACEMENT_3D('',#4831,#4832,#4833);
#4831 = CARTESIAN_POINT('',(166.,80.,145.));
#4832 = DIRECTION('',(1.,0.,-0.));
#4833 = DIRECTION('',(0.,0.,1.));
#4834 = ORIENTED_EDGE('',*,*,#4835,.F.);
#4835 = EDGE_CURVE('',#4714,#4827,#4836,.T.);
#4836 = LINE('',#4837,#4838);
#4837 = CARTESIAN_POINT('',(157.,80.,147.1));
#4838 = VECTOR('',#4839,1.);
#4839 = DIRECTION('',(1.,0.,0.));
#4840 = ORIENTED_EDGE('',*,*,#4713,.T.);
#4841 = ORIENTED_EDGE('',*,*,#4835,.T.);
#4842 = CYLINDRICAL_SURFACE('',#4843,2.1);
#4843 = AXIS2_PLACEMENT_3D('',#4844,#4845,#4846);
#4844 = CARTESIAN_POINT('',(157.,80.,145.));
#4845 = DIRECTION('',(1.,0.,0.));
#4846 = DIRECTION('',(0.,0.,1.));
#4847 = ADVANCED_FACE('',(#4848,#4854),#4857,.T.);
#4848 = FACE_BOUND('',#4849,.T.);
#4849 = EDGE_LOOP('',(#4850,#4851,#4852,#4853));
#4850 = ORIENTED_EDGE('',*,*,#4747,.F.);
#4851 = ORIENTED_EDGE('',*,*,#4787,.T.);
#4852 = ORIENTED_EDGE('',*,*,#4812,.T.);
#4853 = ORIENTED_EDGE('',*,*,#4763,.F.);
#4854 = FACE_BOUND('',#4855,.T.);
#4855 = EDGE_LOOP('',(#4856));
#4856 = ORIENTED_EDGE('',*,*,#4826,.F.);
#4857 = PLANE('',#4858);
#4858 = AXIS2_PLACEMENT_3D('',#4859,#4860,#4861);
#4859 = CARTESIAN_POINT('',(166.,72.,100.));
#4860 = DIRECTION('',(1.,0.,0.));
#4861 = DIRECTION('',(0.,0.,1.));
#4862 = MANIFOLD_SOLID_BREP('',#4863);
#4863 = CLOSED_SHELL('',(#4864,#4915,#4946,#4970,#4994,#5011,#5036));
#4864 = ADVANCED_FACE('',(#4865,#4899),#4910,.F.);
#4865 = FACE_BOUND('',#4866,.F.);
#4866 = EDGE_LOOP('',(#4867,#4877,#4885,#4893));
#4867 = ORIENTED_EDGE('',*,*,#4868,.F.);
#4868 = EDGE_CURVE('',#4869,#4871,#4873,.T.);
#4869 = VERTEX_POINT('',#4870);
#4870 = CARTESIAN_POINT('',(194.,72.,100.));
#4871 = VERTEX_POINT('',#4872);
#4872 = CARTESIAN_POINT('',(194.,72.,153.));
#4873 = LINE('',#4874,#4875);
#4874 = CARTESIAN_POINT('',(194.,72.,100.));
#4875 = VECTOR('',#4876,1.);
#4876 = DIRECTION('',(0.,0.,1.));
#4877 = ORIENTED_EDGE('',*,*,#4878,.T.);
#4878 = EDGE_CURVE('',#4869,#4879,#4881,.T.);
#4879 = VERTEX_POINT('',#4880);
#4880 = CARTESIAN_POINT('',(194.,88.,100.));
#4881 = LINE('',#4882,#4883);
#4882 = CARTESIAN_POINT('',(194.,72.,100.));
#4883 = VECTOR('',#4884,1.);
#4884 = DIRECTION('',(0.,1.,0.));
#4885 = ORIENTED_EDGE('',*,*,#4886,.T.);
#4886 = EDGE_CURVE('',#4879,#4887,#4889,.T.);
#4887 = VERTEX_POINT('',#4888);
#4888 = CARTESIAN_POINT('',(194.,88.,153.));
#4889 = LINE('',#4890,#4891);
#4890 = CARTESIAN_POINT('',(194.,88.,100.));
#4891 = VECTOR('',#4892,1.);
#4892 = DIRECTION('',(0.,0.,1.));
#4893 = ORIENTED_EDGE('',*,*,#4894,.F.);
#4894 = EDGE_CURVE('',#4871,#4887,#4895,.T.);
#4895 = LINE('',#4896,#4897);
#4896 = CARTESIAN_POINT('',(194.,72.,153.));
#4897 = VECTOR('',#4898,1.);
#4898 = DIRECTION('',(0.,1.,0.));
#4899 = FACE_BOUND('',#4900,.F.);
#4900 = EDGE_LOOP('',(#4901));
#4901 = ORIENTED_EDGE('',*,*,#4902,.F.);
#4902 = EDGE_CURVE('',#4903,#4903,#4905,.T.);
#4903 = VERTEX_POINT('',#4904);
#4904 = CARTESIAN_POINT('',(194.,80.,147.1));
#4905 = CIRCLE('',#4906,2.1);
#4906 = AXIS2_PLACEMENT_3D('',#4907,#4908,#4909);
#4907 = CARTESIAN_POINT('',(194.,80.,145.));
#4908 = DIRECTION('',(1.,0.,-0.));
#4909 = DIRECTION('',(0.,0.,1.));
#4910 = PLANE('',#4911);
#4911 = AXIS2_PLACEMENT_3D('',#4912,#4913,#4914);
#4912 = CARTESIAN_POINT('',(194.,72.,100.));
#4913 = DIRECTION('',(1.,0.,0.));
#4914 = DIRECTION('',(0.,0.,1.));
#4915 = ADVANCED_FACE('',(#4916),#4941,.F.);
#4916 = FACE_BOUND('',#4917,.F.);
#4917 = EDGE_LOOP('',(#4918,#4926,#4927,#4935));
#4918 = ORIENTED_EDGE('',*,*,#4919,.F.);
#4919 = EDGE_CURVE('',#4869,#4920,#4922,.T.);
#4920 = VERTEX_POINT('',#4921);
#4921 = CARTESIAN_POINT('',(202.,72.,100.));
#4922 = LINE('',#4923,#4924);
#4923 = CARTESIAN_POINT('',(194.,72.,100.));
#4924 = VECTOR('',#4925,1.);
#4925 = DIRECTION('',(1.,0.,0.));
#4926 = ORIENTED_EDGE('',*,*,#4868,.T.);
#4927 = ORIENTED_EDGE('',*,*,#4928,.T.);
#4928 = EDGE_CURVE('',#4871,#4929,#4931,.T.);
#4929 = VERTEX_POINT('',#4930);
#4930 = CARTESIAN_POINT('',(202.,72.,153.));
#4931 = LINE('',#4932,#4933);
#4932 = CARTESIAN_POINT('',(194.,72.,153.));
#4933 = VECTOR('',#4934,1.);
#4934 = DIRECTION('',(1.,0.,0.));
#4935 = ORIENTED_EDGE('',*,*,#4936,.F.);
#4936 = EDGE_CURVE('',#4920,#4929,#4937,.T.);
#4937 = LINE('',#4938,#4939);
#4938 = CARTESIAN_POINT('',(202.,72.,100.));
#4939 = VECTOR('',#4940,1.);
#4940 = DIRECTION('',(0.,0.,1.));
#4941 = PLANE('',#4942);
#4942 = AXIS2_PLACEMENT_3D('',#4943,#4944,#4945);
#4943 = CARTESIAN_POINT('',(194.,72.,100.));
#4944 = DIRECTION('',(0.,1.,0.));
#4945 = DIRECTION('',(0.,0.,1.));
#4946 = ADVANCED_FACE('',(#4947),#4965,.T.);
#4947 = FACE_BOUND('',#4948,.T.);
#4948 = EDGE_LOOP('',(#4949,#4950,#4951,#4959));
#4949 = ORIENTED_EDGE('',*,*,#4894,.F.);
#4950 = ORIENTED_EDGE('',*,*,#4928,.T.);
#4951 = ORIENTED_EDGE('',*,*,#4952,.T.);
#4952 = EDGE_CURVE('',#4929,#4953,#4955,.T.);
#4953 = VERTEX_POINT('',#4954);
#4954 = CARTESIAN_POINT('',(202.,88.,153.));
#4955 = LINE('',#4956,#4957);
#4956 = CARTESIAN_POINT('',(202.,72.,153.));
#4957 = VECTOR('',#4958,1.);
#4958 = DIRECTION('',(0.,1.,0.));
#4959 = ORIENTED_EDGE('',*,*,#4960,.F.);
#4960 = EDGE_CURVE('',#4887,#4953,#4961,.T.);
#4961 = LINE('',#4962,#4963);
#4962 = CARTESIAN_POINT('',(194.,88.,153.));
#4963 = VECTOR('',#4964,1.);
#4964 = DIRECTION('',(1.,0.,0.));
#4965 = PLANE('',#4966);
#4966 = AXIS2_PLACEMENT_3D('',#4967,#4968,#4969);
#4967 = CARTESIAN_POINT('',(194.,72.,153.));
#4968 = DIRECTION('',(0.,0.,1.));
#4969 = DIRECTION('',(1.,0.,0.));
#4970 = ADVANCED_FACE('',(#4971),#4989,.F.);
#4971 = FACE_BOUND('',#4972,.F.);
#4972 = EDGE_LOOP('',(#4973,#4974,#4975,#4983));
#4973 = ORIENTED_EDGE('',*,*,#4878,.F.);
#4974 = ORIENTED_EDGE('',*,*,#4919,.T.);
#4975 = ORIENTED_EDGE('',*,*,#4976,.T.);
#4976 = EDGE_CURVE('',#4920,#4977,#4979,.T.);
#4977 = VERTEX_POINT('',#4978);
#4978 = CARTESIAN_POINT('',(202.,88.,100.));
#4979 = LINE('',#4980,#4981);
#4980 = CARTESIAN_POINT('',(202.,72.,100.));
#4981 = VECTOR('',#4982,1.);
#4982 = DIRECTION('',(0.,1.,0.));
#4983 = ORIENTED_EDGE('',*,*,#4984,.F.);
#4984 = EDGE_CURVE('',#4879,#4977,#4985,.T.);
#4985 = LINE('',#4986,#4987);
#4986 = CARTESIAN_POINT('',(194.,88.,100.));
#4987 = VECTOR('',#4988,1.);
#4988 = DIRECTION('',(1.,0.,0.));
#4989 = PLANE('',#4990);
#4990 = AXIS2_PLACEMENT_3D('',#4991,#4992,#4993);
#4991 = CARTESIAN_POINT('',(194.,72.,100.));
#4992 = DIRECTION('',(0.,0.,1.));
#4993 = DIRECTION('',(1.,0.,0.));
#4994 = ADVANCED_FACE('',(#4995),#5006,.T.);
#4995 = FACE_BOUND('',#4996,.T.);
#4996 = EDGE_LOOP('',(#4997,#4998,#4999,#5000));
#4997 = ORIENTED_EDGE('',*,*,#4984,.F.);
#4998 = ORIENTED_EDGE('',*,*,#4886,.T.);
#4999 = ORIENTED_EDGE('',*,*,#4960,.T.);
#5000 = ORIENTED_EDGE('',*,*,#5001,.F.);
#5001 = EDGE_CURVE('',#4977,#4953,#5002,.T.);
#5002 = LINE('',#5003,#5004);
#5003 = CARTESIAN_POINT('',(202.,88.,100.));
#5004 = VECTOR('',#5005,1.);
#5005 = DIRECTION('',(0.,0.,1.));
#5006 = PLANE('',#5007);
#5007 = AXIS2_PLACEMENT_3D('',#5008,#5009,#5010);
#5008 = CARTESIAN_POINT('',(194.,88.,100.));
#5009 = DIRECTION('',(0.,1.,0.));
#5010 = DIRECTION('',(0.,0.,1.));
#5011 = ADVANCED_FACE('',(#5012),#5031,.F.);
#5012 = FACE_BOUND('',#5013,.F.);
#5013 = EDGE_LOOP('',(#5014,#5023,#5029,#5030));
#5014 = ORIENTED_EDGE('',*,*,#5015,.F.);
#5015 = EDGE_CURVE('',#5016,#5016,#5018,.T.);
#5016 = VERTEX_POINT('',#5017);
#5017 = CARTESIAN_POINT('',(202.,80.,147.1));
#5018 = CIRCLE('',#5019,2.1);
#5019 = AXIS2_PLACEMENT_3D('',#5020,#5021,#5022);
#5020 = CARTESIAN_POINT('',(202.,80.,145.));
#5021 = DIRECTION('',(1.,0.,-0.));
#5022 = DIRECTION('',(0.,0.,1.));
#5023 = ORIENTED_EDGE('',*,*,#5024,.F.);
#5024 = EDGE_CURVE('',#4903,#5016,#5025,.T.);
#5025 = LINE('',#5026,#5027);
#5026 = CARTESIAN_POINT('',(193.,80.,147.1));
#5027 = VECTOR('',#5028,1.);
#5028 = DIRECTION('',(1.,0.,0.));
#5029 = ORIENTED_EDGE('',*,*,#4902,.T.);
#5030 = ORIENTED_EDGE('',*,*,#5024,.T.);
#5031 = CYLINDRICAL_SURFACE('',#5032,2.1);
#5032 = AXIS2_PLACEMENT_3D('',#5033,#5034,#5035);
#5033 = CARTESIAN_POINT('',(193.,80.,145.));
#5034 = DIRECTION('',(1.,0.,0.));
#5035 = DIRECTION('',(0.,0.,1.));
#5036 = ADVANCED_FACE('',(#5037,#5043),#5046,.T.);
#5037 = FACE_BOUND('',#5038,.T.);
#5038 = EDGE_LOOP('',(#5039,#5040,#5041,#5042));
#5039 = ORIENTED_EDGE('',*,*,#4936,.F.);
#5040 = ORIENTED_EDGE('',*,*,#4976,.T.);
#5041 = ORIENTED_EDGE('',*,*,#5001,.T.);
#5042 = ORIENTED_EDGE('',*,*,#4952,.F.);
#5043 = FACE_BOUND('',#5044,.T.);
#5044 = EDGE_LOOP('',(#5045));
#5045 = ORIENTED_EDGE('',*,*,#5015,.F.);
#5046 = PLANE('',#5047);
#5047 = AXIS2_PLACEMENT_3D('',#5048,#5049,#5050);
#5048 = CARTESIAN_POINT('',(202.,72.,100.));
#5049 = DIRECTION('',(1.,0.,0.));
#5050 = DIRECTION('',(0.,0.,1.));
#5051 = MANIFOLD_SOLID_BREP('',#5052);
#5052 = CLOSED_SHELL('',(#5053,#5086,#5095));
#5053 = ADVANCED_FACE('',(#5054),#5081,.T.);
#5054 = FACE_BOUND('',#5055,.T.);
#5055 = EDGE_LOOP('',(#5056,#5065,#5073,#5080));
#5056 = ORIENTED_EDGE('',*,*,#5057,.F.);
#5057 = EDGE_CURVE('',#5058,#5058,#5060,.T.);
#5058 = VERTEX_POINT('',#5059);
#5059 = CARTESIAN_POINT('',(180.,166.9269304346,114.11377709693));
#5060 = CIRCLE('',#5061,5.);
#5061 = AXIS2_PLACEMENT_3D('',#5062,#5063,#5064);
#5062 = CARTESIAN_POINT('',(180.,165.,109.5));
#5063 = DIRECTION('',(0.2619237387,0.890540711579,-0.371931708954));
#5064 = DIRECTION('',(-2.631224163001E-17,0.38538608692,0.922755419387)
  );
#5065 = ORIENTED_EDGE('',*,*,#5066,.F.);
#5066 = EDGE_CURVE('',#5067,#5058,#5069,.T.);
#5067 = VERTEX_POINT('',#5068);
#5068 = CARTESIAN_POINT('',(155.,81.926930434602,149.61377709693));
#5069 = LINE('',#5070,#5071);
#5070 = CARTESIAN_POINT('',(155.,81.926930434602,149.61377709693));
#5071 = VECTOR('',#5072,1.);
#5072 = DIRECTION('',(0.2619237387,0.890540711579,-0.371931708954));
#5073 = ORIENTED_EDGE('',*,*,#5074,.T.);
#5074 = EDGE_CURVE('',#5067,#5067,#5075,.T.);
#5075 = CIRCLE('',#5076,5.);
#5076 = AXIS2_PLACEMENT_3D('',#5077,#5078,#5079);
#5077 = CARTESIAN_POINT('',(155.,80.,145.));
#5078 = DIRECTION('',(0.2619237387,0.890540711579,-0.371931708954));
#5079 = DIRECTION('',(-2.631224163001E-17,0.38538608692,0.922755419387)
  );
#5080 = ORIENTED_EDGE('',*,*,#5066,.T.);
#5081 = CYLINDRICAL_SURFACE('',#5082,5.);
#5082 = AXIS2_PLACEMENT_3D('',#5083,#5084,#5085);
#5083 = CARTESIAN_POINT('',(155.,80.,145.));
#5084 = DIRECTION('',(0.2619237387,0.890540711579,-0.371931708954));
#5085 = DIRECTION('',(-1.395350660049E-17,0.38538608692,0.922755419387)
  );
#5086 = ADVANCED_FACE('',(#5087),#5090,.T.);
#5087 = FACE_BOUND('',#5088,.T.);
#5088 = EDGE_LOOP('',(#5089));
#5089 = ORIENTED_EDGE('',*,*,#5057,.T.);
#5090 = PLANE('',#5091);
#5091 = AXIS2_PLACEMENT_3D('',#5092,#5093,#5094);
#5092 = CARTESIAN_POINT('',(180.,165.,109.5));
#5093 = DIRECTION('',(0.2619237387,0.890540711579,-0.371931708954));
#5094 = DIRECTION('',(-1.395350660049E-17,0.38538608692,0.922755419387)
  );
#5095 = ADVANCED_FACE('',(#5096),#5099,.F.);
#5096 = FACE_BOUND('',#5097,.T.);
#5097 = EDGE_LOOP('',(#5098));
#5098 = ORIENTED_EDGE('',*,*,#5074,.F.);
#5099 = PLANE('',#5100);
#5100 = AXIS2_PLACEMENT_3D('',#5101,#5102,#5103);
#5101 = CARTESIAN_POINT('',(155.,80.,145.));
#5102 = DIRECTION('',(0.2619237387,0.890540711579,-0.371931708954));
#5103 = DIRECTION('',(-1.395350660049E-17,0.38538608692,0.922755419387)
  );
#5104 = MANIFOLD_SOLID_BREP('',#5105);
#5105 = CLOSED_SHELL('',(#5106,#5139,#5148));
#5106 = ADVANCED_FACE('',(#5107),#5134,.T.);
#5107 = FACE_BOUND('',#5108,.T.);
#5108 = EDGE_LOOP('',(#5109,#5118,#5126,#5133));
#5109 = ORIENTED_EDGE('',*,*,#5110,.F.);
#5110 = EDGE_CURVE('',#5111,#5111,#5113,.T.);
#5111 = VERTEX_POINT('',#5112);
#5112 = CARTESIAN_POINT('',(180.,166.9269304346,114.11377709693));
#5113 = CIRCLE('',#5114,5.);
#5114 = AXIS2_PLACEMENT_3D('',#5115,#5116,#5117);
#5115 = CARTESIAN_POINT('',(180.,165.,109.5));
#5116 = DIRECTION('',(-0.2619237387,0.890540711579,-0.371931708954));
#5117 = DIRECTION('',(2.631224163001E-17,0.38538608692,0.922755419387));
#5118 = ORIENTED_EDGE('',*,*,#5119,.F.);
#5119 = EDGE_CURVE('',#5120,#5111,#5122,.T.);
#5120 = VERTEX_POINT('',#5121);
#5121 = CARTESIAN_POINT('',(205.,81.926930434602,149.61377709693));
#5122 = LINE('',#5123,#5124);
#5123 = CARTESIAN_POINT('',(205.,81.926930434602,149.61377709693));
#5124 = VECTOR('',#5125,1.);
#5125 = DIRECTION('',(-0.2619237387,0.890540711579,-0.371931708954));
#5126 = ORIENTED_EDGE('',*,*,#5127,.T.);
#5127 = EDGE_CURVE('',#5120,#5120,#5128,.T.);
#5128 = CIRCLE('',#5129,5.);
#5129 = AXIS2_PLACEMENT_3D('',#5130,#5131,#5132);
#5130 = CARTESIAN_POINT('',(205.,80.,145.));
#5131 = DIRECTION('',(-0.2619237387,0.890540711579,-0.371931708954));
#5132 = DIRECTION('',(2.631224163001E-17,0.38538608692,0.922755419387));
#5133 = ORIENTED_EDGE('',*,*,#5119,.T.);
#5134 = CYLINDRICAL_SURFACE('',#5135,5.);
#5135 = AXIS2_PLACEMENT_3D('',#5136,#5137,#5138);
#5136 = CARTESIAN_POINT('',(205.,80.,145.));
#5137 = DIRECTION('',(-0.2619237387,0.890540711579,-0.371931708954));
#5138 = DIRECTION('',(1.395350660049E-17,0.38538608692,0.922755419387));
#5139 = ADVANCED_FACE('',(#5140),#5143,.T.);
#5140 = FACE_BOUND('',#5141,.T.);
#5141 = EDGE_LOOP('',(#5142));
#5142 = ORIENTED_EDGE('',*,*,#5110,.T.);
#5143 = PLANE('',#5144);
#5144 = AXIS2_PLACEMENT_3D('',#5145,#5146,#5147);
#5145 = CARTESIAN_POINT('',(180.,165.,109.5));
#5146 = DIRECTION('',(-0.2619237387,0.890540711579,-0.371931708954));
#5147 = DIRECTION('',(1.395350660049E-17,0.38538608692,0.922755419387));
#5148 = ADVANCED_FACE('',(#5149),#5152,.F.);
#5149 = FACE_BOUND('',#5150,.T.);
#5150 = EDGE_LOOP('',(#5151));
#5151 = ORIENTED_EDGE('',*,*,#5127,.F.);
#5152 = PLANE('',#5153);
#5153 = AXIS2_PLACEMENT_3D('',#5154,#5155,#5156);
#5154 = CARTESIAN_POINT('',(205.,80.,145.));
#5155 = DIRECTION('',(-0.2619237387,0.890540711579,-0.371931708954));
#5156 = DIRECTION('',(1.395350660049E-17,0.38538608692,0.922755419387));
#5157 = MANIFOLD_SOLID_BREP('',#5158);
#5158 = CLOSED_SHELL('',(#5159,#5199,#5239,#5261,#5283,#5295));
#5159 = ADVANCED_FACE('',(#5160),#5194,.F.);
#5160 = FACE_BOUND('',#5161,.F.);
#5161 = EDGE_LOOP('',(#5162,#5172,#5180,#5188));
#5162 = ORIENTED_EDGE('',*,*,#5163,.F.);
#5163 = EDGE_CURVE('',#5164,#5166,#5168,.T.);
#5164 = VERTEX_POINT('',#5165);
#5165 = CARTESIAN_POINT('',(168.,157.,64.5));
#5166 = VERTEX_POINT('',#5167);
#5167 = CARTESIAN_POINT('',(168.,157.,109.5));
#5168 = LINE('',#5169,#5170);
#5169 = CARTESIAN_POINT('',(168.,157.,64.5));
#5170 = VECTOR('',#5171,1.);
#5171 = DIRECTION('',(0.,0.,1.));
#5172 = ORIENTED_EDGE('',*,*,#5173,.T.);
#5173 = EDGE_CURVE('',#5164,#5174,#5176,.T.);
#5174 = VERTEX_POINT('',#5175);
#5175 = CARTESIAN_POINT('',(168.,173.,64.5));
#5176 = LINE('',#5177,#5178);
#5177 = CARTESIAN_POINT('',(168.,157.,64.5));
#5178 = VECTOR('',#5179,1.);
#5179 = DIRECTION('',(0.,1.,0.));
#5180 = ORIENTED_EDGE('',*,*,#5181,.T.);
#5181 = EDGE_CURVE('',#5174,#5182,#5184,.T.);
#5182 = VERTEX_POINT('',#5183);
#5183 = CARTESIAN_POINT('',(168.,173.,109.5));
#5184 = LINE('',#5185,#5186);
#5185 = CARTESIAN_POINT('',(168.,173.,64.5));
#5186 = VECTOR('',#5187,1.);
#5187 = DIRECTION('',(0.,0.,1.));
#5188 = ORIENTED_EDGE('',*,*,#5189,.F.);
#5189 = EDGE_CURVE('',#5166,#5182,#5190,.T.);
#5190 = LINE('',#5191,#5192);
#5191 = CARTESIAN_POINT('',(168.,157.,109.5));
#5192 = VECTOR('',#5193,1.);
#5193 = DIRECTION('',(0.,1.,0.));
#5194 = PLANE('',#5195);
#5195 = AXIS2_PLACEMENT_3D('',#5196,#5197,#5198);
#5196 = CARTESIAN_POINT('',(168.,157.,64.5));
#5197 = DIRECTION('',(1.,0.,0.));
#5198 = DIRECTION('',(0.,0.,1.));
#5199 = ADVANCED_FACE('',(#5200),#5234,.T.);
#5200 = FACE_BOUND('',#5201,.T.);
#5201 = EDGE_LOOP('',(#5202,#5212,#5220,#5228));
#5202 = ORIENTED_EDGE('',*,*,#5203,.F.);
#5203 = EDGE_CURVE('',#5204,#5206,#5208,.T.);
#5204 = VERTEX_POINT('',#5205);
#5205 = CARTESIAN_POINT('',(192.,157.,64.5));
#5206 = VERTEX_POINT('',#5207);
#5207 = CARTESIAN_POINT('',(192.,157.,109.5));
#5208 = LINE('',#5209,#5210);
#5209 = CARTESIAN_POINT('',(192.,157.,64.5));
#5210 = VECTOR('',#5211,1.);
#5211 = DIRECTION('',(0.,0.,1.));
#5212 = ORIENTED_EDGE('',*,*,#5213,.T.);
#5213 = EDGE_CURVE('',#5204,#5214,#5216,.T.);
#5214 = VERTEX_POINT('',#5215);
#5215 = CARTESIAN_POINT('',(192.,173.,64.5));
#5216 = LINE('',#5217,#5218);
#5217 = CARTESIAN_POINT('',(192.,157.,64.5));
#5218 = VECTOR('',#5219,1.);
#5219 = DIRECTION('',(0.,1.,0.));
#5220 = ORIENTED_EDGE('',*,*,#5221,.T.);
#5221 = EDGE_CURVE('',#5214,#5222,#5224,.T.);
#5222 = VERTEX_POINT('',#5223);
#5223 = CARTESIAN_POINT('',(192.,173.,109.5));
#5224 = LINE('',#5225,#5226);
#5225 = CARTESIAN_POINT('',(192.,173.,64.5));
#5226 = VECTOR('',#5227,1.);
#5227 = DIRECTION('',(0.,0.,1.));
#5228 = ORIENTED_EDGE('',*,*,#5229,.F.);
#5229 = EDGE_CURVE('',#5206,#5222,#5230,.T.);
#5230 = LINE('',#5231,#5232);
#5231 = CARTESIAN_POINT('',(192.,157.,109.5));
#5232 = VECTOR('',#5233,1.);
#5233 = DIRECTION('',(0.,1.,0.));
#5234 = PLANE('',#5235);
#5235 = AXIS2_PLACEMENT_3D('',#5236,#5237,#5238);
#5236 = CARTESIAN_POINT('',(192.,157.,64.5));
#5237 = DIRECTION('',(1.,0.,0.));
#5238 = DIRECTION('',(0.,0.,1.));
#5239 = ADVANCED_FACE('',(#5240),#5256,.F.);
#5240 = FACE_BOUND('',#5241,.F.);
#5241 = EDGE_LOOP('',(#5242,#5248,#5249,#5255));
#5242 = ORIENTED_EDGE('',*,*,#5243,.F.);
#5243 = EDGE_CURVE('',#5164,#5204,#5244,.T.);
#5244 = LINE('',#5245,#5246);
#5245 = CARTESIAN_POINT('',(168.,157.,64.5));
#5246 = VECTOR('',#5247,1.);
#5247 = DIRECTION('',(1.,0.,0.));
#5248 = ORIENTED_EDGE('',*,*,#5163,.T.);
#5249 = ORIENTED_EDGE('',*,*,#5250,.T.);
#5250 = EDGE_CURVE('',#5166,#5206,#5251,.T.);
#5251 = LINE('',#5252,#5253);
#5252 = CARTESIAN_POINT('',(168.,157.,109.5));
#5253 = VECTOR('',#5254,1.);
#5254 = DIRECTION('',(1.,0.,0.));
#5255 = ORIENTED_EDGE('',*,*,#5203,.F.);
#5256 = PLANE('',#5257);
#5257 = AXIS2_PLACEMENT_3D('',#5258,#5259,#5260);
#5258 = CARTESIAN_POINT('',(168.,157.,64.5));
#5259 = DIRECTION('',(0.,1.,0.));
#5260 = DIRECTION('',(0.,0.,1.));
#5261 = ADVANCED_FACE('',(#5262),#5278,.T.);
#5262 = FACE_BOUND('',#5263,.T.);
#5263 = EDGE_LOOP('',(#5264,#5270,#5271,#5277));
#5264 = ORIENTED_EDGE('',*,*,#5265,.F.);
#5265 = EDGE_CURVE('',#5174,#5214,#5266,.T.);
#5266 = LINE('',#5267,#5268);
#5267 = CARTESIAN_POINT('',(168.,173.,64.5));
#5268 = VECTOR('',#5269,1.);
#5269 = DIRECTION('',(1.,0.,0.));
#5270 = ORIENTED_EDGE('',*,*,#5181,.T.);
#5271 = ORIENTED_EDGE('',*,*,#5272,.T.);
#5272 = EDGE_CURVE('',#5182,#5222,#5273,.T.);
#5273 = LINE('',#5274,#5275);
#5274 = CARTESIAN_POINT('',(168.,173.,109.5));
#5275 = VECTOR('',#5276,1.);
#5276 = DIRECTION('',(1.,0.,0.));
#5277 = ORIENTED_EDGE('',*,*,#5221,.F.);
#5278 = PLANE('',#5279);
#5279 = AXIS2_PLACEMENT_3D('',#5280,#5281,#5282);
#5280 = CARTESIAN_POINT('',(168.,173.,64.5));
#5281 = DIRECTION('',(0.,1.,0.));
#5282 = DIRECTION('',(0.,0.,1.));
#5283 = ADVANCED_FACE('',(#5284),#5290,.F.);
#5284 = FACE_BOUND('',#5285,.F.);
#5285 = EDGE_LOOP('',(#5286,#5287,#5288,#5289));
#5286 = ORIENTED_EDGE('',*,*,#5173,.F.);
#5287 = ORIENTED_EDGE('',*,*,#5243,.T.);
#5288 = ORIENTED_EDGE('',*,*,#5213,.T.);
#5289 = ORIENTED_EDGE('',*,*,#5265,.F.);
#5290 = PLANE('',#5291);
#5291 = AXIS2_PLACEMENT_3D('',#5292,#5293,#5294);
#5292 = CARTESIAN_POINT('',(168.,157.,64.5));
#5293 = DIRECTION('',(0.,0.,1.));
#5294 = DIRECTION('',(1.,0.,0.));
#5295 = ADVANCED_FACE('',(#5296),#5302,.T.);
#5296 = FACE_BOUND('',#5297,.T.);
#5297 = EDGE_LOOP('',(#5298,#5299,#5300,#5301));
#5298 = ORIENTED_EDGE('',*,*,#5189,.F.);
#5299 = ORIENTED_EDGE('',*,*,#5250,.T.);
#5300 = ORIENTED_EDGE('',*,*,#5229,.T.);
#5301 = ORIENTED_EDGE('',*,*,#5272,.F.);
#5302 = PLANE('',#5303);
#5303 = AXIS2_PLACEMENT_3D('',#5304,#5305,#5306);
#5304 = CARTESIAN_POINT('',(168.,157.,109.5));
#5305 = DIRECTION('',(0.,0.,1.));
#5306 = DIRECTION('',(1.,0.,0.));
#5307 = MANIFOLD_SOLID_BREP('',#5308);
#5308 = CLOSED_SHELL('',(#5309));
#5309 = ADVANCED_FACE('',(#5310),#5314,.T.);
#5310 = FACE_BOUND('',#5311,.T.);
#5311 = VERTEX_LOOP('',#5312);
#5312 = VERTEX_POINT('',#5313);
#5313 = CARTESIAN_POINT('',(180.,165.,58.5));
#5314 = SPHERICAL_SURFACE('',#5315,6.);
#5315 = AXIS2_PLACEMENT_3D('',#5316,#5317,#5318);
#5316 = CARTESIAN_POINT('',(180.,165.,64.5));
#5317 = DIRECTION('',(0.,0.,1.));
#5318 = DIRECTION('',(1.,0.,0.));
#5319 = MANIFOLD_SOLID_BREP('',#5320);
#5320 = CLOSED_SHELL('',(#5321));
#5321 = ADVANCED_FACE('',(#5322),#5326,.T.);
#5322 = FACE_BOUND('',#5323,.T.);
#5323 = VERTEX_LOOP('',#5324);
#5324 = VERTEX_POINT('',#5325);
#5325 = CARTESIAN_POINT('',(180.,165.,103.5));
#5326 = SPHERICAL_SURFACE('',#5327,6.);
#5327 = AXIS2_PLACEMENT_3D('',#5328,#5329,#5330);
#5328 = CARTESIAN_POINT('',(180.,165.,109.5));
#5329 = DIRECTION('',(0.,0.,1.));
#5330 = DIRECTION('',(1.,0.,0.));
#5331 = MANIFOLD_SOLID_BREP('',#5332);
#5332 = CLOSED_SHELL('',(#5333,#5366,#5375));
#5333 = ADVANCED_FACE('',(#5334),#5361,.T.);
#5334 = FACE_BOUND('',#5335,.T.);
#5335 = EDGE_LOOP('',(#5336,#5345,#5353,#5360));
#5336 = ORIENTED_EDGE('',*,*,#5337,.F.);
#5337 = EDGE_CURVE('',#5338,#5338,#5340,.T.);
#5338 = VERTEX_POINT('',#5339);
#5339 = CARTESIAN_POINT('',(137.,107.37536546895,194.43315699408));
#5340 = CIRCLE('',#5341,2.5);
#5341 = AXIS2_PLACEMENT_3D('',#5342,#5343,#5344);
#5342 = CARTESIAN_POINT('',(137.,105.,193.6536450385));
#5343 = DIRECTION('',(-0.217391304348,-0.304347826087,0.927423000335));
#5344 = DIRECTION('',(1.350813400693E-17,0.950146187583,0.311804782231)
  );
#5345 = ORIENTED_EDGE('',*,*,#5346,.F.);
#5346 = EDGE_CURVE('',#5347,#5338,#5349,.T.);
#5347 = VERTEX_POINT('',#5348);
#5348 = CARTESIAN_POINT('',(162.,142.37536546895,87.779511955578));
#5349 = LINE('',#5350,#5351);
#5350 = CARTESIAN_POINT('',(162.,142.37536546895,87.779511955578));
#5351 = VECTOR('',#5352,1.);
#5352 = DIRECTION('',(-0.217391304348,-0.304347826087,0.927423000335));
#5353 = ORIENTED_EDGE('',*,*,#5354,.T.);
#5354 = EDGE_CURVE('',#5347,#5347,#5355,.T.);
#5355 = CIRCLE('',#5356,2.5);
#5356 = AXIS2_PLACEMENT_3D('',#5357,#5358,#5359);
#5357 = CARTESIAN_POINT('',(162.,140.,87.));
#5358 = DIRECTION('',(-0.217391304348,-0.304347826087,0.927423000335));
#5359 = DIRECTION('',(1.350813400693E-17,0.950146187583,0.311804782231)
  );
#5360 = ORIENTED_EDGE('',*,*,#5346,.T.);
#5361 = CYLINDRICAL_SURFACE('',#5362,2.5);
#5362 = AXIS2_PLACEMENT_3D('',#5363,#5364,#5365);
#5363 = CARTESIAN_POINT('',(162.,140.,87.));
#5364 = DIRECTION('',(-0.217391304348,-0.304347826087,0.927423000335));
#5365 = DIRECTION('',(1.350813400693E-17,0.950146187583,0.311804782231)
  );
#5366 = ADVANCED_FACE('',(#5367),#5370,.T.);
#5367 = FACE_BOUND('',#5368,.T.);
#5368 = EDGE_LOOP('',(#5369));
#5369 = ORIENTED_EDGE('',*,*,#5337,.T.);
#5370 = PLANE('',#5371);
#5371 = AXIS2_PLACEMENT_3D('',#5372,#5373,#5374);
#5372 = CARTESIAN_POINT('',(137.,105.,193.6536450385));
#5373 = DIRECTION('',(-0.217391304348,-0.304347826087,0.927423000335));
#5374 = DIRECTION('',(1.350813400693E-17,0.950146187583,0.311804782231)
  );
#5375 = ADVANCED_FACE('',(#5376),#5379,.F.);
#5376 = FACE_BOUND('',#5377,.T.);
#5377 = EDGE_LOOP('',(#5378));
#5378 = ORIENTED_EDGE('',*,*,#5354,.F.);
#5379 = PLANE('',#5380);
#5380 = AXIS2_PLACEMENT_3D('',#5381,#5382,#5383);
#5381 = CARTESIAN_POINT('',(162.,140.,87.));
#5382 = DIRECTION('',(-0.217391304348,-0.304347826087,0.927423000335));
#5383 = DIRECTION('',(1.350813400693E-17,0.950146187583,0.311804782231)
  );
#5384 = MANIFOLD_SOLID_BREP('',#5385);
#5385 = CLOSED_SHELL('',(#5386,#5419,#5428));
#5386 = ADVANCED_FACE('',(#5387),#5414,.T.);
#5387 = FACE_BOUND('',#5388,.T.);
#5388 = EDGE_LOOP('',(#5389,#5398,#5406,#5413));
#5389 = ORIENTED_EDGE('',*,*,#5390,.F.);
#5390 = EDGE_CURVE('',#5391,#5391,#5393,.T.);
#5391 = VERTEX_POINT('',#5392);
#5392 = CARTESIAN_POINT('',(137.,113.55131568824,196.45988807858));
#5393 = CIRCLE('',#5394,9.);
#5394 = AXIS2_PLACEMENT_3D('',#5395,#5396,#5397);
#5395 = CARTESIAN_POINT('',(137.,105.,193.6536450385));
#5396 = DIRECTION('',(-0.217391304348,-0.304347826087,0.927423000335));
#5397 = DIRECTION('',(1.350813400693E-17,0.950146187583,0.311804782231)
  );
#5398 = ORIENTED_EDGE('',*,*,#5399,.F.);
#5399 = EDGE_CURVE('',#5400,#5391,#5402,.T.);
#5400 = VERTEX_POINT('',#5401);
#5401 = CARTESIAN_POINT('',(154.5,138.05131568824,121.80233655163));
#5402 = LINE('',#5403,#5404);
#5403 = CARTESIAN_POINT('',(154.5,138.05131568824,121.80233655163));
#5404 = VECTOR('',#5405,1.);
#5405 = DIRECTION('',(-0.217391304348,-0.304347826087,0.927423000335));
#5406 = ORIENTED_EDGE('',*,*,#5407,.T.);
#5407 = EDGE_CURVE('',#5400,#5400,#5408,.T.);
#5408 = CIRCLE('',#5409,9.);
#5409 = AXIS2_PLACEMENT_3D('',#5410,#5411,#5412);
#5410 = CARTESIAN_POINT('',(154.5,129.5,118.99609351155));
#5411 = DIRECTION('',(-0.217391304348,-0.304347826087,0.927423000335));
#5412 = DIRECTION('',(1.350813400693E-17,0.950146187583,0.311804782231)
  );
#5413 = ORIENTED_EDGE('',*,*,#5399,.T.);
#5414 = CYLINDRICAL_SURFACE('',#5415,9.);
#5415 = AXIS2_PLACEMENT_3D('',#5416,#5417,#5418);
#5416 = CARTESIAN_POINT('',(154.5,129.5,118.99609351155));
#5417 = DIRECTION('',(-0.217391304348,-0.304347826087,0.927423000335));
#5418 = DIRECTION('',(1.350813400693E-17,0.950146187583,0.311804782231)
  );
#5419 = ADVANCED_FACE('',(#5420),#5423,.T.);
#5420 = FACE_BOUND('',#5421,.T.);
#5421 = EDGE_LOOP('',(#5422));
#5422 = ORIENTED_EDGE('',*,*,#5390,.T.);
#5423 = PLANE('',#5424);
#5424 = AXIS2_PLACEMENT_3D('',#5425,#5426,#5427);
#5425 = CARTESIAN_POINT('',(137.,105.,193.6536450385));
#5426 = DIRECTION('',(-0.217391304348,-0.304347826087,0.927423000335));
#5427 = DIRECTION('',(1.350813400693E-17,0.950146187583,0.311804782231)
  );
#5428 = ADVANCED_FACE('',(#5429),#5432,.F.);
#5429 = FACE_BOUND('',#5430,.T.);
#5430 = EDGE_LOOP('',(#5431));
#5431 = ORIENTED_EDGE('',*,*,#5407,.F.);
#5432 = PLANE('',#5433);
#5433 = AXIS2_PLACEMENT_3D('',#5434,#5435,#5436);
#5434 = CARTESIAN_POINT('',(154.5,129.5,118.99609351155));
#5435 = DIRECTION('',(-0.217391304348,-0.304347826087,0.927423000335));
#5436 = DIRECTION('',(1.350813400693E-17,0.950146187583,0.311804782231)
  );
#5437 = MANIFOLD_SOLID_BREP('',#5438);
#5438 = CLOSED_SHELL('',(#5439,#5479,#5519,#5541,#5563,#5575));
#5439 = ADVANCED_FACE('',(#5440),#5474,.F.);
#5440 = FACE_BOUND('',#5441,.F.);
#5441 = EDGE_LOOP('',(#5442,#5452,#5460,#5468));
#5442 = ORIENTED_EDGE('',*,*,#5443,.F.);
#5443 = EDGE_CURVE('',#5444,#5446,#5448,.T.);
#5444 = VERTEX_POINT('',#5445);
#5445 = CARTESIAN_POINT('',(130.,99.,100.));
#5446 = VERTEX_POINT('',#5447);
#5447 = CARTESIAN_POINT('',(130.,99.,200.6536450385));
#5448 = LINE('',#5449,#5450);
#5449 = CARTESIAN_POINT('',(130.,99.,100.));
#5450 = VECTOR('',#5451,1.);
#5451 = DIRECTION('',(0.,0.,1.));
#5452 = ORIENTED_EDGE('',*,*,#5453,.T.);
#5453 = EDGE_CURVE('',#5444,#5454,#5456,.T.);
#5454 = VERTEX_POINT('',#5455);
#5455 = CARTESIAN_POINT('',(130.,111.,100.));
#5456 = LINE('',#5457,#5458);
#5457 = CARTESIAN_POINT('',(130.,99.,100.));
#5458 = VECTOR('',#5459,1.);
#5459 = DIRECTION('',(0.,1.,0.));
#5460 = ORIENTED_EDGE('',*,*,#5461,.T.);
#5461 = EDGE_CURVE('',#5454,#5462,#5464,.T.);
#5462 = VERTEX_POINT('',#5463);
#5463 = CARTESIAN_POINT('',(130.,111.,200.6536450385));
#5464 = LINE('',#5465,#5466);
#5465 = CARTESIAN_POINT('',(130.,111.,100.));
#5466 = VECTOR('',#5467,1.);
#5467 = DIRECTION('',(0.,0.,1.));
#5468 = ORIENTED_EDGE('',*,*,#5469,.F.);
#5469 = EDGE_CURVE('',#5446,#5462,#5470,.T.);
#5470 = LINE('',#5471,#5472);
#5471 = CARTESIAN_POINT('',(130.,99.,200.6536450385));
#5472 = VECTOR('',#5473,1.);
#5473 = DIRECTION('',(0.,1.,0.));
#5474 = PLANE('',#5475);
#5475 = AXIS2_PLACEMENT_3D('',#5476,#5477,#5478);
#5476 = CARTESIAN_POINT('',(130.,99.,100.));
#5477 = DIRECTION('',(1.,0.,0.));
#5478 = DIRECTION('',(0.,0.,1.));
#5479 = ADVANCED_FACE('',(#5480),#5514,.T.);
#5480 = FACE_BOUND('',#5481,.T.);
#5481 = EDGE_LOOP('',(#5482,#5492,#5500,#5508));
#5482 = ORIENTED_EDGE('',*,*,#5483,.F.);
#5483 = EDGE_CURVE('',#5484,#5486,#5488,.T.);
#5484 = VERTEX_POINT('',#5485);
#5485 = CARTESIAN_POINT('',(144.,99.,100.));
#5486 = VERTEX_POINT('',#5487);
#5487 = CARTESIAN_POINT('',(144.,99.,200.6536450385));
#5488 = LINE('',#5489,#5490);
#5489 = CARTESIAN_POINT('',(144.,99.,100.));
#5490 = VECTOR('',#5491,1.);
#5491 = DIRECTION('',(0.,0.,1.));
#5492 = ORIENTED_EDGE('',*,*,#5493,.T.);
#5493 = EDGE_CURVE('',#5484,#5494,#5496,.T.);
#5494 = VERTEX_POINT('',#5495);
#5495 = CARTESIAN_POINT('',(144.,111.,100.));
#5496 = LINE('',#5497,#5498);
#5497 = CARTESIAN_POINT('',(144.,99.,100.));
#5498 = VECTOR('',#5499,1.);
#5499 = DIRECTION('',(0.,1.,0.));
#5500 = ORIENTED_EDGE('',*,*,#5501,.T.);
#5501 = EDGE_CURVE('',#5494,#5502,#5504,.T.);
#5502 = VERTEX_POINT('',#5503);
#5503 = CARTESIAN_POINT('',(144.,111.,200.6536450385));
#5504 = LINE('',#5505,#5506);
#5505 = CARTESIAN_POINT('',(144.,111.,100.));
#5506 = VECTOR('',#5507,1.);
#5507 = DIRECTION('',(0.,0.,1.));
#5508 = ORIENTED_EDGE('',*,*,#5509,.F.);
#5509 = EDGE_CURVE('',#5486,#5502,#5510,.T.);
#5510 = LINE('',#5511,#5512);
#5511 = CARTESIAN_POINT('',(144.,99.,200.6536450385));
#5512 = VECTOR('',#5513,1.);
#5513 = DIRECTION('',(0.,1.,0.));
#5514 = PLANE('',#5515);
#5515 = AXIS2_PLACEMENT_3D('',#5516,#5517,#5518);
#5516 = CARTESIAN_POINT('',(144.,99.,100.));
#5517 = DIRECTION('',(1.,0.,0.));
#5518 = DIRECTION('',(0.,0.,1.));
#5519 = ADVANCED_FACE('',(#5520),#5536,.F.);
#5520 = FACE_BOUND('',#5521,.F.);
#5521 = EDGE_LOOP('',(#5522,#5528,#5529,#5535));
#5522 = ORIENTED_EDGE('',*,*,#5523,.F.);
#5523 = EDGE_CURVE('',#5444,#5484,#5524,.T.);
#5524 = LINE('',#5525,#5526);
#5525 = CARTESIAN_POINT('',(130.,99.,100.));
#5526 = VECTOR('',#5527,1.);
#5527 = DIRECTION('',(1.,0.,0.));
#5528 = ORIENTED_EDGE('',*,*,#5443,.T.);
#5529 = ORIENTED_EDGE('',*,*,#5530,.T.);
#5530 = EDGE_CURVE('',#5446,#5486,#5531,.T.);
#5531 = LINE('',#5532,#5533);
#5532 = CARTESIAN_POINT('',(130.,99.,200.6536450385));
#5533 = VECTOR('',#5534,1.);
#5534 = DIRECTION('',(1.,0.,0.));
#5535 = ORIENTED_EDGE('',*,*,#5483,.F.);
#5536 = PLANE('',#5537);
#5537 = AXIS2_PLACEMENT_3D('',#5538,#5539,#5540);
#5538 = CARTESIAN_POINT('',(130.,99.,100.));
#5539 = DIRECTION('',(0.,1.,0.));
#5540 = DIRECTION('',(0.,0.,1.));
#5541 = ADVANCED_FACE('',(#5542),#5558,.T.);
#5542 = FACE_BOUND('',#5543,.T.);
#5543 = EDGE_LOOP('',(#5544,#5550,#5551,#5557));
#5544 = ORIENTED_EDGE('',*,*,#5545,.F.);
#5545 = EDGE_CURVE('',#5454,#5494,#5546,.T.);
#5546 = LINE('',#5547,#5548);
#5547 = CARTESIAN_POINT('',(130.,111.,100.));
#5548 = VECTOR('',#5549,1.);
#5549 = DIRECTION('',(1.,0.,0.));
#5550 = ORIENTED_EDGE('',*,*,#5461,.T.);
#5551 = ORIENTED_EDGE('',*,*,#5552,.T.);
#5552 = EDGE_CURVE('',#5462,#5502,#5553,.T.);
#5553 = LINE('',#5554,#5555);
#5554 = CARTESIAN_POINT('',(130.,111.,200.6536450385));
#5555 = VECTOR('',#5556,1.);
#5556 = DIRECTION('',(1.,0.,0.));
#5557 = ORIENTED_EDGE('',*,*,#5501,.F.);
#5558 = PLANE('',#5559);
#5559 = AXIS2_PLACEMENT_3D('',#5560,#5561,#5562);
#5560 = CARTESIAN_POINT('',(130.,111.,100.));
#5561 = DIRECTION('',(0.,1.,0.));
#5562 = DIRECTION('',(0.,0.,1.));
#5563 = ADVANCED_FACE('',(#5564),#5570,.F.);
#5564 = FACE_BOUND('',#5565,.F.);
#5565 = EDGE_LOOP('',(#5566,#5567,#5568,#5569));
#5566 = ORIENTED_EDGE('',*,*,#5453,.F.);
#5567 = ORIENTED_EDGE('',*,*,#5523,.T.);
#5568 = ORIENTED_EDGE('',*,*,#5493,.T.);
#5569 = ORIENTED_EDGE('',*,*,#5545,.F.);
#5570 = PLANE('',#5571);
#5571 = AXIS2_PLACEMENT_3D('',#5572,#5573,#5574);
#5572 = CARTESIAN_POINT('',(130.,99.,100.));
#5573 = DIRECTION('',(0.,0.,1.));
#5574 = DIRECTION('',(1.,0.,0.));
#5575 = ADVANCED_FACE('',(#5576),#5582,.T.);
#5576 = FACE_BOUND('',#5577,.T.);
#5577 = EDGE_LOOP('',(#5578,#5579,#5580,#5581));
#5578 = ORIENTED_EDGE('',*,*,#5469,.F.);
#5579 = ORIENTED_EDGE('',*,*,#5530,.T.);
#5580 = ORIENTED_EDGE('',*,*,#5509,.T.);
#5581 = ORIENTED_EDGE('',*,*,#5552,.F.);
#5582 = PLANE('',#5583);
#5583 = AXIS2_PLACEMENT_3D('',#5584,#5585,#5586);
#5584 = CARTESIAN_POINT('',(130.,99.,200.6536450385));
#5585 = DIRECTION('',(0.,0.,1.));
#5586 = DIRECTION('',(1.,0.,0.));
#5587 = MANIFOLD_SOLID_BREP('',#5588);
#5588 = CLOSED_SHELL('',(#5589,#5629,#5669,#5691,#5713,#5725));
#5589 = ADVANCED_FACE('',(#5590),#5624,.F.);
#5590 = FACE_BOUND('',#5591,.F.);
#5591 = EDGE_LOOP('',(#5592,#5602,#5610,#5618));
#5592 = ORIENTED_EDGE('',*,*,#5593,.F.);
#5593 = EDGE_CURVE('',#5594,#5596,#5598,.T.);
#5594 = VERTEX_POINT('',#5595);
#5595 = CARTESIAN_POINT('',(183.,-65.,112.));
#5596 = VERTEX_POINT('',#5597);
#5597 = CARTESIAN_POINT('',(183.,-65.,156.));
#5598 = LINE('',#5599,#5600);
#5599 = CARTESIAN_POINT('',(183.,-65.,112.));
#5600 = VECTOR('',#5601,1.);
#5601 = DIRECTION('',(0.,0.,1.));
#5602 = ORIENTED_EDGE('',*,*,#5603,.T.);
#5603 = EDGE_CURVE('',#5594,#5604,#5606,.T.);
#5604 = VERTEX_POINT('',#5605);
#5605 = CARTESIAN_POINT('',(183.,65.,112.));
#5606 = LINE('',#5607,#5608);
#5607 = CARTESIAN_POINT('',(183.,-65.,112.));
#5608 = VECTOR('',#5609,1.);
#5609 = DIRECTION('',(0.,1.,0.));
#5610 = ORIENTED_EDGE('',*,*,#5611,.T.);
#5611 = EDGE_CURVE('',#5604,#5612,#5614,.T.);
#5612 = VERTEX_POINT('',#5613);
#5613 = CARTESIAN_POINT('',(183.,65.,156.));
#5614 = LINE('',#5615,#5616);
#5615 = CARTESIAN_POINT('',(183.,65.,112.));
#5616 = VECTOR('',#5617,1.);
#5617 = DIRECTION('',(0.,0.,1.));
#5618 = ORIENTED_EDGE('',*,*,#5619,.F.);
#5619 = EDGE_CURVE('',#5596,#5612,#5620,.T.);
#5620 = LINE('',#5621,#5622);
#5621 = CARTESIAN_POINT('',(183.,-65.,156.));
#5622 = VECTOR('',#5623,1.);
#5623 = DIRECTION('',(0.,1.,0.));
#5624 = PLANE('',#5625);
#5625 = AXIS2_PLACEMENT_3D('',#5626,#5627,#5628);
#5626 = CARTESIAN_POINT('',(183.,-65.,112.));
#5627 = DIRECTION('',(1.,0.,0.));
#5628 = DIRECTION('',(0.,0.,1.));
#5629 = ADVANCED_FACE('',(#5630),#5664,.T.);
#5630 = FACE_BOUND('',#5631,.T.);
#5631 = EDGE_LOOP('',(#5632,#5642,#5650,#5658));
#5632 = ORIENTED_EDGE('',*,*,#5633,.F.);
#5633 = EDGE_CURVE('',#5634,#5636,#5638,.T.);
#5634 = VERTEX_POINT('',#5635);
#5635 = CARTESIAN_POINT('',(227.,-65.,112.));
#5636 = VERTEX_POINT('',#5637);
#5637 = CARTESIAN_POINT('',(227.,-65.,156.));
#5638 = LINE('',#5639,#5640);
#5639 = CARTESIAN_POINT('',(227.,-65.,112.));
#5640 = VECTOR('',#5641,1.);
#5641 = DIRECTION('',(0.,0.,1.));
#5642 = ORIENTED_EDGE('',*,*,#5643,.T.);
#5643 = EDGE_CURVE('',#5634,#5644,#5646,.T.);
#5644 = VERTEX_POINT('',#5645);
#5645 = CARTESIAN_POINT('',(227.,65.,112.));
#5646 = LINE('',#5647,#5648);
#5647 = CARTESIAN_POINT('',(227.,-65.,112.));
#5648 = VECTOR('',#5649,1.);
#5649 = DIRECTION('',(0.,1.,0.));
#5650 = ORIENTED_EDGE('',*,*,#5651,.T.);
#5651 = EDGE_CURVE('',#5644,#5652,#5654,.T.);
#5652 = VERTEX_POINT('',#5653);
#5653 = CARTESIAN_POINT('',(227.,65.,156.));
#5654 = LINE('',#5655,#5656);
#5655 = CARTESIAN_POINT('',(227.,65.,112.));
#5656 = VECTOR('',#5657,1.);
#5657 = DIRECTION('',(0.,0.,1.));
#5658 = ORIENTED_EDGE('',*,*,#5659,.F.);
#5659 = EDGE_CURVE('',#5636,#5652,#5660,.T.);
#5660 = LINE('',#5661,#5662);
#5661 = CARTESIAN_POINT('',(227.,-65.,156.));
#5662 = VECTOR('',#5663,1.);
#5663 = DIRECTION('',(0.,1.,0.));
#5664 = PLANE('',#5665);
#5665 = AXIS2_PLACEMENT_3D('',#5666,#5667,#5668);
#5666 = CARTESIAN_POINT('',(227.,-65.,112.));
#5667 = DIRECTION('',(1.,0.,0.));
#5668 = DIRECTION('',(0.,0.,1.));
#5669 = ADVANCED_FACE('',(#5670),#5686,.F.);
#5670 = FACE_BOUND('',#5671,.F.);
#5671 = EDGE_LOOP('',(#5672,#5678,#5679,#5685));
#5672 = ORIENTED_EDGE('',*,*,#5673,.F.);
#5673 = EDGE_CURVE('',#5594,#5634,#5674,.T.);
#5674 = LINE('',#5675,#5676);
#5675 = CARTESIAN_POINT('',(183.,-65.,112.));
#5676 = VECTOR('',#5677,1.);
#5677 = DIRECTION('',(1.,0.,0.));
#5678 = ORIENTED_EDGE('',*,*,#5593,.T.);
#5679 = ORIENTED_EDGE('',*,*,#5680,.T.);
#5680 = EDGE_CURVE('',#5596,#5636,#5681,.T.);
#5681 = LINE('',#5682,#5683);
#5682 = CARTESIAN_POINT('',(183.,-65.,156.));
#5683 = VECTOR('',#5684,1.);
#5684 = DIRECTION('',(1.,0.,0.));
#5685 = ORIENTED_EDGE('',*,*,#5633,.F.);
#5686 = PLANE('',#5687);
#5687 = AXIS2_PLACEMENT_3D('',#5688,#5689,#5690);
#5688 = CARTESIAN_POINT('',(183.,-65.,112.));
#5689 = DIRECTION('',(0.,1.,0.));
#5690 = DIRECTION('',(0.,0.,1.));
#5691 = ADVANCED_FACE('',(#5692),#5708,.T.);
#5692 = FACE_BOUND('',#5693,.T.);
#5693 = EDGE_LOOP('',(#5694,#5700,#5701,#5707));
#5694 = ORIENTED_EDGE('',*,*,#5695,.F.);
#5695 = EDGE_CURVE('',#5604,#5644,#5696,.T.);
#5696 = LINE('',#5697,#5698);
#5697 = CARTESIAN_POINT('',(183.,65.,112.));
#5698 = VECTOR('',#5699,1.);
#5699 = DIRECTION('',(1.,0.,0.));
#5700 = ORIENTED_EDGE('',*,*,#5611,.T.);
#5701 = ORIENTED_EDGE('',*,*,#5702,.T.);
#5702 = EDGE_CURVE('',#5612,#5652,#5703,.T.);
#5703 = LINE('',#5704,#5705);
#5704 = CARTESIAN_POINT('',(183.,65.,156.));
#5705 = VECTOR('',#5706,1.);
#5706 = DIRECTION('',(1.,0.,0.));
#5707 = ORIENTED_EDGE('',*,*,#5651,.F.);
#5708 = PLANE('',#5709);
#5709 = AXIS2_PLACEMENT_3D('',#5710,#5711,#5712);
#5710 = CARTESIAN_POINT('',(183.,65.,112.));
#5711 = DIRECTION('',(0.,1.,0.));
#5712 = DIRECTION('',(0.,0.,1.));
#5713 = ADVANCED_FACE('',(#5714),#5720,.F.);
#5714 = FACE_BOUND('',#5715,.F.);
#5715 = EDGE_LOOP('',(#5716,#5717,#5718,#5719));
#5716 = ORIENTED_EDGE('',*,*,#5603,.F.);
#5717 = ORIENTED_EDGE('',*,*,#5673,.T.);
#5718 = ORIENTED_EDGE('',*,*,#5643,.T.);
#5719 = ORIENTED_EDGE('',*,*,#5695,.F.);
#5720 = PLANE('',#5721);
#5721 = AXIS2_PLACEMENT_3D('',#5722,#5723,#5724);
#5722 = CARTESIAN_POINT('',(183.,-65.,112.));
#5723 = DIRECTION('',(0.,0.,1.));
#5724 = DIRECTION('',(1.,0.,0.));
#5725 = ADVANCED_FACE('',(#5726),#5732,.T.);
#5726 = FACE_BOUND('',#5727,.T.);
#5727 = EDGE_LOOP('',(#5728,#5729,#5730,#5731));
#5728 = ORIENTED_EDGE('',*,*,#5619,.F.);
#5729 = ORIENTED_EDGE('',*,*,#5680,.T.);
#5730 = ORIENTED_EDGE('',*,*,#5659,.T.);
#5731 = ORIENTED_EDGE('',*,*,#5702,.F.);
#5732 = PLANE('',#5733);
#5733 = AXIS2_PLACEMENT_3D('',#5734,#5735,#5736);
#5734 = CARTESIAN_POINT('',(183.,-65.,156.));
#5735 = DIRECTION('',(0.,0.,1.));
#5736 = DIRECTION('',(1.,0.,0.));
#5737 = MANIFOLD_SOLID_BREP('',#5738);
#5738 = CLOSED_SHELL('',(#5739,#5772,#5792,#5812));
#5739 = ADVANCED_FACE('',(#5740),#5767,.T.);
#5740 = FACE_BOUND('',#5741,.T.);
#5741 = EDGE_LOOP('',(#5742,#5751,#5759,#5766));
#5742 = ORIENTED_EDGE('',*,*,#5743,.F.);
#5743 = EDGE_CURVE('',#5744,#5744,#5746,.T.);
#5744 = VERTEX_POINT('',#5745);
#5745 = CARTESIAN_POINT('',(180.,33.,92.5));
#5746 = CIRCLE('',#5747,8.);
#5747 = AXIS2_PLACEMENT_3D('',#5748,#5749,#5750);
#5748 = CARTESIAN_POINT('',(180.,33.,84.5));
#5749 = DIRECTION('',(0.,1.,0.));
#5750 = DIRECTION('',(0.,0.,1.));
#5751 = ORIENTED_EDGE('',*,*,#5752,.F.);
#5752 = EDGE_CURVE('',#5753,#5744,#5755,.T.);
#5753 = VERTEX_POINT('',#5754);
#5754 = CARTESIAN_POINT('',(180.,17.,92.5));
#5755 = LINE('',#5756,#5757);
#5756 = CARTESIAN_POINT('',(180.,17.,92.5));
#5757 = VECTOR('',#5758,1.);
#5758 = DIRECTION('',(0.,1.,0.));
#5759 = ORIENTED_EDGE('',*,*,#5760,.T.);
#5760 = EDGE_CURVE('',#5753,#5753,#5761,.T.);
#5761 = CIRCLE('',#5762,8.);
#5762 = AXIS2_PLACEMENT_3D('',#5763,#5764,#5765);
#5763 = CARTESIAN_POINT('',(180.,17.,84.5));
#5764 = DIRECTION('',(0.,1.,0.));
#5765 = DIRECTION('',(0.,0.,1.));
#5766 = ORIENTED_EDGE('',*,*,#5752,.T.);
#5767 = CYLINDRICAL_SURFACE('',#5768,8.);
#5768 = AXIS2_PLACEMENT_3D('',#5769,#5770,#5771);
#5769 = CARTESIAN_POINT('',(180.,17.,84.5));
#5770 = DIRECTION('',(0.,1.,0.));
#5771 = DIRECTION('',(0.,0.,1.));
#5772 = ADVANCED_FACE('',(#5773,#5776),#5787,.T.);
#5773 = FACE_BOUND('',#5774,.T.);
#5774 = EDGE_LOOP('',(#5775));
#5775 = ORIENTED_EDGE('',*,*,#5743,.T.);
#5776 = FACE_BOUND('',#5777,.T.);
#5777 = EDGE_LOOP('',(#5778));
#5778 = ORIENTED_EDGE('',*,*,#5779,.F.);
#5779 = EDGE_CURVE('',#5780,#5780,#5782,.T.);
#5780 = VERTEX_POINT('',#5781);
#5781 = CARTESIAN_POINT('',(180.,33.,88.5));
#5782 = CIRCLE('',#5783,4.);
#5783 = AXIS2_PLACEMENT_3D('',#5784,#5785,#5786);
#5784 = CARTESIAN_POINT('',(180.,33.,84.5));
#5785 = DIRECTION('',(0.,1.,0.));
#5786 = DIRECTION('',(0.,0.,1.));
#5787 = PLANE('',#5788);
#5788 = AXIS2_PLACEMENT_3D('',#5789,#5790,#5791);
#5789 = CARTESIAN_POINT('',(180.,33.,84.5));
#5790 = DIRECTION('',(0.,1.,0.));
#5791 = DIRECTION('',(0.,0.,1.));
#5792 = ADVANCED_FACE('',(#5793,#5796),#5807,.F.);
#5793 = FACE_BOUND('',#5794,.F.);
#5794 = EDGE_LOOP('',(#5795));
#5795 = ORIENTED_EDGE('',*,*,#5760,.T.);
#5796 = FACE_BOUND('',#5797,.F.);
#5797 = EDGE_LOOP('',(#5798));
#5798 = ORIENTED_EDGE('',*,*,#5799,.F.);
#5799 = EDGE_CURVE('',#5800,#5800,#5802,.T.);
#5800 = VERTEX_POINT('',#5801);
#5801 = CARTESIAN_POINT('',(180.,17.,88.5));
#5802 = CIRCLE('',#5803,4.);
#5803 = AXIS2_PLACEMENT_3D('',#5804,#5805,#5806);
#5804 = CARTESIAN_POINT('',(180.,17.,84.5));
#5805 = DIRECTION('',(0.,1.,0.));
#5806 = DIRECTION('',(0.,0.,1.));
#5807 = PLANE('',#5808);
#5808 = AXIS2_PLACEMENT_3D('',#5809,#5810,#5811);
#5809 = CARTESIAN_POINT('',(180.,17.,84.5));
#5810 = DIRECTION('',(0.,1.,0.));
#5811 = DIRECTION('',(0.,0.,1.));
#5812 = ADVANCED_FACE('',(#5813),#5824,.F.);
#5813 = FACE_BOUND('',#5814,.F.);
#5814 = EDGE_LOOP('',(#5815,#5816,#5822,#5823));
#5815 = ORIENTED_EDGE('',*,*,#5779,.F.);
#5816 = ORIENTED_EDGE('',*,*,#5817,.F.);
#5817 = EDGE_CURVE('',#5800,#5780,#5818,.T.);
#5818 = LINE('',#5819,#5820);
#5819 = CARTESIAN_POINT('',(180.,17.,88.5));
#5820 = VECTOR('',#5821,1.);
#5821 = DIRECTION('',(0.,1.,0.));
#5822 = ORIENTED_EDGE('',*,*,#5799,.T.);
#5823 = ORIENTED_EDGE('',*,*,#5817,.T.);
#5824 = CYLINDRICAL_SURFACE('',#5825,4.);
#5825 = AXIS2_PLACEMENT_3D('',#5826,#5827,#5828);
#5826 = CARTESIAN_POINT('',(180.,17.,84.5));
#5827 = DIRECTION('',(0.,1.,0.));
#5828 = DIRECTION('',(0.,0.,1.));
#5829 = MANIFOLD_SOLID_BREP('',#5830);
#5830 = CLOSED_SHELL('',(#5831,#5864,#5873));
#5831 = ADVANCED_FACE('',(#5832),#5859,.T.);
#5832 = FACE_BOUND('',#5833,.T.);
#5833 = EDGE_LOOP('',(#5834,#5843,#5851,#5858));
#5834 = ORIENTED_EDGE('',*,*,#5835,.F.);
#5835 = EDGE_CURVE('',#5836,#5836,#5838,.T.);
#5836 = VERTEX_POINT('',#5837);
#5837 = CARTESIAN_POINT('',(180.,165.,87.5));
#5838 = CIRCLE('',#5839,3.);
#5839 = AXIS2_PLACEMENT_3D('',#5840,#5841,#5842);
#5840 = CARTESIAN_POINT('',(180.,165.,84.5));
#5841 = DIRECTION('',(0.,1.,0.));
#5842 = DIRECTION('',(0.,0.,1.));
#5843 = ORIENTED_EDGE('',*,*,#5844,.F.);
#5844 = EDGE_CURVE('',#5845,#5836,#5847,.T.);
#5845 = VERTEX_POINT('',#5846);
#5846 = CARTESIAN_POINT('',(180.,25.,87.5));
#5847 = LINE('',#5848,#5849);
#5848 = CARTESIAN_POINT('',(180.,25.,87.5));
#5849 = VECTOR('',#5850,1.);
#5850 = DIRECTION('',(0.,1.,0.));
#5851 = ORIENTED_EDGE('',*,*,#5852,.T.);
#5852 = EDGE_CURVE('',#5845,#5845,#5853,.T.);
#5853 = CIRCLE('',#5854,3.);
#5854 = AXIS2_PLACEMENT_3D('',#5855,#5856,#5857);
#5855 = CARTESIAN_POINT('',(180.,25.,84.5));
#5856 = DIRECTION('',(0.,1.,0.));
#5857 = DIRECTION('',(0.,0.,1.));
#5858 = ORIENTED_EDGE('',*,*,#5844,.T.);
#5859 = CYLINDRICAL_SURFACE('',#5860,3.);
#5860 = AXIS2_PLACEMENT_3D('',#5861,#5862,#5863);
#5861 = CARTESIAN_POINT('',(180.,25.,84.5));
#5862 = DIRECTION('',(0.,1.,0.));
#5863 = DIRECTION('',(0.,0.,1.));
#5864 = ADVANCED_FACE('',(#5865),#5868,.T.);
#5865 = FACE_BOUND('',#5866,.T.);
#5866 = EDGE_LOOP('',(#5867));
#5867 = ORIENTED_EDGE('',*,*,#5835,.T.);
#5868 = PLANE('',#5869);
#5869 = AXIS2_PLACEMENT_3D('',#5870,#5871,#5872);
#5870 = CARTESIAN_POINT('',(180.,165.,84.5));
#5871 = DIRECTION('',(0.,1.,0.));
#5872 = DIRECTION('',(0.,0.,1.));
#5873 = ADVANCED_FACE('',(#5874),#5877,.F.);
#5874 = FACE_BOUND('',#5875,.T.);
#5875 = EDGE_LOOP('',(#5876));
#5876 = ORIENTED_EDGE('',*,*,#5852,.F.);
#5877 = PLANE('',#5878);
#5878 = AXIS2_PLACEMENT_3D('',#5879,#5880,#5881);
#5879 = CARTESIAN_POINT('',(180.,25.,84.5));
#5880 = DIRECTION('',(0.,1.,0.));
#5881 = DIRECTION('',(0.,0.,1.));
#5882 = MANIFOLD_SOLID_BREP('',#5883);
#5883 = CLOSED_SHELL('',(#5884,#5917,#5926));
#5884 = ADVANCED_FACE('',(#5885),#5912,.T.);
#5885 = FACE_BOUND('',#5886,.T.);
#5886 = EDGE_LOOP('',(#5887,#5896,#5904,#5911));
#5887 = ORIENTED_EDGE('',*,*,#5888,.F.);
#5888 = EDGE_CURVE('',#5889,#5889,#5891,.T.);
#5889 = VERTEX_POINT('',#5890);
#5890 = CARTESIAN_POINT('',(180.,194.5,88.5));
#5891 = CIRCLE('',#5892,4.);
#5892 = AXIS2_PLACEMENT_3D('',#5893,#5894,#5895);
#5893 = CARTESIAN_POINT('',(180.,194.5,84.5));
#5894 = DIRECTION('',(0.,1.,0.));
#5895 = DIRECTION('',(0.,0.,1.));
#5896 = ORIENTED_EDGE('',*,*,#5897,.F.);
#5897 = EDGE_CURVE('',#5898,#5889,#5900,.T.);
#5898 = VERTEX_POINT('',#5899);
#5899 = CARTESIAN_POINT('',(180.,150.,88.5));
#5900 = LINE('',#5901,#5902);
#5901 = CARTESIAN_POINT('',(180.,150.,88.5));
#5902 = VECTOR('',#5903,1.);
#5903 = DIRECTION('',(0.,1.,0.));
#5904 = ORIENTED_EDGE('',*,*,#5905,.T.);
#5905 = EDGE_CURVE('',#5898,#5898,#5906,.T.);
#5906 = CIRCLE('',#5907,4.);
#5907 = AXIS2_PLACEMENT_3D('',#5908,#5909,#5910);
#5908 = CARTESIAN_POINT('',(180.,150.,84.5));
#5909 = DIRECTION('',(0.,1.,0.));
#5910 = DIRECTION('',(0.,0.,1.));
#5911 = ORIENTED_EDGE('',*,*,#5897,.T.);
#5912 = CYLINDRICAL_SURFACE('',#5913,4.);
#5913 = AXIS2_PLACEMENT_3D('',#5914,#5915,#5916);
#5914 = CARTESIAN_POINT('',(180.,150.,84.5));
#5915 = DIRECTION('',(0.,1.,0.));
#5916 = DIRECTION('',(0.,0.,1.));
#5917 = ADVANCED_FACE('',(#5918),#5921,.T.);
#5918 = FACE_BOUND('',#5919,.T.);
#5919 = EDGE_LOOP('',(#5920));
#5920 = ORIENTED_EDGE('',*,*,#5888,.T.);
#5921 = PLANE('',#5922);
#5922 = AXIS2_PLACEMENT_3D('',#5923,#5924,#5925);
#5923 = CARTESIAN_POINT('',(180.,194.5,84.5));
#5924 = DIRECTION('',(0.,1.,0.));
#5925 = DIRECTION('',(0.,0.,1.));
#5926 = ADVANCED_FACE('',(#5927),#5930,.F.);
#5927 = FACE_BOUND('',#5928,.T.);
#5928 = EDGE_LOOP('',(#5929));
#5929 = ORIENTED_EDGE('',*,*,#5905,.F.);
#5930 = PLANE('',#5931);
#5931 = AXIS2_PLACEMENT_3D('',#5932,#5933,#5934);
#5932 = CARTESIAN_POINT('',(180.,150.,84.5));
#5933 = DIRECTION('',(0.,1.,0.));
#5934 = DIRECTION('',(0.,0.,1.));
#5935 = MANIFOLD_SOLID_BREP('',#5936);
#5936 = CLOSED_SHELL('',(#5937,#5970,#5990,#6010));
#5937 = ADVANCED_FACE('',(#5938),#5965,.T.);
#5938 = FACE_BOUND('',#5939,.T.);
#5939 = EDGE_LOOP('',(#5940,#5949,#5957,#5964));
#5940 = ORIENTED_EDGE('',*,*,#5941,.F.);
#5941 = EDGE_CURVE('',#5942,#5942,#5944,.T.);
#5942 = VERTEX_POINT('',#5943);
#5943 = CARTESIAN_POINT('',(180.,230.5,169.));
#5944 = CIRCLE('',#5945,84.5);
#5945 = AXIS2_PLACEMENT_3D('',#5946,#5947,#5948);
#5946 = CARTESIAN_POINT('',(180.,230.5,84.5));
#5947 = DIRECTION('',(0.,1.,0.));
#5948 = DIRECTION('',(0.,0.,1.));
#5949 = ORIENTED_EDGE('',*,*,#5950,.F.);
#5950 = EDGE_CURVE('',#5951,#5942,#5953,.T.);
#5951 = VERTEX_POINT('',#5952);
#5952 = CARTESIAN_POINT('',(180.,149.,169.));
#5953 = LINE('',#5954,#5955);
#5954 = CARTESIAN_POINT('',(180.,149.,169.));
#5955 = VECTOR('',#5956,1.);
#5956 = DIRECTION('',(0.,1.,0.));
#5957 = ORIENTED_EDGE('',*,*,#5958,.T.);
#5958 = EDGE_CURVE('',#5951,#5951,#5959,.T.);
#5959 = CIRCLE('',#5960,84.5);
#5960 = AXIS2_PLACEMENT_3D('',#5961,#5962,#5963);
#5961 = CARTESIAN_POINT('',(180.,149.,84.5));
#5962 = DIRECTION('',(0.,1.,0.));
#5963 = DIRECTION('',(0.,0.,1.));
#5964 = ORIENTED_EDGE('',*,*,#5950,.T.);
#5965 = CYLINDRICAL_SURFACE('',#5966,84.5);
#5966 = AXIS2_PLACEMENT_3D('',#5967,#5968,#5969);
#5967 = CARTESIAN_POINT('',(180.,149.,84.5));
#5968 = DIRECTION('',(0.,1.,0.));
#5969 = DIRECTION('',(0.,0.,1.));
#5970 = ADVANCED_FACE('',(#5971,#5974),#5985,.T.);
#5971 = FACE_BOUND('',#5972,.T.);
#5972 = EDGE_LOOP('',(#5973));
#5973 = ORIENTED_EDGE('',*,*,#5941,.T.);
#5974 = FACE_BOUND('',#5975,.T.);
#5975 = EDGE_LOOP('',(#5976));
#5976 = ORIENTED_EDGE('',*,*,#5977,.F.);
#5977 = EDGE_CURVE('',#5978,#5978,#5980,.T.);
#5978 = VERTEX_POINT('',#5979);
#5979 = CARTESIAN_POINT('',(180.,230.5,133.));
#5980 = CIRCLE('',#5981,48.5);
#5981 = AXIS2_PLACEMENT_3D('',#5982,#5983,#5984);
#5982 = CARTESIAN_POINT('',(180.,230.5,84.5));
#5983 = DIRECTION('',(0.,1.,0.));
#5984 = DIRECTION('',(0.,0.,1.));
#5985 = PLANE('',#5986);
#5986 = AXIS2_PLACEMENT_3D('',#5987,#5988,#5989);
#5987 = CARTESIAN_POINT('',(180.,230.5,84.5));
#5988 = DIRECTION('',(0.,1.,0.));
#5989 = DIRECTION('',(0.,0.,1.));
#5990 = ADVANCED_FACE('',(#5991,#5994),#6005,.F.);
#5991 = FACE_BOUND('',#5992,.F.);
#5992 = EDGE_LOOP('',(#5993));
#5993 = ORIENTED_EDGE('',*,*,#5958,.T.);
#5994 = FACE_BOUND('',#5995,.F.);
#5995 = EDGE_LOOP('',(#5996));
#5996 = ORIENTED_EDGE('',*,*,#5997,.F.);
#5997 = EDGE_CURVE('',#5998,#5998,#6000,.T.);
#5998 = VERTEX_POINT('',#5999);
#5999 = CARTESIAN_POINT('',(180.,149.,133.));
#6000 = CIRCLE('',#6001,48.5);
#6001 = AXIS2_PLACEMENT_3D('',#6002,#6003,#6004);
#6002 = CARTESIAN_POINT('',(180.,149.,84.5));
#6003 = DIRECTION('',(0.,1.,0.));
#6004 = DIRECTION('',(0.,0.,1.));
#6005 = PLANE('',#6006);
#6006 = AXIS2_PLACEMENT_3D('',#6007,#6008,#6009);
#6007 = CARTESIAN_POINT('',(180.,149.,84.5));
#6008 = DIRECTION('',(0.,1.,0.));
#6009 = DIRECTION('',(0.,0.,1.));
#6010 = ADVANCED_FACE('',(#6011),#6022,.F.);
#6011 = FACE_BOUND('',#6012,.F.);
#6012 = EDGE_LOOP('',(#6013,#6014,#6020,#6021));
#6013 = ORIENTED_EDGE('',*,*,#5977,.F.);
#6014 = ORIENTED_EDGE('',*,*,#6015,.F.);
#6015 = EDGE_CURVE('',#5998,#5978,#6016,.T.);
#6016 = LINE('',#6017,#6018);
#6017 = CARTESIAN_POINT('',(180.,149.,133.));
#6018 = VECTOR('',#6019,1.);
#6019 = DIRECTION('',(0.,1.,0.));
#6020 = ORIENTED_EDGE('',*,*,#5997,.T.);
#6021 = ORIENTED_EDGE('',*,*,#6015,.T.);
#6022 = CYLINDRICAL_SURFACE('',#6023,48.5);
#6023 = AXIS2_PLACEMENT_3D('',#6024,#6025,#6026);
#6024 = CARTESIAN_POINT('',(180.,149.,84.5));
#6025 = DIRECTION('',(0.,1.,0.));
#6026 = DIRECTION('',(0.,0.,1.));
#6027 = MANIFOLD_SOLID_BREP('',#6028);
#6028 = CLOSED_SHELL('',(#6029,#6062,#6082,#6102));
#6029 = ADVANCED_FACE('',(#6030),#6057,.T.);
#6030 = FACE_BOUND('',#6031,.T.);
#6031 = EDGE_LOOP('',(#6032,#6041,#6049,#6056));
#6032 = ORIENTED_EDGE('',*,*,#6033,.F.);
#6033 = EDGE_CURVE('',#6034,#6034,#6036,.T.);
#6034 = VERTEX_POINT('',#6035);
#6035 = CARTESIAN_POINT('',(180.,202.25,133.));
#6036 = CIRCLE('',#6037,48.5);
#6037 = AXIS2_PLACEMENT_3D('',#6038,#6039,#6040);
#6038 = CARTESIAN_POINT('',(180.,202.25,84.5));
#6039 = DIRECTION('',(0.,1.,0.));
#6040 = DIRECTION('',(0.,0.,1.));
#6041 = ORIENTED_EDGE('',*,*,#6042,.F.);
#6042 = EDGE_CURVE('',#6043,#6034,#6045,.T.);
#6043 = VERTEX_POINT('',#6044);
#6044 = CARTESIAN_POINT('',(180.,177.25,133.));
#6045 = LINE('',#6046,#6047);
#6046 = CARTESIAN_POINT('',(180.,177.25,133.));
#6047 = VECTOR('',#6048,1.);
#6048 = DIRECTION('',(0.,1.,0.));
#6049 = ORIENTED_EDGE('',*,*,#6050,.T.);
#6050 = EDGE_CURVE('',#6043,#6043,#6051,.T.);
#6051 = CIRCLE('',#6052,48.5);
#6052 = AXIS2_PLACEMENT_3D('',#6053,#6054,#6055);
#6053 = CARTESIAN_POINT('',(180.,177.25,84.5));
#6054 = DIRECTION('',(0.,1.,0.));
#6055 = DIRECTION('',(0.,0.,1.));
#6056 = ORIENTED_EDGE('',*,*,#6042,.T.);
#6057 = CYLINDRICAL_SURFACE('',#6058,48.5);
#6058 = AXIS2_PLACEMENT_3D('',#6059,#6060,#6061);
#6059 = CARTESIAN_POINT('',(180.,177.25,84.5));
#6060 = DIRECTION('',(0.,1.,0.));
#6061 = DIRECTION('',(0.,0.,1.));
#6062 = ADVANCED_FACE('',(#6063,#6066),#6077,.T.);
#6063 = FACE_BOUND('',#6064,.T.);
#6064 = EDGE_LOOP('',(#6065));
#6065 = ORIENTED_EDGE('',*,*,#6033,.T.);
#6066 = FACE_BOUND('',#6067,.T.);
#6067 = EDGE_LOOP('',(#6068));
#6068 = ORIENTED_EDGE('',*,*,#6069,.F.);
#6069 = EDGE_CURVE('',#6070,#6070,#6072,.T.);
#6070 = VERTEX_POINT('',#6071);
#6071 = CARTESIAN_POINT('',(180.,202.25,93.));
#6072 = CIRCLE('',#6073,8.5);
#6073 = AXIS2_PLACEMENT_3D('',#6074,#6075,#6076);
#6074 = CARTESIAN_POINT('',(180.,202.25,84.5));
#6075 = DIRECTION('',(0.,1.,0.));
#6076 = DIRECTION('',(0.,0.,1.));
#6077 = PLANE('',#6078);
#6078 = AXIS2_PLACEMENT_3D('',#6079,#6080,#6081);
#6079 = CARTESIAN_POINT('',(180.,202.25,84.5));
#6080 = DIRECTION('',(0.,1.,0.));
#6081 = DIRECTION('',(0.,0.,1.));
#6082 = ADVANCED_FACE('',(#6083,#6086),#6097,.F.);
#6083 = FACE_BOUND('',#6084,.F.);
#6084 = EDGE_LOOP('',(#6085));
#6085 = ORIENTED_EDGE('',*,*,#6050,.T.);
#6086 = FACE_BOUND('',#6087,.F.);
#6087 = EDGE_LOOP('',(#6088));
#6088 = ORIENTED_EDGE('',*,*,#6089,.F.);
#6089 = EDGE_CURVE('',#6090,#6090,#6092,.T.);
#6090 = VERTEX_POINT('',#6091);
#6091 = CARTESIAN_POINT('',(180.,177.25,93.));
#6092 = CIRCLE('',#6093,8.5);
#6093 = AXIS2_PLACEMENT_3D('',#6094,#6095,#6096);
#6094 = CARTESIAN_POINT('',(180.,177.25,84.5));
#6095 = DIRECTION('',(0.,1.,0.));
#6096 = DIRECTION('',(0.,0.,1.));
#6097 = PLANE('',#6098);
#6098 = AXIS2_PLACEMENT_3D('',#6099,#6100,#6101);
#6099 = CARTESIAN_POINT('',(180.,177.25,84.5));
#6100 = DIRECTION('',(0.,1.,0.));
#6101 = DIRECTION('',(0.,0.,1.));
#6102 = ADVANCED_FACE('',(#6103),#6114,.F.);
#6103 = FACE_BOUND('',#6104,.F.);
#6104 = EDGE_LOOP('',(#6105,#6106,#6112,#6113));
#6105 = ORIENTED_EDGE('',*,*,#6069,.F.);
#6106 = ORIENTED_EDGE('',*,*,#6107,.F.);
#6107 = EDGE_CURVE('',#6090,#6070,#6108,.T.);
#6108 = LINE('',#6109,#6110);
#6109 = CARTESIAN_POINT('',(180.,177.25,93.));
#6110 = VECTOR('',#6111,1.);
#6111 = DIRECTION('',(0.,1.,0.));
#6112 = ORIENTED_EDGE('',*,*,#6089,.T.);
#6113 = ORIENTED_EDGE('',*,*,#6107,.T.);
#6114 = CYLINDRICAL_SURFACE('',#6115,8.5);
#6115 = AXIS2_PLACEMENT_3D('',#6116,#6117,#6118);
#6116 = CARTESIAN_POINT('',(180.,177.25,84.5));
#6117 = DIRECTION('',(0.,1.,0.));
#6118 = DIRECTION('',(0.,0.,1.));
#6119 = MANIFOLD_SOLID_BREP('',#6120);
#6120 = CLOSED_SHELL('',(#6121,#6161,#6192,#6288,#6312,#6401,#6413,#6435
    ,#6452,#6469,#6481,#6503,#6520,#6537));
#6121 = ADVANCED_FACE('',(#6122),#6156,.F.);
#6122 = FACE_BOUND('',#6123,.F.);
#6123 = EDGE_LOOP('',(#6124,#6134,#6142,#6150));
#6124 = ORIENTED_EDGE('',*,*,#6125,.F.);
#6125 = EDGE_CURVE('',#6126,#6128,#6130,.T.);
#6126 = VERTEX_POINT('',#6127);
#6127 = CARTESIAN_POINT('',(-228.,-105.,95.));
#6128 = VERTEX_POINT('',#6129);
#6129 = CARTESIAN_POINT('',(-228.,-105.,100.));
#6130 = LINE('',#6131,#6132);
#6131 = CARTESIAN_POINT('',(-228.,-105.,95.));
#6132 = VECTOR('',#6133,1.);
#6133 = DIRECTION('',(0.,0.,1.));
#6134 = ORIENTED_EDGE('',*,*,#6135,.T.);
#6135 = EDGE_CURVE('',#6126,#6136,#6138,.T.);
#6136 = VERTEX_POINT('',#6137);
#6137 = CARTESIAN_POINT('',(-228.,-55.,95.));
#6138 = LINE('',#6139,#6140);
#6139 = CARTESIAN_POINT('',(-228.,-105.,95.));
#6140 = VECTOR('',#6141,1.);
#6141 = DIRECTION('',(0.,1.,0.));
#6142 = ORIENTED_EDGE('',*,*,#6143,.T.);
#6143 = EDGE_CURVE('',#6136,#6144,#6146,.T.);
#6144 = VERTEX_POINT('',#6145);
#6145 = CARTESIAN_POINT('',(-228.,-55.,100.));
#6146 = LINE('',#6147,#6148);
#6147 = CARTESIAN_POINT('',(-228.,-55.,95.));
#6148 = VECTOR('',#6149,1.);
#6149 = DIRECTION('',(0.,0.,1.));
#6150 = ORIENTED_EDGE('',*,*,#6151,.F.);
#6151 = EDGE_CURVE('',#6128,#6144,#6152,.T.);
#6152 = LINE('',#6153,#6154);
#6153 = CARTESIAN_POINT('',(-228.,-105.,100.));
#6154 = VECTOR('',#6155,1.);
#6155 = DIRECTION('',(0.,1.,0.));
#6156 = PLANE('',#6157);
#6157 = AXIS2_PLACEMENT_3D('',#6158,#6159,#6160);
#6158 = CARTESIAN_POINT('',(-228.,-105.,95.));
#6159 = DIRECTION('',(1.,0.,0.));
#6160 = DIRECTION('',(0.,0.,1.));
#6161 = ADVANCED_FACE('',(#6162),#6187,.F.);
#6162 = FACE_BOUND('',#6163,.F.);
#6163 = EDGE_LOOP('',(#6164,#6172,#6173,#6181));
#6164 = ORIENTED_EDGE('',*,*,#6165,.F.);
#6165 = EDGE_CURVE('',#6126,#6166,#6168,.T.);
#6166 = VERTEX_POINT('',#6167);
#6167 = CARTESIAN_POINT('',(-132.,-105.,95.));
#6168 = LINE('',#6169,#6170);
#6169 = CARTESIAN_POINT('',(-228.,-105.,95.));
#6170 = VECTOR('',#6171,1.);
#6171 = DIRECTION('',(1.,0.,0.));
#6172 = ORIENTED_EDGE('',*,*,#6125,.T.);
#6173 = ORIENTED_EDGE('',*,*,#6174,.T.);
#6174 = EDGE_CURVE('',#6128,#6175,#6177,.T.);
#6175 = VERTEX_POINT('',#6176);
#6176 = CARTESIAN_POINT('',(-132.,-105.,100.));
#6177 = LINE('',#6178,#6179);
#6178 = CARTESIAN_POINT('',(-228.,-105.,100.));
#6179 = VECTOR('',#6180,1.);
#6180 = DIRECTION('',(1.,0.,0.));
#6181 = ORIENTED_EDGE('',*,*,#6182,.F.);
#6182 = EDGE_CURVE('',#6166,#6175,#6183,.T.);
#6183 = LINE('',#6184,#6185);
#6184 = CARTESIAN_POINT('',(-132.,-105.,95.));
#6185 = VECTOR('',#6186,1.);
#6186 = DIRECTION('',(0.,0.,1.));
#6187 = PLANE('',#6188);
#6188 = AXIS2_PLACEMENT_3D('',#6189,#6190,#6191);
#6189 = CARTESIAN_POINT('',(-228.,-105.,95.));
#6190 = DIRECTION('',(0.,1.,0.));
#6191 = DIRECTION('',(0.,0.,1.));
#6192 = ADVANCED_FACE('',(#6193,#6211,#6247),#6283,.T.);
#6193 = FACE_BOUND('',#6194,.T.);
#6194 = EDGE_LOOP('',(#6195,#6196,#6197,#6205));
#6195 = ORIENTED_EDGE('',*,*,#6151,.F.);
#6196 = ORIENTED_EDGE('',*,*,#6174,.T.);
#6197 = ORIENTED_EDGE('',*,*,#6198,.T.);
#6198 = EDGE_CURVE('',#6175,#6199,#6201,.T.);
#6199 = VERTEX_POINT('',#6200);
#6200 = CARTESIAN_POINT('',(-132.,-55.,100.));
#6201 = LINE('',#6202,#6203);
#6202 = CARTESIAN_POINT('',(-132.,-105.,100.));
#6203 = VECTOR('',#6204,1.);
#6204 = DIRECTION('',(0.,1.,0.));
#6205 = ORIENTED_EDGE('',*,*,#6206,.F.);
#6206 = EDGE_CURVE('',#6144,#6199,#6207,.T.);
#6207 = LINE('',#6208,#6209);
#6208 = CARTESIAN_POINT('',(-228.,-55.,100.));
#6209 = VECTOR('',#6210,1.);
#6210 = DIRECTION('',(1.,0.,0.));
#6211 = FACE_BOUND('',#6212,.T.);
#6212 = EDGE_LOOP('',(#6213,#6224,#6232,#6241));
#6213 = ORIENTED_EDGE('',*,*,#6214,.F.);
#6214 = EDGE_CURVE('',#6215,#6217,#6219,.T.);
#6215 = VERTEX_POINT('',#6216);
#6216 = CARTESIAN_POINT('',(-217.75,-90.,100.));
#6217 = VERTEX_POINT('',#6218);
#6218 = CARTESIAN_POINT('',(-212.25,-90.,100.));
#6219 = CIRCLE('',#6220,2.75);
#6220 = AXIS2_PLACEMENT_3D('',#6221,#6222,#6223);
#6221 = CARTESIAN_POINT('',(-215.,-90.,100.));
#6222 = DIRECTION('',(0.,0.,1.));
#6223 = DIRECTION('',(1.,0.,0.));
#6224 = ORIENTED_EDGE('',*,*,#6225,.T.);
#6225 = EDGE_CURVE('',#6215,#6226,#6228,.T.);
#6226 = VERTEX_POINT('',#6227);
#6227 = CARTESIAN_POINT('',(-217.75,-70.,100.));
#6228 = LINE('',#6229,#6230);
#6229 = CARTESIAN_POINT('',(-217.75,-97.5,100.));
#6230 = VECTOR('',#6231,1.);
#6231 = DIRECTION('',(0.,1.,0.));
#6232 = ORIENTED_EDGE('',*,*,#6233,.F.);
#6233 = EDGE_CURVE('',#6234,#6226,#6236,.T.);
#6234 = VERTEX_POINT('',#6235);
#6235 = CARTESIAN_POINT('',(-212.25,-70.,100.));
#6236 = CIRCLE('',#6237,2.75);
#6237 = AXIS2_PLACEMENT_3D('',#6238,#6239,#6240);
#6238 = CARTESIAN_POINT('',(-215.,-70.,100.));
#6239 = DIRECTION('',(0.,0.,1.));
#6240 = DIRECTION('',(1.,0.,0.));
#6241 = ORIENTED_EDGE('',*,*,#6242,.F.);
#6242 = EDGE_CURVE('',#6217,#6234,#6243,.T.);
#6243 = LINE('',#6244,#6245);
#6244 = CARTESIAN_POINT('',(-212.25,-97.5,100.));
#6245 = VECTOR('',#6246,1.);
#6246 = DIRECTION('',(0.,1.,0.));
#6247 = FACE_BOUND('',#6248,.T.);
#6248 = EDGE_LOOP('',(#6249,#6260,#6268,#6277));
#6249 = ORIENTED_EDGE('',*,*,#6250,.F.);
#6250 = EDGE_CURVE('',#6251,#6253,#6255,.T.);
#6251 = VERTEX_POINT('',#6252);
#6252 = CARTESIAN_POINT('',(-147.75,-90.,100.));
#6253 = VERTEX_POINT('',#6254);
#6254 = CARTESIAN_POINT('',(-142.25,-90.,100.));
#6255 = CIRCLE('',#6256,2.75);
#6256 = AXIS2_PLACEMENT_3D('',#6257,#6258,#6259);
#6257 = CARTESIAN_POINT('',(-145.,-90.,100.));
#6258 = DIRECTION('',(0.,0.,1.));
#6259 = DIRECTION('',(1.,0.,0.));
#6260 = ORIENTED_EDGE('',*,*,#6261,.T.);
#6261 = EDGE_CURVE('',#6251,#6262,#6264,.T.);
#6262 = VERTEX_POINT('',#6263);
#6263 = CARTESIAN_POINT('',(-147.75,-70.,100.));
#6264 = LINE('',#6265,#6266);
#6265 = CARTESIAN_POINT('',(-147.75,-97.5,100.));
#6266 = VECTOR('',#6267,1.);
#6267 = DIRECTION('',(0.,1.,0.));
#6268 = ORIENTED_EDGE('',*,*,#6269,.F.);
#6269 = EDGE_CURVE('',#6270,#6262,#6272,.T.);
#6270 = VERTEX_POINT('',#6271);
#6271 = CARTESIAN_POINT('',(-142.25,-70.,100.));
#6272 = CIRCLE('',#6273,2.75);
#6273 = AXIS2_PLACEMENT_3D('',#6274,#6275,#6276);
#6274 = CARTESIAN_POINT('',(-145.,-70.,100.));
#6275 = DIRECTION('',(0.,0.,1.));
#6276 = DIRECTION('',(1.,0.,0.));
#6277 = ORIENTED_EDGE('',*,*,#6278,.F.);
#6278 = EDGE_CURVE('',#6253,#6270,#6279,.T.);
#6279 = LINE('',#6280,#6281);
#6280 = CARTESIAN_POINT('',(-142.25,-97.5,100.));
#6281 = VECTOR('',#6282,1.);
#6282 = DIRECTION('',(0.,1.,0.));
#6283 = PLANE('',#6284);
#6284 = AXIS2_PLACEMENT_3D('',#6285,#6286,#6287);
#6285 = CARTESIAN_POINT('',(-228.,-105.,100.));
#6286 = DIRECTION('',(0.,0.,1.));
#6287 = DIRECTION('',(1.,0.,0.));
#6288 = ADVANCED_FACE('',(#6289),#6307,.T.);
#6289 = FACE_BOUND('',#6290,.T.);
#6290 = EDGE_LOOP('',(#6291,#6299,#6300,#6301));
#6291 = ORIENTED_EDGE('',*,*,#6292,.F.);
#6292 = EDGE_CURVE('',#6136,#6293,#6295,.T.);
#6293 = VERTEX_POINT('',#6294);
#6294 = CARTESIAN_POINT('',(-132.,-55.,95.));
#6295 = LINE('',#6296,#6297);
#6296 = CARTESIAN_POINT('',(-228.,-55.,95.));
#6297 = VECTOR('',#6298,1.);
#6298 = DIRECTION('',(1.,0.,0.));
#6299 = ORIENTED_EDGE('',*,*,#6143,.T.);
#6300 = ORIENTED_EDGE('',*,*,#6206,.T.);
#6301 = ORIENTED_EDGE('',*,*,#6302,.F.);
#6302 = EDGE_CURVE('',#6293,#6199,#6303,.T.);
#6303 = LINE('',#6304,#6305);
#6304 = CARTESIAN_POINT('',(-132.,-55.,95.));
#6305 = VECTOR('',#6306,1.);
#6306 = DIRECTION('',(0.,0.,1.));
#6307 = PLANE('',#6308);
#6308 = AXIS2_PLACEMENT_3D('',#6309,#6310,#6311);
#6309 = CARTESIAN_POINT('',(-228.,-55.,95.));
#6310 = DIRECTION('',(0.,1.,0.));
#6311 = DIRECTION('',(0.,0.,1.));
#6312 = ADVANCED_FACE('',(#6313,#6324,#6360),#6396,.F.);
#6313 = FACE_BOUND('',#6314,.F.);
#6314 = EDGE_LOOP('',(#6315,#6316,#6317,#6323));
#6315 = ORIENTED_EDGE('',*,*,#6135,.F.);
#6316 = ORIENTED_EDGE('',*,*,#6165,.T.);
#6317 = ORIENTED_EDGE('',*,*,#6318,.T.);
#6318 = EDGE_CURVE('',#6166,#6293,#6319,.T.);
#6319 = LINE('',#6320,#6321);
#6320 = CARTESIAN_POINT('',(-132.,-105.,95.));
#6321 = VECTOR('',#6322,1.);
#6322 = DIRECTION('',(0.,1.,0.));
#6323 = ORIENTED_EDGE('',*,*,#6292,.F.);
#6324 = FACE_BOUND('',#6325,.F.);
#6325 = EDGE_LOOP('',(#6326,#6337,#6345,#6354));
#6326 = ORIENTED_EDGE('',*,*,#6327,.F.);
#6327 = EDGE_CURVE('',#6328,#6330,#6332,.T.);
#6328 = VERTEX_POINT('',#6329);
#6329 = CARTESIAN_POINT('',(-217.75,-90.,95.));
#6330 = VERTEX_POINT('',#6331);
#6331 = CARTESIAN_POINT('',(-212.25,-90.,95.));
#6332 = CIRCLE('',#6333,2.75);
#6333 = AXIS2_PLACEMENT_3D('',#6334,#6335,#6336);
#6334 = CARTESIAN_POINT('',(-215.,-90.,95.));
#6335 = DIRECTION('',(0.,0.,1.));
#6336 = DIRECTION('',(1.,0.,0.));
#6337 = ORIENTED_EDGE('',*,*,#6338,.T.);
#6338 = EDGE_CURVE('',#6328,#6339,#6341,.T.);
#6339 = VERTEX_POINT('',#6340);
#6340 = CARTESIAN_POINT('',(-217.75,-70.,95.));
#6341 = LINE('',#6342,#6343);
#6342 = CARTESIAN_POINT('',(-217.75,-97.5,95.));
#6343 = VECTOR('',#6344,1.);
#6344 = DIRECTION('',(0.,1.,0.));
#6345 = ORIENTED_EDGE('',*,*,#6346,.F.);
#6346 = EDGE_CURVE('',#6347,#6339,#6349,.T.);
#6347 = VERTEX_POINT('',#6348);
#6348 = CARTESIAN_POINT('',(-212.25,-70.,95.));
#6349 = CIRCLE('',#6350,2.75);
#6350 = AXIS2_PLACEMENT_3D('',#6351,#6352,#6353);
#6351 = CARTESIAN_POINT('',(-215.,-70.,95.));
#6352 = DIRECTION('',(0.,0.,1.));
#6353 = DIRECTION('',(1.,0.,0.));
#6354 = ORIENTED_EDGE('',*,*,#6355,.F.);
#6355 = EDGE_CURVE('',#6330,#6347,#6356,.T.);
#6356 = LINE('',#6357,#6358);
#6357 = CARTESIAN_POINT('',(-212.25,-97.5,95.));
#6358 = VECTOR('',#6359,1.);
#6359 = DIRECTION('',(0.,1.,0.));
#6360 = FACE_BOUND('',#6361,.F.);
#6361 = EDGE_LOOP('',(#6362,#6373,#6381,#6390));
#6362 = ORIENTED_EDGE('',*,*,#6363,.F.);
#6363 = EDGE_CURVE('',#6364,#6366,#6368,.T.);
#6364 = VERTEX_POINT('',#6365);
#6365 = CARTESIAN_POINT('',(-147.75,-90.,95.));
#6366 = VERTEX_POINT('',#6367);
#6367 = CARTESIAN_POINT('',(-142.25,-90.,95.));
#6368 = CIRCLE('',#6369,2.75);
#6369 = AXIS2_PLACEMENT_3D('',#6370,#6371,#6372);
#6370 = CARTESIAN_POINT('',(-145.,-90.,95.));
#6371 = DIRECTION('',(0.,0.,1.));
#6372 = DIRECTION('',(1.,0.,0.));
#6373 = ORIENTED_EDGE('',*,*,#6374,.T.);
#6374 = EDGE_CURVE('',#6364,#6375,#6377,.T.);
#6375 = VERTEX_POINT('',#6376);
#6376 = CARTESIAN_POINT('',(-147.75,-70.,95.));
#6377 = LINE('',#6378,#6379);
#6378 = CARTESIAN_POINT('',(-147.75,-97.5,95.));
#6379 = VECTOR('',#6380,1.);
#6380 = DIRECTION('',(0.,1.,0.));
#6381 = ORIENTED_EDGE('',*,*,#6382,.F.);
#6382 = EDGE_CURVE('',#6383,#6375,#6385,.T.);
#6383 = VERTEX_POINT('',#6384);
#6384 = CARTESIAN_POINT('',(-142.25,-70.,95.));
#6385 = CIRCLE('',#6386,2.75);
#6386 = AXIS2_PLACEMENT_3D('',#6387,#6388,#6389);
#6387 = CARTESIAN_POINT('',(-145.,-70.,95.));
#6388 = DIRECTION('',(0.,0.,1.));
#6389 = DIRECTION('',(1.,0.,0.));
#6390 = ORIENTED_EDGE('',*,*,#6391,.F.);
#6391 = EDGE_CURVE('',#6366,#6383,#6392,.T.);
#6392 = LINE('',#6393,#6394);
#6393 = CARTESIAN_POINT('',(-142.25,-97.5,95.));
#6394 = VECTOR('',#6395,1.);
#6395 = DIRECTION('',(0.,1.,0.));
#6396 = PLANE('',#6397);
#6397 = AXIS2_PLACEMENT_3D('',#6398,#6399,#6400);
#6398 = CARTESIAN_POINT('',(-228.,-105.,95.));
#6399 = DIRECTION('',(0.,0.,1.));
#6400 = DIRECTION('',(1.,0.,0.));
#6401 = ADVANCED_FACE('',(#6402),#6408,.T.);
#6402 = FACE_BOUND('',#6403,.T.);
#6403 = EDGE_LOOP('',(#6404,#6405,#6406,#6407));
#6404 = ORIENTED_EDGE('',*,*,#6182,.F.);
#6405 = ORIENTED_EDGE('',*,*,#6318,.T.);
#6406 = ORIENTED_EDGE('',*,*,#6302,.T.);
#6407 = ORIENTED_EDGE('',*,*,#6198,.F.);
#6408 = PLANE('',#6409);
#6409 = AXIS2_PLACEMENT_3D('',#6410,#6411,#6412);
#6410 = CARTESIAN_POINT('',(-132.,-105.,95.));
#6411 = DIRECTION('',(1.,0.,0.));
#6412 = DIRECTION('',(0.,0.,1.));
#6413 = ADVANCED_FACE('',(#6414),#6430,.F.);
#6414 = FACE_BOUND('',#6415,.F.);
#6415 = EDGE_LOOP('',(#6416,#6417,#6423,#6424));
#6416 = ORIENTED_EDGE('',*,*,#6327,.T.);
#6417 = ORIENTED_EDGE('',*,*,#6418,.T.);
#6418 = EDGE_CURVE('',#6330,#6217,#6419,.T.);
#6419 = LINE('',#6420,#6421);
#6420 = CARTESIAN_POINT('',(-212.25,-90.,94.));
#6421 = VECTOR('',#6422,1.);
#6422 = DIRECTION('',(0.,0.,1.));
#6423 = ORIENTED_EDGE('',*,*,#6214,.F.);
#6424 = ORIENTED_EDGE('',*,*,#6425,.F.);
#6425 = EDGE_CURVE('',#6328,#6215,#6426,.T.);
#6426 = LINE('',#6427,#6428);
#6427 = CARTESIAN_POINT('',(-217.75,-90.,94.));
#6428 = VECTOR('',#6429,1.);
#6429 = DIRECTION('',(0.,0.,1.));
#6430 = CYLINDRICAL_SURFACE('',#6431,2.75);
#6431 = AXIS2_PLACEMENT_3D('',#6432,#6433,#6434);
#6432 = CARTESIAN_POINT('',(-215.,-90.,94.));
#6433 = DIRECTION('',(0.,0.,1.));
#6434 = DIRECTION('',(1.,0.,0.));
#6435 = ADVANCED_FACE('',(#6436),#6447,.T.);
#6436 = FACE_BOUND('',#6437,.T.);
#6437 = EDGE_LOOP('',(#6438,#6439,#6440,#6446));
#6438 = ORIENTED_EDGE('',*,*,#6425,.F.);
#6439 = ORIENTED_EDGE('',*,*,#6338,.T.);
#6440 = ORIENTED_EDGE('',*,*,#6441,.T.);
#6441 = EDGE_CURVE('',#6339,#6226,#6442,.T.);
#6442 = LINE('',#6443,#6444);
#6443 = CARTESIAN_POINT('',(-217.75,-70.,94.));
#6444 = VECTOR('',#6445,1.);
#6445 = DIRECTION('',(0.,0.,1.));
#6446 = ORIENTED_EDGE('',*,*,#6225,.F.);
#6447 = PLANE('',#6448);
#6448 = AXIS2_PLACEMENT_3D('',#6449,#6450,#6451);
#6449 = CARTESIAN_POINT('',(-217.75,-90.,94.));
#6450 = DIRECTION('',(1.,0.,0.));
#6451 = DIRECTION('',(0.,0.,1.));
#6452 = ADVANCED_FACE('',(#6453),#6464,.F.);
#6453 = FACE_BOUND('',#6454,.F.);
#6454 = EDGE_LOOP('',(#6455,#6456,#6457,#6463));
#6455 = ORIENTED_EDGE('',*,*,#6418,.F.);
#6456 = ORIENTED_EDGE('',*,*,#6355,.T.);
#6457 = ORIENTED_EDGE('',*,*,#6458,.T.);
#6458 = EDGE_CURVE('',#6347,#6234,#6459,.T.);
#6459 = LINE('',#6460,#6461);
#6460 = CARTESIAN_POINT('',(-212.25,-70.,94.));
#6461 = VECTOR('',#6462,1.);
#6462 = DIRECTION('',(0.,0.,1.));
#6463 = ORIENTED_EDGE('',*,*,#6242,.F.);
#6464 = PLANE('',#6465);
#6465 = AXIS2_PLACEMENT_3D('',#6466,#6467,#6468);
#6466 = CARTESIAN_POINT('',(-212.25,-90.,94.));
#6467 = DIRECTION('',(1.,0.,0.));
#6468 = DIRECTION('',(0.,0.,1.));
#6469 = ADVANCED_FACE('',(#6470),#6476,.F.);
#6470 = FACE_BOUND('',#6471,.F.);
#6471 = EDGE_LOOP('',(#6472,#6473,#6474,#6475));
#6472 = ORIENTED_EDGE('',*,*,#6233,.F.);
#6473 = ORIENTED_EDGE('',*,*,#6458,.F.);
#6474 = ORIENTED_EDGE('',*,*,#6346,.T.);
#6475 = ORIENTED_EDGE('',*,*,#6441,.T.);
#6476 = CYLINDRICAL_SURFACE('',#6477,2.75);
#6477 = AXIS2_PLACEMENT_3D('',#6478,#6479,#6480);
#6478 = CARTESIAN_POINT('',(-215.,-70.,94.));
#6479 = DIRECTION('',(0.,0.,1.));
#6480 = DIRECTION('',(1.,0.,0.));
#6481 = ADVANCED_FACE('',(#6482),#6498,.F.);
#6482 = FACE_BOUND('',#6483,.F.);
#6483 = EDGE_LOOP('',(#6484,#6485,#6491,#6492));
#6484 = ORIENTED_EDGE('',*,*,#6363,.T.);
#6485 = ORIENTED_EDGE('',*,*,#6486,.T.);
#6486 = EDGE_CURVE('',#6366,#6253,#6487,.T.);
#6487 = LINE('',#6488,#6489);
#6488 = CARTESIAN_POINT('',(-142.25,-90.,94.));
#6489 = VECTOR('',#6490,1.);
#6490 = DIRECTION('',(0.,0.,1.));
#6491 = ORIENTED_EDGE('',*,*,#6250,.F.);
#6492 = ORIENTED_EDGE('',*,*,#6493,.F.);
#6493 = EDGE_CURVE('',#6364,#6251,#6494,.T.);
#6494 = LINE('',#6495,#6496);
#6495 = CARTESIAN_POINT('',(-147.75,-90.,94.));
#6496 = VECTOR('',#6497,1.);
#6497 = DIRECTION('',(0.,0.,1.));
#6498 = CYLINDRICAL_SURFACE('',#6499,2.75);
#6499 = AXIS2_PLACEMENT_3D('',#6500,#6501,#6502);
#6500 = CARTESIAN_POINT('',(-145.,-90.,94.));
#6501 = DIRECTION('',(0.,0.,1.));
#6502 = DIRECTION('',(1.,0.,0.));
#6503 = ADVANCED_FACE('',(#6504),#6515,.F.);
#6504 = FACE_BOUND('',#6505,.F.);
#6505 = EDGE_LOOP('',(#6506,#6507,#6508,#6514));
#6506 = ORIENTED_EDGE('',*,*,#6486,.F.);
#6507 = ORIENTED_EDGE('',*,*,#6391,.T.);
#6508 = ORIENTED_EDGE('',*,*,#6509,.T.);
#6509 = EDGE_CURVE('',#6383,#6270,#6510,.T.);
#6510 = LINE('',#6511,#6512);
#6511 = CARTESIAN_POINT('',(-142.25,-70.,94.));
#6512 = VECTOR('',#6513,1.);
#6513 = DIRECTION('',(0.,0.,1.));
#6514 = ORIENTED_EDGE('',*,*,#6278,.F.);
#6515 = PLANE('',#6516);
#6516 = AXIS2_PLACEMENT_3D('',#6517,#6518,#6519);
#6517 = CARTESIAN_POINT('',(-142.25,-90.,94.));
#6518 = DIRECTION('',(1.,0.,0.));
#6519 = DIRECTION('',(0.,0.,1.));
#6520 = ADVANCED_FACE('',(#6521),#6532,.F.);
#6521 = FACE_BOUND('',#6522,.F.);
#6522 = EDGE_LOOP('',(#6523,#6524,#6525,#6526));
#6523 = ORIENTED_EDGE('',*,*,#6269,.F.);
#6524 = ORIENTED_EDGE('',*,*,#6509,.F.);
#6525 = ORIENTED_EDGE('',*,*,#6382,.T.);
#6526 = ORIENTED_EDGE('',*,*,#6527,.T.);
#6527 = EDGE_CURVE('',#6375,#6262,#6528,.T.);
#6528 = LINE('',#6529,#6530);
#6529 = CARTESIAN_POINT('',(-147.75,-70.,94.));
#6530 = VECTOR('',#6531,1.);
#6531 = DIRECTION('',(0.,0.,1.));
#6532 = CYLINDRICAL_SURFACE('',#6533,2.75);
#6533 = AXIS2_PLACEMENT_3D('',#6534,#6535,#6536);
#6534 = CARTESIAN_POINT('',(-145.,-70.,94.));
#6535 = DIRECTION('',(0.,0.,1.));
#6536 = DIRECTION('',(1.,0.,0.));
#6537 = ADVANCED_FACE('',(#6538),#6544,.T.);
#6538 = FACE_BOUND('',#6539,.T.);
#6539 = EDGE_LOOP('',(#6540,#6541,#6542,#6543));
#6540 = ORIENTED_EDGE('',*,*,#6493,.F.);
#6541 = ORIENTED_EDGE('',*,*,#6374,.T.);
#6542 = ORIENTED_EDGE('',*,*,#6527,.T.);
#6543 = ORIENTED_EDGE('',*,*,#6261,.F.);
#6544 = PLANE('',#6545);
#6545 = AXIS2_PLACEMENT_3D('',#6546,#6547,#6548);
#6546 = CARTESIAN_POINT('',(-147.75,-90.,94.));
#6547 = DIRECTION('',(1.,0.,0.));
#6548 = DIRECTION('',(0.,0.,1.));
#6549 = MANIFOLD_SOLID_BREP('',#6550);
#6550 = CLOSED_SHELL('',(#6551,#6584,#6593));
#6551 = ADVANCED_FACE('',(#6552),#6579,.T.);
#6552 = FACE_BOUND('',#6553,.T.);
#6553 = EDGE_LOOP('',(#6554,#6563,#6571,#6578));
#6554 = ORIENTED_EDGE('',*,*,#6555,.F.);
#6555 = EDGE_CURVE('',#6556,#6556,#6558,.T.);
#6556 = VERTEX_POINT('',#6557);
#6557 = CARTESIAN_POINT('',(-146.25,-80.,107.));
#6558 = CIRCLE('',#6559,2.);
#6559 = AXIS2_PLACEMENT_3D('',#6560,#6561,#6562);
#6560 = CARTESIAN_POINT('',(-146.25,-80.,105.));
#6561 = DIRECTION('',(1.,0.,-0.));
#6562 = DIRECTION('',(0.,0.,1.));
#6563 = ORIENTED_EDGE('',*,*,#6564,.F.);
#6564 = EDGE_CURVE('',#6565,#6556,#6567,.T.);
#6565 = VERTEX_POINT('',#6566);
#6566 = CARTESIAN_POINT('',(-213.75,-80.,107.));
#6567 = LINE('',#6568,#6569);
#6568 = CARTESIAN_POINT('',(-213.75,-80.,107.));
#6569 = VECTOR('',#6570,1.);
#6570 = DIRECTION('',(1.,0.,0.));
#6571 = ORIENTED_EDGE('',*,*,#6572,.T.);
#6572 = EDGE_CURVE('',#6565,#6565,#6573,.T.);
#6573 = CIRCLE('',#6574,2.);
#6574 = AXIS2_PLACEMENT_3D('',#6575,#6576,#6577);
#6575 = CARTESIAN_POINT('',(-213.75,-80.,105.));
#6576 = DIRECTION('',(1.,0.,-0.));
#6577 = DIRECTION('',(0.,0.,1.));
#6578 = ORIENTED_EDGE('',*,*,#6564,.T.);
#6579 = CYLINDRICAL_SURFACE('',#6580,2.);
#6580 = AXIS2_PLACEMENT_3D('',#6581,#6582,#6583);
#6581 = CARTESIAN_POINT('',(-213.75,-80.,105.));
#6582 = DIRECTION('',(1.,0.,0.));
#6583 = DIRECTION('',(0.,0.,1.));
#6584 = ADVANCED_FACE('',(#6585),#6588,.T.);
#6585 = FACE_BOUND('',#6586,.T.);
#6586 = EDGE_LOOP('',(#6587));
#6587 = ORIENTED_EDGE('',*,*,#6555,.T.);
#6588 = PLANE('',#6589);
#6589 = AXIS2_PLACEMENT_3D('',#6590,#6591,#6592);
#6590 = CARTESIAN_POINT('',(-146.25,-80.,105.));
#6591 = DIRECTION('',(1.,0.,0.));
#6592 = DIRECTION('',(0.,0.,1.));
#6593 = ADVANCED_FACE('',(#6594),#6597,.F.);
#6594 = FACE_BOUND('',#6595,.T.);
#6595 = EDGE_LOOP('',(#6596));
#6596 = ORIENTED_EDGE('',*,*,#6572,.F.);
#6597 = PLANE('',#6598);
#6598 = AXIS2_PLACEMENT_3D('',#6599,#6600,#6601);
#6599 = CARTESIAN_POINT('',(-213.75,-80.,105.));
#6600 = DIRECTION('',(1.,0.,0.));
#6601 = DIRECTION('',(0.,0.,1.));
#6602 = MANIFOLD_SOLID_BREP('',#6603);
#6603 = CLOSED_SHELL('',(#6604,#6655,#6686,#6710,#6734,#6751,#6776));
#6604 = ADVANCED_FACE('',(#6605,#6639),#6650,.F.);
#6605 = FACE_BOUND('',#6606,.F.);
#6606 = EDGE_LOOP('',(#6607,#6617,#6625,#6633));
#6607 = ORIENTED_EDGE('',*,*,#6608,.F.);
#6608 = EDGE_CURVE('',#6609,#6611,#6613,.T.);
#6609 = VERTEX_POINT('',#6610);
#6610 = CARTESIAN_POINT('',(-212.75,-88.,100.));
#6611 = VERTEX_POINT('',#6612);
#6612 = CARTESIAN_POINT('',(-212.75,-88.,113.));
#6613 = LINE('',#6614,#6615);
#6614 = CARTESIAN_POINT('',(-212.75,-88.,100.));
#6615 = VECTOR('',#6616,1.);
#6616 = DIRECTION('',(0.,0.,1.));
#6617 = ORIENTED_EDGE('',*,*,#6618,.T.);
#6618 = EDGE_CURVE('',#6609,#6619,#6621,.T.);
#6619 = VERTEX_POINT('',#6620);
#6620 = CARTESIAN_POINT('',(-212.75,-72.,100.));
#6621 = LINE('',#6622,#6623);
#6622 = CARTESIAN_POINT('',(-212.75,-88.,100.));
#6623 = VECTOR('',#6624,1.);
#6624 = DIRECTION('',(0.,1.,0.));
#6625 = ORIENTED_EDGE('',*,*,#6626,.T.);
#6626 = EDGE_CURVE('',#6619,#6627,#6629,.T.);
#6627 = VERTEX_POINT('',#6628);
#6628 = CARTESIAN_POINT('',(-212.75,-72.,113.));
#6629 = LINE('',#6630,#6631);
#6630 = CARTESIAN_POINT('',(-212.75,-72.,100.));
#6631 = VECTOR('',#6632,1.);
#6632 = DIRECTION('',(0.,0.,1.));
#6633 = ORIENTED_EDGE('',*,*,#6634,.F.);
#6634 = EDGE_CURVE('',#6611,#6627,#6635,.T.);
#6635 = LINE('',#6636,#6637);
#6636 = CARTESIAN_POINT('',(-212.75,-88.,113.));
#6637 = VECTOR('',#6638,1.);
#6638 = DIRECTION('',(0.,1.,0.));
#6639 = FACE_BOUND('',#6640,.F.);
#6640 = EDGE_LOOP('',(#6641));
#6641 = ORIENTED_EDGE('',*,*,#6642,.F.);
#6642 = EDGE_CURVE('',#6643,#6643,#6645,.T.);
#6643 = VERTEX_POINT('',#6644);
#6644 = CARTESIAN_POINT('',(-212.75,-80.,107.1));
#6645 = CIRCLE('',#6646,2.1);
#6646 = AXIS2_PLACEMENT_3D('',#6647,#6648,#6649);
#6647 = CARTESIAN_POINT('',(-212.75,-80.,105.));
#6648 = DIRECTION('',(1.,0.,-0.));
#6649 = DIRECTION('',(0.,0.,1.));
#6650 = PLANE('',#6651);
#6651 = AXIS2_PLACEMENT_3D('',#6652,#6653,#6654);
#6652 = CARTESIAN_POINT('',(-212.75,-88.,100.));
#6653 = DIRECTION('',(1.,0.,0.));
#6654 = DIRECTION('',(0.,0.,1.));
#6655 = ADVANCED_FACE('',(#6656),#6681,.F.);
#6656 = FACE_BOUND('',#6657,.F.);
#6657 = EDGE_LOOP('',(#6658,#6666,#6667,#6675));
#6658 = ORIENTED_EDGE('',*,*,#6659,.F.);
#6659 = EDGE_CURVE('',#6609,#6660,#6662,.T.);
#6660 = VERTEX_POINT('',#6661);
#6661 = CARTESIAN_POINT('',(-204.75,-88.,100.));
#6662 = LINE('',#6663,#6664);
#6663 = CARTESIAN_POINT('',(-212.75,-88.,100.));
#6664 = VECTOR('',#6665,1.);
#6665 = DIRECTION('',(1.,0.,0.));
#6666 = ORIENTED_EDGE('',*,*,#6608,.T.);
#6667 = ORIENTED_EDGE('',*,*,#6668,.T.);
#6668 = EDGE_CURVE('',#6611,#6669,#6671,.T.);
#6669 = VERTEX_POINT('',#6670);
#6670 = CARTESIAN_POINT('',(-204.75,-88.,113.));
#6671 = LINE('',#6672,#6673);
#6672 = CARTESIAN_POINT('',(-212.75,-88.,113.));
#6673 = VECTOR('',#6674,1.);
#6674 = DIRECTION('',(1.,0.,0.));
#6675 = ORIENTED_EDGE('',*,*,#6676,.F.);
#6676 = EDGE_CURVE('',#6660,#6669,#6677,.T.);
#6677 = LINE('',#6678,#6679);
#6678 = CARTESIAN_POINT('',(-204.75,-88.,100.));
#6679 = VECTOR('',#6680,1.);
#6680 = DIRECTION('',(0.,0.,1.));
#6681 = PLANE('',#6682);
#6682 = AXIS2_PLACEMENT_3D('',#6683,#6684,#6685);
#6683 = CARTESIAN_POINT('',(-212.75,-88.,100.));
#6684 = DIRECTION('',(0.,1.,0.));
#6685 = DIRECTION('',(0.,0.,1.));
#6686 = ADVANCED_FACE('',(#6687),#6705,.T.);
#6687 = FACE_BOUND('',#6688,.T.);
#6688 = EDGE_LOOP('',(#6689,#6690,#6691,#6699));
#6689 = ORIENTED_EDGE('',*,*,#6634,.F.);
#6690 = ORIENTED_EDGE('',*,*,#6668,.T.);
#6691 = ORIENTED_EDGE('',*,*,#6692,.T.);
#6692 = EDGE_CURVE('',#6669,#6693,#6695,.T.);
#6693 = VERTEX_POINT('',#6694);
#6694 = CARTESIAN_POINT('',(-204.75,-72.,113.));
#6695 = LINE('',#6696,#6697);
#6696 = CARTESIAN_POINT('',(-204.75,-88.,113.));
#6697 = VECTOR('',#6698,1.);
#6698 = DIRECTION('',(0.,1.,0.));
#6699 = ORIENTED_EDGE('',*,*,#6700,.F.);
#6700 = EDGE_CURVE('',#6627,#6693,#6701,.T.);
#6701 = LINE('',#6702,#6703);
#6702 = CARTESIAN_POINT('',(-212.75,-72.,113.));
#6703 = VECTOR('',#6704,1.);
#6704 = DIRECTION('',(1.,0.,0.));
#6705 = PLANE('',#6706);
#6706 = AXIS2_PLACEMENT_3D('',#6707,#6708,#6709);
#6707 = CARTESIAN_POINT('',(-212.75,-88.,113.));
#6708 = DIRECTION('',(0.,0.,1.));
#6709 = DIRECTION('',(1.,0.,0.));
#6710 = ADVANCED_FACE('',(#6711),#6729,.F.);
#6711 = FACE_BOUND('',#6712,.F.);
#6712 = EDGE_LOOP('',(#6713,#6714,#6715,#6723));
#6713 = ORIENTED_EDGE('',*,*,#6618,.F.);
#6714 = ORIENTED_EDGE('',*,*,#6659,.T.);
#6715 = ORIENTED_EDGE('',*,*,#6716,.T.);
#6716 = EDGE_CURVE('',#6660,#6717,#6719,.T.);
#6717 = VERTEX_POINT('',#6718);
#6718 = CARTESIAN_POINT('',(-204.75,-72.,100.));
#6719 = LINE('',#6720,#6721);
#6720 = CARTESIAN_POINT('',(-204.75,-88.,100.));
#6721 = VECTOR('',#6722,1.);
#6722 = DIRECTION('',(0.,1.,0.));
#6723 = ORIENTED_EDGE('',*,*,#6724,.F.);
#6724 = EDGE_CURVE('',#6619,#6717,#6725,.T.);
#6725 = LINE('',#6726,#6727);
#6726 = CARTESIAN_POINT('',(-212.75,-72.,100.));
#6727 = VECTOR('',#6728,1.);
#6728 = DIRECTION('',(1.,0.,0.));
#6729 = PLANE('',#6730);
#6730 = AXIS2_PLACEMENT_3D('',#6731,#6732,#6733);
#6731 = CARTESIAN_POINT('',(-212.75,-88.,100.));
#6732 = DIRECTION('',(0.,0.,1.));
#6733 = DIRECTION('',(1.,0.,0.));
#6734 = ADVANCED_FACE('',(#6735),#6746,.T.);
#6735 = FACE_BOUND('',#6736,.T.);
#6736 = EDGE_LOOP('',(#6737,#6738,#6739,#6740));
#6737 = ORIENTED_EDGE('',*,*,#6724,.F.);
#6738 = ORIENTED_EDGE('',*,*,#6626,.T.);
#6739 = ORIENTED_EDGE('',*,*,#6700,.T.);
#6740 = ORIENTED_EDGE('',*,*,#6741,.F.);
#6741 = EDGE_CURVE('',#6717,#6693,#6742,.T.);
#6742 = LINE('',#6743,#6744);
#6743 = CARTESIAN_POINT('',(-204.75,-72.,100.));
#6744 = VECTOR('',#6745,1.);
#6745 = DIRECTION('',(0.,0.,1.));
#6746 = PLANE('',#6747);
#6747 = AXIS2_PLACEMENT_3D('',#6748,#6749,#6750);
#6748 = CARTESIAN_POINT('',(-212.75,-72.,100.));
#6749 = DIRECTION('',(0.,1.,0.));
#6750 = DIRECTION('',(0.,0.,1.));
#6751 = ADVANCED_FACE('',(#6752),#6771,.F.);
#6752 = FACE_BOUND('',#6753,.F.);
#6753 = EDGE_LOOP('',(#6754,#6763,#6769,#6770));
#6754 = ORIENTED_EDGE('',*,*,#6755,.F.);
#6755 = EDGE_CURVE('',#6756,#6756,#6758,.T.);
#6756 = VERTEX_POINT('',#6757);
#6757 = CARTESIAN_POINT('',(-204.75,-80.,107.1));
#6758 = CIRCLE('',#6759,2.1);
#6759 = AXIS2_PLACEMENT_3D('',#6760,#6761,#6762);
#6760 = CARTESIAN_POINT('',(-204.75,-80.,105.));
#6761 = DIRECTION('',(1.,0.,-0.));
#6762 = DIRECTION('',(0.,0.,1.));
#6763 = ORIENTED_EDGE('',*,*,#6764,.F.);
#6764 = EDGE_CURVE('',#6643,#6756,#6765,.T.);
#6765 = LINE('',#6766,#6767);
#6766 = CARTESIAN_POINT('',(-213.75,-80.,107.1));
#6767 = VECTOR('',#6768,1.);
#6768 = DIRECTION('',(1.,0.,0.));
#6769 = ORIENTED_EDGE('',*,*,#6642,.T.);
#6770 = ORIENTED_EDGE('',*,*,#6764,.T.);
#6771 = CYLINDRICAL_SURFACE('',#6772,2.1);
#6772 = AXIS2_PLACEMENT_3D('',#6773,#6774,#6775);
#6773 = CARTESIAN_POINT('',(-213.75,-80.,105.));
#6774 = DIRECTION('',(1.,0.,0.));
#6775 = DIRECTION('',(0.,0.,1.));
#6776 = ADVANCED_FACE('',(#6777,#6783),#6786,.T.);
#6777 = FACE_BOUND('',#6778,.T.);
#6778 = EDGE_LOOP('',(#6779,#6780,#6781,#6782));
#6779 = ORIENTED_EDGE('',*,*,#6676,.F.);
#6780 = ORIENTED_EDGE('',*,*,#6716,.T.);
#6781 = ORIENTED_EDGE('',*,*,#6741,.T.);
#6782 = ORIENTED_EDGE('',*,*,#6692,.F.);
#6783 = FACE_BOUND('',#6784,.T.);
#6784 = EDGE_LOOP('',(#6785));
#6785 = ORIENTED_EDGE('',*,*,#6755,.F.);
#6786 = PLANE('',#6787);
#6787 = AXIS2_PLACEMENT_3D('',#6788,#6789,#6790);
#6788 = CARTESIAN_POINT('',(-204.75,-88.,100.));
#6789 = DIRECTION('',(1.,0.,0.));
#6790 = DIRECTION('',(0.,0.,1.));
#6791 = MANIFOLD_SOLID_BREP('',#6792);
#6792 = CLOSED_SHELL('',(#6793,#6844,#6875,#6899,#6923,#6940,#6965));
#6793 = ADVANCED_FACE('',(#6794,#6828),#6839,.F.);
#6794 = FACE_BOUND('',#6795,.F.);
#6795 = EDGE_LOOP('',(#6796,#6806,#6814,#6822));
#6796 = ORIENTED_EDGE('',*,*,#6797,.F.);
#6797 = EDGE_CURVE('',#6798,#6800,#6802,.T.);
#6798 = VERTEX_POINT('',#6799);
#6799 = CARTESIAN_POINT('',(-155.25,-88.,100.));
#6800 = VERTEX_POINT('',#6801);
#6801 = CARTESIAN_POINT('',(-155.25,-88.,113.));
#6802 = LINE('',#6803,#6804);
#6803 = CARTESIAN_POINT('',(-155.25,-88.,100.));
#6804 = VECTOR('',#6805,1.);
#6805 = DIRECTION('',(0.,0.,1.));
#6806 = ORIENTED_EDGE('',*,*,#6807,.T.);
#6807 = EDGE_CURVE('',#6798,#6808,#6810,.T.);
#6808 = VERTEX_POINT('',#6809);
#6809 = CARTESIAN_POINT('',(-155.25,-72.,100.));
#6810 = LINE('',#6811,#6812);
#6811 = CARTESIAN_POINT('',(-155.25,-88.,100.));
#6812 = VECTOR('',#6813,1.);
#6813 = DIRECTION('',(0.,1.,0.));
#6814 = ORIENTED_EDGE('',*,*,#6815,.T.);
#6815 = EDGE_CURVE('',#6808,#6816,#6818,.T.);
#6816 = VERTEX_POINT('',#6817);
#6817 = CARTESIAN_POINT('',(-155.25,-72.,113.));
#6818 = LINE('',#6819,#6820);
#6819 = CARTESIAN_POINT('',(-155.25,-72.,100.));
#6820 = VECTOR('',#6821,1.);
#6821 = DIRECTION('',(0.,0.,1.));
#6822 = ORIENTED_EDGE('',*,*,#6823,.F.);
#6823 = EDGE_CURVE('',#6800,#6816,#6824,.T.);
#6824 = LINE('',#6825,#6826);
#6825 = CARTESIAN_POINT('',(-155.25,-88.,113.));
#6826 = VECTOR('',#6827,1.);
#6827 = DIRECTION('',(0.,1.,0.));
#6828 = FACE_BOUND('',#6829,.F.);
#6829 = EDGE_LOOP('',(#6830));
#6830 = ORIENTED_EDGE('',*,*,#6831,.F.);
#6831 = EDGE_CURVE('',#6832,#6832,#6834,.T.);
#6832 = VERTEX_POINT('',#6833);
#6833 = CARTESIAN_POINT('',(-155.25,-80.,107.1));
#6834 = CIRCLE('',#6835,2.1);
#6835 = AXIS2_PLACEMENT_3D('',#6836,#6837,#6838);
#6836 = CARTESIAN_POINT('',(-155.25,-80.,105.));
#6837 = DIRECTION('',(1.,0.,-0.));
#6838 = DIRECTION('',(0.,0.,1.));
#6839 = PLANE('',#6840);
#6840 = AXIS2_PLACEMENT_3D('',#6841,#6842,#6843);
#6841 = CARTESIAN_POINT('',(-155.25,-88.,100.));
#6842 = DIRECTION('',(1.,0.,0.));
#6843 = DIRECTION('',(0.,0.,1.));
#6844 = ADVANCED_FACE('',(#6845),#6870,.F.);
#6845 = FACE_BOUND('',#6846,.F.);
#6846 = EDGE_LOOP('',(#6847,#6855,#6856,#6864));
#6847 = ORIENTED_EDGE('',*,*,#6848,.F.);
#6848 = EDGE_CURVE('',#6798,#6849,#6851,.T.);
#6849 = VERTEX_POINT('',#6850);
#6850 = CARTESIAN_POINT('',(-147.25,-88.,100.));
#6851 = LINE('',#6852,#6853);
#6852 = CARTESIAN_POINT('',(-155.25,-88.,100.));
#6853 = VECTOR('',#6854,1.);
#6854 = DIRECTION('',(1.,0.,0.));
#6855 = ORIENTED_EDGE('',*,*,#6797,.T.);
#6856 = ORIENTED_EDGE('',*,*,#6857,.T.);
#6857 = EDGE_CURVE('',#6800,#6858,#6860,.T.);
#6858 = VERTEX_POINT('',#6859);
#6859 = CARTESIAN_POINT('',(-147.25,-88.,113.));
#6860 = LINE('',#6861,#6862);
#6861 = CARTESIAN_POINT('',(-155.25,-88.,113.));
#6862 = VECTOR('',#6863,1.);
#6863 = DIRECTION('',(1.,0.,0.));
#6864 = ORIENTED_EDGE('',*,*,#6865,.F.);
#6865 = EDGE_CURVE('',#6849,#6858,#6866,.T.);
#6866 = LINE('',#6867,#6868);
#6867 = CARTESIAN_POINT('',(-147.25,-88.,100.));
#6868 = VECTOR('',#6869,1.);
#6869 = DIRECTION('',(0.,0.,1.));
#6870 = PLANE('',#6871);
#6871 = AXIS2_PLACEMENT_3D('',#6872,#6873,#6874);
#6872 = CARTESIAN_POINT('',(-155.25,-88.,100.));
#6873 = DIRECTION('',(0.,1.,0.));
#6874 = DIRECTION('',(0.,0.,1.));
#6875 = ADVANCED_FACE('',(#6876),#6894,.T.);
#6876 = FACE_BOUND('',#6877,.T.);
#6877 = EDGE_LOOP('',(#6878,#6879,#6880,#6888));
#6878 = ORIENTED_EDGE('',*,*,#6823,.F.);
#6879 = ORIENTED_EDGE('',*,*,#6857,.T.);
#6880 = ORIENTED_EDGE('',*,*,#6881,.T.);
#6881 = EDGE_CURVE('',#6858,#6882,#6884,.T.);
#6882 = VERTEX_POINT('',#6883);
#6883 = CARTESIAN_POINT('',(-147.25,-72.,113.));
#6884 = LINE('',#6885,#6886);
#6885 = CARTESIAN_POINT('',(-147.25,-88.,113.));
#6886 = VECTOR('',#6887,1.);
#6887 = DIRECTION('',(0.,1.,0.));
#6888 = ORIENTED_EDGE('',*,*,#6889,.F.);
#6889 = EDGE_CURVE('',#6816,#6882,#6890,.T.);
#6890 = LINE('',#6891,#6892);
#6891 = CARTESIAN_POINT('',(-155.25,-72.,113.));
#6892 = VECTOR('',#6893,1.);
#6893 = DIRECTION('',(1.,0.,0.));
#6894 = PLANE('',#6895);
#6895 = AXIS2_PLACEMENT_3D('',#6896,#6897,#6898);
#6896 = CARTESIAN_POINT('',(-155.25,-88.,113.));
#6897 = DIRECTION('',(0.,0.,1.));
#6898 = DIRECTION('',(1.,0.,0.));
#6899 = ADVANCED_FACE('',(#6900),#6918,.F.);
#6900 = FACE_BOUND('',#6901,.F.);
#6901 = EDGE_LOOP('',(#6902,#6903,#6904,#6912));
#6902 = ORIENTED_EDGE('',*,*,#6807,.F.);
#6903 = ORIENTED_EDGE('',*,*,#6848,.T.);
#6904 = ORIENTED_EDGE('',*,*,#6905,.T.);
#6905 = EDGE_CURVE('',#6849,#6906,#6908,.T.);
#6906 = VERTEX_POINT('',#6907);
#6907 = CARTESIAN_POINT('',(-147.25,-72.,100.));
#6908 = LINE('',#6909,#6910);
#6909 = CARTESIAN_POINT('',(-147.25,-88.,100.));
#6910 = VECTOR('',#6911,1.);
#6911 = DIRECTION('',(0.,1.,0.));
#6912 = ORIENTED_EDGE('',*,*,#6913,.F.);
#6913 = EDGE_CURVE('',#6808,#6906,#6914,.T.);
#6914 = LINE('',#6915,#6916);
#6915 = CARTESIAN_POINT('',(-155.25,-72.,100.));
#6916 = VECTOR('',#6917,1.);
#6917 = DIRECTION('',(1.,0.,0.));
#6918 = PLANE('',#6919);
#6919 = AXIS2_PLACEMENT_3D('',#6920,#6921,#6922);
#6920 = CARTESIAN_POINT('',(-155.25,-88.,100.));
#6921 = DIRECTION('',(0.,0.,1.));
#6922 = DIRECTION('',(1.,0.,0.));
#6923 = ADVANCED_FACE('',(#6924),#6935,.T.);
#6924 = FACE_BOUND('',#6925,.T.);
#6925 = EDGE_LOOP('',(#6926,#6927,#6928,#6929));
#6926 = ORIENTED_EDGE('',*,*,#6913,.F.);
#6927 = ORIENTED_EDGE('',*,*,#6815,.T.);
#6928 = ORIENTED_EDGE('',*,*,#6889,.T.);
#6929 = ORIENTED_EDGE('',*,*,#6930,.F.);
#6930 = EDGE_CURVE('',#6906,#6882,#6931,.T.);
#6931 = LINE('',#6932,#6933);
#6932 = CARTESIAN_POINT('',(-147.25,-72.,100.));
#6933 = VECTOR('',#6934,1.);
#6934 = DIRECTION('',(0.,0.,1.));
#6935 = PLANE('',#6936);
#6936 = AXIS2_PLACEMENT_3D('',#6937,#6938,#6939);
#6937 = CARTESIAN_POINT('',(-155.25,-72.,100.));
#6938 = DIRECTION('',(0.,1.,0.));
#6939 = DIRECTION('',(0.,0.,1.));
#6940 = ADVANCED_FACE('',(#6941),#6960,.F.);
#6941 = FACE_BOUND('',#6942,.F.);
#6942 = EDGE_LOOP('',(#6943,#6952,#6958,#6959));
#6943 = ORIENTED_EDGE('',*,*,#6944,.F.);
#6944 = EDGE_CURVE('',#6945,#6945,#6947,.T.);
#6945 = VERTEX_POINT('',#6946);
#6946 = CARTESIAN_POINT('',(-147.25,-80.,107.1));
#6947 = CIRCLE('',#6948,2.1);
#6948 = AXIS2_PLACEMENT_3D('',#6949,#6950,#6951);
#6949 = CARTESIAN_POINT('',(-147.25,-80.,105.));
#6950 = DIRECTION('',(1.,0.,-0.));
#6951 = DIRECTION('',(0.,0.,1.));
#6952 = ORIENTED_EDGE('',*,*,#6953,.F.);
#6953 = EDGE_CURVE('',#6832,#6945,#6954,.T.);
#6954 = LINE('',#6955,#6956);
#6955 = CARTESIAN_POINT('',(-156.25,-80.,107.1));
#6956 = VECTOR('',#6957,1.);
#6957 = DIRECTION('',(1.,0.,0.));
#6958 = ORIENTED_EDGE('',*,*,#6831,.T.);
#6959 = ORIENTED_EDGE('',*,*,#6953,.T.);
#6960 = CYLINDRICAL_SURFACE('',#6961,2.1);
#6961 = AXIS2_PLACEMENT_3D('',#6962,#6963,#6964);
#6962 = CARTESIAN_POINT('',(-156.25,-80.,105.));
#6963 = DIRECTION('',(1.,0.,0.));
#6964 = DIRECTION('',(0.,0.,1.));
#6965 = ADVANCED_FACE('',(#6966,#6972),#6975,.T.);
#6966 = FACE_BOUND('',#6967,.T.);
#6967 = EDGE_LOOP('',(#6968,#6969,#6970,#6971));
#6968 = ORIENTED_EDGE('',*,*,#6865,.F.);
#6969 = ORIENTED_EDGE('',*,*,#6905,.T.);
#6970 = ORIENTED_EDGE('',*,*,#6930,.T.);
#6971 = ORIENTED_EDGE('',*,*,#6881,.F.);
#6972 = FACE_BOUND('',#6973,.T.);
#6973 = EDGE_LOOP('',(#6974));
#6974 = ORIENTED_EDGE('',*,*,#6944,.F.);
#6975 = PLANE('',#6976);
#6976 = AXIS2_PLACEMENT_3D('',#6977,#6978,#6979);
#6977 = CARTESIAN_POINT('',(-147.25,-88.,100.));
#6978 = DIRECTION('',(1.,0.,0.));
#6979 = DIRECTION('',(0.,0.,1.));
#6980 = MANIFOLD_SOLID_BREP('',#6981);
#6981 = CLOSED_SHELL('',(#6982,#7015,#7024));
#6982 = ADVANCED_FACE('',(#6983),#7010,.T.);
#6983 = FACE_BOUND('',#6984,.T.);
#6984 = EDGE_LOOP('',(#6985,#6994,#7002,#7009));
#6985 = ORIENTED_EDGE('',*,*,#6986,.F.);
#6986 = EDGE_CURVE('',#6987,#6987,#6989,.T.);
#6987 = VERTEX_POINT('',#6988);
#6988 = CARTESIAN_POINT('',(-180.,-162.8493014913,59.986188315282));
#6989 = CIRCLE('',#6990,5.);
#6990 = AXIS2_PLACEMENT_3D('',#6991,#6992,#6993);
#6991 = CARTESIAN_POINT('',(-180.,-165.,64.5));
#6992 = DIRECTION('',(0.256626311645,-0.872529459594,-0.415734624865));
#6993 = DIRECTION('',(8.16676349121E-18,0.43013970172,-0.902762336944));
#6994 = ORIENTED_EDGE('',*,*,#6995,.F.);
#6995 = EDGE_CURVE('',#6996,#6987,#6998,.T.);
#6996 = VERTEX_POINT('',#6997);
#6997 = CARTESIAN_POINT('',(-205.,-77.84930149139,100.48618831528));
#6998 = LINE('',#6999,#7000);
#6999 = CARTESIAN_POINT('',(-205.,-77.84930149139,100.48618831528));
#7000 = VECTOR('',#7001,1.);
#7001 = DIRECTION('',(0.256626311645,-0.872529459594,-0.415734624865));
#7002 = ORIENTED_EDGE('',*,*,#7003,.T.);
#7003 = EDGE_CURVE('',#6996,#6996,#7004,.T.);
#7004 = CIRCLE('',#7005,5.);
#7005 = AXIS2_PLACEMENT_3D('',#7006,#7007,#7008);
#7006 = CARTESIAN_POINT('',(-205.,-80.,105.));
#7007 = DIRECTION('',(0.256626311645,-0.872529459594,-0.415734624865));
#7008 = DIRECTION('',(8.16676349121E-18,0.43013970172,-0.902762336944));
#7009 = ORIENTED_EDGE('',*,*,#6995,.T.);
#7010 = CYLINDRICAL_SURFACE('',#7011,5.);
#7011 = AXIS2_PLACEMENT_3D('',#7012,#7013,#7014);
#7012 = CARTESIAN_POINT('',(-205.,-80.,105.));
#7013 = DIRECTION('',(0.256626311645,-0.872529459594,-0.415734624865));
#7014 = DIRECTION('',(-5.711024316605E-18,0.43013970172,-0.902762336944)
  );
#7015 = ADVANCED_FACE('',(#7016),#7019,.T.);
#7016 = FACE_BOUND('',#7017,.T.);
#7017 = EDGE_LOOP('',(#7018));
#7018 = ORIENTED_EDGE('',*,*,#6986,.T.);
#7019 = PLANE('',#7020);
#7020 = AXIS2_PLACEMENT_3D('',#7021,#7022,#7023);
#7021 = CARTESIAN_POINT('',(-180.,-165.,64.5));
#7022 = DIRECTION('',(0.256626311645,-0.872529459594,-0.415734624865));
#7023 = DIRECTION('',(-5.711024316605E-18,0.43013970172,-0.902762336944)
  );
#7024 = ADVANCED_FACE('',(#7025),#7028,.F.);
#7025 = FACE_BOUND('',#7026,.T.);
#7026 = EDGE_LOOP('',(#7027));
#7027 = ORIENTED_EDGE('',*,*,#7003,.F.);
#7028 = PLANE('',#7029);
#7029 = AXIS2_PLACEMENT_3D('',#7030,#7031,#7032);
#7030 = CARTESIAN_POINT('',(-205.,-80.,105.));
#7031 = DIRECTION('',(0.256626311645,-0.872529459594,-0.415734624865));
#7032 = DIRECTION('',(-5.711024316605E-18,0.43013970172,-0.902762336944)
  );
#7033 = MANIFOLD_SOLID_BREP('',#7034);
#7034 = CLOSED_SHELL('',(#7035,#7068,#7077));
#7035 = ADVANCED_FACE('',(#7036),#7063,.T.);
#7036 = FACE_BOUND('',#7037,.T.);
#7037 = EDGE_LOOP('',(#7038,#7047,#7055,#7062));
#7038 = ORIENTED_EDGE('',*,*,#7039,.F.);
#7039 = EDGE_CURVE('',#7040,#7040,#7042,.T.);
#7040 = VERTEX_POINT('',#7041);
#7041 = CARTESIAN_POINT('',(-180.,-162.8493014913,59.986188315282));
#7042 = CIRCLE('',#7043,5.);
#7043 = AXIS2_PLACEMENT_3D('',#7044,#7045,#7046);
#7044 = CARTESIAN_POINT('',(-180.,-165.,64.5));
#7045 = DIRECTION('',(-0.256626311645,-0.872529459594,-0.415734624865));
#7046 = DIRECTION('',(-8.16676349121E-18,0.43013970172,-0.902762336944)
  );
#7047 = ORIENTED_EDGE('',*,*,#7048,.F.);
#7048 = EDGE_CURVE('',#7049,#7040,#7051,.T.);
#7049 = VERTEX_POINT('',#7050);
#7050 = CARTESIAN_POINT('',(-155.,-77.84930149139,100.48618831528));
#7051 = LINE('',#7052,#7053);
#7052 = CARTESIAN_POINT('',(-155.,-77.84930149139,100.48618831528));
#7053 = VECTOR('',#7054,1.);
#7054 = DIRECTION('',(-0.256626311645,-0.872529459594,-0.415734624865));
#7055 = ORIENTED_EDGE('',*,*,#7056,.T.);
#7056 = EDGE_CURVE('',#7049,#7049,#7057,.T.);
#7057 = CIRCLE('',#7058,5.);
#7058 = AXIS2_PLACEMENT_3D('',#7059,#7060,#7061);
#7059 = CARTESIAN_POINT('',(-155.,-80.,105.));
#7060 = DIRECTION('',(-0.256626311645,-0.872529459594,-0.415734624865));
#7061 = DIRECTION('',(-8.16676349121E-18,0.43013970172,-0.902762336944)
  );
#7062 = ORIENTED_EDGE('',*,*,#7048,.T.);
#7063 = CYLINDRICAL_SURFACE('',#7064,5.);
#7064 = AXIS2_PLACEMENT_3D('',#7065,#7066,#7067);
#7065 = CARTESIAN_POINT('',(-155.,-80.,105.));
#7066 = DIRECTION('',(-0.256626311645,-0.872529459594,-0.415734624865));
#7067 = DIRECTION('',(5.711024316605E-18,0.43013970172,-0.902762336944)
  );
#7068 = ADVANCED_FACE('',(#7069),#7072,.T.);
#7069 = FACE_BOUND('',#7070,.T.);
#7070 = EDGE_LOOP('',(#7071));
#7071 = ORIENTED_EDGE('',*,*,#7039,.T.);
#7072 = PLANE('',#7073);
#7073 = AXIS2_PLACEMENT_3D('',#7074,#7075,#7076);
#7074 = CARTESIAN_POINT('',(-180.,-165.,64.5));
#7075 = DIRECTION('',(-0.256626311645,-0.872529459594,-0.415734624865));
#7076 = DIRECTION('',(5.711024316605E-18,0.43013970172,-0.902762336944)
  );
#7077 = ADVANCED_FACE('',(#7078),#7081,.F.);
#7078 = FACE_BOUND('',#7079,.T.);
#7079 = EDGE_LOOP('',(#7080));
#7080 = ORIENTED_EDGE('',*,*,#7056,.F.);
#7081 = PLANE('',#7082);
#7082 = AXIS2_PLACEMENT_3D('',#7083,#7084,#7085);
#7083 = CARTESIAN_POINT('',(-155.,-80.,105.));
#7084 = DIRECTION('',(-0.256626311645,-0.872529459594,-0.415734624865));
#7085 = DIRECTION('',(5.711024316605E-18,0.43013970172,-0.902762336944)
  );
#7086 = MANIFOLD_SOLID_BREP('',#7087);
#7087 = CLOSED_SHELL('',(#7088,#7121,#7130));
#7088 = ADVANCED_FACE('',(#7089),#7116,.T.);
#7089 = FACE_BOUND('',#7090,.T.);
#7090 = EDGE_LOOP('',(#7091,#7100,#7108,#7115));
#7091 = ORIENTED_EDGE('',*,*,#7092,.F.);
#7092 = EDGE_CURVE('',#7093,#7093,#7095,.T.);
#7093 = VERTEX_POINT('',#7094);
#7094 = CARTESIAN_POINT('',(-180.,-164.0481254868,107.68830475381));
#7095 = CIRCLE('',#7096,2.5);
#7096 = AXIS2_PLACEMENT_3D('',#7097,#7098,#7099);
#7097 = CARTESIAN_POINT('',(-180.,-165.,110.));
#7098 = DIRECTION('',(0.,-0.924678098475,-0.380749805254));
#7099 = DIRECTION('',(0.,0.380749805254,-0.924678098475));
#7100 = ORIENTED_EDGE('',*,*,#7101,.F.);
#7101 = EDGE_CURVE('',#7102,#7093,#7104,.T.);
#7102 = VERTEX_POINT('',#7103);
#7103 = CARTESIAN_POINT('',(-180.,-79.04812548686,142.68830475381));
#7104 = LINE('',#7105,#7106);
#7105 = CARTESIAN_POINT('',(-180.,-79.04812548686,142.68830475381));
#7106 = VECTOR('',#7107,1.);
#7107 = DIRECTION('',(-6.879213202477E-33,-0.924678098475,
    -0.380749805254));
#7108 = ORIENTED_EDGE('',*,*,#7109,.T.);
#7109 = EDGE_CURVE('',#7102,#7102,#7110,.T.);
#7110 = CIRCLE('',#7111,2.5);
#7111 = AXIS2_PLACEMENT_3D('',#7112,#7113,#7114);
#7112 = CARTESIAN_POINT('',(-180.,-80.,145.));
#7113 = DIRECTION('',(0.,-0.924678098475,-0.380749805254));
#7114 = DIRECTION('',(0.,0.380749805254,-0.924678098475));
#7115 = ORIENTED_EDGE('',*,*,#7101,.T.);
#7116 = CYLINDRICAL_SURFACE('',#7117,2.5);
#7117 = AXIS2_PLACEMENT_3D('',#7118,#7119,#7120);
#7118 = CARTESIAN_POINT('',(-180.,-80.,145.));
#7119 = DIRECTION('',(0.,-0.924678098475,-0.380749805254));
#7120 = DIRECTION('',(0.,0.380749805254,-0.924678098475));
#7121 = ADVANCED_FACE('',(#7122),#7125,.T.);
#7122 = FACE_BOUND('',#7123,.T.);
#7123 = EDGE_LOOP('',(#7124));
#7124 = ORIENTED_EDGE('',*,*,#7092,.T.);
#7125 = PLANE('',#7126);
#7126 = AXIS2_PLACEMENT_3D('',#7127,#7128,#7129);
#7127 = CARTESIAN_POINT('',(-180.,-165.,110.));
#7128 = DIRECTION('',(0.,-0.924678098475,-0.380749805254));
#7129 = DIRECTION('',(0.,0.380749805254,-0.924678098475));
#7130 = ADVANCED_FACE('',(#7131),#7134,.F.);
#7131 = FACE_BOUND('',#7132,.T.);
#7132 = EDGE_LOOP('',(#7133));
#7133 = ORIENTED_EDGE('',*,*,#7109,.F.);
#7134 = PLANE('',#7135);
#7135 = AXIS2_PLACEMENT_3D('',#7136,#7137,#7138);
#7136 = CARTESIAN_POINT('',(-180.,-80.,145.));
#7137 = DIRECTION('',(0.,-0.924678098475,-0.380749805254));
#7138 = DIRECTION('',(0.,0.380749805254,-0.924678098475));
#7139 = MANIFOLD_SOLID_BREP('',#7140);
#7140 = CLOSED_SHELL('',(#7141,#7181,#7221,#7243,#7265,#7277));
#7141 = ADVANCED_FACE('',(#7142),#7176,.F.);
#7142 = FACE_BOUND('',#7143,.F.);
#7143 = EDGE_LOOP('',(#7144,#7154,#7162,#7170));
#7144 = ORIENTED_EDGE('',*,*,#7145,.F.);
#7145 = EDGE_CURVE('',#7146,#7148,#7150,.T.);
#7146 = VERTEX_POINT('',#7147);
#7147 = CARTESIAN_POINT('',(-192.,-173.,64.5));
#7148 = VERTEX_POINT('',#7149);
#7149 = CARTESIAN_POINT('',(-192.,-173.,109.5));
#7150 = LINE('',#7151,#7152);
#7151 = CARTESIAN_POINT('',(-192.,-173.,64.5));
#7152 = VECTOR('',#7153,1.);
#7153 = DIRECTION('',(0.,0.,1.));
#7154 = ORIENTED_EDGE('',*,*,#7155,.T.);
#7155 = EDGE_CURVE('',#7146,#7156,#7158,.T.);
#7156 = VERTEX_POINT('',#7157);
#7157 = CARTESIAN_POINT('',(-192.,-157.,64.5));
#7158 = LINE('',#7159,#7160);
#7159 = CARTESIAN_POINT('',(-192.,-173.,64.5));
#7160 = VECTOR('',#7161,1.);
#7161 = DIRECTION('',(0.,1.,0.));
#7162 = ORIENTED_EDGE('',*,*,#7163,.T.);
#7163 = EDGE_CURVE('',#7156,#7164,#7166,.T.);
#7164 = VERTEX_POINT('',#7165);
#7165 = CARTESIAN_POINT('',(-192.,-157.,109.5));
#7166 = LINE('',#7167,#7168);
#7167 = CARTESIAN_POINT('',(-192.,-157.,64.5));
#7168 = VECTOR('',#7169,1.);
#7169 = DIRECTION('',(0.,0.,1.));
#7170 = ORIENTED_EDGE('',*,*,#7171,.F.);
#7171 = EDGE_CURVE('',#7148,#7164,#7172,.T.);
#7172 = LINE('',#7173,#7174);
#7173 = CARTESIAN_POINT('',(-192.,-173.,109.5));
#7174 = VECTOR('',#7175,1.);
#7175 = DIRECTION('',(0.,1.,0.));
#7176 = PLANE('',#7177);
#7177 = AXIS2_PLACEMENT_3D('',#7178,#7179,#7180);
#7178 = CARTESIAN_POINT('',(-192.,-173.,64.5));
#7179 = DIRECTION('',(1.,0.,0.));
#7180 = DIRECTION('',(0.,0.,1.));
#7181 = ADVANCED_FACE('',(#7182),#7216,.T.);
#7182 = FACE_BOUND('',#7183,.T.);
#7183 = EDGE_LOOP('',(#7184,#7194,#7202,#7210));
#7184 = ORIENTED_EDGE('',*,*,#7185,.F.);
#7185 = EDGE_CURVE('',#7186,#7188,#7190,.T.);
#7186 = VERTEX_POINT('',#7187);
#7187 = CARTESIAN_POINT('',(-168.,-173.,64.5));
#7188 = VERTEX_POINT('',#7189);
#7189 = CARTESIAN_POINT('',(-168.,-173.,109.5));
#7190 = LINE('',#7191,#7192);
#7191 = CARTESIAN_POINT('',(-168.,-173.,64.5));
#7192 = VECTOR('',#7193,1.);
#7193 = DIRECTION('',(0.,0.,1.));
#7194 = ORIENTED_EDGE('',*,*,#7195,.T.);
#7195 = EDGE_CURVE('',#7186,#7196,#7198,.T.);
#7196 = VERTEX_POINT('',#7197);
#7197 = CARTESIAN_POINT('',(-168.,-157.,64.5));
#7198 = LINE('',#7199,#7200);
#7199 = CARTESIAN_POINT('',(-168.,-173.,64.5));
#7200 = VECTOR('',#7201,1.);
#7201 = DIRECTION('',(0.,1.,0.));
#7202 = ORIENTED_EDGE('',*,*,#7203,.T.);
#7203 = EDGE_CURVE('',#7196,#7204,#7206,.T.);
#7204 = VERTEX_POINT('',#7205);
#7205 = CARTESIAN_POINT('',(-168.,-157.,109.5));
#7206 = LINE('',#7207,#7208);
#7207 = CARTESIAN_POINT('',(-168.,-157.,64.5));
#7208 = VECTOR('',#7209,1.);
#7209 = DIRECTION('',(0.,0.,1.));
#7210 = ORIENTED_EDGE('',*,*,#7211,.F.);
#7211 = EDGE_CURVE('',#7188,#7204,#7212,.T.);
#7212 = LINE('',#7213,#7214);
#7213 = CARTESIAN_POINT('',(-168.,-173.,109.5));
#7214 = VECTOR('',#7215,1.);
#7215 = DIRECTION('',(0.,1.,0.));
#7216 = PLANE('',#7217);
#7217 = AXIS2_PLACEMENT_3D('',#7218,#7219,#7220);
#7218 = CARTESIAN_POINT('',(-168.,-173.,64.5));
#7219 = DIRECTION('',(1.,0.,0.));
#7220 = DIRECTION('',(0.,0.,1.));
#7221 = ADVANCED_FACE('',(#7222),#7238,.F.);
#7222 = FACE_BOUND('',#7223,.F.);
#7223 = EDGE_LOOP('',(#7224,#7230,#7231,#7237));
#7224 = ORIENTED_EDGE('',*,*,#7225,.F.);
#7225 = EDGE_CURVE('',#7146,#7186,#7226,.T.);
#7226 = LINE('',#7227,#7228);
#7227 = CARTESIAN_POINT('',(-192.,-173.,64.5));
#7228 = VECTOR('',#7229,1.);
#7229 = DIRECTION('',(1.,0.,0.));
#7230 = ORIENTED_EDGE('',*,*,#7145,.T.);
#7231 = ORIENTED_EDGE('',*,*,#7232,.T.);
#7232 = EDGE_CURVE('',#7148,#7188,#7233,.T.);
#7233 = LINE('',#7234,#7235);
#7234 = CARTESIAN_POINT('',(-192.,-173.,109.5));
#7235 = VECTOR('',#7236,1.);
#7236 = DIRECTION('',(1.,0.,0.));
#7237 = ORIENTED_EDGE('',*,*,#7185,.F.);
#7238 = PLANE('',#7239);
#7239 = AXIS2_PLACEMENT_3D('',#7240,#7241,#7242);
#7240 = CARTESIAN_POINT('',(-192.,-173.,64.5));
#7241 = DIRECTION('',(0.,1.,0.));
#7242 = DIRECTION('',(0.,0.,1.));
#7243 = ADVANCED_FACE('',(#7244),#7260,.T.);
#7244 = FACE_BOUND('',#7245,.T.);
#7245 = EDGE_LOOP('',(#7246,#7252,#7253,#7259));
#7246 = ORIENTED_EDGE('',*,*,#7247,.F.);
#7247 = EDGE_CURVE('',#7156,#7196,#7248,.T.);
#7248 = LINE('',#7249,#7250);
#7249 = CARTESIAN_POINT('',(-192.,-157.,64.5));
#7250 = VECTOR('',#7251,1.);
#7251 = DIRECTION('',(1.,0.,0.));
#7252 = ORIENTED_EDGE('',*,*,#7163,.T.);
#7253 = ORIENTED_EDGE('',*,*,#7254,.T.);
#7254 = EDGE_CURVE('',#7164,#7204,#7255,.T.);
#7255 = LINE('',#7256,#7257);
#7256 = CARTESIAN_POINT('',(-192.,-157.,109.5));
#7257 = VECTOR('',#7258,1.);
#7258 = DIRECTION('',(1.,0.,0.));
#7259 = ORIENTED_EDGE('',*,*,#7203,.F.);
#7260 = PLANE('',#7261);
#7261 = AXIS2_PLACEMENT_3D('',#7262,#7263,#7264);
#7262 = CARTESIAN_POINT('',(-192.,-157.,64.5));
#7263 = DIRECTION('',(0.,1.,0.));
#7264 = DIRECTION('',(0.,0.,1.));
#7265 = ADVANCED_FACE('',(#7266),#7272,.F.);
#7266 = FACE_BOUND('',#7267,.F.);
#7267 = EDGE_LOOP('',(#7268,#7269,#7270,#7271));
#7268 = ORIENTED_EDGE('',*,*,#7155,.F.);
#7269 = ORIENTED_EDGE('',*,*,#7225,.T.);
#7270 = ORIENTED_EDGE('',*,*,#7195,.T.);
#7271 = ORIENTED_EDGE('',*,*,#7247,.F.);
#7272 = PLANE('',#7273);
#7273 = AXIS2_PLACEMENT_3D('',#7274,#7275,#7276);
#7274 = CARTESIAN_POINT('',(-192.,-173.,64.5));
#7275 = DIRECTION('',(0.,0.,1.));
#7276 = DIRECTION('',(1.,0.,0.));
#7277 = ADVANCED_FACE('',(#7278),#7284,.T.);
#7278 = FACE_BOUND('',#7279,.T.);
#7279 = EDGE_LOOP('',(#7280,#7281,#7282,#7283));
#7280 = ORIENTED_EDGE('',*,*,#7171,.F.);
#7281 = ORIENTED_EDGE('',*,*,#7232,.T.);
#7282 = ORIENTED_EDGE('',*,*,#7211,.T.);
#7283 = ORIENTED_EDGE('',*,*,#7254,.F.);
#7284 = PLANE('',#7285);
#7285 = AXIS2_PLACEMENT_3D('',#7286,#7287,#7288);
#7286 = CARTESIAN_POINT('',(-192.,-173.,109.5));
#7287 = DIRECTION('',(0.,0.,1.));
#7288 = DIRECTION('',(1.,0.,0.));
#7289 = MANIFOLD_SOLID_BREP('',#7290);
#7290 = CLOSED_SHELL('',(#7291,#7324,#7333));
#7291 = ADVANCED_FACE('',(#7292),#7319,.T.);
#7292 = FACE_BOUND('',#7293,.T.);
#7293 = EDGE_LOOP('',(#7294,#7303,#7311,#7318));
#7294 = ORIENTED_EDGE('',*,*,#7295,.F.);
#7295 = EDGE_CURVE('',#7296,#7296,#7298,.T.);
#7296 = VERTEX_POINT('',#7297);
#7297 = CARTESIAN_POINT('',(-223.,-102.5885718348,214.30528285443));
#7298 = CIRCLE('',#7299,2.5);
#7299 = AXIS2_PLACEMENT_3D('',#7300,#7301,#7302);
#7300 = CARTESIAN_POINT('',(-223.,-105.,214.96483892069));
#7301 = DIRECTION('',(-0.185185185185,0.259259259259,0.947887695709));
#7302 = DIRECTION('',(-1.90693927619E-18,0.964571266041,-0.263822426506)
  );
#7303 = ORIENTED_EDGE('',*,*,#7304,.F.);
#7304 = EDGE_CURVE('',#7305,#7296,#7307,.T.);
#7305 = VERTEX_POINT('',#7306);
#7306 = CARTESIAN_POINT('',(-198.,-137.5885718348,86.340443933736));
#7307 = LINE('',#7308,#7309);
#7308 = CARTESIAN_POINT('',(-198.,-137.5885718348,86.340443933736));
#7309 = VECTOR('',#7310,1.);
#7310 = DIRECTION('',(-0.185185185185,0.259259259259,0.947887695709));
#7311 = ORIENTED_EDGE('',*,*,#7312,.T.);
#7312 = EDGE_CURVE('',#7305,#7305,#7313,.T.);
#7313 = CIRCLE('',#7314,2.5);
#7314 = AXIS2_PLACEMENT_3D('',#7315,#7316,#7317);
#7315 = CARTESIAN_POINT('',(-198.,-140.,87.));
#7316 = DIRECTION('',(-0.185185185185,0.259259259259,0.947887695709));
#7317 = DIRECTION('',(-1.90693927619E-18,0.964571266041,-0.263822426506)
  );
#7318 = ORIENTED_EDGE('',*,*,#7304,.T.);
#7319 = CYLINDRICAL_SURFACE('',#7320,2.5);
#7320 = AXIS2_PLACEMENT_3D('',#7321,#7322,#7323);
#7321 = CARTESIAN_POINT('',(-198.,-140.,87.));
#7322 = DIRECTION('',(-0.185185185185,0.259259259259,0.947887695709));
#7323 = DIRECTION('',(-1.90693927619E-18,0.964571266041,-0.263822426506)
  );
#7324 = ADVANCED_FACE('',(#7325),#7328,.T.);
#7325 = FACE_BOUND('',#7326,.T.);
#7326 = EDGE_LOOP('',(#7327));
#7327 = ORIENTED_EDGE('',*,*,#7295,.T.);
#7328 = PLANE('',#7329);
#7329 = AXIS2_PLACEMENT_3D('',#7330,#7331,#7332);
#7330 = CARTESIAN_POINT('',(-223.,-105.,214.96483892069));
#7331 = DIRECTION('',(-0.185185185185,0.259259259259,0.947887695709));
#7332 = DIRECTION('',(-1.90693927619E-18,0.964571266041,-0.263822426506)
  );
#7333 = ADVANCED_FACE('',(#7334),#7337,.F.);
#7334 = FACE_BOUND('',#7335,.T.);
#7335 = EDGE_LOOP('',(#7336));
#7336 = ORIENTED_EDGE('',*,*,#7312,.F.);
#7337 = PLANE('',#7338);
#7338 = AXIS2_PLACEMENT_3D('',#7339,#7340,#7341);
#7339 = CARTESIAN_POINT('',(-198.,-140.,87.));
#7340 = DIRECTION('',(-0.185185185185,0.259259259259,0.947887695709));
#7341 = DIRECTION('',(-1.90693927619E-18,0.964571266041,-0.263822426506)
  );
#7342 = MANIFOLD_SOLID_BREP('',#7343);
#7343 = CLOSED_SHELL('',(#7344,#7377,#7386));
#7344 = ADVANCED_FACE('',(#7345),#7372,.T.);
#7345 = FACE_BOUND('',#7346,.T.);
#7346 = EDGE_LOOP('',(#7347,#7356,#7364,#7371));
#7347 = ORIENTED_EDGE('',*,*,#7348,.F.);
#7348 = EDGE_CURVE('',#7349,#7349,#7351,.T.);
#7349 = VERTEX_POINT('',#7350);
#7350 = CARTESIAN_POINT('',(-223.,-96.31885860562,212.59043708214));
#7351 = CIRCLE('',#7352,9.);
#7352 = AXIS2_PLACEMENT_3D('',#7353,#7354,#7355);
#7353 = CARTESIAN_POINT('',(-223.,-105.,214.96483892069));
#7354 = DIRECTION('',(-0.185185185185,0.259259259259,0.947887695709));
#7355 = DIRECTION('',(4.774958557202E-18,0.964571266041,-0.263822426506)
  );
#7356 = ORIENTED_EDGE('',*,*,#7357,.F.);
#7357 = EDGE_CURVE('',#7358,#7349,#7360,.T.);
#7358 = VERTEX_POINT('',#7359);
#7359 = CARTESIAN_POINT('',(-205.5,-120.8188586056,123.01504983765));
#7360 = LINE('',#7361,#7362);
#7361 = CARTESIAN_POINT('',(-205.5,-120.8188586056,123.01504983765));
#7362 = VECTOR('',#7363,1.);
#7363 = DIRECTION('',(-0.185185185185,0.259259259259,0.947887695709));
#7364 = ORIENTED_EDGE('',*,*,#7365,.T.);
#7365 = EDGE_CURVE('',#7358,#7358,#7366,.T.);
#7366 = CIRCLE('',#7367,9.);
#7367 = AXIS2_PLACEMENT_3D('',#7368,#7369,#7370);
#7368 = CARTESIAN_POINT('',(-205.5,-129.5,125.3894516762));
#7369 = DIRECTION('',(-0.185185185185,0.259259259259,0.947887695709));
#7370 = DIRECTION('',(4.774958557202E-18,0.964571266041,-0.263822426506)
  );
#7371 = ORIENTED_EDGE('',*,*,#7357,.T.);
#7372 = CYLINDRICAL_SURFACE('',#7373,9.);
#7373 = AXIS2_PLACEMENT_3D('',#7374,#7375,#7376);
#7374 = CARTESIAN_POINT('',(-205.5,-129.5,125.3894516762));
#7375 = DIRECTION('',(-0.185185185185,0.259259259259,0.947887695709));
#7376 = DIRECTION('',(-2.163935346705E-18,0.964571266041,-0.263822426506
    ));
#7377 = ADVANCED_FACE('',(#7378),#7381,.T.);
#7378 = FACE_BOUND('',#7379,.T.);
#7379 = EDGE_LOOP('',(#7380));
#7380 = ORIENTED_EDGE('',*,*,#7348,.T.);
#7381 = PLANE('',#7382);
#7382 = AXIS2_PLACEMENT_3D('',#7383,#7384,#7385);
#7383 = CARTESIAN_POINT('',(-223.,-105.,214.96483892069));
#7384 = DIRECTION('',(-0.185185185185,0.259259259259,0.947887695709));
#7385 = DIRECTION('',(-2.163935346705E-18,0.964571266041,-0.263822426506
    ));
#7386 = ADVANCED_FACE('',(#7387),#7390,.F.);
#7387 = FACE_BOUND('',#7388,.T.);
#7388 = EDGE_LOOP('',(#7389));
#7389 = ORIENTED_EDGE('',*,*,#7365,.F.);
#7390 = PLANE('',#7391);
#7391 = AXIS2_PLACEMENT_3D('',#7392,#7393,#7394);
#7392 = CARTESIAN_POINT('',(-205.5,-129.5,125.3894516762));
#7393 = DIRECTION('',(-0.185185185185,0.259259259259,0.947887695709));
#7394 = DIRECTION('',(-2.163935346705E-18,0.964571266041,-0.263822426506
    ));
#7395 = MANIFOLD_SOLID_BREP('',#7396);
#7396 = CLOSED_SHELL('',(#7397,#7437,#7477,#7499,#7521,#7533));
#7397 = ADVANCED_FACE('',(#7398),#7432,.F.);
#7398 = FACE_BOUND('',#7399,.F.);
#7399 = EDGE_LOOP('',(#7400,#7410,#7418,#7426));
#7400 = ORIENTED_EDGE('',*,*,#7401,.F.);
#7401 = EDGE_CURVE('',#7402,#7404,#7406,.T.);
#7402 = VERTEX_POINT('',#7403);
#7403 = CARTESIAN_POINT('',(-230.,-111.,100.));
#7404 = VERTEX_POINT('',#7405);
#7405 = CARTESIAN_POINT('',(-230.,-111.,221.96483892069));
#7406 = LINE('',#7407,#7408);
#7407 = CARTESIAN_POINT('',(-230.,-111.,100.));
#7408 = VECTOR('',#7409,1.);
#7409 = DIRECTION('',(0.,0.,1.));
#7410 = ORIENTED_EDGE('',*,*,#7411,.T.);
#7411 = EDGE_CURVE('',#7402,#7412,#7414,.T.);
#7412 = VERTEX_POINT('',#7413);
#7413 = CARTESIAN_POINT('',(-230.,-99.,100.));
#7414 = LINE('',#7415,#7416);
#7415 = CARTESIAN_POINT('',(-230.,-111.,100.));
#7416 = VECTOR('',#7417,1.);
#7417 = DIRECTION('',(0.,1.,0.));
#7418 = ORIENTED_EDGE('',*,*,#7419,.T.);
#7419 = EDGE_CURVE('',#7412,#7420,#7422,.T.);
#7420 = VERTEX_POINT('',#7421);
#7421 = CARTESIAN_POINT('',(-230.,-99.,221.96483892069));
#7422 = LINE('',#7423,#7424);
#7423 = CARTESIAN_POINT('',(-230.,-99.,100.));
#7424 = VECTOR('',#7425,1.);
#7425 = DIRECTION('',(0.,0.,1.));
#7426 = ORIENTED_EDGE('',*,*,#7427,.F.);
#7427 = EDGE_CURVE('',#7404,#7420,#7428,.T.);
#7428 = LINE('',#7429,#7430);
#7429 = CARTESIAN_POINT('',(-230.,-111.,221.96483892069));
#7430 = VECTOR('',#7431,1.);
#7431 = DIRECTION('',(0.,1.,0.));
#7432 = PLANE('',#7433);
#7433 = AXIS2_PLACEMENT_3D('',#7434,#7435,#7436);
#7434 = CARTESIAN_POINT('',(-230.,-111.,100.));
#7435 = DIRECTION('',(1.,0.,0.));
#7436 = DIRECTION('',(0.,0.,1.));
#7437 = ADVANCED_FACE('',(#7438),#7472,.T.);
#7438 = FACE_BOUND('',#7439,.T.);
#7439 = EDGE_LOOP('',(#7440,#7450,#7458,#7466));
#7440 = ORIENTED_EDGE('',*,*,#7441,.F.);
#7441 = EDGE_CURVE('',#7442,#7444,#7446,.T.);
#7442 = VERTEX_POINT('',#7443);
#7443 = CARTESIAN_POINT('',(-216.,-111.,100.));
#7444 = VERTEX_POINT('',#7445);
#7445 = CARTESIAN_POINT('',(-216.,-111.,221.96483892069));
#7446 = LINE('',#7447,#7448);
#7447 = CARTESIAN_POINT('',(-216.,-111.,100.));
#7448 = VECTOR('',#7449,1.);
#7449 = DIRECTION('',(0.,0.,1.));
#7450 = ORIENTED_EDGE('',*,*,#7451,.T.);
#7451 = EDGE_CURVE('',#7442,#7452,#7454,.T.);
#7452 = VERTEX_POINT('',#7453);
#7453 = CARTESIAN_POINT('',(-216.,-99.,100.));
#7454 = LINE('',#7455,#7456);
#7455 = CARTESIAN_POINT('',(-216.,-111.,100.));
#7456 = VECTOR('',#7457,1.);
#7457 = DIRECTION('',(0.,1.,0.));
#7458 = ORIENTED_EDGE('',*,*,#7459,.T.);
#7459 = EDGE_CURVE('',#7452,#7460,#7462,.T.);
#7460 = VERTEX_POINT('',#7461);
#7461 = CARTESIAN_POINT('',(-216.,-99.,221.96483892069));
#7462 = LINE('',#7463,#7464);
#7463 = CARTESIAN_POINT('',(-216.,-99.,100.));
#7464 = VECTOR('',#7465,1.);
#7465 = DIRECTION('',(0.,0.,1.));
#7466 = ORIENTED_EDGE('',*,*,#7467,.F.);
#7467 = EDGE_CURVE('',#7444,#7460,#7468,.T.);
#7468 = LINE('',#7469,#7470);
#7469 = CARTESIAN_POINT('',(-216.,-111.,221.96483892069));
#7470 = VECTOR('',#7471,1.);
#7471 = DIRECTION('',(0.,1.,0.));
#7472 = PLANE('',#7473);
#7473 = AXIS2_PLACEMENT_3D('',#7474,#7475,#7476);
#7474 = CARTESIAN_POINT('',(-216.,-111.,100.));
#7475 = DIRECTION('',(1.,0.,0.));
#7476 = DIRECTION('',(0.,0.,1.));
#7477 = ADVANCED_FACE('',(#7478),#7494,.F.);
#7478 = FACE_BOUND('',#7479,.F.);
#7479 = EDGE_LOOP('',(#7480,#7486,#7487,#7493));
#7480 = ORIENTED_EDGE('',*,*,#7481,.F.);
#7481 = EDGE_CURVE('',#7402,#7442,#7482,.T.);
#7482 = LINE('',#7483,#7484);
#7483 = CARTESIAN_POINT('',(-230.,-111.,100.));
#7484 = VECTOR('',#7485,1.);
#7485 = DIRECTION('',(1.,0.,0.));
#7486 = ORIENTED_EDGE('',*,*,#7401,.T.);
#7487 = ORIENTED_EDGE('',*,*,#7488,.T.);
#7488 = EDGE_CURVE('',#7404,#7444,#7489,.T.);
#7489 = LINE('',#7490,#7491);
#7490 = CARTESIAN_POINT('',(-230.,-111.,221.96483892069));
#7491 = VECTOR('',#7492,1.);
#7492 = DIRECTION('',(1.,0.,0.));
#7493 = ORIENTED_EDGE('',*,*,#7441,.F.);
#7494 = PLANE('',#7495);
#7495 = AXIS2_PLACEMENT_3D('',#7496,#7497,#7498);
#7496 = CARTESIAN_POINT('',(-230.,-111.,100.));
#7497 = DIRECTION('',(0.,1.,0.));
#7498 = DIRECTION('',(0.,0.,1.));
#7499 = ADVANCED_FACE('',(#7500),#7516,.T.);
#7500 = FACE_BOUND('',#7501,.T.);
#7501 = EDGE_LOOP('',(#7502,#7508,#7509,#7515));
#7502 = ORIENTED_EDGE('',*,*,#7503,.F.);
#7503 = EDGE_CURVE('',#7412,#7452,#7504,.T.);
#7504 = LINE('',#7505,#7506);
#7505 = CARTESIAN_POINT('',(-230.,-99.,100.));
#7506 = VECTOR('',#7507,1.);
#7507 = DIRECTION('',(1.,0.,0.));
#7508 = ORIENTED_EDGE('',*,*,#7419,.T.);
#7509 = ORIENTED_EDGE('',*,*,#7510,.T.);
#7510 = EDGE_CURVE('',#7420,#7460,#7511,.T.);
#7511 = LINE('',#7512,#7513);
#7512 = CARTESIAN_POINT('',(-230.,-99.,221.96483892069));
#7513 = VECTOR('',#7514,1.);
#7514 = DIRECTION('',(1.,0.,0.));
#7515 = ORIENTED_EDGE('',*,*,#7459,.F.);
#7516 = PLANE('',#7517);
#7517 = AXIS2_PLACEMENT_3D('',#7518,#7519,#7520);
#7518 = CARTESIAN_POINT('',(-230.,-99.,100.));
#7519 = DIRECTION('',(0.,1.,0.));
#7520 = DIRECTION('',(0.,0.,1.));
#7521 = ADVANCED_FACE('',(#7522),#7528,.F.);
#7522 = FACE_BOUND('',#7523,.F.);
#7523 = EDGE_LOOP('',(#7524,#7525,#7526,#7527));
#7524 = ORIENTED_EDGE('',*,*,#7411,.F.);
#7525 = ORIENTED_EDGE('',*,*,#7481,.T.);
#7526 = ORIENTED_EDGE('',*,*,#7451,.T.);
#7527 = ORIENTED_EDGE('',*,*,#7503,.F.);
#7528 = PLANE('',#7529);
#7529 = AXIS2_PLACEMENT_3D('',#7530,#7531,#7532);
#7530 = CARTESIAN_POINT('',(-230.,-111.,100.));
#7531 = DIRECTION('',(0.,0.,1.));
#7532 = DIRECTION('',(1.,0.,0.));
#7533 = ADVANCED_FACE('',(#7534),#7540,.T.);
#7534 = FACE_BOUND('',#7535,.T.);
#7535 = EDGE_LOOP('',(#7536,#7537,#7538,#7539));
#7536 = ORIENTED_EDGE('',*,*,#7427,.F.);
#7537 = ORIENTED_EDGE('',*,*,#7488,.T.);
#7538 = ORIENTED_EDGE('',*,*,#7467,.T.);
#7539 = ORIENTED_EDGE('',*,*,#7510,.F.);
#7540 = PLANE('',#7541);
#7541 = AXIS2_PLACEMENT_3D('',#7542,#7543,#7544);
#7542 = CARTESIAN_POINT('',(-230.,-111.,221.96483892069));
#7543 = DIRECTION('',(0.,0.,1.));
#7544 = DIRECTION('',(1.,0.,0.));
#7545 = MANIFOLD_SOLID_BREP('',#7546);
#7546 = CLOSED_SHELL('',(#7547,#7587,#7627,#7649,#7671,#7683));
#7547 = ADVANCED_FACE('',(#7548),#7582,.F.);
#7548 = FACE_BOUND('',#7549,.F.);
#7549 = EDGE_LOOP('',(#7550,#7560,#7568,#7576));
#7550 = ORIENTED_EDGE('',*,*,#7551,.F.);
#7551 = EDGE_CURVE('',#7552,#7554,#7556,.T.);
#7552 = VERTEX_POINT('',#7553);
#7553 = CARTESIAN_POINT('',(-227.,-65.,112.));
#7554 = VERTEX_POINT('',#7555);
#7555 = CARTESIAN_POINT('',(-227.,-65.,156.));
#7556 = LINE('',#7557,#7558);
#7557 = CARTESIAN_POINT('',(-227.,-65.,112.));
#7558 = VECTOR('',#7559,1.);
#7559 = DIRECTION('',(0.,0.,1.));
#7560 = ORIENTED_EDGE('',*,*,#7561,.T.);
#7561 = EDGE_CURVE('',#7552,#7562,#7564,.T.);
#7562 = VERTEX_POINT('',#7563);
#7563 = CARTESIAN_POINT('',(-227.,65.,112.));
#7564 = LINE('',#7565,#7566);
#7565 = CARTESIAN_POINT('',(-227.,-65.,112.));
#7566 = VECTOR('',#7567,1.);
#7567 = DIRECTION('',(0.,1.,0.));
#7568 = ORIENTED_EDGE('',*,*,#7569,.T.);
#7569 = EDGE_CURVE('',#7562,#7570,#7572,.T.);
#7570 = VERTEX_POINT('',#7571);
#7571 = CARTESIAN_POINT('',(-227.,65.,156.));
#7572 = LINE('',#7573,#7574);
#7573 = CARTESIAN_POINT('',(-227.,65.,112.));
#7574 = VECTOR('',#7575,1.);
#7575 = DIRECTION('',(0.,0.,1.));
#7576 = ORIENTED_EDGE('',*,*,#7577,.F.);
#7577 = EDGE_CURVE('',#7554,#7570,#7578,.T.);
#7578 = LINE('',#7579,#7580);
#7579 = CARTESIAN_POINT('',(-227.,-65.,156.));
#7580 = VECTOR('',#7581,1.);
#7581 = DIRECTION('',(0.,1.,0.));
#7582 = PLANE('',#7583);
#7583 = AXIS2_PLACEMENT_3D('',#7584,#7585,#7586);
#7584 = CARTESIAN_POINT('',(-227.,-65.,112.));
#7585 = DIRECTION('',(1.,0.,0.));
#7586 = DIRECTION('',(0.,0.,1.));
#7587 = ADVANCED_FACE('',(#7588),#7622,.T.);
#7588 = FACE_BOUND('',#7589,.T.);
#7589 = EDGE_LOOP('',(#7590,#7600,#7608,#7616));
#7590 = ORIENTED_EDGE('',*,*,#7591,.F.);
#7591 = EDGE_CURVE('',#7592,#7594,#7596,.T.);
#7592 = VERTEX_POINT('',#7593);
#7593 = CARTESIAN_POINT('',(-183.,-65.,112.));
#7594 = VERTEX_POINT('',#7595);
#7595 = CARTESIAN_POINT('',(-183.,-65.,156.));
#7596 = LINE('',#7597,#7598);
#7597 = CARTESIAN_POINT('',(-183.,-65.,112.));
#7598 = VECTOR('',#7599,1.);
#7599 = DIRECTION('',(0.,0.,1.));
#7600 = ORIENTED_EDGE('',*,*,#7601,.T.);
#7601 = EDGE_CURVE('',#7592,#7602,#7604,.T.);
#7602 = VERTEX_POINT('',#7603);
#7603 = CARTESIAN_POINT('',(-183.,65.,112.));
#7604 = LINE('',#7605,#7606);
#7605 = CARTESIAN_POINT('',(-183.,-65.,112.));
#7606 = VECTOR('',#7607,1.);
#7607 = DIRECTION('',(0.,1.,0.));
#7608 = ORIENTED_EDGE('',*,*,#7609,.T.);
#7609 = EDGE_CURVE('',#7602,#7610,#7612,.T.);
#7610 = VERTEX_POINT('',#7611);
#7611 = CARTESIAN_POINT('',(-183.,65.,156.));
#7612 = LINE('',#7613,#7614);
#7613 = CARTESIAN_POINT('',(-183.,65.,112.));
#7614 = VECTOR('',#7615,1.);
#7615 = DIRECTION('',(0.,0.,1.));
#7616 = ORIENTED_EDGE('',*,*,#7617,.F.);
#7617 = EDGE_CURVE('',#7594,#7610,#7618,.T.);
#7618 = LINE('',#7619,#7620);
#7619 = CARTESIAN_POINT('',(-183.,-65.,156.));
#7620 = VECTOR('',#7621,1.);
#7621 = DIRECTION('',(0.,1.,0.));
#7622 = PLANE('',#7623);
#7623 = AXIS2_PLACEMENT_3D('',#7624,#7625,#7626);
#7624 = CARTESIAN_POINT('',(-183.,-65.,112.));
#7625 = DIRECTION('',(1.,0.,0.));
#7626 = DIRECTION('',(0.,0.,1.));
#7627 = ADVANCED_FACE('',(#7628),#7644,.F.);
#7628 = FACE_BOUND('',#7629,.F.);
#7629 = EDGE_LOOP('',(#7630,#7636,#7637,#7643));
#7630 = ORIENTED_EDGE('',*,*,#7631,.F.);
#7631 = EDGE_CURVE('',#7552,#7592,#7632,.T.);
#7632 = LINE('',#7633,#7634);
#7633 = CARTESIAN_POINT('',(-227.,-65.,112.));
#7634 = VECTOR('',#7635,1.);
#7635 = DIRECTION('',(1.,0.,0.));
#7636 = ORIENTED_EDGE('',*,*,#7551,.T.);
#7637 = ORIENTED_EDGE('',*,*,#7638,.T.);
#7638 = EDGE_CURVE('',#7554,#7594,#7639,.T.);
#7639 = LINE('',#7640,#7641);
#7640 = CARTESIAN_POINT('',(-227.,-65.,156.));
#7641 = VECTOR('',#7642,1.);
#7642 = DIRECTION('',(1.,0.,0.));
#7643 = ORIENTED_EDGE('',*,*,#7591,.F.);
#7644 = PLANE('',#7645);
#7645 = AXIS2_PLACEMENT_3D('',#7646,#7647,#7648);
#7646 = CARTESIAN_POINT('',(-227.,-65.,112.));
#7647 = DIRECTION('',(0.,1.,0.));
#7648 = DIRECTION('',(0.,0.,1.));
#7649 = ADVANCED_FACE('',(#7650),#7666,.T.);
#7650 = FACE_BOUND('',#7651,.T.);
#7651 = EDGE_LOOP('',(#7652,#7658,#7659,#7665));
#7652 = ORIENTED_EDGE('',*,*,#7653,.F.);
#7653 = EDGE_CURVE('',#7562,#7602,#7654,.T.);
#7654 = LINE('',#7655,#7656);
#7655 = CARTESIAN_POINT('',(-227.,65.,112.));
#7656 = VECTOR('',#7657,1.);
#7657 = DIRECTION('',(1.,0.,0.));
#7658 = ORIENTED_EDGE('',*,*,#7569,.T.);
#7659 = ORIENTED_EDGE('',*,*,#7660,.T.);
#7660 = EDGE_CURVE('',#7570,#7610,#7661,.T.);
#7661 = LINE('',#7662,#7663);
#7662 = CARTESIAN_POINT('',(-227.,65.,156.));
#7663 = VECTOR('',#7664,1.);
#7664 = DIRECTION('',(1.,0.,0.));
#7665 = ORIENTED_EDGE('',*,*,#7609,.F.);
#7666 = PLANE('',#7667);
#7667 = AXIS2_PLACEMENT_3D('',#7668,#7669,#7670);
#7668 = CARTESIAN_POINT('',(-227.,65.,112.));
#7669 = DIRECTION('',(0.,1.,0.));
#7670 = DIRECTION('',(0.,0.,1.));
#7671 = ADVANCED_FACE('',(#7672),#7678,.F.);
#7672 = FACE_BOUND('',#7673,.F.);
#7673 = EDGE_LOOP('',(#7674,#7675,#7676,#7677));
#7674 = ORIENTED_EDGE('',*,*,#7561,.F.);
#7675 = ORIENTED_EDGE('',*,*,#7631,.T.);
#7676 = ORIENTED_EDGE('',*,*,#7601,.T.);
#7677 = ORIENTED_EDGE('',*,*,#7653,.F.);
#7678 = PLANE('',#7679);
#7679 = AXIS2_PLACEMENT_3D('',#7680,#7681,#7682);
#7680 = CARTESIAN_POINT('',(-227.,-65.,112.));
#7681 = DIRECTION('',(0.,0.,1.));
#7682 = DIRECTION('',(1.,0.,0.));
#7683 = ADVANCED_FACE('',(#7684),#7690,.T.);
#7684 = FACE_BOUND('',#7685,.T.);
#7685 = EDGE_LOOP('',(#7686,#7687,#7688,#7689));
#7686 = ORIENTED_EDGE('',*,*,#7577,.F.);
#7687 = ORIENTED_EDGE('',*,*,#7638,.T.);
#7688 = ORIENTED_EDGE('',*,*,#7617,.T.);
#7689 = ORIENTED_EDGE('',*,*,#7660,.F.);
#7690 = PLANE('',#7691);
#7691 = AXIS2_PLACEMENT_3D('',#7692,#7693,#7694);
#7692 = CARTESIAN_POINT('',(-227.,-65.,156.));
#7693 = DIRECTION('',(0.,0.,1.));
#7694 = DIRECTION('',(1.,0.,0.));
#7695 = MANIFOLD_SOLID_BREP('',#7696);
#7696 = CLOSED_SHELL('',(#7697,#7730,#7750,#7770));
#7697 = ADVANCED_FACE('',(#7698),#7725,.T.);
#7698 = FACE_BOUND('',#7699,.T.);
#7699 = EDGE_LOOP('',(#7700,#7709,#7717,#7724));
#7700 = ORIENTED_EDGE('',*,*,#7701,.F.);
#7701 = EDGE_CURVE('',#7702,#7702,#7704,.T.);
#7702 = VERTEX_POINT('',#7703);
#7703 = CARTESIAN_POINT('',(-180.,-33.,76.5));
#7704 = CIRCLE('',#7705,8.);
#7705 = AXIS2_PLACEMENT_3D('',#7706,#7707,#7708);
#7706 = CARTESIAN_POINT('',(-180.,-33.,84.5));
#7707 = DIRECTION('',(0.,-1.,0.));
#7708 = DIRECTION('',(0.,0.,-1.));
#7709 = ORIENTED_EDGE('',*,*,#7710,.F.);
#7710 = EDGE_CURVE('',#7711,#7702,#7713,.T.);
#7711 = VERTEX_POINT('',#7712);
#7712 = CARTESIAN_POINT('',(-180.,-17.,76.5));
#7713 = LINE('',#7714,#7715);
#7714 = CARTESIAN_POINT('',(-180.,-17.,76.5));
#7715 = VECTOR('',#7716,1.);
#7716 = DIRECTION('',(0.,-1.,0.));
#7717 = ORIENTED_EDGE('',*,*,#7718,.T.);
#7718 = EDGE_CURVE('',#7711,#7711,#7719,.T.);
#7719 = CIRCLE('',#7720,8.);
#7720 = AXIS2_PLACEMENT_3D('',#7721,#7722,#7723);
#7721 = CARTESIAN_POINT('',(-180.,-17.,84.5));
#7722 = DIRECTION('',(0.,-1.,0.));
#7723 = DIRECTION('',(0.,0.,-1.));
#7724 = ORIENTED_EDGE('',*,*,#7710,.T.);
#7725 = CYLINDRICAL_SURFACE('',#7726,8.);
#7726 = AXIS2_PLACEMENT_3D('',#7727,#7728,#7729);
#7727 = CARTESIAN_POINT('',(-180.,-17.,84.5));
#7728 = DIRECTION('',(0.,-1.,0.));
#7729 = DIRECTION('',(0.,0.,-1.));
#7730 = ADVANCED_FACE('',(#7731,#7734),#7745,.T.);
#7731 = FACE_BOUND('',#7732,.T.);
#7732 = EDGE_LOOP('',(#7733));
#7733 = ORIENTED_EDGE('',*,*,#7701,.T.);
#7734 = FACE_BOUND('',#7735,.T.);
#7735 = EDGE_LOOP('',(#7736));
#7736 = ORIENTED_EDGE('',*,*,#7737,.F.);
#7737 = EDGE_CURVE('',#7738,#7738,#7740,.T.);
#7738 = VERTEX_POINT('',#7739);
#7739 = CARTESIAN_POINT('',(-180.,-33.,80.5));
#7740 = CIRCLE('',#7741,4.);
#7741 = AXIS2_PLACEMENT_3D('',#7742,#7743,#7744);
#7742 = CARTESIAN_POINT('',(-180.,-33.,84.5));
#7743 = DIRECTION('',(0.,-1.,0.));
#7744 = DIRECTION('',(0.,0.,-1.));
#7745 = PLANE('',#7746);
#7746 = AXIS2_PLACEMENT_3D('',#7747,#7748,#7749);
#7747 = CARTESIAN_POINT('',(-180.,-33.,84.5));
#7748 = DIRECTION('',(0.,-1.,0.));
#7749 = DIRECTION('',(0.,0.,-1.));
#7750 = ADVANCED_FACE('',(#7751,#7754),#7765,.F.);
#7751 = FACE_BOUND('',#7752,.F.);
#7752 = EDGE_LOOP('',(#7753));
#7753 = ORIENTED_EDGE('',*,*,#7718,.T.);
#7754 = FACE_BOUND('',#7755,.F.);
#7755 = EDGE_LOOP('',(#7756));
#7756 = ORIENTED_EDGE('',*,*,#7757,.F.);
#7757 = EDGE_CURVE('',#7758,#7758,#7760,.T.);
#7758 = VERTEX_POINT('',#7759);
#7759 = CARTESIAN_POINT('',(-180.,-17.,80.5));
#7760 = CIRCLE('',#7761,4.);
#7761 = AXIS2_PLACEMENT_3D('',#7762,#7763,#7764);
#7762 = CARTESIAN_POINT('',(-180.,-17.,84.5));
#7763 = DIRECTION('',(0.,-1.,0.));
#7764 = DIRECTION('',(0.,0.,-1.));
#7765 = PLANE('',#7766);
#7766 = AXIS2_PLACEMENT_3D('',#7767,#7768,#7769);
#7767 = CARTESIAN_POINT('',(-180.,-17.,84.5));
#7768 = DIRECTION('',(0.,-1.,0.));
#7769 = DIRECTION('',(0.,0.,-1.));
#7770 = ADVANCED_FACE('',(#7771),#7782,.F.);
#7771 = FACE_BOUND('',#7772,.F.);
#7772 = EDGE_LOOP('',(#7773,#7774,#7780,#7781));
#7773 = ORIENTED_EDGE('',*,*,#7737,.F.);
#7774 = ORIENTED_EDGE('',*,*,#7775,.F.);
#7775 = EDGE_CURVE('',#7758,#7738,#7776,.T.);
#7776 = LINE('',#7777,#7778);
#7777 = CARTESIAN_POINT('',(-180.,-17.,80.5));
#7778 = VECTOR('',#7779,1.);
#7779 = DIRECTION('',(0.,-1.,0.));
#7780 = ORIENTED_EDGE('',*,*,#7757,.T.);
#7781 = ORIENTED_EDGE('',*,*,#7775,.T.);
#7782 = CYLINDRICAL_SURFACE('',#7783,4.);
#7783 = AXIS2_PLACEMENT_3D('',#7784,#7785,#7786);
#7784 = CARTESIAN_POINT('',(-180.,-17.,84.5));
#7785 = DIRECTION('',(0.,-1.,0.));
#7786 = DIRECTION('',(0.,0.,-1.));
#7787 = MANIFOLD_SOLID_BREP('',#7788);
#7788 = CLOSED_SHELL('',(#7789,#7822,#7831));
#7789 = ADVANCED_FACE('',(#7790),#7817,.T.);
#7790 = FACE_BOUND('',#7791,.T.);
#7791 = EDGE_LOOP('',(#7792,#7801,#7809,#7816));
#7792 = ORIENTED_EDGE('',*,*,#7793,.F.);
#7793 = EDGE_CURVE('',#7794,#7794,#7796,.T.);
#7794 = VERTEX_POINT('',#7795);
#7795 = CARTESIAN_POINT('',(-180.,-165.,81.5));
#7796 = CIRCLE('',#7797,3.);
#7797 = AXIS2_PLACEMENT_3D('',#7798,#7799,#7800);
#7798 = CARTESIAN_POINT('',(-180.,-165.,84.5));
#7799 = DIRECTION('',(0.,-1.,0.));
#7800 = DIRECTION('',(0.,0.,-1.));
#7801 = ORIENTED_EDGE('',*,*,#7802,.F.);
#7802 = EDGE_CURVE('',#7803,#7794,#7805,.T.);
#7803 = VERTEX_POINT('',#7804);
#7804 = CARTESIAN_POINT('',(-180.,-25.,81.5));
#7805 = LINE('',#7806,#7807);
#7806 = CARTESIAN_POINT('',(-180.,-25.,81.5));
#7807 = VECTOR('',#7808,1.);
#7808 = DIRECTION('',(0.,-1.,0.));
#7809 = ORIENTED_EDGE('',*,*,#7810,.T.);
#7810 = EDGE_CURVE('',#7803,#7803,#7811,.T.);
#7811 = CIRCLE('',#7812,3.);
#7812 = AXIS2_PLACEMENT_3D('',#7813,#7814,#7815);
#7813 = CARTESIAN_POINT('',(-180.,-25.,84.5));
#7814 = DIRECTION('',(0.,-1.,0.));
#7815 = DIRECTION('',(0.,0.,-1.));
#7816 = ORIENTED_EDGE('',*,*,#7802,.T.);
#7817 = CYLINDRICAL_SURFACE('',#7818,3.);
#7818 = AXIS2_PLACEMENT_3D('',#7819,#7820,#7821);
#7819 = CARTESIAN_POINT('',(-180.,-25.,84.5));
#7820 = DIRECTION('',(0.,-1.,0.));
#7821 = DIRECTION('',(0.,0.,-1.));
#7822 = ADVANCED_FACE('',(#7823),#7826,.T.);
#7823 = FACE_BOUND('',#7824,.T.);
#7824 = EDGE_LOOP('',(#7825));
#7825 = ORIENTED_EDGE('',*,*,#7793,.T.);
#7826 = PLANE('',#7827);
#7827 = AXIS2_PLACEMENT_3D('',#7828,#7829,#7830);
#7828 = CARTESIAN_POINT('',(-180.,-165.,84.5));
#7829 = DIRECTION('',(0.,-1.,0.));
#7830 = DIRECTION('',(0.,0.,-1.));
#7831 = ADVANCED_FACE('',(#7832),#7835,.F.);
#7832 = FACE_BOUND('',#7833,.T.);
#7833 = EDGE_LOOP('',(#7834));
#7834 = ORIENTED_EDGE('',*,*,#7810,.F.);
#7835 = PLANE('',#7836);
#7836 = AXIS2_PLACEMENT_3D('',#7837,#7838,#7839);
#7837 = CARTESIAN_POINT('',(-180.,-25.,84.5));
#7838 = DIRECTION('',(0.,-1.,0.));
#7839 = DIRECTION('',(0.,0.,-1.));
#7840 = MANIFOLD_SOLID_BREP('',#7841);
#7841 = CLOSED_SHELL('',(#7842,#7875,#7884));
#7842 = ADVANCED_FACE('',(#7843),#7870,.T.);
#7843 = FACE_BOUND('',#7844,.T.);
#7844 = EDGE_LOOP('',(#7845,#7854,#7862,#7869));
#7845 = ORIENTED_EDGE('',*,*,#7846,.F.);
#7846 = EDGE_CURVE('',#7847,#7847,#7849,.T.);
#7847 = VERTEX_POINT('',#7848);
#7848 = CARTESIAN_POINT('',(-180.,-195.,80.5));
#7849 = CIRCLE('',#7850,4.);
#7850 = AXIS2_PLACEMENT_3D('',#7851,#7852,#7853);
#7851 = CARTESIAN_POINT('',(-180.,-195.,84.5));
#7852 = DIRECTION('',(0.,-1.,0.));
#7853 = DIRECTION('',(0.,0.,-1.));
#7854 = ORIENTED_EDGE('',*,*,#7855,.F.);
#7855 = EDGE_CURVE('',#7856,#7847,#7858,.T.);
#7856 = VERTEX_POINT('',#7857);
#7857 = CARTESIAN_POINT('',(-180.,-150.,80.5));
#7858 = LINE('',#7859,#7860);
#7859 = CARTESIAN_POINT('',(-180.,-150.,80.5));
#7860 = VECTOR('',#7861,1.);
#7861 = DIRECTION('',(0.,-1.,0.));
#7862 = ORIENTED_EDGE('',*,*,#7863,.T.);
#7863 = EDGE_CURVE('',#7856,#7856,#7864,.T.);
#7864 = CIRCLE('',#7865,4.);
#7865 = AXIS2_PLACEMENT_3D('',#7866,#7867,#7868);
#7866 = CARTESIAN_POINT('',(-180.,-150.,84.5));
#7867 = DIRECTION('',(0.,-1.,0.));
#7868 = DIRECTION('',(0.,0.,-1.));
#7869 = ORIENTED_EDGE('',*,*,#7855,.T.);
#7870 = CYLINDRICAL_SURFACE('',#7871,4.);
#7871 = AXIS2_PLACEMENT_3D('',#7872,#7873,#7874);
#7872 = CARTESIAN_POINT('',(-180.,-150.,84.5));
#7873 = DIRECTION('',(0.,-1.,0.));
#7874 = DIRECTION('',(0.,0.,-1.));
#7875 = ADVANCED_FACE('',(#7876),#7879,.T.);
#7876 = FACE_BOUND('',#7877,.T.);
#7877 = EDGE_LOOP('',(#7878));
#7878 = ORIENTED_EDGE('',*,*,#7846,.T.);
#7879 = PLANE('',#7880);
#7880 = AXIS2_PLACEMENT_3D('',#7881,#7882,#7883);
#7881 = CARTESIAN_POINT('',(-180.,-195.,84.5));
#7882 = DIRECTION('',(0.,-1.,0.));
#7883 = DIRECTION('',(0.,0.,-1.));
#7884 = ADVANCED_FACE('',(#7885),#7888,.F.);
#7885 = FACE_BOUND('',#7886,.T.);
#7886 = EDGE_LOOP('',(#7887));
#7887 = ORIENTED_EDGE('',*,*,#7863,.F.);
#7888 = PLANE('',#7889);
#7889 = AXIS2_PLACEMENT_3D('',#7890,#7891,#7892);
#7890 = CARTESIAN_POINT('',(-180.,-150.,84.5));
#7891 = DIRECTION('',(0.,-1.,0.));
#7892 = DIRECTION('',(0.,0.,-1.));
#7893 = MANIFOLD_SOLID_BREP('',#7894);
#7894 = CLOSED_SHELL('',(#7895,#7928,#7948,#7968));
#7895 = ADVANCED_FACE('',(#7896),#7923,.T.);
#7896 = FACE_BOUND('',#7897,.T.);
#7897 = EDGE_LOOP('',(#7898,#7907,#7915,#7922));
#7898 = ORIENTED_EDGE('',*,*,#7899,.F.);
#7899 = EDGE_CURVE('',#7900,#7900,#7902,.T.);
#7900 = VERTEX_POINT('',#7901);
#7901 = CARTESIAN_POINT('',(-180.,-230.5,1.454720623699E-15));
#7902 = CIRCLE('',#7903,84.5);
#7903 = AXIS2_PLACEMENT_3D('',#7904,#7905,#7906);
#7904 = CARTESIAN_POINT('',(-180.,-230.5,84.5));
#7905 = DIRECTION('',(0.,-1.,0.));
#7906 = DIRECTION('',(0.,0.,-1.));
#7907 = ORIENTED_EDGE('',*,*,#7908,.F.);
#7908 = EDGE_CURVE('',#7909,#7900,#7911,.T.);
#7909 = VERTEX_POINT('',#7910);
#7910 = CARTESIAN_POINT('',(-180.,-149.,1.454720623699E-15));
#7911 = LINE('',#7912,#7913);
#7912 = CARTESIAN_POINT('',(-180.,-149.,1.454720623699E-15));
#7913 = VECTOR('',#7914,1.);
#7914 = DIRECTION('',(0.,-1.,0.));
#7915 = ORIENTED_EDGE('',*,*,#7916,.T.);
#7916 = EDGE_CURVE('',#7909,#7909,#7917,.T.);
#7917 = CIRCLE('',#7918,84.5);
#7918 = AXIS2_PLACEMENT_3D('',#7919,#7920,#7921);
#7919 = CARTESIAN_POINT('',(-180.,-149.,84.5));
#7920 = DIRECTION('',(0.,-1.,0.));
#7921 = DIRECTION('',(0.,0.,-1.));
#7922 = ORIENTED_EDGE('',*,*,#7908,.T.);
#7923 = CYLINDRICAL_SURFACE('',#7924,84.5);
#7924 = AXIS2_PLACEMENT_3D('',#7925,#7926,#7927);
#7925 = CARTESIAN_POINT('',(-180.,-149.,84.5));
#7926 = DIRECTION('',(0.,-1.,0.));
#7927 = DIRECTION('',(0.,0.,-1.));
#7928 = ADVANCED_FACE('',(#7929,#7932),#7943,.T.);
#7929 = FACE_BOUND('',#7930,.T.);
#7930 = EDGE_LOOP('',(#7931));
#7931 = ORIENTED_EDGE('',*,*,#7899,.T.);
#7932 = FACE_BOUND('',#7933,.T.);
#7933 = EDGE_LOOP('',(#7934));
#7934 = ORIENTED_EDGE('',*,*,#7935,.F.);
#7935 = EDGE_CURVE('',#7936,#7936,#7938,.T.);
#7936 = VERTEX_POINT('',#7937);
#7937 = CARTESIAN_POINT('',(-180.,-230.5,36.));
#7938 = CIRCLE('',#7939,48.5);
#7939 = AXIS2_PLACEMENT_3D('',#7940,#7941,#7942);
#7940 = CARTESIAN_POINT('',(-180.,-230.5,84.5));
#7941 = DIRECTION('',(0.,-1.,0.));
#7942 = DIRECTION('',(0.,0.,-1.));
#7943 = PLANE('',#7944);
#7944 = AXIS2_PLACEMENT_3D('',#7945,#7946,#7947);
#7945 = CARTESIAN_POINT('',(-180.,-230.5,84.5));
#7946 = DIRECTION('',(0.,-1.,0.));
#7947 = DIRECTION('',(0.,0.,-1.));
#7948 = ADVANCED_FACE('',(#7949,#7952),#7963,.F.);
#7949 = FACE_BOUND('',#7950,.F.);
#7950 = EDGE_LOOP('',(#7951));
#7951 = ORIENTED_EDGE('',*,*,#7916,.T.);
#7952 = FACE_BOUND('',#7953,.F.);
#7953 = EDGE_LOOP('',(#7954));
#7954 = ORIENTED_EDGE('',*,*,#7955,.F.);
#7955 = EDGE_CURVE('',#7956,#7956,#7958,.T.);
#7956 = VERTEX_POINT('',#7957);
#7957 = CARTESIAN_POINT('',(-180.,-149.,36.));
#7958 = CIRCLE('',#7959,48.5);
#7959 = AXIS2_PLACEMENT_3D('',#7960,#7961,#7962);
#7960 = CARTESIAN_POINT('',(-180.,-149.,84.5));
#7961 = DIRECTION('',(0.,-1.,0.));
#7962 = DIRECTION('',(0.,0.,-1.));
#7963 = PLANE('',#7964);
#7964 = AXIS2_PLACEMENT_3D('',#7965,#7966,#7967);
#7965 = CARTESIAN_POINT('',(-180.,-149.,84.5));
#7966 = DIRECTION('',(0.,-1.,0.));
#7967 = DIRECTION('',(0.,0.,-1.));
#7968 = ADVANCED_FACE('',(#7969),#7980,.F.);
#7969 = FACE_BOUND('',#7970,.F.);
#7970 = EDGE_LOOP('',(#7971,#7972,#7978,#7979));
#7971 = ORIENTED_EDGE('',*,*,#7935,.F.);
#7972 = ORIENTED_EDGE('',*,*,#7973,.F.);
#7973 = EDGE_CURVE('',#7956,#7936,#7974,.T.);
#7974 = LINE('',#7975,#7976);
#7975 = CARTESIAN_POINT('',(-180.,-149.,36.));
#7976 = VECTOR('',#7977,1.);
#7977 = DIRECTION('',(0.,-1.,0.));
#7978 = ORIENTED_EDGE('',*,*,#7955,.T.);
#7979 = ORIENTED_EDGE('',*,*,#7973,.T.);
#7980 = CYLINDRICAL_SURFACE('',#7981,48.5);
#7981 = AXIS2_PLACEMENT_3D('',#7982,#7983,#7984);
#7982 = CARTESIAN_POINT('',(-180.,-149.,84.5));
#7983 = DIRECTION('',(0.,-1.,0.));
#7984 = DIRECTION('',(0.,0.,-1.));
#7985 = MANIFOLD_SOLID_BREP('',#7986);
#7986 = CLOSED_SHELL('',(#7987,#8020,#8040,#8060));
#7987 = ADVANCED_FACE('',(#7988),#8015,.T.);
#7988 = FACE_BOUND('',#7989,.T.);
#7989 = EDGE_LOOP('',(#7990,#7999,#8007,#8014));
#7990 = ORIENTED_EDGE('',*,*,#7991,.F.);
#7991 = EDGE_CURVE('',#7992,#7992,#7994,.T.);
#7992 = VERTEX_POINT('',#7993);
#7993 = CARTESIAN_POINT('',(-180.,-202.25,36.));
#7994 = CIRCLE('',#7995,48.5);
#7995 = AXIS2_PLACEMENT_3D('',#7996,#7997,#7998);
#7996 = CARTESIAN_POINT('',(-180.,-202.25,84.5));
#7997 = DIRECTION('',(0.,-1.,0.));
#7998 = DIRECTION('',(0.,0.,-1.));
#7999 = ORIENTED_EDGE('',*,*,#8000,.F.);
#8000 = EDGE_CURVE('',#8001,#7992,#8003,.T.);
#8001 = VERTEX_POINT('',#8002);
#8002 = CARTESIAN_POINT('',(-180.,-177.25,36.));
#8003 = LINE('',#8004,#8005);
#8004 = CARTESIAN_POINT('',(-180.,-177.25,36.));
#8005 = VECTOR('',#8006,1.);
#8006 = DIRECTION('',(0.,-1.,0.));
#8007 = ORIENTED_EDGE('',*,*,#8008,.T.);
#8008 = EDGE_CURVE('',#8001,#8001,#8009,.T.);
#8009 = CIRCLE('',#8010,48.5);
#8010 = AXIS2_PLACEMENT_3D('',#8011,#8012,#8013);
#8011 = CARTESIAN_POINT('',(-180.,-177.25,84.5));
#8012 = DIRECTION('',(0.,-1.,0.));
#8013 = DIRECTION('',(0.,0.,-1.));
#8014 = ORIENTED_EDGE('',*,*,#8000,.T.);
#8015 = CYLINDRICAL_SURFACE('',#8016,48.5);
#8016 = AXIS2_PLACEMENT_3D('',#8017,#8018,#8019);
#8017 = CARTESIAN_POINT('',(-180.,-177.25,84.5));
#8018 = DIRECTION('',(0.,-1.,0.));
#8019 = DIRECTION('',(0.,0.,-1.));
#8020 = ADVANCED_FACE('',(#8021,#8024),#8035,.T.);
#8021 = FACE_BOUND('',#8022,.T.);
#8022 = EDGE_LOOP('',(#8023));
#8023 = ORIENTED_EDGE('',*,*,#7991,.T.);
#8024 = FACE_BOUND('',#8025,.T.);
#8025 = EDGE_LOOP('',(#8026));
#8026 = ORIENTED_EDGE('',*,*,#8027,.F.);
#8027 = EDGE_CURVE('',#8028,#8028,#8030,.T.);
#8028 = VERTEX_POINT('',#8029);
#8029 = CARTESIAN_POINT('',(-180.,-202.25,76.));
#8030 = CIRCLE('',#8031,8.5);
#8031 = AXIS2_PLACEMENT_3D('',#8032,#8033,#8034);
#8032 = CARTESIAN_POINT('',(-180.,-202.25,84.5));
#8033 = DIRECTION('',(0.,-1.,0.));
#8034 = DIRECTION('',(0.,0.,-1.));
#8035 = PLANE('',#8036);
#8036 = AXIS2_PLACEMENT_3D('',#8037,#8038,#8039);
#8037 = CARTESIAN_POINT('',(-180.,-202.25,84.5));
#8038 = DIRECTION('',(0.,-1.,0.));
#8039 = DIRECTION('',(0.,0.,-1.));
#8040 = ADVANCED_FACE('',(#8041,#8044),#8055,.F.);
#8041 = FACE_BOUND('',#8042,.F.);
#8042 = EDGE_LOOP('',(#8043));
#8043 = ORIENTED_EDGE('',*,*,#8008,.T.);
#8044 = FACE_BOUND('',#8045,.F.);
#8045 = EDGE_LOOP('',(#8046));
#8046 = ORIENTED_EDGE('',*,*,#8047,.F.);
#8047 = EDGE_CURVE('',#8048,#8048,#8050,.T.);
#8048 = VERTEX_POINT('',#8049);
#8049 = CARTESIAN_POINT('',(-180.,-177.25,76.));
#8050 = CIRCLE('',#8051,8.5);
#8051 = AXIS2_PLACEMENT_3D('',#8052,#8053,#8054);
#8052 = CARTESIAN_POINT('',(-180.,-177.25,84.5));
#8053 = DIRECTION('',(0.,-1.,0.));
#8054 = DIRECTION('',(0.,0.,-1.));
#8055 = PLANE('',#8056);
#8056 = AXIS2_PLACEMENT_3D('',#8057,#8058,#8059);
#8057 = CARTESIAN_POINT('',(-180.,-177.25,84.5));
#8058 = DIRECTION('',(0.,-1.,0.));
#8059 = DIRECTION('',(0.,0.,-1.));
#8060 = ADVANCED_FACE('',(#8061),#8072,.F.);
#8061 = FACE_BOUND('',#8062,.F.);
#8062 = EDGE_LOOP('',(#8063,#8064,#8070,#8071));
#8063 = ORIENTED_EDGE('',*,*,#8027,.F.);
#8064 = ORIENTED_EDGE('',*,*,#8065,.F.);
#8065 = EDGE_CURVE('',#8048,#8028,#8066,.T.);
#8066 = LINE('',#8067,#8068);
#8067 = CARTESIAN_POINT('',(-180.,-177.25,76.));
#8068 = VECTOR('',#8069,1.);
#8069 = DIRECTION('',(0.,-1.,0.));
#8070 = ORIENTED_EDGE('',*,*,#8047,.T.);
#8071 = ORIENTED_EDGE('',*,*,#8065,.T.);
#8072 = CYLINDRICAL_SURFACE('',#8073,8.5);
#8073 = AXIS2_PLACEMENT_3D('',#8074,#8075,#8076);
#8074 = CARTESIAN_POINT('',(-180.,-177.25,84.5));
#8075 = DIRECTION('',(0.,-1.,0.));
#8076 = DIRECTION('',(0.,0.,-1.));
#8077 = MANIFOLD_SOLID_BREP('',#8078);
#8078 = CLOSED_SHELL('',(#8079,#8119,#8150,#8246,#8270,#8359,#8371,#8393
    ,#8410,#8427,#8439,#8461,#8478,#8495));
#8079 = ADVANCED_FACE('',(#8080),#8114,.F.);
#8080 = FACE_BOUND('',#8081,.F.);
#8081 = EDGE_LOOP('',(#8082,#8092,#8100,#8108));
#8082 = ORIENTED_EDGE('',*,*,#8083,.F.);
#8083 = EDGE_CURVE('',#8084,#8086,#8088,.T.);
#8084 = VERTEX_POINT('',#8085);
#8085 = CARTESIAN_POINT('',(-228.,55.,95.));
#8086 = VERTEX_POINT('',#8087);
#8087 = CARTESIAN_POINT('',(-228.,55.,100.));
#8088 = LINE('',#8089,#8090);
#8089 = CARTESIAN_POINT('',(-228.,55.,95.));
#8090 = VECTOR('',#8091,1.);
#8091 = DIRECTION('',(0.,0.,1.));
#8092 = ORIENTED_EDGE('',*,*,#8093,.T.);
#8093 = EDGE_CURVE('',#8084,#8094,#8096,.T.);
#8094 = VERTEX_POINT('',#8095);
#8095 = CARTESIAN_POINT('',(-228.,105.,95.));
#8096 = LINE('',#8097,#8098);
#8097 = CARTESIAN_POINT('',(-228.,55.,95.));
#8098 = VECTOR('',#8099,1.);
#8099 = DIRECTION('',(0.,1.,0.));
#8100 = ORIENTED_EDGE('',*,*,#8101,.T.);
#8101 = EDGE_CURVE('',#8094,#8102,#8104,.T.);
#8102 = VERTEX_POINT('',#8103);
#8103 = CARTESIAN_POINT('',(-228.,105.,100.));
#8104 = LINE('',#8105,#8106);
#8105 = CARTESIAN_POINT('',(-228.,105.,95.));
#8106 = VECTOR('',#8107,1.);
#8107 = DIRECTION('',(0.,0.,1.));
#8108 = ORIENTED_EDGE('',*,*,#8109,.F.);
#8109 = EDGE_CURVE('',#8086,#8102,#8110,.T.);
#8110 = LINE('',#8111,#8112);
#8111 = CARTESIAN_POINT('',(-228.,55.,100.));
#8112 = VECTOR('',#8113,1.);
#8113 = DIRECTION('',(0.,1.,0.));
#8114 = PLANE('',#8115);
#8115 = AXIS2_PLACEMENT_3D('',#8116,#8117,#8118);
#8116 = CARTESIAN_POINT('',(-228.,55.,95.));
#8117 = DIRECTION('',(1.,0.,0.));
#8118 = DIRECTION('',(0.,0.,1.));
#8119 = ADVANCED_FACE('',(#8120),#8145,.F.);
#8120 = FACE_BOUND('',#8121,.F.);
#8121 = EDGE_LOOP('',(#8122,#8130,#8131,#8139));
#8122 = ORIENTED_EDGE('',*,*,#8123,.F.);
#8123 = EDGE_CURVE('',#8084,#8124,#8126,.T.);
#8124 = VERTEX_POINT('',#8125);
#8125 = CARTESIAN_POINT('',(-132.,55.,95.));
#8126 = LINE('',#8127,#8128);
#8127 = CARTESIAN_POINT('',(-228.,55.,95.));
#8128 = VECTOR('',#8129,1.);
#8129 = DIRECTION('',(1.,0.,0.));
#8130 = ORIENTED_EDGE('',*,*,#8083,.T.);
#8131 = ORIENTED_EDGE('',*,*,#8132,.T.);
#8132 = EDGE_CURVE('',#8086,#8133,#8135,.T.);
#8133 = VERTEX_POINT('',#8134);
#8134 = CARTESIAN_POINT('',(-132.,55.,100.));
#8135 = LINE('',#8136,#8137);
#8136 = CARTESIAN_POINT('',(-228.,55.,100.));
#8137 = VECTOR('',#8138,1.);
#8138 = DIRECTION('',(1.,0.,0.));
#8139 = ORIENTED_EDGE('',*,*,#8140,.F.);
#8140 = EDGE_CURVE('',#8124,#8133,#8141,.T.);
#8141 = LINE('',#8142,#8143);
#8142 = CARTESIAN_POINT('',(-132.,55.,95.));
#8143 = VECTOR('',#8144,1.);
#8144 = DIRECTION('',(0.,0.,1.));
#8145 = PLANE('',#8146);
#8146 = AXIS2_PLACEMENT_3D('',#8147,#8148,#8149);
#8147 = CARTESIAN_POINT('',(-228.,55.,95.));
#8148 = DIRECTION('',(0.,1.,0.));
#8149 = DIRECTION('',(0.,0.,1.));
#8150 = ADVANCED_FACE('',(#8151,#8169,#8205),#8241,.T.);
#8151 = FACE_BOUND('',#8152,.T.);
#8152 = EDGE_LOOP('',(#8153,#8154,#8155,#8163));
#8153 = ORIENTED_EDGE('',*,*,#8109,.F.);
#8154 = ORIENTED_EDGE('',*,*,#8132,.T.);
#8155 = ORIENTED_EDGE('',*,*,#8156,.T.);
#8156 = EDGE_CURVE('',#8133,#8157,#8159,.T.);
#8157 = VERTEX_POINT('',#8158);
#8158 = CARTESIAN_POINT('',(-132.,105.,100.));
#8159 = LINE('',#8160,#8161);
#8160 = CARTESIAN_POINT('',(-132.,55.,100.));
#8161 = VECTOR('',#8162,1.);
#8162 = DIRECTION('',(0.,1.,0.));
#8163 = ORIENTED_EDGE('',*,*,#8164,.F.);
#8164 = EDGE_CURVE('',#8102,#8157,#8165,.T.);
#8165 = LINE('',#8166,#8167);
#8166 = CARTESIAN_POINT('',(-228.,105.,100.));
#8167 = VECTOR('',#8168,1.);
#8168 = DIRECTION('',(1.,0.,0.));
#8169 = FACE_BOUND('',#8170,.T.);
#8170 = EDGE_LOOP('',(#8171,#8182,#8190,#8199));
#8171 = ORIENTED_EDGE('',*,*,#8172,.F.);
#8172 = EDGE_CURVE('',#8173,#8175,#8177,.T.);
#8173 = VERTEX_POINT('',#8174);
#8174 = CARTESIAN_POINT('',(-217.75,70.,100.));
#8175 = VERTEX_POINT('',#8176);
#8176 = CARTESIAN_POINT('',(-212.25,70.,100.));
#8177 = CIRCLE('',#8178,2.75);
#8178 = AXIS2_PLACEMENT_3D('',#8179,#8180,#8181);
#8179 = CARTESIAN_POINT('',(-215.,70.,100.));
#8180 = DIRECTION('',(0.,0.,1.));
#8181 = DIRECTION('',(1.,0.,0.));
#8182 = ORIENTED_EDGE('',*,*,#8183,.T.);
#8183 = EDGE_CURVE('',#8173,#8184,#8186,.T.);
#8184 = VERTEX_POINT('',#8185);
#8185 = CARTESIAN_POINT('',(-217.75,90.,100.));
#8186 = LINE('',#8187,#8188);
#8187 = CARTESIAN_POINT('',(-217.75,62.5,100.));
#8188 = VECTOR('',#8189,1.);
#8189 = DIRECTION('',(0.,1.,0.));
#8190 = ORIENTED_EDGE('',*,*,#8191,.F.);
#8191 = EDGE_CURVE('',#8192,#8184,#8194,.T.);
#8192 = VERTEX_POINT('',#8193);
#8193 = CARTESIAN_POINT('',(-212.25,90.,100.));
#8194 = CIRCLE('',#8195,2.75);
#8195 = AXIS2_PLACEMENT_3D('',#8196,#8197,#8198);
#8196 = CARTESIAN_POINT('',(-215.,90.,100.));
#8197 = DIRECTION('',(0.,0.,1.));
#8198 = DIRECTION('',(1.,0.,0.));
#8199 = ORIENTED_EDGE('',*,*,#8200,.F.);
#8200 = EDGE_CURVE('',#8175,#8192,#8201,.T.);
#8201 = LINE('',#8202,#8203);
#8202 = CARTESIAN_POINT('',(-212.25,62.5,100.));
#8203 = VECTOR('',#8204,1.);
#8204 = DIRECTION('',(0.,1.,0.));
#8205 = FACE_BOUND('',#8206,.T.);
#8206 = EDGE_LOOP('',(#8207,#8218,#8226,#8235));
#8207 = ORIENTED_EDGE('',*,*,#8208,.F.);
#8208 = EDGE_CURVE('',#8209,#8211,#8213,.T.);
#8209 = VERTEX_POINT('',#8210);
#8210 = CARTESIAN_POINT('',(-147.75,70.,100.));
#8211 = VERTEX_POINT('',#8212);
#8212 = CARTESIAN_POINT('',(-142.25,70.,100.));
#8213 = CIRCLE('',#8214,2.75);
#8214 = AXIS2_PLACEMENT_3D('',#8215,#8216,#8217);
#8215 = CARTESIAN_POINT('',(-145.,70.,100.));
#8216 = DIRECTION('',(0.,0.,1.));
#8217 = DIRECTION('',(1.,0.,0.));
#8218 = ORIENTED_EDGE('',*,*,#8219,.T.);
#8219 = EDGE_CURVE('',#8209,#8220,#8222,.T.);
#8220 = VERTEX_POINT('',#8221);
#8221 = CARTESIAN_POINT('',(-147.75,90.,100.));
#8222 = LINE('',#8223,#8224);
#8223 = CARTESIAN_POINT('',(-147.75,62.5,100.));
#8224 = VECTOR('',#8225,1.);
#8225 = DIRECTION('',(0.,1.,0.));
#8226 = ORIENTED_EDGE('',*,*,#8227,.F.);
#8227 = EDGE_CURVE('',#8228,#8220,#8230,.T.);
#8228 = VERTEX_POINT('',#8229);
#8229 = CARTESIAN_POINT('',(-142.25,90.,100.));
#8230 = CIRCLE('',#8231,2.75);
#8231 = AXIS2_PLACEMENT_3D('',#8232,#8233,#8234);
#8232 = CARTESIAN_POINT('',(-145.,90.,100.));
#8233 = DIRECTION('',(0.,0.,1.));
#8234 = DIRECTION('',(1.,0.,0.));
#8235 = ORIENTED_EDGE('',*,*,#8236,.F.);
#8236 = EDGE_CURVE('',#8211,#8228,#8237,.T.);
#8237 = LINE('',#8238,#8239);
#8238 = CARTESIAN_POINT('',(-142.25,62.5,100.));
#8239 = VECTOR('',#8240,1.);
#8240 = DIRECTION('',(0.,1.,0.));
#8241 = PLANE('',#8242);
#8242 = AXIS2_PLACEMENT_3D('',#8243,#8244,#8245);
#8243 = CARTESIAN_POINT('',(-228.,55.,100.));
#8244 = DIRECTION('',(0.,0.,1.));
#8245 = DIRECTION('',(1.,0.,0.));
#8246 = ADVANCED_FACE('',(#8247),#8265,.T.);
#8247 = FACE_BOUND('',#8248,.T.);
#8248 = EDGE_LOOP('',(#8249,#8257,#8258,#8259));
#8249 = ORIENTED_EDGE('',*,*,#8250,.F.);
#8250 = EDGE_CURVE('',#8094,#8251,#8253,.T.);
#8251 = VERTEX_POINT('',#8252);
#8252 = CARTESIAN_POINT('',(-132.,105.,95.));
#8253 = LINE('',#8254,#8255);
#8254 = CARTESIAN_POINT('',(-228.,105.,95.));
#8255 = VECTOR('',#8256,1.);
#8256 = DIRECTION('',(1.,0.,0.));
#8257 = ORIENTED_EDGE('',*,*,#8101,.T.);
#8258 = ORIENTED_EDGE('',*,*,#8164,.T.);
#8259 = ORIENTED_EDGE('',*,*,#8260,.F.);
#8260 = EDGE_CURVE('',#8251,#8157,#8261,.T.);
#8261 = LINE('',#8262,#8263);
#8262 = CARTESIAN_POINT('',(-132.,105.,95.));
#8263 = VECTOR('',#8264,1.);
#8264 = DIRECTION('',(0.,0.,1.));
#8265 = PLANE('',#8266);
#8266 = AXIS2_PLACEMENT_3D('',#8267,#8268,#8269);
#8267 = CARTESIAN_POINT('',(-228.,105.,95.));
#8268 = DIRECTION('',(0.,1.,0.));
#8269 = DIRECTION('',(0.,0.,1.));
#8270 = ADVANCED_FACE('',(#8271,#8282,#8318),#8354,.F.);
#8271 = FACE_BOUND('',#8272,.F.);
#8272 = EDGE_LOOP('',(#8273,#8274,#8275,#8281));
#8273 = ORIENTED_EDGE('',*,*,#8093,.F.);
#8274 = ORIENTED_EDGE('',*,*,#8123,.T.);
#8275 = ORIENTED_EDGE('',*,*,#8276,.T.);
#8276 = EDGE_CURVE('',#8124,#8251,#8277,.T.);
#8277 = LINE('',#8278,#8279);
#8278 = CARTESIAN_POINT('',(-132.,55.,95.));
#8279 = VECTOR('',#8280,1.);
#8280 = DIRECTION('',(0.,1.,0.));
#8281 = ORIENTED_EDGE('',*,*,#8250,.F.);
#8282 = FACE_BOUND('',#8283,.F.);
#8283 = EDGE_LOOP('',(#8284,#8295,#8303,#8312));
#8284 = ORIENTED_EDGE('',*,*,#8285,.F.);
#8285 = EDGE_CURVE('',#8286,#8288,#8290,.T.);
#8286 = VERTEX_POINT('',#8287);
#8287 = CARTESIAN_POINT('',(-217.75,70.,95.));
#8288 = VERTEX_POINT('',#8289);
#8289 = CARTESIAN_POINT('',(-212.25,70.,95.));
#8290 = CIRCLE('',#8291,2.75);
#8291 = AXIS2_PLACEMENT_3D('',#8292,#8293,#8294);
#8292 = CARTESIAN_POINT('',(-215.,70.,95.));
#8293 = DIRECTION('',(0.,0.,1.));
#8294 = DIRECTION('',(1.,0.,0.));
#8295 = ORIENTED_EDGE('',*,*,#8296,.T.);
#8296 = EDGE_CURVE('',#8286,#8297,#8299,.T.);
#8297 = VERTEX_POINT('',#8298);
#8298 = CARTESIAN_POINT('',(-217.75,90.,95.));
#8299 = LINE('',#8300,#8301);
#8300 = CARTESIAN_POINT('',(-217.75,62.5,95.));
#8301 = VECTOR('',#8302,1.);
#8302 = DIRECTION('',(0.,1.,0.));
#8303 = ORIENTED_EDGE('',*,*,#8304,.F.);
#8304 = EDGE_CURVE('',#8305,#8297,#8307,.T.);
#8305 = VERTEX_POINT('',#8306);
#8306 = CARTESIAN_POINT('',(-212.25,90.,95.));
#8307 = CIRCLE('',#8308,2.75);
#8308 = AXIS2_PLACEMENT_3D('',#8309,#8310,#8311);
#8309 = CARTESIAN_POINT('',(-215.,90.,95.));
#8310 = DIRECTION('',(0.,0.,1.));
#8311 = DIRECTION('',(1.,0.,0.));
#8312 = ORIENTED_EDGE('',*,*,#8313,.F.);
#8313 = EDGE_CURVE('',#8288,#8305,#8314,.T.);
#8314 = LINE('',#8315,#8316);
#8315 = CARTESIAN_POINT('',(-212.25,62.5,95.));
#8316 = VECTOR('',#8317,1.);
#8317 = DIRECTION('',(0.,1.,0.));
#8318 = FACE_BOUND('',#8319,.F.);
#8319 = EDGE_LOOP('',(#8320,#8331,#8339,#8348));
#8320 = ORIENTED_EDGE('',*,*,#8321,.F.);
#8321 = EDGE_CURVE('',#8322,#8324,#8326,.T.);
#8322 = VERTEX_POINT('',#8323);
#8323 = CARTESIAN_POINT('',(-147.75,70.,95.));
#8324 = VERTEX_POINT('',#8325);
#8325 = CARTESIAN_POINT('',(-142.25,70.,95.));
#8326 = CIRCLE('',#8327,2.75);
#8327 = AXIS2_PLACEMENT_3D('',#8328,#8329,#8330);
#8328 = CARTESIAN_POINT('',(-145.,70.,95.));
#8329 = DIRECTION('',(0.,0.,1.));
#8330 = DIRECTION('',(1.,0.,0.));
#8331 = ORIENTED_EDGE('',*,*,#8332,.T.);
#8332 = EDGE_CURVE('',#8322,#8333,#8335,.T.);
#8333 = VERTEX_POINT('',#8334);
#8334 = CARTESIAN_POINT('',(-147.75,90.,95.));
#8335 = LINE('',#8336,#8337);
#8336 = CARTESIAN_POINT('',(-147.75,62.5,95.));
#8337 = VECTOR('',#8338,1.);
#8338 = DIRECTION('',(0.,1.,0.));
#8339 = ORIENTED_EDGE('',*,*,#8340,.F.);
#8340 = EDGE_CURVE('',#8341,#8333,#8343,.T.);
#8341 = VERTEX_POINT('',#8342);
#8342 = CARTESIAN_POINT('',(-142.25,90.,95.));
#8343 = CIRCLE('',#8344,2.75);
#8344 = AXIS2_PLACEMENT_3D('',#8345,#8346,#8347);
#8345 = CARTESIAN_POINT('',(-145.,90.,95.));
#8346 = DIRECTION('',(0.,0.,1.));
#8347 = DIRECTION('',(1.,0.,0.));
#8348 = ORIENTED_EDGE('',*,*,#8349,.F.);
#8349 = EDGE_CURVE('',#8324,#8341,#8350,.T.);
#8350 = LINE('',#8351,#8352);
#8351 = CARTESIAN_POINT('',(-142.25,62.5,95.));
#8352 = VECTOR('',#8353,1.);
#8353 = DIRECTION('',(0.,1.,0.));
#8354 = PLANE('',#8355);
#8355 = AXIS2_PLACEMENT_3D('',#8356,#8357,#8358);
#8356 = CARTESIAN_POINT('',(-228.,55.,95.));
#8357 = DIRECTION('',(0.,0.,1.));
#8358 = DIRECTION('',(1.,0.,0.));
#8359 = ADVANCED_FACE('',(#8360),#8366,.T.);
#8360 = FACE_BOUND('',#8361,.T.);
#8361 = EDGE_LOOP('',(#8362,#8363,#8364,#8365));
#8362 = ORIENTED_EDGE('',*,*,#8140,.F.);
#8363 = ORIENTED_EDGE('',*,*,#8276,.T.);
#8364 = ORIENTED_EDGE('',*,*,#8260,.T.);
#8365 = ORIENTED_EDGE('',*,*,#8156,.F.);
#8366 = PLANE('',#8367);
#8367 = AXIS2_PLACEMENT_3D('',#8368,#8369,#8370);
#8368 = CARTESIAN_POINT('',(-132.,55.,95.));
#8369 = DIRECTION('',(1.,0.,0.));
#8370 = DIRECTION('',(0.,0.,1.));
#8371 = ADVANCED_FACE('',(#8372),#8388,.F.);
#8372 = FACE_BOUND('',#8373,.F.);
#8373 = EDGE_LOOP('',(#8374,#8375,#8381,#8382));
#8374 = ORIENTED_EDGE('',*,*,#8285,.T.);
#8375 = ORIENTED_EDGE('',*,*,#8376,.T.);
#8376 = EDGE_CURVE('',#8288,#8175,#8377,.T.);
#8377 = LINE('',#8378,#8379);
#8378 = CARTESIAN_POINT('',(-212.25,70.,94.));
#8379 = VECTOR('',#8380,1.);
#8380 = DIRECTION('',(0.,0.,1.));
#8381 = ORIENTED_EDGE('',*,*,#8172,.F.);
#8382 = ORIENTED_EDGE('',*,*,#8383,.F.);
#8383 = EDGE_CURVE('',#8286,#8173,#8384,.T.);
#8384 = LINE('',#8385,#8386);
#8385 = CARTESIAN_POINT('',(-217.75,70.,94.));
#8386 = VECTOR('',#8387,1.);
#8387 = DIRECTION('',(0.,0.,1.));
#8388 = CYLINDRICAL_SURFACE('',#8389,2.75);
#8389 = AXIS2_PLACEMENT_3D('',#8390,#8391,#8392);
#8390 = CARTESIAN_POINT('',(-215.,70.,94.));
#8391 = DIRECTION('',(0.,0.,1.));
#8392 = DIRECTION('',(1.,0.,0.));
#8393 = ADVANCED_FACE('',(#8394),#8405,.T.);
#8394 = FACE_BOUND('',#8395,.T.);
#8395 = EDGE_LOOP('',(#8396,#8397,#8398,#8404));
#8396 = ORIENTED_EDGE('',*,*,#8383,.F.);
#8397 = ORIENTED_EDGE('',*,*,#8296,.T.);
#8398 = ORIENTED_EDGE('',*,*,#8399,.T.);
#8399 = EDGE_CURVE('',#8297,#8184,#8400,.T.);
#8400 = LINE('',#8401,#8402);
#8401 = CARTESIAN_POINT('',(-217.75,90.,94.));
#8402 = VECTOR('',#8403,1.);
#8403 = DIRECTION('',(0.,0.,1.));
#8404 = ORIENTED_EDGE('',*,*,#8183,.F.);
#8405 = PLANE('',#8406);
#8406 = AXIS2_PLACEMENT_3D('',#8407,#8408,#8409);
#8407 = CARTESIAN_POINT('',(-217.75,70.,94.));
#8408 = DIRECTION('',(1.,0.,0.));
#8409 = DIRECTION('',(0.,0.,1.));
#8410 = ADVANCED_FACE('',(#8411),#8422,.F.);
#8411 = FACE_BOUND('',#8412,.F.);
#8412 = EDGE_LOOP('',(#8413,#8414,#8415,#8421));
#8413 = ORIENTED_EDGE('',*,*,#8376,.F.);
#8414 = ORIENTED_EDGE('',*,*,#8313,.T.);
#8415 = ORIENTED_EDGE('',*,*,#8416,.T.);
#8416 = EDGE_CURVE('',#8305,#8192,#8417,.T.);
#8417 = LINE('',#8418,#8419);
#8418 = CARTESIAN_POINT('',(-212.25,90.,94.));
#8419 = VECTOR('',#8420,1.);
#8420 = DIRECTION('',(0.,0.,1.));
#8421 = ORIENTED_EDGE('',*,*,#8200,.F.);
#8422 = PLANE('',#8423);
#8423 = AXIS2_PLACEMENT_3D('',#8424,#8425,#8426);
#8424 = CARTESIAN_POINT('',(-212.25,70.,94.));
#8425 = DIRECTION('',(1.,0.,0.));
#8426 = DIRECTION('',(0.,0.,1.));
#8427 = ADVANCED_FACE('',(#8428),#8434,.F.);
#8428 = FACE_BOUND('',#8429,.F.);
#8429 = EDGE_LOOP('',(#8430,#8431,#8432,#8433));
#8430 = ORIENTED_EDGE('',*,*,#8191,.F.);
#8431 = ORIENTED_EDGE('',*,*,#8416,.F.);
#8432 = ORIENTED_EDGE('',*,*,#8304,.T.);
#8433 = ORIENTED_EDGE('',*,*,#8399,.T.);
#8434 = CYLINDRICAL_SURFACE('',#8435,2.75);
#8435 = AXIS2_PLACEMENT_3D('',#8436,#8437,#8438);
#8436 = CARTESIAN_POINT('',(-215.,90.,94.));
#8437 = DIRECTION('',(0.,0.,1.));
#8438 = DIRECTION('',(1.,0.,0.));
#8439 = ADVANCED_FACE('',(#8440),#8456,.F.);
#8440 = FACE_BOUND('',#8441,.F.);
#8441 = EDGE_LOOP('',(#8442,#8443,#8449,#8450));
#8442 = ORIENTED_EDGE('',*,*,#8321,.T.);
#8443 = ORIENTED_EDGE('',*,*,#8444,.T.);
#8444 = EDGE_CURVE('',#8324,#8211,#8445,.T.);
#8445 = LINE('',#8446,#8447);
#8446 = CARTESIAN_POINT('',(-142.25,70.,94.));
#8447 = VECTOR('',#8448,1.);
#8448 = DIRECTION('',(0.,0.,1.));
#8449 = ORIENTED_EDGE('',*,*,#8208,.F.);
#8450 = ORIENTED_EDGE('',*,*,#8451,.F.);
#8451 = EDGE_CURVE('',#8322,#8209,#8452,.T.);
#8452 = LINE('',#8453,#8454);
#8453 = CARTESIAN_POINT('',(-147.75,70.,94.));
#8454 = VECTOR('',#8455,1.);
#8455 = DIRECTION('',(0.,0.,1.));
#8456 = CYLINDRICAL_SURFACE('',#8457,2.75);
#8457 = AXIS2_PLACEMENT_3D('',#8458,#8459,#8460);
#8458 = CARTESIAN_POINT('',(-145.,70.,94.));
#8459 = DIRECTION('',(0.,0.,1.));
#8460 = DIRECTION('',(1.,0.,0.));
#8461 = ADVANCED_FACE('',(#8462),#8473,.F.);
#8462 = FACE_BOUND('',#8463,.F.);
#8463 = EDGE_LOOP('',(#8464,#8465,#8466,#8472));
#8464 = ORIENTED_EDGE('',*,*,#8444,.F.);
#8465 = ORIENTED_EDGE('',*,*,#8349,.T.);
#8466 = ORIENTED_EDGE('',*,*,#8467,.T.);
#8467 = EDGE_CURVE('',#8341,#8228,#8468,.T.);
#8468 = LINE('',#8469,#8470);
#8469 = CARTESIAN_POINT('',(-142.25,90.,94.));
#8470 = VECTOR('',#8471,1.);
#8471 = DIRECTION('',(0.,0.,1.));
#8472 = ORIENTED_EDGE('',*,*,#8236,.F.);
#8473 = PLANE('',#8474);
#8474 = AXIS2_PLACEMENT_3D('',#8475,#8476,#8477);
#8475 = CARTESIAN_POINT('',(-142.25,70.,94.));
#8476 = DIRECTION('',(1.,0.,0.));
#8477 = DIRECTION('',(0.,0.,1.));
#8478 = ADVANCED_FACE('',(#8479),#8490,.F.);
#8479 = FACE_BOUND('',#8480,.F.);
#8480 = EDGE_LOOP('',(#8481,#8482,#8483,#8484));
#8481 = ORIENTED_EDGE('',*,*,#8227,.F.);
#8482 = ORIENTED_EDGE('',*,*,#8467,.F.);
#8483 = ORIENTED_EDGE('',*,*,#8340,.T.);
#8484 = ORIENTED_EDGE('',*,*,#8485,.T.);
#8485 = EDGE_CURVE('',#8333,#8220,#8486,.T.);
#8486 = LINE('',#8487,#8488);
#8487 = CARTESIAN_POINT('',(-147.75,90.,94.));
#8488 = VECTOR('',#8489,1.);
#8489 = DIRECTION('',(0.,0.,1.));
#8490 = CYLINDRICAL_SURFACE('',#8491,2.75);
#8491 = AXIS2_PLACEMENT_3D('',#8492,#8493,#8494);
#8492 = CARTESIAN_POINT('',(-145.,90.,94.));
#8493 = DIRECTION('',(0.,0.,1.));
#8494 = DIRECTION('',(1.,0.,0.));
#8495 = ADVANCED_FACE('',(#8496),#8502,.T.);
#8496 = FACE_BOUND('',#8497,.T.);
#8497 = EDGE_LOOP('',(#8498,#8499,#8500,#8501));
#8498 = ORIENTED_EDGE('',*,*,#8451,.F.);
#8499 = ORIENTED_EDGE('',*,*,#8332,.T.);
#8500 = ORIENTED_EDGE('',*,*,#8485,.T.);
#8501 = ORIENTED_EDGE('',*,*,#8219,.F.);
#8502 = PLANE('',#8503);
#8503 = AXIS2_PLACEMENT_3D('',#8504,#8505,#8506);
#8504 = CARTESIAN_POINT('',(-147.75,70.,94.));
#8505 = DIRECTION('',(1.,0.,0.));
#8506 = DIRECTION('',(0.,0.,1.));
#8507 = MANIFOLD_SOLID_BREP('',#8508);
#8508 = CLOSED_SHELL('',(#8509,#8542,#8551));
#8509 = ADVANCED_FACE('',(#8510),#8537,.T.);
#8510 = FACE_BOUND('',#8511,.T.);
#8511 = EDGE_LOOP('',(#8512,#8521,#8529,#8536));
#8512 = ORIENTED_EDGE('',*,*,#8513,.F.);
#8513 = EDGE_CURVE('',#8514,#8514,#8516,.T.);
#8514 = VERTEX_POINT('',#8515);
#8515 = CARTESIAN_POINT('',(-146.25,80.,107.));
#8516 = CIRCLE('',#8517,2.);
#8517 = AXIS2_PLACEMENT_3D('',#8518,#8519,#8520);
#8518 = CARTESIAN_POINT('',(-146.25,80.,105.));
#8519 = DIRECTION('',(1.,0.,-0.));
#8520 = DIRECTION('',(0.,0.,1.));
#8521 = ORIENTED_EDGE('',*,*,#8522,.F.);
#8522 = EDGE_CURVE('',#8523,#8514,#8525,.T.);
#8523 = VERTEX_POINT('',#8524);
#8524 = CARTESIAN_POINT('',(-213.75,80.,107.));
#8525 = LINE('',#8526,#8527);
#8526 = CARTESIAN_POINT('',(-213.75,80.,107.));
#8527 = VECTOR('',#8528,1.);
#8528 = DIRECTION('',(1.,0.,0.));
#8529 = ORIENTED_EDGE('',*,*,#8530,.T.);
#8530 = EDGE_CURVE('',#8523,#8523,#8531,.T.);
#8531 = CIRCLE('',#8532,2.);
#8532 = AXIS2_PLACEMENT_3D('',#8533,#8534,#8535);
#8533 = CARTESIAN_POINT('',(-213.75,80.,105.));
#8534 = DIRECTION('',(1.,0.,-0.));
#8535 = DIRECTION('',(0.,0.,1.));
#8536 = ORIENTED_EDGE('',*,*,#8522,.T.);
#8537 = CYLINDRICAL_SURFACE('',#8538,2.);
#8538 = AXIS2_PLACEMENT_3D('',#8539,#8540,#8541);
#8539 = CARTESIAN_POINT('',(-213.75,80.,105.));
#8540 = DIRECTION('',(1.,0.,0.));
#8541 = DIRECTION('',(0.,0.,1.));
#8542 = ADVANCED_FACE('',(#8543),#8546,.T.);
#8543 = FACE_BOUND('',#8544,.T.);
#8544 = EDGE_LOOP('',(#8545));
#8545 = ORIENTED_EDGE('',*,*,#8513,.T.);
#8546 = PLANE('',#8547);
#8547 = AXIS2_PLACEMENT_3D('',#8548,#8549,#8550);
#8548 = CARTESIAN_POINT('',(-146.25,80.,105.));
#8549 = DIRECTION('',(1.,0.,0.));
#8550 = DIRECTION('',(0.,0.,1.));
#8551 = ADVANCED_FACE('',(#8552),#8555,.F.);
#8552 = FACE_BOUND('',#8553,.T.);
#8553 = EDGE_LOOP('',(#8554));
#8554 = ORIENTED_EDGE('',*,*,#8530,.F.);
#8555 = PLANE('',#8556);
#8556 = AXIS2_PLACEMENT_3D('',#8557,#8558,#8559);
#8557 = CARTESIAN_POINT('',(-213.75,80.,105.));
#8558 = DIRECTION('',(1.,0.,0.));
#8559 = DIRECTION('',(0.,0.,1.));
#8560 = MANIFOLD_SOLID_BREP('',#8561);
#8561 = CLOSED_SHELL('',(#8562,#8613,#8644,#8668,#8692,#8709,#8734));
#8562 = ADVANCED_FACE('',(#8563,#8597),#8608,.F.);
#8563 = FACE_BOUND('',#8564,.F.);
#8564 = EDGE_LOOP('',(#8565,#8575,#8583,#8591));
#8565 = ORIENTED_EDGE('',*,*,#8566,.F.);
#8566 = EDGE_CURVE('',#8567,#8569,#8571,.T.);
#8567 = VERTEX_POINT('',#8568);
#8568 = CARTESIAN_POINT('',(-212.75,72.,100.));
#8569 = VERTEX_POINT('',#8570);
#8570 = CARTESIAN_POINT('',(-212.75,72.,113.));
#8571 = LINE('',#8572,#8573);
#8572 = CARTESIAN_POINT('',(-212.75,72.,100.));
#8573 = VECTOR('',#8574,1.);
#8574 = DIRECTION('',(0.,0.,1.));
#8575 = ORIENTED_EDGE('',*,*,#8576,.T.);
#8576 = EDGE_CURVE('',#8567,#8577,#8579,.T.);
#8577 = VERTEX_POINT('',#8578);
#8578 = CARTESIAN_POINT('',(-212.75,88.,100.));
#8579 = LINE('',#8580,#8581);
#8580 = CARTESIAN_POINT('',(-212.75,72.,100.));
#8581 = VECTOR('',#8582,1.);
#8582 = DIRECTION('',(0.,1.,0.));
#8583 = ORIENTED_EDGE('',*,*,#8584,.T.);
#8584 = EDGE_CURVE('',#8577,#8585,#8587,.T.);
#8585 = VERTEX_POINT('',#8586);
#8586 = CARTESIAN_POINT('',(-212.75,88.,113.));
#8587 = LINE('',#8588,#8589);
#8588 = CARTESIAN_POINT('',(-212.75,88.,100.));
#8589 = VECTOR('',#8590,1.);
#8590 = DIRECTION('',(0.,0.,1.));
#8591 = ORIENTED_EDGE('',*,*,#8592,.F.);
#8592 = EDGE_CURVE('',#8569,#8585,#8593,.T.);
#8593 = LINE('',#8594,#8595);
#8594 = CARTESIAN_POINT('',(-212.75,72.,113.));
#8595 = VECTOR('',#8596,1.);
#8596 = DIRECTION('',(0.,1.,0.));
#8597 = FACE_BOUND('',#8598,.F.);
#8598 = EDGE_LOOP('',(#8599));
#8599 = ORIENTED_EDGE('',*,*,#8600,.F.);
#8600 = EDGE_CURVE('',#8601,#8601,#8603,.T.);
#8601 = VERTEX_POINT('',#8602);
#8602 = CARTESIAN_POINT('',(-212.75,80.,107.1));
#8603 = CIRCLE('',#8604,2.1);
#8604 = AXIS2_PLACEMENT_3D('',#8605,#8606,#8607);
#8605 = CARTESIAN_POINT('',(-212.75,80.,105.));
#8606 = DIRECTION('',(1.,0.,-0.));
#8607 = DIRECTION('',(0.,0.,1.));
#8608 = PLANE('',#8609);
#8609 = AXIS2_PLACEMENT_3D('',#8610,#8611,#8612);
#8610 = CARTESIAN_POINT('',(-212.75,72.,100.));
#8611 = DIRECTION('',(1.,0.,0.));
#8612 = DIRECTION('',(0.,0.,1.));
#8613 = ADVANCED_FACE('',(#8614),#8639,.F.);
#8614 = FACE_BOUND('',#8615,.F.);
#8615 = EDGE_LOOP('',(#8616,#8624,#8625,#8633));
#8616 = ORIENTED_EDGE('',*,*,#8617,.F.);
#8617 = EDGE_CURVE('',#8567,#8618,#8620,.T.);
#8618 = VERTEX_POINT('',#8619);
#8619 = CARTESIAN_POINT('',(-204.75,72.,100.));
#8620 = LINE('',#8621,#8622);
#8621 = CARTESIAN_POINT('',(-212.75,72.,100.));
#8622 = VECTOR('',#8623,1.);
#8623 = DIRECTION('',(1.,0.,0.));
#8624 = ORIENTED_EDGE('',*,*,#8566,.T.);
#8625 = ORIENTED_EDGE('',*,*,#8626,.T.);
#8626 = EDGE_CURVE('',#8569,#8627,#8629,.T.);
#8627 = VERTEX_POINT('',#8628);
#8628 = CARTESIAN_POINT('',(-204.75,72.,113.));
#8629 = LINE('',#8630,#8631);
#8630 = CARTESIAN_POINT('',(-212.75,72.,113.));
#8631 = VECTOR('',#8632,1.);
#8632 = DIRECTION('',(1.,0.,0.));
#8633 = ORIENTED_EDGE('',*,*,#8634,.F.);
#8634 = EDGE_CURVE('',#8618,#8627,#8635,.T.);
#8635 = LINE('',#8636,#8637);
#8636 = CARTESIAN_POINT('',(-204.75,72.,100.));
#8637 = VECTOR('',#8638,1.);
#8638 = DIRECTION('',(0.,0.,1.));
#8639 = PLANE('',#8640);
#8640 = AXIS2_PLACEMENT_3D('',#8641,#8642,#8643);
#8641 = CARTESIAN_POINT('',(-212.75,72.,100.));
#8642 = DIRECTION('',(0.,1.,0.));
#8643 = DIRECTION('',(0.,0.,1.));
#8644 = ADVANCED_FACE('',(#8645),#8663,.T.);
#8645 = FACE_BOUND('',#8646,.T.);
#8646 = EDGE_LOOP('',(#8647,#8648,#8649,#8657));
#8647 = ORIENTED_EDGE('',*,*,#8592,.F.);
#8648 = ORIENTED_EDGE('',*,*,#8626,.T.);
#8649 = ORIENTED_EDGE('',*,*,#8650,.T.);
#8650 = EDGE_CURVE('',#8627,#8651,#8653,.T.);
#8651 = VERTEX_POINT('',#8652);
#8652 = CARTESIAN_POINT('',(-204.75,88.,113.));
#8653 = LINE('',#8654,#8655);
#8654 = CARTESIAN_POINT('',(-204.75,72.,113.));
#8655 = VECTOR('',#8656,1.);
#8656 = DIRECTION('',(0.,1.,0.));
#8657 = ORIENTED_EDGE('',*,*,#8658,.F.);
#8658 = EDGE_CURVE('',#8585,#8651,#8659,.T.);
#8659 = LINE('',#8660,#8661);
#8660 = CARTESIAN_POINT('',(-212.75,88.,113.));
#8661 = VECTOR('',#8662,1.);
#8662 = DIRECTION('',(1.,0.,0.));
#8663 = PLANE('',#8664);
#8664 = AXIS2_PLACEMENT_3D('',#8665,#8666,#8667);
#8665 = CARTESIAN_POINT('',(-212.75,72.,113.));
#8666 = DIRECTION('',(0.,0.,1.));
#8667 = DIRECTION('',(1.,0.,0.));
#8668 = ADVANCED_FACE('',(#8669),#8687,.F.);
#8669 = FACE_BOUND('',#8670,.F.);
#8670 = EDGE_LOOP('',(#8671,#8672,#8673,#8681));
#8671 = ORIENTED_EDGE('',*,*,#8576,.F.);
#8672 = ORIENTED_EDGE('',*,*,#8617,.T.);
#8673 = ORIENTED_EDGE('',*,*,#8674,.T.);
#8674 = EDGE_CURVE('',#8618,#8675,#8677,.T.);
#8675 = VERTEX_POINT('',#8676);
#8676 = CARTESIAN_POINT('',(-204.75,88.,100.));
#8677 = LINE('',#8678,#8679);
#8678 = CARTESIAN_POINT('',(-204.75,72.,100.));
#8679 = VECTOR('',#8680,1.);
#8680 = DIRECTION('',(0.,1.,0.));
#8681 = ORIENTED_EDGE('',*,*,#8682,.F.);
#8682 = EDGE_CURVE('',#8577,#8675,#8683,.T.);
#8683 = LINE('',#8684,#8685);
#8684 = CARTESIAN_POINT('',(-212.75,88.,100.));
#8685 = VECTOR('',#8686,1.);
#8686 = DIRECTION('',(1.,0.,0.));
#8687 = PLANE('',#8688);
#8688 = AXIS2_PLACEMENT_3D('',#8689,#8690,#8691);
#8689 = CARTESIAN_POINT('',(-212.75,72.,100.));
#8690 = DIRECTION('',(0.,0.,1.));
#8691 = DIRECTION('',(1.,0.,0.));
#8692 = ADVANCED_FACE('',(#8693),#8704,.T.);
#8693 = FACE_BOUND('',#8694,.T.);
#8694 = EDGE_LOOP('',(#8695,#8696,#8697,#8698));
#8695 = ORIENTED_EDGE('',*,*,#8682,.F.);
#8696 = ORIENTED_EDGE('',*,*,#8584,.T.);
#8697 = ORIENTED_EDGE('',*,*,#8658,.T.);
#8698 = ORIENTED_EDGE('',*,*,#8699,.F.);
#8699 = EDGE_CURVE('',#8675,#8651,#8700,.T.);
#8700 = LINE('',#8701,#8702);
#8701 = CARTESIAN_POINT('',(-204.75,88.,100.));
#8702 = VECTOR('',#8703,1.);
#8703 = DIRECTION('',(0.,0.,1.));
#8704 = PLANE('',#8705);
#8705 = AXIS2_PLACEMENT_3D('',#8706,#8707,#8708);
#8706 = CARTESIAN_POINT('',(-212.75,88.,100.));
#8707 = DIRECTION('',(0.,1.,0.));
#8708 = DIRECTION('',(0.,0.,1.));
#8709 = ADVANCED_FACE('',(#8710),#8729,.F.);
#8710 = FACE_BOUND('',#8711,.F.);
#8711 = EDGE_LOOP('',(#8712,#8721,#8727,#8728));
#8712 = ORIENTED_EDGE('',*,*,#8713,.F.);
#8713 = EDGE_CURVE('',#8714,#8714,#8716,.T.);
#8714 = VERTEX_POINT('',#8715);
#8715 = CARTESIAN_POINT('',(-204.75,80.,107.1));
#8716 = CIRCLE('',#8717,2.1);
#8717 = AXIS2_PLACEMENT_3D('',#8718,#8719,#8720);
#8718 = CARTESIAN_POINT('',(-204.75,80.,105.));
#8719 = DIRECTION('',(1.,0.,-0.));
#8720 = DIRECTION('',(0.,0.,1.));
#8721 = ORIENTED_EDGE('',*,*,#8722,.F.);
#8722 = EDGE_CURVE('',#8601,#8714,#8723,.T.);
#8723 = LINE('',#8724,#8725);
#8724 = CARTESIAN_POINT('',(-213.75,80.,107.1));
#8725 = VECTOR('',#8726,1.);
#8726 = DIRECTION('',(1.,0.,0.));
#8727 = ORIENTED_EDGE('',*,*,#8600,.T.);
#8728 = ORIENTED_EDGE('',*,*,#8722,.T.);
#8729 = CYLINDRICAL_SURFACE('',#8730,2.1);
#8730 = AXIS2_PLACEMENT_3D('',#8731,#8732,#8733);
#8731 = CARTESIAN_POINT('',(-213.75,80.,105.));
#8732 = DIRECTION('',(1.,0.,0.));
#8733 = DIRECTION('',(0.,0.,1.));
#8734 = ADVANCED_FACE('',(#8735,#8741),#8744,.T.);
#8735 = FACE_BOUND('',#8736,.T.);
#8736 = EDGE_LOOP('',(#8737,#8738,#8739,#8740));
#8737 = ORIENTED_EDGE('',*,*,#8634,.F.);
#8738 = ORIENTED_EDGE('',*,*,#8674,.T.);
#8739 = ORIENTED_EDGE('',*,*,#8699,.T.);
#8740 = ORIENTED_EDGE('',*,*,#8650,.F.);
#8741 = FACE_BOUND('',#8742,.T.);
#8742 = EDGE_LOOP('',(#8743));
#8743 = ORIENTED_EDGE('',*,*,#8713,.F.);
#8744 = PLANE('',#8745);
#8745 = AXIS2_PLACEMENT_3D('',#8746,#8747,#8748);
#8746 = CARTESIAN_POINT('',(-204.75,72.,100.));
#8747 = DIRECTION('',(1.,0.,0.));
#8748 = DIRECTION('',(0.,0.,1.));
#8749 = MANIFOLD_SOLID_BREP('',#8750);
#8750 = CLOSED_SHELL('',(#8751,#8802,#8833,#8857,#8881,#8898,#8923));
#8751 = ADVANCED_FACE('',(#8752,#8786),#8797,.F.);
#8752 = FACE_BOUND('',#8753,.F.);
#8753 = EDGE_LOOP('',(#8754,#8764,#8772,#8780));
#8754 = ORIENTED_EDGE('',*,*,#8755,.F.);
#8755 = EDGE_CURVE('',#8756,#8758,#8760,.T.);
#8756 = VERTEX_POINT('',#8757);
#8757 = CARTESIAN_POINT('',(-155.25,72.,100.));
#8758 = VERTEX_POINT('',#8759);
#8759 = CARTESIAN_POINT('',(-155.25,72.,113.));
#8760 = LINE('',#8761,#8762);
#8761 = CARTESIAN_POINT('',(-155.25,72.,100.));
#8762 = VECTOR('',#8763,1.);
#8763 = DIRECTION('',(0.,0.,1.));
#8764 = ORIENTED_EDGE('',*,*,#8765,.T.);
#8765 = EDGE_CURVE('',#8756,#8766,#8768,.T.);
#8766 = VERTEX_POINT('',#8767);
#8767 = CARTESIAN_POINT('',(-155.25,88.,100.));
#8768 = LINE('',#8769,#8770);
#8769 = CARTESIAN_POINT('',(-155.25,72.,100.));
#8770 = VECTOR('',#8771,1.);
#8771 = DIRECTION('',(0.,1.,0.));
#8772 = ORIENTED_EDGE('',*,*,#8773,.T.);
#8773 = EDGE_CURVE('',#8766,#8774,#8776,.T.);
#8774 = VERTEX_POINT('',#8775);
#8775 = CARTESIAN_POINT('',(-155.25,88.,113.));
#8776 = LINE('',#8777,#8778);
#8777 = CARTESIAN_POINT('',(-155.25,88.,100.));
#8778 = VECTOR('',#8779,1.);
#8779 = DIRECTION('',(0.,0.,1.));
#8780 = ORIENTED_EDGE('',*,*,#8781,.F.);
#8781 = EDGE_CURVE('',#8758,#8774,#8782,.T.);
#8782 = LINE('',#8783,#8784);
#8783 = CARTESIAN_POINT('',(-155.25,72.,113.));
#8784 = VECTOR('',#8785,1.);
#8785 = DIRECTION('',(0.,1.,0.));
#8786 = FACE_BOUND('',#8787,.F.);
#8787 = EDGE_LOOP('',(#8788));
#8788 = ORIENTED_EDGE('',*,*,#8789,.F.);
#8789 = EDGE_CURVE('',#8790,#8790,#8792,.T.);
#8790 = VERTEX_POINT('',#8791);
#8791 = CARTESIAN_POINT('',(-155.25,80.,107.1));
#8792 = CIRCLE('',#8793,2.1);
#8793 = AXIS2_PLACEMENT_3D('',#8794,#8795,#8796);
#8794 = CARTESIAN_POINT('',(-155.25,80.,105.));
#8795 = DIRECTION('',(1.,0.,-0.));
#8796 = DIRECTION('',(0.,0.,1.));
#8797 = PLANE('',#8798);
#8798 = AXIS2_PLACEMENT_3D('',#8799,#8800,#8801);
#8799 = CARTESIAN_POINT('',(-155.25,72.,100.));
#8800 = DIRECTION('',(1.,0.,0.));
#8801 = DIRECTION('',(0.,0.,1.));
#8802 = ADVANCED_FACE('',(#8803),#8828,.F.);
#8803 = FACE_BOUND('',#8804,.F.);
#8804 = EDGE_LOOP('',(#8805,#8813,#8814,#8822));
#8805 = ORIENTED_EDGE('',*,*,#8806,.F.);
#8806 = EDGE_CURVE('',#8756,#8807,#8809,.T.);
#8807 = VERTEX_POINT('',#8808);
#8808 = CARTESIAN_POINT('',(-147.25,72.,100.));
#8809 = LINE('',#8810,#8811);
#8810 = CARTESIAN_POINT('',(-155.25,72.,100.));
#8811 = VECTOR('',#8812,1.);
#8812 = DIRECTION('',(1.,0.,0.));
#8813 = ORIENTED_EDGE('',*,*,#8755,.T.);
#8814 = ORIENTED_EDGE('',*,*,#8815,.T.);
#8815 = EDGE_CURVE('',#8758,#8816,#8818,.T.);
#8816 = VERTEX_POINT('',#8817);
#8817 = CARTESIAN_POINT('',(-147.25,72.,113.));
#8818 = LINE('',#8819,#8820);
#8819 = CARTESIAN_POINT('',(-155.25,72.,113.));
#8820 = VECTOR('',#8821,1.);
#8821 = DIRECTION('',(1.,0.,0.));
#8822 = ORIENTED_EDGE('',*,*,#8823,.F.);
#8823 = EDGE_CURVE('',#8807,#8816,#8824,.T.);
#8824 = LINE('',#8825,#8826);
#8825 = CARTESIAN_POINT('',(-147.25,72.,100.));
#8826 = VECTOR('',#8827,1.);
#8827 = DIRECTION('',(0.,0.,1.));
#8828 = PLANE('',#8829);
#8829 = AXIS2_PLACEMENT_3D('',#8830,#8831,#8832);
#8830 = CARTESIAN_POINT('',(-155.25,72.,100.));
#8831 = DIRECTION('',(0.,1.,0.));
#8832 = DIRECTION('',(0.,0.,1.));
#8833 = ADVANCED_FACE('',(#8834),#8852,.T.);
#8834 = FACE_BOUND('',#8835,.T.);
#8835 = EDGE_LOOP('',(#8836,#8837,#8838,#8846));
#8836 = ORIENTED_EDGE('',*,*,#8781,.F.);
#8837 = ORIENTED_EDGE('',*,*,#8815,.T.);
#8838 = ORIENTED_EDGE('',*,*,#8839,.T.);
#8839 = EDGE_CURVE('',#8816,#8840,#8842,.T.);
#8840 = VERTEX_POINT('',#8841);
#8841 = CARTESIAN_POINT('',(-147.25,88.,113.));
#8842 = LINE('',#8843,#8844);
#8843 = CARTESIAN_POINT('',(-147.25,72.,113.));
#8844 = VECTOR('',#8845,1.);
#8845 = DIRECTION('',(0.,1.,0.));
#8846 = ORIENTED_EDGE('',*,*,#8847,.F.);
#8847 = EDGE_CURVE('',#8774,#8840,#8848,.T.);
#8848 = LINE('',#8849,#8850);
#8849 = CARTESIAN_POINT('',(-155.25,88.,113.));
#8850 = VECTOR('',#8851,1.);
#8851 = DIRECTION('',(1.,0.,0.));
#8852 = PLANE('',#8853);
#8853 = AXIS2_PLACEMENT_3D('',#8854,#8855,#8856);
#8854 = CARTESIAN_POINT('',(-155.25,72.,113.));
#8855 = DIRECTION('',(0.,0.,1.));
#8856 = DIRECTION('',(1.,0.,0.));
#8857 = ADVANCED_FACE('',(#8858),#8876,.F.);
#8858 = FACE_BOUND('',#8859,.F.);
#8859 = EDGE_LOOP('',(#8860,#8861,#8862,#8870));
#8860 = ORIENTED_EDGE('',*,*,#8765,.F.);
#8861 = ORIENTED_EDGE('',*,*,#8806,.T.);
#8862 = ORIENTED_EDGE('',*,*,#8863,.T.);
#8863 = EDGE_CURVE('',#8807,#8864,#8866,.T.);
#8864 = VERTEX_POINT('',#8865);
#8865 = CARTESIAN_POINT('',(-147.25,88.,100.));
#8866 = LINE('',#8867,#8868);
#8867 = CARTESIAN_POINT('',(-147.25,72.,100.));
#8868 = VECTOR('',#8869,1.);
#8869 = DIRECTION('',(0.,1.,0.));
#8870 = ORIENTED_EDGE('',*,*,#8871,.F.);
#8871 = EDGE_CURVE('',#8766,#8864,#8872,.T.);
#8872 = LINE('',#8873,#8874);
#8873 = CARTESIAN_POINT('',(-155.25,88.,100.));
#8874 = VECTOR('',#8875,1.);
#8875 = DIRECTION('',(1.,0.,0.));
#8876 = PLANE('',#8877);
#8877 = AXIS2_PLACEMENT_3D('',#8878,#8879,#8880);
#8878 = CARTESIAN_POINT('',(-155.25,72.,100.));
#8879 = DIRECTION('',(0.,0.,1.));
#8880 = DIRECTION('',(1.,0.,0.));
#8881 = ADVANCED_FACE('',(#8882),#8893,.T.);
#8882 = FACE_BOUND('',#8883,.T.);
#8883 = EDGE_LOOP('',(#8884,#8885,#8886,#8887));
#8884 = ORIENTED_EDGE('',*,*,#8871,.F.);
#8885 = ORIENTED_EDGE('',*,*,#8773,.T.);
#8886 = ORIENTED_EDGE('',*,*,#8847,.T.);
#8887 = ORIENTED_EDGE('',*,*,#8888,.F.);
#8888 = EDGE_CURVE('',#8864,#8840,#8889,.T.);
#8889 = LINE('',#8890,#8891);
#8890 = CARTESIAN_POINT('',(-147.25,88.,100.));
#8891 = VECTOR('',#8892,1.);
#8892 = DIRECTION('',(0.,0.,1.));
#8893 = PLANE('',#8894);
#8894 = AXIS2_PLACEMENT_3D('',#8895,#8896,#8897);
#8895 = CARTESIAN_POINT('',(-155.25,88.,100.));
#8896 = DIRECTION('',(0.,1.,0.));
#8897 = DIRECTION('',(0.,0.,1.));
#8898 = ADVANCED_FACE('',(#8899),#8918,.F.);
#8899 = FACE_BOUND('',#8900,.F.);
#8900 = EDGE_LOOP('',(#8901,#8910,#8916,#8917));
#8901 = ORIENTED_EDGE('',*,*,#8902,.F.);
#8902 = EDGE_CURVE('',#8903,#8903,#8905,.T.);
#8903 = VERTEX_POINT('',#8904);
#8904 = CARTESIAN_POINT('',(-147.25,80.,107.1));
#8905 = CIRCLE('',#8906,2.1);
#8906 = AXIS2_PLACEMENT_3D('',#8907,#8908,#8909);
#8907 = CARTESIAN_POINT('',(-147.25,80.,105.));
#8908 = DIRECTION('',(1.,0.,-0.));
#8909 = DIRECTION('',(0.,0.,1.));
#8910 = ORIENTED_EDGE('',*,*,#8911,.F.);
#8911 = EDGE_CURVE('',#8790,#8903,#8912,.T.);
#8912 = LINE('',#8913,#8914);
#8913 = CARTESIAN_POINT('',(-156.25,80.,107.1));
#8914 = VECTOR('',#8915,1.);
#8915 = DIRECTION('',(1.,0.,0.));
#8916 = ORIENTED_EDGE('',*,*,#8789,.T.);
#8917 = ORIENTED_EDGE('',*,*,#8911,.T.);
#8918 = CYLINDRICAL_SURFACE('',#8919,2.1);
#8919 = AXIS2_PLACEMENT_3D('',#8920,#8921,#8922);
#8920 = CARTESIAN_POINT('',(-156.25,80.,105.));
#8921 = DIRECTION('',(1.,0.,0.));
#8922 = DIRECTION('',(0.,0.,1.));
#8923 = ADVANCED_FACE('',(#8924,#8930),#8933,.T.);
#8924 = FACE_BOUND('',#8925,.T.);
#8925 = EDGE_LOOP('',(#8926,#8927,#8928,#8929));
#8926 = ORIENTED_EDGE('',*,*,#8823,.F.);
#8927 = ORIENTED_EDGE('',*,*,#8863,.T.);
#8928 = ORIENTED_EDGE('',*,*,#8888,.T.);
#8929 = ORIENTED_EDGE('',*,*,#8839,.F.);
#8930 = FACE_BOUND('',#8931,.T.);
#8931 = EDGE_LOOP('',(#8932));
#8932 = ORIENTED_EDGE('',*,*,#8902,.F.);
#8933 = PLANE('',#8934);
#8934 = AXIS2_PLACEMENT_3D('',#8935,#8936,#8937);
#8935 = CARTESIAN_POINT('',(-147.25,72.,100.));
#8936 = DIRECTION('',(1.,0.,0.));
#8937 = DIRECTION('',(0.,0.,1.));
#8938 = MANIFOLD_SOLID_BREP('',#8939);
#8939 = CLOSED_SHELL('',(#8940,#8973,#8982));
#8940 = ADVANCED_FACE('',(#8941),#8968,.T.);
#8941 = FACE_BOUND('',#8942,.T.);
#8942 = EDGE_LOOP('',(#8943,#8952,#8960,#8967));
#8943 = ORIENTED_EDGE('',*,*,#8944,.F.);
#8944 = EDGE_CURVE('',#8945,#8945,#8947,.T.);
#8945 = VERTEX_POINT('',#8946);
#8946 = CARTESIAN_POINT('',(-180.,167.1506985086,69.013811684718));
#8947 = CIRCLE('',#8948,5.);
#8948 = AXIS2_PLACEMENT_3D('',#8949,#8950,#8951);
#8949 = CARTESIAN_POINT('',(-180.,165.,64.5));
#8950 = DIRECTION('',(0.256626311645,0.872529459594,-0.415734624865));
#8951 = DIRECTION('',(-8.16676349121E-18,0.43013970172,0.902762336944));
#8952 = ORIENTED_EDGE('',*,*,#8953,.F.);
#8953 = EDGE_CURVE('',#8954,#8945,#8956,.T.);
#8954 = VERTEX_POINT('',#8955);
#8955 = CARTESIAN_POINT('',(-205.,82.150698508601,109.51381168471));
#8956 = LINE('',#8957,#8958);
#8957 = CARTESIAN_POINT('',(-205.,82.150698508601,109.51381168471));
#8958 = VECTOR('',#8959,1.);
#8959 = DIRECTION('',(0.256626311645,0.872529459594,-0.415734624865));
#8960 = ORIENTED_EDGE('',*,*,#8961,.T.);
#8961 = EDGE_CURVE('',#8954,#8954,#8962,.T.);
#8962 = CIRCLE('',#8963,5.);
#8963 = AXIS2_PLACEMENT_3D('',#8964,#8965,#8966);
#8964 = CARTESIAN_POINT('',(-205.,80.,105.));
#8965 = DIRECTION('',(0.256626311645,0.872529459594,-0.415734624865));
#8966 = DIRECTION('',(-8.16676349121E-18,0.43013970172,0.902762336944));
#8967 = ORIENTED_EDGE('',*,*,#8953,.T.);
#8968 = CYLINDRICAL_SURFACE('',#8969,5.);
#8969 = AXIS2_PLACEMENT_3D('',#8970,#8971,#8972);
#8970 = CARTESIAN_POINT('',(-205.,80.,105.));
#8971 = DIRECTION('',(0.256626311645,0.872529459594,-0.415734624865));
#8972 = DIRECTION('',(5.711024316605E-18,0.43013970172,0.902762336944));
#8973 = ADVANCED_FACE('',(#8974),#8977,.T.);
#8974 = FACE_BOUND('',#8975,.T.);
#8975 = EDGE_LOOP('',(#8976));
#8976 = ORIENTED_EDGE('',*,*,#8944,.T.);
#8977 = PLANE('',#8978);
#8978 = AXIS2_PLACEMENT_3D('',#8979,#8980,#8981);
#8979 = CARTESIAN_POINT('',(-180.,165.,64.5));
#8980 = DIRECTION('',(0.256626311645,0.872529459594,-0.415734624865));
#8981 = DIRECTION('',(5.711024316605E-18,0.43013970172,0.902762336944));
#8982 = ADVANCED_FACE('',(#8983),#8986,.F.);
#8983 = FACE_BOUND('',#8984,.T.);
#8984 = EDGE_LOOP('',(#8985));
#8985 = ORIENTED_EDGE('',*,*,#8961,.F.);
#8986 = PLANE('',#8987);
#8987 = AXIS2_PLACEMENT_3D('',#8988,#8989,#8990);
#8988 = CARTESIAN_POINT('',(-205.,80.,105.));
#8989 = DIRECTION('',(0.256626311645,0.872529459594,-0.415734624865));
#8990 = DIRECTION('',(5.711024316605E-18,0.43013970172,0.902762336944));
#8991 = MANIFOLD_SOLID_BREP('',#8992);
#8992 = CLOSED_SHELL('',(#8993,#9026,#9035));
#8993 = ADVANCED_FACE('',(#8994),#9021,.T.);
#8994 = FACE_BOUND('',#8995,.T.);
#8995 = EDGE_LOOP('',(#8996,#9005,#9013,#9020));
#8996 = ORIENTED_EDGE('',*,*,#8997,.F.);
#8997 = EDGE_CURVE('',#8998,#8998,#9000,.T.);
#8998 = VERTEX_POINT('',#8999);
#8999 = CARTESIAN_POINT('',(-180.,167.1506985086,69.013811684718));
#9000 = CIRCLE('',#9001,5.);
#9001 = AXIS2_PLACEMENT_3D('',#9002,#9003,#9004);
#9002 = CARTESIAN_POINT('',(-180.,165.,64.5));
#9003 = DIRECTION('',(-0.256626311645,0.872529459594,-0.415734624865));
#9004 = DIRECTION('',(8.16676349121E-18,0.43013970172,0.902762336944));
#9005 = ORIENTED_EDGE('',*,*,#9006,.F.);
#9006 = EDGE_CURVE('',#9007,#8998,#9009,.T.);
#9007 = VERTEX_POINT('',#9008);
#9008 = CARTESIAN_POINT('',(-155.,82.150698508601,109.51381168471));
#9009 = LINE('',#9010,#9011);
#9010 = CARTESIAN_POINT('',(-155.,82.150698508601,109.51381168471));
#9011 = VECTOR('',#9012,1.);
#9012 = DIRECTION('',(-0.256626311645,0.872529459594,-0.415734624865));
#9013 = ORIENTED_EDGE('',*,*,#9014,.T.);
#9014 = EDGE_CURVE('',#9007,#9007,#9015,.T.);
#9015 = CIRCLE('',#9016,5.);
#9016 = AXIS2_PLACEMENT_3D('',#9017,#9018,#9019);
#9017 = CARTESIAN_POINT('',(-155.,80.,105.));
#9018 = DIRECTION('',(-0.256626311645,0.872529459594,-0.415734624865));
#9019 = DIRECTION('',(8.16676349121E-18,0.43013970172,0.902762336944));
#9020 = ORIENTED_EDGE('',*,*,#9006,.T.);
#9021 = CYLINDRICAL_SURFACE('',#9022,5.);
#9022 = AXIS2_PLACEMENT_3D('',#9023,#9024,#9025);
#9023 = CARTESIAN_POINT('',(-155.,80.,105.));
#9024 = DIRECTION('',(-0.256626311645,0.872529459594,-0.415734624865));
#9025 = DIRECTION('',(-5.711024316605E-18,0.43013970172,0.902762336944)
  );
#9026 = ADVANCED_FACE('',(#9027),#9030,.T.);
#9027 = FACE_BOUND('',#9028,.T.);
#9028 = EDGE_LOOP('',(#9029));
#9029 = ORIENTED_EDGE('',*,*,#8997,.T.);
#9030 = PLANE('',#9031);
#9031 = AXIS2_PLACEMENT_3D('',#9032,#9033,#9034);
#9032 = CARTESIAN_POINT('',(-180.,165.,64.5));
#9033 = DIRECTION('',(-0.256626311645,0.872529459594,-0.415734624865));
#9034 = DIRECTION('',(-5.711024316605E-18,0.43013970172,0.902762336944)
  );
#9035 = ADVANCED_FACE('',(#9036),#9039,.F.);
#9036 = FACE_BOUND('',#9037,.T.);
#9037 = EDGE_LOOP('',(#9038));
#9038 = ORIENTED_EDGE('',*,*,#9014,.F.);
#9039 = PLANE('',#9040);
#9040 = AXIS2_PLACEMENT_3D('',#9041,#9042,#9043);
#9041 = CARTESIAN_POINT('',(-155.,80.,105.));
#9042 = DIRECTION('',(-0.256626311645,0.872529459594,-0.415734624865));
#9043 = DIRECTION('',(-5.711024316605E-18,0.43013970172,0.902762336944)
  );
#9044 = MANIFOLD_SOLID_BREP('',#9045);
#9045 = CLOSED_SHELL('',(#9046,#9079,#9088));
#9046 = ADVANCED_FACE('',(#9047),#9074,.T.);
#9047 = FACE_BOUND('',#9048,.T.);
#9048 = EDGE_LOOP('',(#9049,#9058,#9066,#9073));
#9049 = ORIENTED_EDGE('',*,*,#9050,.F.);
#9050 = EDGE_CURVE('',#9051,#9051,#9053,.T.);
#9051 = VERTEX_POINT('',#9052);
#9052 = CARTESIAN_POINT('',(-180.,165.95187451313,112.31169524618));
#9053 = CIRCLE('',#9054,2.5);
#9054 = AXIS2_PLACEMENT_3D('',#9055,#9056,#9057);
#9055 = CARTESIAN_POINT('',(-180.,165.,110.));
#9056 = DIRECTION('',(0.,0.924678098475,-0.380749805254));
#9057 = DIRECTION('',(0.,0.380749805254,0.924678098475));
#9058 = ORIENTED_EDGE('',*,*,#9059,.F.);
#9059 = EDGE_CURVE('',#9060,#9051,#9062,.T.);
#9060 = VERTEX_POINT('',#9061);
#9061 = CARTESIAN_POINT('',(-180.,80.951874513136,147.31169524618));
#9062 = LINE('',#9063,#9064);
#9063 = CARTESIAN_POINT('',(-180.,80.951874513136,147.31169524618));
#9064 = VECTOR('',#9065,1.);
#9065 = DIRECTION('',(6.879213202477E-33,0.924678098475,-0.380749805254)
  );
#9066 = ORIENTED_EDGE('',*,*,#9067,.T.);
#9067 = EDGE_CURVE('',#9060,#9060,#9068,.T.);
#9068 = CIRCLE('',#9069,2.5);
#9069 = AXIS2_PLACEMENT_3D('',#9070,#9071,#9072);
#9070 = CARTESIAN_POINT('',(-180.,80.,145.));
#9071 = DIRECTION('',(0.,0.924678098475,-0.380749805254));
#9072 = DIRECTION('',(0.,0.380749805254,0.924678098475));
#9073 = ORIENTED_EDGE('',*,*,#9059,.T.);
#9074 = CYLINDRICAL_SURFACE('',#9075,2.5);
#9075 = AXIS2_PLACEMENT_3D('',#9076,#9077,#9078);
#9076 = CARTESIAN_POINT('',(-180.,80.,145.));
#9077 = DIRECTION('',(0.,0.924678098475,-0.380749805254));
#9078 = DIRECTION('',(0.,0.380749805254,0.924678098475));
#9079 = ADVANCED_FACE('',(#9080),#9083,.T.);
#9080 = FACE_BOUND('',#9081,.T.);
#9081 = EDGE_LOOP('',(#9082));
#9082 = ORIENTED_EDGE('',*,*,#9050,.T.);
#9083 = PLANE('',#9084);
#9084 = AXIS2_PLACEMENT_3D('',#9085,#9086,#9087);
#9085 = CARTESIAN_POINT('',(-180.,165.,110.));
#9086 = DIRECTION('',(0.,0.924678098475,-0.380749805254));
#9087 = DIRECTION('',(0.,0.380749805254,0.924678098475));
#9088 = ADVANCED_FACE('',(#9089),#9092,.F.);
#9089 = FACE_BOUND('',#9090,.T.);
#9090 = EDGE_LOOP('',(#9091));
#9091 = ORIENTED_EDGE('',*,*,#9067,.F.);
#9092 = PLANE('',#9093);
#9093 = AXIS2_PLACEMENT_3D('',#9094,#9095,#9096);
#9094 = CARTESIAN_POINT('',(-180.,80.,145.));
#9095 = DIRECTION('',(0.,0.924678098475,-0.380749805254));
#9096 = DIRECTION('',(0.,0.380749805254,0.924678098475));
#9097 = MANIFOLD_SOLID_BREP('',#9098);
#9098 = CLOSED_SHELL('',(#9099,#9139,#9179,#9201,#9223,#9235));
#9099 = ADVANCED_FACE('',(#9100),#9134,.F.);
#9100 = FACE_BOUND('',#9101,.F.);
#9101 = EDGE_LOOP('',(#9102,#9112,#9120,#9128));
#9102 = ORIENTED_EDGE('',*,*,#9103,.F.);
#9103 = EDGE_CURVE('',#9104,#9106,#9108,.T.);
#9104 = VERTEX_POINT('',#9105);
#9105 = CARTESIAN_POINT('',(-192.,157.,64.5));
#9106 = VERTEX_POINT('',#9107);
#9107 = CARTESIAN_POINT('',(-192.,157.,109.5));
#9108 = LINE('',#9109,#9110);
#9109 = CARTESIAN_POINT('',(-192.,157.,64.5));
#9110 = VECTOR('',#9111,1.);
#9111 = DIRECTION('',(0.,0.,1.));
#9112 = ORIENTED_EDGE('',*,*,#9113,.T.);
#9113 = EDGE_CURVE('',#9104,#9114,#9116,.T.);
#9114 = VERTEX_POINT('',#9115);
#9115 = CARTESIAN_POINT('',(-192.,173.,64.5));
#9116 = LINE('',#9117,#9118);
#9117 = CARTESIAN_POINT('',(-192.,157.,64.5));
#9118 = VECTOR('',#9119,1.);
#9119 = DIRECTION('',(0.,1.,0.));
#9120 = ORIENTED_EDGE('',*,*,#9121,.T.);
#9121 = EDGE_CURVE('',#9114,#9122,#9124,.T.);
#9122 = VERTEX_POINT('',#9123);
#9123 = CARTESIAN_POINT('',(-192.,173.,109.5));
#9124 = LINE('',#9125,#9126);
#9125 = CARTESIAN_POINT('',(-192.,173.,64.5));
#9126 = VECTOR('',#9127,1.);
#9127 = DIRECTION('',(0.,0.,1.));
#9128 = ORIENTED_EDGE('',*,*,#9129,.F.);
#9129 = EDGE_CURVE('',#9106,#9122,#9130,.T.);
#9130 = LINE('',#9131,#9132);
#9131 = CARTESIAN_POINT('',(-192.,157.,109.5));
#9132 = VECTOR('',#9133,1.);
#9133 = DIRECTION('',(0.,1.,0.));
#9134 = PLANE('',#9135);
#9135 = AXIS2_PLACEMENT_3D('',#9136,#9137,#9138);
#9136 = CARTESIAN_POINT('',(-192.,157.,64.5));
#9137 = DIRECTION('',(1.,0.,0.));
#9138 = DIRECTION('',(0.,0.,1.));
#9139 = ADVANCED_FACE('',(#9140),#9174,.T.);
#9140 = FACE_BOUND('',#9141,.T.);
#9141 = EDGE_LOOP('',(#9142,#9152,#9160,#9168));
#9142 = ORIENTED_EDGE('',*,*,#9143,.F.);
#9143 = EDGE_CURVE('',#9144,#9146,#9148,.T.);
#9144 = VERTEX_POINT('',#9145);
#9145 = CARTESIAN_POINT('',(-168.,157.,64.5));
#9146 = VERTEX_POINT('',#9147);
#9147 = CARTESIAN_POINT('',(-168.,157.,109.5));
#9148 = LINE('',#9149,#9150);
#9149 = CARTESIAN_POINT('',(-168.,157.,64.5));
#9150 = VECTOR('',#9151,1.);
#9151 = DIRECTION('',(0.,0.,1.));
#9152 = ORIENTED_EDGE('',*,*,#9153,.T.);
#9153 = EDGE_CURVE('',#9144,#9154,#9156,.T.);
#9154 = VERTEX_POINT('',#9155);
#9155 = CARTESIAN_POINT('',(-168.,173.,64.5));
#9156 = LINE('',#9157,#9158);
#9157 = CARTESIAN_POINT('',(-168.,157.,64.5));
#9158 = VECTOR('',#9159,1.);
#9159 = DIRECTION('',(0.,1.,0.));
#9160 = ORIENTED_EDGE('',*,*,#9161,.T.);
#9161 = EDGE_CURVE('',#9154,#9162,#9164,.T.);
#9162 = VERTEX_POINT('',#9163);
#9163 = CARTESIAN_POINT('',(-168.,173.,109.5));
#9164 = LINE('',#9165,#9166);
#9165 = CARTESIAN_POINT('',(-168.,173.,64.5));
#9166 = VECTOR('',#9167,1.);
#9167 = DIRECTION('',(0.,0.,1.));
#9168 = ORIENTED_EDGE('',*,*,#9169,.F.);
#9169 = EDGE_CURVE('',#9146,#9162,#9170,.T.);
#9170 = LINE('',#9171,#9172);
#9171 = CARTESIAN_POINT('',(-168.,157.,109.5));
#9172 = VECTOR('',#9173,1.);
#9173 = DIRECTION('',(0.,1.,0.));
#9174 = PLANE('',#9175);
#9175 = AXIS2_PLACEMENT_3D('',#9176,#9177,#9178);
#9176 = CARTESIAN_POINT('',(-168.,157.,64.5));
#9177 = DIRECTION('',(1.,0.,0.));
#9178 = DIRECTION('',(0.,0.,1.));
#9179 = ADVANCED_FACE('',(#9180),#9196,.F.);
#9180 = FACE_BOUND('',#9181,.F.);
#9181 = EDGE_LOOP('',(#9182,#9188,#9189,#9195));
#9182 = ORIENTED_EDGE('',*,*,#9183,.F.);
#9183 = EDGE_CURVE('',#9104,#9144,#9184,.T.);
#9184 = LINE('',#9185,#9186);
#9185 = CARTESIAN_POINT('',(-192.,157.,64.5));
#9186 = VECTOR('',#9187,1.);
#9187 = DIRECTION('',(1.,0.,0.));
#9188 = ORIENTED_EDGE('',*,*,#9103,.T.);
#9189 = ORIENTED_EDGE('',*,*,#9190,.T.);
#9190 = EDGE_CURVE('',#9106,#9146,#9191,.T.);
#9191 = LINE('',#9192,#9193);
#9192 = CARTESIAN_POINT('',(-192.,157.,109.5));
#9193 = VECTOR('',#9194,1.);
#9194 = DIRECTION('',(1.,0.,0.));
#9195 = ORIENTED_EDGE('',*,*,#9143,.F.);
#9196 = PLANE('',#9197);
#9197 = AXIS2_PLACEMENT_3D('',#9198,#9199,#9200);
#9198 = CARTESIAN_POINT('',(-192.,157.,64.5));
#9199 = DIRECTION('',(0.,1.,0.));
#9200 = DIRECTION('',(0.,0.,1.));
#9201 = ADVANCED_FACE('',(#9202),#9218,.T.);
#9202 = FACE_BOUND('',#9203,.T.);
#9203 = EDGE_LOOP('',(#9204,#9210,#9211,#9217));
#9204 = ORIENTED_EDGE('',*,*,#9205,.F.);
#9205 = EDGE_CURVE('',#9114,#9154,#9206,.T.);
#9206 = LINE('',#9207,#9208);
#9207 = CARTESIAN_POINT('',(-192.,173.,64.5));
#9208 = VECTOR('',#9209,1.);
#9209 = DIRECTION('',(1.,0.,0.));
#9210 = ORIENTED_EDGE('',*,*,#9121,.T.);
#9211 = ORIENTED_EDGE('',*,*,#9212,.T.);
#9212 = EDGE_CURVE('',#9122,#9162,#9213,.T.);
#9213 = LINE('',#9214,#9215);
#9214 = CARTESIAN_POINT('',(-192.,173.,109.5));
#9215 = VECTOR('',#9216,1.);
#9216 = DIRECTION('',(1.,0.,0.));
#9217 = ORIENTED_EDGE('',*,*,#9161,.F.);
#9218 = PLANE('',#9219);
#9219 = AXIS2_PLACEMENT_3D('',#9220,#9221,#9222);
#9220 = CARTESIAN_POINT('',(-192.,173.,64.5));
#9221 = DIRECTION('',(0.,1.,0.));
#9222 = DIRECTION('',(0.,0.,1.));
#9223 = ADVANCED_FACE('',(#9224),#9230,.F.);
#9224 = FACE_BOUND('',#9225,.F.);
#9225 = EDGE_LOOP('',(#9226,#9227,#9228,#9229));
#9226 = ORIENTED_EDGE('',*,*,#9113,.F.);
#9227 = ORIENTED_EDGE('',*,*,#9183,.T.);
#9228 = ORIENTED_EDGE('',*,*,#9153,.T.);
#9229 = ORIENTED_EDGE('',*,*,#9205,.F.);
#9230 = PLANE('',#9231);
#9231 = AXIS2_PLACEMENT_3D('',#9232,#9233,#9234);
#9232 = CARTESIAN_POINT('',(-192.,157.,64.5));
#9233 = DIRECTION('',(0.,0.,1.));
#9234 = DIRECTION('',(1.,0.,0.));
#9235 = ADVANCED_FACE('',(#9236),#9242,.T.);
#9236 = FACE_BOUND('',#9237,.T.);
#9237 = EDGE_LOOP('',(#9238,#9239,#9240,#9241));
#9238 = ORIENTED_EDGE('',*,*,#9129,.F.);
#9239 = ORIENTED_EDGE('',*,*,#9190,.T.);
#9240 = ORIENTED_EDGE('',*,*,#9169,.T.);
#9241 = ORIENTED_EDGE('',*,*,#9212,.F.);
#9242 = PLANE('',#9243);
#9243 = AXIS2_PLACEMENT_3D('',#9244,#9245,#9246);
#9244 = CARTESIAN_POINT('',(-192.,157.,109.5));
#9245 = DIRECTION('',(0.,0.,1.));
#9246 = DIRECTION('',(1.,0.,0.));
#9247 = MANIFOLD_SOLID_BREP('',#9248);
#9248 = CLOSED_SHELL('',(#9249,#9282,#9291));
#9249 = ADVANCED_FACE('',(#9250),#9277,.T.);
#9250 = FACE_BOUND('',#9251,.T.);
#9251 = EDGE_LOOP('',(#9252,#9261,#9269,#9276));
#9252 = ORIENTED_EDGE('',*,*,#9253,.F.);
#9253 = EDGE_CURVE('',#9254,#9254,#9256,.T.);
#9254 = VERTEX_POINT('',#9255);
#9255 = CARTESIAN_POINT('',(-223.,107.4114281651,215.62439498696));
#9256 = CIRCLE('',#9257,2.5);
#9257 = AXIS2_PLACEMENT_3D('',#9258,#9259,#9260);
#9258 = CARTESIAN_POINT('',(-223.,105.,214.96483892069));
#9259 = DIRECTION('',(-0.185185185185,-0.259259259259,0.947887695709));
#9260 = DIRECTION('',(1.90693927619E-18,0.964571266041,0.263822426506));
#9261 = ORIENTED_EDGE('',*,*,#9262,.F.);
#9262 = EDGE_CURVE('',#9263,#9254,#9265,.T.);
#9263 = VERTEX_POINT('',#9264);
#9264 = CARTESIAN_POINT('',(-198.,142.4114281651,87.659556066264));
#9265 = LINE('',#9266,#9267);
#9266 = CARTESIAN_POINT('',(-198.,142.4114281651,87.659556066264));
#9267 = VECTOR('',#9268,1.);
#9268 = DIRECTION('',(-0.185185185185,-0.259259259259,0.947887695709));
#9269 = ORIENTED_EDGE('',*,*,#9270,.T.);
#9270 = EDGE_CURVE('',#9263,#9263,#9271,.T.);
#9271 = CIRCLE('',#9272,2.5);
#9272 = AXIS2_PLACEMENT_3D('',#9273,#9274,#9275);
#9273 = CARTESIAN_POINT('',(-198.,140.,87.));
#9274 = DIRECTION('',(-0.185185185185,-0.259259259259,0.947887695709));
#9275 = DIRECTION('',(1.90693927619E-18,0.964571266041,0.263822426506));
#9276 = ORIENTED_EDGE('',*,*,#9262,.T.);
#9277 = CYLINDRICAL_SURFACE('',#9278,2.5);
#9278 = AXIS2_PLACEMENT_3D('',#9279,#9280,#9281);
#9279 = CARTESIAN_POINT('',(-198.,140.,87.));
#9280 = DIRECTION('',(-0.185185185185,-0.259259259259,0.947887695709));
#9281 = DIRECTION('',(1.90693927619E-18,0.964571266041,0.263822426506));
#9282 = ADVANCED_FACE('',(#9283),#9286,.T.);
#9283 = FACE_BOUND('',#9284,.T.);
#9284 = EDGE_LOOP('',(#9285));
#9285 = ORIENTED_EDGE('',*,*,#9253,.T.);
#9286 = PLANE('',#9287);
#9287 = AXIS2_PLACEMENT_3D('',#9288,#9289,#9290);
#9288 = CARTESIAN_POINT('',(-223.,105.,214.96483892069));
#9289 = DIRECTION('',(-0.185185185185,-0.259259259259,0.947887695709));
#9290 = DIRECTION('',(1.90693927619E-18,0.964571266041,0.263822426506));
#9291 = ADVANCED_FACE('',(#9292),#9295,.F.);
#9292 = FACE_BOUND('',#9293,.T.);
#9293 = EDGE_LOOP('',(#9294));
#9294 = ORIENTED_EDGE('',*,*,#9270,.F.);
#9295 = PLANE('',#9296);
#9296 = AXIS2_PLACEMENT_3D('',#9297,#9298,#9299);
#9297 = CARTESIAN_POINT('',(-198.,140.,87.));
#9298 = DIRECTION('',(-0.185185185185,-0.259259259259,0.947887695709));
#9299 = DIRECTION('',(1.90693927619E-18,0.964571266041,0.263822426506));
#9300 = MANIFOLD_SOLID_BREP('',#9301);
#9301 = CLOSED_SHELL('',(#9302,#9335,#9344));
#9302 = ADVANCED_FACE('',(#9303),#9330,.T.);
#9303 = FACE_BOUND('',#9304,.T.);
#9304 = EDGE_LOOP('',(#9305,#9314,#9322,#9329));
#9305 = ORIENTED_EDGE('',*,*,#9306,.F.);
#9306 = EDGE_CURVE('',#9307,#9307,#9309,.T.);
#9307 = VERTEX_POINT('',#9308);
#9308 = CARTESIAN_POINT('',(-223.,113.68114139437,217.33924075924));
#9309 = CIRCLE('',#9310,9.);
#9310 = AXIS2_PLACEMENT_3D('',#9311,#9312,#9313);
#9311 = CARTESIAN_POINT('',(-223.,105.,214.96483892069));
#9312 = DIRECTION('',(-0.185185185185,-0.259259259259,0.947887695709));
#9313 = DIRECTION('',(-4.774958557202E-18,0.964571266041,0.263822426506)
  );
#9314 = ORIENTED_EDGE('',*,*,#9315,.F.);
#9315 = EDGE_CURVE('',#9316,#9307,#9318,.T.);
#9316 = VERTEX_POINT('',#9317);
#9317 = CARTESIAN_POINT('',(-205.5,138.18114139437,127.76385351475));
#9318 = LINE('',#9319,#9320);
#9319 = CARTESIAN_POINT('',(-205.5,138.18114139437,127.76385351475));
#9320 = VECTOR('',#9321,1.);
#9321 = DIRECTION('',(-0.185185185185,-0.259259259259,0.947887695709));
#9322 = ORIENTED_EDGE('',*,*,#9323,.T.);
#9323 = EDGE_CURVE('',#9316,#9316,#9324,.T.);
#9324 = CIRCLE('',#9325,9.);
#9325 = AXIS2_PLACEMENT_3D('',#9326,#9327,#9328);
#9326 = CARTESIAN_POINT('',(-205.5,129.5,125.3894516762));
#9327 = DIRECTION('',(-0.185185185185,-0.259259259259,0.947887695709));
#9328 = DIRECTION('',(-4.774958557202E-18,0.964571266041,0.263822426506)
  );
#9329 = ORIENTED_EDGE('',*,*,#9315,.T.);
#9330 = CYLINDRICAL_SURFACE('',#9331,9.);
#9331 = AXIS2_PLACEMENT_3D('',#9332,#9333,#9334);
#9332 = CARTESIAN_POINT('',(-205.5,129.5,125.3894516762));
#9333 = DIRECTION('',(-0.185185185185,-0.259259259259,0.947887695709));
#9334 = DIRECTION('',(2.163935346705E-18,0.964571266041,0.263822426506)
  );
#9335 = ADVANCED_FACE('',(#9336),#9339,.T.);
#9336 = FACE_BOUND('',#9337,.T.);
#9337 = EDGE_LOOP('',(#9338));
#9338 = ORIENTED_EDGE('',*,*,#9306,.T.);
#9339 = PLANE('',#9340);
#9340 = AXIS2_PLACEMENT_3D('',#9341,#9342,#9343);
#9341 = CARTESIAN_POINT('',(-223.,105.,214.96483892069));
#9342 = DIRECTION('',(-0.185185185185,-0.259259259259,0.947887695709));
#9343 = DIRECTION('',(2.163935346705E-18,0.964571266041,0.263822426506)
  );
#9344 = ADVANCED_FACE('',(#9345),#9348,.F.);
#9345 = FACE_BOUND('',#9346,.T.);
#9346 = EDGE_LOOP('',(#9347));
#9347 = ORIENTED_EDGE('',*,*,#9323,.F.);
#9348 = PLANE('',#9349);
#9349 = AXIS2_PLACEMENT_3D('',#9350,#9351,#9352);
#9350 = CARTESIAN_POINT('',(-205.5,129.5,125.3894516762));
#9351 = DIRECTION('',(-0.185185185185,-0.259259259259,0.947887695709));
#9352 = DIRECTION('',(2.163935346705E-18,0.964571266041,0.263822426506)
  );
#9353 = MANIFOLD_SOLID_BREP('',#9354);
#9354 = CLOSED_SHELL('',(#9355,#9395,#9435,#9457,#9479,#9491));
#9355 = ADVANCED_FACE('',(#9356),#9390,.F.);
#9356 = FACE_BOUND('',#9357,.F.);
#9357 = EDGE_LOOP('',(#9358,#9368,#9376,#9384));
#9358 = ORIENTED_EDGE('',*,*,#9359,.F.);
#9359 = EDGE_CURVE('',#9360,#9362,#9364,.T.);
#9360 = VERTEX_POINT('',#9361);
#9361 = CARTESIAN_POINT('',(-230.,99.,100.));
#9362 = VERTEX_POINT('',#9363);
#9363 = CARTESIAN_POINT('',(-230.,99.,221.96483892069));
#9364 = LINE('',#9365,#9366);
#9365 = CARTESIAN_POINT('',(-230.,99.,100.));
#9366 = VECTOR('',#9367,1.);
#9367 = DIRECTION('',(0.,0.,1.));
#9368 = ORIENTED_EDGE('',*,*,#9369,.T.);
#9369 = EDGE_CURVE('',#9360,#9370,#9372,.T.);
#9370 = VERTEX_POINT('',#9371);
#9371 = CARTESIAN_POINT('',(-230.,111.,100.));
#9372 = LINE('',#9373,#9374);
#9373 = CARTESIAN_POINT('',(-230.,99.,100.));
#9374 = VECTOR('',#9375,1.);
#9375 = DIRECTION('',(0.,1.,0.));
#9376 = ORIENTED_EDGE('',*,*,#9377,.T.);
#9377 = EDGE_CURVE('',#9370,#9378,#9380,.T.);
#9378 = VERTEX_POINT('',#9379);
#9379 = CARTESIAN_POINT('',(-230.,111.,221.96483892069));
#9380 = LINE('',#9381,#9382);
#9381 = CARTESIAN_POINT('',(-230.,111.,100.));
#9382 = VECTOR('',#9383,1.);
#9383 = DIRECTION('',(0.,0.,1.));
#9384 = ORIENTED_EDGE('',*,*,#9385,.F.);
#9385 = EDGE_CURVE('',#9362,#9378,#9386,.T.);
#9386 = LINE('',#9387,#9388);
#9387 = CARTESIAN_POINT('',(-230.,99.,221.96483892069));
#9388 = VECTOR('',#9389,1.);
#9389 = DIRECTION('',(0.,1.,0.));
#9390 = PLANE('',#9391);
#9391 = AXIS2_PLACEMENT_3D('',#9392,#9393,#9394);
#9392 = CARTESIAN_POINT('',(-230.,99.,100.));
#9393 = DIRECTION('',(1.,0.,0.));
#9394 = DIRECTION('',(0.,0.,1.));
#9395 = ADVANCED_FACE('',(#9396),#9430,.T.);
#9396 = FACE_BOUND('',#9397,.T.);
#9397 = EDGE_LOOP('',(#9398,#9408,#9416,#9424));
#9398 = ORIENTED_EDGE('',*,*,#9399,.F.);
#9399 = EDGE_CURVE('',#9400,#9402,#9404,.T.);
#9400 = VERTEX_POINT('',#9401);
#9401 = CARTESIAN_POINT('',(-216.,99.,100.));
#9402 = VERTEX_POINT('',#9403);
#9403 = CARTESIAN_POINT('',(-216.,99.,221.96483892069));
#9404 = LINE('',#9405,#9406);
#9405 = CARTESIAN_POINT('',(-216.,99.,100.));
#9406 = VECTOR('',#9407,1.);
#9407 = DIRECTION('',(0.,0.,1.));
#9408 = ORIENTED_EDGE('',*,*,#9409,.T.);
#9409 = EDGE_CURVE('',#9400,#9410,#9412,.T.);
#9410 = VERTEX_POINT('',#9411);
#9411 = CARTESIAN_POINT('',(-216.,111.,100.));
#9412 = LINE('',#9413,#9414);
#9413 = CARTESIAN_POINT('',(-216.,99.,100.));
#9414 = VECTOR('',#9415,1.);
#9415 = DIRECTION('',(0.,1.,0.));
#9416 = ORIENTED_EDGE('',*,*,#9417,.T.);
#9417 = EDGE_CURVE('',#9410,#9418,#9420,.T.);
#9418 = VERTEX_POINT('',#9419);
#9419 = CARTESIAN_POINT('',(-216.,111.,221.96483892069));
#9420 = LINE('',#9421,#9422);
#9421 = CARTESIAN_POINT('',(-216.,111.,100.));
#9422 = VECTOR('',#9423,1.);
#9423 = DIRECTION('',(0.,0.,1.));
#9424 = ORIENTED_EDGE('',*,*,#9425,.F.);
#9425 = EDGE_CURVE('',#9402,#9418,#9426,.T.);
#9426 = LINE('',#9427,#9428);
#9427 = CARTESIAN_POINT('',(-216.,99.,221.96483892069));
#9428 = VECTOR('',#9429,1.);
#9429 = DIRECTION('',(0.,1.,0.));
#9430 = PLANE('',#9431);
#9431 = AXIS2_PLACEMENT_3D('',#9432,#9433,#9434);
#9432 = CARTESIAN_POINT('',(-216.,99.,100.));
#9433 = DIRECTION('',(1.,0.,0.));
#9434 = DIRECTION('',(0.,0.,1.));
#9435 = ADVANCED_FACE('',(#9436),#9452,.F.);
#9436 = FACE_BOUND('',#9437,.F.);
#9437 = EDGE_LOOP('',(#9438,#9444,#9445,#9451));
#9438 = ORIENTED_EDGE('',*,*,#9439,.F.);
#9439 = EDGE_CURVE('',#9360,#9400,#9440,.T.);
#9440 = LINE('',#9441,#9442);
#9441 = CARTESIAN_POINT('',(-230.,99.,100.));
#9442 = VECTOR('',#9443,1.);
#9443 = DIRECTION('',(1.,0.,0.));
#9444 = ORIENTED_EDGE('',*,*,#9359,.T.);
#9445 = ORIENTED_EDGE('',*,*,#9446,.T.);
#9446 = EDGE_CURVE('',#9362,#9402,#9447,.T.);
#9447 = LINE('',#9448,#9449);
#9448 = CARTESIAN_POINT('',(-230.,99.,221.96483892069));
#9449 = VECTOR('',#9450,1.);
#9450 = DIRECTION('',(1.,0.,0.));
#9451 = ORIENTED_EDGE('',*,*,#9399,.F.);
#9452 = PLANE('',#9453);
#9453 = AXIS2_PLACEMENT_3D('',#9454,#9455,#9456);
#9454 = CARTESIAN_POINT('',(-230.,99.,100.));
#9455 = DIRECTION('',(0.,1.,0.));
#9456 = DIRECTION('',(0.,0.,1.));
#9457 = ADVANCED_FACE('',(#9458),#9474,.T.);
#9458 = FACE_BOUND('',#9459,.T.);
#9459 = EDGE_LOOP('',(#9460,#9466,#9467,#9473));
#9460 = ORIENTED_EDGE('',*,*,#9461,.F.);
#9461 = EDGE_CURVE('',#9370,#9410,#9462,.T.);
#9462 = LINE('',#9463,#9464);
#9463 = CARTESIAN_POINT('',(-230.,111.,100.));
#9464 = VECTOR('',#9465,1.);
#9465 = DIRECTION('',(1.,0.,0.));
#9466 = ORIENTED_EDGE('',*,*,#9377,.T.);
#9467 = ORIENTED_EDGE('',*,*,#9468,.T.);
#9468 = EDGE_CURVE('',#9378,#9418,#9469,.T.);
#9469 = LINE('',#9470,#9471);
#9470 = CARTESIAN_POINT('',(-230.,111.,221.96483892069));
#9471 = VECTOR('',#9472,1.);
#9472 = DIRECTION('',(1.,0.,0.));
#9473 = ORIENTED_EDGE('',*,*,#9417,.F.);
#9474 = PLANE('',#9475);
#9475 = AXIS2_PLACEMENT_3D('',#9476,#9477,#9478);
#9476 = CARTESIAN_POINT('',(-230.,111.,100.));
#9477 = DIRECTION('',(0.,1.,0.));
#9478 = DIRECTION('',(0.,0.,1.));
#9479 = ADVANCED_FACE('',(#9480),#9486,.F.);
#9480 = FACE_BOUND('',#9481,.F.);
#9481 = EDGE_LOOP('',(#9482,#9483,#9484,#9485));
#9482 = ORIENTED_EDGE('',*,*,#9369,.F.);
#9483 = ORIENTED_EDGE('',*,*,#9439,.T.);
#9484 = ORIENTED_EDGE('',*,*,#9409,.T.);
#9485 = ORIENTED_EDGE('',*,*,#9461,.F.);
#9486 = PLANE('',#9487);
#9487 = AXIS2_PLACEMENT_3D('',#9488,#9489,#9490);
#9488 = CARTESIAN_POINT('',(-230.,99.,100.));
#9489 = DIRECTION('',(0.,0.,1.));
#9490 = DIRECTION('',(1.,0.,0.));
#9491 = ADVANCED_FACE('',(#9492),#9498,.T.);
#9492 = FACE_BOUND('',#9493,.T.);
#9493 = EDGE_LOOP('',(#9494,#9495,#9496,#9497));
#9494 = ORIENTED_EDGE('',*,*,#9385,.F.);
#9495 = ORIENTED_EDGE('',*,*,#9446,.T.);
#9496 = ORIENTED_EDGE('',*,*,#9425,.T.);
#9497 = ORIENTED_EDGE('',*,*,#9468,.F.);
#9498 = PLANE('',#9499);
#9499 = AXIS2_PLACEMENT_3D('',#9500,#9501,#9502);
#9500 = CARTESIAN_POINT('',(-230.,99.,221.96483892069));
#9501 = DIRECTION('',(0.,0.,1.));
#9502 = DIRECTION('',(1.,0.,0.));
#9503 = MANIFOLD_SOLID_BREP('',#9504);
#9504 = CLOSED_SHELL('',(#9505,#9545,#9585,#9607,#9629,#9641));
#9505 = ADVANCED_FACE('',(#9506),#9540,.F.);
#9506 = FACE_BOUND('',#9507,.F.);
#9507 = EDGE_LOOP('',(#9508,#9518,#9526,#9534));
#9508 = ORIENTED_EDGE('',*,*,#9509,.F.);
#9509 = EDGE_CURVE('',#9510,#9512,#9514,.T.);
#9510 = VERTEX_POINT('',#9511);
#9511 = CARTESIAN_POINT('',(-177.,-65.,112.));
#9512 = VERTEX_POINT('',#9513);
#9513 = CARTESIAN_POINT('',(-177.,-65.,156.));
#9514 = LINE('',#9515,#9516);
#9515 = CARTESIAN_POINT('',(-177.,-65.,112.));
#9516 = VECTOR('',#9517,1.);
#9517 = DIRECTION('',(0.,0.,1.));
#9518 = ORIENTED_EDGE('',*,*,#9519,.T.);
#9519 = EDGE_CURVE('',#9510,#9520,#9522,.T.);
#9520 = VERTEX_POINT('',#9521);
#9521 = CARTESIAN_POINT('',(-177.,65.,112.));
#9522 = LINE('',#9523,#9524);
#9523 = CARTESIAN_POINT('',(-177.,-65.,112.));
#9524 = VECTOR('',#9525,1.);
#9525 = DIRECTION('',(0.,1.,0.));
#9526 = ORIENTED_EDGE('',*,*,#9527,.T.);
#9527 = EDGE_CURVE('',#9520,#9528,#9530,.T.);
#9528 = VERTEX_POINT('',#9529);
#9529 = CARTESIAN_POINT('',(-177.,65.,156.));
#9530 = LINE('',#9531,#9532);
#9531 = CARTESIAN_POINT('',(-177.,65.,112.));
#9532 = VECTOR('',#9533,1.);
#9533 = DIRECTION('',(0.,0.,1.));
#9534 = ORIENTED_EDGE('',*,*,#9535,.F.);
#9535 = EDGE_CURVE('',#9512,#9528,#9536,.T.);
#9536 = LINE('',#9537,#9538);
#9537 = CARTESIAN_POINT('',(-177.,-65.,156.));
#9538 = VECTOR('',#9539,1.);
#9539 = DIRECTION('',(0.,1.,0.));
#9540 = PLANE('',#9541);
#9541 = AXIS2_PLACEMENT_3D('',#9542,#9543,#9544);
#9542 = CARTESIAN_POINT('',(-177.,-65.,112.));
#9543 = DIRECTION('',(1.,0.,0.));
#9544 = DIRECTION('',(0.,0.,1.));
#9545 = ADVANCED_FACE('',(#9546),#9580,.T.);
#9546 = FACE_BOUND('',#9547,.T.);
#9547 = EDGE_LOOP('',(#9548,#9558,#9566,#9574));
#9548 = ORIENTED_EDGE('',*,*,#9549,.F.);
#9549 = EDGE_CURVE('',#9550,#9552,#9554,.T.);
#9550 = VERTEX_POINT('',#9551);
#9551 = CARTESIAN_POINT('',(-133.,-65.,112.));
#9552 = VERTEX_POINT('',#9553);
#9553 = CARTESIAN_POINT('',(-133.,-65.,156.));
#9554 = LINE('',#9555,#9556);
#9555 = CARTESIAN_POINT('',(-133.,-65.,112.));
#9556 = VECTOR('',#9557,1.);
#9557 = DIRECTION('',(0.,0.,1.));
#9558 = ORIENTED_EDGE('',*,*,#9559,.T.);
#9559 = EDGE_CURVE('',#9550,#9560,#9562,.T.);
#9560 = VERTEX_POINT('',#9561);
#9561 = CARTESIAN_POINT('',(-133.,65.,112.));
#9562 = LINE('',#9563,#9564);
#9563 = CARTESIAN_POINT('',(-133.,-65.,112.));
#9564 = VECTOR('',#9565,1.);
#9565 = DIRECTION('',(0.,1.,0.));
#9566 = ORIENTED_EDGE('',*,*,#9567,.T.);
#9567 = EDGE_CURVE('',#9560,#9568,#9570,.T.);
#9568 = VERTEX_POINT('',#9569);
#9569 = CARTESIAN_POINT('',(-133.,65.,156.));
#9570 = LINE('',#9571,#9572);
#9571 = CARTESIAN_POINT('',(-133.,65.,112.));
#9572 = VECTOR('',#9573,1.);
#9573 = DIRECTION('',(0.,0.,1.));
#9574 = ORIENTED_EDGE('',*,*,#9575,.F.);
#9575 = EDGE_CURVE('',#9552,#9568,#9576,.T.);
#9576 = LINE('',#9577,#9578);
#9577 = CARTESIAN_POINT('',(-133.,-65.,156.));
#9578 = VECTOR('',#9579,1.);
#9579 = DIRECTION('',(0.,1.,0.));
#9580 = PLANE('',#9581);
#9581 = AXIS2_PLACEMENT_3D('',#9582,#9583,#9584);
#9582 = CARTESIAN_POINT('',(-133.,-65.,112.));
#9583 = DIRECTION('',(1.,0.,0.));
#9584 = DIRECTION('',(0.,0.,1.));
#9585 = ADVANCED_FACE('',(#9586),#9602,.F.);
#9586 = FACE_BOUND('',#9587,.F.);
#9587 = EDGE_LOOP('',(#9588,#9594,#9595,#9601));
#9588 = ORIENTED_EDGE('',*,*,#9589,.F.);
#9589 = EDGE_CURVE('',#9510,#9550,#9590,.T.);
#9590 = LINE('',#9591,#9592);
#9591 = CARTESIAN_POINT('',(-177.,-65.,112.));
#9592 = VECTOR('',#9593,1.);
#9593 = DIRECTION('',(1.,0.,0.));
#9594 = ORIENTED_EDGE('',*,*,#9509,.T.);
#9595 = ORIENTED_EDGE('',*,*,#9596,.T.);
#9596 = EDGE_CURVE('',#9512,#9552,#9597,.T.);
#9597 = LINE('',#9598,#9599);
#9598 = CARTESIAN_POINT('',(-177.,-65.,156.));
#9599 = VECTOR('',#9600,1.);
#9600 = DIRECTION('',(1.,0.,0.));
#9601 = ORIENTED_EDGE('',*,*,#9549,.F.);
#9602 = PLANE('',#9603);
#9603 = AXIS2_PLACEMENT_3D('',#9604,#9605,#9606);
#9604 = CARTESIAN_POINT('',(-177.,-65.,112.));
#9605 = DIRECTION('',(0.,1.,0.));
#9606 = DIRECTION('',(0.,0.,1.));
#9607 = ADVANCED_FACE('',(#9608),#9624,.T.);
#9608 = FACE_BOUND('',#9609,.T.);
#9609 = EDGE_LOOP('',(#9610,#9616,#9617,#9623));
#9610 = ORIENTED_EDGE('',*,*,#9611,.F.);
#9611 = EDGE_CURVE('',#9520,#9560,#9612,.T.);
#9612 = LINE('',#9613,#9614);
#9613 = CARTESIAN_POINT('',(-177.,65.,112.));
#9614 = VECTOR('',#9615,1.);
#9615 = DIRECTION('',(1.,0.,0.));
#9616 = ORIENTED_EDGE('',*,*,#9527,.T.);
#9617 = ORIENTED_EDGE('',*,*,#9618,.T.);
#9618 = EDGE_CURVE('',#9528,#9568,#9619,.T.);
#9619 = LINE('',#9620,#9621);
#9620 = CARTESIAN_POINT('',(-177.,65.,156.));
#9621 = VECTOR('',#9622,1.);
#9622 = DIRECTION('',(1.,0.,0.));
#9623 = ORIENTED_EDGE('',*,*,#9567,.F.);
#9624 = PLANE('',#9625);
#9625 = AXIS2_PLACEMENT_3D('',#9626,#9627,#9628);
#9626 = CARTESIAN_POINT('',(-177.,65.,112.));
#9627 = DIRECTION('',(0.,1.,0.));
#9628 = DIRECTION('',(0.,0.,1.));
#9629 = ADVANCED_FACE('',(#9630),#9636,.F.);
#9630 = FACE_BOUND('',#9631,.F.);
#9631 = EDGE_LOOP('',(#9632,#9633,#9634,#9635));
#9632 = ORIENTED_EDGE('',*,*,#9519,.F.);
#9633 = ORIENTED_EDGE('',*,*,#9589,.T.);
#9634 = ORIENTED_EDGE('',*,*,#9559,.T.);
#9635 = ORIENTED_EDGE('',*,*,#9611,.F.);
#9636 = PLANE('',#9637);
#9637 = AXIS2_PLACEMENT_3D('',#9638,#9639,#9640);
#9638 = CARTESIAN_POINT('',(-177.,-65.,112.));
#9639 = DIRECTION('',(0.,0.,1.));
#9640 = DIRECTION('',(1.,0.,0.));
#9641 = ADVANCED_FACE('',(#9642),#9648,.T.);
#9642 = FACE_BOUND('',#9643,.T.);
#9643 = EDGE_LOOP('',(#9644,#9645,#9646,#9647));
#9644 = ORIENTED_EDGE('',*,*,#9535,.F.);
#9645 = ORIENTED_EDGE('',*,*,#9596,.T.);
#9646 = ORIENTED_EDGE('',*,*,#9575,.T.);
#9647 = ORIENTED_EDGE('',*,*,#9618,.F.);
#9648 = PLANE('',#9649);
#9649 = AXIS2_PLACEMENT_3D('',#9650,#9651,#9652);
#9650 = CARTESIAN_POINT('',(-177.,-65.,156.));
#9651 = DIRECTION('',(0.,0.,1.));
#9652 = DIRECTION('',(1.,0.,0.));
#9653 = MANIFOLD_SOLID_BREP('',#9654);
#9654 = CLOSED_SHELL('',(#9655,#9688,#9708,#9728));
#9655 = ADVANCED_FACE('',(#9656),#9683,.T.);
#9656 = FACE_BOUND('',#9657,.T.);
#9657 = EDGE_LOOP('',(#9658,#9667,#9675,#9682));
#9658 = ORIENTED_EDGE('',*,*,#9659,.F.);
#9659 = EDGE_CURVE('',#9660,#9660,#9662,.T.);
#9660 = VERTEX_POINT('',#9661);
#9661 = CARTESIAN_POINT('',(-180.,33.,92.5));
#9662 = CIRCLE('',#9663,8.);
#9663 = AXIS2_PLACEMENT_3D('',#9664,#9665,#9666);
#9664 = CARTESIAN_POINT('',(-180.,33.,84.5));
#9665 = DIRECTION('',(0.,1.,0.));
#9666 = DIRECTION('',(0.,0.,1.));
#9667 = ORIENTED_EDGE('',*,*,#9668,.F.);
#9668 = EDGE_CURVE('',#9669,#9660,#9671,.T.);
#9669 = VERTEX_POINT('',#9670);
#9670 = CARTESIAN_POINT('',(-180.,17.,92.5));
#9671 = LINE('',#9672,#9673);
#9672 = CARTESIAN_POINT('',(-180.,17.,92.5));
#9673 = VECTOR('',#9674,1.);
#9674 = DIRECTION('',(0.,1.,0.));
#9675 = ORIENTED_EDGE('',*,*,#9676,.T.);
#9676 = EDGE_CURVE('',#9669,#9669,#9677,.T.);
#9677 = CIRCLE('',#9678,8.);
#9678 = AXIS2_PLACEMENT_3D('',#9679,#9680,#9681);
#9679 = CARTESIAN_POINT('',(-180.,17.,84.5));
#9680 = DIRECTION('',(0.,1.,0.));
#9681 = DIRECTION('',(0.,0.,1.));
#9682 = ORIENTED_EDGE('',*,*,#9668,.T.);
#9683 = CYLINDRICAL_SURFACE('',#9684,8.);
#9684 = AXIS2_PLACEMENT_3D('',#9685,#9686,#9687);
#9685 = CARTESIAN_POINT('',(-180.,17.,84.5));
#9686 = DIRECTION('',(0.,1.,0.));
#9687 = DIRECTION('',(0.,0.,1.));
#9688 = ADVANCED_FACE('',(#9689,#9692),#9703,.T.);
#9689 = FACE_BOUND('',#9690,.T.);
#9690 = EDGE_LOOP('',(#9691));
#9691 = ORIENTED_EDGE('',*,*,#9659,.T.);
#9692 = FACE_BOUND('',#9693,.T.);
#9693 = EDGE_LOOP('',(#9694));
#9694 = ORIENTED_EDGE('',*,*,#9695,.F.);
#9695 = EDGE_CURVE('',#9696,#9696,#9698,.T.);
#9696 = VERTEX_POINT('',#9697);
#9697 = CARTESIAN_POINT('',(-180.,33.,88.5));
#9698 = CIRCLE('',#9699,4.);
#9699 = AXIS2_PLACEMENT_3D('',#9700,#9701,#9702);
#9700 = CARTESIAN_POINT('',(-180.,33.,84.5));
#9701 = DIRECTION('',(0.,1.,0.));
#9702 = DIRECTION('',(0.,0.,1.));
#9703 = PLANE('',#9704);
#9704 = AXIS2_PLACEMENT_3D('',#9705,#9706,#9707);
#9705 = CARTESIAN_POINT('',(-180.,33.,84.5));
#9706 = DIRECTION('',(0.,1.,0.));
#9707 = DIRECTION('',(0.,0.,1.));
#9708 = ADVANCED_FACE('',(#9709,#9712),#9723,.F.);
#9709 = FACE_BOUND('',#9710,.F.);
#9710 = EDGE_LOOP('',(#9711));
#9711 = ORIENTED_EDGE('',*,*,#9676,.T.);
#9712 = FACE_BOUND('',#9713,.F.);
#9713 = EDGE_LOOP('',(#9714));
#9714 = ORIENTED_EDGE('',*,*,#9715,.F.);
#9715 = EDGE_CURVE('',#9716,#9716,#9718,.T.);
#9716 = VERTEX_POINT('',#9717);
#9717 = CARTESIAN_POINT('',(-180.,17.,88.5));
#9718 = CIRCLE('',#9719,4.);
#9719 = AXIS2_PLACEMENT_3D('',#9720,#9721,#9722);
#9720 = CARTESIAN_POINT('',(-180.,17.,84.5));
#9721 = DIRECTION('',(0.,1.,0.));
#9722 = DIRECTION('',(0.,0.,1.));
#9723 = PLANE('',#9724);
#9724 = AXIS2_PLACEMENT_3D('',#9725,#9726,#9727);
#9725 = CARTESIAN_POINT('',(-180.,17.,84.5));
#9726 = DIRECTION('',(0.,1.,0.));
#9727 = DIRECTION('',(0.,0.,1.));
#9728 = ADVANCED_FACE('',(#9729),#9740,.F.);
#9729 = FACE_BOUND('',#9730,.F.);
#9730 = EDGE_LOOP('',(#9731,#9732,#9738,#9739));
#9731 = ORIENTED_EDGE('',*,*,#9695,.F.);
#9732 = ORIENTED_EDGE('',*,*,#9733,.F.);
#9733 = EDGE_CURVE('',#9716,#9696,#9734,.T.);
#9734 = LINE('',#9735,#9736);
#9735 = CARTESIAN_POINT('',(-180.,17.,88.5));
#9736 = VECTOR('',#9737,1.);
#9737 = DIRECTION('',(0.,1.,0.));
#9738 = ORIENTED_EDGE('',*,*,#9715,.T.);
#9739 = ORIENTED_EDGE('',*,*,#9733,.T.);
#9740 = CYLINDRICAL_SURFACE('',#9741,4.);
#9741 = AXIS2_PLACEMENT_3D('',#9742,#9743,#9744);
#9742 = CARTESIAN_POINT('',(-180.,17.,84.5));
#9743 = DIRECTION('',(0.,1.,0.));
#9744 = DIRECTION('',(0.,0.,1.));
#9745 = MANIFOLD_SOLID_BREP('',#9746);
#9746 = CLOSED_SHELL('',(#9747,#9780,#9789));
#9747 = ADVANCED_FACE('',(#9748),#9775,.T.);
#9748 = FACE_BOUND('',#9749,.T.);
#9749 = EDGE_LOOP('',(#9750,#9759,#9767,#9774));
#9750 = ORIENTED_EDGE('',*,*,#9751,.F.);
#9751 = EDGE_CURVE('',#9752,#9752,#9754,.T.);
#9752 = VERTEX_POINT('',#9753);
#9753 = CARTESIAN_POINT('',(-180.,165.,87.5));
#9754 = CIRCLE('',#9755,3.);
#9755 = AXIS2_PLACEMENT_3D('',#9756,#9757,#9758);
#9756 = CARTESIAN_POINT('',(-180.,165.,84.5));
#9757 = DIRECTION('',(0.,1.,0.));
#9758 = DIRECTION('',(0.,0.,1.));
#9759 = ORIENTED_EDGE('',*,*,#9760,.F.);
#9760 = EDGE_CURVE('',#9761,#9752,#9763,.T.);
#9761 = VERTEX_POINT('',#9762);
#9762 = CARTESIAN_POINT('',(-180.,25.,87.5));
#9763 = LINE('',#9764,#9765);
#9764 = CARTESIAN_POINT('',(-180.,25.,87.5));
#9765 = VECTOR('',#9766,1.);
#9766 = DIRECTION('',(0.,1.,0.));
#9767 = ORIENTED_EDGE('',*,*,#9768,.T.);
#9768 = EDGE_CURVE('',#9761,#9761,#9769,.T.);
#9769 = CIRCLE('',#9770,3.);
#9770 = AXIS2_PLACEMENT_3D('',#9771,#9772,#9773);
#9771 = CARTESIAN_POINT('',(-180.,25.,84.5));
#9772 = DIRECTION('',(0.,1.,0.));
#9773 = DIRECTION('',(0.,0.,1.));
#9774 = ORIENTED_EDGE('',*,*,#9760,.T.);
#9775 = CYLINDRICAL_SURFACE('',#9776,3.);
#9776 = AXIS2_PLACEMENT_3D('',#9777,#9778,#9779);
#9777 = CARTESIAN_POINT('',(-180.,25.,84.5));
#9778 = DIRECTION('',(0.,1.,0.));
#9779 = DIRECTION('',(0.,0.,1.));
#9780 = ADVANCED_FACE('',(#9781),#9784,.T.);
#9781 = FACE_BOUND('',#9782,.T.);
#9782 = EDGE_LOOP('',(#9783));
#9783 = ORIENTED_EDGE('',*,*,#9751,.T.);
#9784 = PLANE('',#9785);
#9785 = AXIS2_PLACEMENT_3D('',#9786,#9787,#9788);
#9786 = CARTESIAN_POINT('',(-180.,165.,84.5));
#9787 = DIRECTION('',(0.,1.,0.));
#9788 = DIRECTION('',(0.,0.,1.));
#9789 = ADVANCED_FACE('',(#9790),#9793,.F.);
#9790 = FACE_BOUND('',#9791,.T.);
#9791 = EDGE_LOOP('',(#9792));
#9792 = ORIENTED_EDGE('',*,*,#9768,.F.);
#9793 = PLANE('',#9794);
#9794 = AXIS2_PLACEMENT_3D('',#9795,#9796,#9797);
#9795 = CARTESIAN_POINT('',(-180.,25.,84.5));
#9796 = DIRECTION('',(0.,1.,0.));
#9797 = DIRECTION('',(0.,0.,1.));
#9798 = MANIFOLD_SOLID_BREP('',#9799);
#9799 = CLOSED_SHELL('',(#9800,#9833,#9842));
#9800 = ADVANCED_FACE('',(#9801),#9828,.T.);
#9801 = FACE_BOUND('',#9802,.T.);
#9802 = EDGE_LOOP('',(#9803,#9812,#9820,#9827));
#9803 = ORIENTED_EDGE('',*,*,#9804,.F.);
#9804 = EDGE_CURVE('',#9805,#9805,#9807,.T.);
#9805 = VERTEX_POINT('',#9806);
#9806 = CARTESIAN_POINT('',(-180.,195.,88.5));
#9807 = CIRCLE('',#9808,4.);
#9808 = AXIS2_PLACEMENT_3D('',#9809,#9810,#9811);
#9809 = CARTESIAN_POINT('',(-180.,195.,84.5));
#9810 = DIRECTION('',(0.,1.,0.));
#9811 = DIRECTION('',(0.,0.,1.));
#9812 = ORIENTED_EDGE('',*,*,#9813,.F.);
#9813 = EDGE_CURVE('',#9814,#9805,#9816,.T.);
#9814 = VERTEX_POINT('',#9815);
#9815 = CARTESIAN_POINT('',(-180.,150.,88.5));
#9816 = LINE('',#9817,#9818);
#9817 = CARTESIAN_POINT('',(-180.,150.,88.5));
#9818 = VECTOR('',#9819,1.);
#9819 = DIRECTION('',(0.,1.,0.));
#9820 = ORIENTED_EDGE('',*,*,#9821,.T.);
#9821 = EDGE_CURVE('',#9814,#9814,#9822,.T.);
#9822 = CIRCLE('',#9823,4.);
#9823 = AXIS2_PLACEMENT_3D('',#9824,#9825,#9826);
#9824 = CARTESIAN_POINT('',(-180.,150.,84.5));
#9825 = DIRECTION('',(0.,1.,0.));
#9826 = DIRECTION('',(0.,0.,1.));
#9827 = ORIENTED_EDGE('',*,*,#9813,.T.);
#9828 = CYLINDRICAL_SURFACE('',#9829,4.);
#9829 = AXIS2_PLACEMENT_3D('',#9830,#9831,#9832);
#9830 = CARTESIAN_POINT('',(-180.,150.,84.5));
#9831 = DIRECTION('',(0.,1.,0.));
#9832 = DIRECTION('',(0.,0.,1.));
#9833 = ADVANCED_FACE('',(#9834),#9837,.T.);
#9834 = FACE_BOUND('',#9835,.T.);
#9835 = EDGE_LOOP('',(#9836));
#9836 = ORIENTED_EDGE('',*,*,#9804,.T.);
#9837 = PLANE('',#9838);
#9838 = AXIS2_PLACEMENT_3D('',#9839,#9840,#9841);
#9839 = CARTESIAN_POINT('',(-180.,195.,84.5));
#9840 = DIRECTION('',(0.,1.,0.));
#9841 = DIRECTION('',(0.,0.,1.));
#9842 = ADVANCED_FACE('',(#9843),#9846,.F.);
#9843 = FACE_BOUND('',#9844,.T.);
#9844 = EDGE_LOOP('',(#9845));
#9845 = ORIENTED_EDGE('',*,*,#9821,.F.);
#9846 = PLANE('',#9847);
#9847 = AXIS2_PLACEMENT_3D('',#9848,#9849,#9850);
#9848 = CARTESIAN_POINT('',(-180.,150.,84.5));
#9849 = DIRECTION('',(0.,1.,0.));
#9850 = DIRECTION('',(0.,0.,1.));
#9851 = MANIFOLD_SOLID_BREP('',#9852);
#9852 = CLOSED_SHELL('',(#9853,#9886,#9906,#9926));
#9853 = ADVANCED_FACE('',(#9854),#9881,.T.);
#9854 = FACE_BOUND('',#9855,.T.);
#9855 = EDGE_LOOP('',(#9856,#9865,#9873,#9880));
#9856 = ORIENTED_EDGE('',*,*,#9857,.F.);
#9857 = EDGE_CURVE('',#9858,#9858,#9860,.T.);
#9858 = VERTEX_POINT('',#9859);
#9859 = CARTESIAN_POINT('',(-180.,230.5,169.));
#9860 = CIRCLE('',#9861,84.5);
#9861 = AXIS2_PLACEMENT_3D('',#9862,#9863,#9864);
#9862 = CARTESIAN_POINT('',(-180.,230.5,84.5));
#9863 = DIRECTION('',(0.,1.,0.));
#9864 = DIRECTION('',(0.,0.,1.));
#9865 = ORIENTED_EDGE('',*,*,#9866,.F.);
#9866 = EDGE_CURVE('',#9867,#9858,#9869,.T.);
#9867 = VERTEX_POINT('',#9868);
#9868 = CARTESIAN_POINT('',(-180.,149.,169.));
#9869 = LINE('',#9870,#9871);
#9870 = CARTESIAN_POINT('',(-180.,149.,169.));
#9871 = VECTOR('',#9872,1.);
#9872 = DIRECTION('',(0.,1.,0.));
#9873 = ORIENTED_EDGE('',*,*,#9874,.T.);
#9874 = EDGE_CURVE('',#9867,#9867,#9875,.T.);
#9875 = CIRCLE('',#9876,84.5);
#9876 = AXIS2_PLACEMENT_3D('',#9877,#9878,#9879);
#9877 = CARTESIAN_POINT('',(-180.,149.,84.5));
#9878 = DIRECTION('',(0.,1.,0.));
#9879 = DIRECTION('',(0.,0.,1.));
#9880 = ORIENTED_EDGE('',*,*,#9866,.T.);
#9881 = CYLINDRICAL_SURFACE('',#9882,84.5);
#9882 = AXIS2_PLACEMENT_3D('',#9883,#9884,#9885);
#9883 = CARTESIAN_POINT('',(-180.,149.,84.5));
#9884 = DIRECTION('',(0.,1.,0.));
#9885 = DIRECTION('',(0.,0.,1.));
#9886 = ADVANCED_FACE('',(#9887,#9890),#9901,.T.);
#9887 = FACE_BOUND('',#9888,.T.);
#9888 = EDGE_LOOP('',(#9889));
#9889 = ORIENTED_EDGE('',*,*,#9857,.T.);
#9890 = FACE_BOUND('',#9891,.T.);
#9891 = EDGE_LOOP('',(#9892));
#9892 = ORIENTED_EDGE('',*,*,#9893,.F.);
#9893 = EDGE_CURVE('',#9894,#9894,#9896,.T.);
#9894 = VERTEX_POINT('',#9895);
#9895 = CARTESIAN_POINT('',(-180.,230.5,133.));
#9896 = CIRCLE('',#9897,48.5);
#9897 = AXIS2_PLACEMENT_3D('',#9898,#9899,#9900);
#9898 = CARTESIAN_POINT('',(-180.,230.5,84.5));
#9899 = DIRECTION('',(0.,1.,0.));
#9900 = DIRECTION('',(0.,0.,1.));
#9901 = PLANE('',#9902);
#9902 = AXIS2_PLACEMENT_3D('',#9903,#9904,#9905);
#9903 = CARTESIAN_POINT('',(-180.,230.5,84.5));
#9904 = DIRECTION('',(0.,1.,0.));
#9905 = DIRECTION('',(0.,0.,1.));
#9906 = ADVANCED_FACE('',(#9907,#9910),#9921,.F.);
#9907 = FACE_BOUND('',#9908,.F.);
#9908 = EDGE_LOOP('',(#9909));
#9909 = ORIENTED_EDGE('',*,*,#9874,.T.);
#9910 = FACE_BOUND('',#9911,.F.);
#9911 = EDGE_LOOP('',(#9912));
#9912 = ORIENTED_EDGE('',*,*,#9913,.F.);
#9913 = EDGE_CURVE('',#9914,#9914,#9916,.T.);
#9914 = VERTEX_POINT('',#9915);
#9915 = CARTESIAN_POINT('',(-180.,149.,133.));
#9916 = CIRCLE('',#9917,48.5);
#9917 = AXIS2_PLACEMENT_3D('',#9918,#9919,#9920);
#9918 = CARTESIAN_POINT('',(-180.,149.,84.5));
#9919 = DIRECTION('',(0.,1.,0.));
#9920 = DIRECTION('',(0.,0.,1.));
#9921 = PLANE('',#9922);
#9922 = AXIS2_PLACEMENT_3D('',#9923,#9924,#9925);
#9923 = CARTESIAN_POINT('',(-180.,149.,84.5));
#9924 = DIRECTION('',(0.,1.,0.));
#9925 = DIRECTION('',(0.,0.,1.));
#9926 = ADVANCED_FACE('',(#9927),#9938,.F.);
#9927 = FACE_BOUND('',#9928,.F.);
#9928 = EDGE_LOOP('',(#9929,#9930,#9936,#9937));
#9929 = ORIENTED_EDGE('',*,*,#9893,.F.);
#9930 = ORIENTED_EDGE('',*,*,#9931,.F.);
#9931 = EDGE_CURVE('',#9914,#9894,#9932,.T.);
#9932 = LINE('',#9933,#9934);
#9933 = CARTESIAN_POINT('',(-180.,149.,133.));
#9934 = VECTOR('',#9935,1.);
#9935 = DIRECTION('',(0.,1.,0.));
#9936 = ORIENTED_EDGE('',*,*,#9913,.T.);
#9937 = ORIENTED_EDGE('',*,*,#9931,.T.);
#9938 = CYLINDRICAL_SURFACE('',#9939,48.5);
#9939 = AXIS2_PLACEMENT_3D('',#9940,#9941,#9942);
#9940 = CARTESIAN_POINT('',(-180.,149.,84.5));
#9941 = DIRECTION('',(0.,1.,0.));
#9942 = DIRECTION('',(0.,0.,1.));
#9943 = MANIFOLD_SOLID_BREP('',#9944);
#9944 = CLOSED_SHELL('',(#9945,#9978,#9998,#10018));
#9945 = ADVANCED_FACE('',(#9946),#9973,.T.);
#9946 = FACE_BOUND('',#9947,.T.);
#9947 = EDGE_LOOP('',(#9948,#9957,#9965,#9972));
#9948 = ORIENTED_EDGE('',*,*,#9949,.F.);
#9949 = EDGE_CURVE('',#9950,#9950,#9952,.T.);
#9950 = VERTEX_POINT('',#9951);
#9951 = CARTESIAN_POINT('',(-180.,202.25,133.));
#9952 = CIRCLE('',#9953,48.5);
#9953 = AXIS2_PLACEMENT_3D('',#9954,#9955,#9956);
#9954 = CARTESIAN_POINT('',(-180.,202.25,84.5));
#9955 = DIRECTION('',(0.,1.,0.));
#9956 = DIRECTION('',(0.,0.,1.));
#9957 = ORIENTED_EDGE('',*,*,#9958,.F.);
#9958 = EDGE_CURVE('',#9959,#9950,#9961,.T.);
#9959 = VERTEX_POINT('',#9960);
#9960 = CARTESIAN_POINT('',(-180.,177.25,133.));
#9961 = LINE('',#9962,#9963);
#9962 = CARTESIAN_POINT('',(-180.,177.25,133.));
#9963 = VECTOR('',#9964,1.);
#9964 = DIRECTION('',(0.,1.,0.));
#9965 = ORIENTED_EDGE('',*,*,#9966,.T.);
#9966 = EDGE_CURVE('',#9959,#9959,#9967,.T.);
#9967 = CIRCLE('',#9968,48.5);
#9968 = AXIS2_PLACEMENT_3D('',#9969,#9970,#9971);
#9969 = CARTESIAN_POINT('',(-180.,177.25,84.5));
#9970 = DIRECTION('',(0.,1.,0.));
#9971 = DIRECTION('',(0.,0.,1.));
#9972 = ORIENTED_EDGE('',*,*,#9958,.T.);
#9973 = CYLINDRICAL_SURFACE('',#9974,48.5);
#9974 = AXIS2_PLACEMENT_3D('',#9975,#9976,#9977);
#9975 = CARTESIAN_POINT('',(-180.,177.25,84.5));
#9976 = DIRECTION('',(0.,1.,0.));
#9977 = DIRECTION('',(0.,0.,1.));
#9978 = ADVANCED_FACE('',(#9979,#9982),#9993,.T.);
#9979 = FACE_BOUND('',#9980,.T.);
#9980 = EDGE_LOOP('',(#9981));
#9981 = ORIENTED_EDGE('',*,*,#9949,.T.);
#9982 = FACE_BOUND('',#9983,.T.);
#9983 = EDGE_LOOP('',(#9984));
#9984 = ORIENTED_EDGE('',*,*,#9985,.F.);
#9985 = EDGE_CURVE('',#9986,#9986,#9988,.T.);
#9986 = VERTEX_POINT('',#9987);
#9987 = CARTESIAN_POINT('',(-180.,202.25,93.));
#9988 = CIRCLE('',#9989,8.5);
#9989 = AXIS2_PLACEMENT_3D('',#9990,#9991,#9992);
#9990 = CARTESIAN_POINT('',(-180.,202.25,84.5));
#9991 = DIRECTION('',(0.,1.,0.));
#9992 = DIRECTION('',(0.,0.,1.));
#9993 = PLANE('',#9994);
#9994 = AXIS2_PLACEMENT_3D('',#9995,#9996,#9997);
#9995 = CARTESIAN_POINT('',(-180.,202.25,84.5));
#9996 = DIRECTION('',(0.,1.,0.));
#9997 = DIRECTION('',(0.,0.,1.));
#9998 = ADVANCED_FACE('',(#9999,#10002),#10013,.F.);
#9999 = FACE_BOUND('',#10000,.F.);
#10000 = EDGE_LOOP('',(#10001));
#10001 = ORIENTED_EDGE('',*,*,#9966,.T.);
#10002 = FACE_BOUND('',#10003,.F.);
#10003 = EDGE_LOOP('',(#10004));
#10004 = ORIENTED_EDGE('',*,*,#10005,.F.);
#10005 = EDGE_CURVE('',#10006,#10006,#10008,.T.);
#10006 = VERTEX_POINT('',#10007);
#10007 = CARTESIAN_POINT('',(-180.,177.25,93.));
#10008 = CIRCLE('',#10009,8.5);
#10009 = AXIS2_PLACEMENT_3D('',#10010,#10011,#10012);
#10010 = CARTESIAN_POINT('',(-180.,177.25,84.5));
#10011 = DIRECTION('',(0.,1.,0.));
#10012 = DIRECTION('',(0.,0.,1.));
#10013 = PLANE('',#10014);
#10014 = AXIS2_PLACEMENT_3D('',#10015,#10016,#10017);
#10015 = CARTESIAN_POINT('',(-180.,177.25,84.5));
#10016 = DIRECTION('',(0.,1.,0.));
#10017 = DIRECTION('',(0.,0.,1.));
#10018 = ADVANCED_FACE('',(#10019),#10030,.F.);
#10019 = FACE_BOUND('',#10020,.F.);
#10020 = EDGE_LOOP('',(#10021,#10022,#10028,#10029));
#10021 = ORIENTED_EDGE('',*,*,#9985,.F.);
#10022 = ORIENTED_EDGE('',*,*,#10023,.F.);
#10023 = EDGE_CURVE('',#10006,#9986,#10024,.T.);
#10024 = LINE('',#10025,#10026);
#10025 = CARTESIAN_POINT('',(-180.,177.25,93.));
#10026 = VECTOR('',#10027,1.);
#10027 = DIRECTION('',(0.,1.,0.));
#10028 = ORIENTED_EDGE('',*,*,#10005,.T.);
#10029 = ORIENTED_EDGE('',*,*,#10023,.T.);
#10030 = CYLINDRICAL_SURFACE('',#10031,8.5);
#10031 = AXIS2_PLACEMENT_3D('',#10032,#10033,#10034);
#10032 = CARTESIAN_POINT('',(-180.,177.25,84.5));
#10033 = DIRECTION('',(0.,1.,0.));
#10034 = DIRECTION('',(0.,0.,1.));
#10035 = MANIFOLD_SOLID_BREP('',#10036);
#10036 = CLOSED_SHELL('',(#10037,#10077,#10117,#10139,#10161,#10173));
#10037 = ADVANCED_FACE('',(#10038),#10072,.F.);
#10038 = FACE_BOUND('',#10039,.F.);
#10039 = EDGE_LOOP('',(#10040,#10050,#10058,#10066));
#10040 = ORIENTED_EDGE('',*,*,#10041,.F.);
#10041 = EDGE_CURVE('',#10042,#10044,#10046,.T.);
#10042 = VERTEX_POINT('',#10043);
#10043 = CARTESIAN_POINT('',(55.,-110.,115.));
#10044 = VERTEX_POINT('',#10045);
#10045 = CARTESIAN_POINT('',(55.,-110.,160.));
#10046 = LINE('',#10047,#10048);
#10047 = CARTESIAN_POINT('',(55.,-110.,115.));
#10048 = VECTOR('',#10049,1.);
#10049 = DIRECTION('',(0.,0.,1.));
#10050 = ORIENTED_EDGE('',*,*,#10051,.T.);
#10051 = EDGE_CURVE('',#10042,#10052,#10054,.T.);
#10052 = VERTEX_POINT('',#10053);
#10053 = CARTESIAN_POINT('',(55.,-70.,115.));
#10054 = LINE('',#10055,#10056);
#10055 = CARTESIAN_POINT('',(55.,-110.,115.));
#10056 = VECTOR('',#10057,1.);
#10057 = DIRECTION('',(0.,1.,0.));
#10058 = ORIENTED_EDGE('',*,*,#10059,.T.);
#10059 = EDGE_CURVE('',#10052,#10060,#10062,.T.);
#10060 = VERTEX_POINT('',#10061);
#10061 = CARTESIAN_POINT('',(55.,-70.,160.));
#10062 = LINE('',#10063,#10064);
#10063 = CARTESIAN_POINT('',(55.,-70.,115.));
#10064 = VECTOR('',#10065,1.);
#10065 = DIRECTION('',(0.,0.,1.));
#10066 = ORIENTED_EDGE('',*,*,#10067,.F.);
#10067 = EDGE_CURVE('',#10044,#10060,#10068,.T.);
#10068 = LINE('',#10069,#10070);
#10069 = CARTESIAN_POINT('',(55.,-110.,160.));
#10070 = VECTOR('',#10071,1.);
#10071 = DIRECTION('',(0.,1.,0.));
#10072 = PLANE('',#10073);
#10073 = AXIS2_PLACEMENT_3D('',#10074,#10075,#10076);
#10074 = CARTESIAN_POINT('',(55.,-110.,115.));
#10075 = DIRECTION('',(1.,0.,0.));
#10076 = DIRECTION('',(0.,0.,1.));
#10077 = ADVANCED_FACE('',(#10078),#10112,.T.);
#10078 = FACE_BOUND('',#10079,.T.);
#10079 = EDGE_LOOP('',(#10080,#10090,#10098,#10106));
#10080 = ORIENTED_EDGE('',*,*,#10081,.F.);
#10081 = EDGE_CURVE('',#10082,#10084,#10086,.T.);
#10082 = VERTEX_POINT('',#10083);
#10083 = CARTESIAN_POINT('',(100.,-110.,115.));
#10084 = VERTEX_POINT('',#10085);
#10085 = CARTESIAN_POINT('',(100.,-110.,160.));
#10086 = LINE('',#10087,#10088);
#10087 = CARTESIAN_POINT('',(100.,-110.,115.));
#10088 = VECTOR('',#10089,1.);
#10089 = DIRECTION('',(0.,0.,1.));
#10090 = ORIENTED_EDGE('',*,*,#10091,.T.);
#10091 = EDGE_CURVE('',#10082,#10092,#10094,.T.);
#10092 = VERTEX_POINT('',#10093);
#10093 = CARTESIAN_POINT('',(100.,-70.,115.));
#10094 = LINE('',#10095,#10096);
#10095 = CARTESIAN_POINT('',(100.,-110.,115.));
#10096 = VECTOR('',#10097,1.);
#10097 = DIRECTION('',(0.,1.,0.));
#10098 = ORIENTED_EDGE('',*,*,#10099,.T.);
#10099 = EDGE_CURVE('',#10092,#10100,#10102,.T.);
#10100 = VERTEX_POINT('',#10101);
#10101 = CARTESIAN_POINT('',(100.,-70.,160.));
#10102 = LINE('',#10103,#10104);
#10103 = CARTESIAN_POINT('',(100.,-70.,115.));
#10104 = VECTOR('',#10105,1.);
#10105 = DIRECTION('',(0.,0.,1.));
#10106 = ORIENTED_EDGE('',*,*,#10107,.F.);
#10107 = EDGE_CURVE('',#10084,#10100,#10108,.T.);
#10108 = LINE('',#10109,#10110);
#10109 = CARTESIAN_POINT('',(100.,-110.,160.));
#10110 = VECTOR('',#10111,1.);
#10111 = DIRECTION('',(0.,1.,0.));
#10112 = PLANE('',#10113);
#10113 = AXIS2_PLACEMENT_3D('',#10114,#10115,#10116);
#10114 = CARTESIAN_POINT('',(100.,-110.,115.));
#10115 = DIRECTION('',(1.,0.,0.));
#10116 = DIRECTION('',(0.,0.,1.));
#10117 = ADVANCED_FACE('',(#10118),#10134,.F.);
#10118 = FACE_BOUND('',#10119,.F.);
#10119 = EDGE_LOOP('',(#10120,#10126,#10127,#10133));
#10120 = ORIENTED_EDGE('',*,*,#10121,.F.);
#10121 = EDGE_CURVE('',#10042,#10082,#10122,.T.);
#10122 = LINE('',#10123,#10124);
#10123 = CARTESIAN_POINT('',(55.,-110.,115.));
#10124 = VECTOR('',#10125,1.);
#10125 = DIRECTION('',(1.,0.,0.));
#10126 = ORIENTED_EDGE('',*,*,#10041,.T.);
#10127 = ORIENTED_EDGE('',*,*,#10128,.T.);
#10128 = EDGE_CURVE('',#10044,#10084,#10129,.T.);
#10129 = LINE('',#10130,#10131);
#10130 = CARTESIAN_POINT('',(55.,-110.,160.));
#10131 = VECTOR('',#10132,1.);
#10132 = DIRECTION('',(1.,0.,0.));
#10133 = ORIENTED_EDGE('',*,*,#10081,.F.);
#10134 = PLANE('',#10135);
#10135 = AXIS2_PLACEMENT_3D('',#10136,#10137,#10138);
#10136 = CARTESIAN_POINT('',(55.,-110.,115.));
#10137 = DIRECTION('',(0.,1.,0.));
#10138 = DIRECTION('',(0.,0.,1.));
#10139 = ADVANCED_FACE('',(#10140),#10156,.T.);
#10140 = FACE_BOUND('',#10141,.T.);
#10141 = EDGE_LOOP('',(#10142,#10148,#10149,#10155));
#10142 = ORIENTED_EDGE('',*,*,#10143,.F.);
#10143 = EDGE_CURVE('',#10052,#10092,#10144,.T.);
#10144 = LINE('',#10145,#10146);
#10145 = CARTESIAN_POINT('',(55.,-70.,115.));
#10146 = VECTOR('',#10147,1.);
#10147 = DIRECTION('',(1.,0.,0.));
#10148 = ORIENTED_EDGE('',*,*,#10059,.T.);
#10149 = ORIENTED_EDGE('',*,*,#10150,.T.);
#10150 = EDGE_CURVE('',#10060,#10100,#10151,.T.);
#10151 = LINE('',#10152,#10153);
#10152 = CARTESIAN_POINT('',(55.,-70.,160.));
#10153 = VECTOR('',#10154,1.);
#10154 = DIRECTION('',(1.,0.,0.));
#10155 = ORIENTED_EDGE('',*,*,#10099,.F.);
#10156 = PLANE('',#10157);
#10157 = AXIS2_PLACEMENT_3D('',#10158,#10159,#10160);
#10158 = CARTESIAN_POINT('',(55.,-70.,115.));
#10159 = DIRECTION('',(0.,1.,0.));
#10160 = DIRECTION('',(0.,0.,1.));
#10161 = ADVANCED_FACE('',(#10162),#10168,.F.);
#10162 = FACE_BOUND('',#10163,.F.);
#10163 = EDGE_LOOP('',(#10164,#10165,#10166,#10167));
#10164 = ORIENTED_EDGE('',*,*,#10051,.F.);
#10165 = ORIENTED_EDGE('',*,*,#10121,.T.);
#10166 = ORIENTED_EDGE('',*,*,#10091,.T.);
#10167 = ORIENTED_EDGE('',*,*,#10143,.F.);
#10168 = PLANE('',#10169);
#10169 = AXIS2_PLACEMENT_3D('',#10170,#10171,#10172);
#10170 = CARTESIAN_POINT('',(55.,-110.,115.));
#10171 = DIRECTION('',(0.,0.,1.));
#10172 = DIRECTION('',(1.,0.,0.));
#10173 = ADVANCED_FACE('',(#10174),#10180,.T.);
#10174 = FACE_BOUND('',#10175,.T.);
#10175 = EDGE_LOOP('',(#10176,#10177,#10178,#10179));
#10176 = ORIENTED_EDGE('',*,*,#10067,.F.);
#10177 = ORIENTED_EDGE('',*,*,#10128,.T.);
#10178 = ORIENTED_EDGE('',*,*,#10107,.T.);
#10179 = ORIENTED_EDGE('',*,*,#10150,.F.);
#10180 = PLANE('',#10181);
#10181 = AXIS2_PLACEMENT_3D('',#10182,#10183,#10184);
#10182 = CARTESIAN_POINT('',(55.,-110.,160.));
#10183 = DIRECTION('',(0.,0.,1.));
#10184 = DIRECTION('',(1.,0.,0.));
#10185 = MANIFOLD_SOLID_BREP('',#10186);
#10186 = CLOSED_SHELL('',(#10187,#10227,#10267,#10289,#10311,#10323));
#10187 = ADVANCED_FACE('',(#10188),#10222,.F.);
#10188 = FACE_BOUND('',#10189,.F.);
#10189 = EDGE_LOOP('',(#10190,#10200,#10208,#10216));
#10190 = ORIENTED_EDGE('',*,*,#10191,.F.);
#10191 = EDGE_CURVE('',#10192,#10194,#10196,.T.);
#10192 = VERTEX_POINT('',#10193);
#10193 = CARTESIAN_POINT('',(45.,-115.,105.));
#10194 = VERTEX_POINT('',#10195);
#10195 = CARTESIAN_POINT('',(45.,-115.,110.));
#10196 = LINE('',#10197,#10198);
#10197 = CARTESIAN_POINT('',(45.,-115.,105.));
#10198 = VECTOR('',#10199,1.);
#10199 = DIRECTION('',(0.,0.,1.));
#10200 = ORIENTED_EDGE('',*,*,#10201,.T.);
#10201 = EDGE_CURVE('',#10192,#10202,#10204,.T.);
#10202 = VERTEX_POINT('',#10203);
#10203 = CARTESIAN_POINT('',(45.,45.,105.));
#10204 = LINE('',#10205,#10206);
#10205 = CARTESIAN_POINT('',(45.,-115.,105.));
#10206 = VECTOR('',#10207,1.);
#10207 = DIRECTION('',(0.,1.,0.));
#10208 = ORIENTED_EDGE('',*,*,#10209,.T.);
#10209 = EDGE_CURVE('',#10202,#10210,#10212,.T.);
#10210 = VERTEX_POINT('',#10211);
#10211 = CARTESIAN_POINT('',(45.,45.,110.));
#10212 = LINE('',#10213,#10214);
#10213 = CARTESIAN_POINT('',(45.,45.,105.));
#10214 = VECTOR('',#10215,1.);
#10215 = DIRECTION('',(0.,0.,1.));
#10216 = ORIENTED_EDGE('',*,*,#10217,.F.);
#10217 = EDGE_CURVE('',#10194,#10210,#10218,.T.);
#10218 = LINE('',#10219,#10220);
#10219 = CARTESIAN_POINT('',(45.,-115.,110.));
#10220 = VECTOR('',#10221,1.);
#10221 = DIRECTION('',(0.,1.,0.));
#10222 = PLANE('',#10223);
#10223 = AXIS2_PLACEMENT_3D('',#10224,#10225,#10226);
#10224 = CARTESIAN_POINT('',(45.,-115.,105.));
#10225 = DIRECTION('',(1.,0.,0.));
#10226 = DIRECTION('',(0.,0.,1.));
#10227 = ADVANCED_FACE('',(#10228),#10262,.T.);
#10228 = FACE_BOUND('',#10229,.T.);
#10229 = EDGE_LOOP('',(#10230,#10240,#10248,#10256));
#10230 = ORIENTED_EDGE('',*,*,#10231,.F.);
#10231 = EDGE_CURVE('',#10232,#10234,#10236,.T.);
#10232 = VERTEX_POINT('',#10233);
#10233 = CARTESIAN_POINT('',(145.,-115.,105.));
#10234 = VERTEX_POINT('',#10235);
#10235 = CARTESIAN_POINT('',(145.,-115.,110.));
#10236 = LINE('',#10237,#10238);
#10237 = CARTESIAN_POINT('',(145.,-115.,105.));
#10238 = VECTOR('',#10239,1.);
#10239 = DIRECTION('',(0.,0.,1.));
#10240 = ORIENTED_EDGE('',*,*,#10241,.T.);
#10241 = EDGE_CURVE('',#10232,#10242,#10244,.T.);
#10242 = VERTEX_POINT('',#10243);
#10243 = CARTESIAN_POINT('',(145.,45.,105.));
#10244 = LINE('',#10245,#10246);
#10245 = CARTESIAN_POINT('',(145.,-115.,105.));
#10246 = VECTOR('',#10247,1.);
#10247 = DIRECTION('',(0.,1.,0.));
#10248 = ORIENTED_EDGE('',*,*,#10249,.T.);
#10249 = EDGE_CURVE('',#10242,#10250,#10252,.T.);
#10250 = VERTEX_POINT('',#10251);
#10251 = CARTESIAN_POINT('',(145.,45.,110.));
#10252 = LINE('',#10253,#10254);
#10253 = CARTESIAN_POINT('',(145.,45.,105.));
#10254 = VECTOR('',#10255,1.);
#10255 = DIRECTION('',(0.,0.,1.));
#10256 = ORIENTED_EDGE('',*,*,#10257,.F.);
#10257 = EDGE_CURVE('',#10234,#10250,#10258,.T.);
#10258 = LINE('',#10259,#10260);
#10259 = CARTESIAN_POINT('',(145.,-115.,110.));
#10260 = VECTOR('',#10261,1.);
#10261 = DIRECTION('',(0.,1.,0.));
#10262 = PLANE('',#10263);
#10263 = AXIS2_PLACEMENT_3D('',#10264,#10265,#10266);
#10264 = CARTESIAN_POINT('',(145.,-115.,105.));
#10265 = DIRECTION('',(1.,0.,0.));
#10266 = DIRECTION('',(0.,0.,1.));
#10267 = ADVANCED_FACE('',(#10268),#10284,.F.);
#10268 = FACE_BOUND('',#10269,.F.);
#10269 = EDGE_LOOP('',(#10270,#10276,#10277,#10283));
#10270 = ORIENTED_EDGE('',*,*,#10271,.F.);
#10271 = EDGE_CURVE('',#10192,#10232,#10272,.T.);
#10272 = LINE('',#10273,#10274);
#10273 = CARTESIAN_POINT('',(45.,-115.,105.));
#10274 = VECTOR('',#10275,1.);
#10275 = DIRECTION('',(1.,0.,0.));
#10276 = ORIENTED_EDGE('',*,*,#10191,.T.);
#10277 = ORIENTED_EDGE('',*,*,#10278,.T.);
#10278 = EDGE_CURVE('',#10194,#10234,#10279,.T.);
#10279 = LINE('',#10280,#10281);
#10280 = CARTESIAN_POINT('',(45.,-115.,110.));
#10281 = VECTOR('',#10282,1.);
#10282 = DIRECTION('',(1.,0.,0.));
#10283 = ORIENTED_EDGE('',*,*,#10231,.F.);
#10284 = PLANE('',#10285);
#10285 = AXIS2_PLACEMENT_3D('',#10286,#10287,#10288);
#10286 = CARTESIAN_POINT('',(45.,-115.,105.));
#10287 = DIRECTION('',(0.,1.,0.));
#10288 = DIRECTION('',(0.,0.,1.));
#10289 = ADVANCED_FACE('',(#10290),#10306,.T.);
#10290 = FACE_BOUND('',#10291,.T.);
#10291 = EDGE_LOOP('',(#10292,#10298,#10299,#10305));
#10292 = ORIENTED_EDGE('',*,*,#10293,.F.);
#10293 = EDGE_CURVE('',#10202,#10242,#10294,.T.);
#10294 = LINE('',#10295,#10296);
#10295 = CARTESIAN_POINT('',(45.,45.,105.));
#10296 = VECTOR('',#10297,1.);
#10297 = DIRECTION('',(1.,0.,0.));
#10298 = ORIENTED_EDGE('',*,*,#10209,.T.);
#10299 = ORIENTED_EDGE('',*,*,#10300,.T.);
#10300 = EDGE_CURVE('',#10210,#10250,#10301,.T.);
#10301 = LINE('',#10302,#10303);
#10302 = CARTESIAN_POINT('',(45.,45.,110.));
#10303 = VECTOR('',#10304,1.);
#10304 = DIRECTION('',(1.,0.,0.));
#10305 = ORIENTED_EDGE('',*,*,#10249,.F.);
#10306 = PLANE('',#10307);
#10307 = AXIS2_PLACEMENT_3D('',#10308,#10309,#10310);
#10308 = CARTESIAN_POINT('',(45.,45.,105.));
#10309 = DIRECTION('',(0.,1.,0.));
#10310 = DIRECTION('',(0.,0.,1.));
#10311 = ADVANCED_FACE('',(#10312),#10318,.F.);
#10312 = FACE_BOUND('',#10313,.F.);
#10313 = EDGE_LOOP('',(#10314,#10315,#10316,#10317));
#10314 = ORIENTED_EDGE('',*,*,#10201,.F.);
#10315 = ORIENTED_EDGE('',*,*,#10271,.T.);
#10316 = ORIENTED_EDGE('',*,*,#10241,.T.);
#10317 = ORIENTED_EDGE('',*,*,#10293,.F.);
#10318 = PLANE('',#10319);
#10319 = AXIS2_PLACEMENT_3D('',#10320,#10321,#10322);
#10320 = CARTESIAN_POINT('',(45.,-115.,105.));
#10321 = DIRECTION('',(0.,0.,1.));
#10322 = DIRECTION('',(1.,0.,0.));
#10323 = ADVANCED_FACE('',(#10324),#10330,.T.);
#10324 = FACE_BOUND('',#10325,.T.);
#10325 = EDGE_LOOP('',(#10326,#10327,#10328,#10329));
#10326 = ORIENTED_EDGE('',*,*,#10217,.F.);
#10327 = ORIENTED_EDGE('',*,*,#10278,.T.);
#10328 = ORIENTED_EDGE('',*,*,#10257,.T.);
#10329 = ORIENTED_EDGE('',*,*,#10300,.F.);
#10330 = PLANE('',#10331);
#10331 = AXIS2_PLACEMENT_3D('',#10332,#10333,#10334);
#10332 = CARTESIAN_POINT('',(45.,-115.,110.));
#10333 = DIRECTION('',(0.,0.,1.));
#10334 = DIRECTION('',(1.,0.,0.));
#10335 = MANIFOLD_SOLID_BREP('',#10336);
#10336 = CLOSED_SHELL('',(#10337,#10370,#10379));
#10337 = ADVANCED_FACE('',(#10338),#10365,.T.);
#10338 = FACE_BOUND('',#10339,.T.);
#10339 = EDGE_LOOP('',(#10340,#10349,#10357,#10364));
#10340 = ORIENTED_EDGE('',*,*,#10341,.F.);
#10341 = EDGE_CURVE('',#10342,#10342,#10344,.T.);
#10342 = VERTEX_POINT('',#10343);
#10343 = CARTESIAN_POINT('',(130.,40.,140.));
#10344 = CIRCLE('',#10345,5.);
#10345 = AXIS2_PLACEMENT_3D('',#10346,#10347,#10348);
#10346 = CARTESIAN_POINT('',(130.,40.,135.));
#10347 = DIRECTION('',(0.,1.,0.));
#10348 = DIRECTION('',(0.,0.,1.));
#10349 = ORIENTED_EDGE('',*,*,#10350,.F.);
#10350 = EDGE_CURVE('',#10351,#10342,#10353,.T.);
#10351 = VERTEX_POINT('',#10352);
#10352 = CARTESIAN_POINT('',(130.,-40.,140.));
#10353 = LINE('',#10354,#10355);
#10354 = CARTESIAN_POINT('',(130.,-40.,140.));
#10355 = VECTOR('',#10356,1.);
#10356 = DIRECTION('',(0.,1.,0.));
#10357 = ORIENTED_EDGE('',*,*,#10358,.T.);
#10358 = EDGE_CURVE('',#10351,#10351,#10359,.T.);
#10359 = CIRCLE('',#10360,5.);
#10360 = AXIS2_PLACEMENT_3D('',#10361,#10362,#10363);
#10361 = CARTESIAN_POINT('',(130.,-40.,135.));
#10362 = DIRECTION('',(0.,1.,0.));
#10363 = DIRECTION('',(0.,0.,1.));
#10364 = ORIENTED_EDGE('',*,*,#10350,.T.);
#10365 = CYLINDRICAL_SURFACE('',#10366,5.);
#10366 = AXIS2_PLACEMENT_3D('',#10367,#10368,#10369);
#10367 = CARTESIAN_POINT('',(130.,-40.,135.));
#10368 = DIRECTION('',(0.,1.,0.));
#10369 = DIRECTION('',(0.,0.,1.));
#10370 = ADVANCED_FACE('',(#10371),#10374,.T.);
#10371 = FACE_BOUND('',#10372,.T.);
#10372 = EDGE_LOOP('',(#10373));
#10373 = ORIENTED_EDGE('',*,*,#10341,.T.);
#10374 = PLANE('',#10375);
#10375 = AXIS2_PLACEMENT_3D('',#10376,#10377,#10378);
#10376 = CARTESIAN_POINT('',(130.,40.,135.));
#10377 = DIRECTION('',(0.,1.,0.));
#10378 = DIRECTION('',(0.,0.,1.));
#10379 = ADVANCED_FACE('',(#10380),#10383,.F.);
#10380 = FACE_BOUND('',#10381,.T.);
#10381 = EDGE_LOOP('',(#10382));
#10382 = ORIENTED_EDGE('',*,*,#10358,.F.);
#10383 = PLANE('',#10384);
#10384 = AXIS2_PLACEMENT_3D('',#10385,#10386,#10387);
#10385 = CARTESIAN_POINT('',(130.,-40.,135.));
#10386 = DIRECTION('',(0.,1.,0.));
#10387 = DIRECTION('',(0.,0.,1.));
#10388 = MANIFOLD_SOLID_BREP('',#10389);
#10389 = CLOSED_SHELL('',(#10390,#10423,#10432));
#10390 = ADVANCED_FACE('',(#10391),#10418,.T.);
#10391 = FACE_BOUND('',#10392,.T.);
#10392 = EDGE_LOOP('',(#10393,#10402,#10410,#10417));
#10393 = ORIENTED_EDGE('',*,*,#10394,.F.);
#10394 = EDGE_CURVE('',#10395,#10395,#10397,.T.);
#10395 = VERTEX_POINT('',#10396);
#10396 = CARTESIAN_POINT('',(160.,-164.533254095,103.05522539603));
#10397 = CIRCLE('',#10398,2.);
#10398 = AXIS2_PLACEMENT_3D('',#10399,#10400,#10401);
#10399 = CARTESIAN_POINT('',(160.,-165.,105.));
#10400 = DIRECTION('',(0.227266205724,-0.946942523848,-0.227266205724));
#10401 = DIRECTION('',(7.30538971737E-20,0.233372952475,-0.972387301981)
  );
#10402 = ORIENTED_EDGE('',*,*,#10403,.F.);
#10403 = EDGE_CURVE('',#10404,#10395,#10406,.T.);
#10404 = VERTEX_POINT('',#10405);
#10405 = CARTESIAN_POINT('',(130.,-39.53325409504,133.05522539603));
#10406 = LINE('',#10407,#10408);
#10407 = CARTESIAN_POINT('',(130.,-39.53325409504,133.05522539603));
#10408 = VECTOR('',#10409,1.);
#10409 = DIRECTION('',(0.227266205724,-0.946942523848,-0.227266205724));
#10410 = ORIENTED_EDGE('',*,*,#10411,.T.);
#10411 = EDGE_CURVE('',#10404,#10404,#10412,.T.);
#10412 = CIRCLE('',#10413,2.);
#10413 = AXIS2_PLACEMENT_3D('',#10414,#10415,#10416);
#10414 = CARTESIAN_POINT('',(130.,-40.,135.));
#10415 = DIRECTION('',(0.227266205724,-0.946942523848,-0.227266205724));
#10416 = DIRECTION('',(7.30538971737E-20,0.233372952475,-0.972387301981)
  );
#10417 = ORIENTED_EDGE('',*,*,#10403,.T.);
#10418 = CYLINDRICAL_SURFACE('',#10419,2.);
#10419 = AXIS2_PLACEMENT_3D('',#10420,#10421,#10422);
#10420 = CARTESIAN_POINT('',(130.,-40.,135.));
#10421 = DIRECTION('',(0.227266205724,-0.946942523848,-0.227266205724));
#10422 = DIRECTION('',(7.30538971737E-20,0.233372952475,-0.972387301981)
  );
#10423 = ADVANCED_FACE('',(#10424),#10427,.T.);
#10424 = FACE_BOUND('',#10425,.T.);
#10425 = EDGE_LOOP('',(#10426));
#10426 = ORIENTED_EDGE('',*,*,#10394,.T.);
#10427 = PLANE('',#10428);
#10428 = AXIS2_PLACEMENT_3D('',#10429,#10430,#10431);
#10429 = CARTESIAN_POINT('',(160.,-165.,105.));
#10430 = DIRECTION('',(0.227266205724,-0.946942523848,-0.227266205724));
#10431 = DIRECTION('',(7.30538971737E-20,0.233372952475,-0.972387301981)
  );
#10432 = ADVANCED_FACE('',(#10433),#10436,.F.);
#10433 = FACE_BOUND('',#10434,.T.);
#10434 = EDGE_LOOP('',(#10435));
#10435 = ORIENTED_EDGE('',*,*,#10411,.F.);
#10436 = PLANE('',#10437);
#10437 = AXIS2_PLACEMENT_3D('',#10438,#10439,#10440);
#10438 = CARTESIAN_POINT('',(130.,-40.,135.));
#10439 = DIRECTION('',(0.227266205724,-0.946942523848,-0.227266205724));
#10440 = DIRECTION('',(7.30538971737E-20,0.233372952475,-0.972387301981)
  );
#10441 = MANIFOLD_SOLID_BREP('',#10442);
#10442 = CLOSED_SHELL('',(#10443,#10476,#10485));
#10443 = ADVANCED_FACE('',(#10444),#10471,.T.);
#10444 = FACE_BOUND('',#10445,.T.);
#10445 = EDGE_LOOP('',(#10446,#10455,#10463,#10470));
#10446 = ORIENTED_EDGE('',*,*,#10447,.F.);
#10447 = EDGE_CURVE('',#10448,#10448,#10450,.T.);
#10448 = VERTEX_POINT('',#10449);
#10449 = CARTESIAN_POINT('',(180.,-165.,110.));
#10450 = CIRCLE('',#10451,5.);
#10451 = AXIS2_PLACEMENT_3D('',#10452,#10453,#10454);
#10452 = CARTESIAN_POINT('',(180.,-165.,105.));
#10453 = DIRECTION('',(1.,0.,-0.));
#10454 = DIRECTION('',(0.,0.,1.));
#10455 = ORIENTED_EDGE('',*,*,#10456,.F.);
#10456 = EDGE_CURVE('',#10457,#10448,#10459,.T.);
#10457 = VERTEX_POINT('',#10458);
#10458 = CARTESIAN_POINT('',(160.,-165.,110.));
#10459 = LINE('',#10460,#10461);
#10460 = CARTESIAN_POINT('',(160.,-165.,110.));
#10461 = VECTOR('',#10462,1.);
#10462 = DIRECTION('',(1.,0.,0.));
#10463 = ORIENTED_EDGE('',*,*,#10464,.T.);
#10464 = EDGE_CURVE('',#10457,#10457,#10465,.T.);
#10465 = CIRCLE('',#10466,5.);
#10466 = AXIS2_PLACEMENT_3D('',#10467,#10468,#10469);
#10467 = CARTESIAN_POINT('',(160.,-165.,105.));
#10468 = DIRECTION('',(1.,0.,-0.));
#10469 = DIRECTION('',(0.,0.,1.));
#10470 = ORIENTED_EDGE('',*,*,#10456,.T.);
#10471 = CYLINDRICAL_SURFACE('',#10472,5.);
#10472 = AXIS2_PLACEMENT_3D('',#10473,#10474,#10475);
#10473 = CARTESIAN_POINT('',(160.,-165.,105.));
#10474 = DIRECTION('',(1.,0.,0.));
#10475 = DIRECTION('',(0.,0.,1.));
#10476 = ADVANCED_FACE('',(#10477),#10480,.T.);
#10477 = FACE_BOUND('',#10478,.T.);
#10478 = EDGE_LOOP('',(#10479));
#10479 = ORIENTED_EDGE('',*,*,#10447,.T.);
#10480 = PLANE('',#10481);
#10481 = AXIS2_PLACEMENT_3D('',#10482,#10483,#10484);
#10482 = CARTESIAN_POINT('',(180.,-165.,105.));
#10483 = DIRECTION('',(1.,0.,0.));
#10484 = DIRECTION('',(0.,0.,1.));
#10485 = ADVANCED_FACE('',(#10486),#10489,.F.);
#10486 = FACE_BOUND('',#10487,.T.);
#10487 = EDGE_LOOP('',(#10488));
#10488 = ORIENTED_EDGE('',*,*,#10464,.F.);
#10489 = PLANE('',#10490);
#10490 = AXIS2_PLACEMENT_3D('',#10491,#10492,#10493);
#10491 = CARTESIAN_POINT('',(160.,-165.,105.));
#10492 = DIRECTION('',(1.,0.,0.));
#10493 = DIRECTION('',(0.,0.,1.));
#10494 = MANIFOLD_SOLID_BREP('',#10495);
#10495 = CLOSED_SHELL('',(#10496,#10529,#10538));
#10496 = ADVANCED_FACE('',(#10497),#10524,.T.);
#10497 = FACE_BOUND('',#10498,.T.);
#10498 = EDGE_LOOP('',(#10499,#10508,#10516,#10523));
#10499 = ORIENTED_EDGE('',*,*,#10500,.F.);
#10500 = EDGE_CURVE('',#10501,#10501,#10503,.T.);
#10501 = VERTEX_POINT('',#10502);
#10502 = CARTESIAN_POINT('',(160.,165.46674590495,106.94477460396));
#10503 = CIRCLE('',#10504,2.);
#10504 = AXIS2_PLACEMENT_3D('',#10505,#10506,#10507);
#10505 = CARTESIAN_POINT('',(160.,165.,105.));
#10506 = DIRECTION('',(0.227266205724,0.946942523848,-0.227266205724));
#10507 = DIRECTION('',(-7.30538971737E-20,0.233372952475,0.972387301981)
  );
#10508 = ORIENTED_EDGE('',*,*,#10509,.F.);
#10509 = EDGE_CURVE('',#10510,#10501,#10512,.T.);
#10510 = VERTEX_POINT('',#10511);
#10511 = CARTESIAN_POINT('',(130.,40.466745904951,136.94477460396));
#10512 = LINE('',#10513,#10514);
#10513 = CARTESIAN_POINT('',(130.,40.466745904951,136.94477460396));
#10514 = VECTOR('',#10515,1.);
#10515 = DIRECTION('',(0.227266205724,0.946942523848,-0.227266205724));
#10516 = ORIENTED_EDGE('',*,*,#10517,.T.);
#10517 = EDGE_CURVE('',#10510,#10510,#10518,.T.);
#10518 = CIRCLE('',#10519,2.);
#10519 = AXIS2_PLACEMENT_3D('',#10520,#10521,#10522);
#10520 = CARTESIAN_POINT('',(130.,40.,135.));
#10521 = DIRECTION('',(0.227266205724,0.946942523848,-0.227266205724));
#10522 = DIRECTION('',(-7.30538971737E-20,0.233372952475,0.972387301981)
  );
#10523 = ORIENTED_EDGE('',*,*,#10509,.T.);
#10524 = CYLINDRICAL_SURFACE('',#10525,2.);
#10525 = AXIS2_PLACEMENT_3D('',#10526,#10527,#10528);
#10526 = CARTESIAN_POINT('',(130.,40.,135.));
#10527 = DIRECTION('',(0.227266205724,0.946942523848,-0.227266205724));
#10528 = DIRECTION('',(-7.30538971737E-20,0.233372952475,0.972387301981)
  );
#10529 = ADVANCED_FACE('',(#10530),#10533,.T.);
#10530 = FACE_BOUND('',#10531,.T.);
#10531 = EDGE_LOOP('',(#10532));
#10532 = ORIENTED_EDGE('',*,*,#10500,.T.);
#10533 = PLANE('',#10534);
#10534 = AXIS2_PLACEMENT_3D('',#10535,#10536,#10537);
#10535 = CARTESIAN_POINT('',(160.,165.,105.));
#10536 = DIRECTION('',(0.227266205724,0.946942523848,-0.227266205724));
#10537 = DIRECTION('',(-7.30538971737E-20,0.233372952475,0.972387301981)
  );
#10538 = ADVANCED_FACE('',(#10539),#10542,.F.);
#10539 = FACE_BOUND('',#10540,.T.);
#10540 = EDGE_LOOP('',(#10541));
#10541 = ORIENTED_EDGE('',*,*,#10517,.F.);
#10542 = PLANE('',#10543);
#10543 = AXIS2_PLACEMENT_3D('',#10544,#10545,#10546);
#10544 = CARTESIAN_POINT('',(130.,40.,135.));
#10545 = DIRECTION('',(0.227266205724,0.946942523848,-0.227266205724));
#10546 = DIRECTION('',(-7.30538971737E-20,0.233372952475,0.972387301981)
  );
#10547 = MANIFOLD_SOLID_BREP('',#10548);
#10548 = CLOSED_SHELL('',(#10549,#10582,#10591));
#10549 = ADVANCED_FACE('',(#10550),#10577,.T.);
#10550 = FACE_BOUND('',#10551,.T.);
#10551 = EDGE_LOOP('',(#10552,#10561,#10569,#10576));
#10552 = ORIENTED_EDGE('',*,*,#10553,.F.);
#10553 = EDGE_CURVE('',#10554,#10554,#10556,.T.);
#10554 = VERTEX_POINT('',#10555);
#10555 = CARTESIAN_POINT('',(180.,165.,110.));
#10556 = CIRCLE('',#10557,5.);
#10557 = AXIS2_PLACEMENT_3D('',#10558,#10559,#10560);
#10558 = CARTESIAN_POINT('',(180.,165.,105.));
#10559 = DIRECTION('',(1.,0.,-0.));
#10560 = DIRECTION('',(0.,0.,1.));
#10561 = ORIENTED_EDGE('',*,*,#10562,.F.);
#10562 = EDGE_CURVE('',#10563,#10554,#10565,.T.);
#10563 = VERTEX_POINT('',#10564);
#10564 = CARTESIAN_POINT('',(160.,165.,110.));
#10565 = LINE('',#10566,#10567);
#10566 = CARTESIAN_POINT('',(160.,165.,110.));
#10567 = VECTOR('',#10568,1.);
#10568 = DIRECTION('',(1.,0.,0.));
#10569 = ORIENTED_EDGE('',*,*,#10570,.T.);
#10570 = EDGE_CURVE('',#10563,#10563,#10571,.T.);
#10571 = CIRCLE('',#10572,5.);
#10572 = AXIS2_PLACEMENT_3D('',#10573,#10574,#10575);
#10573 = CARTESIAN_POINT('',(160.,165.,105.));
#10574 = DIRECTION('',(1.,0.,-0.));
#10575 = DIRECTION('',(0.,0.,1.));
#10576 = ORIENTED_EDGE('',*,*,#10562,.T.);
#10577 = CYLINDRICAL_SURFACE('',#10578,5.);
#10578 = AXIS2_PLACEMENT_3D('',#10579,#10580,#10581);
#10579 = CARTESIAN_POINT('',(160.,165.,105.));
#10580 = DIRECTION('',(1.,0.,0.));
#10581 = DIRECTION('',(0.,0.,1.));
#10582 = ADVANCED_FACE('',(#10583),#10586,.T.);
#10583 = FACE_BOUND('',#10584,.T.);
#10584 = EDGE_LOOP('',(#10585));
#10585 = ORIENTED_EDGE('',*,*,#10553,.T.);
#10586 = PLANE('',#10587);
#10587 = AXIS2_PLACEMENT_3D('',#10588,#10589,#10590);
#10588 = CARTESIAN_POINT('',(180.,165.,105.));
#10589 = DIRECTION('',(1.,0.,0.));
#10590 = DIRECTION('',(0.,0.,1.));
#10591 = ADVANCED_FACE('',(#10592),#10595,.F.);
#10592 = FACE_BOUND('',#10593,.T.);
#10593 = EDGE_LOOP('',(#10594));
#10594 = ORIENTED_EDGE('',*,*,#10570,.F.);
#10595 = PLANE('',#10596);
#10596 = AXIS2_PLACEMENT_3D('',#10597,#10598,#10599);
#10597 = CARTESIAN_POINT('',(160.,165.,105.));
#10598 = DIRECTION('',(1.,0.,0.));
#10599 = DIRECTION('',(0.,0.,1.));
#10600 = MANIFOLD_SOLID_BREP('',#10601);
#10601 = CLOSED_SHELL('',(#10602,#10635,#10644));
#10602 = ADVANCED_FACE('',(#10603),#10630,.T.);
#10603 = FACE_BOUND('',#10604,.T.);
#10604 = EDGE_LOOP('',(#10605,#10614,#10622,#10629));
#10605 = ORIENTED_EDGE('',*,*,#10606,.F.);
#10606 = EDGE_CURVE('',#10607,#10607,#10609,.T.);
#10607 = VERTEX_POINT('',#10608);
#10608 = CARTESIAN_POINT('',(128.10028662922,-37.67812810239,135.));
#10609 = CIRCLE('',#10610,3.);
#10610 = AXIS2_PLACEMENT_3D('',#10611,#10612,#10613);
#10611 = CARTESIAN_POINT('',(130.,-40.,135.));
#10612 = DIRECTION('',(0.757271229904,0.619585551739,-0.206528517246));
#10613 = DIRECTION('',(-0.633237790257,0.773957299203,
    -3.802892970473E-18));
#10614 = ORIENTED_EDGE('',*,*,#10615,.F.);
#10615 = EDGE_CURVE('',#10616,#10607,#10618,.T.);
#10616 = VERTEX_POINT('',#10617);
#10617 = CARTESIAN_POINT('',(73.100286629228,-82.67812810239,150.));
#10618 = LINE('',#10619,#10620);
#10619 = CARTESIAN_POINT('',(73.100286629228,-82.67812810239,150.));
#10620 = VECTOR('',#10621,1.);
#10621 = DIRECTION('',(0.757271229904,0.619585551739,-0.206528517246));
#10622 = ORIENTED_EDGE('',*,*,#10623,.T.);
#10623 = EDGE_CURVE('',#10616,#10616,#10624,.T.);
#10624 = CIRCLE('',#10625,3.);
#10625 = AXIS2_PLACEMENT_3D('',#10626,#10627,#10628);
#10626 = CARTESIAN_POINT('',(75.,-85.,150.));
#10627 = DIRECTION('',(0.757271229904,0.619585551739,-0.206528517246));
#10628 = DIRECTION('',(-0.633237790257,0.773957299203,
    -3.802892970473E-18));
#10629 = ORIENTED_EDGE('',*,*,#10615,.T.);
#10630 = CYLINDRICAL_SURFACE('',#10631,3.);
#10631 = AXIS2_PLACEMENT_3D('',#10632,#10633,#10634);
#10632 = CARTESIAN_POINT('',(75.,-85.,150.));
#10633 = DIRECTION('',(0.757271229904,0.619585551739,-0.206528517246));
#10634 = DIRECTION('',(-0.633237790257,0.773957299203,
    -3.802892970473E-18));
#10635 = ADVANCED_FACE('',(#10636),#10639,.T.);
#10636 = FACE_BOUND('',#10637,.T.);
#10637 = EDGE_LOOP('',(#10638));
#10638 = ORIENTED_EDGE('',*,*,#10606,.T.);
#10639 = PLANE('',#10640);
#10640 = AXIS2_PLACEMENT_3D('',#10641,#10642,#10643);
#10641 = CARTESIAN_POINT('',(130.,-40.,135.));
#10642 = DIRECTION('',(0.757271229904,0.619585551739,-0.206528517246));
#10643 = DIRECTION('',(-0.633237790257,0.773957299203,
    -3.802892970473E-18));
#10644 = ADVANCED_FACE('',(#10645),#10648,.F.);
#10645 = FACE_BOUND('',#10646,.T.);
#10646 = EDGE_LOOP('',(#10647));
#10647 = ORIENTED_EDGE('',*,*,#10623,.F.);
#10648 = PLANE('',#10649);
#10649 = AXIS2_PLACEMENT_3D('',#10650,#10651,#10652);
#10650 = CARTESIAN_POINT('',(75.,-85.,150.));
#10651 = DIRECTION('',(0.757271229904,0.619585551739,-0.206528517246));
#10652 = DIRECTION('',(-0.633237790257,0.773957299203,
    -3.802892970473E-18));
#10653 = MANIFOLD_SOLID_BREP('',#10654);
#10654 = CLOSED_SHELL('',(#10655,#10688,#10697));
#10655 = ADVANCED_FACE('',(#10656),#10683,.T.);
#10656 = FACE_BOUND('',#10657,.T.);
#10657 = EDGE_LOOP('',(#10658,#10667,#10675,#10682));
#10658 = ORIENTED_EDGE('',*,*,#10659,.F.);
#10659 = EDGE_CURVE('',#10660,#10660,#10662,.T.);
#10660 = VERTEX_POINT('',#10661);
#10661 = CARTESIAN_POINT('',(-98.,-60.,240.));
#10662 = CIRCLE('',#10663,7.);
#10663 = AXIS2_PLACEMENT_3D('',#10664,#10665,#10666);
#10664 = CARTESIAN_POINT('',(-105.,-60.,240.));
#10665 = DIRECTION('',(0.,0.,1.));
#10666 = DIRECTION('',(1.,0.,0.));
#10667 = ORIENTED_EDGE('',*,*,#10668,.F.);
#10668 = EDGE_CURVE('',#10669,#10660,#10671,.T.);
#10669 = VERTEX_POINT('',#10670);
#10670 = CARTESIAN_POINT('',(-98.,-60.,95.));
#10671 = LINE('',#10672,#10673);
#10672 = CARTESIAN_POINT('',(-98.,-60.,95.));
#10673 = VECTOR('',#10674,1.);
#10674 = DIRECTION('',(0.,0.,1.));
#10675 = ORIENTED_EDGE('',*,*,#10676,.T.);
#10676 = EDGE_CURVE('',#10669,#10669,#10677,.T.);
#10677 = CIRCLE('',#10678,7.);
#10678 = AXIS2_PLACEMENT_3D('',#10679,#10680,#10681);
#10679 = CARTESIAN_POINT('',(-105.,-60.,95.));
#10680 = DIRECTION('',(0.,0.,1.));
#10681 = DIRECTION('',(1.,0.,0.));
#10682 = ORIENTED_EDGE('',*,*,#10668,.T.);
#10683 = CYLINDRICAL_SURFACE('',#10684,7.);
#10684 = AXIS2_PLACEMENT_3D('',#10685,#10686,#10687);
#10685 = CARTESIAN_POINT('',(-105.,-60.,95.));
#10686 = DIRECTION('',(0.,0.,1.));
#10687 = DIRECTION('',(1.,0.,0.));
#10688 = ADVANCED_FACE('',(#10689),#10692,.T.);
#10689 = FACE_BOUND('',#10690,.T.);
#10690 = EDGE_LOOP('',(#10691));
#10691 = ORIENTED_EDGE('',*,*,#10659,.T.);
#10692 = PLANE('',#10693);
#10693 = AXIS2_PLACEMENT_3D('',#10694,#10695,#10696);
#10694 = CARTESIAN_POINT('',(-105.,-60.,240.));
#10695 = DIRECTION('',(0.,0.,1.));
#10696 = DIRECTION('',(1.,0.,0.));
#10697 = ADVANCED_FACE('',(#10698),#10701,.F.);
#10698 = FACE_BOUND('',#10699,.T.);
#10699 = EDGE_LOOP('',(#10700));
#10700 = ORIENTED_EDGE('',*,*,#10676,.F.);
#10701 = PLANE('',#10702);
#10702 = AXIS2_PLACEMENT_3D('',#10703,#10704,#10705);
#10703 = CARTESIAN_POINT('',(-105.,-60.,95.));
#10704 = DIRECTION('',(0.,0.,1.));
#10705 = DIRECTION('',(1.,0.,0.));
#10706 = MANIFOLD_SOLID_BREP('',#10707);
#10707 = CLOSED_SHELL('',(#10708,#10741,#10750));
#10708 = ADVANCED_FACE('',(#10709),#10736,.T.);
#10709 = FACE_BOUND('',#10710,.T.);
#10710 = EDGE_LOOP('',(#10711,#10720,#10728,#10735));
#10711 = ORIENTED_EDGE('',*,*,#10712,.F.);
#10712 = EDGE_CURVE('',#10713,#10713,#10715,.T.);
#10713 = VERTEX_POINT('',#10714);
#10714 = CARTESIAN_POINT('',(-98.,60.,240.));
#10715 = CIRCLE('',#10716,7.);
#10716 = AXIS2_PLACEMENT_3D('',#10717,#10718,#10719);
#10717 = CARTESIAN_POINT('',(-105.,60.,240.));
#10718 = DIRECTION('',(0.,0.,1.));
#10719 = DIRECTION('',(1.,0.,0.));
#10720 = ORIENTED_EDGE('',*,*,#10721,.F.);
#10721 = EDGE_CURVE('',#10722,#10713,#10724,.T.);
#10722 = VERTEX_POINT('',#10723);
#10723 = CARTESIAN_POINT('',(-98.,60.,95.));
#10724 = LINE('',#10725,#10726);
#10725 = CARTESIAN_POINT('',(-98.,60.,95.));
#10726 = VECTOR('',#10727,1.);
#10727 = DIRECTION('',(0.,0.,1.));
#10728 = ORIENTED_EDGE('',*,*,#10729,.T.);
#10729 = EDGE_CURVE('',#10722,#10722,#10730,.T.);
#10730 = CIRCLE('',#10731,7.);
#10731 = AXIS2_PLACEMENT_3D('',#10732,#10733,#10734);
#10732 = CARTESIAN_POINT('',(-105.,60.,95.));
#10733 = DIRECTION('',(0.,0.,1.));
#10734 = DIRECTION('',(1.,0.,0.));
#10735 = ORIENTED_EDGE('',*,*,#10721,.T.);
#10736 = CYLINDRICAL_SURFACE('',#10737,7.);
#10737 = AXIS2_PLACEMENT_3D('',#10738,#10739,#10740);
#10738 = CARTESIAN_POINT('',(-105.,60.,95.));
#10739 = DIRECTION('',(0.,0.,1.));
#10740 = DIRECTION('',(1.,0.,0.));
#10741 = ADVANCED_FACE('',(#10742),#10745,.T.);
#10742 = FACE_BOUND('',#10743,.T.);
#10743 = EDGE_LOOP('',(#10744));
#10744 = ORIENTED_EDGE('',*,*,#10712,.T.);
#10745 = PLANE('',#10746);
#10746 = AXIS2_PLACEMENT_3D('',#10747,#10748,#10749);
#10747 = CARTESIAN_POINT('',(-105.,60.,240.));
#10748 = DIRECTION('',(0.,0.,1.));
#10749 = DIRECTION('',(1.,0.,0.));
#10750 = ADVANCED_FACE('',(#10751),#10754,.F.);
#10751 = FACE_BOUND('',#10752,.T.);
#10752 = EDGE_LOOP('',(#10753));
#10753 = ORIENTED_EDGE('',*,*,#10729,.F.);
#10754 = PLANE('',#10755);
#10755 = AXIS2_PLACEMENT_3D('',#10756,#10757,#10758);
#10756 = CARTESIAN_POINT('',(-105.,60.,95.));
#10757 = DIRECTION('',(0.,0.,1.));
#10758 = DIRECTION('',(1.,0.,0.));
#10759 = MANIFOLD_SOLID_BREP('',#10760);
#10760 = CLOSED_SHELL('',(#10761,#10794,#10803));
#10761 = ADVANCED_FACE('',(#10762),#10789,.T.);
#10762 = FACE_BOUND('',#10763,.T.);
#10763 = EDGE_LOOP('',(#10764,#10773,#10781,#10788));
#10764 = ORIENTED_EDGE('',*,*,#10765,.F.);
#10765 = EDGE_CURVE('',#10766,#10766,#10768,.T.);
#10766 = VERTEX_POINT('',#10767);
#10767 = CARTESIAN_POINT('',(112.,-60.,240.));
#10768 = CIRCLE('',#10769,7.);
#10769 = AXIS2_PLACEMENT_3D('',#10770,#10771,#10772);
#10770 = CARTESIAN_POINT('',(105.,-60.,240.));
#10771 = DIRECTION('',(0.,0.,1.));
#10772 = DIRECTION('',(1.,0.,0.));
#10773 = ORIENTED_EDGE('',*,*,#10774,.F.);
#10774 = EDGE_CURVE('',#10775,#10766,#10777,.T.);
#10775 = VERTEX_POINT('',#10776);
#10776 = CARTESIAN_POINT('',(112.,-60.,95.));
#10777 = LINE('',#10778,#10779);
#10778 = CARTESIAN_POINT('',(112.,-60.,95.));
#10779 = VECTOR('',#10780,1.);
#10780 = DIRECTION('',(0.,0.,1.));
#10781 = ORIENTED_EDGE('',*,*,#10782,.T.);
#10782 = EDGE_CURVE('',#10775,#10775,#10783,.T.);
#10783 = CIRCLE('',#10784,7.);
#10784 = AXIS2_PLACEMENT_3D('',#10785,#10786,#10787);
#10785 = CARTESIAN_POINT('',(105.,-60.,95.));
#10786 = DIRECTION('',(0.,0.,1.));
#10787 = DIRECTION('',(1.,0.,0.));
#10788 = ORIENTED_EDGE('',*,*,#10774,.T.);
#10789 = CYLINDRICAL_SURFACE('',#10790,7.);
#10790 = AXIS2_PLACEMENT_3D('',#10791,#10792,#10793);
#10791 = CARTESIAN_POINT('',(105.,-60.,95.));
#10792 = DIRECTION('',(0.,0.,1.));
#10793 = DIRECTION('',(1.,0.,0.));
#10794 = ADVANCED_FACE('',(#10795),#10798,.T.);
#10795 = FACE_BOUND('',#10796,.T.);
#10796 = EDGE_LOOP('',(#10797));
#10797 = ORIENTED_EDGE('',*,*,#10765,.T.);
#10798 = PLANE('',#10799);
#10799 = AXIS2_PLACEMENT_3D('',#10800,#10801,#10802);
#10800 = CARTESIAN_POINT('',(105.,-60.,240.));
#10801 = DIRECTION('',(0.,0.,1.));
#10802 = DIRECTION('',(1.,0.,0.));
#10803 = ADVANCED_FACE('',(#10804),#10807,.F.);
#10804 = FACE_BOUND('',#10805,.T.);
#10805 = EDGE_LOOP('',(#10806));
#10806 = ORIENTED_EDGE('',*,*,#10782,.F.);
#10807 = PLANE('',#10808);
#10808 = AXIS2_PLACEMENT_3D('',#10809,#10810,#10811);
#10809 = CARTESIAN_POINT('',(105.,-60.,95.));
#10810 = DIRECTION('',(0.,0.,1.));
#10811 = DIRECTION('',(1.,0.,0.));
#10812 = MANIFOLD_SOLID_BREP('',#10813);
#10813 = CLOSED_SHELL('',(#10814,#10847,#10856));
#10814 = ADVANCED_FACE('',(#10815),#10842,.T.);
#10815 = FACE_BOUND('',#10816,.T.);
#10816 = EDGE_LOOP('',(#10817,#10826,#10834,#10841));
#10817 = ORIENTED_EDGE('',*,*,#10818,.F.);
#10818 = EDGE_CURVE('',#10819,#10819,#10821,.T.);
#10819 = VERTEX_POINT('',#10820);
#10820 = CARTESIAN_POINT('',(112.,60.,240.));
#10821 = CIRCLE('',#10822,7.);
#10822 = AXIS2_PLACEMENT_3D('',#10823,#10824,#10825);
#10823 = CARTESIAN_POINT('',(105.,60.,240.));
#10824 = DIRECTION('',(0.,0.,1.));
#10825 = DIRECTION('',(1.,0.,0.));
#10826 = ORIENTED_EDGE('',*,*,#10827,.F.);
#10827 = EDGE_CURVE('',#10828,#10819,#10830,.T.);
#10828 = VERTEX_POINT('',#10829);
#10829 = CARTESIAN_POINT('',(112.,60.,95.));
#10830 = LINE('',#10831,#10832);
#10831 = CARTESIAN_POINT('',(112.,60.,95.));
#10832 = VECTOR('',#10833,1.);
#10833 = DIRECTION('',(0.,0.,1.));
#10834 = ORIENTED_EDGE('',*,*,#10835,.T.);
#10835 = EDGE_CURVE('',#10828,#10828,#10836,.T.);
#10836 = CIRCLE('',#10837,7.);
#10837 = AXIS2_PLACEMENT_3D('',#10838,#10839,#10840);
#10838 = CARTESIAN_POINT('',(105.,60.,95.));
#10839 = DIRECTION('',(0.,0.,1.));
#10840 = DIRECTION('',(1.,0.,0.));
#10841 = ORIENTED_EDGE('',*,*,#10827,.T.);
#10842 = CYLINDRICAL_SURFACE('',#10843,7.);
#10843 = AXIS2_PLACEMENT_3D('',#10844,#10845,#10846);
#10844 = CARTESIAN_POINT('',(105.,60.,95.));
#10845 = DIRECTION('',(0.,0.,1.));
#10846 = DIRECTION('',(1.,0.,0.));
#10847 = ADVANCED_FACE('',(#10848),#10851,.T.);
#10848 = FACE_BOUND('',#10849,.T.);
#10849 = EDGE_LOOP('',(#10850));
#10850 = ORIENTED_EDGE('',*,*,#10818,.T.);
#10851 = PLANE('',#10852);
#10852 = AXIS2_PLACEMENT_3D('',#10853,#10854,#10855);
#10853 = CARTESIAN_POINT('',(105.,60.,240.));
#10854 = DIRECTION('',(0.,0.,1.));
#10855 = DIRECTION('',(1.,0.,0.));
#10856 = ADVANCED_FACE('',(#10857),#10860,.F.);
#10857 = FACE_BOUND('',#10858,.T.);
#10858 = EDGE_LOOP('',(#10859));
#10859 = ORIENTED_EDGE('',*,*,#10835,.F.);
#10860 = PLANE('',#10861);
#10861 = AXIS2_PLACEMENT_3D('',#10862,#10863,#10864);
#10862 = CARTESIAN_POINT('',(105.,60.,95.));
#10863 = DIRECTION('',(0.,0.,1.));
#10864 = DIRECTION('',(1.,0.,0.));
#10865 = MANIFOLD_SOLID_BREP('',#10866);
#10866 = CLOSED_SHELL('',(#10867,#10907,#10947,#10969,#10991,#11003));
#10867 = ADVANCED_FACE('',(#10868),#10902,.F.);
#10868 = FACE_BOUND('',#10869,.F.);
#10869 = EDGE_LOOP('',(#10870,#10880,#10888,#10896));
#10870 = ORIENTED_EDGE('',*,*,#10871,.F.);
#10871 = EDGE_CURVE('',#10872,#10874,#10876,.T.);
#10872 = VERTEX_POINT('',#10873);
#10873 = CARTESIAN_POINT('',(-160.,-130.,240.));
#10874 = VERTEX_POINT('',#10875);
#10875 = CARTESIAN_POINT('',(-160.,-130.,243.));
#10876 = LINE('',#10877,#10878);
#10877 = CARTESIAN_POINT('',(-160.,-130.,240.));
#10878 = VECTOR('',#10879,1.);
#10879 = DIRECTION('',(0.,0.,1.));
#10880 = ORIENTED_EDGE('',*,*,#10881,.T.);
#10881 = EDGE_CURVE('',#10872,#10882,#10884,.T.);
#10882 = VERTEX_POINT('',#10883);
#10883 = CARTESIAN_POINT('',(-160.,130.,240.));
#10884 = LINE('',#10885,#10886);
#10885 = CARTESIAN_POINT('',(-160.,-130.,240.));
#10886 = VECTOR('',#10887,1.);
#10887 = DIRECTION('',(0.,1.,0.));
#10888 = ORIENTED_EDGE('',*,*,#10889,.T.);
#10889 = EDGE_CURVE('',#10882,#10890,#10892,.T.);
#10890 = VERTEX_POINT('',#10891);
#10891 = CARTESIAN_POINT('',(-160.,130.,243.));
#10892 = LINE('',#10893,#10894);
#10893 = CARTESIAN_POINT('',(-160.,130.,240.));
#10894 = VECTOR('',#10895,1.);
#10895 = DIRECTION('',(0.,0.,1.));
#10896 = ORIENTED_EDGE('',*,*,#10897,.F.);
#10897 = EDGE_CURVE('',#10874,#10890,#10898,.T.);
#10898 = LINE('',#10899,#10900);
#10899 = CARTESIAN_POINT('',(-160.,-130.,243.));
#10900 = VECTOR('',#10901,1.);
#10901 = DIRECTION('',(0.,1.,0.));
#10902 = PLANE('',#10903);
#10903 = AXIS2_PLACEMENT_3D('',#10904,#10905,#10906);
#10904 = CARTESIAN_POINT('',(-160.,-130.,240.));
#10905 = DIRECTION('',(1.,0.,0.));
#10906 = DIRECTION('',(0.,0.,1.));
#10907 = ADVANCED_FACE('',(#10908),#10942,.T.);
#10908 = FACE_BOUND('',#10909,.T.);
#10909 = EDGE_LOOP('',(#10910,#10920,#10928,#10936));
#10910 = ORIENTED_EDGE('',*,*,#10911,.F.);
#10911 = EDGE_CURVE('',#10912,#10914,#10916,.T.);
#10912 = VERTEX_POINT('',#10913);
#10913 = CARTESIAN_POINT('',(160.,-130.,240.));
#10914 = VERTEX_POINT('',#10915);
#10915 = CARTESIAN_POINT('',(160.,-130.,243.));
#10916 = LINE('',#10917,#10918);
#10917 = CARTESIAN_POINT('',(160.,-130.,240.));
#10918 = VECTOR('',#10919,1.);
#10919 = DIRECTION('',(0.,0.,1.));
#10920 = ORIENTED_EDGE('',*,*,#10921,.T.);
#10921 = EDGE_CURVE('',#10912,#10922,#10924,.T.);
#10922 = VERTEX_POINT('',#10923);
#10923 = CARTESIAN_POINT('',(160.,130.,240.));
#10924 = LINE('',#10925,#10926);
#10925 = CARTESIAN_POINT('',(160.,-130.,240.));
#10926 = VECTOR('',#10927,1.);
#10927 = DIRECTION('',(0.,1.,0.));
#10928 = ORIENTED_EDGE('',*,*,#10929,.T.);
#10929 = EDGE_CURVE('',#10922,#10930,#10932,.T.);
#10930 = VERTEX_POINT('',#10931);
#10931 = CARTESIAN_POINT('',(160.,130.,243.));
#10932 = LINE('',#10933,#10934);
#10933 = CARTESIAN_POINT('',(160.,130.,240.));
#10934 = VECTOR('',#10935,1.);
#10935 = DIRECTION('',(0.,0.,1.));
#10936 = ORIENTED_EDGE('',*,*,#10937,.F.);
#10937 = EDGE_CURVE('',#10914,#10930,#10938,.T.);
#10938 = LINE('',#10939,#10940);
#10939 = CARTESIAN_POINT('',(160.,-130.,243.));
#10940 = VECTOR('',#10941,1.);
#10941 = DIRECTION('',(0.,1.,0.));
#10942 = PLANE('',#10943);
#10943 = AXIS2_PLACEMENT_3D('',#10944,#10945,#10946);
#10944 = CARTESIAN_POINT('',(160.,-130.,240.));
#10945 = DIRECTION('',(1.,0.,0.));
#10946 = DIRECTION('',(0.,0.,1.));
#10947 = ADVANCED_FACE('',(#10948),#10964,.F.);
#10948 = FACE_BOUND('',#10949,.F.);
#10949 = EDGE_LOOP('',(#10950,#10956,#10957,#10963));
#10950 = ORIENTED_EDGE('',*,*,#10951,.F.);
#10951 = EDGE_CURVE('',#10872,#10912,#10952,.T.);
#10952 = LINE('',#10953,#10954);
#10953 = CARTESIAN_POINT('',(-160.,-130.,240.));
#10954 = VECTOR('',#10955,1.);
#10955 = DIRECTION('',(1.,0.,0.));
#10956 = ORIENTED_EDGE('',*,*,#10871,.T.);
#10957 = ORIENTED_EDGE('',*,*,#10958,.T.);
#10958 = EDGE_CURVE('',#10874,#10914,#10959,.T.);
#10959 = LINE('',#10960,#10961);
#10960 = CARTESIAN_POINT('',(-160.,-130.,243.));
#10961 = VECTOR('',#10962,1.);
#10962 = DIRECTION('',(1.,0.,0.));
#10963 = ORIENTED_EDGE('',*,*,#10911,.F.);
#10964 = PLANE('',#10965);
#10965 = AXIS2_PLACEMENT_3D('',#10966,#10967,#10968);
#10966 = CARTESIAN_POINT('',(-160.,-130.,240.));
#10967 = DIRECTION('',(0.,1.,0.));
#10968 = DIRECTION('',(0.,0.,1.));
#10969 = ADVANCED_FACE('',(#10970),#10986,.T.);
#10970 = FACE_BOUND('',#10971,.T.);
#10971 = EDGE_LOOP('',(#10972,#10978,#10979,#10985));
#10972 = ORIENTED_EDGE('',*,*,#10973,.F.);
#10973 = EDGE_CURVE('',#10882,#10922,#10974,.T.);
#10974 = LINE('',#10975,#10976);
#10975 = CARTESIAN_POINT('',(-160.,130.,240.));
#10976 = VECTOR('',#10977,1.);
#10977 = DIRECTION('',(1.,0.,0.));
#10978 = ORIENTED_EDGE('',*,*,#10889,.T.);
#10979 = ORIENTED_EDGE('',*,*,#10980,.T.);
#10980 = EDGE_CURVE('',#10890,#10930,#10981,.T.);
#10981 = LINE('',#10982,#10983);
#10982 = CARTESIAN_POINT('',(-160.,130.,243.));
#10983 = VECTOR('',#10984,1.);
#10984 = DIRECTION('',(1.,0.,0.));
#10985 = ORIENTED_EDGE('',*,*,#10929,.F.);
#10986 = PLANE('',#10987);
#10987 = AXIS2_PLACEMENT_3D('',#10988,#10989,#10990);
#10988 = CARTESIAN_POINT('',(-160.,130.,240.));
#10989 = DIRECTION('',(0.,1.,0.));
#10990 = DIRECTION('',(0.,0.,1.));
#10991 = ADVANCED_FACE('',(#10992),#10998,.F.);
#10992 = FACE_BOUND('',#10993,.F.);
#10993 = EDGE_LOOP('',(#10994,#10995,#10996,#10997));
#10994 = ORIENTED_EDGE('',*,*,#10881,.F.);
#10995 = ORIENTED_EDGE('',*,*,#10951,.T.);
#10996 = ORIENTED_EDGE('',*,*,#10921,.T.);
#10997 = ORIENTED_EDGE('',*,*,#10973,.F.);
#10998 = PLANE('',#10999);
#10999 = AXIS2_PLACEMENT_3D('',#11000,#11001,#11002);
#11000 = CARTESIAN_POINT('',(-160.,-130.,240.));
#11001 = DIRECTION('',(0.,0.,1.));
#11002 = DIRECTION('',(1.,0.,0.));
#11003 = ADVANCED_FACE('',(#11004),#11010,.T.);
#11004 = FACE_BOUND('',#11005,.T.);
#11005 = EDGE_LOOP('',(#11006,#11007,#11008,#11009));
#11006 = ORIENTED_EDGE('',*,*,#10897,.F.);
#11007 = ORIENTED_EDGE('',*,*,#10958,.T.);
#11008 = ORIENTED_EDGE('',*,*,#10937,.T.);
#11009 = ORIENTED_EDGE('',*,*,#10980,.F.);
#11010 = PLANE('',#11011);
#11011 = AXIS2_PLACEMENT_3D('',#11012,#11013,#11014);
#11012 = CARTESIAN_POINT('',(-160.,-130.,243.));
#11013 = DIRECTION('',(0.,0.,1.));
#11014 = DIRECTION('',(1.,0.,0.));
#11015 = MANIFOLD_SOLID_BREP('',#11016);
#11016 = CLOSED_SHELL('',(#11017,#11057,#11097,#11119,#11141,#11153));
#11017 = ADVANCED_FACE('',(#11018),#11052,.F.);
#11018 = FACE_BOUND('',#11019,.F.);
#11019 = EDGE_LOOP('',(#11020,#11030,#11038,#11046));
#11020 = ORIENTED_EDGE('',*,*,#11021,.F.);
#11021 = EDGE_CURVE('',#11022,#11024,#11026,.T.);
#11022 = VERTEX_POINT('',#11023);
#11023 = CARTESIAN_POINT('',(-105.,-60.,95.));
#11024 = VERTEX_POINT('',#11025);
#11025 = CARTESIAN_POINT('',(-105.,-60.,98.));
#11026 = LINE('',#11027,#11028);
#11027 = CARTESIAN_POINT('',(-105.,-60.,95.));
#11028 = VECTOR('',#11029,1.);
#11029 = DIRECTION('',(0.,0.,1.));
#11030 = ORIENTED_EDGE('',*,*,#11031,.T.);
#11031 = EDGE_CURVE('',#11022,#11032,#11034,.T.);
#11032 = VERTEX_POINT('',#11033);
#11033 = CARTESIAN_POINT('',(-105.,60.,95.));
#11034 = LINE('',#11035,#11036);
#11035 = CARTESIAN_POINT('',(-105.,-60.,95.));
#11036 = VECTOR('',#11037,1.);
#11037 = DIRECTION('',(0.,1.,0.));
#11038 = ORIENTED_EDGE('',*,*,#11039,.T.);
#11039 = EDGE_CURVE('',#11032,#11040,#11042,.T.);
#11040 = VERTEX_POINT('',#11041);
#11041 = CARTESIAN_POINT('',(-105.,60.,98.));
#11042 = LINE('',#11043,#11044);
#11043 = CARTESIAN_POINT('',(-105.,60.,95.));
#11044 = VECTOR('',#11045,1.);
#11045 = DIRECTION('',(0.,0.,1.));
#11046 = ORIENTED_EDGE('',*,*,#11047,.F.);
#11047 = EDGE_CURVE('',#11024,#11040,#11048,.T.);
#11048 = LINE('',#11049,#11050);
#11049 = CARTESIAN_POINT('',(-105.,-60.,98.));
#11050 = VECTOR('',#11051,1.);
#11051 = DIRECTION('',(0.,1.,0.));
#11052 = PLANE('',#11053);
#11053 = AXIS2_PLACEMENT_3D('',#11054,#11055,#11056);
#11054 = CARTESIAN_POINT('',(-105.,-60.,95.));
#11055 = DIRECTION('',(1.,0.,0.));
#11056 = DIRECTION('',(0.,0.,1.));
#11057 = ADVANCED_FACE('',(#11058),#11092,.T.);
#11058 = FACE_BOUND('',#11059,.T.);
#11059 = EDGE_LOOP('',(#11060,#11070,#11078,#11086));
#11060 = ORIENTED_EDGE('',*,*,#11061,.F.);
#11061 = EDGE_CURVE('',#11062,#11064,#11066,.T.);
#11062 = VERTEX_POINT('',#11063);
#11063 = CARTESIAN_POINT('',(105.,-60.,95.));
#11064 = VERTEX_POINT('',#11065);
#11065 = CARTESIAN_POINT('',(105.,-60.,98.));
#11066 = LINE('',#11067,#11068);
#11067 = CARTESIAN_POINT('',(105.,-60.,95.));
#11068 = VECTOR('',#11069,1.);
#11069 = DIRECTION('',(0.,0.,1.));
#11070 = ORIENTED_EDGE('',*,*,#11071,.T.);
#11071 = EDGE_CURVE('',#11062,#11072,#11074,.T.);
#11072 = VERTEX_POINT('',#11073);
#11073 = CARTESIAN_POINT('',(105.,60.,95.));
#11074 = LINE('',#11075,#11076);
#11075 = CARTESIAN_POINT('',(105.,-60.,95.));
#11076 = VECTOR('',#11077,1.);
#11077 = DIRECTION('',(0.,1.,0.));
#11078 = ORIENTED_EDGE('',*,*,#11079,.T.);
#11079 = EDGE_CURVE('',#11072,#11080,#11082,.T.);
#11080 = VERTEX_POINT('',#11081);
#11081 = CARTESIAN_POINT('',(105.,60.,98.));
#11082 = LINE('',#11083,#11084);
#11083 = CARTESIAN_POINT('',(105.,60.,95.));
#11084 = VECTOR('',#11085,1.);
#11085 = DIRECTION('',(0.,0.,1.));
#11086 = ORIENTED_EDGE('',*,*,#11087,.F.);
#11087 = EDGE_CURVE('',#11064,#11080,#11088,.T.);
#11088 = LINE('',#11089,#11090);
#11089 = CARTESIAN_POINT('',(105.,-60.,98.));
#11090 = VECTOR('',#11091,1.);
#11091 = DIRECTION('',(0.,1.,0.));
#11092 = PLANE('',#11093);
#11093 = AXIS2_PLACEMENT_3D('',#11094,#11095,#11096);
#11094 = CARTESIAN_POINT('',(105.,-60.,95.));
#11095 = DIRECTION('',(1.,0.,0.));
#11096 = DIRECTION('',(0.,0.,1.));
#11097 = ADVANCED_FACE('',(#11098),#11114,.F.);
#11098 = FACE_BOUND('',#11099,.F.);
#11099 = EDGE_LOOP('',(#11100,#11106,#11107,#11113));
#11100 = ORIENTED_EDGE('',*,*,#11101,.F.);
#11101 = EDGE_CURVE('',#11022,#11062,#11102,.T.);
#11102 = LINE('',#11103,#11104);
#11103 = CARTESIAN_POINT('',(-105.,-60.,95.));
#11104 = VECTOR('',#11105,1.);
#11105 = DIRECTION('',(1.,0.,0.));
#11106 = ORIENTED_EDGE('',*,*,#11021,.T.);
#11107 = ORIENTED_EDGE('',*,*,#11108,.T.);
#11108 = EDGE_CURVE('',#11024,#11064,#11109,.T.);
#11109 = LINE('',#11110,#11111);
#11110 = CARTESIAN_POINT('',(-105.,-60.,98.));
#11111 = VECTOR('',#11112,1.);
#11112 = DIRECTION('',(1.,0.,0.));
#11113 = ORIENTED_EDGE('',*,*,#11061,.F.);
#11114 = PLANE('',#11115);
#11115 = AXIS2_PLACEMENT_3D('',#11116,#11117,#11118);
#11116 = CARTESIAN_POINT('',(-105.,-60.,95.));
#11117 = DIRECTION('',(0.,1.,0.));
#11118 = DIRECTION('',(0.,0.,1.));
#11119 = ADVANCED_FACE('',(#11120),#11136,.T.);
#11120 = FACE_BOUND('',#11121,.T.);
#11121 = EDGE_LOOP('',(#11122,#11128,#11129,#11135));
#11122 = ORIENTED_EDGE('',*,*,#11123,.F.);
#11123 = EDGE_CURVE('',#11032,#11072,#11124,.T.);
#11124 = LINE('',#11125,#11126);
#11125 = CARTESIAN_POINT('',(-105.,60.,95.));
#11126 = VECTOR('',#11127,1.);
#11127 = DIRECTION('',(1.,0.,0.));
#11128 = ORIENTED_EDGE('',*,*,#11039,.T.);
#11129 = ORIENTED_EDGE('',*,*,#11130,.T.);
#11130 = EDGE_CURVE('',#11040,#11080,#11131,.T.);
#11131 = LINE('',#11132,#11133);
#11132 = CARTESIAN_POINT('',(-105.,60.,98.));
#11133 = VECTOR('',#11134,1.);
#11134 = DIRECTION('',(1.,0.,0.));
#11135 = ORIENTED_EDGE('',*,*,#11079,.F.);
#11136 = PLANE('',#11137);
#11137 = AXIS2_PLACEMENT_3D('',#11138,#11139,#11140);
#11138 = CARTESIAN_POINT('',(-105.,60.,95.));
#11139 = DIRECTION('',(0.,1.,0.));
#11140 = DIRECTION('',(0.,0.,1.));
#11141 = ADVANCED_FACE('',(#11142),#11148,.F.);
#11142 = FACE_BOUND('',#11143,.F.);
#11143 = EDGE_LOOP('',(#11144,#11145,#11146,#11147));
#11144 = ORIENTED_EDGE('',*,*,#11031,.F.);
#11145 = ORIENTED_EDGE('',*,*,#11101,.T.);
#11146 = ORIENTED_EDGE('',*,*,#11071,.T.);
#11147 = ORIENTED_EDGE('',*,*,#11123,.F.);
#11148 = PLANE('',#11149);
#11149 = AXIS2_PLACEMENT_3D('',#11150,#11151,#11152);
#11150 = CARTESIAN_POINT('',(-105.,-60.,95.));
#11151 = DIRECTION('',(0.,0.,1.));
#11152 = DIRECTION('',(1.,0.,0.));
#11153 = ADVANCED_FACE('',(#11154),#11160,.T.);
#11154 = FACE_BOUND('',#11155,.T.);
#11155 = EDGE_LOOP('',(#11156,#11157,#11158,#11159));
#11156 = ORIENTED_EDGE('',*,*,#11047,.F.);
#11157 = ORIENTED_EDGE('',*,*,#11108,.T.);
#11158 = ORIENTED_EDGE('',*,*,#11087,.T.);
#11159 = ORIENTED_EDGE('',*,*,#11130,.F.);
#11160 = PLANE('',#11161);
#11161 = AXIS2_PLACEMENT_3D('',#11162,#11163,#11164);
#11162 = CARTESIAN_POINT('',(-105.,-60.,98.));
#11163 = DIRECTION('',(0.,0.,1.));
#11164 = DIRECTION('',(1.,0.,0.));
#11165 = MANIFOLD_SOLID_BREP('',#11166);
#11166 = CLOSED_SHELL('',(#11167,#11207,#11247,#11269,#11291,#11303));
#11167 = ADVANCED_FACE('',(#11168),#11202,.F.);
#11168 = FACE_BOUND('',#11169,.F.);
#11169 = EDGE_LOOP('',(#11170,#11180,#11188,#11196));
#11170 = ORIENTED_EDGE('',*,*,#11171,.F.);
#11171 = EDGE_CURVE('',#11172,#11174,#11176,.T.);
#11172 = VERTEX_POINT('',#11173);
#11173 = CARTESIAN_POINT('',(-95.,-50.,99.));
#11174 = VERTEX_POINT('',#11175);
#11175 = CARTESIAN_POINT('',(-95.,-50.,169.));
#11176 = LINE('',#11177,#11178);
#11177 = CARTESIAN_POINT('',(-95.,-50.,99.));
#11178 = VECTOR('',#11179,1.);
#11179 = DIRECTION('',(0.,0.,1.));
#11180 = ORIENTED_EDGE('',*,*,#11181,.T.);
#11181 = EDGE_CURVE('',#11172,#11182,#11184,.T.);
#11182 = VERTEX_POINT('',#11183);
#11183 = CARTESIAN_POINT('',(-95.,50.,99.));
#11184 = LINE('',#11185,#11186);
#11185 = CARTESIAN_POINT('',(-95.,-50.,99.));
#11186 = VECTOR('',#11187,1.);
#11187 = DIRECTION('',(0.,1.,0.));
#11188 = ORIENTED_EDGE('',*,*,#11189,.T.);
#11189 = EDGE_CURVE('',#11182,#11190,#11192,.T.);
#11190 = VERTEX_POINT('',#11191);
#11191 = CARTESIAN_POINT('',(-95.,50.,169.));
#11192 = LINE('',#11193,#11194);
#11193 = CARTESIAN_POINT('',(-95.,50.,99.));
#11194 = VECTOR('',#11195,1.);
#11195 = DIRECTION('',(0.,0.,1.));
#11196 = ORIENTED_EDGE('',*,*,#11197,.F.);
#11197 = EDGE_CURVE('',#11174,#11190,#11198,.T.);
#11198 = LINE('',#11199,#11200);
#11199 = CARTESIAN_POINT('',(-95.,-50.,169.));
#11200 = VECTOR('',#11201,1.);
#11201 = DIRECTION('',(0.,1.,0.));
#11202 = PLANE('',#11203);
#11203 = AXIS2_PLACEMENT_3D('',#11204,#11205,#11206);
#11204 = CARTESIAN_POINT('',(-95.,-50.,99.));
#11205 = DIRECTION('',(1.,0.,0.));
#11206 = DIRECTION('',(0.,0.,1.));
#11207 = ADVANCED_FACE('',(#11208),#11242,.T.);
#11208 = FACE_BOUND('',#11209,.T.);
#11209 = EDGE_LOOP('',(#11210,#11220,#11228,#11236));
#11210 = ORIENTED_EDGE('',*,*,#11211,.F.);
#11211 = EDGE_CURVE('',#11212,#11214,#11216,.T.);
#11212 = VERTEX_POINT('',#11213);
#11213 = CARTESIAN_POINT('',(95.,-50.,99.));
#11214 = VERTEX_POINT('',#11215);
#11215 = CARTESIAN_POINT('',(95.,-50.,169.));
#11216 = LINE('',#11217,#11218);
#11217 = CARTESIAN_POINT('',(95.,-50.,99.));
#11218 = VECTOR('',#11219,1.);
#11219 = DIRECTION('',(0.,0.,1.));
#11220 = ORIENTED_EDGE('',*,*,#11221,.T.);
#11221 = EDGE_CURVE('',#11212,#11222,#11224,.T.);
#11222 = VERTEX_POINT('',#11223);
#11223 = CARTESIAN_POINT('',(95.,50.,99.));
#11224 = LINE('',#11225,#11226);
#11225 = CARTESIAN_POINT('',(95.,-50.,99.));
#11226 = VECTOR('',#11227,1.);
#11227 = DIRECTION('',(0.,1.,0.));
#11228 = ORIENTED_EDGE('',*,*,#11229,.T.);
#11229 = EDGE_CURVE('',#11222,#11230,#11232,.T.);
#11230 = VERTEX_POINT('',#11231);
#11231 = CARTESIAN_POINT('',(95.,50.,169.));
#11232 = LINE('',#11233,#11234);
#11233 = CARTESIAN_POINT('',(95.,50.,99.));
#11234 = VECTOR('',#11235,1.);
#11235 = DIRECTION('',(0.,0.,1.));
#11236 = ORIENTED_EDGE('',*,*,#11237,.F.);
#11237 = EDGE_CURVE('',#11214,#11230,#11238,.T.);
#11238 = LINE('',#11239,#11240);
#11239 = CARTESIAN_POINT('',(95.,-50.,169.));
#11240 = VECTOR('',#11241,1.);
#11241 = DIRECTION('',(0.,1.,0.));
#11242 = PLANE('',#11243);
#11243 = AXIS2_PLACEMENT_3D('',#11244,#11245,#11246);
#11244 = CARTESIAN_POINT('',(95.,-50.,99.));
#11245 = DIRECTION('',(1.,0.,0.));
#11246 = DIRECTION('',(0.,0.,1.));
#11247 = ADVANCED_FACE('',(#11248),#11264,.F.);
#11248 = FACE_BOUND('',#11249,.F.);
#11249 = EDGE_LOOP('',(#11250,#11256,#11257,#11263));
#11250 = ORIENTED_EDGE('',*,*,#11251,.F.);
#11251 = EDGE_CURVE('',#11172,#11212,#11252,.T.);
#11252 = LINE('',#11253,#11254);
#11253 = CARTESIAN_POINT('',(-95.,-50.,99.));
#11254 = VECTOR('',#11255,1.);
#11255 = DIRECTION('',(1.,0.,0.));
#11256 = ORIENTED_EDGE('',*,*,#11171,.T.);
#11257 = ORIENTED_EDGE('',*,*,#11258,.T.);
#11258 = EDGE_CURVE('',#11174,#11214,#11259,.T.);
#11259 = LINE('',#11260,#11261);
#11260 = CARTESIAN_POINT('',(-95.,-50.,169.));
#11261 = VECTOR('',#11262,1.);
#11262 = DIRECTION('',(1.,0.,0.));
#11263 = ORIENTED_EDGE('',*,*,#11211,.F.);
#11264 = PLANE('',#11265);
#11265 = AXIS2_PLACEMENT_3D('',#11266,#11267,#11268);
#11266 = CARTESIAN_POINT('',(-95.,-50.,99.));
#11267 = DIRECTION('',(0.,1.,0.));
#11268 = DIRECTION('',(0.,0.,1.));
#11269 = ADVANCED_FACE('',(#11270),#11286,.T.);
#11270 = FACE_BOUND('',#11271,.T.);
#11271 = EDGE_LOOP('',(#11272,#11278,#11279,#11285));
#11272 = ORIENTED_EDGE('',*,*,#11273,.F.);
#11273 = EDGE_CURVE('',#11182,#11222,#11274,.T.);
#11274 = LINE('',#11275,#11276);
#11275 = CARTESIAN_POINT('',(-95.,50.,99.));
#11276 = VECTOR('',#11277,1.);
#11277 = DIRECTION('',(1.,0.,0.));
#11278 = ORIENTED_EDGE('',*,*,#11189,.T.);
#11279 = ORIENTED_EDGE('',*,*,#11280,.T.);
#11280 = EDGE_CURVE('',#11190,#11230,#11281,.T.);
#11281 = LINE('',#11282,#11283);
#11282 = CARTESIAN_POINT('',(-95.,50.,169.));
#11283 = VECTOR('',#11284,1.);
#11284 = DIRECTION('',(1.,0.,0.));
#11285 = ORIENTED_EDGE('',*,*,#11229,.F.);
#11286 = PLANE('',#11287);
#11287 = AXIS2_PLACEMENT_3D('',#11288,#11289,#11290);
#11288 = CARTESIAN_POINT('',(-95.,50.,99.));
#11289 = DIRECTION('',(0.,1.,0.));
#11290 = DIRECTION('',(0.,0.,1.));
#11291 = ADVANCED_FACE('',(#11292),#11298,.F.);
#11292 = FACE_BOUND('',#11293,.F.);
#11293 = EDGE_LOOP('',(#11294,#11295,#11296,#11297));
#11294 = ORIENTED_EDGE('',*,*,#11181,.F.);
#11295 = ORIENTED_EDGE('',*,*,#11251,.T.);
#11296 = ORIENTED_EDGE('',*,*,#11221,.T.);
#11297 = ORIENTED_EDGE('',*,*,#11273,.F.);
#11298 = PLANE('',#11299);
#11299 = AXIS2_PLACEMENT_3D('',#11300,#11301,#11302);
#11300 = CARTESIAN_POINT('',(-95.,-50.,99.));
#11301 = DIRECTION('',(0.,0.,1.));
#11302 = DIRECTION('',(1.,0.,0.));
#11303 = ADVANCED_FACE('',(#11304),#11310,.T.);
#11304 = FACE_BOUND('',#11305,.T.);
#11305 = EDGE_LOOP('',(#11306,#11307,#11308,#11309));
#11306 = ORIENTED_EDGE('',*,*,#11197,.F.);
#11307 = ORIENTED_EDGE('',*,*,#11258,.T.);
#11308 = ORIENTED_EDGE('',*,*,#11237,.T.);
#11309 = ORIENTED_EDGE('',*,*,#11280,.F.);
#11310 = PLANE('',#11311);
#11311 = AXIS2_PLACEMENT_3D('',#11312,#11313,#11314);
#11312 = CARTESIAN_POINT('',(-95.,-50.,169.));
#11313 = DIRECTION('',(0.,0.,1.));
#11314 = DIRECTION('',(1.,0.,0.));
#11315 = MANIFOLD_SOLID_BREP('',#11316);
#11316 = CLOSED_SHELL('',(#11317,#11350,#11359));
#11317 = ADVANCED_FACE('',(#11318),#11345,.T.);
#11318 = FACE_BOUND('',#11319,.T.);
#11319 = EDGE_LOOP('',(#11320,#11329,#11337,#11344));
#11320 = ORIENTED_EDGE('',*,*,#11321,.F.);
#11321 = EDGE_CURVE('',#11322,#11322,#11324,.T.);
#11322 = VERTEX_POINT('',#11323);
#11323 = CARTESIAN_POINT('',(-50.,55.,303.));
#11324 = CIRCLE('',#11325,35.);
#11325 = AXIS2_PLACEMENT_3D('',#11326,#11327,#11328);
#11326 = CARTESIAN_POINT('',(-85.,55.,303.));
#11327 = DIRECTION('',(0.,0.,1.));
#11328 = DIRECTION('',(1.,0.,0.));
#11329 = ORIENTED_EDGE('',*,*,#11330,.F.);
#11330 = EDGE_CURVE('',#11331,#11322,#11333,.T.);
#11331 = VERTEX_POINT('',#11332);
#11332 = CARTESIAN_POINT('',(-50.,55.,248.));
#11333 = LINE('',#11334,#11335);
#11334 = CARTESIAN_POINT('',(-50.,55.,248.));
#11335 = VECTOR('',#11336,1.);
#11336 = DIRECTION('',(0.,0.,1.));
#11337 = ORIENTED_EDGE('',*,*,#11338,.T.);
#11338 = EDGE_CURVE('',#11331,#11331,#11339,.T.);
#11339 = CIRCLE('',#11340,35.);
#11340 = AXIS2_PLACEMENT_3D('',#11341,#11342,#11343);
#11341 = CARTESIAN_POINT('',(-85.,55.,248.));
#11342 = DIRECTION('',(0.,0.,1.));
#11343 = DIRECTION('',(1.,0.,0.));
#11344 = ORIENTED_EDGE('',*,*,#11330,.T.);
#11345 = CYLINDRICAL_SURFACE('',#11346,35.);
#11346 = AXIS2_PLACEMENT_3D('',#11347,#11348,#11349);
#11347 = CARTESIAN_POINT('',(-85.,55.,248.));
#11348 = DIRECTION('',(0.,0.,1.));
#11349 = DIRECTION('',(1.,0.,0.));
#11350 = ADVANCED_FACE('',(#11351),#11354,.T.);
#11351 = FACE_BOUND('',#11352,.T.);
#11352 = EDGE_LOOP('',(#11353));
#11353 = ORIENTED_EDGE('',*,*,#11321,.T.);
#11354 = PLANE('',#11355);
#11355 = AXIS2_PLACEMENT_3D('',#11356,#11357,#11358);
#11356 = CARTESIAN_POINT('',(-85.,55.,303.));
#11357 = DIRECTION('',(0.,0.,1.));
#11358 = DIRECTION('',(1.,0.,0.));
#11359 = ADVANCED_FACE('',(#11360),#11363,.F.);
#11360 = FACE_BOUND('',#11361,.T.);
#11361 = EDGE_LOOP('',(#11362));
#11362 = ORIENTED_EDGE('',*,*,#11338,.F.);
#11363 = PLANE('',#11364);
#11364 = AXIS2_PLACEMENT_3D('',#11365,#11366,#11367);
#11365 = CARTESIAN_POINT('',(-85.,55.,248.));
#11366 = DIRECTION('',(0.,0.,1.));
#11367 = DIRECTION('',(1.,0.,0.));
#11368 = MANIFOLD_SOLID_BREP('',#11369);
#11369 = CLOSED_SHELL('',(#11370,#11410,#11450,#11472,#11494,#11506));
#11370 = ADVANCED_FACE('',(#11371),#11405,.F.);
#11371 = FACE_BOUND('',#11372,.F.);
#11372 = EDGE_LOOP('',(#11373,#11383,#11391,#11399));
#11373 = ORIENTED_EDGE('',*,*,#11374,.F.);
#11374 = EDGE_CURVE('',#11375,#11377,#11379,.T.);
#11375 = VERTEX_POINT('',#11376);
#11376 = CARTESIAN_POINT('',(-50.,-95.,248.));
#11377 = VERTEX_POINT('',#11378);
#11378 = CARTESIAN_POINT('',(-50.,-95.,278.));
#11379 = LINE('',#11380,#11381);
#11380 = CARTESIAN_POINT('',(-50.,-95.,248.));
#11381 = VECTOR('',#11382,1.);
#11382 = DIRECTION('',(0.,0.,1.));
#11383 = ORIENTED_EDGE('',*,*,#11384,.T.);
#11384 = EDGE_CURVE('',#11375,#11385,#11387,.T.);
#11385 = VERTEX_POINT('',#11386);
#11386 = CARTESIAN_POINT('',(-50.,-25.,248.));
#11387 = LINE('',#11388,#11389);
#11388 = CARTESIAN_POINT('',(-50.,-95.,248.));
#11389 = VECTOR('',#11390,1.);
#11390 = DIRECTION('',(0.,1.,0.));
#11391 = ORIENTED_EDGE('',*,*,#11392,.T.);
#11392 = EDGE_CURVE('',#11385,#11393,#11395,.T.);
#11393 = VERTEX_POINT('',#11394);
#11394 = CARTESIAN_POINT('',(-50.,-25.,278.));
#11395 = LINE('',#11396,#11397);
#11396 = CARTESIAN_POINT('',(-50.,-25.,248.));
#11397 = VECTOR('',#11398,1.);
#11398 = DIRECTION('',(0.,0.,1.));
#11399 = ORIENTED_EDGE('',*,*,#11400,.F.);
#11400 = EDGE_CURVE('',#11377,#11393,#11401,.T.);
#11401 = LINE('',#11402,#11403);
#11402 = CARTESIAN_POINT('',(-50.,-95.,278.));
#11403 = VECTOR('',#11404,1.);
#11404 = DIRECTION('',(0.,1.,0.));
#11405 = PLANE('',#11406);
#11406 = AXIS2_PLACEMENT_3D('',#11407,#11408,#11409);
#11407 = CARTESIAN_POINT('',(-50.,-95.,248.));
#11408 = DIRECTION('',(1.,0.,0.));
#11409 = DIRECTION('',(0.,0.,1.));
#11410 = ADVANCED_FACE('',(#11411),#11445,.T.);
#11411 = FACE_BOUND('',#11412,.T.);
#11412 = EDGE_LOOP('',(#11413,#11423,#11431,#11439));
#11413 = ORIENTED_EDGE('',*,*,#11414,.F.);
#11414 = EDGE_CURVE('',#11415,#11417,#11419,.T.);
#11415 = VERTEX_POINT('',#11416);
#11416 = CARTESIAN_POINT('',(50.,-95.,248.));
#11417 = VERTEX_POINT('',#11418);
#11418 = CARTESIAN_POINT('',(50.,-95.,278.));
#11419 = LINE('',#11420,#11421);
#11420 = CARTESIAN_POINT('',(50.,-95.,248.));
#11421 = VECTOR('',#11422,1.);
#11422 = DIRECTION('',(0.,0.,1.));
#11423 = ORIENTED_EDGE('',*,*,#11424,.T.);
#11424 = EDGE_CURVE('',#11415,#11425,#11427,.T.);
#11425 = VERTEX_POINT('',#11426);
#11426 = CARTESIAN_POINT('',(50.,-25.,248.));
#11427 = LINE('',#11428,#11429);
#11428 = CARTESIAN_POINT('',(50.,-95.,248.));
#11429 = VECTOR('',#11430,1.);
#11430 = DIRECTION('',(0.,1.,0.));
#11431 = ORIENTED_EDGE('',*,*,#11432,.T.);
#11432 = EDGE_CURVE('',#11425,#11433,#11435,.T.);
#11433 = VERTEX_POINT('',#11434);
#11434 = CARTESIAN_POINT('',(50.,-25.,278.));
#11435 = LINE('',#11436,#11437);
#11436 = CARTESIAN_POINT('',(50.,-25.,248.));
#11437 = VECTOR('',#11438,1.);
#11438 = DIRECTION('',(0.,0.,1.));
#11439 = ORIENTED_EDGE('',*,*,#11440,.F.);
#11440 = EDGE_CURVE('',#11417,#11433,#11441,.T.);
#11441 = LINE('',#11442,#11443);
#11442 = CARTESIAN_POINT('',(50.,-95.,278.));
#11443 = VECTOR('',#11444,1.);
#11444 = DIRECTION('',(0.,1.,0.));
#11445 = PLANE('',#11446);
#11446 = AXIS2_PLACEMENT_3D('',#11447,#11448,#11449);
#11447 = CARTESIAN_POINT('',(50.,-95.,248.));
#11448 = DIRECTION('',(1.,0.,0.));
#11449 = DIRECTION('',(0.,0.,1.));
#11450 = ADVANCED_FACE('',(#11451),#11467,.F.);
#11451 = FACE_BOUND('',#11452,.F.);
#11452 = EDGE_LOOP('',(#11453,#11459,#11460,#11466));
#11453 = ORIENTED_EDGE('',*,*,#11454,.F.);
#11454 = EDGE_CURVE('',#11375,#11415,#11455,.T.);
#11455 = LINE('',#11456,#11457);
#11456 = CARTESIAN_POINT('',(-50.,-95.,248.));
#11457 = VECTOR('',#11458,1.);
#11458 = DIRECTION('',(1.,0.,0.));
#11459 = ORIENTED_EDGE('',*,*,#11374,.T.);
#11460 = ORIENTED_EDGE('',*,*,#11461,.T.);
#11461 = EDGE_CURVE('',#11377,#11417,#11462,.T.);
#11462 = LINE('',#11463,#11464);
#11463 = CARTESIAN_POINT('',(-50.,-95.,278.));
#11464 = VECTOR('',#11465,1.);
#11465 = DIRECTION('',(1.,0.,0.));
#11466 = ORIENTED_EDGE('',*,*,#11414,.F.);
#11467 = PLANE('',#11468);
#11468 = AXIS2_PLACEMENT_3D('',#11469,#11470,#11471);
#11469 = CARTESIAN_POINT('',(-50.,-95.,248.));
#11470 = DIRECTION('',(0.,1.,0.));
#11471 = DIRECTION('',(0.,0.,1.));
#11472 = ADVANCED_FACE('',(#11473),#11489,.T.);
#11473 = FACE_BOUND('',#11474,.T.);
#11474 = EDGE_LOOP('',(#11475,#11481,#11482,#11488));
#11475 = ORIENTED_EDGE('',*,*,#11476,.F.);
#11476 = EDGE_CURVE('',#11385,#11425,#11477,.T.);
#11477 = LINE('',#11478,#11479);
#11478 = CARTESIAN_POINT('',(-50.,-25.,248.));
#11479 = VECTOR('',#11480,1.);
#11480 = DIRECTION('',(1.,0.,0.));
#11481 = ORIENTED_EDGE('',*,*,#11392,.T.);
#11482 = ORIENTED_EDGE('',*,*,#11483,.T.);
#11483 = EDGE_CURVE('',#11393,#11433,#11484,.T.);
#11484 = LINE('',#11485,#11486);
#11485 = CARTESIAN_POINT('',(-50.,-25.,278.));
#11486 = VECTOR('',#11487,1.);
#11487 = DIRECTION('',(1.,0.,0.));
#11488 = ORIENTED_EDGE('',*,*,#11432,.F.);
#11489 = PLANE('',#11490);
#11490 = AXIS2_PLACEMENT_3D('',#11491,#11492,#11493);
#11491 = CARTESIAN_POINT('',(-50.,-25.,248.));
#11492 = DIRECTION('',(0.,1.,0.));
#11493 = DIRECTION('',(0.,0.,1.));
#11494 = ADVANCED_FACE('',(#11495),#11501,.F.);
#11495 = FACE_BOUND('',#11496,.F.);
#11496 = EDGE_LOOP('',(#11497,#11498,#11499,#11500));
#11497 = ORIENTED_EDGE('',*,*,#11384,.F.);
#11498 = ORIENTED_EDGE('',*,*,#11454,.T.);
#11499 = ORIENTED_EDGE('',*,*,#11424,.T.);
#11500 = ORIENTED_EDGE('',*,*,#11476,.F.);
#11501 = PLANE('',#11502);
#11502 = AXIS2_PLACEMENT_3D('',#11503,#11504,#11505);
#11503 = CARTESIAN_POINT('',(-50.,-95.,248.));
#11504 = DIRECTION('',(0.,0.,1.));
#11505 = DIRECTION('',(1.,0.,0.));
#11506 = ADVANCED_FACE('',(#11507),#11513,.T.);
#11507 = FACE_BOUND('',#11508,.T.);
#11508 = EDGE_LOOP('',(#11509,#11510,#11511,#11512));
#11509 = ORIENTED_EDGE('',*,*,#11400,.F.);
#11510 = ORIENTED_EDGE('',*,*,#11461,.T.);
#11511 = ORIENTED_EDGE('',*,*,#11440,.T.);
#11512 = ORIENTED_EDGE('',*,*,#11483,.F.);
#11513 = PLANE('',#11514);
#11514 = AXIS2_PLACEMENT_3D('',#11515,#11516,#11517);
#11515 = CARTESIAN_POINT('',(-50.,-95.,278.));
#11516 = DIRECTION('',(0.,0.,1.));
#11517 = DIRECTION('',(1.,0.,0.));
#11518 = MANIFOLD_SOLID_BREP('',#11519);
#11519 = CLOSED_SHELL('',(#11520,#11560,#11600,#11622,#11644,#11656));
#11520 = ADVANCED_FACE('',(#11521),#11555,.F.);
#11521 = FACE_BOUND('',#11522,.F.);
#11522 = EDGE_LOOP('',(#11523,#11533,#11541,#11549));
#11523 = ORIENTED_EDGE('',*,*,#11524,.F.);
#11524 = EDGE_CURVE('',#11525,#11527,#11529,.T.);
#11525 = VERTEX_POINT('',#11526);
#11526 = CARTESIAN_POINT('',(115.,-25.,248.));
#11527 = VERTEX_POINT('',#11528);
#11528 = CARTESIAN_POINT('',(115.,-25.,283.));
#11529 = LINE('',#11530,#11531);
#11530 = CARTESIAN_POINT('',(115.,-25.,248.));
#11531 = VECTOR('',#11532,1.);
#11532 = DIRECTION('',(0.,0.,1.));
#11533 = ORIENTED_EDGE('',*,*,#11534,.T.);
#11534 = EDGE_CURVE('',#11525,#11535,#11537,.T.);
#11535 = VERTEX_POINT('',#11536);
#11536 = CARTESIAN_POINT('',(115.,25.,248.));
#11537 = LINE('',#11538,#11539);
#11538 = CARTESIAN_POINT('',(115.,-25.,248.));
#11539 = VECTOR('',#11540,1.);
#11540 = DIRECTION('',(0.,1.,0.));
#11541 = ORIENTED_EDGE('',*,*,#11542,.T.);
#11542 = EDGE_CURVE('',#11535,#11543,#11545,.T.);
#11543 = VERTEX_POINT('',#11544);
#11544 = CARTESIAN_POINT('',(115.,25.,283.));
#11545 = LINE('',#11546,#11547);
#11546 = CARTESIAN_POINT('',(115.,25.,248.));
#11547 = VECTOR('',#11548,1.);
#11548 = DIRECTION('',(0.,0.,1.));
#11549 = ORIENTED_EDGE('',*,*,#11550,.F.);
#11550 = EDGE_CURVE('',#11527,#11543,#11551,.T.);
#11551 = LINE('',#11552,#11553);
#11552 = CARTESIAN_POINT('',(115.,-25.,283.));
#11553 = VECTOR('',#11554,1.);
#11554 = DIRECTION('',(0.,1.,0.));
#11555 = PLANE('',#11556);
#11556 = AXIS2_PLACEMENT_3D('',#11557,#11558,#11559);
#11557 = CARTESIAN_POINT('',(115.,-25.,248.));
#11558 = DIRECTION('',(1.,0.,0.));
#11559 = DIRECTION('',(0.,0.,1.));
#11560 = ADVANCED_FACE('',(#11561),#11595,.T.);
#11561 = FACE_BOUND('',#11562,.T.);
#11562 = EDGE_LOOP('',(#11563,#11573,#11581,#11589));
#11563 = ORIENTED_EDGE('',*,*,#11564,.F.);
#11564 = EDGE_CURVE('',#11565,#11567,#11569,.T.);
#11565 = VERTEX_POINT('',#11566);
#11566 = CARTESIAN_POINT('',(155.,-25.,248.));
#11567 = VERTEX_POINT('',#11568);
#11568 = CARTESIAN_POINT('',(155.,-25.,283.));
#11569 = LINE('',#11570,#11571);
#11570 = CARTESIAN_POINT('',(155.,-25.,248.));
#11571 = VECTOR('',#11572,1.);
#11572 = DIRECTION('',(0.,0.,1.));
#11573 = ORIENTED_EDGE('',*,*,#11574,.T.);
#11574 = EDGE_CURVE('',#11565,#11575,#11577,.T.);
#11575 = VERTEX_POINT('',#11576);
#11576 = CARTESIAN_POINT('',(155.,25.,248.));
#11577 = LINE('',#11578,#11579);
#11578 = CARTESIAN_POINT('',(155.,-25.,248.));
#11579 = VECTOR('',#11580,1.);
#11580 = DIRECTION('',(0.,1.,0.));
#11581 = ORIENTED_EDGE('',*,*,#11582,.T.);
#11582 = EDGE_CURVE('',#11575,#11583,#11585,.T.);
#11583 = VERTEX_POINT('',#11584);
#11584 = CARTESIAN_POINT('',(155.,25.,283.));
#11585 = LINE('',#11586,#11587);
#11586 = CARTESIAN_POINT('',(155.,25.,248.));
#11587 = VECTOR('',#11588,1.);
#11588 = DIRECTION('',(0.,0.,1.));
#11589 = ORIENTED_EDGE('',*,*,#11590,.F.);
#11590 = EDGE_CURVE('',#11567,#11583,#11591,.T.);
#11591 = LINE('',#11592,#11593);
#11592 = CARTESIAN_POINT('',(155.,-25.,283.));
#11593 = VECTOR('',#11594,1.);
#11594 = DIRECTION('',(0.,1.,0.));
#11595 = PLANE('',#11596);
#11596 = AXIS2_PLACEMENT_3D('',#11597,#11598,#11599);
#11597 = CARTESIAN_POINT('',(155.,-25.,248.));
#11598 = DIRECTION('',(1.,0.,0.));
#11599 = DIRECTION('',(0.,0.,1.));
#11600 = ADVANCED_FACE('',(#11601),#11617,.F.);
#11601 = FACE_BOUND('',#11602,.F.);
#11602 = EDGE_LOOP('',(#11603,#11609,#11610,#11616));
#11603 = ORIENTED_EDGE('',*,*,#11604,.F.);
#11604 = EDGE_CURVE('',#11525,#11565,#11605,.T.);
#11605 = LINE('',#11606,#11607);
#11606 = CARTESIAN_POINT('',(115.,-25.,248.));
#11607 = VECTOR('',#11608,1.);
#11608 = DIRECTION('',(1.,0.,0.));
#11609 = ORIENTED_EDGE('',*,*,#11524,.T.);
#11610 = ORIENTED_EDGE('',*,*,#11611,.T.);
#11611 = EDGE_CURVE('',#11527,#11567,#11612,.T.);
#11612 = LINE('',#11613,#11614);
#11613 = CARTESIAN_POINT('',(115.,-25.,283.));
#11614 = VECTOR('',#11615,1.);
#11615 = DIRECTION('',(1.,0.,0.));
#11616 = ORIENTED_EDGE('',*,*,#11564,.F.);
#11617 = PLANE('',#11618);
#11618 = AXIS2_PLACEMENT_3D('',#11619,#11620,#11621);
#11619 = CARTESIAN_POINT('',(115.,-25.,248.));
#11620 = DIRECTION('',(0.,1.,0.));
#11621 = DIRECTION('',(0.,0.,1.));
#11622 = ADVANCED_FACE('',(#11623),#11639,.T.);
#11623 = FACE_BOUND('',#11624,.T.);
#11624 = EDGE_LOOP('',(#11625,#11631,#11632,#11638));
#11625 = ORIENTED_EDGE('',*,*,#11626,.F.);
#11626 = EDGE_CURVE('',#11535,#11575,#11627,.T.);
#11627 = LINE('',#11628,#11629);
#11628 = CARTESIAN_POINT('',(115.,25.,248.));
#11629 = VECTOR('',#11630,1.);
#11630 = DIRECTION('',(1.,0.,0.));
#11631 = ORIENTED_EDGE('',*,*,#11542,.T.);
#11632 = ORIENTED_EDGE('',*,*,#11633,.T.);
#11633 = EDGE_CURVE('',#11543,#11583,#11634,.T.);
#11634 = LINE('',#11635,#11636);
#11635 = CARTESIAN_POINT('',(115.,25.,283.));
#11636 = VECTOR('',#11637,1.);
#11637 = DIRECTION('',(1.,0.,0.));
#11638 = ORIENTED_EDGE('',*,*,#11582,.F.);
#11639 = PLANE('',#11640);
#11640 = AXIS2_PLACEMENT_3D('',#11641,#11642,#11643);
#11641 = CARTESIAN_POINT('',(115.,25.,248.));
#11642 = DIRECTION('',(0.,1.,0.));
#11643 = DIRECTION('',(0.,0.,1.));
#11644 = ADVANCED_FACE('',(#11645),#11651,.F.);
#11645 = FACE_BOUND('',#11646,.F.);
#11646 = EDGE_LOOP('',(#11647,#11648,#11649,#11650));
#11647 = ORIENTED_EDGE('',*,*,#11534,.F.);
#11648 = ORIENTED_EDGE('',*,*,#11604,.T.);
#11649 = ORIENTED_EDGE('',*,*,#11574,.T.);
#11650 = ORIENTED_EDGE('',*,*,#11626,.F.);
#11651 = PLANE('',#11652);
#11652 = AXIS2_PLACEMENT_3D('',#11653,#11654,#11655);
#11653 = CARTESIAN_POINT('',(115.,-25.,248.));
#11654 = DIRECTION('',(0.,0.,1.));
#11655 = DIRECTION('',(1.,0.,0.));
#11656 = ADVANCED_FACE('',(#11657),#11663,.T.);
#11657 = FACE_BOUND('',#11658,.T.);
#11658 = EDGE_LOOP('',(#11659,#11660,#11661,#11662));
#11659 = ORIENTED_EDGE('',*,*,#11550,.F.);
#11660 = ORIENTED_EDGE('',*,*,#11611,.T.);
#11661 = ORIENTED_EDGE('',*,*,#11590,.T.);
#11662 = ORIENTED_EDGE('',*,*,#11633,.F.);
#11663 = PLANE('',#11664);
#11664 = AXIS2_PLACEMENT_3D('',#11665,#11666,#11667);
#11665 = CARTESIAN_POINT('',(115.,-25.,283.));
#11666 = DIRECTION('',(0.,0.,1.));
#11667 = DIRECTION('',(1.,0.,0.));
#11668 = ( GEOMETRIC_REPRESENTATION_CONTEXT(3) 
GLOBAL_UNCERTAINTY_ASSIGNED_CONTEXT((#11672)) 
GLOBAL_UNIT_ASSIGNED_CONTEXT((#11669,#11670,#11671)) 
REPRESENTATION_CONTEXT('Context #1',
  '3D Context with UNIT and UNCERTAINTY') );
#11669 = ( LENGTH_UNIT() NAMED_UNIT(*) SI_UNIT(.MILLI.,.METRE.) );
#11670 = ( NAMED_UNIT(*) PLANE_ANGLE_UNIT() SI_UNIT($,.RADIAN.) );
#11671 = ( NAMED_UNIT(*) SI_UNIT($,.STERADIAN.) SOLID_ANGLE_UNIT() );
#11672 = UNCERTAINTY_MEASURE_WITH_UNIT(LENGTH_MEASURE(1.E-07),#11669,
  'distance_accuracy_value','confusion accuracy');
#11673 = PRODUCT_RELATED_PRODUCT_CATEGORY('part',$,(#7));
ENDSEC;
END-ISO-10303-21;
