ISO-10303-21;
HEADER;
FILE_DESCRIPTION(('FreeCAD Model'),'2;1');
FILE_NAME('Open CASCADE Shape Model','2026-09-16T07:27:15',('FreeCAD'),(
    'FreeCAD'),'Open CASCADE STEP processor 7.8','FreeCAD','Unknown');
FILE_SCHEMA(('AUTOMOTIVE_DESIGN { 1 0 10303 214 1 1 1 1 }'));
ENDSEC;
DATA;
#1 = APPLICATION_PROTOCOL_DEFINITION('international standard',
  'automotive_design',2000,#2);
#2 = APPLICATION_CONTEXT(
  'core data for automotive mechanical design processes');
#3 = SHAPE_DEFINITION_REPRESENTATION(#4,#10);
#4 = PRODUCT_DEFINITION_SHAPE('','',#5);
#5 = PRODUCT_DEFINITION('design','',#6,#9);
#6 = PRODUCT_DEFINITION_FORMATION('','',#7);
#7 = PRODUCT('Open CASCADE STEP translator 7.8 1',
  'Open CASCADE STEP translator 7.8 1','',(#8));
#8 = PRODUCT_CONTEXT('',#2,'mechanical');
#9 = PRODUCT_DEFINITION_CONTEXT('part definition',#2,'design');
#10 = SHAPE_REPRESENTATION('',(#11,#15,#301,#587,#737,#887,#1037,#1187,
    #1617,#1670,#1859,#2048,#2101,#2154,#2207,#2396,#2585,#2638,#2691,
    #2880,#2937,#2994,#3047,#3100,#3250,#3589,#3934,#4084,#4176,#4268,
    #4321,#4464,#4556,#4648,#5078,#5131,#5320,#5509,#5562,#5615,#5668,
    #5857,#6046,#6099,#6152,#6341,#6398,#6455,#6508,#6561,#6711,#7075,
    #7420,#7570,#7662,#7754,#7807,#7950,#8042,#8134,#8564,#8617,#8806,
    #8995,#9048,#9101,#9154,#9343,#9396,#9449,#9599,#9938,#10283,#10433,
    #10525,#10617,#10670,#10813,#10905,#10997,#11427,#11480,#11669,
    #11858,#11911,#11964,#12017,#12206,#12259,#12312,#12462,#12826,
    #13171,#13321,#13413,#13505,#13558,#13701,#13793,#13885,#14035,
    #14185,#14238,#14291,#14344,#14397,#14450,#14503,#14556,#14609,
    #14662,#14715,#14865,#15015,#15165,#15218,#15368,#15518,#15610,
    #15702,#15957,#16010,#16102,#16194,#16449,#16502,#16594,#16686,
    #16941,#16994,#17086,#17178,#17433,#17486,#17636,#17753,#17870,
    #18020,#18137,#18254,#18404,#18521,#18638,#18788,#18905,#19022,
    #19075,#19128,#19181),#19234);
#11 = AXIS2_PLACEMENT_3D('',#12,#13,#14);
#12 = CARTESIAN_POINT('',(0.,0.,0.));
#13 = DIRECTION('',(0.,0.,1.));
#14 = DIRECTION('',(1.,0.,-0.));
#15 = MANIFOLD_SOLID_BREP('',#16);
#16 = CLOSED_SHELL('',(#17,#91,#122,#146,#170,#187,#218,#242,#266,#283)
  );
#17 = ADVANCED_FACE('',(#18,#52),#86,.F.);
#18 = FACE_BOUND('',#19,.F.);
#19 = EDGE_LOOP('',(#20,#30,#38,#46));
#20 = ORIENTED_EDGE('',*,*,#21,.F.);
#21 = EDGE_CURVE('',#22,#24,#26,.T.);
#22 = VERTEX_POINT('',#23);
#23 = CARTESIAN_POINT('',(-240.,-70.,70.));
#24 = VERTEX_POINT('',#25);
#25 = CARTESIAN_POINT('',(-240.,-70.,95.));
#26 = LINE('',#27,#28);
#27 = CARTESIAN_POINT('',(-240.,-70.,70.));
#28 = VECTOR('',#29,1.);
#29 = DIRECTION('',(0.,0.,1.));
#30 = ORIENTED_EDGE('',*,*,#31,.T.);
#31 = EDGE_CURVE('',#22,#32,#34,.T.);
#32 = VERTEX_POINT('',#33);
#33 = CARTESIAN_POINT('',(-240.,-50.,70.));
#34 = LINE('',#35,#36);
#35 = CARTESIAN_POINT('',(-240.,-70.,70.));
#36 = VECTOR('',#37,1.);
#37 = DIRECTION('',(0.,1.,0.));
#38 = ORIENTED_EDGE('',*,*,#39,.T.);
#39 = EDGE_CURVE('',#32,#40,#42,.T.);
#40 = VERTEX_POINT('',#41);
#41 = CARTESIAN_POINT('',(-240.,-50.,95.));
#42 = LINE('',#43,#44);
#43 = CARTESIAN_POINT('',(-240.,-50.,70.));
#44 = VECTOR('',#45,1.);
#45 = DIRECTION('',(0.,0.,1.));
#46 = ORIENTED_EDGE('',*,*,#47,.F.);
#47 = EDGE_CURVE('',#24,#40,#48,.T.);
#48 = LINE('',#49,#50);
#49 = CARTESIAN_POINT('',(-240.,-70.,95.));
#50 = VECTOR('',#51,1.);
#51 = DIRECTION('',(0.,1.,0.));
#52 = FACE_BOUND('',#53,.F.);
#53 = EDGE_LOOP('',(#54,#64,#72,#80));
#54 = ORIENTED_EDGE('',*,*,#55,.T.);
#55 = EDGE_CURVE('',#56,#58,#60,.T.);
#56 = VERTEX_POINT('',#57);
#57 = CARTESIAN_POINT('',(-240.,-52.,72.));
#58 = VERTEX_POINT('',#59);
#59 = CARTESIAN_POINT('',(-240.,-68.,72.));
#60 = LINE('',#61,#62);
#61 = CARTESIAN_POINT('',(-240.,-69.,72.));
#62 = VECTOR('',#63,1.);
#63 = DIRECTION('',(0.,-1.,0.));
#64 = ORIENTED_EDGE('',*,*,#65,.T.);
#65 = EDGE_CURVE('',#58,#66,#68,.T.);
#66 = VERTEX_POINT('',#67);
#67 = CARTESIAN_POINT('',(-240.,-68.,93.));
#68 = LINE('',#69,#70);
#69 = CARTESIAN_POINT('',(-240.,-68.,71.));
#70 = VECTOR('',#71,1.);
#71 = DIRECTION('',(0.,0.,1.));
#72 = ORIENTED_EDGE('',*,*,#73,.F.);
#73 = EDGE_CURVE('',#74,#66,#76,.T.);
#74 = VERTEX_POINT('',#75);
#75 = CARTESIAN_POINT('',(-240.,-52.,93.));
#76 = LINE('',#77,#78);
#77 = CARTESIAN_POINT('',(-240.,-69.,93.));
#78 = VECTOR('',#79,1.);
#79 = DIRECTION('',(0.,-1.,0.));
#80 = ORIENTED_EDGE('',*,*,#81,.F.);
#81 = EDGE_CURVE('',#56,#74,#82,.T.);
#82 = LINE('',#83,#84);
#83 = CARTESIAN_POINT('',(-240.,-52.,71.));
#84 = VECTOR('',#85,1.);
#85 = DIRECTION('',(0.,0.,1.));
#86 = PLANE('',#87);
#87 = AXIS2_PLACEMENT_3D('',#88,#89,#90);
#88 = CARTESIAN_POINT('',(-240.,-70.,70.));
#89 = DIRECTION('',(1.,0.,0.));
#90 = DIRECTION('',(0.,0.,1.));
#91 = ADVANCED_FACE('',(#92),#117,.F.);
#92 = FACE_BOUND('',#93,.F.);
#93 = EDGE_LOOP('',(#94,#102,#103,#111));
#94 = ORIENTED_EDGE('',*,*,#95,.F.);
#95 = EDGE_CURVE('',#22,#96,#98,.T.);
#96 = VERTEX_POINT('',#97);
#97 = CARTESIAN_POINT('',(240.,-70.,70.));
#98 = LINE('',#99,#100);
#99 = CARTESIAN_POINT('',(-240.,-70.,70.));
#100 = VECTOR('',#101,1.);
#101 = DIRECTION('',(1.,0.,0.));
#102 = ORIENTED_EDGE('',*,*,#21,.T.);
#103 = ORIENTED_EDGE('',*,*,#104,.T.);
#104 = EDGE_CURVE('',#24,#105,#107,.T.);
#105 = VERTEX_POINT('',#106);
#106 = CARTESIAN_POINT('',(240.,-70.,95.));
#107 = LINE('',#108,#109);
#108 = CARTESIAN_POINT('',(-240.,-70.,95.));
#109 = VECTOR('',#110,1.);
#110 = DIRECTION('',(1.,0.,0.));
#111 = ORIENTED_EDGE('',*,*,#112,.F.);
#112 = EDGE_CURVE('',#96,#105,#113,.T.);
#113 = LINE('',#114,#115);
#114 = CARTESIAN_POINT('',(240.,-70.,70.));
#115 = VECTOR('',#116,1.);
#116 = DIRECTION('',(0.,0.,1.));
#117 = PLANE('',#118);
#118 = AXIS2_PLACEMENT_3D('',#119,#120,#121);
#119 = CARTESIAN_POINT('',(-240.,-70.,70.));
#120 = DIRECTION('',(0.,1.,0.));
#121 = DIRECTION('',(0.,0.,1.));
#122 = ADVANCED_FACE('',(#123),#141,.T.);
#123 = FACE_BOUND('',#124,.T.);
#124 = EDGE_LOOP('',(#125,#126,#127,#135));
#125 = ORIENTED_EDGE('',*,*,#47,.F.);
#126 = ORIENTED_EDGE('',*,*,#104,.T.);
#127 = ORIENTED_EDGE('',*,*,#128,.T.);
#128 = EDGE_CURVE('',#105,#129,#131,.T.);
#129 = VERTEX_POINT('',#130);
#130 = CARTESIAN_POINT('',(240.,-50.,95.));
#131 = LINE('',#132,#133);
#132 = CARTESIAN_POINT('',(240.,-70.,95.));
#133 = VECTOR('',#134,1.);
#134 = DIRECTION('',(0.,1.,0.));
#135 = ORIENTED_EDGE('',*,*,#136,.F.);
#136 = EDGE_CURVE('',#40,#129,#137,.T.);
#137 = LINE('',#138,#139);
#138 = CARTESIAN_POINT('',(-240.,-50.,95.));
#139 = VECTOR('',#140,1.);
#140 = DIRECTION('',(1.,0.,0.));
#141 = PLANE('',#142);
#142 = AXIS2_PLACEMENT_3D('',#143,#144,#145);
#143 = CARTESIAN_POINT('',(-240.,-70.,95.));
#144 = DIRECTION('',(0.,0.,1.));
#145 = DIRECTION('',(1.,0.,0.));
#146 = ADVANCED_FACE('',(#147),#165,.F.);
#147 = FACE_BOUND('',#148,.F.);
#148 = EDGE_LOOP('',(#149,#150,#151,#159));
#149 = ORIENTED_EDGE('',*,*,#31,.F.);
#150 = ORIENTED_EDGE('',*,*,#95,.T.);
#151 = ORIENTED_EDGE('',*,*,#152,.T.);
#152 = EDGE_CURVE('',#96,#153,#155,.T.);
#153 = VERTEX_POINT('',#154);
#154 = CARTESIAN_POINT('',(240.,-50.,70.));
#155 = LINE('',#156,#157);
#156 = CARTESIAN_POINT('',(240.,-70.,70.));
#157 = VECTOR('',#158,1.);
#158 = DIRECTION('',(0.,1.,0.));
#159 = ORIENTED_EDGE('',*,*,#160,.F.);
#160 = EDGE_CURVE('',#32,#153,#161,.T.);
#161 = LINE('',#162,#163);
#162 = CARTESIAN_POINT('',(-240.,-50.,70.));
#163 = VECTOR('',#164,1.);
#164 = DIRECTION('',(1.,0.,0.));
#165 = PLANE('',#166);
#166 = AXIS2_PLACEMENT_3D('',#167,#168,#169);
#167 = CARTESIAN_POINT('',(-240.,-70.,70.));
#168 = DIRECTION('',(0.,0.,1.));
#169 = DIRECTION('',(1.,0.,0.));
#170 = ADVANCED_FACE('',(#171),#182,.T.);
#171 = FACE_BOUND('',#172,.T.);
#172 = EDGE_LOOP('',(#173,#174,#175,#176));
#173 = ORIENTED_EDGE('',*,*,#160,.F.);
#174 = ORIENTED_EDGE('',*,*,#39,.T.);
#175 = ORIENTED_EDGE('',*,*,#136,.T.);
#176 = ORIENTED_EDGE('',*,*,#177,.F.);
#177 = EDGE_CURVE('',#153,#129,#178,.T.);
#178 = LINE('',#179,#180);
#179 = CARTESIAN_POINT('',(240.,-50.,70.));
#180 = VECTOR('',#181,1.);
#181 = DIRECTION('',(0.,0.,1.));
#182 = PLANE('',#183);
#183 = AXIS2_PLACEMENT_3D('',#184,#185,#186);
#184 = CARTESIAN_POINT('',(-240.,-50.,70.));
#185 = DIRECTION('',(0.,1.,0.));
#186 = DIRECTION('',(0.,0.,1.));
#187 = ADVANCED_FACE('',(#188),#213,.T.);
#188 = FACE_BOUND('',#189,.T.);
#189 = EDGE_LOOP('',(#190,#198,#199,#207));
#190 = ORIENTED_EDGE('',*,*,#191,.F.);
#191 = EDGE_CURVE('',#56,#192,#194,.T.);
#192 = VERTEX_POINT('',#193);
#193 = CARTESIAN_POINT('',(240.,-52.,72.));
#194 = LINE('',#195,#196);
#195 = CARTESIAN_POINT('',(-241.,-52.,72.));
#196 = VECTOR('',#197,1.);
#197 = DIRECTION('',(1.,0.,0.));
#198 = ORIENTED_EDGE('',*,*,#55,.T.);
#199 = ORIENTED_EDGE('',*,*,#200,.T.);
#200 = EDGE_CURVE('',#58,#201,#203,.T.);
#201 = VERTEX_POINT('',#202);
#202 = CARTESIAN_POINT('',(240.,-68.,72.));
#203 = LINE('',#204,#205);
#204 = CARTESIAN_POINT('',(-241.,-68.,72.));
#205 = VECTOR('',#206,1.);
#206 = DIRECTION('',(1.,0.,0.));
#207 = ORIENTED_EDGE('',*,*,#208,.F.);
#208 = EDGE_CURVE('',#192,#201,#209,.T.);
#209 = LINE('',#210,#211);
#210 = CARTESIAN_POINT('',(240.,-69.,72.));
#211 = VECTOR('',#212,1.);
#212 = DIRECTION('',(0.,-1.,0.));
#213 = PLANE('',#214);
#214 = AXIS2_PLACEMENT_3D('',#215,#216,#217);
#215 = CARTESIAN_POINT('',(-241.,-68.,72.));
#216 = DIRECTION('',(0.,0.,1.));
#217 = DIRECTION('',(1.,0.,0.));
#218 = ADVANCED_FACE('',(#219),#237,.F.);
#219 = FACE_BOUND('',#220,.F.);
#220 = EDGE_LOOP('',(#221,#222,#223,#231));
#221 = ORIENTED_EDGE('',*,*,#191,.F.);
#222 = ORIENTED_EDGE('',*,*,#81,.T.);
#223 = ORIENTED_EDGE('',*,*,#224,.T.);
#224 = EDGE_CURVE('',#74,#225,#227,.T.);
#225 = VERTEX_POINT('',#226);
#226 = CARTESIAN_POINT('',(240.,-52.,93.));
#227 = LINE('',#228,#229);
#228 = CARTESIAN_POINT('',(-241.,-52.,93.));
#229 = VECTOR('',#230,1.);
#230 = DIRECTION('',(1.,0.,0.));
#231 = ORIENTED_EDGE('',*,*,#232,.F.);
#232 = EDGE_CURVE('',#192,#225,#233,.T.);
#233 = LINE('',#234,#235);
#234 = CARTESIAN_POINT('',(240.,-52.,71.));
#235 = VECTOR('',#236,1.);
#236 = DIRECTION('',(0.,0.,1.));
#237 = PLANE('',#238);
#238 = AXIS2_PLACEMENT_3D('',#239,#240,#241);
#239 = CARTESIAN_POINT('',(-241.,-52.,72.));
#240 = DIRECTION('',(0.,1.,0.));
#241 = DIRECTION('',(0.,0.,1.));
#242 = ADVANCED_FACE('',(#243),#261,.F.);
#243 = FACE_BOUND('',#244,.F.);
#244 = EDGE_LOOP('',(#245,#246,#247,#255));
#245 = ORIENTED_EDGE('',*,*,#224,.F.);
#246 = ORIENTED_EDGE('',*,*,#73,.T.);
#247 = ORIENTED_EDGE('',*,*,#248,.T.);
#248 = EDGE_CURVE('',#66,#249,#251,.T.);
#249 = VERTEX_POINT('',#250);
#250 = CARTESIAN_POINT('',(240.,-68.,93.));
#251 = LINE('',#252,#253);
#252 = CARTESIAN_POINT('',(-241.,-68.,93.));
#253 = VECTOR('',#254,1.);
#254 = DIRECTION('',(1.,0.,0.));
#255 = ORIENTED_EDGE('',*,*,#256,.F.);
#256 = EDGE_CURVE('',#225,#249,#257,.T.);
#257 = LINE('',#258,#259);
#258 = CARTESIAN_POINT('',(240.,-69.,93.));
#259 = VECTOR('',#260,1.);
#260 = DIRECTION('',(0.,-1.,0.));
#261 = PLANE('',#262);
#262 = AXIS2_PLACEMENT_3D('',#263,#264,#265);
#263 = CARTESIAN_POINT('',(-241.,-68.,93.));
#264 = DIRECTION('',(0.,0.,1.));
#265 = DIRECTION('',(1.,0.,0.));
#266 = ADVANCED_FACE('',(#267),#278,.T.);
#267 = FACE_BOUND('',#268,.T.);
#268 = EDGE_LOOP('',(#269,#270,#271,#272));
#269 = ORIENTED_EDGE('',*,*,#200,.F.);
#270 = ORIENTED_EDGE('',*,*,#65,.T.);
#271 = ORIENTED_EDGE('',*,*,#248,.T.);
#272 = ORIENTED_EDGE('',*,*,#273,.F.);
#273 = EDGE_CURVE('',#201,#249,#274,.T.);
#274 = LINE('',#275,#276);
#275 = CARTESIAN_POINT('',(240.,-68.,71.));
#276 = VECTOR('',#277,1.);
#277 = DIRECTION('',(0.,0.,1.));
#278 = PLANE('',#279);
#279 = AXIS2_PLACEMENT_3D('',#280,#281,#282);
#280 = CARTESIAN_POINT('',(-241.,-68.,72.));
#281 = DIRECTION('',(0.,1.,0.));
#282 = DIRECTION('',(0.,0.,1.));
#283 = ADVANCED_FACE('',(#284,#290),#296,.T.);
#284 = FACE_BOUND('',#285,.T.);
#285 = EDGE_LOOP('',(#286,#287,#288,#289));
#286 = ORIENTED_EDGE('',*,*,#112,.F.);
#287 = ORIENTED_EDGE('',*,*,#152,.T.);
#288 = ORIENTED_EDGE('',*,*,#177,.T.);
#289 = ORIENTED_EDGE('',*,*,#128,.F.);
#290 = FACE_BOUND('',#291,.T.);
#291 = EDGE_LOOP('',(#292,#293,#294,#295));
#292 = ORIENTED_EDGE('',*,*,#208,.T.);
#293 = ORIENTED_EDGE('',*,*,#273,.T.);
#294 = ORIENTED_EDGE('',*,*,#256,.F.);
#295 = ORIENTED_EDGE('',*,*,#232,.F.);
#296 = PLANE('',#297);
#297 = AXIS2_PLACEMENT_3D('',#298,#299,#300);
#298 = CARTESIAN_POINT('',(240.,-70.,70.));
#299 = DIRECTION('',(1.,0.,0.));
#300 = DIRECTION('',(0.,0.,1.));
#301 = MANIFOLD_SOLID_BREP('',#302);
#302 = CLOSED_SHELL('',(#303,#377,#408,#432,#456,#473,#504,#528,#552,
    #569));
#303 = ADVANCED_FACE('',(#304,#338),#372,.F.);
#304 = FACE_BOUND('',#305,.F.);
#305 = EDGE_LOOP('',(#306,#316,#324,#332));
#306 = ORIENTED_EDGE('',*,*,#307,.F.);
#307 = EDGE_CURVE('',#308,#310,#312,.T.);
#308 = VERTEX_POINT('',#309);
#309 = CARTESIAN_POINT('',(-240.,50.,70.));
#310 = VERTEX_POINT('',#311);
#311 = CARTESIAN_POINT('',(-240.,50.,95.));
#312 = LINE('',#313,#314);
#313 = CARTESIAN_POINT('',(-240.,50.,70.));
#314 = VECTOR('',#315,1.);
#315 = DIRECTION('',(0.,0.,1.));
#316 = ORIENTED_EDGE('',*,*,#317,.T.);
#317 = EDGE_CURVE('',#308,#318,#320,.T.);
#318 = VERTEX_POINT('',#319);
#319 = CARTESIAN_POINT('',(-240.,70.,70.));
#320 = LINE('',#321,#322);
#321 = CARTESIAN_POINT('',(-240.,50.,70.));
#322 = VECTOR('',#323,1.);
#323 = DIRECTION('',(0.,1.,0.));
#324 = ORIENTED_EDGE('',*,*,#325,.T.);
#325 = EDGE_CURVE('',#318,#326,#328,.T.);
#326 = VERTEX_POINT('',#327);
#327 = CARTESIAN_POINT('',(-240.,70.,95.));
#328 = LINE('',#329,#330);
#329 = CARTESIAN_POINT('',(-240.,70.,70.));
#330 = VECTOR('',#331,1.);
#331 = DIRECTION('',(0.,0.,1.));
#332 = ORIENTED_EDGE('',*,*,#333,.F.);
#333 = EDGE_CURVE('',#310,#326,#334,.T.);
#334 = LINE('',#335,#336);
#335 = CARTESIAN_POINT('',(-240.,50.,95.));
#336 = VECTOR('',#337,1.);
#337 = DIRECTION('',(0.,1.,0.));
#338 = FACE_BOUND('',#339,.F.);
#339 = EDGE_LOOP('',(#340,#350,#358,#366));
#340 = ORIENTED_EDGE('',*,*,#341,.T.);
#341 = EDGE_CURVE('',#342,#344,#346,.T.);
#342 = VERTEX_POINT('',#343);
#343 = CARTESIAN_POINT('',(-240.,68.,72.));
#344 = VERTEX_POINT('',#345);
#345 = CARTESIAN_POINT('',(-240.,52.,72.));
#346 = LINE('',#347,#348);
#347 = CARTESIAN_POINT('',(-240.,51.,72.));
#348 = VECTOR('',#349,1.);
#349 = DIRECTION('',(0.,-1.,0.));
#350 = ORIENTED_EDGE('',*,*,#351,.T.);
#351 = EDGE_CURVE('',#344,#352,#354,.T.);
#352 = VERTEX_POINT('',#353);
#353 = CARTESIAN_POINT('',(-240.,52.,93.));
#354 = LINE('',#355,#356);
#355 = CARTESIAN_POINT('',(-240.,52.,71.));
#356 = VECTOR('',#357,1.);
#357 = DIRECTION('',(0.,0.,1.));
#358 = ORIENTED_EDGE('',*,*,#359,.F.);
#359 = EDGE_CURVE('',#360,#352,#362,.T.);
#360 = VERTEX_POINT('',#361);
#361 = CARTESIAN_POINT('',(-240.,68.,93.));
#362 = LINE('',#363,#364);
#363 = CARTESIAN_POINT('',(-240.,51.,93.));
#364 = VECTOR('',#365,1.);
#365 = DIRECTION('',(0.,-1.,0.));
#366 = ORIENTED_EDGE('',*,*,#367,.F.);
#367 = EDGE_CURVE('',#342,#360,#368,.T.);
#368 = LINE('',#369,#370);
#369 = CARTESIAN_POINT('',(-240.,68.,71.));
#370 = VECTOR('',#371,1.);
#371 = DIRECTION('',(0.,0.,1.));
#372 = PLANE('',#373);
#373 = AXIS2_PLACEMENT_3D('',#374,#375,#376);
#374 = CARTESIAN_POINT('',(-240.,50.,70.));
#375 = DIRECTION('',(1.,0.,0.));
#376 = DIRECTION('',(0.,0.,1.));
#377 = ADVANCED_FACE('',(#378),#403,.F.);
#378 = FACE_BOUND('',#379,.F.);
#379 = EDGE_LOOP('',(#380,#388,#389,#397));
#380 = ORIENTED_EDGE('',*,*,#381,.F.);
#381 = EDGE_CURVE('',#308,#382,#384,.T.);
#382 = VERTEX_POINT('',#383);
#383 = CARTESIAN_POINT('',(240.,50.,70.));
#384 = LINE('',#385,#386);
#385 = CARTESIAN_POINT('',(-240.,50.,70.));
#386 = VECTOR('',#387,1.);
#387 = DIRECTION('',(1.,0.,0.));
#388 = ORIENTED_EDGE('',*,*,#307,.T.);
#389 = ORIENTED_EDGE('',*,*,#390,.T.);
#390 = EDGE_CURVE('',#310,#391,#393,.T.);
#391 = VERTEX_POINT('',#392);
#392 = CARTESIAN_POINT('',(240.,50.,95.));
#393 = LINE('',#394,#395);
#394 = CARTESIAN_POINT('',(-240.,50.,95.));
#395 = VECTOR('',#396,1.);
#396 = DIRECTION('',(1.,0.,0.));
#397 = ORIENTED_EDGE('',*,*,#398,.F.);
#398 = EDGE_CURVE('',#382,#391,#399,.T.);
#399 = LINE('',#400,#401);
#400 = CARTESIAN_POINT('',(240.,50.,70.));
#401 = VECTOR('',#402,1.);
#402 = DIRECTION('',(0.,0.,1.));
#403 = PLANE('',#404);
#404 = AXIS2_PLACEMENT_3D('',#405,#406,#407);
#405 = CARTESIAN_POINT('',(-240.,50.,70.));
#406 = DIRECTION('',(0.,1.,0.));
#407 = DIRECTION('',(0.,0.,1.));
#408 = ADVANCED_FACE('',(#409),#427,.T.);
#409 = FACE_BOUND('',#410,.T.);
#410 = EDGE_LOOP('',(#411,#412,#413,#421));
#411 = ORIENTED_EDGE('',*,*,#333,.F.);
#412 = ORIENTED_EDGE('',*,*,#390,.T.);
#413 = ORIENTED_EDGE('',*,*,#414,.T.);
#414 = EDGE_CURVE('',#391,#415,#417,.T.);
#415 = VERTEX_POINT('',#416);
#416 = CARTESIAN_POINT('',(240.,70.,95.));
#417 = LINE('',#418,#419);
#418 = CARTESIAN_POINT('',(240.,50.,95.));
#419 = VECTOR('',#420,1.);
#420 = DIRECTION('',(0.,1.,0.));
#421 = ORIENTED_EDGE('',*,*,#422,.F.);
#422 = EDGE_CURVE('',#326,#415,#423,.T.);
#423 = LINE('',#424,#425);
#424 = CARTESIAN_POINT('',(-240.,70.,95.));
#425 = VECTOR('',#426,1.);
#426 = DIRECTION('',(1.,0.,0.));
#427 = PLANE('',#428);
#428 = AXIS2_PLACEMENT_3D('',#429,#430,#431);
#429 = CARTESIAN_POINT('',(-240.,50.,95.));
#430 = DIRECTION('',(0.,0.,1.));
#431 = DIRECTION('',(1.,0.,0.));
#432 = ADVANCED_FACE('',(#433),#451,.F.);
#433 = FACE_BOUND('',#434,.F.);
#434 = EDGE_LOOP('',(#435,#436,#437,#445));
#435 = ORIENTED_EDGE('',*,*,#317,.F.);
#436 = ORIENTED_EDGE('',*,*,#381,.T.);
#437 = ORIENTED_EDGE('',*,*,#438,.T.);
#438 = EDGE_CURVE('',#382,#439,#441,.T.);
#439 = VERTEX_POINT('',#440);
#440 = CARTESIAN_POINT('',(240.,70.,70.));
#441 = LINE('',#442,#443);
#442 = CARTESIAN_POINT('',(240.,50.,70.));
#443 = VECTOR('',#444,1.);
#444 = DIRECTION('',(0.,1.,0.));
#445 = ORIENTED_EDGE('',*,*,#446,.F.);
#446 = EDGE_CURVE('',#318,#439,#447,.T.);
#447 = LINE('',#448,#449);
#448 = CARTESIAN_POINT('',(-240.,70.,70.));
#449 = VECTOR('',#450,1.);
#450 = DIRECTION('',(1.,0.,0.));
#451 = PLANE('',#452);
#452 = AXIS2_PLACEMENT_3D('',#453,#454,#455);
#453 = CARTESIAN_POINT('',(-240.,50.,70.));
#454 = DIRECTION('',(0.,0.,1.));
#455 = DIRECTION('',(1.,0.,0.));
#456 = ADVANCED_FACE('',(#457),#468,.T.);
#457 = FACE_BOUND('',#458,.T.);
#458 = EDGE_LOOP('',(#459,#460,#461,#462));
#459 = ORIENTED_EDGE('',*,*,#446,.F.);
#460 = ORIENTED_EDGE('',*,*,#325,.T.);
#461 = ORIENTED_EDGE('',*,*,#422,.T.);
#462 = ORIENTED_EDGE('',*,*,#463,.F.);
#463 = EDGE_CURVE('',#439,#415,#464,.T.);
#464 = LINE('',#465,#466);
#465 = CARTESIAN_POINT('',(240.,70.,70.));
#466 = VECTOR('',#467,1.);
#467 = DIRECTION('',(0.,0.,1.));
#468 = PLANE('',#469);
#469 = AXIS2_PLACEMENT_3D('',#470,#471,#472);
#470 = CARTESIAN_POINT('',(-240.,70.,70.));
#471 = DIRECTION('',(0.,1.,0.));
#472 = DIRECTION('',(0.,0.,1.));
#473 = ADVANCED_FACE('',(#474),#499,.T.);
#474 = FACE_BOUND('',#475,.T.);
#475 = EDGE_LOOP('',(#476,#484,#485,#493));
#476 = ORIENTED_EDGE('',*,*,#477,.F.);
#477 = EDGE_CURVE('',#342,#478,#480,.T.);
#478 = VERTEX_POINT('',#479);
#479 = CARTESIAN_POINT('',(240.,68.,72.));
#480 = LINE('',#481,#482);
#481 = CARTESIAN_POINT('',(-241.,68.,72.));
#482 = VECTOR('',#483,1.);
#483 = DIRECTION('',(1.,0.,0.));
#484 = ORIENTED_EDGE('',*,*,#341,.T.);
#485 = ORIENTED_EDGE('',*,*,#486,.T.);
#486 = EDGE_CURVE('',#344,#487,#489,.T.);
#487 = VERTEX_POINT('',#488);
#488 = CARTESIAN_POINT('',(240.,52.,72.));
#489 = LINE('',#490,#491);
#490 = CARTESIAN_POINT('',(-241.,52.,72.));
#491 = VECTOR('',#492,1.);
#492 = DIRECTION('',(1.,0.,0.));
#493 = ORIENTED_EDGE('',*,*,#494,.F.);
#494 = EDGE_CURVE('',#478,#487,#495,.T.);
#495 = LINE('',#496,#497);
#496 = CARTESIAN_POINT('',(240.,51.,72.));
#497 = VECTOR('',#498,1.);
#498 = DIRECTION('',(0.,-1.,0.));
#499 = PLANE('',#500);
#500 = AXIS2_PLACEMENT_3D('',#501,#502,#503);
#501 = CARTESIAN_POINT('',(-241.,52.,72.));
#502 = DIRECTION('',(0.,0.,1.));
#503 = DIRECTION('',(1.,0.,0.));
#504 = ADVANCED_FACE('',(#505),#523,.F.);
#505 = FACE_BOUND('',#506,.F.);
#506 = EDGE_LOOP('',(#507,#508,#509,#517));
#507 = ORIENTED_EDGE('',*,*,#477,.F.);
#508 = ORIENTED_EDGE('',*,*,#367,.T.);
#509 = ORIENTED_EDGE('',*,*,#510,.T.);
#510 = EDGE_CURVE('',#360,#511,#513,.T.);
#511 = VERTEX_POINT('',#512);
#512 = CARTESIAN_POINT('',(240.,68.,93.));
#513 = LINE('',#514,#515);
#514 = CARTESIAN_POINT('',(-241.,68.,93.));
#515 = VECTOR('',#516,1.);
#516 = DIRECTION('',(1.,0.,0.));
#517 = ORIENTED_EDGE('',*,*,#518,.F.);
#518 = EDGE_CURVE('',#478,#511,#519,.T.);
#519 = LINE('',#520,#521);
#520 = CARTESIAN_POINT('',(240.,68.,71.));
#521 = VECTOR('',#522,1.);
#522 = DIRECTION('',(0.,0.,1.));
#523 = PLANE('',#524);
#524 = AXIS2_PLACEMENT_3D('',#525,#526,#527);
#525 = CARTESIAN_POINT('',(-241.,68.,72.));
#526 = DIRECTION('',(0.,1.,0.));
#527 = DIRECTION('',(0.,0.,1.));
#528 = ADVANCED_FACE('',(#529),#547,.F.);
#529 = FACE_BOUND('',#530,.F.);
#530 = EDGE_LOOP('',(#531,#532,#533,#541));
#531 = ORIENTED_EDGE('',*,*,#510,.F.);
#532 = ORIENTED_EDGE('',*,*,#359,.T.);
#533 = ORIENTED_EDGE('',*,*,#534,.T.);
#534 = EDGE_CURVE('',#352,#535,#537,.T.);
#535 = VERTEX_POINT('',#536);
#536 = CARTESIAN_POINT('',(240.,52.,93.));
#537 = LINE('',#538,#539);
#538 = CARTESIAN_POINT('',(-241.,52.,93.));
#539 = VECTOR('',#540,1.);
#540 = DIRECTION('',(1.,0.,0.));
#541 = ORIENTED_EDGE('',*,*,#542,.F.);
#542 = EDGE_CURVE('',#511,#535,#543,.T.);
#543 = LINE('',#544,#545);
#544 = CARTESIAN_POINT('',(240.,51.,93.));
#545 = VECTOR('',#546,1.);
#546 = DIRECTION('',(0.,-1.,0.));
#547 = PLANE('',#548);
#548 = AXIS2_PLACEMENT_3D('',#549,#550,#551);
#549 = CARTESIAN_POINT('',(-241.,52.,93.));
#550 = DIRECTION('',(0.,0.,1.));
#551 = DIRECTION('',(1.,0.,0.));
#552 = ADVANCED_FACE('',(#553),#564,.T.);
#553 = FACE_BOUND('',#554,.T.);
#554 = EDGE_LOOP('',(#555,#556,#557,#558));
#555 = ORIENTED_EDGE('',*,*,#486,.F.);
#556 = ORIENTED_EDGE('',*,*,#351,.T.);
#557 = ORIENTED_EDGE('',*,*,#534,.T.);
#558 = ORIENTED_EDGE('',*,*,#559,.F.);
#559 = EDGE_CURVE('',#487,#535,#560,.T.);
#560 = LINE('',#561,#562);
#561 = CARTESIAN_POINT('',(240.,52.,71.));
#562 = VECTOR('',#563,1.);
#563 = DIRECTION('',(0.,0.,1.));
#564 = PLANE('',#565);
#565 = AXIS2_PLACEMENT_3D('',#566,#567,#568);
#566 = CARTESIAN_POINT('',(-241.,52.,72.));
#567 = DIRECTION('',(0.,1.,0.));
#568 = DIRECTION('',(0.,0.,1.));
#569 = ADVANCED_FACE('',(#570,#576),#582,.T.);
#570 = FACE_BOUND('',#571,.T.);
#571 = EDGE_LOOP('',(#572,#573,#574,#575));
#572 = ORIENTED_EDGE('',*,*,#398,.F.);
#573 = ORIENTED_EDGE('',*,*,#438,.T.);
#574 = ORIENTED_EDGE('',*,*,#463,.T.);
#575 = ORIENTED_EDGE('',*,*,#414,.F.);
#576 = FACE_BOUND('',#577,.T.);
#577 = EDGE_LOOP('',(#578,#579,#580,#581));
#578 = ORIENTED_EDGE('',*,*,#494,.T.);
#579 = ORIENTED_EDGE('',*,*,#559,.T.);
#580 = ORIENTED_EDGE('',*,*,#542,.F.);
#581 = ORIENTED_EDGE('',*,*,#518,.F.);
#582 = PLANE('',#583);
#583 = AXIS2_PLACEMENT_3D('',#584,#585,#586);
#584 = CARTESIAN_POINT('',(240.,50.,70.));
#585 = DIRECTION('',(1.,0.,0.));
#586 = DIRECTION('',(0.,0.,1.));
#587 = MANIFOLD_SOLID_BREP('',#588);
#588 = CLOSED_SHELL('',(#589,#629,#669,#691,#713,#725));
#589 = ADVANCED_FACE('',(#590),#624,.F.);
#590 = FACE_BOUND('',#591,.F.);
#591 = EDGE_LOOP('',(#592,#602,#610,#618));
#592 = ORIENTED_EDGE('',*,*,#593,.F.);
#593 = EDGE_CURVE('',#594,#596,#598,.T.);
#594 = VERTEX_POINT('',#595);
#595 = CARTESIAN_POINT('',(-210.,-90.,75.));
#596 = VERTEX_POINT('',#597);
#597 = CARTESIAN_POINT('',(-210.,-90.,95.));
#598 = LINE('',#599,#600);
#599 = CARTESIAN_POINT('',(-210.,-90.,75.));
#600 = VECTOR('',#601,1.);
#601 = DIRECTION('',(0.,0.,1.));
#602 = ORIENTED_EDGE('',*,*,#603,.T.);
#603 = EDGE_CURVE('',#594,#604,#606,.T.);
#604 = VERTEX_POINT('',#605);
#605 = CARTESIAN_POINT('',(-210.,90.,75.));
#606 = LINE('',#607,#608);
#607 = CARTESIAN_POINT('',(-210.,-90.,75.));
#608 = VECTOR('',#609,1.);
#609 = DIRECTION('',(0.,1.,0.));
#610 = ORIENTED_EDGE('',*,*,#611,.T.);
#611 = EDGE_CURVE('',#604,#612,#614,.T.);
#612 = VERTEX_POINT('',#613);
#613 = CARTESIAN_POINT('',(-210.,90.,95.));
#614 = LINE('',#615,#616);
#615 = CARTESIAN_POINT('',(-210.,90.,75.));
#616 = VECTOR('',#617,1.);
#617 = DIRECTION('',(0.,0.,1.));
#618 = ORIENTED_EDGE('',*,*,#619,.F.);
#619 = EDGE_CURVE('',#596,#612,#620,.T.);
#620 = LINE('',#621,#622);
#621 = CARTESIAN_POINT('',(-210.,-90.,95.));
#622 = VECTOR('',#623,1.);
#623 = DIRECTION('',(0.,1.,0.));
#624 = PLANE('',#625);
#625 = AXIS2_PLACEMENT_3D('',#626,#627,#628);
#626 = CARTESIAN_POINT('',(-210.,-90.,75.));
#627 = DIRECTION('',(1.,0.,0.));
#628 = DIRECTION('',(0.,0.,1.));
#629 = ADVANCED_FACE('',(#630),#664,.T.);
#630 = FACE_BOUND('',#631,.T.);
#631 = EDGE_LOOP('',(#632,#642,#650,#658));
#632 = ORIENTED_EDGE('',*,*,#633,.F.);
#633 = EDGE_CURVE('',#634,#636,#638,.T.);
#634 = VERTEX_POINT('',#635);
#635 = CARTESIAN_POINT('',(-190.,-90.,75.));
#636 = VERTEX_POINT('',#637);
#637 = CARTESIAN_POINT('',(-190.,-90.,95.));
#638 = LINE('',#639,#640);
#639 = CARTESIAN_POINT('',(-190.,-90.,75.));
#640 = VECTOR('',#641,1.);
#641 = DIRECTION('',(0.,0.,1.));
#642 = ORIENTED_EDGE('',*,*,#643,.T.);
#643 = EDGE_CURVE('',#634,#644,#646,.T.);
#644 = VERTEX_POINT('',#645);
#645 = CARTESIAN_POINT('',(-190.,90.,75.));
#646 = LINE('',#647,#648);
#647 = CARTESIAN_POINT('',(-190.,-90.,75.));
#648 = VECTOR('',#649,1.);
#649 = DIRECTION('',(0.,1.,0.));
#650 = ORIENTED_EDGE('',*,*,#651,.T.);
#651 = EDGE_CURVE('',#644,#652,#654,.T.);
#652 = VERTEX_POINT('',#653);
#653 = CARTESIAN_POINT('',(-190.,90.,95.));
#654 = LINE('',#655,#656);
#655 = CARTESIAN_POINT('',(-190.,90.,75.));
#656 = VECTOR('',#657,1.);
#657 = DIRECTION('',(0.,0.,1.));
#658 = ORIENTED_EDGE('',*,*,#659,.F.);
#659 = EDGE_CURVE('',#636,#652,#660,.T.);
#660 = LINE('',#661,#662);
#661 = CARTESIAN_POINT('',(-190.,-90.,95.));
#662 = VECTOR('',#663,1.);
#663 = DIRECTION('',(0.,1.,0.));
#664 = PLANE('',#665);
#665 = AXIS2_PLACEMENT_3D('',#666,#667,#668);
#666 = CARTESIAN_POINT('',(-190.,-90.,75.));
#667 = DIRECTION('',(1.,0.,0.));
#668 = DIRECTION('',(0.,0.,1.));
#669 = ADVANCED_FACE('',(#670),#686,.F.);
#670 = FACE_BOUND('',#671,.F.);
#671 = EDGE_LOOP('',(#672,#678,#679,#685));
#672 = ORIENTED_EDGE('',*,*,#673,.F.);
#673 = EDGE_CURVE('',#594,#634,#674,.T.);
#674 = LINE('',#675,#676);
#675 = CARTESIAN_POINT('',(-210.,-90.,75.));
#676 = VECTOR('',#677,1.);
#677 = DIRECTION('',(1.,0.,0.));
#678 = ORIENTED_EDGE('',*,*,#593,.T.);
#679 = ORIENTED_EDGE('',*,*,#680,.T.);
#680 = EDGE_CURVE('',#596,#636,#681,.T.);
#681 = LINE('',#682,#683);
#682 = CARTESIAN_POINT('',(-210.,-90.,95.));
#683 = VECTOR('',#684,1.);
#684 = DIRECTION('',(1.,0.,0.));
#685 = ORIENTED_EDGE('',*,*,#633,.F.);
#686 = PLANE('',#687);
#687 = AXIS2_PLACEMENT_3D('',#688,#689,#690);
#688 = CARTESIAN_POINT('',(-210.,-90.,75.));
#689 = DIRECTION('',(0.,1.,0.));
#690 = DIRECTION('',(0.,0.,1.));
#691 = ADVANCED_FACE('',(#692),#708,.T.);
#692 = FACE_BOUND('',#693,.T.);
#693 = EDGE_LOOP('',(#694,#700,#701,#707));
#694 = ORIENTED_EDGE('',*,*,#695,.F.);
#695 = EDGE_CURVE('',#604,#644,#696,.T.);
#696 = LINE('',#697,#698);
#697 = CARTESIAN_POINT('',(-210.,90.,75.));
#698 = VECTOR('',#699,1.);
#699 = DIRECTION('',(1.,0.,0.));
#700 = ORIENTED_EDGE('',*,*,#611,.T.);
#701 = ORIENTED_EDGE('',*,*,#702,.T.);
#702 = EDGE_CURVE('',#612,#652,#703,.T.);
#703 = LINE('',#704,#705);
#704 = CARTESIAN_POINT('',(-210.,90.,95.));
#705 = VECTOR('',#706,1.);
#706 = DIRECTION('',(1.,0.,0.));
#707 = ORIENTED_EDGE('',*,*,#651,.F.);
#708 = PLANE('',#709);
#709 = AXIS2_PLACEMENT_3D('',#710,#711,#712);
#710 = CARTESIAN_POINT('',(-210.,90.,75.));
#711 = DIRECTION('',(0.,1.,0.));
#712 = DIRECTION('',(0.,0.,1.));
#713 = ADVANCED_FACE('',(#714),#720,.F.);
#714 = FACE_BOUND('',#715,.F.);
#715 = EDGE_LOOP('',(#716,#717,#718,#719));
#716 = ORIENTED_EDGE('',*,*,#603,.F.);
#717 = ORIENTED_EDGE('',*,*,#673,.T.);
#718 = ORIENTED_EDGE('',*,*,#643,.T.);
#719 = ORIENTED_EDGE('',*,*,#695,.F.);
#720 = PLANE('',#721);
#721 = AXIS2_PLACEMENT_3D('',#722,#723,#724);
#722 = CARTESIAN_POINT('',(-210.,-90.,75.));
#723 = DIRECTION('',(0.,0.,1.));
#724 = DIRECTION('',(1.,0.,0.));
#725 = ADVANCED_FACE('',(#726),#732,.T.);
#726 = FACE_BOUND('',#727,.T.);
#727 = EDGE_LOOP('',(#728,#729,#730,#731));
#728 = ORIENTED_EDGE('',*,*,#619,.F.);
#729 = ORIENTED_EDGE('',*,*,#680,.T.);
#730 = ORIENTED_EDGE('',*,*,#659,.T.);
#731 = ORIENTED_EDGE('',*,*,#702,.F.);
#732 = PLANE('',#733);
#733 = AXIS2_PLACEMENT_3D('',#734,#735,#736);
#734 = CARTESIAN_POINT('',(-210.,-90.,95.));
#735 = DIRECTION('',(0.,0.,1.));
#736 = DIRECTION('',(1.,0.,0.));
#737 = MANIFOLD_SOLID_BREP('',#738);
#738 = CLOSED_SHELL('',(#739,#779,#819,#841,#863,#875));
#739 = ADVANCED_FACE('',(#740),#774,.F.);
#740 = FACE_BOUND('',#741,.F.);
#741 = EDGE_LOOP('',(#742,#752,#760,#768));
#742 = ORIENTED_EDGE('',*,*,#743,.F.);
#743 = EDGE_CURVE('',#744,#746,#748,.T.);
#744 = VERTEX_POINT('',#745);
#745 = CARTESIAN_POINT('',(-115.,-90.,75.));
#746 = VERTEX_POINT('',#747);
#747 = CARTESIAN_POINT('',(-115.,-90.,95.));
#748 = LINE('',#749,#750);
#749 = CARTESIAN_POINT('',(-115.,-90.,75.));
#750 = VECTOR('',#751,1.);
#751 = DIRECTION('',(0.,0.,1.));
#752 = ORIENTED_EDGE('',*,*,#753,.T.);
#753 = EDGE_CURVE('',#744,#754,#756,.T.);
#754 = VERTEX_POINT('',#755);
#755 = CARTESIAN_POINT('',(-115.,90.,75.));
#756 = LINE('',#757,#758);
#757 = CARTESIAN_POINT('',(-115.,-90.,75.));
#758 = VECTOR('',#759,1.);
#759 = DIRECTION('',(0.,1.,0.));
#760 = ORIENTED_EDGE('',*,*,#761,.T.);
#761 = EDGE_CURVE('',#754,#762,#764,.T.);
#762 = VERTEX_POINT('',#763);
#763 = CARTESIAN_POINT('',(-115.,90.,95.));
#764 = LINE('',#765,#766);
#765 = CARTESIAN_POINT('',(-115.,90.,75.));
#766 = VECTOR('',#767,1.);
#767 = DIRECTION('',(0.,0.,1.));
#768 = ORIENTED_EDGE('',*,*,#769,.F.);
#769 = EDGE_CURVE('',#746,#762,#770,.T.);
#770 = LINE('',#771,#772);
#771 = CARTESIAN_POINT('',(-115.,-90.,95.));
#772 = VECTOR('',#773,1.);
#773 = DIRECTION('',(0.,1.,0.));
#774 = PLANE('',#775);
#775 = AXIS2_PLACEMENT_3D('',#776,#777,#778);
#776 = CARTESIAN_POINT('',(-115.,-90.,75.));
#777 = DIRECTION('',(1.,0.,0.));
#778 = DIRECTION('',(0.,0.,1.));
#779 = ADVANCED_FACE('',(#780),#814,.T.);
#780 = FACE_BOUND('',#781,.T.);
#781 = EDGE_LOOP('',(#782,#792,#800,#808));
#782 = ORIENTED_EDGE('',*,*,#783,.F.);
#783 = EDGE_CURVE('',#784,#786,#788,.T.);
#784 = VERTEX_POINT('',#785);
#785 = CARTESIAN_POINT('',(-95.,-90.,75.));
#786 = VERTEX_POINT('',#787);
#787 = CARTESIAN_POINT('',(-95.,-90.,95.));
#788 = LINE('',#789,#790);
#789 = CARTESIAN_POINT('',(-95.,-90.,75.));
#790 = VECTOR('',#791,1.);
#791 = DIRECTION('',(0.,0.,1.));
#792 = ORIENTED_EDGE('',*,*,#793,.T.);
#793 = EDGE_CURVE('',#784,#794,#796,.T.);
#794 = VERTEX_POINT('',#795);
#795 = CARTESIAN_POINT('',(-95.,90.,75.));
#796 = LINE('',#797,#798);
#797 = CARTESIAN_POINT('',(-95.,-90.,75.));
#798 = VECTOR('',#799,1.);
#799 = DIRECTION('',(0.,1.,0.));
#800 = ORIENTED_EDGE('',*,*,#801,.T.);
#801 = EDGE_CURVE('',#794,#802,#804,.T.);
#802 = VERTEX_POINT('',#803);
#803 = CARTESIAN_POINT('',(-95.,90.,95.));
#804 = LINE('',#805,#806);
#805 = CARTESIAN_POINT('',(-95.,90.,75.));
#806 = VECTOR('',#807,1.);
#807 = DIRECTION('',(0.,0.,1.));
#808 = ORIENTED_EDGE('',*,*,#809,.F.);
#809 = EDGE_CURVE('',#786,#802,#810,.T.);
#810 = LINE('',#811,#812);
#811 = CARTESIAN_POINT('',(-95.,-90.,95.));
#812 = VECTOR('',#813,1.);
#813 = DIRECTION('',(0.,1.,0.));
#814 = PLANE('',#815);
#815 = AXIS2_PLACEMENT_3D('',#816,#817,#818);
#816 = CARTESIAN_POINT('',(-95.,-90.,75.));
#817 = DIRECTION('',(1.,0.,0.));
#818 = DIRECTION('',(0.,0.,1.));
#819 = ADVANCED_FACE('',(#820),#836,.F.);
#820 = FACE_BOUND('',#821,.F.);
#821 = EDGE_LOOP('',(#822,#828,#829,#835));
#822 = ORIENTED_EDGE('',*,*,#823,.F.);
#823 = EDGE_CURVE('',#744,#784,#824,.T.);
#824 = LINE('',#825,#826);
#825 = CARTESIAN_POINT('',(-115.,-90.,75.));
#826 = VECTOR('',#827,1.);
#827 = DIRECTION('',(1.,0.,0.));
#828 = ORIENTED_EDGE('',*,*,#743,.T.);
#829 = ORIENTED_EDGE('',*,*,#830,.T.);
#830 = EDGE_CURVE('',#746,#786,#831,.T.);
#831 = LINE('',#832,#833);
#832 = CARTESIAN_POINT('',(-115.,-90.,95.));
#833 = VECTOR('',#834,1.);
#834 = DIRECTION('',(1.,0.,0.));
#835 = ORIENTED_EDGE('',*,*,#783,.F.);
#836 = PLANE('',#837);
#837 = AXIS2_PLACEMENT_3D('',#838,#839,#840);
#838 = CARTESIAN_POINT('',(-115.,-90.,75.));
#839 = DIRECTION('',(0.,1.,0.));
#840 = DIRECTION('',(0.,0.,1.));
#841 = ADVANCED_FACE('',(#842),#858,.T.);
#842 = FACE_BOUND('',#843,.T.);
#843 = EDGE_LOOP('',(#844,#850,#851,#857));
#844 = ORIENTED_EDGE('',*,*,#845,.F.);
#845 = EDGE_CURVE('',#754,#794,#846,.T.);
#846 = LINE('',#847,#848);
#847 = CARTESIAN_POINT('',(-115.,90.,75.));
#848 = VECTOR('',#849,1.);
#849 = DIRECTION('',(1.,0.,0.));
#850 = ORIENTED_EDGE('',*,*,#761,.T.);
#851 = ORIENTED_EDGE('',*,*,#852,.T.);
#852 = EDGE_CURVE('',#762,#802,#853,.T.);
#853 = LINE('',#854,#855);
#854 = CARTESIAN_POINT('',(-115.,90.,95.));
#855 = VECTOR('',#856,1.);
#856 = DIRECTION('',(1.,0.,0.));
#857 = ORIENTED_EDGE('',*,*,#801,.F.);
#858 = PLANE('',#859);
#859 = AXIS2_PLACEMENT_3D('',#860,#861,#862);
#860 = CARTESIAN_POINT('',(-115.,90.,75.));
#861 = DIRECTION('',(0.,1.,0.));
#862 = DIRECTION('',(0.,0.,1.));
#863 = ADVANCED_FACE('',(#864),#870,.F.);
#864 = FACE_BOUND('',#865,.F.);
#865 = EDGE_LOOP('',(#866,#867,#868,#869));
#866 = ORIENTED_EDGE('',*,*,#753,.F.);
#867 = ORIENTED_EDGE('',*,*,#823,.T.);
#868 = ORIENTED_EDGE('',*,*,#793,.T.);
#869 = ORIENTED_EDGE('',*,*,#845,.F.);
#870 = PLANE('',#871);
#871 = AXIS2_PLACEMENT_3D('',#872,#873,#874);
#872 = CARTESIAN_POINT('',(-115.,-90.,75.));
#873 = DIRECTION('',(0.,0.,1.));
#874 = DIRECTION('',(1.,0.,0.));
#875 = ADVANCED_FACE('',(#876),#882,.T.);
#876 = FACE_BOUND('',#877,.T.);
#877 = EDGE_LOOP('',(#878,#879,#880,#881));
#878 = ORIENTED_EDGE('',*,*,#769,.F.);
#879 = ORIENTED_EDGE('',*,*,#830,.T.);
#880 = ORIENTED_EDGE('',*,*,#809,.T.);
#881 = ORIENTED_EDGE('',*,*,#852,.F.);
#882 = PLANE('',#883);
#883 = AXIS2_PLACEMENT_3D('',#884,#885,#886);
#884 = CARTESIAN_POINT('',(-115.,-90.,95.));
#885 = DIRECTION('',(0.,0.,1.));
#886 = DIRECTION('',(1.,0.,0.));
#887 = MANIFOLD_SOLID_BREP('',#888);
#888 = CLOSED_SHELL('',(#889,#929,#969,#991,#1013,#1025));
#889 = ADVANCED_FACE('',(#890),#924,.F.);
#890 = FACE_BOUND('',#891,.F.);
#891 = EDGE_LOOP('',(#892,#902,#910,#918));
#892 = ORIENTED_EDGE('',*,*,#893,.F.);
#893 = EDGE_CURVE('',#894,#896,#898,.T.);
#894 = VERTEX_POINT('',#895);
#895 = CARTESIAN_POINT('',(95.,-90.,75.));
#896 = VERTEX_POINT('',#897);
#897 = CARTESIAN_POINT('',(95.,-90.,95.));
#898 = LINE('',#899,#900);
#899 = CARTESIAN_POINT('',(95.,-90.,75.));
#900 = VECTOR('',#901,1.);
#901 = DIRECTION('',(0.,0.,1.));
#902 = ORIENTED_EDGE('',*,*,#903,.T.);
#903 = EDGE_CURVE('',#894,#904,#906,.T.);
#904 = VERTEX_POINT('',#905);
#905 = CARTESIAN_POINT('',(95.,90.,75.));
#906 = LINE('',#907,#908);
#907 = CARTESIAN_POINT('',(95.,-90.,75.));
#908 = VECTOR('',#909,1.);
#909 = DIRECTION('',(0.,1.,0.));
#910 = ORIENTED_EDGE('',*,*,#911,.T.);
#911 = EDGE_CURVE('',#904,#912,#914,.T.);
#912 = VERTEX_POINT('',#913);
#913 = CARTESIAN_POINT('',(95.,90.,95.));
#914 = LINE('',#915,#916);
#915 = CARTESIAN_POINT('',(95.,90.,75.));
#916 = VECTOR('',#917,1.);
#917 = DIRECTION('',(0.,0.,1.));
#918 = ORIENTED_EDGE('',*,*,#919,.F.);
#919 = EDGE_CURVE('',#896,#912,#920,.T.);
#920 = LINE('',#921,#922);
#921 = CARTESIAN_POINT('',(95.,-90.,95.));
#922 = VECTOR('',#923,1.);
#923 = DIRECTION('',(0.,1.,0.));
#924 = PLANE('',#925);
#925 = AXIS2_PLACEMENT_3D('',#926,#927,#928);
#926 = CARTESIAN_POINT('',(95.,-90.,75.));
#927 = DIRECTION('',(1.,0.,0.));
#928 = DIRECTION('',(0.,0.,1.));
#929 = ADVANCED_FACE('',(#930),#964,.T.);
#930 = FACE_BOUND('',#931,.T.);
#931 = EDGE_LOOP('',(#932,#942,#950,#958));
#932 = ORIENTED_EDGE('',*,*,#933,.F.);
#933 = EDGE_CURVE('',#934,#936,#938,.T.);
#934 = VERTEX_POINT('',#935);
#935 = CARTESIAN_POINT('',(115.,-90.,75.));
#936 = VERTEX_POINT('',#937);
#937 = CARTESIAN_POINT('',(115.,-90.,95.));
#938 = LINE('',#939,#940);
#939 = CARTESIAN_POINT('',(115.,-90.,75.));
#940 = VECTOR('',#941,1.);
#941 = DIRECTION('',(0.,0.,1.));
#942 = ORIENTED_EDGE('',*,*,#943,.T.);
#943 = EDGE_CURVE('',#934,#944,#946,.T.);
#944 = VERTEX_POINT('',#945);
#945 = CARTESIAN_POINT('',(115.,90.,75.));
#946 = LINE('',#947,#948);
#947 = CARTESIAN_POINT('',(115.,-90.,75.));
#948 = VECTOR('',#949,1.);
#949 = DIRECTION('',(0.,1.,0.));
#950 = ORIENTED_EDGE('',*,*,#951,.T.);
#951 = EDGE_CURVE('',#944,#952,#954,.T.);
#952 = VERTEX_POINT('',#953);
#953 = CARTESIAN_POINT('',(115.,90.,95.));
#954 = LINE('',#955,#956);
#955 = CARTESIAN_POINT('',(115.,90.,75.));
#956 = VECTOR('',#957,1.);
#957 = DIRECTION('',(0.,0.,1.));
#958 = ORIENTED_EDGE('',*,*,#959,.F.);
#959 = EDGE_CURVE('',#936,#952,#960,.T.);
#960 = LINE('',#961,#962);
#961 = CARTESIAN_POINT('',(115.,-90.,95.));
#962 = VECTOR('',#963,1.);
#963 = DIRECTION('',(0.,1.,0.));
#964 = PLANE('',#965);
#965 = AXIS2_PLACEMENT_3D('',#966,#967,#968);
#966 = CARTESIAN_POINT('',(115.,-90.,75.));
#967 = DIRECTION('',(1.,0.,0.));
#968 = DIRECTION('',(0.,0.,1.));
#969 = ADVANCED_FACE('',(#970),#986,.F.);
#970 = FACE_BOUND('',#971,.F.);
#971 = EDGE_LOOP('',(#972,#978,#979,#985));
#972 = ORIENTED_EDGE('',*,*,#973,.F.);
#973 = EDGE_CURVE('',#894,#934,#974,.T.);
#974 = LINE('',#975,#976);
#975 = CARTESIAN_POINT('',(95.,-90.,75.));
#976 = VECTOR('',#977,1.);
#977 = DIRECTION('',(1.,0.,0.));
#978 = ORIENTED_EDGE('',*,*,#893,.T.);
#979 = ORIENTED_EDGE('',*,*,#980,.T.);
#980 = EDGE_CURVE('',#896,#936,#981,.T.);
#981 = LINE('',#982,#983);
#982 = CARTESIAN_POINT('',(95.,-90.,95.));
#983 = VECTOR('',#984,1.);
#984 = DIRECTION('',(1.,0.,0.));
#985 = ORIENTED_EDGE('',*,*,#933,.F.);
#986 = PLANE('',#987);
#987 = AXIS2_PLACEMENT_3D('',#988,#989,#990);
#988 = CARTESIAN_POINT('',(95.,-90.,75.));
#989 = DIRECTION('',(0.,1.,0.));
#990 = DIRECTION('',(0.,0.,1.));
#991 = ADVANCED_FACE('',(#992),#1008,.T.);
#992 = FACE_BOUND('',#993,.T.);
#993 = EDGE_LOOP('',(#994,#1000,#1001,#1007));
#994 = ORIENTED_EDGE('',*,*,#995,.F.);
#995 = EDGE_CURVE('',#904,#944,#996,.T.);
#996 = LINE('',#997,#998);
#997 = CARTESIAN_POINT('',(95.,90.,75.));
#998 = VECTOR('',#999,1.);
#999 = DIRECTION('',(1.,0.,0.));
#1000 = ORIENTED_EDGE('',*,*,#911,.T.);
#1001 = ORIENTED_EDGE('',*,*,#1002,.T.);
#1002 = EDGE_CURVE('',#912,#952,#1003,.T.);
#1003 = LINE('',#1004,#1005);
#1004 = CARTESIAN_POINT('',(95.,90.,95.));
#1005 = VECTOR('',#1006,1.);
#1006 = DIRECTION('',(1.,0.,0.));
#1007 = ORIENTED_EDGE('',*,*,#951,.F.);
#1008 = PLANE('',#1009);
#1009 = AXIS2_PLACEMENT_3D('',#1010,#1011,#1012);
#1010 = CARTESIAN_POINT('',(95.,90.,75.));
#1011 = DIRECTION('',(0.,1.,0.));
#1012 = DIRECTION('',(0.,0.,1.));
#1013 = ADVANCED_FACE('',(#1014),#1020,.F.);
#1014 = FACE_BOUND('',#1015,.F.);
#1015 = EDGE_LOOP('',(#1016,#1017,#1018,#1019));
#1016 = ORIENTED_EDGE('',*,*,#903,.F.);
#1017 = ORIENTED_EDGE('',*,*,#973,.T.);
#1018 = ORIENTED_EDGE('',*,*,#943,.T.);
#1019 = ORIENTED_EDGE('',*,*,#995,.F.);
#1020 = PLANE('',#1021);
#1021 = AXIS2_PLACEMENT_3D('',#1022,#1023,#1024);
#1022 = CARTESIAN_POINT('',(95.,-90.,75.));
#1023 = DIRECTION('',(0.,0.,1.));
#1024 = DIRECTION('',(1.,0.,0.));
#1025 = ADVANCED_FACE('',(#1026),#1032,.T.);
#1026 = FACE_BOUND('',#1027,.T.);
#1027 = EDGE_LOOP('',(#1028,#1029,#1030,#1031));
#1028 = ORIENTED_EDGE('',*,*,#919,.F.);
#1029 = ORIENTED_EDGE('',*,*,#980,.T.);
#1030 = ORIENTED_EDGE('',*,*,#959,.T.);
#1031 = ORIENTED_EDGE('',*,*,#1002,.F.);
#1032 = PLANE('',#1033);
#1033 = AXIS2_PLACEMENT_3D('',#1034,#1035,#1036);
#1034 = CARTESIAN_POINT('',(95.,-90.,95.));
#1035 = DIRECTION('',(0.,0.,1.));
#1036 = DIRECTION('',(1.,0.,0.));
#1037 = MANIFOLD_SOLID_BREP('',#1038);
#1038 = CLOSED_SHELL('',(#1039,#1079,#1119,#1141,#1163,#1175));
#1039 = ADVANCED_FACE('',(#1040),#1074,.F.);
#1040 = FACE_BOUND('',#1041,.F.);
#1041 = EDGE_LOOP('',(#1042,#1052,#1060,#1068));
#1042 = ORIENTED_EDGE('',*,*,#1043,.F.);
#1043 = EDGE_CURVE('',#1044,#1046,#1048,.T.);
#1044 = VERTEX_POINT('',#1045);
#1045 = CARTESIAN_POINT('',(190.,-90.,75.));
#1046 = VERTEX_POINT('',#1047);
#1047 = CARTESIAN_POINT('',(190.,-90.,95.));
#1048 = LINE('',#1049,#1050);
#1049 = CARTESIAN_POINT('',(190.,-90.,75.));
#1050 = VECTOR('',#1051,1.);
#1051 = DIRECTION('',(0.,0.,1.));
#1052 = ORIENTED_EDGE('',*,*,#1053,.T.);
#1053 = EDGE_CURVE('',#1044,#1054,#1056,.T.);
#1054 = VERTEX_POINT('',#1055);
#1055 = CARTESIAN_POINT('',(190.,90.,75.));
#1056 = LINE('',#1057,#1058);
#1057 = CARTESIAN_POINT('',(190.,-90.,75.));
#1058 = VECTOR('',#1059,1.);
#1059 = DIRECTION('',(0.,1.,0.));
#1060 = ORIENTED_EDGE('',*,*,#1061,.T.);
#1061 = EDGE_CURVE('',#1054,#1062,#1064,.T.);
#1062 = VERTEX_POINT('',#1063);
#1063 = CARTESIAN_POINT('',(190.,90.,95.));
#1064 = LINE('',#1065,#1066);
#1065 = CARTESIAN_POINT('',(190.,90.,75.));
#1066 = VECTOR('',#1067,1.);
#1067 = DIRECTION('',(0.,0.,1.));
#1068 = ORIENTED_EDGE('',*,*,#1069,.F.);
#1069 = EDGE_CURVE('',#1046,#1062,#1070,.T.);
#1070 = LINE('',#1071,#1072);
#1071 = CARTESIAN_POINT('',(190.,-90.,95.));
#1072 = VECTOR('',#1073,1.);
#1073 = DIRECTION('',(0.,1.,0.));
#1074 = PLANE('',#1075);
#1075 = AXIS2_PLACEMENT_3D('',#1076,#1077,#1078);
#1076 = CARTESIAN_POINT('',(190.,-90.,75.));
#1077 = DIRECTION('',(1.,0.,0.));
#1078 = DIRECTION('',(0.,0.,1.));
#1079 = ADVANCED_FACE('',(#1080),#1114,.T.);
#1080 = FACE_BOUND('',#1081,.T.);
#1081 = EDGE_LOOP('',(#1082,#1092,#1100,#1108));
#1082 = ORIENTED_EDGE('',*,*,#1083,.F.);
#1083 = EDGE_CURVE('',#1084,#1086,#1088,.T.);
#1084 = VERTEX_POINT('',#1085);
#1085 = CARTESIAN_POINT('',(210.,-90.,75.));
#1086 = VERTEX_POINT('',#1087);
#1087 = CARTESIAN_POINT('',(210.,-90.,95.));
#1088 = LINE('',#1089,#1090);
#1089 = CARTESIAN_POINT('',(210.,-90.,75.));
#1090 = VECTOR('',#1091,1.);
#1091 = DIRECTION('',(0.,0.,1.));
#1092 = ORIENTED_EDGE('',*,*,#1093,.T.);
#1093 = EDGE_CURVE('',#1084,#1094,#1096,.T.);
#1094 = VERTEX_POINT('',#1095);
#1095 = CARTESIAN_POINT('',(210.,90.,75.));
#1096 = LINE('',#1097,#1098);
#1097 = CARTESIAN_POINT('',(210.,-90.,75.));
#1098 = VECTOR('',#1099,1.);
#1099 = DIRECTION('',(0.,1.,0.));
#1100 = ORIENTED_EDGE('',*,*,#1101,.T.);
#1101 = EDGE_CURVE('',#1094,#1102,#1104,.T.);
#1102 = VERTEX_POINT('',#1103);
#1103 = CARTESIAN_POINT('',(210.,90.,95.));
#1104 = LINE('',#1105,#1106);
#1105 = CARTESIAN_POINT('',(210.,90.,75.));
#1106 = VECTOR('',#1107,1.);
#1107 = DIRECTION('',(0.,0.,1.));
#1108 = ORIENTED_EDGE('',*,*,#1109,.F.);
#1109 = EDGE_CURVE('',#1086,#1102,#1110,.T.);
#1110 = LINE('',#1111,#1112);
#1111 = CARTESIAN_POINT('',(210.,-90.,95.));
#1112 = VECTOR('',#1113,1.);
#1113 = DIRECTION('',(0.,1.,0.));
#1114 = PLANE('',#1115);
#1115 = AXIS2_PLACEMENT_3D('',#1116,#1117,#1118);
#1116 = CARTESIAN_POINT('',(210.,-90.,75.));
#1117 = DIRECTION('',(1.,0.,0.));
#1118 = DIRECTION('',(0.,0.,1.));
#1119 = ADVANCED_FACE('',(#1120),#1136,.F.);
#1120 = FACE_BOUND('',#1121,.F.);
#1121 = EDGE_LOOP('',(#1122,#1128,#1129,#1135));
#1122 = ORIENTED_EDGE('',*,*,#1123,.F.);
#1123 = EDGE_CURVE('',#1044,#1084,#1124,.T.);
#1124 = LINE('',#1125,#1126);
#1125 = CARTESIAN_POINT('',(190.,-90.,75.));
#1126 = VECTOR('',#1127,1.);
#1127 = DIRECTION('',(1.,0.,0.));
#1128 = ORIENTED_EDGE('',*,*,#1043,.T.);
#1129 = ORIENTED_EDGE('',*,*,#1130,.T.);
#1130 = EDGE_CURVE('',#1046,#1086,#1131,.T.);
#1131 = LINE('',#1132,#1133);
#1132 = CARTESIAN_POINT('',(190.,-90.,95.));
#1133 = VECTOR('',#1134,1.);
#1134 = DIRECTION('',(1.,0.,0.));
#1135 = ORIENTED_EDGE('',*,*,#1083,.F.);
#1136 = PLANE('',#1137);
#1137 = AXIS2_PLACEMENT_3D('',#1138,#1139,#1140);
#1138 = CARTESIAN_POINT('',(190.,-90.,75.));
#1139 = DIRECTION('',(0.,1.,0.));
#1140 = DIRECTION('',(0.,0.,1.));
#1141 = ADVANCED_FACE('',(#1142),#1158,.T.);
#1142 = FACE_BOUND('',#1143,.T.);
#1143 = EDGE_LOOP('',(#1144,#1150,#1151,#1157));
#1144 = ORIENTED_EDGE('',*,*,#1145,.F.);
#1145 = EDGE_CURVE('',#1054,#1094,#1146,.T.);
#1146 = LINE('',#1147,#1148);
#1147 = CARTESIAN_POINT('',(190.,90.,75.));
#1148 = VECTOR('',#1149,1.);
#1149 = DIRECTION('',(1.,0.,0.));
#1150 = ORIENTED_EDGE('',*,*,#1061,.T.);
#1151 = ORIENTED_EDGE('',*,*,#1152,.T.);
#1152 = EDGE_CURVE('',#1062,#1102,#1153,.T.);
#1153 = LINE('',#1154,#1155);
#1154 = CARTESIAN_POINT('',(190.,90.,95.));
#1155 = VECTOR('',#1156,1.);
#1156 = DIRECTION('',(1.,0.,0.));
#1157 = ORIENTED_EDGE('',*,*,#1101,.F.);
#1158 = PLANE('',#1159);
#1159 = AXIS2_PLACEMENT_3D('',#1160,#1161,#1162);
#1160 = CARTESIAN_POINT('',(190.,90.,75.));
#1161 = DIRECTION('',(0.,1.,0.));
#1162 = DIRECTION('',(0.,0.,1.));
#1163 = ADVANCED_FACE('',(#1164),#1170,.F.);
#1164 = FACE_BOUND('',#1165,.F.);
#1165 = EDGE_LOOP('',(#1166,#1167,#1168,#1169));
#1166 = ORIENTED_EDGE('',*,*,#1053,.F.);
#1167 = ORIENTED_EDGE('',*,*,#1123,.T.);
#1168 = ORIENTED_EDGE('',*,*,#1093,.T.);
#1169 = ORIENTED_EDGE('',*,*,#1145,.F.);
#1170 = PLANE('',#1171);
#1171 = AXIS2_PLACEMENT_3D('',#1172,#1173,#1174);
#1172 = CARTESIAN_POINT('',(190.,-90.,75.));
#1173 = DIRECTION('',(0.,0.,1.));
#1174 = DIRECTION('',(1.,0.,0.));
#1175 = ADVANCED_FACE('',(#1176),#1182,.T.);
#1176 = FACE_BOUND('',#1177,.T.);
#1177 = EDGE_LOOP('',(#1178,#1179,#1180,#1181));
#1178 = ORIENTED_EDGE('',*,*,#1069,.F.);
#1179 = ORIENTED_EDGE('',*,*,#1130,.T.);
#1180 = ORIENTED_EDGE('',*,*,#1109,.T.);
#1181 = ORIENTED_EDGE('',*,*,#1152,.F.);
#1182 = PLANE('',#1183);
#1183 = AXIS2_PLACEMENT_3D('',#1184,#1185,#1186);
#1184 = CARTESIAN_POINT('',(190.,-90.,95.));
#1185 = DIRECTION('',(0.,0.,1.));
#1186 = DIRECTION('',(1.,0.,0.));
#1187 = MANIFOLD_SOLID_BREP('',#1188);
#1188 = CLOSED_SHELL('',(#1189,#1229,#1260,#1356,#1380,#1469,#1481,#1503
    ,#1520,#1537,#1549,#1571,#1588,#1605));
#1189 = ADVANCED_FACE('',(#1190),#1224,.F.);
#1190 = FACE_BOUND('',#1191,.F.);
#1191 = EDGE_LOOP('',(#1192,#1202,#1210,#1218));
#1192 = ORIENTED_EDGE('',*,*,#1193,.F.);
#1193 = EDGE_CURVE('',#1194,#1196,#1198,.T.);
#1194 = VERTEX_POINT('',#1195);
#1195 = CARTESIAN_POINT('',(132.,-105.,95.));
#1196 = VERTEX_POINT('',#1197);
#1197 = CARTESIAN_POINT('',(132.,-105.,100.));
#1198 = LINE('',#1199,#1200);
#1199 = CARTESIAN_POINT('',(132.,-105.,95.));
#1200 = VECTOR('',#1201,1.);
#1201 = DIRECTION('',(0.,0.,1.));
#1202 = ORIENTED_EDGE('',*,*,#1203,.T.);
#1203 = EDGE_CURVE('',#1194,#1204,#1206,.T.);
#1204 = VERTEX_POINT('',#1205);
#1205 = CARTESIAN_POINT('',(132.,-55.,95.));
#1206 = LINE('',#1207,#1208);
#1207 = CARTESIAN_POINT('',(132.,-105.,95.));
#1208 = VECTOR('',#1209,1.);
#1209 = DIRECTION('',(0.,1.,0.));
#1210 = ORIENTED_EDGE('',*,*,#1211,.T.);
#1211 = EDGE_CURVE('',#1204,#1212,#1214,.T.);
#1212 = VERTEX_POINT('',#1213);
#1213 = CARTESIAN_POINT('',(132.,-55.,100.));
#1214 = LINE('',#1215,#1216);
#1215 = CARTESIAN_POINT('',(132.,-55.,95.));
#1216 = VECTOR('',#1217,1.);
#1217 = DIRECTION('',(0.,0.,1.));
#1218 = ORIENTED_EDGE('',*,*,#1219,.F.);
#1219 = EDGE_CURVE('',#1196,#1212,#1220,.T.);
#1220 = LINE('',#1221,#1222);
#1221 = CARTESIAN_POINT('',(132.,-105.,100.));
#1222 = VECTOR('',#1223,1.);
#1223 = DIRECTION('',(0.,1.,0.));
#1224 = PLANE('',#1225);
#1225 = AXIS2_PLACEMENT_3D('',#1226,#1227,#1228);
#1226 = CARTESIAN_POINT('',(132.,-105.,95.));
#1227 = DIRECTION('',(1.,0.,0.));
#1228 = DIRECTION('',(0.,0.,1.));
#1229 = ADVANCED_FACE('',(#1230),#1255,.F.);
#1230 = FACE_BOUND('',#1231,.F.);
#1231 = EDGE_LOOP('',(#1232,#1240,#1241,#1249));
#1232 = ORIENTED_EDGE('',*,*,#1233,.F.);
#1233 = EDGE_CURVE('',#1194,#1234,#1236,.T.);
#1234 = VERTEX_POINT('',#1235);
#1235 = CARTESIAN_POINT('',(228.,-105.,95.));
#1236 = LINE('',#1237,#1238);
#1237 = CARTESIAN_POINT('',(132.,-105.,95.));
#1238 = VECTOR('',#1239,1.);
#1239 = DIRECTION('',(1.,0.,0.));
#1240 = ORIENTED_EDGE('',*,*,#1193,.T.);
#1241 = ORIENTED_EDGE('',*,*,#1242,.T.);
#1242 = EDGE_CURVE('',#1196,#1243,#1245,.T.);
#1243 = VERTEX_POINT('',#1244);
#1244 = CARTESIAN_POINT('',(228.,-105.,100.));
#1245 = LINE('',#1246,#1247);
#1246 = CARTESIAN_POINT('',(132.,-105.,100.));
#1247 = VECTOR('',#1248,1.);
#1248 = DIRECTION('',(1.,0.,0.));
#1249 = ORIENTED_EDGE('',*,*,#1250,.F.);
#1250 = EDGE_CURVE('',#1234,#1243,#1251,.T.);
#1251 = LINE('',#1252,#1253);
#1252 = CARTESIAN_POINT('',(228.,-105.,95.));
#1253 = VECTOR('',#1254,1.);
#1254 = DIRECTION('',(0.,0.,1.));
#1255 = PLANE('',#1256);
#1256 = AXIS2_PLACEMENT_3D('',#1257,#1258,#1259);
#1257 = CARTESIAN_POINT('',(132.,-105.,95.));
#1258 = DIRECTION('',(0.,1.,0.));
#1259 = DIRECTION('',(0.,0.,1.));
#1260 = ADVANCED_FACE('',(#1261,#1279,#1315),#1351,.T.);
#1261 = FACE_BOUND('',#1262,.T.);
#1262 = EDGE_LOOP('',(#1263,#1264,#1265,#1273));
#1263 = ORIENTED_EDGE('',*,*,#1219,.F.);
#1264 = ORIENTED_EDGE('',*,*,#1242,.T.);
#1265 = ORIENTED_EDGE('',*,*,#1266,.T.);
#1266 = EDGE_CURVE('',#1243,#1267,#1269,.T.);
#1267 = VERTEX_POINT('',#1268);
#1268 = CARTESIAN_POINT('',(228.,-55.,100.));
#1269 = LINE('',#1270,#1271);
#1270 = CARTESIAN_POINT('',(228.,-105.,100.));
#1271 = VECTOR('',#1272,1.);
#1272 = DIRECTION('',(0.,1.,0.));
#1273 = ORIENTED_EDGE('',*,*,#1274,.F.);
#1274 = EDGE_CURVE('',#1212,#1267,#1275,.T.);
#1275 = LINE('',#1276,#1277);
#1276 = CARTESIAN_POINT('',(132.,-55.,100.));
#1277 = VECTOR('',#1278,1.);
#1278 = DIRECTION('',(1.,0.,0.));
#1279 = FACE_BOUND('',#1280,.T.);
#1280 = EDGE_LOOP('',(#1281,#1292,#1300,#1309));
#1281 = ORIENTED_EDGE('',*,*,#1282,.F.);
#1282 = EDGE_CURVE('',#1283,#1285,#1287,.T.);
#1283 = VERTEX_POINT('',#1284);
#1284 = CARTESIAN_POINT('',(142.25,-90.,100.));
#1285 = VERTEX_POINT('',#1286);
#1286 = CARTESIAN_POINT('',(147.75,-90.,100.));
#1287 = CIRCLE('',#1288,2.75);
#1288 = AXIS2_PLACEMENT_3D('',#1289,#1290,#1291);
#1289 = CARTESIAN_POINT('',(145.,-90.,100.));
#1290 = DIRECTION('',(0.,0.,1.));
#1291 = DIRECTION('',(1.,0.,0.));
#1292 = ORIENTED_EDGE('',*,*,#1293,.T.);
#1293 = EDGE_CURVE('',#1283,#1294,#1296,.T.);
#1294 = VERTEX_POINT('',#1295);
#1295 = CARTESIAN_POINT('',(142.25,-70.,100.));
#1296 = LINE('',#1297,#1298);
#1297 = CARTESIAN_POINT('',(142.25,-97.5,100.));
#1298 = VECTOR('',#1299,1.);
#1299 = DIRECTION('',(0.,1.,0.));
#1300 = ORIENTED_EDGE('',*,*,#1301,.F.);
#1301 = EDGE_CURVE('',#1302,#1294,#1304,.T.);
#1302 = VERTEX_POINT('',#1303);
#1303 = CARTESIAN_POINT('',(147.75,-70.,100.));
#1304 = CIRCLE('',#1305,2.75);
#1305 = AXIS2_PLACEMENT_3D('',#1306,#1307,#1308);
#1306 = CARTESIAN_POINT('',(145.,-70.,100.));
#1307 = DIRECTION('',(0.,0.,1.));
#1308 = DIRECTION('',(1.,0.,0.));
#1309 = ORIENTED_EDGE('',*,*,#1310,.F.);
#1310 = EDGE_CURVE('',#1285,#1302,#1311,.T.);
#1311 = LINE('',#1312,#1313);
#1312 = CARTESIAN_POINT('',(147.75,-97.5,100.));
#1313 = VECTOR('',#1314,1.);
#1314 = DIRECTION('',(0.,1.,0.));
#1315 = FACE_BOUND('',#1316,.T.);
#1316 = EDGE_LOOP('',(#1317,#1328,#1336,#1345));
#1317 = ORIENTED_EDGE('',*,*,#1318,.F.);
#1318 = EDGE_CURVE('',#1319,#1321,#1323,.T.);
#1319 = VERTEX_POINT('',#1320);
#1320 = CARTESIAN_POINT('',(212.25,-90.,100.));
#1321 = VERTEX_POINT('',#1322);
#1322 = CARTESIAN_POINT('',(217.75,-90.,100.));
#1323 = CIRCLE('',#1324,2.75);
#1324 = AXIS2_PLACEMENT_3D('',#1325,#1326,#1327);
#1325 = CARTESIAN_POINT('',(215.,-90.,100.));
#1326 = DIRECTION('',(0.,0.,1.));
#1327 = DIRECTION('',(1.,0.,0.));
#1328 = ORIENTED_EDGE('',*,*,#1329,.T.);
#1329 = EDGE_CURVE('',#1319,#1330,#1332,.T.);
#1330 = VERTEX_POINT('',#1331);
#1331 = CARTESIAN_POINT('',(212.25,-70.,100.));
#1332 = LINE('',#1333,#1334);
#1333 = CARTESIAN_POINT('',(212.25,-97.5,100.));
#1334 = VECTOR('',#1335,1.);
#1335 = DIRECTION('',(0.,1.,0.));
#1336 = ORIENTED_EDGE('',*,*,#1337,.F.);
#1337 = EDGE_CURVE('',#1338,#1330,#1340,.T.);
#1338 = VERTEX_POINT('',#1339);
#1339 = CARTESIAN_POINT('',(217.75,-70.,100.));
#1340 = CIRCLE('',#1341,2.75);
#1341 = AXIS2_PLACEMENT_3D('',#1342,#1343,#1344);
#1342 = CARTESIAN_POINT('',(215.,-70.,100.));
#1343 = DIRECTION('',(0.,0.,1.));
#1344 = DIRECTION('',(1.,0.,0.));
#1345 = ORIENTED_EDGE('',*,*,#1346,.F.);
#1346 = EDGE_CURVE('',#1321,#1338,#1347,.T.);
#1347 = LINE('',#1348,#1349);
#1348 = CARTESIAN_POINT('',(217.75,-97.5,100.));
#1349 = VECTOR('',#1350,1.);
#1350 = DIRECTION('',(0.,1.,0.));
#1351 = PLANE('',#1352);
#1352 = AXIS2_PLACEMENT_3D('',#1353,#1354,#1355);
#1353 = CARTESIAN_POINT('',(132.,-105.,100.));
#1354 = DIRECTION('',(0.,0.,1.));
#1355 = DIRECTION('',(1.,0.,0.));
#1356 = ADVANCED_FACE('',(#1357),#1375,.T.);
#1357 = FACE_BOUND('',#1358,.T.);
#1358 = EDGE_LOOP('',(#1359,#1367,#1368,#1369));
#1359 = ORIENTED_EDGE('',*,*,#1360,.F.);
#1360 = EDGE_CURVE('',#1204,#1361,#1363,.T.);
#1361 = VERTEX_POINT('',#1362);
#1362 = CARTESIAN_POINT('',(228.,-55.,95.));
#1363 = LINE('',#1364,#1365);
#1364 = CARTESIAN_POINT('',(132.,-55.,95.));
#1365 = VECTOR('',#1366,1.);
#1366 = DIRECTION('',(1.,0.,0.));
#1367 = ORIENTED_EDGE('',*,*,#1211,.T.);
#1368 = ORIENTED_EDGE('',*,*,#1274,.T.);
#1369 = ORIENTED_EDGE('',*,*,#1370,.F.);
#1370 = EDGE_CURVE('',#1361,#1267,#1371,.T.);
#1371 = LINE('',#1372,#1373);
#1372 = CARTESIAN_POINT('',(228.,-55.,95.));
#1373 = VECTOR('',#1374,1.);
#1374 = DIRECTION('',(0.,0.,1.));
#1375 = PLANE('',#1376);
#1376 = AXIS2_PLACEMENT_3D('',#1377,#1378,#1379);
#1377 = CARTESIAN_POINT('',(132.,-55.,95.));
#1378 = DIRECTION('',(0.,1.,0.));
#1379 = DIRECTION('',(0.,0.,1.));
#1380 = ADVANCED_FACE('',(#1381,#1392,#1428),#1464,.F.);
#1381 = FACE_BOUND('',#1382,.F.);
#1382 = EDGE_LOOP('',(#1383,#1384,#1385,#1391));
#1383 = ORIENTED_EDGE('',*,*,#1203,.F.);
#1384 = ORIENTED_EDGE('',*,*,#1233,.T.);
#1385 = ORIENTED_EDGE('',*,*,#1386,.T.);
#1386 = EDGE_CURVE('',#1234,#1361,#1387,.T.);
#1387 = LINE('',#1388,#1389);
#1388 = CARTESIAN_POINT('',(228.,-105.,95.));
#1389 = VECTOR('',#1390,1.);
#1390 = DIRECTION('',(0.,1.,0.));
#1391 = ORIENTED_EDGE('',*,*,#1360,.F.);
#1392 = FACE_BOUND('',#1393,.F.);
#1393 = EDGE_LOOP('',(#1394,#1405,#1413,#1422));
#1394 = ORIENTED_EDGE('',*,*,#1395,.F.);
#1395 = EDGE_CURVE('',#1396,#1398,#1400,.T.);
#1396 = VERTEX_POINT('',#1397);
#1397 = CARTESIAN_POINT('',(142.25,-90.,95.));
#1398 = VERTEX_POINT('',#1399);
#1399 = CARTESIAN_POINT('',(147.75,-90.,95.));
#1400 = CIRCLE('',#1401,2.75);
#1401 = AXIS2_PLACEMENT_3D('',#1402,#1403,#1404);
#1402 = CARTESIAN_POINT('',(145.,-90.,95.));
#1403 = DIRECTION('',(0.,0.,1.));
#1404 = DIRECTION('',(1.,0.,0.));
#1405 = ORIENTED_EDGE('',*,*,#1406,.T.);
#1406 = EDGE_CURVE('',#1396,#1407,#1409,.T.);
#1407 = VERTEX_POINT('',#1408);
#1408 = CARTESIAN_POINT('',(142.25,-70.,95.));
#1409 = LINE('',#1410,#1411);
#1410 = CARTESIAN_POINT('',(142.25,-97.5,95.));
#1411 = VECTOR('',#1412,1.);
#1412 = DIRECTION('',(0.,1.,0.));
#1413 = ORIENTED_EDGE('',*,*,#1414,.F.);
#1414 = EDGE_CURVE('',#1415,#1407,#1417,.T.);
#1415 = VERTEX_POINT('',#1416);
#1416 = CARTESIAN_POINT('',(147.75,-70.,95.));
#1417 = CIRCLE('',#1418,2.75);
#1418 = AXIS2_PLACEMENT_3D('',#1419,#1420,#1421);
#1419 = CARTESIAN_POINT('',(145.,-70.,95.));
#1420 = DIRECTION('',(0.,0.,1.));
#1421 = DIRECTION('',(1.,0.,0.));
#1422 = ORIENTED_EDGE('',*,*,#1423,.F.);
#1423 = EDGE_CURVE('',#1398,#1415,#1424,.T.);
#1424 = LINE('',#1425,#1426);
#1425 = CARTESIAN_POINT('',(147.75,-97.5,95.));
#1426 = VECTOR('',#1427,1.);
#1427 = DIRECTION('',(0.,1.,0.));
#1428 = FACE_BOUND('',#1429,.F.);
#1429 = EDGE_LOOP('',(#1430,#1441,#1449,#1458));
#1430 = ORIENTED_EDGE('',*,*,#1431,.F.);
#1431 = EDGE_CURVE('',#1432,#1434,#1436,.T.);
#1432 = VERTEX_POINT('',#1433);
#1433 = CARTESIAN_POINT('',(212.25,-90.,95.));
#1434 = VERTEX_POINT('',#1435);
#1435 = CARTESIAN_POINT('',(217.75,-90.,95.));
#1436 = CIRCLE('',#1437,2.75);
#1437 = AXIS2_PLACEMENT_3D('',#1438,#1439,#1440);
#1438 = CARTESIAN_POINT('',(215.,-90.,95.));
#1439 = DIRECTION('',(0.,0.,1.));
#1440 = DIRECTION('',(1.,0.,0.));
#1441 = ORIENTED_EDGE('',*,*,#1442,.T.);
#1442 = EDGE_CURVE('',#1432,#1443,#1445,.T.);
#1443 = VERTEX_POINT('',#1444);
#1444 = CARTESIAN_POINT('',(212.25,-70.,95.));
#1445 = LINE('',#1446,#1447);
#1446 = CARTESIAN_POINT('',(212.25,-97.5,95.));
#1447 = VECTOR('',#1448,1.);
#1448 = DIRECTION('',(0.,1.,0.));
#1449 = ORIENTED_EDGE('',*,*,#1450,.F.);
#1450 = EDGE_CURVE('',#1451,#1443,#1453,.T.);
#1451 = VERTEX_POINT('',#1452);
#1452 = CARTESIAN_POINT('',(217.75,-70.,95.));
#1453 = CIRCLE('',#1454,2.75);
#1454 = AXIS2_PLACEMENT_3D('',#1455,#1456,#1457);
#1455 = CARTESIAN_POINT('',(215.,-70.,95.));
#1456 = DIRECTION('',(0.,0.,1.));
#1457 = DIRECTION('',(1.,0.,0.));
#1458 = ORIENTED_EDGE('',*,*,#1459,.F.);
#1459 = EDGE_CURVE('',#1434,#1451,#1460,.T.);
#1460 = LINE('',#1461,#1462);
#1461 = CARTESIAN_POINT('',(217.75,-97.5,95.));
#1462 = VECTOR('',#1463,1.);
#1463 = DIRECTION('',(0.,1.,0.));
#1464 = PLANE('',#1465);
#1465 = AXIS2_PLACEMENT_3D('',#1466,#1467,#1468);
#1466 = CARTESIAN_POINT('',(132.,-105.,95.));
#1467 = DIRECTION('',(0.,0.,1.));
#1468 = DIRECTION('',(1.,0.,0.));
#1469 = ADVANCED_FACE('',(#1470),#1476,.T.);
#1470 = FACE_BOUND('',#1471,.T.);
#1471 = EDGE_LOOP('',(#1472,#1473,#1474,#1475));
#1472 = ORIENTED_EDGE('',*,*,#1250,.F.);
#1473 = ORIENTED_EDGE('',*,*,#1386,.T.);
#1474 = ORIENTED_EDGE('',*,*,#1370,.T.);
#1475 = ORIENTED_EDGE('',*,*,#1266,.F.);
#1476 = PLANE('',#1477);
#1477 = AXIS2_PLACEMENT_3D('',#1478,#1479,#1480);
#1478 = CARTESIAN_POINT('',(228.,-105.,95.));
#1479 = DIRECTION('',(1.,0.,0.));
#1480 = DIRECTION('',(0.,0.,1.));
#1481 = ADVANCED_FACE('',(#1482),#1498,.F.);
#1482 = FACE_BOUND('',#1483,.F.);
#1483 = EDGE_LOOP('',(#1484,#1485,#1491,#1492));
#1484 = ORIENTED_EDGE('',*,*,#1395,.T.);
#1485 = ORIENTED_EDGE('',*,*,#1486,.T.);
#1486 = EDGE_CURVE('',#1398,#1285,#1487,.T.);
#1487 = LINE('',#1488,#1489);
#1488 = CARTESIAN_POINT('',(147.75,-90.,94.));
#1489 = VECTOR('',#1490,1.);
#1490 = DIRECTION('',(0.,0.,1.));
#1491 = ORIENTED_EDGE('',*,*,#1282,.F.);
#1492 = ORIENTED_EDGE('',*,*,#1493,.F.);
#1493 = EDGE_CURVE('',#1396,#1283,#1494,.T.);
#1494 = LINE('',#1495,#1496);
#1495 = CARTESIAN_POINT('',(142.25,-90.,94.));
#1496 = VECTOR('',#1497,1.);
#1497 = DIRECTION('',(0.,0.,1.));
#1498 = CYLINDRICAL_SURFACE('',#1499,2.75);
#1499 = AXIS2_PLACEMENT_3D('',#1500,#1501,#1502);
#1500 = CARTESIAN_POINT('',(145.,-90.,94.));
#1501 = DIRECTION('',(0.,0.,1.));
#1502 = DIRECTION('',(1.,0.,0.));
#1503 = ADVANCED_FACE('',(#1504),#1515,.T.);
#1504 = FACE_BOUND('',#1505,.T.);
#1505 = EDGE_LOOP('',(#1506,#1507,#1508,#1514));
#1506 = ORIENTED_EDGE('',*,*,#1493,.F.);
#1507 = ORIENTED_EDGE('',*,*,#1406,.T.);
#1508 = ORIENTED_EDGE('',*,*,#1509,.T.);
#1509 = EDGE_CURVE('',#1407,#1294,#1510,.T.);
#1510 = LINE('',#1511,#1512);
#1511 = CARTESIAN_POINT('',(142.25,-70.,94.));
#1512 = VECTOR('',#1513,1.);
#1513 = DIRECTION('',(0.,0.,1.));
#1514 = ORIENTED_EDGE('',*,*,#1293,.F.);
#1515 = PLANE('',#1516);
#1516 = AXIS2_PLACEMENT_3D('',#1517,#1518,#1519);
#1517 = CARTESIAN_POINT('',(142.25,-90.,94.));
#1518 = DIRECTION('',(1.,0.,0.));
#1519 = DIRECTION('',(0.,0.,1.));
#1520 = ADVANCED_FACE('',(#1521),#1532,.F.);
#1521 = FACE_BOUND('',#1522,.F.);
#1522 = EDGE_LOOP('',(#1523,#1524,#1525,#1531));
#1523 = ORIENTED_EDGE('',*,*,#1486,.F.);
#1524 = ORIENTED_EDGE('',*,*,#1423,.T.);
#1525 = ORIENTED_EDGE('',*,*,#1526,.T.);
#1526 = EDGE_CURVE('',#1415,#1302,#1527,.T.);
#1527 = LINE('',#1528,#1529);
#1528 = CARTESIAN_POINT('',(147.75,-70.,94.));
#1529 = VECTOR('',#1530,1.);
#1530 = DIRECTION('',(0.,0.,1.));
#1531 = ORIENTED_EDGE('',*,*,#1310,.F.);
#1532 = PLANE('',#1533);
#1533 = AXIS2_PLACEMENT_3D('',#1534,#1535,#1536);
#1534 = CARTESIAN_POINT('',(147.75,-90.,94.));
#1535 = DIRECTION('',(1.,0.,0.));
#1536 = DIRECTION('',(0.,0.,1.));
#1537 = ADVANCED_FACE('',(#1538),#1544,.F.);
#1538 = FACE_BOUND('',#1539,.F.);
#1539 = EDGE_LOOP('',(#1540,#1541,#1542,#1543));
#1540 = ORIENTED_EDGE('',*,*,#1301,.F.);
#1541 = ORIENTED_EDGE('',*,*,#1526,.F.);
#1542 = ORIENTED_EDGE('',*,*,#1414,.T.);
#1543 = ORIENTED_EDGE('',*,*,#1509,.T.);
#1544 = CYLINDRICAL_SURFACE('',#1545,2.75);
#1545 = AXIS2_PLACEMENT_3D('',#1546,#1547,#1548);
#1546 = CARTESIAN_POINT('',(145.,-70.,94.));
#1547 = DIRECTION('',(0.,0.,1.));
#1548 = DIRECTION('',(1.,0.,0.));
#1549 = ADVANCED_FACE('',(#1550),#1566,.F.);
#1550 = FACE_BOUND('',#1551,.F.);
#1551 = EDGE_LOOP('',(#1552,#1553,#1559,#1560));
#1552 = ORIENTED_EDGE('',*,*,#1431,.T.);
#1553 = ORIENTED_EDGE('',*,*,#1554,.T.);
#1554 = EDGE_CURVE('',#1434,#1321,#1555,.T.);
#1555 = LINE('',#1556,#1557);
#1556 = CARTESIAN_POINT('',(217.75,-90.,94.));
#1557 = VECTOR('',#1558,1.);
#1558 = DIRECTION('',(0.,0.,1.));
#1559 = ORIENTED_EDGE('',*,*,#1318,.F.);
#1560 = ORIENTED_EDGE('',*,*,#1561,.F.);
#1561 = EDGE_CURVE('',#1432,#1319,#1562,.T.);
#1562 = LINE('',#1563,#1564);
#1563 = CARTESIAN_POINT('',(212.25,-90.,94.));
#1564 = VECTOR('',#1565,1.);
#1565 = DIRECTION('',(0.,0.,1.));
#1566 = CYLINDRICAL_SURFACE('',#1567,2.75);
#1567 = AXIS2_PLACEMENT_3D('',#1568,#1569,#1570);
#1568 = CARTESIAN_POINT('',(215.,-90.,94.));
#1569 = DIRECTION('',(0.,0.,1.));
#1570 = DIRECTION('',(1.,0.,0.));
#1571 = ADVANCED_FACE('',(#1572),#1583,.F.);
#1572 = FACE_BOUND('',#1573,.F.);
#1573 = EDGE_LOOP('',(#1574,#1575,#1576,#1582));
#1574 = ORIENTED_EDGE('',*,*,#1554,.F.);
#1575 = ORIENTED_EDGE('',*,*,#1459,.T.);
#1576 = ORIENTED_EDGE('',*,*,#1577,.T.);
#1577 = EDGE_CURVE('',#1451,#1338,#1578,.T.);
#1578 = LINE('',#1579,#1580);
#1579 = CARTESIAN_POINT('',(217.75,-70.,94.));
#1580 = VECTOR('',#1581,1.);
#1581 = DIRECTION('',(0.,0.,1.));
#1582 = ORIENTED_EDGE('',*,*,#1346,.F.);
#1583 = PLANE('',#1584);
#1584 = AXIS2_PLACEMENT_3D('',#1585,#1586,#1587);
#1585 = CARTESIAN_POINT('',(217.75,-90.,94.));
#1586 = DIRECTION('',(1.,0.,0.));
#1587 = DIRECTION('',(0.,0.,1.));
#1588 = ADVANCED_FACE('',(#1589),#1600,.F.);
#1589 = FACE_BOUND('',#1590,.F.);
#1590 = EDGE_LOOP('',(#1591,#1592,#1593,#1594));
#1591 = ORIENTED_EDGE('',*,*,#1337,.F.);
#1592 = ORIENTED_EDGE('',*,*,#1577,.F.);
#1593 = ORIENTED_EDGE('',*,*,#1450,.T.);
#1594 = ORIENTED_EDGE('',*,*,#1595,.T.);
#1595 = EDGE_CURVE('',#1443,#1330,#1596,.T.);
#1596 = LINE('',#1597,#1598);
#1597 = CARTESIAN_POINT('',(212.25,-70.,94.));
#1598 = VECTOR('',#1599,1.);
#1599 = DIRECTION('',(0.,0.,1.));
#1600 = CYLINDRICAL_SURFACE('',#1601,2.75);
#1601 = AXIS2_PLACEMENT_3D('',#1602,#1603,#1604);
#1602 = CARTESIAN_POINT('',(215.,-70.,94.));
#1603 = DIRECTION('',(0.,0.,1.));
#1604 = DIRECTION('',(1.,0.,0.));
#1605 = ADVANCED_FACE('',(#1606),#1612,.T.);
#1606 = FACE_BOUND('',#1607,.T.);
#1607 = EDGE_LOOP('',(#1608,#1609,#1610,#1611));
#1608 = ORIENTED_EDGE('',*,*,#1561,.F.);
#1609 = ORIENTED_EDGE('',*,*,#1442,.T.);
#1610 = ORIENTED_EDGE('',*,*,#1595,.T.);
#1611 = ORIENTED_EDGE('',*,*,#1329,.F.);
#1612 = PLANE('',#1613);
#1613 = AXIS2_PLACEMENT_3D('',#1614,#1615,#1616);
#1614 = CARTESIAN_POINT('',(212.25,-90.,94.));
#1615 = DIRECTION('',(1.,0.,0.));
#1616 = DIRECTION('',(0.,0.,1.));
#1617 = MANIFOLD_SOLID_BREP('',#1618);
#1618 = CLOSED_SHELL('',(#1619,#1652,#1661));
#1619 = ADVANCED_FACE('',(#1620),#1647,.T.);
#1620 = FACE_BOUND('',#1621,.T.);
#1621 = EDGE_LOOP('',(#1622,#1631,#1639,#1646));
#1622 = ORIENTED_EDGE('',*,*,#1623,.F.);
#1623 = EDGE_CURVE('',#1624,#1624,#1626,.T.);
#1624 = VERTEX_POINT('',#1625);
#1625 = CARTESIAN_POINT('',(213.75,-80.,107.));
#1626 = CIRCLE('',#1627,2.);
#1627 = AXIS2_PLACEMENT_3D('',#1628,#1629,#1630);
#1628 = CARTESIAN_POINT('',(213.75,-80.,105.));
#1629 = DIRECTION('',(1.,0.,-0.));
#1630 = DIRECTION('',(0.,0.,1.));
#1631 = ORIENTED_EDGE('',*,*,#1632,.F.);
#1632 = EDGE_CURVE('',#1633,#1624,#1635,.T.);
#1633 = VERTEX_POINT('',#1634);
#1634 = CARTESIAN_POINT('',(146.25,-80.,107.));
#1635 = LINE('',#1636,#1637);
#1636 = CARTESIAN_POINT('',(146.25,-80.,107.));
#1637 = VECTOR('',#1638,1.);
#1638 = DIRECTION('',(1.,0.,0.));
#1639 = ORIENTED_EDGE('',*,*,#1640,.T.);
#1640 = EDGE_CURVE('',#1633,#1633,#1641,.T.);
#1641 = CIRCLE('',#1642,2.);
#1642 = AXIS2_PLACEMENT_3D('',#1643,#1644,#1645);
#1643 = CARTESIAN_POINT('',(146.25,-80.,105.));
#1644 = DIRECTION('',(1.,0.,-0.));
#1645 = DIRECTION('',(0.,0.,1.));
#1646 = ORIENTED_EDGE('',*,*,#1632,.T.);
#1647 = CYLINDRICAL_SURFACE('',#1648,2.);
#1648 = AXIS2_PLACEMENT_3D('',#1649,#1650,#1651);
#1649 = CARTESIAN_POINT('',(146.25,-80.,105.));
#1650 = DIRECTION('',(1.,0.,0.));
#1651 = DIRECTION('',(0.,0.,1.));
#1652 = ADVANCED_FACE('',(#1653),#1656,.T.);
#1653 = FACE_BOUND('',#1654,.T.);
#1654 = EDGE_LOOP('',(#1655));
#1655 = ORIENTED_EDGE('',*,*,#1623,.T.);
#1656 = PLANE('',#1657);
#1657 = AXIS2_PLACEMENT_3D('',#1658,#1659,#1660);
#1658 = CARTESIAN_POINT('',(213.75,-80.,105.));
#1659 = DIRECTION('',(1.,0.,0.));
#1660 = DIRECTION('',(0.,0.,1.));
#1661 = ADVANCED_FACE('',(#1662),#1665,.F.);
#1662 = FACE_BOUND('',#1663,.T.);
#1663 = EDGE_LOOP('',(#1664));
#1664 = ORIENTED_EDGE('',*,*,#1640,.F.);
#1665 = PLANE('',#1666);
#1666 = AXIS2_PLACEMENT_3D('',#1667,#1668,#1669);
#1667 = CARTESIAN_POINT('',(146.25,-80.,105.));
#1668 = DIRECTION('',(1.,0.,0.));
#1669 = DIRECTION('',(0.,0.,1.));
#1670 = MANIFOLD_SOLID_BREP('',#1671);
#1671 = CLOSED_SHELL('',(#1672,#1723,#1754,#1778,#1802,#1819,#1844));
#1672 = ADVANCED_FACE('',(#1673,#1707),#1718,.F.);
#1673 = FACE_BOUND('',#1674,.F.);
#1674 = EDGE_LOOP('',(#1675,#1685,#1693,#1701));
#1675 = ORIENTED_EDGE('',*,*,#1676,.F.);
#1676 = EDGE_CURVE('',#1677,#1679,#1681,.T.);
#1677 = VERTEX_POINT('',#1678);
#1678 = CARTESIAN_POINT('',(147.25,-88.,100.));
#1679 = VERTEX_POINT('',#1680);
#1680 = CARTESIAN_POINT('',(147.25,-88.,113.));
#1681 = LINE('',#1682,#1683);
#1682 = CARTESIAN_POINT('',(147.25,-88.,100.));
#1683 = VECTOR('',#1684,1.);
#1684 = DIRECTION('',(0.,0.,1.));
#1685 = ORIENTED_EDGE('',*,*,#1686,.T.);
#1686 = EDGE_CURVE('',#1677,#1687,#1689,.T.);
#1687 = VERTEX_POINT('',#1688);
#1688 = CARTESIAN_POINT('',(147.25,-72.,100.));
#1689 = LINE('',#1690,#1691);
#1690 = CARTESIAN_POINT('',(147.25,-88.,100.));
#1691 = VECTOR('',#1692,1.);
#1692 = DIRECTION('',(0.,1.,0.));
#1693 = ORIENTED_EDGE('',*,*,#1694,.T.);
#1694 = EDGE_CURVE('',#1687,#1695,#1697,.T.);
#1695 = VERTEX_POINT('',#1696);
#1696 = CARTESIAN_POINT('',(147.25,-72.,113.));
#1697 = LINE('',#1698,#1699);
#1698 = CARTESIAN_POINT('',(147.25,-72.,100.));
#1699 = VECTOR('',#1700,1.);
#1700 = DIRECTION('',(0.,0.,1.));
#1701 = ORIENTED_EDGE('',*,*,#1702,.F.);
#1702 = EDGE_CURVE('',#1679,#1695,#1703,.T.);
#1703 = LINE('',#1704,#1705);
#1704 = CARTESIAN_POINT('',(147.25,-88.,113.));
#1705 = VECTOR('',#1706,1.);
#1706 = DIRECTION('',(0.,1.,0.));
#1707 = FACE_BOUND('',#1708,.F.);
#1708 = EDGE_LOOP('',(#1709));
#1709 = ORIENTED_EDGE('',*,*,#1710,.F.);
#1710 = EDGE_CURVE('',#1711,#1711,#1713,.T.);
#1711 = VERTEX_POINT('',#1712);
#1712 = CARTESIAN_POINT('',(147.25,-80.,107.1));
#1713 = CIRCLE('',#1714,2.1);
#1714 = AXIS2_PLACEMENT_3D('',#1715,#1716,#1717);
#1715 = CARTESIAN_POINT('',(147.25,-80.,105.));
#1716 = DIRECTION('',(1.,0.,-0.));
#1717 = DIRECTION('',(0.,0.,1.));
#1718 = PLANE('',#1719);
#1719 = AXIS2_PLACEMENT_3D('',#1720,#1721,#1722);
#1720 = CARTESIAN_POINT('',(147.25,-88.,100.));
#1721 = DIRECTION('',(1.,0.,0.));
#1722 = DIRECTION('',(0.,0.,1.));
#1723 = ADVANCED_FACE('',(#1724),#1749,.F.);
#1724 = FACE_BOUND('',#1725,.F.);
#1725 = EDGE_LOOP('',(#1726,#1734,#1735,#1743));
#1726 = ORIENTED_EDGE('',*,*,#1727,.F.);
#1727 = EDGE_CURVE('',#1677,#1728,#1730,.T.);
#1728 = VERTEX_POINT('',#1729);
#1729 = CARTESIAN_POINT('',(155.25,-88.,100.));
#1730 = LINE('',#1731,#1732);
#1731 = CARTESIAN_POINT('',(147.25,-88.,100.));
#1732 = VECTOR('',#1733,1.);
#1733 = DIRECTION('',(1.,0.,0.));
#1734 = ORIENTED_EDGE('',*,*,#1676,.T.);
#1735 = ORIENTED_EDGE('',*,*,#1736,.T.);
#1736 = EDGE_CURVE('',#1679,#1737,#1739,.T.);
#1737 = VERTEX_POINT('',#1738);
#1738 = CARTESIAN_POINT('',(155.25,-88.,113.));
#1739 = LINE('',#1740,#1741);
#1740 = CARTESIAN_POINT('',(147.25,-88.,113.));
#1741 = VECTOR('',#1742,1.);
#1742 = DIRECTION('',(1.,0.,0.));
#1743 = ORIENTED_EDGE('',*,*,#1744,.F.);
#1744 = EDGE_CURVE('',#1728,#1737,#1745,.T.);
#1745 = LINE('',#1746,#1747);
#1746 = CARTESIAN_POINT('',(155.25,-88.,100.));
#1747 = VECTOR('',#1748,1.);
#1748 = DIRECTION('',(0.,0.,1.));
#1749 = PLANE('',#1750);
#1750 = AXIS2_PLACEMENT_3D('',#1751,#1752,#1753);
#1751 = CARTESIAN_POINT('',(147.25,-88.,100.));
#1752 = DIRECTION('',(0.,1.,0.));
#1753 = DIRECTION('',(0.,0.,1.));
#1754 = ADVANCED_FACE('',(#1755),#1773,.T.);
#1755 = FACE_BOUND('',#1756,.T.);
#1756 = EDGE_LOOP('',(#1757,#1758,#1759,#1767));
#1757 = ORIENTED_EDGE('',*,*,#1702,.F.);
#1758 = ORIENTED_EDGE('',*,*,#1736,.T.);
#1759 = ORIENTED_EDGE('',*,*,#1760,.T.);
#1760 = EDGE_CURVE('',#1737,#1761,#1763,.T.);
#1761 = VERTEX_POINT('',#1762);
#1762 = CARTESIAN_POINT('',(155.25,-72.,113.));
#1763 = LINE('',#1764,#1765);
#1764 = CARTESIAN_POINT('',(155.25,-88.,113.));
#1765 = VECTOR('',#1766,1.);
#1766 = DIRECTION('',(0.,1.,0.));
#1767 = ORIENTED_EDGE('',*,*,#1768,.F.);
#1768 = EDGE_CURVE('',#1695,#1761,#1769,.T.);
#1769 = LINE('',#1770,#1771);
#1770 = CARTESIAN_POINT('',(147.25,-72.,113.));
#1771 = VECTOR('',#1772,1.);
#1772 = DIRECTION('',(1.,0.,0.));
#1773 = PLANE('',#1774);
#1774 = AXIS2_PLACEMENT_3D('',#1775,#1776,#1777);
#1775 = CARTESIAN_POINT('',(147.25,-88.,113.));
#1776 = DIRECTION('',(0.,0.,1.));
#1777 = DIRECTION('',(1.,0.,0.));
#1778 = ADVANCED_FACE('',(#1779),#1797,.F.);
#1779 = FACE_BOUND('',#1780,.F.);
#1780 = EDGE_LOOP('',(#1781,#1782,#1783,#1791));
#1781 = ORIENTED_EDGE('',*,*,#1686,.F.);
#1782 = ORIENTED_EDGE('',*,*,#1727,.T.);
#1783 = ORIENTED_EDGE('',*,*,#1784,.T.);
#1784 = EDGE_CURVE('',#1728,#1785,#1787,.T.);
#1785 = VERTEX_POINT('',#1786);
#1786 = CARTESIAN_POINT('',(155.25,-72.,100.));
#1787 = LINE('',#1788,#1789);
#1788 = CARTESIAN_POINT('',(155.25,-88.,100.));
#1789 = VECTOR('',#1790,1.);
#1790 = DIRECTION('',(0.,1.,0.));
#1791 = ORIENTED_EDGE('',*,*,#1792,.F.);
#1792 = EDGE_CURVE('',#1687,#1785,#1793,.T.);
#1793 = LINE('',#1794,#1795);
#1794 = CARTESIAN_POINT('',(147.25,-72.,100.));
#1795 = VECTOR('',#1796,1.);
#1796 = DIRECTION('',(1.,0.,0.));
#1797 = PLANE('',#1798);
#1798 = AXIS2_PLACEMENT_3D('',#1799,#1800,#1801);
#1799 = CARTESIAN_POINT('',(147.25,-88.,100.));
#1800 = DIRECTION('',(0.,0.,1.));
#1801 = DIRECTION('',(1.,0.,0.));
#1802 = ADVANCED_FACE('',(#1803),#1814,.T.);
#1803 = FACE_BOUND('',#1804,.T.);
#1804 = EDGE_LOOP('',(#1805,#1806,#1807,#1808));
#1805 = ORIENTED_EDGE('',*,*,#1792,.F.);
#1806 = ORIENTED_EDGE('',*,*,#1694,.T.);
#1807 = ORIENTED_EDGE('',*,*,#1768,.T.);
#1808 = ORIENTED_EDGE('',*,*,#1809,.F.);
#1809 = EDGE_CURVE('',#1785,#1761,#1810,.T.);
#1810 = LINE('',#1811,#1812);
#1811 = CARTESIAN_POINT('',(155.25,-72.,100.));
#1812 = VECTOR('',#1813,1.);
#1813 = DIRECTION('',(0.,0.,1.));
#1814 = PLANE('',#1815);
#1815 = AXIS2_PLACEMENT_3D('',#1816,#1817,#1818);
#1816 = CARTESIAN_POINT('',(147.25,-72.,100.));
#1817 = DIRECTION('',(0.,1.,0.));
#1818 = DIRECTION('',(0.,0.,1.));
#1819 = ADVANCED_FACE('',(#1820),#1839,.F.);
#1820 = FACE_BOUND('',#1821,.F.);
#1821 = EDGE_LOOP('',(#1822,#1831,#1837,#1838));
#1822 = ORIENTED_EDGE('',*,*,#1823,.F.);
#1823 = EDGE_CURVE('',#1824,#1824,#1826,.T.);
#1824 = VERTEX_POINT('',#1825);
#1825 = CARTESIAN_POINT('',(155.25,-80.,107.1));
#1826 = CIRCLE('',#1827,2.1);
#1827 = AXIS2_PLACEMENT_3D('',#1828,#1829,#1830);
#1828 = CARTESIAN_POINT('',(155.25,-80.,105.));
#1829 = DIRECTION('',(1.,0.,-0.));
#1830 = DIRECTION('',(0.,0.,1.));
#1831 = ORIENTED_EDGE('',*,*,#1832,.F.);
#1832 = EDGE_CURVE('',#1711,#1824,#1833,.T.);
#1833 = LINE('',#1834,#1835);
#1834 = CARTESIAN_POINT('',(146.25,-80.,107.1));
#1835 = VECTOR('',#1836,1.);
#1836 = DIRECTION('',(1.,0.,0.));
#1837 = ORIENTED_EDGE('',*,*,#1710,.T.);
#1838 = ORIENTED_EDGE('',*,*,#1832,.T.);
#1839 = CYLINDRICAL_SURFACE('',#1840,2.1);
#1840 = AXIS2_PLACEMENT_3D('',#1841,#1842,#1843);
#1841 = CARTESIAN_POINT('',(146.25,-80.,105.));
#1842 = DIRECTION('',(1.,0.,0.));
#1843 = DIRECTION('',(0.,0.,1.));
#1844 = ADVANCED_FACE('',(#1845,#1851),#1854,.T.);
#1845 = FACE_BOUND('',#1846,.T.);
#1846 = EDGE_LOOP('',(#1847,#1848,#1849,#1850));
#1847 = ORIENTED_EDGE('',*,*,#1744,.F.);
#1848 = ORIENTED_EDGE('',*,*,#1784,.T.);
#1849 = ORIENTED_EDGE('',*,*,#1809,.T.);
#1850 = ORIENTED_EDGE('',*,*,#1760,.F.);
#1851 = FACE_BOUND('',#1852,.T.);
#1852 = EDGE_LOOP('',(#1853));
#1853 = ORIENTED_EDGE('',*,*,#1823,.F.);
#1854 = PLANE('',#1855);
#1855 = AXIS2_PLACEMENT_3D('',#1856,#1857,#1858);
#1856 = CARTESIAN_POINT('',(155.25,-88.,100.));
#1857 = DIRECTION('',(1.,0.,0.));
#1858 = DIRECTION('',(0.,0.,1.));
#1859 = MANIFOLD_SOLID_BREP('',#1860);
#1860 = CLOSED_SHELL('',(#1861,#1912,#1943,#1967,#1991,#2008,#2033));
#1861 = ADVANCED_FACE('',(#1862,#1896),#1907,.F.);
#1862 = FACE_BOUND('',#1863,.F.);
#1863 = EDGE_LOOP('',(#1864,#1874,#1882,#1890));
#1864 = ORIENTED_EDGE('',*,*,#1865,.F.);
#1865 = EDGE_CURVE('',#1866,#1868,#1870,.T.);
#1866 = VERTEX_POINT('',#1867);
#1867 = CARTESIAN_POINT('',(204.75,-88.,100.));
#1868 = VERTEX_POINT('',#1869);
#1869 = CARTESIAN_POINT('',(204.75,-88.,113.));
#1870 = LINE('',#1871,#1872);
#1871 = CARTESIAN_POINT('',(204.75,-88.,100.));
#1872 = VECTOR('',#1873,1.);
#1873 = DIRECTION('',(0.,0.,1.));
#1874 = ORIENTED_EDGE('',*,*,#1875,.T.);
#1875 = EDGE_CURVE('',#1866,#1876,#1878,.T.);
#1876 = VERTEX_POINT('',#1877);
#1877 = CARTESIAN_POINT('',(204.75,-72.,100.));
#1878 = LINE('',#1879,#1880);
#1879 = CARTESIAN_POINT('',(204.75,-88.,100.));
#1880 = VECTOR('',#1881,1.);
#1881 = DIRECTION('',(0.,1.,0.));
#1882 = ORIENTED_EDGE('',*,*,#1883,.T.);
#1883 = EDGE_CURVE('',#1876,#1884,#1886,.T.);
#1884 = VERTEX_POINT('',#1885);
#1885 = CARTESIAN_POINT('',(204.75,-72.,113.));
#1886 = LINE('',#1887,#1888);
#1887 = CARTESIAN_POINT('',(204.75,-72.,100.));
#1888 = VECTOR('',#1889,1.);
#1889 = DIRECTION('',(0.,0.,1.));
#1890 = ORIENTED_EDGE('',*,*,#1891,.F.);
#1891 = EDGE_CURVE('',#1868,#1884,#1892,.T.);
#1892 = LINE('',#1893,#1894);
#1893 = CARTESIAN_POINT('',(204.75,-88.,113.));
#1894 = VECTOR('',#1895,1.);
#1895 = DIRECTION('',(0.,1.,0.));
#1896 = FACE_BOUND('',#1897,.F.);
#1897 = EDGE_LOOP('',(#1898));
#1898 = ORIENTED_EDGE('',*,*,#1899,.F.);
#1899 = EDGE_CURVE('',#1900,#1900,#1902,.T.);
#1900 = VERTEX_POINT('',#1901);
#1901 = CARTESIAN_POINT('',(204.75,-80.,107.1));
#1902 = CIRCLE('',#1903,2.1);
#1903 = AXIS2_PLACEMENT_3D('',#1904,#1905,#1906);
#1904 = CARTESIAN_POINT('',(204.75,-80.,105.));
#1905 = DIRECTION('',(1.,0.,-0.));
#1906 = DIRECTION('',(0.,0.,1.));
#1907 = PLANE('',#1908);
#1908 = AXIS2_PLACEMENT_3D('',#1909,#1910,#1911);
#1909 = CARTESIAN_POINT('',(204.75,-88.,100.));
#1910 = DIRECTION('',(1.,0.,0.));
#1911 = DIRECTION('',(0.,0.,1.));
#1912 = ADVANCED_FACE('',(#1913),#1938,.F.);
#1913 = FACE_BOUND('',#1914,.F.);
#1914 = EDGE_LOOP('',(#1915,#1923,#1924,#1932));
#1915 = ORIENTED_EDGE('',*,*,#1916,.F.);
#1916 = EDGE_CURVE('',#1866,#1917,#1919,.T.);
#1917 = VERTEX_POINT('',#1918);
#1918 = CARTESIAN_POINT('',(212.75,-88.,100.));
#1919 = LINE('',#1920,#1921);
#1920 = CARTESIAN_POINT('',(204.75,-88.,100.));
#1921 = VECTOR('',#1922,1.);
#1922 = DIRECTION('',(1.,0.,0.));
#1923 = ORIENTED_EDGE('',*,*,#1865,.T.);
#1924 = ORIENTED_EDGE('',*,*,#1925,.T.);
#1925 = EDGE_CURVE('',#1868,#1926,#1928,.T.);
#1926 = VERTEX_POINT('',#1927);
#1927 = CARTESIAN_POINT('',(212.75,-88.,113.));
#1928 = LINE('',#1929,#1930);
#1929 = CARTESIAN_POINT('',(204.75,-88.,113.));
#1930 = VECTOR('',#1931,1.);
#1931 = DIRECTION('',(1.,0.,0.));
#1932 = ORIENTED_EDGE('',*,*,#1933,.F.);
#1933 = EDGE_CURVE('',#1917,#1926,#1934,.T.);
#1934 = LINE('',#1935,#1936);
#1935 = CARTESIAN_POINT('',(212.75,-88.,100.));
#1936 = VECTOR('',#1937,1.);
#1937 = DIRECTION('',(0.,0.,1.));
#1938 = PLANE('',#1939);
#1939 = AXIS2_PLACEMENT_3D('',#1940,#1941,#1942);
#1940 = CARTESIAN_POINT('',(204.75,-88.,100.));
#1941 = DIRECTION('',(0.,1.,0.));
#1942 = DIRECTION('',(0.,0.,1.));
#1943 = ADVANCED_FACE('',(#1944),#1962,.T.);
#1944 = FACE_BOUND('',#1945,.T.);
#1945 = EDGE_LOOP('',(#1946,#1947,#1948,#1956));
#1946 = ORIENTED_EDGE('',*,*,#1891,.F.);
#1947 = ORIENTED_EDGE('',*,*,#1925,.T.);
#1948 = ORIENTED_EDGE('',*,*,#1949,.T.);
#1949 = EDGE_CURVE('',#1926,#1950,#1952,.T.);
#1950 = VERTEX_POINT('',#1951);
#1951 = CARTESIAN_POINT('',(212.75,-72.,113.));
#1952 = LINE('',#1953,#1954);
#1953 = CARTESIAN_POINT('',(212.75,-88.,113.));
#1954 = VECTOR('',#1955,1.);
#1955 = DIRECTION('',(0.,1.,0.));
#1956 = ORIENTED_EDGE('',*,*,#1957,.F.);
#1957 = EDGE_CURVE('',#1884,#1950,#1958,.T.);
#1958 = LINE('',#1959,#1960);
#1959 = CARTESIAN_POINT('',(204.75,-72.,113.));
#1960 = VECTOR('',#1961,1.);
#1961 = DIRECTION('',(1.,0.,0.));
#1962 = PLANE('',#1963);
#1963 = AXIS2_PLACEMENT_3D('',#1964,#1965,#1966);
#1964 = CARTESIAN_POINT('',(204.75,-88.,113.));
#1965 = DIRECTION('',(0.,0.,1.));
#1966 = DIRECTION('',(1.,0.,0.));
#1967 = ADVANCED_FACE('',(#1968),#1986,.F.);
#1968 = FACE_BOUND('',#1969,.F.);
#1969 = EDGE_LOOP('',(#1970,#1971,#1972,#1980));
#1970 = ORIENTED_EDGE('',*,*,#1875,.F.);
#1971 = ORIENTED_EDGE('',*,*,#1916,.T.);
#1972 = ORIENTED_EDGE('',*,*,#1973,.T.);
#1973 = EDGE_CURVE('',#1917,#1974,#1976,.T.);
#1974 = VERTEX_POINT('',#1975);
#1975 = CARTESIAN_POINT('',(212.75,-72.,100.));
#1976 = LINE('',#1977,#1978);
#1977 = CARTESIAN_POINT('',(212.75,-88.,100.));
#1978 = VECTOR('',#1979,1.);
#1979 = DIRECTION('',(0.,1.,0.));
#1980 = ORIENTED_EDGE('',*,*,#1981,.F.);
#1981 = EDGE_CURVE('',#1876,#1974,#1982,.T.);
#1982 = LINE('',#1983,#1984);
#1983 = CARTESIAN_POINT('',(204.75,-72.,100.));
#1984 = VECTOR('',#1985,1.);
#1985 = DIRECTION('',(1.,0.,0.));
#1986 = PLANE('',#1987);
#1987 = AXIS2_PLACEMENT_3D('',#1988,#1989,#1990);
#1988 = CARTESIAN_POINT('',(204.75,-88.,100.));
#1989 = DIRECTION('',(0.,0.,1.));
#1990 = DIRECTION('',(1.,0.,0.));
#1991 = ADVANCED_FACE('',(#1992),#2003,.T.);
#1992 = FACE_BOUND('',#1993,.T.);
#1993 = EDGE_LOOP('',(#1994,#1995,#1996,#1997));
#1994 = ORIENTED_EDGE('',*,*,#1981,.F.);
#1995 = ORIENTED_EDGE('',*,*,#1883,.T.);
#1996 = ORIENTED_EDGE('',*,*,#1957,.T.);
#1997 = ORIENTED_EDGE('',*,*,#1998,.F.);
#1998 = EDGE_CURVE('',#1974,#1950,#1999,.T.);
#1999 = LINE('',#2000,#2001);
#2000 = CARTESIAN_POINT('',(212.75,-72.,100.));
#2001 = VECTOR('',#2002,1.);
#2002 = DIRECTION('',(0.,0.,1.));
#2003 = PLANE('',#2004);
#2004 = AXIS2_PLACEMENT_3D('',#2005,#2006,#2007);
#2005 = CARTESIAN_POINT('',(204.75,-72.,100.));
#2006 = DIRECTION('',(0.,1.,0.));
#2007 = DIRECTION('',(0.,0.,1.));
#2008 = ADVANCED_FACE('',(#2009),#2028,.F.);
#2009 = FACE_BOUND('',#2010,.F.);
#2010 = EDGE_LOOP('',(#2011,#2020,#2026,#2027));
#2011 = ORIENTED_EDGE('',*,*,#2012,.F.);
#2012 = EDGE_CURVE('',#2013,#2013,#2015,.T.);
#2013 = VERTEX_POINT('',#2014);
#2014 = CARTESIAN_POINT('',(212.75,-80.,107.1));
#2015 = CIRCLE('',#2016,2.1);
#2016 = AXIS2_PLACEMENT_3D('',#2017,#2018,#2019);
#2017 = CARTESIAN_POINT('',(212.75,-80.,105.));
#2018 = DIRECTION('',(1.,0.,-0.));
#2019 = DIRECTION('',(0.,0.,1.));
#2020 = ORIENTED_EDGE('',*,*,#2021,.F.);
#2021 = EDGE_CURVE('',#1900,#2013,#2022,.T.);
#2022 = LINE('',#2023,#2024);
#2023 = CARTESIAN_POINT('',(203.75,-80.,107.1));
#2024 = VECTOR('',#2025,1.);
#2025 = DIRECTION('',(1.,0.,0.));
#2026 = ORIENTED_EDGE('',*,*,#1899,.T.);
#2027 = ORIENTED_EDGE('',*,*,#2021,.T.);
#2028 = CYLINDRICAL_SURFACE('',#2029,2.1);
#2029 = AXIS2_PLACEMENT_3D('',#2030,#2031,#2032);
#2030 = CARTESIAN_POINT('',(203.75,-80.,105.));
#2031 = DIRECTION('',(1.,0.,0.));
#2032 = DIRECTION('',(0.,0.,1.));
#2033 = ADVANCED_FACE('',(#2034,#2040),#2043,.T.);
#2034 = FACE_BOUND('',#2035,.T.);
#2035 = EDGE_LOOP('',(#2036,#2037,#2038,#2039));
#2036 = ORIENTED_EDGE('',*,*,#1933,.F.);
#2037 = ORIENTED_EDGE('',*,*,#1973,.T.);
#2038 = ORIENTED_EDGE('',*,*,#1998,.T.);
#2039 = ORIENTED_EDGE('',*,*,#1949,.F.);
#2040 = FACE_BOUND('',#2041,.T.);
#2041 = EDGE_LOOP('',(#2042));
#2042 = ORIENTED_EDGE('',*,*,#2012,.F.);
#2043 = PLANE('',#2044);
#2044 = AXIS2_PLACEMENT_3D('',#2045,#2046,#2047);
#2045 = CARTESIAN_POINT('',(212.75,-88.,100.));
#2046 = DIRECTION('',(1.,0.,0.));
#2047 = DIRECTION('',(0.,0.,1.));
#2048 = MANIFOLD_SOLID_BREP('',#2049);
#2049 = CLOSED_SHELL('',(#2050,#2083,#2092));
#2050 = ADVANCED_FACE('',(#2051),#2078,.T.);
#2051 = FACE_BOUND('',#2052,.T.);
#2052 = EDGE_LOOP('',(#2053,#2062,#2070,#2077));
#2053 = ORIENTED_EDGE('',*,*,#2054,.F.);
#2054 = EDGE_CURVE('',#2055,#2055,#2057,.T.);
#2055 = VERTEX_POINT('',#2056);
#2056 = CARTESIAN_POINT('',(180.,-162.8493014913,59.986188315282));
#2057 = CIRCLE('',#2058,5.);
#2058 = AXIS2_PLACEMENT_3D('',#2059,#2060,#2061);
#2059 = CARTESIAN_POINT('',(180.,-165.,64.5));
#2060 = DIRECTION('',(0.256626311645,-0.872529459594,-0.415734624865));
#2061 = DIRECTION('',(8.16676349121E-18,0.43013970172,-0.902762336944));
#2062 = ORIENTED_EDGE('',*,*,#2063,.F.);
#2063 = EDGE_CURVE('',#2064,#2055,#2066,.T.);
#2064 = VERTEX_POINT('',#2065);
#2065 = CARTESIAN_POINT('',(155.,-77.84930149139,100.48618831528));
#2066 = LINE('',#2067,#2068);
#2067 = CARTESIAN_POINT('',(155.,-77.84930149139,100.48618831528));
#2068 = VECTOR('',#2069,1.);
#2069 = DIRECTION('',(0.256626311645,-0.872529459594,-0.415734624865));
#2070 = ORIENTED_EDGE('',*,*,#2071,.T.);
#2071 = EDGE_CURVE('',#2064,#2064,#2072,.T.);
#2072 = CIRCLE('',#2073,5.);
#2073 = AXIS2_PLACEMENT_3D('',#2074,#2075,#2076);
#2074 = CARTESIAN_POINT('',(155.,-80.,105.));
#2075 = DIRECTION('',(0.256626311645,-0.872529459594,-0.415734624865));
#2076 = DIRECTION('',(8.16676349121E-18,0.43013970172,-0.902762336944));
#2077 = ORIENTED_EDGE('',*,*,#2063,.T.);
#2078 = CYLINDRICAL_SURFACE('',#2079,5.);
#2079 = AXIS2_PLACEMENT_3D('',#2080,#2081,#2082);
#2080 = CARTESIAN_POINT('',(155.,-80.,105.));
#2081 = DIRECTION('',(0.256626311645,-0.872529459594,-0.415734624865));
#2082 = DIRECTION('',(-5.711024316605E-18,0.43013970172,-0.902762336944)
  );
#2083 = ADVANCED_FACE('',(#2084),#2087,.T.);
#2084 = FACE_BOUND('',#2085,.T.);
#2085 = EDGE_LOOP('',(#2086));
#2086 = ORIENTED_EDGE('',*,*,#2054,.T.);
#2087 = PLANE('',#2088);
#2088 = AXIS2_PLACEMENT_3D('',#2089,#2090,#2091);
#2089 = CARTESIAN_POINT('',(180.,-165.,64.5));
#2090 = DIRECTION('',(0.256626311645,-0.872529459594,-0.415734624865));
#2091 = DIRECTION('',(-5.711024316605E-18,0.43013970172,-0.902762336944)
  );
#2092 = ADVANCED_FACE('',(#2093),#2096,.F.);
#2093 = FACE_BOUND('',#2094,.T.);
#2094 = EDGE_LOOP('',(#2095));
#2095 = ORIENTED_EDGE('',*,*,#2071,.F.);
#2096 = PLANE('',#2097);
#2097 = AXIS2_PLACEMENT_3D('',#2098,#2099,#2100);
#2098 = CARTESIAN_POINT('',(155.,-80.,105.));
#2099 = DIRECTION('',(0.256626311645,-0.872529459594,-0.415734624865));
#2100 = DIRECTION('',(-5.711024316605E-18,0.43013970172,-0.902762336944)
  );
#2101 = MANIFOLD_SOLID_BREP('',#2102);
#2102 = CLOSED_SHELL('',(#2103,#2136,#2145));
#2103 = ADVANCED_FACE('',(#2104),#2131,.T.);
#2104 = FACE_BOUND('',#2105,.T.);
#2105 = EDGE_LOOP('',(#2106,#2115,#2123,#2130));
#2106 = ORIENTED_EDGE('',*,*,#2107,.F.);
#2107 = EDGE_CURVE('',#2108,#2108,#2110,.T.);
#2108 = VERTEX_POINT('',#2109);
#2109 = CARTESIAN_POINT('',(180.,-162.8493014913,59.986188315282));
#2110 = CIRCLE('',#2111,5.);
#2111 = AXIS2_PLACEMENT_3D('',#2112,#2113,#2114);
#2112 = CARTESIAN_POINT('',(180.,-165.,64.5));
#2113 = DIRECTION('',(-0.256626311645,-0.872529459594,-0.415734624865));
#2114 = DIRECTION('',(-8.16676349121E-18,0.43013970172,-0.902762336944)
  );
#2115 = ORIENTED_EDGE('',*,*,#2116,.F.);
#2116 = EDGE_CURVE('',#2117,#2108,#2119,.T.);
#2117 = VERTEX_POINT('',#2118);
#2118 = CARTESIAN_POINT('',(205.,-77.84930149139,100.48618831528));
#2119 = LINE('',#2120,#2121);
#2120 = CARTESIAN_POINT('',(205.,-77.84930149139,100.48618831528));
#2121 = VECTOR('',#2122,1.);
#2122 = DIRECTION('',(-0.256626311645,-0.872529459594,-0.415734624865));
#2123 = ORIENTED_EDGE('',*,*,#2124,.T.);
#2124 = EDGE_CURVE('',#2117,#2117,#2125,.T.);
#2125 = CIRCLE('',#2126,5.);
#2126 = AXIS2_PLACEMENT_3D('',#2127,#2128,#2129);
#2127 = CARTESIAN_POINT('',(205.,-80.,105.));
#2128 = DIRECTION('',(-0.256626311645,-0.872529459594,-0.415734624865));
#2129 = DIRECTION('',(-8.16676349121E-18,0.43013970172,-0.902762336944)
  );
#2130 = ORIENTED_EDGE('',*,*,#2116,.T.);
#2131 = CYLINDRICAL_SURFACE('',#2132,5.);
#2132 = AXIS2_PLACEMENT_3D('',#2133,#2134,#2135);
#2133 = CARTESIAN_POINT('',(205.,-80.,105.));
#2134 = DIRECTION('',(-0.256626311645,-0.872529459594,-0.415734624865));
#2135 = DIRECTION('',(5.711024316605E-18,0.43013970172,-0.902762336944)
  );
#2136 = ADVANCED_FACE('',(#2137),#2140,.T.);
#2137 = FACE_BOUND('',#2138,.T.);
#2138 = EDGE_LOOP('',(#2139));
#2139 = ORIENTED_EDGE('',*,*,#2107,.T.);
#2140 = PLANE('',#2141);
#2141 = AXIS2_PLACEMENT_3D('',#2142,#2143,#2144);
#2142 = CARTESIAN_POINT('',(180.,-165.,64.5));
#2143 = DIRECTION('',(-0.256626311645,-0.872529459594,-0.415734624865));
#2144 = DIRECTION('',(5.711024316605E-18,0.43013970172,-0.902762336944)
  );
#2145 = ADVANCED_FACE('',(#2146),#2149,.F.);
#2146 = FACE_BOUND('',#2147,.T.);
#2147 = EDGE_LOOP('',(#2148));
#2148 = ORIENTED_EDGE('',*,*,#2124,.F.);
#2149 = PLANE('',#2150);
#2150 = AXIS2_PLACEMENT_3D('',#2151,#2152,#2153);
#2151 = CARTESIAN_POINT('',(205.,-80.,105.));
#2152 = DIRECTION('',(-0.256626311645,-0.872529459594,-0.415734624865));
#2153 = DIRECTION('',(5.711024316605E-18,0.43013970172,-0.902762336944)
  );
#2154 = MANIFOLD_SOLID_BREP('',#2155);
#2155 = CLOSED_SHELL('',(#2156,#2189,#2198));
#2156 = ADVANCED_FACE('',(#2157),#2184,.T.);
#2157 = FACE_BOUND('',#2158,.T.);
#2158 = EDGE_LOOP('',(#2159,#2168,#2176,#2183));
#2159 = ORIENTED_EDGE('',*,*,#2160,.F.);
#2160 = EDGE_CURVE('',#2161,#2161,#2163,.T.);
#2161 = VERTEX_POINT('',#2162);
#2162 = CARTESIAN_POINT('',(203.,-80.,147.));
#2163 = CIRCLE('',#2164,2.);
#2164 = AXIS2_PLACEMENT_3D('',#2165,#2166,#2167);
#2165 = CARTESIAN_POINT('',(203.,-80.,145.));
#2166 = DIRECTION('',(1.,0.,-0.));
#2167 = DIRECTION('',(0.,0.,1.));
#2168 = ORIENTED_EDGE('',*,*,#2169,.F.);
#2169 = EDGE_CURVE('',#2170,#2161,#2172,.T.);
#2170 = VERTEX_POINT('',#2171);
#2171 = CARTESIAN_POINT('',(157.,-80.,147.));
#2172 = LINE('',#2173,#2174);
#2173 = CARTESIAN_POINT('',(157.,-80.,147.));
#2174 = VECTOR('',#2175,1.);
#2175 = DIRECTION('',(1.,0.,0.));
#2176 = ORIENTED_EDGE('',*,*,#2177,.T.);
#2177 = EDGE_CURVE('',#2170,#2170,#2178,.T.);
#2178 = CIRCLE('',#2179,2.);
#2179 = AXIS2_PLACEMENT_3D('',#2180,#2181,#2182);
#2180 = CARTESIAN_POINT('',(157.,-80.,145.));
#2181 = DIRECTION('',(1.,0.,-0.));
#2182 = DIRECTION('',(0.,0.,1.));
#2183 = ORIENTED_EDGE('',*,*,#2169,.T.);
#2184 = CYLINDRICAL_SURFACE('',#2185,2.);
#2185 = AXIS2_PLACEMENT_3D('',#2186,#2187,#2188);
#2186 = CARTESIAN_POINT('',(157.,-80.,145.));
#2187 = DIRECTION('',(1.,0.,0.));
#2188 = DIRECTION('',(0.,0.,1.));
#2189 = ADVANCED_FACE('',(#2190),#2193,.T.);
#2190 = FACE_BOUND('',#2191,.T.);
#2191 = EDGE_LOOP('',(#2192));
#2192 = ORIENTED_EDGE('',*,*,#2160,.T.);
#2193 = PLANE('',#2194);
#2194 = AXIS2_PLACEMENT_3D('',#2195,#2196,#2197);
#2195 = CARTESIAN_POINT('',(203.,-80.,145.));
#2196 = DIRECTION('',(1.,0.,0.));
#2197 = DIRECTION('',(0.,0.,1.));
#2198 = ADVANCED_FACE('',(#2199),#2202,.F.);
#2199 = FACE_BOUND('',#2200,.T.);
#2200 = EDGE_LOOP('',(#2201));
#2201 = ORIENTED_EDGE('',*,*,#2177,.F.);
#2202 = PLANE('',#2203);
#2203 = AXIS2_PLACEMENT_3D('',#2204,#2205,#2206);
#2204 = CARTESIAN_POINT('',(157.,-80.,145.));
#2205 = DIRECTION('',(1.,0.,0.));
#2206 = DIRECTION('',(0.,0.,1.));
#2207 = MANIFOLD_SOLID_BREP('',#2208);
#2208 = CLOSED_SHELL('',(#2209,#2260,#2291,#2315,#2339,#2356,#2381));
#2209 = ADVANCED_FACE('',(#2210,#2244),#2255,.F.);
#2210 = FACE_BOUND('',#2211,.F.);
#2211 = EDGE_LOOP('',(#2212,#2222,#2230,#2238));
#2212 = ORIENTED_EDGE('',*,*,#2213,.F.);
#2213 = EDGE_CURVE('',#2214,#2216,#2218,.T.);
#2214 = VERTEX_POINT('',#2215);
#2215 = CARTESIAN_POINT('',(158.,-88.,100.));
#2216 = VERTEX_POINT('',#2217);
#2217 = CARTESIAN_POINT('',(158.,-88.,153.));
#2218 = LINE('',#2219,#2220);
#2219 = CARTESIAN_POINT('',(158.,-88.,100.));
#2220 = VECTOR('',#2221,1.);
#2221 = DIRECTION('',(0.,0.,1.));
#2222 = ORIENTED_EDGE('',*,*,#2223,.T.);
#2223 = EDGE_CURVE('',#2214,#2224,#2226,.T.);
#2224 = VERTEX_POINT('',#2225);
#2225 = CARTESIAN_POINT('',(158.,-72.,100.));
#2226 = LINE('',#2227,#2228);
#2227 = CARTESIAN_POINT('',(158.,-88.,100.));
#2228 = VECTOR('',#2229,1.);
#2229 = DIRECTION('',(0.,1.,0.));
#2230 = ORIENTED_EDGE('',*,*,#2231,.T.);
#2231 = EDGE_CURVE('',#2224,#2232,#2234,.T.);
#2232 = VERTEX_POINT('',#2233);
#2233 = CARTESIAN_POINT('',(158.,-72.,153.));
#2234 = LINE('',#2235,#2236);
#2235 = CARTESIAN_POINT('',(158.,-72.,100.));
#2236 = VECTOR('',#2237,1.);
#2237 = DIRECTION('',(0.,0.,1.));
#2238 = ORIENTED_EDGE('',*,*,#2239,.F.);
#2239 = EDGE_CURVE('',#2216,#2232,#2240,.T.);
#2240 = LINE('',#2241,#2242);
#2241 = CARTESIAN_POINT('',(158.,-88.,153.));
#2242 = VECTOR('',#2243,1.);
#2243 = DIRECTION('',(0.,1.,0.));
#2244 = FACE_BOUND('',#2245,.F.);
#2245 = EDGE_LOOP('',(#2246));
#2246 = ORIENTED_EDGE('',*,*,#2247,.F.);
#2247 = EDGE_CURVE('',#2248,#2248,#2250,.T.);
#2248 = VERTEX_POINT('',#2249);
#2249 = CARTESIAN_POINT('',(158.,-80.,147.1));
#2250 = CIRCLE('',#2251,2.1);
#2251 = AXIS2_PLACEMENT_3D('',#2252,#2253,#2254);
#2252 = CARTESIAN_POINT('',(158.,-80.,145.));
#2253 = DIRECTION('',(1.,0.,-0.));
#2254 = DIRECTION('',(0.,0.,1.));
#2255 = PLANE('',#2256);
#2256 = AXIS2_PLACEMENT_3D('',#2257,#2258,#2259);
#2257 = CARTESIAN_POINT('',(158.,-88.,100.));
#2258 = DIRECTION('',(1.,0.,0.));
#2259 = DIRECTION('',(0.,0.,1.));
#2260 = ADVANCED_FACE('',(#2261),#2286,.F.);
#2261 = FACE_BOUND('',#2262,.F.);
#2262 = EDGE_LOOP('',(#2263,#2271,#2272,#2280));
#2263 = ORIENTED_EDGE('',*,*,#2264,.F.);
#2264 = EDGE_CURVE('',#2214,#2265,#2267,.T.);
#2265 = VERTEX_POINT('',#2266);
#2266 = CARTESIAN_POINT('',(166.,-88.,100.));
#2267 = LINE('',#2268,#2269);
#2268 = CARTESIAN_POINT('',(158.,-88.,100.));
#2269 = VECTOR('',#2270,1.);
#2270 = DIRECTION('',(1.,0.,0.));
#2271 = ORIENTED_EDGE('',*,*,#2213,.T.);
#2272 = ORIENTED_EDGE('',*,*,#2273,.T.);
#2273 = EDGE_CURVE('',#2216,#2274,#2276,.T.);
#2274 = VERTEX_POINT('',#2275);
#2275 = CARTESIAN_POINT('',(166.,-88.,153.));
#2276 = LINE('',#2277,#2278);
#2277 = CARTESIAN_POINT('',(158.,-88.,153.));
#2278 = VECTOR('',#2279,1.);
#2279 = DIRECTION('',(1.,0.,0.));
#2280 = ORIENTED_EDGE('',*,*,#2281,.F.);
#2281 = EDGE_CURVE('',#2265,#2274,#2282,.T.);
#2282 = LINE('',#2283,#2284);
#2283 = CARTESIAN_POINT('',(166.,-88.,100.));
#2284 = VECTOR('',#2285,1.);
#2285 = DIRECTION('',(0.,0.,1.));
#2286 = PLANE('',#2287);
#2287 = AXIS2_PLACEMENT_3D('',#2288,#2289,#2290);
#2288 = CARTESIAN_POINT('',(158.,-88.,100.));
#2289 = DIRECTION('',(0.,1.,0.));
#2290 = DIRECTION('',(0.,0.,1.));
#2291 = ADVANCED_FACE('',(#2292),#2310,.T.);
#2292 = FACE_BOUND('',#2293,.T.);
#2293 = EDGE_LOOP('',(#2294,#2295,#2296,#2304));
#2294 = ORIENTED_EDGE('',*,*,#2239,.F.);
#2295 = ORIENTED_EDGE('',*,*,#2273,.T.);
#2296 = ORIENTED_EDGE('',*,*,#2297,.T.);
#2297 = EDGE_CURVE('',#2274,#2298,#2300,.T.);
#2298 = VERTEX_POINT('',#2299);
#2299 = CARTESIAN_POINT('',(166.,-72.,153.));
#2300 = LINE('',#2301,#2302);
#2301 = CARTESIAN_POINT('',(166.,-88.,153.));
#2302 = VECTOR('',#2303,1.);
#2303 = DIRECTION('',(0.,1.,0.));
#2304 = ORIENTED_EDGE('',*,*,#2305,.F.);
#2305 = EDGE_CURVE('',#2232,#2298,#2306,.T.);
#2306 = LINE('',#2307,#2308);
#2307 = CARTESIAN_POINT('',(158.,-72.,153.));
#2308 = VECTOR('',#2309,1.);
#2309 = DIRECTION('',(1.,0.,0.));
#2310 = PLANE('',#2311);
#2311 = AXIS2_PLACEMENT_3D('',#2312,#2313,#2314);
#2312 = CARTESIAN_POINT('',(158.,-88.,153.));
#2313 = DIRECTION('',(0.,0.,1.));
#2314 = DIRECTION('',(1.,0.,0.));
#2315 = ADVANCED_FACE('',(#2316),#2334,.F.);
#2316 = FACE_BOUND('',#2317,.F.);
#2317 = EDGE_LOOP('',(#2318,#2319,#2320,#2328));
#2318 = ORIENTED_EDGE('',*,*,#2223,.F.);
#2319 = ORIENTED_EDGE('',*,*,#2264,.T.);
#2320 = ORIENTED_EDGE('',*,*,#2321,.T.);
#2321 = EDGE_CURVE('',#2265,#2322,#2324,.T.);
#2322 = VERTEX_POINT('',#2323);
#2323 = CARTESIAN_POINT('',(166.,-72.,100.));
#2324 = LINE('',#2325,#2326);
#2325 = CARTESIAN_POINT('',(166.,-88.,100.));
#2326 = VECTOR('',#2327,1.);
#2327 = DIRECTION('',(0.,1.,0.));
#2328 = ORIENTED_EDGE('',*,*,#2329,.F.);
#2329 = EDGE_CURVE('',#2224,#2322,#2330,.T.);
#2330 = LINE('',#2331,#2332);
#2331 = CARTESIAN_POINT('',(158.,-72.,100.));
#2332 = VECTOR('',#2333,1.);
#2333 = DIRECTION('',(1.,0.,0.));
#2334 = PLANE('',#2335);
#2335 = AXIS2_PLACEMENT_3D('',#2336,#2337,#2338);
#2336 = CARTESIAN_POINT('',(158.,-88.,100.));
#2337 = DIRECTION('',(0.,0.,1.));
#2338 = DIRECTION('',(1.,0.,0.));
#2339 = ADVANCED_FACE('',(#2340),#2351,.T.);
#2340 = FACE_BOUND('',#2341,.T.);
#2341 = EDGE_LOOP('',(#2342,#2343,#2344,#2345));
#2342 = ORIENTED_EDGE('',*,*,#2329,.F.);
#2343 = ORIENTED_EDGE('',*,*,#2231,.T.);
#2344 = ORIENTED_EDGE('',*,*,#2305,.T.);
#2345 = ORIENTED_EDGE('',*,*,#2346,.F.);
#2346 = EDGE_CURVE('',#2322,#2298,#2347,.T.);
#2347 = LINE('',#2348,#2349);
#2348 = CARTESIAN_POINT('',(166.,-72.,100.));
#2349 = VECTOR('',#2350,1.);
#2350 = DIRECTION('',(0.,0.,1.));
#2351 = PLANE('',#2352);
#2352 = AXIS2_PLACEMENT_3D('',#2353,#2354,#2355);
#2353 = CARTESIAN_POINT('',(158.,-72.,100.));
#2354 = DIRECTION('',(0.,1.,0.));
#2355 = DIRECTION('',(0.,0.,1.));
#2356 = ADVANCED_FACE('',(#2357),#2376,.F.);
#2357 = FACE_BOUND('',#2358,.F.);
#2358 = EDGE_LOOP('',(#2359,#2368,#2374,#2375));
#2359 = ORIENTED_EDGE('',*,*,#2360,.F.);
#2360 = EDGE_CURVE('',#2361,#2361,#2363,.T.);
#2361 = VERTEX_POINT('',#2362);
#2362 = CARTESIAN_POINT('',(166.,-80.,147.1));
#2363 = CIRCLE('',#2364,2.1);
#2364 = AXIS2_PLACEMENT_3D('',#2365,#2366,#2367);
#2365 = CARTESIAN_POINT('',(166.,-80.,145.));
#2366 = DIRECTION('',(1.,0.,-0.));
#2367 = DIRECTION('',(0.,0.,1.));
#2368 = ORIENTED_EDGE('',*,*,#2369,.F.);
#2369 = EDGE_CURVE('',#2248,#2361,#2370,.T.);
#2370 = LINE('',#2371,#2372);
#2371 = CARTESIAN_POINT('',(157.,-80.,147.1));
#2372 = VECTOR('',#2373,1.);
#2373 = DIRECTION('',(1.,0.,0.));
#2374 = ORIENTED_EDGE('',*,*,#2247,.T.);
#2375 = ORIENTED_EDGE('',*,*,#2369,.T.);
#2376 = CYLINDRICAL_SURFACE('',#2377,2.1);
#2377 = AXIS2_PLACEMENT_3D('',#2378,#2379,#2380);
#2378 = CARTESIAN_POINT('',(157.,-80.,145.));
#2379 = DIRECTION('',(1.,0.,0.));
#2380 = DIRECTION('',(0.,0.,1.));
#2381 = ADVANCED_FACE('',(#2382,#2388),#2391,.T.);
#2382 = FACE_BOUND('',#2383,.T.);
#2383 = EDGE_LOOP('',(#2384,#2385,#2386,#2387));
#2384 = ORIENTED_EDGE('',*,*,#2281,.F.);
#2385 = ORIENTED_EDGE('',*,*,#2321,.T.);
#2386 = ORIENTED_EDGE('',*,*,#2346,.T.);
#2387 = ORIENTED_EDGE('',*,*,#2297,.F.);
#2388 = FACE_BOUND('',#2389,.T.);
#2389 = EDGE_LOOP('',(#2390));
#2390 = ORIENTED_EDGE('',*,*,#2360,.F.);
#2391 = PLANE('',#2392);
#2392 = AXIS2_PLACEMENT_3D('',#2393,#2394,#2395);
#2393 = CARTESIAN_POINT('',(166.,-88.,100.));
#2394 = DIRECTION('',(1.,0.,0.));
#2395 = DIRECTION('',(0.,0.,1.));
#2396 = MANIFOLD_SOLID_BREP('',#2397);
#2397 = CLOSED_SHELL('',(#2398,#2449,#2480,#2504,#2528,#2545,#2570));
#2398 = ADVANCED_FACE('',(#2399,#2433),#2444,.F.);
#2399 = FACE_BOUND('',#2400,.F.);
#2400 = EDGE_LOOP('',(#2401,#2411,#2419,#2427));
#2401 = ORIENTED_EDGE('',*,*,#2402,.F.);
#2402 = EDGE_CURVE('',#2403,#2405,#2407,.T.);
#2403 = VERTEX_POINT('',#2404);
#2404 = CARTESIAN_POINT('',(194.,-88.,100.));
#2405 = VERTEX_POINT('',#2406);
#2406 = CARTESIAN_POINT('',(194.,-88.,153.));
#2407 = LINE('',#2408,#2409);
#2408 = CARTESIAN_POINT('',(194.,-88.,100.));
#2409 = VECTOR('',#2410,1.);
#2410 = DIRECTION('',(0.,0.,1.));
#2411 = ORIENTED_EDGE('',*,*,#2412,.T.);
#2412 = EDGE_CURVE('',#2403,#2413,#2415,.T.);
#2413 = VERTEX_POINT('',#2414);
#2414 = CARTESIAN_POINT('',(194.,-72.,100.));
#2415 = LINE('',#2416,#2417);
#2416 = CARTESIAN_POINT('',(194.,-88.,100.));
#2417 = VECTOR('',#2418,1.);
#2418 = DIRECTION('',(0.,1.,0.));
#2419 = ORIENTED_EDGE('',*,*,#2420,.T.);
#2420 = EDGE_CURVE('',#2413,#2421,#2423,.T.);
#2421 = VERTEX_POINT('',#2422);
#2422 = CARTESIAN_POINT('',(194.,-72.,153.));
#2423 = LINE('',#2424,#2425);
#2424 = CARTESIAN_POINT('',(194.,-72.,100.));
#2425 = VECTOR('',#2426,1.);
#2426 = DIRECTION('',(0.,0.,1.));
#2427 = ORIENTED_EDGE('',*,*,#2428,.F.);
#2428 = EDGE_CURVE('',#2405,#2421,#2429,.T.);
#2429 = LINE('',#2430,#2431);
#2430 = CARTESIAN_POINT('',(194.,-88.,153.));
#2431 = VECTOR('',#2432,1.);
#2432 = DIRECTION('',(0.,1.,0.));
#2433 = FACE_BOUND('',#2434,.F.);
#2434 = EDGE_LOOP('',(#2435));
#2435 = ORIENTED_EDGE('',*,*,#2436,.F.);
#2436 = EDGE_CURVE('',#2437,#2437,#2439,.T.);
#2437 = VERTEX_POINT('',#2438);
#2438 = CARTESIAN_POINT('',(194.,-80.,147.1));
#2439 = CIRCLE('',#2440,2.1);
#2440 = AXIS2_PLACEMENT_3D('',#2441,#2442,#2443);
#2441 = CARTESIAN_POINT('',(194.,-80.,145.));
#2442 = DIRECTION('',(1.,0.,-0.));
#2443 = DIRECTION('',(0.,0.,1.));
#2444 = PLANE('',#2445);
#2445 = AXIS2_PLACEMENT_3D('',#2446,#2447,#2448);
#2446 = CARTESIAN_POINT('',(194.,-88.,100.));
#2447 = DIRECTION('',(1.,0.,0.));
#2448 = DIRECTION('',(0.,0.,1.));
#2449 = ADVANCED_FACE('',(#2450),#2475,.F.);
#2450 = FACE_BOUND('',#2451,.F.);
#2451 = EDGE_LOOP('',(#2452,#2460,#2461,#2469));
#2452 = ORIENTED_EDGE('',*,*,#2453,.F.);
#2453 = EDGE_CURVE('',#2403,#2454,#2456,.T.);
#2454 = VERTEX_POINT('',#2455);
#2455 = CARTESIAN_POINT('',(202.,-88.,100.));
#2456 = LINE('',#2457,#2458);
#2457 = CARTESIAN_POINT('',(194.,-88.,100.));
#2458 = VECTOR('',#2459,1.);
#2459 = DIRECTION('',(1.,0.,0.));
#2460 = ORIENTED_EDGE('',*,*,#2402,.T.);
#2461 = ORIENTED_EDGE('',*,*,#2462,.T.);
#2462 = EDGE_CURVE('',#2405,#2463,#2465,.T.);
#2463 = VERTEX_POINT('',#2464);
#2464 = CARTESIAN_POINT('',(202.,-88.,153.));
#2465 = LINE('',#2466,#2467);
#2466 = CARTESIAN_POINT('',(194.,-88.,153.));
#2467 = VECTOR('',#2468,1.);
#2468 = DIRECTION('',(1.,0.,0.));
#2469 = ORIENTED_EDGE('',*,*,#2470,.F.);
#2470 = EDGE_CURVE('',#2454,#2463,#2471,.T.);
#2471 = LINE('',#2472,#2473);
#2472 = CARTESIAN_POINT('',(202.,-88.,100.));
#2473 = VECTOR('',#2474,1.);
#2474 = DIRECTION('',(0.,0.,1.));
#2475 = PLANE('',#2476);
#2476 = AXIS2_PLACEMENT_3D('',#2477,#2478,#2479);
#2477 = CARTESIAN_POINT('',(194.,-88.,100.));
#2478 = DIRECTION('',(0.,1.,0.));
#2479 = DIRECTION('',(0.,0.,1.));
#2480 = ADVANCED_FACE('',(#2481),#2499,.T.);
#2481 = FACE_BOUND('',#2482,.T.);
#2482 = EDGE_LOOP('',(#2483,#2484,#2485,#2493));
#2483 = ORIENTED_EDGE('',*,*,#2428,.F.);
#2484 = ORIENTED_EDGE('',*,*,#2462,.T.);
#2485 = ORIENTED_EDGE('',*,*,#2486,.T.);
#2486 = EDGE_CURVE('',#2463,#2487,#2489,.T.);
#2487 = VERTEX_POINT('',#2488);
#2488 = CARTESIAN_POINT('',(202.,-72.,153.));
#2489 = LINE('',#2490,#2491);
#2490 = CARTESIAN_POINT('',(202.,-88.,153.));
#2491 = VECTOR('',#2492,1.);
#2492 = DIRECTION('',(0.,1.,0.));
#2493 = ORIENTED_EDGE('',*,*,#2494,.F.);
#2494 = EDGE_CURVE('',#2421,#2487,#2495,.T.);
#2495 = LINE('',#2496,#2497);
#2496 = CARTESIAN_POINT('',(194.,-72.,153.));
#2497 = VECTOR('',#2498,1.);
#2498 = DIRECTION('',(1.,0.,0.));
#2499 = PLANE('',#2500);
#2500 = AXIS2_PLACEMENT_3D('',#2501,#2502,#2503);
#2501 = CARTESIAN_POINT('',(194.,-88.,153.));
#2502 = DIRECTION('',(0.,0.,1.));
#2503 = DIRECTION('',(1.,0.,0.));
#2504 = ADVANCED_FACE('',(#2505),#2523,.F.);
#2505 = FACE_BOUND('',#2506,.F.);
#2506 = EDGE_LOOP('',(#2507,#2508,#2509,#2517));
#2507 = ORIENTED_EDGE('',*,*,#2412,.F.);
#2508 = ORIENTED_EDGE('',*,*,#2453,.T.);
#2509 = ORIENTED_EDGE('',*,*,#2510,.T.);
#2510 = EDGE_CURVE('',#2454,#2511,#2513,.T.);
#2511 = VERTEX_POINT('',#2512);
#2512 = CARTESIAN_POINT('',(202.,-72.,100.));
#2513 = LINE('',#2514,#2515);
#2514 = CARTESIAN_POINT('',(202.,-88.,100.));
#2515 = VECTOR('',#2516,1.);
#2516 = DIRECTION('',(0.,1.,0.));
#2517 = ORIENTED_EDGE('',*,*,#2518,.F.);
#2518 = EDGE_CURVE('',#2413,#2511,#2519,.T.);
#2519 = LINE('',#2520,#2521);
#2520 = CARTESIAN_POINT('',(194.,-72.,100.));
#2521 = VECTOR('',#2522,1.);
#2522 = DIRECTION('',(1.,0.,0.));
#2523 = PLANE('',#2524);
#2524 = AXIS2_PLACEMENT_3D('',#2525,#2526,#2527);
#2525 = CARTESIAN_POINT('',(194.,-88.,100.));
#2526 = DIRECTION('',(0.,0.,1.));
#2527 = DIRECTION('',(1.,0.,0.));
#2528 = ADVANCED_FACE('',(#2529),#2540,.T.);
#2529 = FACE_BOUND('',#2530,.T.);
#2530 = EDGE_LOOP('',(#2531,#2532,#2533,#2534));
#2531 = ORIENTED_EDGE('',*,*,#2518,.F.);
#2532 = ORIENTED_EDGE('',*,*,#2420,.T.);
#2533 = ORIENTED_EDGE('',*,*,#2494,.T.);
#2534 = ORIENTED_EDGE('',*,*,#2535,.F.);
#2535 = EDGE_CURVE('',#2511,#2487,#2536,.T.);
#2536 = LINE('',#2537,#2538);
#2537 = CARTESIAN_POINT('',(202.,-72.,100.));
#2538 = VECTOR('',#2539,1.);
#2539 = DIRECTION('',(0.,0.,1.));
#2540 = PLANE('',#2541);
#2541 = AXIS2_PLACEMENT_3D('',#2542,#2543,#2544);
#2542 = CARTESIAN_POINT('',(194.,-72.,100.));
#2543 = DIRECTION('',(0.,1.,0.));
#2544 = DIRECTION('',(0.,0.,1.));
#2545 = ADVANCED_FACE('',(#2546),#2565,.F.);
#2546 = FACE_BOUND('',#2547,.F.);
#2547 = EDGE_LOOP('',(#2548,#2557,#2563,#2564));
#2548 = ORIENTED_EDGE('',*,*,#2549,.F.);
#2549 = EDGE_CURVE('',#2550,#2550,#2552,.T.);
#2550 = VERTEX_POINT('',#2551);
#2551 = CARTESIAN_POINT('',(202.,-80.,147.1));
#2552 = CIRCLE('',#2553,2.1);
#2553 = AXIS2_PLACEMENT_3D('',#2554,#2555,#2556);
#2554 = CARTESIAN_POINT('',(202.,-80.,145.));
#2555 = DIRECTION('',(1.,0.,-0.));
#2556 = DIRECTION('',(0.,0.,1.));
#2557 = ORIENTED_EDGE('',*,*,#2558,.F.);
#2558 = EDGE_CURVE('',#2437,#2550,#2559,.T.);
#2559 = LINE('',#2560,#2561);
#2560 = CARTESIAN_POINT('',(193.,-80.,147.1));
#2561 = VECTOR('',#2562,1.);
#2562 = DIRECTION('',(1.,0.,0.));
#2563 = ORIENTED_EDGE('',*,*,#2436,.T.);
#2564 = ORIENTED_EDGE('',*,*,#2558,.T.);
#2565 = CYLINDRICAL_SURFACE('',#2566,2.1);
#2566 = AXIS2_PLACEMENT_3D('',#2567,#2568,#2569);
#2567 = CARTESIAN_POINT('',(193.,-80.,145.));
#2568 = DIRECTION('',(1.,0.,0.));
#2569 = DIRECTION('',(0.,0.,1.));
#2570 = ADVANCED_FACE('',(#2571,#2577),#2580,.T.);
#2571 = FACE_BOUND('',#2572,.T.);
#2572 = EDGE_LOOP('',(#2573,#2574,#2575,#2576));
#2573 = ORIENTED_EDGE('',*,*,#2470,.F.);
#2574 = ORIENTED_EDGE('',*,*,#2510,.T.);
#2575 = ORIENTED_EDGE('',*,*,#2535,.T.);
#2576 = ORIENTED_EDGE('',*,*,#2486,.F.);
#2577 = FACE_BOUND('',#2578,.T.);
#2578 = EDGE_LOOP('',(#2579));
#2579 = ORIENTED_EDGE('',*,*,#2549,.F.);
#2580 = PLANE('',#2581);
#2581 = AXIS2_PLACEMENT_3D('',#2582,#2583,#2584);
#2582 = CARTESIAN_POINT('',(202.,-88.,100.));
#2583 = DIRECTION('',(1.,0.,0.));
#2584 = DIRECTION('',(0.,0.,1.));
#2585 = MANIFOLD_SOLID_BREP('',#2586);
#2586 = CLOSED_SHELL('',(#2587,#2620,#2629));
#2587 = ADVANCED_FACE('',(#2588),#2615,.T.);
#2588 = FACE_BOUND('',#2589,.T.);
#2589 = EDGE_LOOP('',(#2590,#2599,#2607,#2614));
#2590 = ORIENTED_EDGE('',*,*,#2591,.F.);
#2591 = EDGE_CURVE('',#2592,#2592,#2594,.T.);
#2592 = VERTEX_POINT('',#2593);
#2593 = CARTESIAN_POINT('',(180.,-163.0730695653,104.88622290306));
#2594 = CIRCLE('',#2595,5.);
#2595 = AXIS2_PLACEMENT_3D('',#2596,#2597,#2598);
#2596 = CARTESIAN_POINT('',(180.,-165.,109.5));
#2597 = DIRECTION('',(0.2619237387,-0.890540711579,-0.371931708954));
#2598 = DIRECTION('',(2.631224163001E-17,0.38538608692,-0.922755419387)
  );
#2599 = ORIENTED_EDGE('',*,*,#2600,.F.);
#2600 = EDGE_CURVE('',#2601,#2592,#2603,.T.);
#2601 = VERTEX_POINT('',#2602);
#2602 = CARTESIAN_POINT('',(155.,-78.07306956539,140.38622290306));
#2603 = LINE('',#2604,#2605);
#2604 = CARTESIAN_POINT('',(155.,-78.07306956539,140.38622290306));
#2605 = VECTOR('',#2606,1.);
#2606 = DIRECTION('',(0.2619237387,-0.890540711579,-0.371931708954));
#2607 = ORIENTED_EDGE('',*,*,#2608,.T.);
#2608 = EDGE_CURVE('',#2601,#2601,#2609,.T.);
#2609 = CIRCLE('',#2610,5.);
#2610 = AXIS2_PLACEMENT_3D('',#2611,#2612,#2613);
#2611 = CARTESIAN_POINT('',(155.,-80.,145.));
#2612 = DIRECTION('',(0.2619237387,-0.890540711579,-0.371931708954));
#2613 = DIRECTION('',(2.631224163001E-17,0.38538608692,-0.922755419387)
  );
#2614 = ORIENTED_EDGE('',*,*,#2600,.T.);
#2615 = CYLINDRICAL_SURFACE('',#2616,5.);
#2616 = AXIS2_PLACEMENT_3D('',#2617,#2618,#2619);
#2617 = CARTESIAN_POINT('',(155.,-80.,145.));
#2618 = DIRECTION('',(0.2619237387,-0.890540711579,-0.371931708954));
#2619 = DIRECTION('',(1.395350660049E-17,0.38538608692,-0.922755419387)
  );
#2620 = ADVANCED_FACE('',(#2621),#2624,.T.);
#2621 = FACE_BOUND('',#2622,.T.);
#2622 = EDGE_LOOP('',(#2623));
#2623 = ORIENTED_EDGE('',*,*,#2591,.T.);
#2624 = PLANE('',#2625);
#2625 = AXIS2_PLACEMENT_3D('',#2626,#2627,#2628);
#2626 = CARTESIAN_POINT('',(180.,-165.,109.5));
#2627 = DIRECTION('',(0.2619237387,-0.890540711579,-0.371931708954));
#2628 = DIRECTION('',(1.395350660049E-17,0.38538608692,-0.922755419387)
  );
#2629 = ADVANCED_FACE('',(#2630),#2633,.F.);
#2630 = FACE_BOUND('',#2631,.T.);
#2631 = EDGE_LOOP('',(#2632));
#2632 = ORIENTED_EDGE('',*,*,#2608,.F.);
#2633 = PLANE('',#2634);
#2634 = AXIS2_PLACEMENT_3D('',#2635,#2636,#2637);
#2635 = CARTESIAN_POINT('',(155.,-80.,145.));
#2636 = DIRECTION('',(0.2619237387,-0.890540711579,-0.371931708954));
#2637 = DIRECTION('',(1.395350660049E-17,0.38538608692,-0.922755419387)
  );
#2638 = MANIFOLD_SOLID_BREP('',#2639);
#2639 = CLOSED_SHELL('',(#2640,#2673,#2682));
#2640 = ADVANCED_FACE('',(#2641),#2668,.T.);
#2641 = FACE_BOUND('',#2642,.T.);
#2642 = EDGE_LOOP('',(#2643,#2652,#2660,#2667));
#2643 = ORIENTED_EDGE('',*,*,#2644,.F.);
#2644 = EDGE_CURVE('',#2645,#2645,#2647,.T.);
#2645 = VERTEX_POINT('',#2646);
#2646 = CARTESIAN_POINT('',(180.,-163.0730695653,104.88622290306));
#2647 = CIRCLE('',#2648,5.);
#2648 = AXIS2_PLACEMENT_3D('',#2649,#2650,#2651);
#2649 = CARTESIAN_POINT('',(180.,-165.,109.5));
#2650 = DIRECTION('',(-0.2619237387,-0.890540711579,-0.371931708954));
#2651 = DIRECTION('',(-2.631224163001E-17,0.38538608692,-0.922755419387)
  );
#2652 = ORIENTED_EDGE('',*,*,#2653,.F.);
#2653 = EDGE_CURVE('',#2654,#2645,#2656,.T.);
#2654 = VERTEX_POINT('',#2655);
#2655 = CARTESIAN_POINT('',(205.,-78.07306956539,140.38622290306));
#2656 = LINE('',#2657,#2658);
#2657 = CARTESIAN_POINT('',(205.,-78.07306956539,140.38622290306));
#2658 = VECTOR('',#2659,1.);
#2659 = DIRECTION('',(-0.2619237387,-0.890540711579,-0.371931708954));
#2660 = ORIENTED_EDGE('',*,*,#2661,.T.);
#2661 = EDGE_CURVE('',#2654,#2654,#2662,.T.);
#2662 = CIRCLE('',#2663,5.);
#2663 = AXIS2_PLACEMENT_3D('',#2664,#2665,#2666);
#2664 = CARTESIAN_POINT('',(205.,-80.,145.));
#2665 = DIRECTION('',(-0.2619237387,-0.890540711579,-0.371931708954));
#2666 = DIRECTION('',(-2.631224163001E-17,0.38538608692,-0.922755419387)
  );
#2667 = ORIENTED_EDGE('',*,*,#2653,.T.);
#2668 = CYLINDRICAL_SURFACE('',#2669,5.);
#2669 = AXIS2_PLACEMENT_3D('',#2670,#2671,#2672);
#2670 = CARTESIAN_POINT('',(205.,-80.,145.));
#2671 = DIRECTION('',(-0.2619237387,-0.890540711579,-0.371931708954));
#2672 = DIRECTION('',(-1.395350660049E-17,0.38538608692,-0.922755419387)
  );
#2673 = ADVANCED_FACE('',(#2674),#2677,.T.);
#2674 = FACE_BOUND('',#2675,.T.);
#2675 = EDGE_LOOP('',(#2676));
#2676 = ORIENTED_EDGE('',*,*,#2644,.T.);
#2677 = PLANE('',#2678);
#2678 = AXIS2_PLACEMENT_3D('',#2679,#2680,#2681);
#2679 = CARTESIAN_POINT('',(180.,-165.,109.5));
#2680 = DIRECTION('',(-0.2619237387,-0.890540711579,-0.371931708954));
#2681 = DIRECTION('',(-1.395350660049E-17,0.38538608692,-0.922755419387)
  );
#2682 = ADVANCED_FACE('',(#2683),#2686,.F.);
#2683 = FACE_BOUND('',#2684,.T.);
#2684 = EDGE_LOOP('',(#2685));
#2685 = ORIENTED_EDGE('',*,*,#2661,.F.);
#2686 = PLANE('',#2687);
#2687 = AXIS2_PLACEMENT_3D('',#2688,#2689,#2690);
#2688 = CARTESIAN_POINT('',(205.,-80.,145.));
#2689 = DIRECTION('',(-0.2619237387,-0.890540711579,-0.371931708954));
#2690 = DIRECTION('',(-1.395350660049E-17,0.38538608692,-0.922755419387)
  );
#2691 = MANIFOLD_SOLID_BREP('',#2692);
#2692 = CLOSED_SHELL('',(#2693,#2733,#2775,#2799,#2834,#2851,#2863));
#2693 = ADVANCED_FACE('',(#2694),#2728,.F.);
#2694 = FACE_BOUND('',#2695,.F.);
#2695 = EDGE_LOOP('',(#2696,#2706,#2714,#2722));
#2696 = ORIENTED_EDGE('',*,*,#2697,.F.);
#2697 = EDGE_CURVE('',#2698,#2700,#2702,.T.);
#2698 = VERTEX_POINT('',#2699);
#2699 = CARTESIAN_POINT('',(168.,-173.,64.5));
#2700 = VERTEX_POINT('',#2701);
#2701 = CARTESIAN_POINT('',(168.,-173.,109.5));
#2702 = LINE('',#2703,#2704);
#2703 = CARTESIAN_POINT('',(168.,-173.,64.5));
#2704 = VECTOR('',#2705,1.);
#2705 = DIRECTION('',(0.,0.,1.));
#2706 = ORIENTED_EDGE('',*,*,#2707,.T.);
#2707 = EDGE_CURVE('',#2698,#2708,#2710,.T.);
#2708 = VERTEX_POINT('',#2709);
#2709 = CARTESIAN_POINT('',(168.,-157.,64.5));
#2710 = LINE('',#2711,#2712);
#2711 = CARTESIAN_POINT('',(168.,-173.,64.5));
#2712 = VECTOR('',#2713,1.);
#2713 = DIRECTION('',(0.,1.,0.));
#2714 = ORIENTED_EDGE('',*,*,#2715,.T.);
#2715 = EDGE_CURVE('',#2708,#2716,#2718,.T.);
#2716 = VERTEX_POINT('',#2717);
#2717 = CARTESIAN_POINT('',(168.,-157.,109.5));
#2718 = LINE('',#2719,#2720);
#2719 = CARTESIAN_POINT('',(168.,-157.,64.5));
#2720 = VECTOR('',#2721,1.);
#2721 = DIRECTION('',(0.,0.,1.));
#2722 = ORIENTED_EDGE('',*,*,#2723,.F.);
#2723 = EDGE_CURVE('',#2700,#2716,#2724,.T.);
#2724 = LINE('',#2725,#2726);
#2725 = CARTESIAN_POINT('',(168.,-173.,109.5));
#2726 = VECTOR('',#2727,1.);
#2727 = DIRECTION('',(0.,1.,0.));
#2728 = PLANE('',#2729);
#2729 = AXIS2_PLACEMENT_3D('',#2730,#2731,#2732);
#2730 = CARTESIAN_POINT('',(168.,-173.,64.5));
#2731 = DIRECTION('',(1.,0.,0.));
#2732 = DIRECTION('',(0.,0.,1.));
#2733 = ADVANCED_FACE('',(#2734,#2759),#2770,.F.);
#2734 = FACE_BOUND('',#2735,.F.);
#2735 = EDGE_LOOP('',(#2736,#2744,#2745,#2753));
#2736 = ORIENTED_EDGE('',*,*,#2737,.F.);
#2737 = EDGE_CURVE('',#2698,#2738,#2740,.T.);
#2738 = VERTEX_POINT('',#2739);
#2739 = CARTESIAN_POINT('',(192.,-173.,64.5));
#2740 = LINE('',#2741,#2742);
#2741 = CARTESIAN_POINT('',(168.,-173.,64.5));
#2742 = VECTOR('',#2743,1.);
#2743 = DIRECTION('',(1.,0.,0.));
#2744 = ORIENTED_EDGE('',*,*,#2697,.T.);
#2745 = ORIENTED_EDGE('',*,*,#2746,.T.);
#2746 = EDGE_CURVE('',#2700,#2747,#2749,.T.);
#2747 = VERTEX_POINT('',#2748);
#2748 = CARTESIAN_POINT('',(192.,-173.,109.5));
#2749 = LINE('',#2750,#2751);
#2750 = CARTESIAN_POINT('',(168.,-173.,109.5));
#2751 = VECTOR('',#2752,1.);
#2752 = DIRECTION('',(1.,0.,0.));
#2753 = ORIENTED_EDGE('',*,*,#2754,.F.);
#2754 = EDGE_CURVE('',#2738,#2747,#2755,.T.);
#2755 = LINE('',#2756,#2757);
#2756 = CARTESIAN_POINT('',(192.,-173.,64.5));
#2757 = VECTOR('',#2758,1.);
#2758 = DIRECTION('',(0.,0.,1.));
#2759 = FACE_BOUND('',#2760,.F.);
#2760 = EDGE_LOOP('',(#2761));
#2761 = ORIENTED_EDGE('',*,*,#2762,.T.);
#2762 = EDGE_CURVE('',#2763,#2763,#2765,.T.);
#2763 = VERTEX_POINT('',#2764);
#2764 = CARTESIAN_POINT('',(180.,-173.,73.5));
#2765 = CIRCLE('',#2766,11.);
#2766 = AXIS2_PLACEMENT_3D('',#2767,#2768,#2769);
#2767 = CARTESIAN_POINT('',(180.,-173.,84.5));
#2768 = DIRECTION('',(0.,-1.,0.));
#2769 = DIRECTION('',(0.,0.,-1.));
#2770 = PLANE('',#2771);
#2771 = AXIS2_PLACEMENT_3D('',#2772,#2773,#2774);
#2772 = CARTESIAN_POINT('',(168.,-173.,64.5));
#2773 = DIRECTION('',(0.,1.,0.));
#2774 = DIRECTION('',(0.,0.,1.));
#2775 = ADVANCED_FACE('',(#2776),#2794,.T.);
#2776 = FACE_BOUND('',#2777,.T.);
#2777 = EDGE_LOOP('',(#2778,#2779,#2780,#2788));
#2778 = ORIENTED_EDGE('',*,*,#2723,.F.);
#2779 = ORIENTED_EDGE('',*,*,#2746,.T.);
#2780 = ORIENTED_EDGE('',*,*,#2781,.T.);
#2781 = EDGE_CURVE('',#2747,#2782,#2784,.T.);
#2782 = VERTEX_POINT('',#2783);
#2783 = CARTESIAN_POINT('',(192.,-157.,109.5));
#2784 = LINE('',#2785,#2786);
#2785 = CARTESIAN_POINT('',(192.,-173.,109.5));
#2786 = VECTOR('',#2787,1.);
#2787 = DIRECTION('',(0.,1.,0.));
#2788 = ORIENTED_EDGE('',*,*,#2789,.F.);
#2789 = EDGE_CURVE('',#2716,#2782,#2790,.T.);
#2790 = LINE('',#2791,#2792);
#2791 = CARTESIAN_POINT('',(168.,-157.,109.5));
#2792 = VECTOR('',#2793,1.);
#2793 = DIRECTION('',(1.,0.,0.));
#2794 = PLANE('',#2795);
#2795 = AXIS2_PLACEMENT_3D('',#2796,#2797,#2798);
#2796 = CARTESIAN_POINT('',(168.,-173.,109.5));
#2797 = DIRECTION('',(0.,0.,1.));
#2798 = DIRECTION('',(1.,0.,0.));
#2799 = ADVANCED_FACE('',(#2800,#2818),#2829,.T.);
#2800 = FACE_BOUND('',#2801,.T.);
#2801 = EDGE_LOOP('',(#2802,#2810,#2811,#2812));
#2802 = ORIENTED_EDGE('',*,*,#2803,.F.);
#2803 = EDGE_CURVE('',#2708,#2804,#2806,.T.);
#2804 = VERTEX_POINT('',#2805);
#2805 = CARTESIAN_POINT('',(192.,-157.,64.5));
#2806 = LINE('',#2807,#2808);
#2807 = CARTESIAN_POINT('',(168.,-157.,64.5));
#2808 = VECTOR('',#2809,1.);
#2809 = DIRECTION('',(1.,0.,0.));
#2810 = ORIENTED_EDGE('',*,*,#2715,.T.);
#2811 = ORIENTED_EDGE('',*,*,#2789,.T.);
#2812 = ORIENTED_EDGE('',*,*,#2813,.F.);
#2813 = EDGE_CURVE('',#2804,#2782,#2814,.T.);
#2814 = LINE('',#2815,#2816);
#2815 = CARTESIAN_POINT('',(192.,-157.,64.5));
#2816 = VECTOR('',#2817,1.);
#2817 = DIRECTION('',(0.,0.,1.));
#2818 = FACE_BOUND('',#2819,.T.);
#2819 = EDGE_LOOP('',(#2820));
#2820 = ORIENTED_EDGE('',*,*,#2821,.T.);
#2821 = EDGE_CURVE('',#2822,#2822,#2824,.T.);
#2822 = VERTEX_POINT('',#2823);
#2823 = CARTESIAN_POINT('',(180.,-157.,73.5));
#2824 = CIRCLE('',#2825,11.);
#2825 = AXIS2_PLACEMENT_3D('',#2826,#2827,#2828);
#2826 = CARTESIAN_POINT('',(180.,-157.,84.5));
#2827 = DIRECTION('',(0.,-1.,0.));
#2828 = DIRECTION('',(0.,0.,-1.));
#2829 = PLANE('',#2830);
#2830 = AXIS2_PLACEMENT_3D('',#2831,#2832,#2833);
#2831 = CARTESIAN_POINT('',(168.,-157.,64.5));
#2832 = DIRECTION('',(0.,1.,0.));
#2833 = DIRECTION('',(0.,0.,1.));
#2834 = ADVANCED_FACE('',(#2835),#2846,.F.);
#2835 = FACE_BOUND('',#2836,.F.);
#2836 = EDGE_LOOP('',(#2837,#2838,#2839,#2845));
#2837 = ORIENTED_EDGE('',*,*,#2707,.F.);
#2838 = ORIENTED_EDGE('',*,*,#2737,.T.);
#2839 = ORIENTED_EDGE('',*,*,#2840,.T.);
#2840 = EDGE_CURVE('',#2738,#2804,#2841,.T.);
#2841 = LINE('',#2842,#2843);
#2842 = CARTESIAN_POINT('',(192.,-173.,64.5));
#2843 = VECTOR('',#2844,1.);
#2844 = DIRECTION('',(0.,1.,0.));
#2845 = ORIENTED_EDGE('',*,*,#2803,.F.);
#2846 = PLANE('',#2847);
#2847 = AXIS2_PLACEMENT_3D('',#2848,#2849,#2850);
#2848 = CARTESIAN_POINT('',(168.,-173.,64.5));
#2849 = DIRECTION('',(0.,0.,1.));
#2850 = DIRECTION('',(1.,0.,0.));
#2851 = ADVANCED_FACE('',(#2852),#2858,.T.);
#2852 = FACE_BOUND('',#2853,.T.);
#2853 = EDGE_LOOP('',(#2854,#2855,#2856,#2857));
#2854 = ORIENTED_EDGE('',*,*,#2754,.F.);
#2855 = ORIENTED_EDGE('',*,*,#2840,.T.);
#2856 = ORIENTED_EDGE('',*,*,#2813,.T.);
#2857 = ORIENTED_EDGE('',*,*,#2781,.F.);
#2858 = PLANE('',#2859);
#2859 = AXIS2_PLACEMENT_3D('',#2860,#2861,#2862);
#2860 = CARTESIAN_POINT('',(192.,-173.,64.5));
#2861 = DIRECTION('',(1.,0.,0.));
#2862 = DIRECTION('',(0.,0.,1.));
#2863 = ADVANCED_FACE('',(#2864),#2875,.F.);
#2864 = FACE_BOUND('',#2865,.F.);
#2865 = EDGE_LOOP('',(#2866,#2867,#2873,#2874));
#2866 = ORIENTED_EDGE('',*,*,#2762,.F.);
#2867 = ORIENTED_EDGE('',*,*,#2868,.F.);
#2868 = EDGE_CURVE('',#2822,#2763,#2869,.T.);
#2869 = LINE('',#2870,#2871);
#2870 = CARTESIAN_POINT('',(180.,-150.,73.5));
#2871 = VECTOR('',#2872,1.);
#2872 = DIRECTION('',(0.,-1.,0.));
#2873 = ORIENTED_EDGE('',*,*,#2821,.T.);
#2874 = ORIENTED_EDGE('',*,*,#2868,.T.);
#2875 = CYLINDRICAL_SURFACE('',#2876,11.);
#2876 = AXIS2_PLACEMENT_3D('',#2877,#2878,#2879);
#2877 = CARTESIAN_POINT('',(180.,-150.,84.5));
#2878 = DIRECTION('',(0.,-1.,0.));
#2879 = DIRECTION('',(0.,0.,-1.));
#2880 = MANIFOLD_SOLID_BREP('',#2881);
#2881 = CLOSED_SHELL('',(#2882,#2903,#2928));
#2882 = ADVANCED_FACE('',(#2883,#2887),#2898,.T.);
#2883 = FACE_BOUND('',#2884,.T.);
#2884 = VERTEX_LOOP('',#2885);
#2885 = VERTEX_POINT('',#2886);
#2886 = CARTESIAN_POINT('',(180.,-165.,71.5));
#2887 = FACE_BOUND('',#2888,.T.);
#2888 = EDGE_LOOP('',(#2889));
#2889 = ORIENTED_EDGE('',*,*,#2890,.T.);
#2890 = EDGE_CURVE('',#2891,#2891,#2893,.T.);
#2891 = VERTEX_POINT('',#2892);
#2892 = CARTESIAN_POINT('',(180.,-158.6754446796,61.5));
#2893 = CIRCLE('',#2894,3.);
#2894 = AXIS2_PLACEMENT_3D('',#2895,#2896,#2897);
#2895 = CARTESIAN_POINT('',(180.,-158.6754446796,64.5));
#2896 = DIRECTION('',(0.,-1.,0.));
#2897 = DIRECTION('',(0.,0.,-1.));
#2898 = SPHERICAL_SURFACE('',#2899,7.);
#2899 = AXIS2_PLACEMENT_3D('',#2900,#2901,#2902);
#2900 = CARTESIAN_POINT('',(180.,-165.,64.5));
#2901 = DIRECTION('',(0.,0.,1.));
#2902 = DIRECTION('',(1.,0.,0.));
#2903 = ADVANCED_FACE('',(#2904),#2923,.T.);
#2904 = FACE_BOUND('',#2905,.T.);
#2905 = EDGE_LOOP('',(#2906,#2907,#2915,#2922));
#2906 = ORIENTED_EDGE('',*,*,#2890,.F.);
#2907 = ORIENTED_EDGE('',*,*,#2908,.F.);
#2908 = EDGE_CURVE('',#2909,#2891,#2911,.T.);
#2909 = VERTEX_POINT('',#2910);
#2910 = CARTESIAN_POINT('',(180.,-137.,61.5));
#2911 = LINE('',#2912,#2913);
#2912 = CARTESIAN_POINT('',(180.,-137.,61.5));
#2913 = VECTOR('',#2914,1.);
#2914 = DIRECTION('',(0.,-1.,0.));
#2915 = ORIENTED_EDGE('',*,*,#2916,.T.);
#2916 = EDGE_CURVE('',#2909,#2909,#2917,.T.);
#2917 = CIRCLE('',#2918,3.);
#2918 = AXIS2_PLACEMENT_3D('',#2919,#2920,#2921);
#2919 = CARTESIAN_POINT('',(180.,-137.,64.5));
#2920 = DIRECTION('',(0.,-1.,0.));
#2921 = DIRECTION('',(0.,0.,-1.));
#2922 = ORIENTED_EDGE('',*,*,#2908,.T.);
#2923 = CYLINDRICAL_SURFACE('',#2924,3.);
#2924 = AXIS2_PLACEMENT_3D('',#2925,#2926,#2927);
#2925 = CARTESIAN_POINT('',(180.,-137.,64.5));
#2926 = DIRECTION('',(0.,-1.,0.));
#2927 = DIRECTION('',(0.,0.,-1.));
#2928 = ADVANCED_FACE('',(#2929),#2932,.F.);
#2929 = FACE_BOUND('',#2930,.T.);
#2930 = EDGE_LOOP('',(#2931));
#2931 = ORIENTED_EDGE('',*,*,#2916,.F.);
#2932 = PLANE('',#2933);
#2933 = AXIS2_PLACEMENT_3D('',#2934,#2935,#2936);
#2934 = CARTESIAN_POINT('',(180.,-137.,64.5));
#2935 = DIRECTION('',(0.,-1.,0.));
#2936 = DIRECTION('',(0.,0.,-1.));
#2937 = MANIFOLD_SOLID_BREP('',#2938);
#2938 = CLOSED_SHELL('',(#2939,#2960,#2985));
#2939 = ADVANCED_FACE('',(#2940,#2944),#2955,.T.);
#2940 = FACE_BOUND('',#2941,.T.);
#2941 = VERTEX_LOOP('',#2942);
#2942 = VERTEX_POINT('',#2943);
#2943 = CARTESIAN_POINT('',(180.,-165.,116.5));
#2944 = FACE_BOUND('',#2945,.T.);
#2945 = EDGE_LOOP('',(#2946));
#2946 = ORIENTED_EDGE('',*,*,#2947,.T.);
#2947 = EDGE_CURVE('',#2948,#2948,#2950,.T.);
#2948 = VERTEX_POINT('',#2949);
#2949 = CARTESIAN_POINT('',(180.,-158.6754446796,106.5));
#2950 = CIRCLE('',#2951,3.);
#2951 = AXIS2_PLACEMENT_3D('',#2952,#2953,#2954);
#2952 = CARTESIAN_POINT('',(180.,-158.6754446796,109.5));
#2953 = DIRECTION('',(0.,-1.,0.));
#2954 = DIRECTION('',(0.,0.,-1.));
#2955 = SPHERICAL_SURFACE('',#2956,7.);
#2956 = AXIS2_PLACEMENT_3D('',#2957,#2958,#2959);
#2957 = CARTESIAN_POINT('',(180.,-165.,109.5));
#2958 = DIRECTION('',(0.,0.,1.));
#2959 = DIRECTION('',(1.,0.,0.));
#2960 = ADVANCED_FACE('',(#2961),#2980,.T.);
#2961 = FACE_BOUND('',#2962,.T.);
#2962 = EDGE_LOOP('',(#2963,#2964,#2972,#2979));
#2963 = ORIENTED_EDGE('',*,*,#2947,.F.);
#2964 = ORIENTED_EDGE('',*,*,#2965,.F.);
#2965 = EDGE_CURVE('',#2966,#2948,#2968,.T.);
#2966 = VERTEX_POINT('',#2967);
#2967 = CARTESIAN_POINT('',(180.,-137.,106.5));
#2968 = LINE('',#2969,#2970);
#2969 = CARTESIAN_POINT('',(180.,-137.,106.5));
#2970 = VECTOR('',#2971,1.);
#2971 = DIRECTION('',(0.,-1.,0.));
#2972 = ORIENTED_EDGE('',*,*,#2973,.T.);
#2973 = EDGE_CURVE('',#2966,#2966,#2974,.T.);
#2974 = CIRCLE('',#2975,3.);
#2975 = AXIS2_PLACEMENT_3D('',#2976,#2977,#2978);
#2976 = CARTESIAN_POINT('',(180.,-137.,109.5));
#2977 = DIRECTION('',(0.,-1.,0.));
#2978 = DIRECTION('',(0.,0.,-1.));
#2979 = ORIENTED_EDGE('',*,*,#2965,.T.);
#2980 = CYLINDRICAL_SURFACE('',#2981,3.);
#2981 = AXIS2_PLACEMENT_3D('',#2982,#2983,#2984);
#2982 = CARTESIAN_POINT('',(180.,-137.,109.5));
#2983 = DIRECTION('',(0.,-1.,0.));
#2984 = DIRECTION('',(0.,0.,-1.));
#2985 = ADVANCED_FACE('',(#2986),#2989,.F.);
#2986 = FACE_BOUND('',#2987,.T.);
#2987 = EDGE_LOOP('',(#2988));
#2988 = ORIENTED_EDGE('',*,*,#2973,.F.);
#2989 = PLANE('',#2990);
#2990 = AXIS2_PLACEMENT_3D('',#2991,#2992,#2993);
#2991 = CARTESIAN_POINT('',(180.,-137.,109.5));
#2992 = DIRECTION('',(0.,-1.,0.));
#2993 = DIRECTION('',(0.,0.,-1.));
#2994 = MANIFOLD_SOLID_BREP('',#2995);
#2995 = CLOSED_SHELL('',(#2996,#3029,#3038));
#2996 = ADVANCED_FACE('',(#2997),#3024,.T.);
#2997 = FACE_BOUND('',#2998,.T.);
#2998 = EDGE_LOOP('',(#2999,#3008,#3016,#3023));
#2999 = ORIENTED_EDGE('',*,*,#3000,.F.);
#3000 = EDGE_CURVE('',#3001,#3001,#3003,.T.);
#3001 = VERTEX_POINT('',#3002);
#3002 = CARTESIAN_POINT('',(137.,-102.624634531,192.87413308293));
#3003 = CIRCLE('',#3004,2.5);
#3004 = AXIS2_PLACEMENT_3D('',#3005,#3006,#3007);
#3005 = CARTESIAN_POINT('',(137.,-105.,193.6536450385));
#3006 = DIRECTION('',(-0.217391304348,0.304347826087,0.927423000335));
#3007 = DIRECTION('',(-1.350813400693E-17,0.950146187583,-0.311804782231
    ));
#3008 = ORIENTED_EDGE('',*,*,#3009,.F.);
#3009 = EDGE_CURVE('',#3010,#3001,#3012,.T.);
#3010 = VERTEX_POINT('',#3011);
#3011 = CARTESIAN_POINT('',(162.,-137.624634531,86.220488044422));
#3012 = LINE('',#3013,#3014);
#3013 = CARTESIAN_POINT('',(162.,-137.624634531,86.220488044422));
#3014 = VECTOR('',#3015,1.);
#3015 = DIRECTION('',(-0.217391304348,0.304347826087,0.927423000335));
#3016 = ORIENTED_EDGE('',*,*,#3017,.T.);
#3017 = EDGE_CURVE('',#3010,#3010,#3018,.T.);
#3018 = CIRCLE('',#3019,2.5);
#3019 = AXIS2_PLACEMENT_3D('',#3020,#3021,#3022);
#3020 = CARTESIAN_POINT('',(162.,-140.,87.));
#3021 = DIRECTION('',(-0.217391304348,0.304347826087,0.927423000335));
#3022 = DIRECTION('',(-1.350813400693E-17,0.950146187583,-0.311804782231
    ));
#3023 = ORIENTED_EDGE('',*,*,#3009,.T.);
#3024 = CYLINDRICAL_SURFACE('',#3025,2.5);
#3025 = AXIS2_PLACEMENT_3D('',#3026,#3027,#3028);
#3026 = CARTESIAN_POINT('',(162.,-140.,87.));
#3027 = DIRECTION('',(-0.217391304348,0.304347826087,0.927423000335));
#3028 = DIRECTION('',(-1.350813400693E-17,0.950146187583,-0.311804782231
    ));
#3029 = ADVANCED_FACE('',(#3030),#3033,.T.);
#3030 = FACE_BOUND('',#3031,.T.);
#3031 = EDGE_LOOP('',(#3032));
#3032 = ORIENTED_EDGE('',*,*,#3000,.T.);
#3033 = PLANE('',#3034);
#3034 = AXIS2_PLACEMENT_3D('',#3035,#3036,#3037);
#3035 = CARTESIAN_POINT('',(137.,-105.,193.6536450385));
#3036 = DIRECTION('',(-0.217391304348,0.304347826087,0.927423000335));
#3037 = DIRECTION('',(-1.350813400693E-17,0.950146187583,-0.311804782231
    ));
#3038 = ADVANCED_FACE('',(#3039),#3042,.F.);
#3039 = FACE_BOUND('',#3040,.T.);
#3040 = EDGE_LOOP('',(#3041));
#3041 = ORIENTED_EDGE('',*,*,#3017,.F.);
#3042 = PLANE('',#3043);
#3043 = AXIS2_PLACEMENT_3D('',#3044,#3045,#3046);
#3044 = CARTESIAN_POINT('',(162.,-140.,87.));
#3045 = DIRECTION('',(-0.217391304348,0.304347826087,0.927423000335));
#3046 = DIRECTION('',(-1.350813400693E-17,0.950146187583,-0.311804782231
    ));
#3047 = MANIFOLD_SOLID_BREP('',#3048);
#3048 = CLOSED_SHELL('',(#3049,#3082,#3091));
#3049 = ADVANCED_FACE('',(#3050),#3077,.T.);
#3050 = FACE_BOUND('',#3051,.T.);
#3051 = EDGE_LOOP('',(#3052,#3061,#3069,#3076));
#3052 = ORIENTED_EDGE('',*,*,#3053,.F.);
#3053 = EDGE_CURVE('',#3054,#3054,#3056,.T.);
#3054 = VERTEX_POINT('',#3055);
#3055 = CARTESIAN_POINT('',(137.,-96.44868431175,190.84740199842));
#3056 = CIRCLE('',#3057,9.);
#3057 = AXIS2_PLACEMENT_3D('',#3058,#3059,#3060);
#3058 = CARTESIAN_POINT('',(137.,-105.,193.6536450385));
#3059 = DIRECTION('',(-0.217391304348,0.304347826087,0.927423000335));
#3060 = DIRECTION('',(-1.350813400693E-17,0.950146187583,-0.311804782231
    ));
#3061 = ORIENTED_EDGE('',*,*,#3062,.F.);
#3062 = EDGE_CURVE('',#3063,#3054,#3065,.T.);
#3063 = VERTEX_POINT('',#3064);
#3064 = CARTESIAN_POINT('',(154.5,-120.9486843117,116.18985047147));
#3065 = LINE('',#3066,#3067);
#3066 = CARTESIAN_POINT('',(154.5,-120.9486843117,116.18985047147));
#3067 = VECTOR('',#3068,1.);
#3068 = DIRECTION('',(-0.217391304348,0.304347826087,0.927423000335));
#3069 = ORIENTED_EDGE('',*,*,#3070,.T.);
#3070 = EDGE_CURVE('',#3063,#3063,#3071,.T.);
#3071 = CIRCLE('',#3072,9.);
#3072 = AXIS2_PLACEMENT_3D('',#3073,#3074,#3075);
#3073 = CARTESIAN_POINT('',(154.5,-129.5,118.99609351155));
#3074 = DIRECTION('',(-0.217391304348,0.304347826087,0.927423000335));
#3075 = DIRECTION('',(-1.350813400693E-17,0.950146187583,-0.311804782231
    ));
#3076 = ORIENTED_EDGE('',*,*,#3062,.T.);
#3077 = CYLINDRICAL_SURFACE('',#3078,9.);
#3078 = AXIS2_PLACEMENT_3D('',#3079,#3080,#3081);
#3079 = CARTESIAN_POINT('',(154.5,-129.5,118.99609351155));
#3080 = DIRECTION('',(-0.217391304348,0.304347826087,0.927423000335));
#3081 = DIRECTION('',(-1.350813400693E-17,0.950146187583,-0.311804782231
    ));
#3082 = ADVANCED_FACE('',(#3083),#3086,.T.);
#3083 = FACE_BOUND('',#3084,.T.);
#3084 = EDGE_LOOP('',(#3085));
#3085 = ORIENTED_EDGE('',*,*,#3053,.T.);
#3086 = PLANE('',#3087);
#3087 = AXIS2_PLACEMENT_3D('',#3088,#3089,#3090);
#3088 = CARTESIAN_POINT('',(137.,-105.,193.6536450385));
#3089 = DIRECTION('',(-0.217391304348,0.304347826087,0.927423000335));
#3090 = DIRECTION('',(-1.350813400693E-17,0.950146187583,-0.311804782231
    ));
#3091 = ADVANCED_FACE('',(#3092),#3095,.F.);
#3092 = FACE_BOUND('',#3093,.T.);
#3093 = EDGE_LOOP('',(#3094));
#3094 = ORIENTED_EDGE('',*,*,#3070,.F.);
#3095 = PLANE('',#3096);
#3096 = AXIS2_PLACEMENT_3D('',#3097,#3098,#3099);
#3097 = CARTESIAN_POINT('',(154.5,-129.5,118.99609351155));
#3098 = DIRECTION('',(-0.217391304348,0.304347826087,0.927423000335));
#3099 = DIRECTION('',(-1.350813400693E-17,0.950146187583,-0.311804782231
    ));
#3100 = MANIFOLD_SOLID_BREP('',#3101);
#3101 = CLOSED_SHELL('',(#3102,#3142,#3182,#3204,#3226,#3238));
#3102 = ADVANCED_FACE('',(#3103),#3137,.F.);
#3103 = FACE_BOUND('',#3104,.F.);
#3104 = EDGE_LOOP('',(#3105,#3115,#3123,#3131));
#3105 = ORIENTED_EDGE('',*,*,#3106,.F.);
#3106 = EDGE_CURVE('',#3107,#3109,#3111,.T.);
#3107 = VERTEX_POINT('',#3108);
#3108 = CARTESIAN_POINT('',(130.,-111.,100.));
#3109 = VERTEX_POINT('',#3110);
#3110 = CARTESIAN_POINT('',(130.,-111.,200.6536450385));
#3111 = LINE('',#3112,#3113);
#3112 = CARTESIAN_POINT('',(130.,-111.,100.));
#3113 = VECTOR('',#3114,1.);
#3114 = DIRECTION('',(0.,0.,1.));
#3115 = ORIENTED_EDGE('',*,*,#3116,.T.);
#3116 = EDGE_CURVE('',#3107,#3117,#3119,.T.);
#3117 = VERTEX_POINT('',#3118);
#3118 = CARTESIAN_POINT('',(130.,-99.,100.));
#3119 = LINE('',#3120,#3121);
#3120 = CARTESIAN_POINT('',(130.,-111.,100.));
#3121 = VECTOR('',#3122,1.);
#3122 = DIRECTION('',(0.,1.,0.));
#3123 = ORIENTED_EDGE('',*,*,#3124,.T.);
#3124 = EDGE_CURVE('',#3117,#3125,#3127,.T.);
#3125 = VERTEX_POINT('',#3126);
#3126 = CARTESIAN_POINT('',(130.,-99.,200.6536450385));
#3127 = LINE('',#3128,#3129);
#3128 = CARTESIAN_POINT('',(130.,-99.,100.));
#3129 = VECTOR('',#3130,1.);
#3130 = DIRECTION('',(0.,0.,1.));
#3131 = ORIENTED_EDGE('',*,*,#3132,.F.);
#3132 = EDGE_CURVE('',#3109,#3125,#3133,.T.);
#3133 = LINE('',#3134,#3135);
#3134 = CARTESIAN_POINT('',(130.,-111.,200.6536450385));
#3135 = VECTOR('',#3136,1.);
#3136 = DIRECTION('',(0.,1.,0.));
#3137 = PLANE('',#3138);
#3138 = AXIS2_PLACEMENT_3D('',#3139,#3140,#3141);
#3139 = CARTESIAN_POINT('',(130.,-111.,100.));
#3140 = DIRECTION('',(1.,0.,0.));
#3141 = DIRECTION('',(0.,0.,1.));
#3142 = ADVANCED_FACE('',(#3143),#3177,.T.);
#3143 = FACE_BOUND('',#3144,.T.);
#3144 = EDGE_LOOP('',(#3145,#3155,#3163,#3171));
#3145 = ORIENTED_EDGE('',*,*,#3146,.F.);
#3146 = EDGE_CURVE('',#3147,#3149,#3151,.T.);
#3147 = VERTEX_POINT('',#3148);
#3148 = CARTESIAN_POINT('',(144.,-111.,100.));
#3149 = VERTEX_POINT('',#3150);
#3150 = CARTESIAN_POINT('',(144.,-111.,200.6536450385));
#3151 = LINE('',#3152,#3153);
#3152 = CARTESIAN_POINT('',(144.,-111.,100.));
#3153 = VECTOR('',#3154,1.);
#3154 = DIRECTION('',(0.,0.,1.));
#3155 = ORIENTED_EDGE('',*,*,#3156,.T.);
#3156 = EDGE_CURVE('',#3147,#3157,#3159,.T.);
#3157 = VERTEX_POINT('',#3158);
#3158 = CARTESIAN_POINT('',(144.,-99.,100.));
#3159 = LINE('',#3160,#3161);
#3160 = CARTESIAN_POINT('',(144.,-111.,100.));
#3161 = VECTOR('',#3162,1.);
#3162 = DIRECTION('',(0.,1.,0.));
#3163 = ORIENTED_EDGE('',*,*,#3164,.T.);
#3164 = EDGE_CURVE('',#3157,#3165,#3167,.T.);
#3165 = VERTEX_POINT('',#3166);
#3166 = CARTESIAN_POINT('',(144.,-99.,200.6536450385));
#3167 = LINE('',#3168,#3169);
#3168 = CARTESIAN_POINT('',(144.,-99.,100.));
#3169 = VECTOR('',#3170,1.);
#3170 = DIRECTION('',(0.,0.,1.));
#3171 = ORIENTED_EDGE('',*,*,#3172,.F.);
#3172 = EDGE_CURVE('',#3149,#3165,#3173,.T.);
#3173 = LINE('',#3174,#3175);
#3174 = CARTESIAN_POINT('',(144.,-111.,200.6536450385));
#3175 = VECTOR('',#3176,1.);
#3176 = DIRECTION('',(0.,1.,0.));
#3177 = PLANE('',#3178);
#3178 = AXIS2_PLACEMENT_3D('',#3179,#3180,#3181);
#3179 = CARTESIAN_POINT('',(144.,-111.,100.));
#3180 = DIRECTION('',(1.,0.,0.));
#3181 = DIRECTION('',(0.,0.,1.));
#3182 = ADVANCED_FACE('',(#3183),#3199,.F.);
#3183 = FACE_BOUND('',#3184,.F.);
#3184 = EDGE_LOOP('',(#3185,#3191,#3192,#3198));
#3185 = ORIENTED_EDGE('',*,*,#3186,.F.);
#3186 = EDGE_CURVE('',#3107,#3147,#3187,.T.);
#3187 = LINE('',#3188,#3189);
#3188 = CARTESIAN_POINT('',(130.,-111.,100.));
#3189 = VECTOR('',#3190,1.);
#3190 = DIRECTION('',(1.,0.,0.));
#3191 = ORIENTED_EDGE('',*,*,#3106,.T.);
#3192 = ORIENTED_EDGE('',*,*,#3193,.T.);
#3193 = EDGE_CURVE('',#3109,#3149,#3194,.T.);
#3194 = LINE('',#3195,#3196);
#3195 = CARTESIAN_POINT('',(130.,-111.,200.6536450385));
#3196 = VECTOR('',#3197,1.);
#3197 = DIRECTION('',(1.,0.,0.));
#3198 = ORIENTED_EDGE('',*,*,#3146,.F.);
#3199 = PLANE('',#3200);
#3200 = AXIS2_PLACEMENT_3D('',#3201,#3202,#3203);
#3201 = CARTESIAN_POINT('',(130.,-111.,100.));
#3202 = DIRECTION('',(0.,1.,0.));
#3203 = DIRECTION('',(0.,0.,1.));
#3204 = ADVANCED_FACE('',(#3205),#3221,.T.);
#3205 = FACE_BOUND('',#3206,.T.);
#3206 = EDGE_LOOP('',(#3207,#3213,#3214,#3220));
#3207 = ORIENTED_EDGE('',*,*,#3208,.F.);
#3208 = EDGE_CURVE('',#3117,#3157,#3209,.T.);
#3209 = LINE('',#3210,#3211);
#3210 = CARTESIAN_POINT('',(130.,-99.,100.));
#3211 = VECTOR('',#3212,1.);
#3212 = DIRECTION('',(1.,0.,0.));
#3213 = ORIENTED_EDGE('',*,*,#3124,.T.);
#3214 = ORIENTED_EDGE('',*,*,#3215,.T.);
#3215 = EDGE_CURVE('',#3125,#3165,#3216,.T.);
#3216 = LINE('',#3217,#3218);
#3217 = CARTESIAN_POINT('',(130.,-99.,200.6536450385));
#3218 = VECTOR('',#3219,1.);
#3219 = DIRECTION('',(1.,0.,0.));
#3220 = ORIENTED_EDGE('',*,*,#3164,.F.);
#3221 = PLANE('',#3222);
#3222 = AXIS2_PLACEMENT_3D('',#3223,#3224,#3225);
#3223 = CARTESIAN_POINT('',(130.,-99.,100.));
#3224 = DIRECTION('',(0.,1.,0.));
#3225 = DIRECTION('',(0.,0.,1.));
#3226 = ADVANCED_FACE('',(#3227),#3233,.F.);
#3227 = FACE_BOUND('',#3228,.F.);
#3228 = EDGE_LOOP('',(#3229,#3230,#3231,#3232));
#3229 = ORIENTED_EDGE('',*,*,#3116,.F.);
#3230 = ORIENTED_EDGE('',*,*,#3186,.T.);
#3231 = ORIENTED_EDGE('',*,*,#3156,.T.);
#3232 = ORIENTED_EDGE('',*,*,#3208,.F.);
#3233 = PLANE('',#3234);
#3234 = AXIS2_PLACEMENT_3D('',#3235,#3236,#3237);
#3235 = CARTESIAN_POINT('',(130.,-111.,100.));
#3236 = DIRECTION('',(0.,0.,1.));
#3237 = DIRECTION('',(1.,0.,0.));
#3238 = ADVANCED_FACE('',(#3239),#3245,.T.);
#3239 = FACE_BOUND('',#3240,.T.);
#3240 = EDGE_LOOP('',(#3241,#3242,#3243,#3244));
#3241 = ORIENTED_EDGE('',*,*,#3132,.F.);
#3242 = ORIENTED_EDGE('',*,*,#3193,.T.);
#3243 = ORIENTED_EDGE('',*,*,#3172,.T.);
#3244 = ORIENTED_EDGE('',*,*,#3215,.F.);
#3245 = PLANE('',#3246);
#3246 = AXIS2_PLACEMENT_3D('',#3247,#3248,#3249);
#3247 = CARTESIAN_POINT('',(130.,-111.,200.6536450385));
#3248 = DIRECTION('',(0.,0.,1.));
#3249 = DIRECTION('',(1.,0.,0.));
#3250 = MANIFOLD_SOLID_BREP('',#3251);
#3251 = CLOSED_SHELL('',(#3252,#3292,#3334,#3358,#3382,#3399,#3411,#3472
    ,#3481,#3512,#3536,#3560,#3577));
#3252 = ADVANCED_FACE('',(#3253),#3287,.F.);
#3253 = FACE_BOUND('',#3254,.F.);
#3254 = EDGE_LOOP('',(#3255,#3265,#3273,#3281));
#3255 = ORIENTED_EDGE('',*,*,#3256,.F.);
#3256 = EDGE_CURVE('',#3257,#3259,#3261,.T.);
#3257 = VERTEX_POINT('',#3258);
#3258 = CARTESIAN_POINT('',(95.,7.,100.));
#3259 = VERTEX_POINT('',#3260);
#3260 = CARTESIAN_POINT('',(95.,7.,180.));
#3261 = LINE('',#3262,#3263);
#3262 = CARTESIAN_POINT('',(95.,7.,100.));
#3263 = VECTOR('',#3264,1.);
#3264 = DIRECTION('',(0.,0.,1.));
#3265 = ORIENTED_EDGE('',*,*,#3266,.T.);
#3266 = EDGE_CURVE('',#3257,#3267,#3269,.T.);
#3267 = VERTEX_POINT('',#3268);
#3268 = CARTESIAN_POINT('',(95.,90.,100.));
#3269 = LINE('',#3270,#3271);
#3270 = CARTESIAN_POINT('',(95.,7.,100.));
#3271 = VECTOR('',#3272,1.);
#3272 = DIRECTION('',(0.,1.,0.));
#3273 = ORIENTED_EDGE('',*,*,#3274,.T.);
#3274 = EDGE_CURVE('',#3267,#3275,#3277,.T.);
#3275 = VERTEX_POINT('',#3276);
#3276 = CARTESIAN_POINT('',(95.,90.,180.));
#3277 = LINE('',#3278,#3279);
#3278 = CARTESIAN_POINT('',(95.,90.,100.));
#3279 = VECTOR('',#3280,1.);
#3280 = DIRECTION('',(0.,0.,1.));
#3281 = ORIENTED_EDGE('',*,*,#3282,.F.);
#3282 = EDGE_CURVE('',#3259,#3275,#3283,.T.);
#3283 = LINE('',#3284,#3285);
#3284 = CARTESIAN_POINT('',(95.,7.,180.));
#3285 = VECTOR('',#3286,1.);
#3286 = DIRECTION('',(0.,1.,0.));
#3287 = PLANE('',#3288);
#3288 = AXIS2_PLACEMENT_3D('',#3289,#3290,#3291);
#3289 = CARTESIAN_POINT('',(95.,7.,100.));
#3290 = DIRECTION('',(1.,0.,0.));
#3291 = DIRECTION('',(0.,0.,1.));
#3292 = ADVANCED_FACE('',(#3293,#3318),#3329,.F.);
#3293 = FACE_BOUND('',#3294,.F.);
#3294 = EDGE_LOOP('',(#3295,#3303,#3304,#3312));
#3295 = ORIENTED_EDGE('',*,*,#3296,.F.);
#3296 = EDGE_CURVE('',#3257,#3297,#3299,.T.);
#3297 = VERTEX_POINT('',#3298);
#3298 = CARTESIAN_POINT('',(175.,7.,100.));
#3299 = LINE('',#3300,#3301);
#3300 = CARTESIAN_POINT('',(95.,7.,100.));
#3301 = VECTOR('',#3302,1.);
#3302 = DIRECTION('',(1.,0.,0.));
#3303 = ORIENTED_EDGE('',*,*,#3256,.T.);
#3304 = ORIENTED_EDGE('',*,*,#3305,.T.);
#3305 = EDGE_CURVE('',#3259,#3306,#3308,.T.);
#3306 = VERTEX_POINT('',#3307);
#3307 = CARTESIAN_POINT('',(175.,7.,180.));
#3308 = LINE('',#3309,#3310);
#3309 = CARTESIAN_POINT('',(95.,7.,180.));
#3310 = VECTOR('',#3311,1.);
#3311 = DIRECTION('',(1.,0.,0.));
#3312 = ORIENTED_EDGE('',*,*,#3313,.F.);
#3313 = EDGE_CURVE('',#3297,#3306,#3314,.T.);
#3314 = LINE('',#3315,#3316);
#3315 = CARTESIAN_POINT('',(175.,7.,100.));
#3316 = VECTOR('',#3317,1.);
#3317 = DIRECTION('',(0.,0.,1.));
#3318 = FACE_BOUND('',#3319,.F.);
#3319 = EDGE_LOOP('',(#3320));
#3320 = ORIENTED_EDGE('',*,*,#3321,.T.);
#3321 = EDGE_CURVE('',#3322,#3322,#3324,.T.);
#3322 = VERTEX_POINT('',#3323);
#3323 = CARTESIAN_POINT('',(135.,7.,145.5));
#3324 = CIRCLE('',#3325,7.5);
#3325 = AXIS2_PLACEMENT_3D('',#3326,#3327,#3328);
#3326 = CARTESIAN_POINT('',(135.,7.,153.));
#3327 = DIRECTION('',(0.,-1.,0.));
#3328 = DIRECTION('',(0.,0.,-1.));
#3329 = PLANE('',#3330);
#3330 = AXIS2_PLACEMENT_3D('',#3331,#3332,#3333);
#3331 = CARTESIAN_POINT('',(95.,7.,100.));
#3332 = DIRECTION('',(0.,1.,0.));
#3333 = DIRECTION('',(0.,0.,1.));
#3334 = ADVANCED_FACE('',(#3335),#3353,.T.);
#3335 = FACE_BOUND('',#3336,.T.);
#3336 = EDGE_LOOP('',(#3337,#3338,#3339,#3347));
#3337 = ORIENTED_EDGE('',*,*,#3282,.F.);
#3338 = ORIENTED_EDGE('',*,*,#3305,.T.);
#3339 = ORIENTED_EDGE('',*,*,#3340,.T.);
#3340 = EDGE_CURVE('',#3306,#3341,#3343,.T.);
#3341 = VERTEX_POINT('',#3342);
#3342 = CARTESIAN_POINT('',(175.,90.,180.));
#3343 = LINE('',#3344,#3345);
#3344 = CARTESIAN_POINT('',(175.,7.,180.));
#3345 = VECTOR('',#3346,1.);
#3346 = DIRECTION('',(0.,1.,0.));
#3347 = ORIENTED_EDGE('',*,*,#3348,.F.);
#3348 = EDGE_CURVE('',#3275,#3341,#3349,.T.);
#3349 = LINE('',#3350,#3351);
#3350 = CARTESIAN_POINT('',(95.,90.,180.));
#3351 = VECTOR('',#3352,1.);
#3352 = DIRECTION('',(1.,0.,0.));
#3353 = PLANE('',#3354);
#3354 = AXIS2_PLACEMENT_3D('',#3355,#3356,#3357);
#3355 = CARTESIAN_POINT('',(95.,7.,180.));
#3356 = DIRECTION('',(0.,0.,1.));
#3357 = DIRECTION('',(1.,0.,0.));
#3358 = ADVANCED_FACE('',(#3359),#3377,.T.);
#3359 = FACE_BOUND('',#3360,.T.);
#3360 = EDGE_LOOP('',(#3361,#3369,#3370,#3371));
#3361 = ORIENTED_EDGE('',*,*,#3362,.F.);
#3362 = EDGE_CURVE('',#3267,#3363,#3365,.T.);
#3363 = VERTEX_POINT('',#3364);
#3364 = CARTESIAN_POINT('',(175.,90.,100.));
#3365 = LINE('',#3366,#3367);
#3366 = CARTESIAN_POINT('',(95.,90.,100.));
#3367 = VECTOR('',#3368,1.);
#3368 = DIRECTION('',(1.,0.,0.));
#3369 = ORIENTED_EDGE('',*,*,#3274,.T.);
#3370 = ORIENTED_EDGE('',*,*,#3348,.T.);
#3371 = ORIENTED_EDGE('',*,*,#3372,.F.);
#3372 = EDGE_CURVE('',#3363,#3341,#3373,.T.);
#3373 = LINE('',#3374,#3375);
#3374 = CARTESIAN_POINT('',(175.,90.,100.));
#3375 = VECTOR('',#3376,1.);
#3376 = DIRECTION('',(0.,0.,1.));
#3377 = PLANE('',#3378);
#3378 = AXIS2_PLACEMENT_3D('',#3379,#3380,#3381);
#3379 = CARTESIAN_POINT('',(95.,90.,100.));
#3380 = DIRECTION('',(0.,1.,0.));
#3381 = DIRECTION('',(0.,0.,1.));
#3382 = ADVANCED_FACE('',(#3383),#3394,.F.);
#3383 = FACE_BOUND('',#3384,.F.);
#3384 = EDGE_LOOP('',(#3385,#3386,#3387,#3393));
#3385 = ORIENTED_EDGE('',*,*,#3266,.F.);
#3386 = ORIENTED_EDGE('',*,*,#3296,.T.);
#3387 = ORIENTED_EDGE('',*,*,#3388,.T.);
#3388 = EDGE_CURVE('',#3297,#3363,#3389,.T.);
#3389 = LINE('',#3390,#3391);
#3390 = CARTESIAN_POINT('',(175.,7.,100.));
#3391 = VECTOR('',#3392,1.);
#3392 = DIRECTION('',(0.,1.,0.));
#3393 = ORIENTED_EDGE('',*,*,#3362,.F.);
#3394 = PLANE('',#3395);
#3395 = AXIS2_PLACEMENT_3D('',#3396,#3397,#3398);
#3396 = CARTESIAN_POINT('',(95.,7.,100.));
#3397 = DIRECTION('',(0.,0.,1.));
#3398 = DIRECTION('',(1.,0.,0.));
#3399 = ADVANCED_FACE('',(#3400),#3406,.T.);
#3400 = FACE_BOUND('',#3401,.T.);
#3401 = EDGE_LOOP('',(#3402,#3403,#3404,#3405));
#3402 = ORIENTED_EDGE('',*,*,#3313,.F.);
#3403 = ORIENTED_EDGE('',*,*,#3388,.T.);
#3404 = ORIENTED_EDGE('',*,*,#3372,.T.);
#3405 = ORIENTED_EDGE('',*,*,#3340,.F.);
#3406 = PLANE('',#3407);
#3407 = AXIS2_PLACEMENT_3D('',#3408,#3409,#3410);
#3408 = CARTESIAN_POINT('',(175.,7.,100.));
#3409 = DIRECTION('',(1.,0.,0.));
#3410 = DIRECTION('',(0.,0.,1.));
#3411 = ADVANCED_FACE('',(#3412,#3431),#3467,.T.);
#3412 = FACE_BOUND('',#3413,.T.);
#3413 = EDGE_LOOP('',(#3414,#3422,#3429,#3430));
#3414 = ORIENTED_EDGE('',*,*,#3415,.T.);
#3415 = EDGE_CURVE('',#3322,#3416,#3418,.T.);
#3416 = VERTEX_POINT('',#3417);
#3417 = CARTESIAN_POINT('',(135.,-28.,145.5));
#3418 = LINE('',#3419,#3420);
#3419 = CARTESIAN_POINT('',(135.,7.,145.5));
#3420 = VECTOR('',#3421,1.);
#3421 = DIRECTION('',(0.,-1.,0.));
#3422 = ORIENTED_EDGE('',*,*,#3423,.F.);
#3423 = EDGE_CURVE('',#3416,#3416,#3424,.T.);
#3424 = CIRCLE('',#3425,7.5);
#3425 = AXIS2_PLACEMENT_3D('',#3426,#3427,#3428);
#3426 = CARTESIAN_POINT('',(135.,-28.,153.));
#3427 = DIRECTION('',(0.,-1.,0.));
#3428 = DIRECTION('',(0.,0.,-1.));
#3429 = ORIENTED_EDGE('',*,*,#3415,.F.);
#3430 = ORIENTED_EDGE('',*,*,#3321,.T.);
#3431 = FACE_BOUND('',#3432,.T.);
#3432 = EDGE_LOOP('',(#3433,#3443,#3452,#3460));
#3433 = ORIENTED_EDGE('',*,*,#3434,.F.);
#3434 = EDGE_CURVE('',#3435,#3437,#3439,.T.);
#3435 = VERTEX_POINT('',#3436);
#3436 = CARTESIAN_POINT('',(132.5,-1.,160.07106781186));
#3437 = VERTEX_POINT('',#3438);
#3438 = CARTESIAN_POINT('',(132.5,-26.,160.07106781186));
#3439 = LINE('',#3440,#3441);
#3440 = CARTESIAN_POINT('',(132.5,7.,160.07106781186));
#3441 = VECTOR('',#3442,1.);
#3442 = DIRECTION('',(0.,-1.,0.));
#3443 = ORIENTED_EDGE('',*,*,#3444,.F.);
#3444 = EDGE_CURVE('',#3445,#3435,#3447,.T.);
#3445 = VERTEX_POINT('',#3446);
#3446 = CARTESIAN_POINT('',(137.5,-1.,160.07106781186));
#3447 = CIRCLE('',#3448,7.5);
#3448 = AXIS2_PLACEMENT_3D('',#3449,#3450,#3451);
#3449 = CARTESIAN_POINT('',(135.,-1.,153.));
#3450 = DIRECTION('',(0.,-1.,0.));
#3451 = DIRECTION('',(0.,0.,-1.));
#3452 = ORIENTED_EDGE('',*,*,#3453,.T.);
#3453 = EDGE_CURVE('',#3445,#3454,#3456,.T.);
#3454 = VERTEX_POINT('',#3455);
#3455 = CARTESIAN_POINT('',(137.5,-26.,160.07106781186));
#3456 = LINE('',#3457,#3458);
#3457 = CARTESIAN_POINT('',(137.5,7.,160.07106781186));
#3458 = VECTOR('',#3459,1.);
#3459 = DIRECTION('',(0.,-1.,0.));
#3460 = ORIENTED_EDGE('',*,*,#3461,.T.);
#3461 = EDGE_CURVE('',#3454,#3437,#3462,.T.);
#3462 = CIRCLE('',#3463,7.5);
#3463 = AXIS2_PLACEMENT_3D('',#3464,#3465,#3466);
#3464 = CARTESIAN_POINT('',(135.,-26.,153.));
#3465 = DIRECTION('',(0.,-1.,0.));
#3466 = DIRECTION('',(0.,0.,-1.));
#3467 = CYLINDRICAL_SURFACE('',#3468,7.5);
#3468 = AXIS2_PLACEMENT_3D('',#3469,#3470,#3471);
#3469 = CARTESIAN_POINT('',(135.,7.,153.));
#3470 = DIRECTION('',(0.,-1.,0.));
#3471 = DIRECTION('',(0.,0.,-1.));
#3472 = ADVANCED_FACE('',(#3473),#3476,.T.);
#3473 = FACE_BOUND('',#3474,.T.);
#3474 = EDGE_LOOP('',(#3475));
#3475 = ORIENTED_EDGE('',*,*,#3423,.T.);
#3476 = PLANE('',#3477);
#3477 = AXIS2_PLACEMENT_3D('',#3478,#3479,#3480);
#3478 = CARTESIAN_POINT('',(135.,-28.,153.));
#3479 = DIRECTION('',(0.,-1.,0.));
#3480 = DIRECTION('',(0.,0.,-1.));
#3481 = ADVANCED_FACE('',(#3482),#3507,.F.);
#3482 = FACE_BOUND('',#3483,.F.);
#3483 = EDGE_LOOP('',(#3484,#3492,#3493,#3501));
#3484 = ORIENTED_EDGE('',*,*,#3485,.F.);
#3485 = EDGE_CURVE('',#3437,#3486,#3488,.T.);
#3486 = VERTEX_POINT('',#3487);
#3487 = CARTESIAN_POINT('',(132.5,-26.,162.));
#3488 = LINE('',#3489,#3490);
#3489 = CARTESIAN_POINT('',(132.5,-26.,159.));
#3490 = VECTOR('',#3491,1.);
#3491 = DIRECTION('',(0.,0.,1.));
#3492 = ORIENTED_EDGE('',*,*,#3434,.F.);
#3493 = ORIENTED_EDGE('',*,*,#3494,.T.);
#3494 = EDGE_CURVE('',#3435,#3495,#3497,.T.);
#3495 = VERTEX_POINT('',#3496);
#3496 = CARTESIAN_POINT('',(132.5,-1.,162.));
#3497 = LINE('',#3498,#3499);
#3498 = CARTESIAN_POINT('',(132.5,-1.,159.));
#3499 = VECTOR('',#3500,1.);
#3500 = DIRECTION('',(0.,0.,1.));
#3501 = ORIENTED_EDGE('',*,*,#3502,.F.);
#3502 = EDGE_CURVE('',#3486,#3495,#3503,.T.);
#3503 = LINE('',#3504,#3505);
#3504 = CARTESIAN_POINT('',(132.5,-26.,162.));
#3505 = VECTOR('',#3506,1.);
#3506 = DIRECTION('',(0.,1.,0.));
#3507 = PLANE('',#3508);
#3508 = AXIS2_PLACEMENT_3D('',#3509,#3510,#3511);
#3509 = CARTESIAN_POINT('',(132.5,-26.,159.));
#3510 = DIRECTION('',(1.,0.,0.));
#3511 = DIRECTION('',(0.,0.,1.));
#3512 = ADVANCED_FACE('',(#3513),#3531,.F.);
#3513 = FACE_BOUND('',#3514,.F.);
#3514 = EDGE_LOOP('',(#3515,#3523,#3524,#3525));
#3515 = ORIENTED_EDGE('',*,*,#3516,.F.);
#3516 = EDGE_CURVE('',#3454,#3517,#3519,.T.);
#3517 = VERTEX_POINT('',#3518);
#3518 = CARTESIAN_POINT('',(137.5,-26.,162.));
#3519 = LINE('',#3520,#3521);
#3520 = CARTESIAN_POINT('',(137.5,-26.,159.));
#3521 = VECTOR('',#3522,1.);
#3522 = DIRECTION('',(0.,0.,1.));
#3523 = ORIENTED_EDGE('',*,*,#3461,.T.);
#3524 = ORIENTED_EDGE('',*,*,#3485,.T.);
#3525 = ORIENTED_EDGE('',*,*,#3526,.T.);
#3526 = EDGE_CURVE('',#3486,#3517,#3527,.T.);
#3527 = LINE('',#3528,#3529);
#3528 = CARTESIAN_POINT('',(132.5,-26.,162.));
#3529 = VECTOR('',#3530,1.);
#3530 = DIRECTION('',(1.,0.,0.));
#3531 = PLANE('',#3532);
#3532 = AXIS2_PLACEMENT_3D('',#3533,#3534,#3535);
#3533 = CARTESIAN_POINT('',(132.5,-26.,159.));
#3534 = DIRECTION('',(0.,1.,0.));
#3535 = DIRECTION('',(0.,0.,1.));
#3536 = ADVANCED_FACE('',(#3537),#3555,.T.);
#3537 = FACE_BOUND('',#3538,.T.);
#3538 = EDGE_LOOP('',(#3539,#3540,#3541,#3549));
#3539 = ORIENTED_EDGE('',*,*,#3516,.F.);
#3540 = ORIENTED_EDGE('',*,*,#3453,.F.);
#3541 = ORIENTED_EDGE('',*,*,#3542,.T.);
#3542 = EDGE_CURVE('',#3445,#3543,#3545,.T.);
#3543 = VERTEX_POINT('',#3544);
#3544 = CARTESIAN_POINT('',(137.5,-1.,162.));
#3545 = LINE('',#3546,#3547);
#3546 = CARTESIAN_POINT('',(137.5,-1.,159.));
#3547 = VECTOR('',#3548,1.);
#3548 = DIRECTION('',(0.,0.,1.));
#3549 = ORIENTED_EDGE('',*,*,#3550,.F.);
#3550 = EDGE_CURVE('',#3517,#3543,#3551,.T.);
#3551 = LINE('',#3552,#3553);
#3552 = CARTESIAN_POINT('',(137.5,-26.,162.));
#3553 = VECTOR('',#3554,1.);
#3554 = DIRECTION('',(0.,1.,0.));
#3555 = PLANE('',#3556);
#3556 = AXIS2_PLACEMENT_3D('',#3557,#3558,#3559);
#3557 = CARTESIAN_POINT('',(137.5,-26.,159.));
#3558 = DIRECTION('',(1.,0.,0.));
#3559 = DIRECTION('',(0.,0.,1.));
#3560 = ADVANCED_FACE('',(#3561),#3572,.T.);
#3561 = FACE_BOUND('',#3562,.T.);
#3562 = EDGE_LOOP('',(#3563,#3564,#3565,#3566));
#3563 = ORIENTED_EDGE('',*,*,#3542,.F.);
#3564 = ORIENTED_EDGE('',*,*,#3444,.T.);
#3565 = ORIENTED_EDGE('',*,*,#3494,.T.);
#3566 = ORIENTED_EDGE('',*,*,#3567,.T.);
#3567 = EDGE_CURVE('',#3495,#3543,#3568,.T.);
#3568 = LINE('',#3569,#3570);
#3569 = CARTESIAN_POINT('',(132.5,-1.,162.));
#3570 = VECTOR('',#3571,1.);
#3571 = DIRECTION('',(1.,0.,0.));
#3572 = PLANE('',#3573);
#3573 = AXIS2_PLACEMENT_3D('',#3574,#3575,#3576);
#3574 = CARTESIAN_POINT('',(132.5,-1.,159.));
#3575 = DIRECTION('',(0.,1.,0.));
#3576 = DIRECTION('',(0.,0.,1.));
#3577 = ADVANCED_FACE('',(#3578),#3584,.T.);
#3578 = FACE_BOUND('',#3579,.T.);
#3579 = EDGE_LOOP('',(#3580,#3581,#3582,#3583));
#3580 = ORIENTED_EDGE('',*,*,#3502,.F.);
#3581 = ORIENTED_EDGE('',*,*,#3526,.T.);
#3582 = ORIENTED_EDGE('',*,*,#3550,.T.);
#3583 = ORIENTED_EDGE('',*,*,#3567,.F.);
#3584 = PLANE('',#3585);
#3585 = AXIS2_PLACEMENT_3D('',#3586,#3587,#3588);
#3586 = CARTESIAN_POINT('',(132.5,-26.,162.));
#3587 = DIRECTION('',(0.,0.,1.));
#3588 = DIRECTION('',(1.,0.,0.));
#3589 = MANIFOLD_SOLID_BREP('',#3590);
#3590 = CLOSED_SHELL('',(#3591,#3631,#3717,#3741,#3820,#3837,#3849,#3866
    ,#3883,#3900,#3917));
#3591 = ADVANCED_FACE('',(#3592),#3626,.F.);
#3592 = FACE_BOUND('',#3593,.F.);
#3593 = EDGE_LOOP('',(#3594,#3604,#3612,#3620));
#3594 = ORIENTED_EDGE('',*,*,#3595,.F.);
#3595 = EDGE_CURVE('',#3596,#3598,#3600,.T.);
#3596 = VERTEX_POINT('',#3597);
#3597 = CARTESIAN_POINT('',(89.,1.,94.));
#3598 = VERTEX_POINT('',#3599);
#3599 = CARTESIAN_POINT('',(89.,1.,186.));
#3600 = LINE('',#3601,#3602);
#3601 = CARTESIAN_POINT('',(89.,1.,94.));
#3602 = VECTOR('',#3603,1.);
#3603 = DIRECTION('',(0.,0.,1.));
#3604 = ORIENTED_EDGE('',*,*,#3605,.T.);
#3605 = EDGE_CURVE('',#3596,#3606,#3608,.T.);
#3606 = VERTEX_POINT('',#3607);
#3607 = CARTESIAN_POINT('',(89.,7.,94.));
#3608 = LINE('',#3609,#3610);
#3609 = CARTESIAN_POINT('',(89.,1.,94.));
#3610 = VECTOR('',#3611,1.);
#3611 = DIRECTION('',(0.,1.,0.));
#3612 = ORIENTED_EDGE('',*,*,#3613,.T.);
#3613 = EDGE_CURVE('',#3606,#3614,#3616,.T.);
#3614 = VERTEX_POINT('',#3615);
#3615 = CARTESIAN_POINT('',(89.,7.,186.));
#3616 = LINE('',#3617,#3618);
#3617 = CARTESIAN_POINT('',(89.,7.,94.));
#3618 = VECTOR('',#3619,1.);
#3619 = DIRECTION('',(0.,0.,1.));
#3620 = ORIENTED_EDGE('',*,*,#3621,.F.);
#3621 = EDGE_CURVE('',#3598,#3614,#3622,.T.);
#3622 = LINE('',#3623,#3624);
#3623 = CARTESIAN_POINT('',(89.,1.,186.));
#3624 = VECTOR('',#3625,1.);
#3625 = DIRECTION('',(0.,1.,0.));
#3626 = PLANE('',#3627);
#3627 = AXIS2_PLACEMENT_3D('',#3628,#3629,#3630);
#3628 = CARTESIAN_POINT('',(89.,1.,94.));
#3629 = DIRECTION('',(1.,0.,0.));
#3630 = DIRECTION('',(0.,0.,1.));
#3631 = ADVANCED_FACE('',(#3632,#3657,#3668,#3679,#3690,#3701),#3712,.F.
  );
#3632 = FACE_BOUND('',#3633,.F.);
#3633 = EDGE_LOOP('',(#3634,#3642,#3643,#3651));
#3634 = ORIENTED_EDGE('',*,*,#3635,.F.);
#3635 = EDGE_CURVE('',#3596,#3636,#3638,.T.);
#3636 = VERTEX_POINT('',#3637);
#3637 = CARTESIAN_POINT('',(181.,1.,94.));
#3638 = LINE('',#3639,#3640);
#3639 = CARTESIAN_POINT('',(89.,1.,94.));
#3640 = VECTOR('',#3641,1.);
#3641 = DIRECTION('',(1.,0.,0.));
#3642 = ORIENTED_EDGE('',*,*,#3595,.T.);
#3643 = ORIENTED_EDGE('',*,*,#3644,.T.);
#3644 = EDGE_CURVE('',#3598,#3645,#3647,.T.);
#3645 = VERTEX_POINT('',#3646);
#3646 = CARTESIAN_POINT('',(181.,1.,186.));
#3647 = LINE('',#3648,#3649);
#3648 = CARTESIAN_POINT('',(89.,1.,186.));
#3649 = VECTOR('',#3650,1.);
#3650 = DIRECTION('',(1.,0.,0.));
#3651 = ORIENTED_EDGE('',*,*,#3652,.F.);
#3652 = EDGE_CURVE('',#3636,#3645,#3653,.T.);
#3653 = LINE('',#3654,#3655);
#3654 = CARTESIAN_POINT('',(181.,1.,94.));
#3655 = VECTOR('',#3656,1.);
#3656 = DIRECTION('',(0.,0.,1.));
#3657 = FACE_BOUND('',#3658,.F.);
#3658 = EDGE_LOOP('',(#3659));
#3659 = ORIENTED_EDGE('',*,*,#3660,.T.);
#3660 = EDGE_CURVE('',#3661,#3661,#3663,.T.);
#3661 = VERTEX_POINT('',#3662);
#3662 = CARTESIAN_POINT('',(101.76598128423,1.,103.51598128423));
#3663 = CIRCLE('',#3664,3.25);
#3664 = AXIS2_PLACEMENT_3D('',#3665,#3666,#3667);
#3665 = CARTESIAN_POINT('',(101.76598128423,1.,106.76598128423));
#3666 = DIRECTION('',(0.,-1.,0.));
#3667 = DIRECTION('',(0.,0.,-1.));
#3668 = FACE_BOUND('',#3669,.F.);
#3669 = EDGE_LOOP('',(#3670));
#3670 = ORIENTED_EDGE('',*,*,#3671,.T.);
#3671 = EDGE_CURVE('',#3672,#3672,#3674,.T.);
#3672 = VERTEX_POINT('',#3673);
#3673 = CARTESIAN_POINT('',(101.76598128423,1.,169.98401871576));
#3674 = CIRCLE('',#3675,3.25);
#3675 = AXIS2_PLACEMENT_3D('',#3676,#3677,#3678);
#3676 = CARTESIAN_POINT('',(101.76598128423,1.,173.23401871576));
#3677 = DIRECTION('',(0.,-1.,0.));
#3678 = DIRECTION('',(0.,0.,-1.));
#3679 = FACE_BOUND('',#3680,.F.);
#3680 = EDGE_LOOP('',(#3681));
#3681 = ORIENTED_EDGE('',*,*,#3682,.T.);
#3682 = EDGE_CURVE('',#3683,#3683,#3685,.T.);
#3683 = VERTEX_POINT('',#3684);
#3684 = CARTESIAN_POINT('',(168.23401871576,1.,103.51598128423));
#3685 = CIRCLE('',#3686,3.25);
#3686 = AXIS2_PLACEMENT_3D('',#3687,#3688,#3689);
#3687 = CARTESIAN_POINT('',(168.23401871576,1.,106.76598128423));
#3688 = DIRECTION('',(0.,-1.,0.));
#3689 = DIRECTION('',(0.,0.,-1.));
#3690 = FACE_BOUND('',#3691,.F.);
#3691 = EDGE_LOOP('',(#3692));
#3692 = ORIENTED_EDGE('',*,*,#3693,.T.);
#3693 = EDGE_CURVE('',#3694,#3694,#3696,.T.);
#3694 = VERTEX_POINT('',#3695);
#3695 = CARTESIAN_POINT('',(135.,1.,135.5));
#3696 = CIRCLE('',#3697,17.5);
#3697 = AXIS2_PLACEMENT_3D('',#3698,#3699,#3700);
#3698 = CARTESIAN_POINT('',(135.,1.,153.));
#3699 = DIRECTION('',(0.,-1.,0.));
#3700 = DIRECTION('',(0.,0.,-1.));
#3701 = FACE_BOUND('',#3702,.F.);
#3702 = EDGE_LOOP('',(#3703));
#3703 = ORIENTED_EDGE('',*,*,#3704,.T.);
#3704 = EDGE_CURVE('',#3705,#3705,#3707,.T.);
#3705 = VERTEX_POINT('',#3706);
#3706 = CARTESIAN_POINT('',(168.23401871576,1.,169.98401871576));
#3707 = CIRCLE('',#3708,3.25);
#3708 = AXIS2_PLACEMENT_3D('',#3709,#3710,#3711);
#3709 = CARTESIAN_POINT('',(168.23401871576,1.,173.23401871576));
#3710 = DIRECTION('',(0.,-1.,0.));
#3711 = DIRECTION('',(0.,0.,-1.));
#3712 = PLANE('',#3713);
#3713 = AXIS2_PLACEMENT_3D('',#3714,#3715,#3716);
#3714 = CARTESIAN_POINT('',(89.,1.,94.));
#3715 = DIRECTION('',(0.,1.,0.));
#3716 = DIRECTION('',(0.,0.,1.));
#3717 = ADVANCED_FACE('',(#3718),#3736,.T.);
#3718 = FACE_BOUND('',#3719,.T.);
#3719 = EDGE_LOOP('',(#3720,#3721,#3722,#3730));
#3720 = ORIENTED_EDGE('',*,*,#3621,.F.);
#3721 = ORIENTED_EDGE('',*,*,#3644,.T.);
#3722 = ORIENTED_EDGE('',*,*,#3723,.T.);
#3723 = EDGE_CURVE('',#3645,#3724,#3726,.T.);
#3724 = VERTEX_POINT('',#3725);
#3725 = CARTESIAN_POINT('',(181.,7.,186.));
#3726 = LINE('',#3727,#3728);
#3727 = CARTESIAN_POINT('',(181.,1.,186.));
#3728 = VECTOR('',#3729,1.);
#3729 = DIRECTION('',(0.,1.,0.));
#3730 = ORIENTED_EDGE('',*,*,#3731,.F.);
#3731 = EDGE_CURVE('',#3614,#3724,#3732,.T.);
#3732 = LINE('',#3733,#3734);
#3733 = CARTESIAN_POINT('',(89.,7.,186.));
#3734 = VECTOR('',#3735,1.);
#3735 = DIRECTION('',(1.,0.,0.));
#3736 = PLANE('',#3737);
#3737 = AXIS2_PLACEMENT_3D('',#3738,#3739,#3740);
#3738 = CARTESIAN_POINT('',(89.,1.,186.));
#3739 = DIRECTION('',(0.,0.,1.));
#3740 = DIRECTION('',(1.,0.,0.));
#3741 = ADVANCED_FACE('',(#3742,#3760,#3771,#3782,#3793,#3804),#3815,.T.
  );
#3742 = FACE_BOUND('',#3743,.T.);
#3743 = EDGE_LOOP('',(#3744,#3752,#3753,#3754));
#3744 = ORIENTED_EDGE('',*,*,#3745,.F.);
#3745 = EDGE_CURVE('',#3606,#3746,#3748,.T.);
#3746 = VERTEX_POINT('',#3747);
#3747 = CARTESIAN_POINT('',(181.,7.,94.));
#3748 = LINE('',#3749,#3750);
#3749 = CARTESIAN_POINT('',(89.,7.,94.));
#3750 = VECTOR('',#3751,1.);
#3751 = DIRECTION('',(1.,0.,0.));
#3752 = ORIENTED_EDGE('',*,*,#3613,.T.);
#3753 = ORIENTED_EDGE('',*,*,#3731,.T.);
#3754 = ORIENTED_EDGE('',*,*,#3755,.F.);
#3755 = EDGE_CURVE('',#3746,#3724,#3756,.T.);
#3756 = LINE('',#3757,#3758);
#3757 = CARTESIAN_POINT('',(181.,7.,94.));
#3758 = VECTOR('',#3759,1.);
#3759 = DIRECTION('',(0.,0.,1.));
#3760 = FACE_BOUND('',#3761,.T.);
#3761 = EDGE_LOOP('',(#3762));
#3762 = ORIENTED_EDGE('',*,*,#3763,.T.);
#3763 = EDGE_CURVE('',#3764,#3764,#3766,.T.);
#3764 = VERTEX_POINT('',#3765);
#3765 = CARTESIAN_POINT('',(101.76598128423,7.,103.51598128423));
#3766 = CIRCLE('',#3767,3.25);
#3767 = AXIS2_PLACEMENT_3D('',#3768,#3769,#3770);
#3768 = CARTESIAN_POINT('',(101.76598128423,7.,106.76598128423));
#3769 = DIRECTION('',(0.,-1.,0.));
#3770 = DIRECTION('',(0.,0.,-1.));
#3771 = FACE_BOUND('',#3772,.T.);
#3772 = EDGE_LOOP('',(#3773));
#3773 = ORIENTED_EDGE('',*,*,#3774,.T.);
#3774 = EDGE_CURVE('',#3775,#3775,#3777,.T.);
#3775 = VERTEX_POINT('',#3776);
#3776 = CARTESIAN_POINT('',(101.76598128423,7.,169.98401871576));
#3777 = CIRCLE('',#3778,3.25);
#3778 = AXIS2_PLACEMENT_3D('',#3779,#3780,#3781);
#3779 = CARTESIAN_POINT('',(101.76598128423,7.,173.23401871576));
#3780 = DIRECTION('',(0.,-1.,0.));
#3781 = DIRECTION('',(0.,0.,-1.));
#3782 = FACE_BOUND('',#3783,.T.);
#3783 = EDGE_LOOP('',(#3784));
#3784 = ORIENTED_EDGE('',*,*,#3785,.T.);
#3785 = EDGE_CURVE('',#3786,#3786,#3788,.T.);
#3786 = VERTEX_POINT('',#3787);
#3787 = CARTESIAN_POINT('',(168.23401871576,7.,103.51598128423));
#3788 = CIRCLE('',#3789,3.25);
#3789 = AXIS2_PLACEMENT_3D('',#3790,#3791,#3792);
#3790 = CARTESIAN_POINT('',(168.23401871576,7.,106.76598128423));
#3791 = DIRECTION('',(0.,-1.,0.));
#3792 = DIRECTION('',(0.,0.,-1.));
#3793 = FACE_BOUND('',#3794,.T.);
#3794 = EDGE_LOOP('',(#3795));
#3795 = ORIENTED_EDGE('',*,*,#3796,.T.);
#3796 = EDGE_CURVE('',#3797,#3797,#3799,.T.);
#3797 = VERTEX_POINT('',#3798);
#3798 = CARTESIAN_POINT('',(135.,7.,135.5));
#3799 = CIRCLE('',#3800,17.5);
#3800 = AXIS2_PLACEMENT_3D('',#3801,#3802,#3803);
#3801 = CARTESIAN_POINT('',(135.,7.,153.));
#3802 = DIRECTION('',(0.,-1.,0.));
#3803 = DIRECTION('',(0.,0.,-1.));
#3804 = FACE_BOUND('',#3805,.T.);
#3805 = EDGE_LOOP('',(#3806));
#3806 = ORIENTED_EDGE('',*,*,#3807,.T.);
#3807 = EDGE_CURVE('',#3808,#3808,#3810,.T.);
#3808 = VERTEX_POINT('',#3809);
#3809 = CARTESIAN_POINT('',(168.23401871576,7.,169.98401871576));
#3810 = CIRCLE('',#3811,3.25);
#3811 = AXIS2_PLACEMENT_3D('',#3812,#3813,#3814);
#3812 = CARTESIAN_POINT('',(168.23401871576,7.,173.23401871576));
#3813 = DIRECTION('',(0.,-1.,0.));
#3814 = DIRECTION('',(0.,0.,-1.));
#3815 = PLANE('',#3816);
#3816 = AXIS2_PLACEMENT_3D('',#3817,#3818,#3819);
#3817 = CARTESIAN_POINT('',(89.,7.,94.));
#3818 = DIRECTION('',(0.,1.,0.));
#3819 = DIRECTION('',(0.,0.,1.));
#3820 = ADVANCED_FACE('',(#3821),#3832,.F.);
#3821 = FACE_BOUND('',#3822,.F.);
#3822 = EDGE_LOOP('',(#3823,#3824,#3825,#3831));
#3823 = ORIENTED_EDGE('',*,*,#3605,.F.);
#3824 = ORIENTED_EDGE('',*,*,#3635,.T.);
#3825 = ORIENTED_EDGE('',*,*,#3826,.T.);
#3826 = EDGE_CURVE('',#3636,#3746,#3827,.T.);
#3827 = LINE('',#3828,#3829);
#3828 = CARTESIAN_POINT('',(181.,1.,94.));
#3829 = VECTOR('',#3830,1.);
#3830 = DIRECTION('',(0.,1.,0.));
#3831 = ORIENTED_EDGE('',*,*,#3745,.F.);
#3832 = PLANE('',#3833);
#3833 = AXIS2_PLACEMENT_3D('',#3834,#3835,#3836);
#3834 = CARTESIAN_POINT('',(89.,1.,94.));
#3835 = DIRECTION('',(0.,0.,1.));
#3836 = DIRECTION('',(1.,0.,0.));
#3837 = ADVANCED_FACE('',(#3838),#3844,.T.);
#3838 = FACE_BOUND('',#3839,.T.);
#3839 = EDGE_LOOP('',(#3840,#3841,#3842,#3843));
#3840 = ORIENTED_EDGE('',*,*,#3652,.F.);
#3841 = ORIENTED_EDGE('',*,*,#3826,.T.);
#3842 = ORIENTED_EDGE('',*,*,#3755,.T.);
#3843 = ORIENTED_EDGE('',*,*,#3723,.F.);
#3844 = PLANE('',#3845);
#3845 = AXIS2_PLACEMENT_3D('',#3846,#3847,#3848);
#3846 = CARTESIAN_POINT('',(181.,1.,94.));
#3847 = DIRECTION('',(1.,0.,0.));
#3848 = DIRECTION('',(0.,0.,1.));
#3849 = ADVANCED_FACE('',(#3850),#3861,.F.);
#3850 = FACE_BOUND('',#3851,.F.);
#3851 = EDGE_LOOP('',(#3852,#3853,#3859,#3860));
#3852 = ORIENTED_EDGE('',*,*,#3660,.F.);
#3853 = ORIENTED_EDGE('',*,*,#3854,.F.);
#3854 = EDGE_CURVE('',#3764,#3661,#3855,.T.);
#3855 = LINE('',#3856,#3857);
#3856 = CARTESIAN_POINT('',(101.76598128423,8.,103.51598128423));
#3857 = VECTOR('',#3858,1.);
#3858 = DIRECTION('',(0.,-1.,0.));
#3859 = ORIENTED_EDGE('',*,*,#3763,.T.);
#3860 = ORIENTED_EDGE('',*,*,#3854,.T.);
#3861 = CYLINDRICAL_SURFACE('',#3862,3.25);
#3862 = AXIS2_PLACEMENT_3D('',#3863,#3864,#3865);
#3863 = CARTESIAN_POINT('',(101.76598128423,8.,106.76598128423));
#3864 = DIRECTION('',(0.,-1.,0.));
#3865 = DIRECTION('',(0.,0.,-1.));
#3866 = ADVANCED_FACE('',(#3867),#3878,.F.);
#3867 = FACE_BOUND('',#3868,.F.);
#3868 = EDGE_LOOP('',(#3869,#3870,#3876,#3877));
#3869 = ORIENTED_EDGE('',*,*,#3671,.F.);
#3870 = ORIENTED_EDGE('',*,*,#3871,.F.);
#3871 = EDGE_CURVE('',#3775,#3672,#3872,.T.);
#3872 = LINE('',#3873,#3874);
#3873 = CARTESIAN_POINT('',(101.76598128423,8.,169.98401871576));
#3874 = VECTOR('',#3875,1.);
#3875 = DIRECTION('',(0.,-1.,0.));
#3876 = ORIENTED_EDGE('',*,*,#3774,.T.);
#3877 = ORIENTED_EDGE('',*,*,#3871,.T.);
#3878 = CYLINDRICAL_SURFACE('',#3879,3.25);
#3879 = AXIS2_PLACEMENT_3D('',#3880,#3881,#3882);
#3880 = CARTESIAN_POINT('',(101.76598128423,8.,173.23401871576));
#3881 = DIRECTION('',(0.,-1.,0.));
#3882 = DIRECTION('',(0.,0.,-1.));
#3883 = ADVANCED_FACE('',(#3884),#3895,.F.);
#3884 = FACE_BOUND('',#3885,.F.);
#3885 = EDGE_LOOP('',(#3886,#3887,#3893,#3894));
#3886 = ORIENTED_EDGE('',*,*,#3682,.F.);
#3887 = ORIENTED_EDGE('',*,*,#3888,.F.);
#3888 = EDGE_CURVE('',#3786,#3683,#3889,.T.);
#3889 = LINE('',#3890,#3891);
#3890 = CARTESIAN_POINT('',(168.23401871576,8.,103.51598128423));
#3891 = VECTOR('',#3892,1.);
#3892 = DIRECTION('',(0.,-1.,0.));
#3893 = ORIENTED_EDGE('',*,*,#3785,.T.);
#3894 = ORIENTED_EDGE('',*,*,#3888,.T.);
#3895 = CYLINDRICAL_SURFACE('',#3896,3.25);
#3896 = AXIS2_PLACEMENT_3D('',#3897,#3898,#3899);
#3897 = CARTESIAN_POINT('',(168.23401871576,8.,106.76598128423));
#3898 = DIRECTION('',(0.,-1.,0.));
#3899 = DIRECTION('',(0.,0.,-1.));
#3900 = ADVANCED_FACE('',(#3901),#3912,.F.);
#3901 = FACE_BOUND('',#3902,.F.);
#3902 = EDGE_LOOP('',(#3903,#3904,#3910,#3911));
#3903 = ORIENTED_EDGE('',*,*,#3693,.F.);
#3904 = ORIENTED_EDGE('',*,*,#3905,.F.);
#3905 = EDGE_CURVE('',#3797,#3694,#3906,.T.);
#3906 = LINE('',#3907,#3908);
#3907 = CARTESIAN_POINT('',(135.,8.,135.5));
#3908 = VECTOR('',#3909,1.);
#3909 = DIRECTION('',(0.,-1.,0.));
#3910 = ORIENTED_EDGE('',*,*,#3796,.T.);
#3911 = ORIENTED_EDGE('',*,*,#3905,.T.);
#3912 = CYLINDRICAL_SURFACE('',#3913,17.5);
#3913 = AXIS2_PLACEMENT_3D('',#3914,#3915,#3916);
#3914 = CARTESIAN_POINT('',(135.,8.,153.));
#3915 = DIRECTION('',(0.,-1.,0.));
#3916 = DIRECTION('',(0.,0.,-1.));
#3917 = ADVANCED_FACE('',(#3918),#3929,.F.);
#3918 = FACE_BOUND('',#3919,.F.);
#3919 = EDGE_LOOP('',(#3920,#3921,#3927,#3928));
#3920 = ORIENTED_EDGE('',*,*,#3704,.F.);
#3921 = ORIENTED_EDGE('',*,*,#3922,.F.);
#3922 = EDGE_CURVE('',#3808,#3705,#3923,.T.);
#3923 = LINE('',#3924,#3925);
#3924 = CARTESIAN_POINT('',(168.23401871576,8.,169.98401871576));
#3925 = VECTOR('',#3926,1.);
#3926 = DIRECTION('',(0.,-1.,0.));
#3927 = ORIENTED_EDGE('',*,*,#3807,.T.);
#3928 = ORIENTED_EDGE('',*,*,#3922,.T.);
#3929 = CYLINDRICAL_SURFACE('',#3930,3.25);
#3930 = AXIS2_PLACEMENT_3D('',#3931,#3932,#3933);
#3931 = CARTESIAN_POINT('',(168.23401871576,8.,173.23401871576));
#3932 = DIRECTION('',(0.,-1.,0.));
#3933 = DIRECTION('',(0.,0.,-1.));
#3934 = MANIFOLD_SOLID_BREP('',#3935);
#3935 = CLOSED_SHELL('',(#3936,#3976,#4016,#4038,#4060,#4072));
#3936 = ADVANCED_FACE('',(#3937),#3971,.F.);
#3937 = FACE_BOUND('',#3938,.F.);
#3938 = EDGE_LOOP('',(#3939,#3949,#3957,#3965));
#3939 = ORIENTED_EDGE('',*,*,#3940,.F.);
#3940 = EDGE_CURVE('',#3941,#3943,#3945,.T.);
#3941 = VERTEX_POINT('',#3942);
#3942 = CARTESIAN_POINT('',(89.,-70.,95.));
#3943 = VERTEX_POINT('',#3944);
#3944 = CARTESIAN_POINT('',(89.,-70.,100.));
#3945 = LINE('',#3946,#3947);
#3946 = CARTESIAN_POINT('',(89.,-70.,95.));
#3947 = VECTOR('',#3948,1.);
#3948 = DIRECTION('',(0.,0.,1.));
#3949 = ORIENTED_EDGE('',*,*,#3950,.T.);
#3950 = EDGE_CURVE('',#3941,#3951,#3953,.T.);
#3951 = VERTEX_POINT('',#3952);
#3952 = CARTESIAN_POINT('',(89.,70.,95.));
#3953 = LINE('',#3954,#3955);
#3954 = CARTESIAN_POINT('',(89.,-70.,95.));
#3955 = VECTOR('',#3956,1.);
#3956 = DIRECTION('',(0.,1.,0.));
#3957 = ORIENTED_EDGE('',*,*,#3958,.T.);
#3958 = EDGE_CURVE('',#3951,#3959,#3961,.T.);
#3959 = VERTEX_POINT('',#3960);
#3960 = CARTESIAN_POINT('',(89.,70.,100.));
#3961 = LINE('',#3962,#3963);
#3962 = CARTESIAN_POINT('',(89.,70.,95.));
#3963 = VECTOR('',#3964,1.);
#3964 = DIRECTION('',(0.,0.,1.));
#3965 = ORIENTED_EDGE('',*,*,#3966,.F.);
#3966 = EDGE_CURVE('',#3943,#3959,#3967,.T.);
#3967 = LINE('',#3968,#3969);
#3968 = CARTESIAN_POINT('',(89.,-70.,100.));
#3969 = VECTOR('',#3970,1.);
#3970 = DIRECTION('',(0.,1.,0.));
#3971 = PLANE('',#3972);
#3972 = AXIS2_PLACEMENT_3D('',#3973,#3974,#3975);
#3973 = CARTESIAN_POINT('',(89.,-70.,95.));
#3974 = DIRECTION('',(1.,0.,0.));
#3975 = DIRECTION('',(0.,0.,1.));
#3976 = ADVANCED_FACE('',(#3977),#4011,.T.);
#3977 = FACE_BOUND('',#3978,.T.);
#3978 = EDGE_LOOP('',(#3979,#3989,#3997,#4005));
#3979 = ORIENTED_EDGE('',*,*,#3980,.F.);
#3980 = EDGE_CURVE('',#3981,#3983,#3985,.T.);
#3981 = VERTEX_POINT('',#3982);
#3982 = CARTESIAN_POINT('',(181.,-70.,95.));
#3983 = VERTEX_POINT('',#3984);
#3984 = CARTESIAN_POINT('',(181.,-70.,100.));
#3985 = LINE('',#3986,#3987);
#3986 = CARTESIAN_POINT('',(181.,-70.,95.));
#3987 = VECTOR('',#3988,1.);
#3988 = DIRECTION('',(0.,0.,1.));
#3989 = ORIENTED_EDGE('',*,*,#3990,.T.);
#3990 = EDGE_CURVE('',#3981,#3991,#3993,.T.);
#3991 = VERTEX_POINT('',#3992);
#3992 = CARTESIAN_POINT('',(181.,70.,95.));
#3993 = LINE('',#3994,#3995);
#3994 = CARTESIAN_POINT('',(181.,-70.,95.));
#3995 = VECTOR('',#3996,1.);
#3996 = DIRECTION('',(0.,1.,0.));
#3997 = ORIENTED_EDGE('',*,*,#3998,.T.);
#3998 = EDGE_CURVE('',#3991,#3999,#4001,.T.);
#3999 = VERTEX_POINT('',#4000);
#4000 = CARTESIAN_POINT('',(181.,70.,100.));
#4001 = LINE('',#4002,#4003);
#4002 = CARTESIAN_POINT('',(181.,70.,95.));
#4003 = VECTOR('',#4004,1.);
#4004 = DIRECTION('',(0.,0.,1.));
#4005 = ORIENTED_EDGE('',*,*,#4006,.F.);
#4006 = EDGE_CURVE('',#3983,#3999,#4007,.T.);
#4007 = LINE('',#4008,#4009);
#4008 = CARTESIAN_POINT('',(181.,-70.,100.));
#4009 = VECTOR('',#4010,1.);
#4010 = DIRECTION('',(0.,1.,0.));
#4011 = PLANE('',#4012);
#4012 = AXIS2_PLACEMENT_3D('',#4013,#4014,#4015);
#4013 = CARTESIAN_POINT('',(181.,-70.,95.));
#4014 = DIRECTION('',(1.,0.,0.));
#4015 = DIRECTION('',(0.,0.,1.));
#4016 = ADVANCED_FACE('',(#4017),#4033,.F.);
#4017 = FACE_BOUND('',#4018,.F.);
#4018 = EDGE_LOOP('',(#4019,#4025,#4026,#4032));
#4019 = ORIENTED_EDGE('',*,*,#4020,.F.);
#4020 = EDGE_CURVE('',#3941,#3981,#4021,.T.);
#4021 = LINE('',#4022,#4023);
#4022 = CARTESIAN_POINT('',(89.,-70.,95.));
#4023 = VECTOR('',#4024,1.);
#4024 = DIRECTION('',(1.,0.,0.));
#4025 = ORIENTED_EDGE('',*,*,#3940,.T.);
#4026 = ORIENTED_EDGE('',*,*,#4027,.T.);
#4027 = EDGE_CURVE('',#3943,#3983,#4028,.T.);
#4028 = LINE('',#4029,#4030);
#4029 = CARTESIAN_POINT('',(89.,-70.,100.));
#4030 = VECTOR('',#4031,1.);
#4031 = DIRECTION('',(1.,0.,0.));
#4032 = ORIENTED_EDGE('',*,*,#3980,.F.);
#4033 = PLANE('',#4034);
#4034 = AXIS2_PLACEMENT_3D('',#4035,#4036,#4037);
#4035 = CARTESIAN_POINT('',(89.,-70.,95.));
#4036 = DIRECTION('',(0.,1.,0.));
#4037 = DIRECTION('',(0.,0.,1.));
#4038 = ADVANCED_FACE('',(#4039),#4055,.T.);
#4039 = FACE_BOUND('',#4040,.T.);
#4040 = EDGE_LOOP('',(#4041,#4047,#4048,#4054));
#4041 = ORIENTED_EDGE('',*,*,#4042,.F.);
#4042 = EDGE_CURVE('',#3951,#3991,#4043,.T.);
#4043 = LINE('',#4044,#4045);
#4044 = CARTESIAN_POINT('',(89.,70.,95.));
#4045 = VECTOR('',#4046,1.);
#4046 = DIRECTION('',(1.,0.,0.));
#4047 = ORIENTED_EDGE('',*,*,#3958,.T.);
#4048 = ORIENTED_EDGE('',*,*,#4049,.T.);
#4049 = EDGE_CURVE('',#3959,#3999,#4050,.T.);
#4050 = LINE('',#4051,#4052);
#4051 = CARTESIAN_POINT('',(89.,70.,100.));
#4052 = VECTOR('',#4053,1.);
#4053 = DIRECTION('',(1.,0.,0.));
#4054 = ORIENTED_EDGE('',*,*,#3998,.F.);
#4055 = PLANE('',#4056);
#4056 = AXIS2_PLACEMENT_3D('',#4057,#4058,#4059);
#4057 = CARTESIAN_POINT('',(89.,70.,95.));
#4058 = DIRECTION('',(0.,1.,0.));
#4059 = DIRECTION('',(0.,0.,1.));
#4060 = ADVANCED_FACE('',(#4061),#4067,.F.);
#4061 = FACE_BOUND('',#4062,.F.);
#4062 = EDGE_LOOP('',(#4063,#4064,#4065,#4066));
#4063 = ORIENTED_EDGE('',*,*,#3950,.F.);
#4064 = ORIENTED_EDGE('',*,*,#4020,.T.);
#4065 = ORIENTED_EDGE('',*,*,#3990,.T.);
#4066 = ORIENTED_EDGE('',*,*,#4042,.F.);
#4067 = PLANE('',#4068);
#4068 = AXIS2_PLACEMENT_3D('',#4069,#4070,#4071);
#4069 = CARTESIAN_POINT('',(89.,-70.,95.));
#4070 = DIRECTION('',(0.,0.,1.));
#4071 = DIRECTION('',(1.,0.,0.));
#4072 = ADVANCED_FACE('',(#4073),#4079,.T.);
#4073 = FACE_BOUND('',#4074,.T.);
#4074 = EDGE_LOOP('',(#4075,#4076,#4077,#4078));
#4075 = ORIENTED_EDGE('',*,*,#3966,.F.);
#4076 = ORIENTED_EDGE('',*,*,#4027,.T.);
#4077 = ORIENTED_EDGE('',*,*,#4006,.T.);
#4078 = ORIENTED_EDGE('',*,*,#4049,.F.);
#4079 = PLANE('',#4080);
#4080 = AXIS2_PLACEMENT_3D('',#4081,#4082,#4083);
#4081 = CARTESIAN_POINT('',(89.,-70.,100.));
#4082 = DIRECTION('',(0.,0.,1.));
#4083 = DIRECTION('',(1.,0.,0.));
#4084 = MANIFOLD_SOLID_BREP('',#4085);
#4085 = CLOSED_SHELL('',(#4086,#4119,#4139,#4159));
#4086 = ADVANCED_FACE('',(#4087),#4114,.T.);
#4087 = FACE_BOUND('',#4088,.T.);
#4088 = EDGE_LOOP('',(#4089,#4098,#4106,#4113));
#4089 = ORIENTED_EDGE('',*,*,#4090,.F.);
#4090 = EDGE_CURVE('',#4091,#4091,#4093,.T.);
#4091 = VERTEX_POINT('',#4092);
#4092 = CARTESIAN_POINT('',(135.,-49.03987754404,141.));
#4093 = CIRCLE('',#4094,12.);
#4094 = AXIS2_PLACEMENT_3D('',#4095,#4096,#4097);
#4095 = CARTESIAN_POINT('',(135.,-49.03987754404,153.));
#4096 = DIRECTION('',(0.,-1.,0.));
#4097 = DIRECTION('',(0.,0.,-1.));
#4098 = ORIENTED_EDGE('',*,*,#4099,.F.);
#4099 = EDGE_CURVE('',#4100,#4091,#4102,.T.);
#4100 = VERTEX_POINT('',#4101);
#4101 = CARTESIAN_POINT('',(135.,-15.,141.));
#4102 = LINE('',#4103,#4104);
#4103 = CARTESIAN_POINT('',(135.,-15.,141.));
#4104 = VECTOR('',#4105,1.);
#4105 = DIRECTION('',(0.,-1.,0.));
#4106 = ORIENTED_EDGE('',*,*,#4107,.T.);
#4107 = EDGE_CURVE('',#4100,#4100,#4108,.T.);
#4108 = CIRCLE('',#4109,12.);
#4109 = AXIS2_PLACEMENT_3D('',#4110,#4111,#4112);
#4110 = CARTESIAN_POINT('',(135.,-15.,153.));
#4111 = DIRECTION('',(0.,-1.,0.));
#4112 = DIRECTION('',(0.,0.,-1.));
#4113 = ORIENTED_EDGE('',*,*,#4099,.T.);
#4114 = CYLINDRICAL_SURFACE('',#4115,12.);
#4115 = AXIS2_PLACEMENT_3D('',#4116,#4117,#4118);
#4116 = CARTESIAN_POINT('',(135.,-15.,153.));
#4117 = DIRECTION('',(0.,-1.,0.));
#4118 = DIRECTION('',(0.,0.,-1.));
#4119 = ADVANCED_FACE('',(#4120,#4123),#4134,.T.);
#4120 = FACE_BOUND('',#4121,.T.);
#4121 = EDGE_LOOP('',(#4122));
#4122 = ORIENTED_EDGE('',*,*,#4090,.T.);
#4123 = FACE_BOUND('',#4124,.T.);
#4124 = EDGE_LOOP('',(#4125));
#4125 = ORIENTED_EDGE('',*,*,#4126,.F.);
#4126 = EDGE_CURVE('',#4127,#4127,#4129,.T.);
#4127 = VERTEX_POINT('',#4128);
#4128 = CARTESIAN_POINT('',(135.,-49.03987754404,145.5));
#4129 = CIRCLE('',#4130,7.5);
#4130 = AXIS2_PLACEMENT_3D('',#4131,#4132,#4133);
#4131 = CARTESIAN_POINT('',(135.,-49.03987754404,153.));
#4132 = DIRECTION('',(0.,-1.,0.));
#4133 = DIRECTION('',(0.,0.,-1.));
#4134 = PLANE('',#4135);
#4135 = AXIS2_PLACEMENT_3D('',#4136,#4137,#4138);
#4136 = CARTESIAN_POINT('',(135.,-49.03987754404,153.));
#4137 = DIRECTION('',(0.,-1.,0.));
#4138 = DIRECTION('',(0.,0.,-1.));
#4139 = ADVANCED_FACE('',(#4140,#4143),#4154,.F.);
#4140 = FACE_BOUND('',#4141,.F.);
#4141 = EDGE_LOOP('',(#4142));
#4142 = ORIENTED_EDGE('',*,*,#4107,.T.);
#4143 = FACE_BOUND('',#4144,.F.);
#4144 = EDGE_LOOP('',(#4145));
#4145 = ORIENTED_EDGE('',*,*,#4146,.F.);
#4146 = EDGE_CURVE('',#4147,#4147,#4149,.T.);
#4147 = VERTEX_POINT('',#4148);
#4148 = CARTESIAN_POINT('',(135.,-15.,145.5));
#4149 = CIRCLE('',#4150,7.5);
#4150 = AXIS2_PLACEMENT_3D('',#4151,#4152,#4153);
#4151 = CARTESIAN_POINT('',(135.,-15.,153.));
#4152 = DIRECTION('',(0.,-1.,0.));
#4153 = DIRECTION('',(0.,0.,-1.));
#4154 = PLANE('',#4155);
#4155 = AXIS2_PLACEMENT_3D('',#4156,#4157,#4158);
#4156 = CARTESIAN_POINT('',(135.,-15.,153.));
#4157 = DIRECTION('',(0.,-1.,0.));
#4158 = DIRECTION('',(0.,0.,-1.));
#4159 = ADVANCED_FACE('',(#4160),#4171,.F.);
#4160 = FACE_BOUND('',#4161,.F.);
#4161 = EDGE_LOOP('',(#4162,#4163,#4169,#4170));
#4162 = ORIENTED_EDGE('',*,*,#4126,.F.);
#4163 = ORIENTED_EDGE('',*,*,#4164,.F.);
#4164 = EDGE_CURVE('',#4147,#4127,#4165,.T.);
#4165 = LINE('',#4166,#4167);
#4166 = CARTESIAN_POINT('',(135.,-15.,145.5));
#4167 = VECTOR('',#4168,1.);
#4168 = DIRECTION('',(0.,-1.,0.));
#4169 = ORIENTED_EDGE('',*,*,#4146,.T.);
#4170 = ORIENTED_EDGE('',*,*,#4164,.T.);
#4171 = CYLINDRICAL_SURFACE('',#4172,7.5);
#4172 = AXIS2_PLACEMENT_3D('',#4173,#4174,#4175);
#4173 = CARTESIAN_POINT('',(135.,-15.,153.));
#4174 = DIRECTION('',(0.,-1.,0.));
#4175 = DIRECTION('',(0.,0.,-1.));
#4176 = MANIFOLD_SOLID_BREP('',#4177);
#4177 = CLOSED_SHELL('',(#4178,#4211,#4231,#4251));
#4178 = ADVANCED_FACE('',(#4179),#4206,.T.);
#4179 = FACE_BOUND('',#4180,.T.);
#4180 = EDGE_LOOP('',(#4181,#4190,#4198,#4205));
#4181 = ORIENTED_EDGE('',*,*,#4182,.F.);
#4182 = EDGE_CURVE('',#4183,#4183,#4185,.T.);
#4183 = VERTEX_POINT('',#4184);
#4184 = CARTESIAN_POINT('',(135.,-55.03987754404,143.));
#4185 = CIRCLE('',#4186,10.);
#4186 = AXIS2_PLACEMENT_3D('',#4187,#4188,#4189);
#4187 = CARTESIAN_POINT('',(135.,-55.03987754404,153.));
#4188 = DIRECTION('',(0.,-1.,0.));
#4189 = DIRECTION('',(0.,0.,-1.));
#4190 = ORIENTED_EDGE('',*,*,#4191,.F.);
#4191 = EDGE_CURVE('',#4192,#4183,#4194,.T.);
#4192 = VERTEX_POINT('',#4193);
#4193 = CARTESIAN_POINT('',(135.,-43.03987754404,143.));
#4194 = LINE('',#4195,#4196);
#4195 = CARTESIAN_POINT('',(135.,-43.03987754404,143.));
#4196 = VECTOR('',#4197,1.);
#4197 = DIRECTION('',(0.,-1.,0.));
#4198 = ORIENTED_EDGE('',*,*,#4199,.T.);
#4199 = EDGE_CURVE('',#4192,#4192,#4200,.T.);
#4200 = CIRCLE('',#4201,10.);
#4201 = AXIS2_PLACEMENT_3D('',#4202,#4203,#4204);
#4202 = CARTESIAN_POINT('',(135.,-43.03987754404,153.));
#4203 = DIRECTION('',(0.,-1.,0.));
#4204 = DIRECTION('',(0.,0.,-1.));
#4205 = ORIENTED_EDGE('',*,*,#4191,.T.);
#4206 = CYLINDRICAL_SURFACE('',#4207,10.);
#4207 = AXIS2_PLACEMENT_3D('',#4208,#4209,#4210);
#4208 = CARTESIAN_POINT('',(135.,-43.03987754404,153.));
#4209 = DIRECTION('',(0.,-1.,0.));
#4210 = DIRECTION('',(0.,0.,-1.));
#4211 = ADVANCED_FACE('',(#4212,#4215),#4226,.T.);
#4212 = FACE_BOUND('',#4213,.T.);
#4213 = EDGE_LOOP('',(#4214));
#4214 = ORIENTED_EDGE('',*,*,#4182,.T.);
#4215 = FACE_BOUND('',#4216,.T.);
#4216 = EDGE_LOOP('',(#4217));
#4217 = ORIENTED_EDGE('',*,*,#4218,.F.);
#4218 = EDGE_CURVE('',#4219,#4219,#4221,.T.);
#4219 = VERTEX_POINT('',#4220);
#4220 = CARTESIAN_POINT('',(135.,-55.03987754404,148.));
#4221 = CIRCLE('',#4222,5.);
#4222 = AXIS2_PLACEMENT_3D('',#4223,#4224,#4225);
#4223 = CARTESIAN_POINT('',(135.,-55.03987754404,153.));
#4224 = DIRECTION('',(0.,-1.,0.));
#4225 = DIRECTION('',(0.,0.,-1.));
#4226 = PLANE('',#4227);
#4227 = AXIS2_PLACEMENT_3D('',#4228,#4229,#4230);
#4228 = CARTESIAN_POINT('',(135.,-55.03987754404,153.));
#4229 = DIRECTION('',(0.,-1.,0.));
#4230 = DIRECTION('',(0.,0.,-1.));
#4231 = ADVANCED_FACE('',(#4232,#4235),#4246,.F.);
#4232 = FACE_BOUND('',#4233,.F.);
#4233 = EDGE_LOOP('',(#4234));
#4234 = ORIENTED_EDGE('',*,*,#4199,.T.);
#4235 = FACE_BOUND('',#4236,.F.);
#4236 = EDGE_LOOP('',(#4237));
#4237 = ORIENTED_EDGE('',*,*,#4238,.F.);
#4238 = EDGE_CURVE('',#4239,#4239,#4241,.T.);
#4239 = VERTEX_POINT('',#4240);
#4240 = CARTESIAN_POINT('',(135.,-43.03987754404,148.));
#4241 = CIRCLE('',#4242,5.);
#4242 = AXIS2_PLACEMENT_3D('',#4243,#4244,#4245);
#4243 = CARTESIAN_POINT('',(135.,-43.03987754404,153.));
#4244 = DIRECTION('',(0.,-1.,0.));
#4245 = DIRECTION('',(0.,0.,-1.));
#4246 = PLANE('',#4247);
#4247 = AXIS2_PLACEMENT_3D('',#4248,#4249,#4250);
#4248 = CARTESIAN_POINT('',(135.,-43.03987754404,153.));
#4249 = DIRECTION('',(0.,-1.,0.));
#4250 = DIRECTION('',(0.,0.,-1.));
#4251 = ADVANCED_FACE('',(#4252),#4263,.F.);
#4252 = FACE_BOUND('',#4253,.F.);
#4253 = EDGE_LOOP('',(#4254,#4255,#4261,#4262));
#4254 = ORIENTED_EDGE('',*,*,#4218,.F.);
#4255 = ORIENTED_EDGE('',*,*,#4256,.F.);
#4256 = EDGE_CURVE('',#4239,#4219,#4257,.T.);
#4257 = LINE('',#4258,#4259);
#4258 = CARTESIAN_POINT('',(135.,-43.03987754404,148.));
#4259 = VECTOR('',#4260,1.);
#4260 = DIRECTION('',(0.,-1.,0.));
#4261 = ORIENTED_EDGE('',*,*,#4238,.T.);
#4262 = ORIENTED_EDGE('',*,*,#4256,.T.);
#4263 = CYLINDRICAL_SURFACE('',#4264,5.);
#4264 = AXIS2_PLACEMENT_3D('',#4265,#4266,#4267);
#4265 = CARTESIAN_POINT('',(135.,-43.03987754404,153.));
#4266 = DIRECTION('',(0.,-1.,0.));
#4267 = DIRECTION('',(0.,0.,-1.));
#4268 = MANIFOLD_SOLID_BREP('',#4269);
#4269 = CLOSED_SHELL('',(#4270,#4303,#4312));
#4270 = ADVANCED_FACE('',(#4271),#4298,.T.);
#4271 = FACE_BOUND('',#4272,.T.);
#4272 = EDGE_LOOP('',(#4273,#4282,#4290,#4297));
#4273 = ORIENTED_EDGE('',*,*,#4274,.F.);
#4274 = EDGE_CURVE('',#4275,#4275,#4277,.T.);
#4275 = VERTEX_POINT('',#4276);
#4276 = CARTESIAN_POINT('',(180.,-163.4741734911,81.917006878656));
#4277 = CIRCLE('',#4278,3.);
#4278 = AXIS2_PLACEMENT_3D('',#4279,#4280,#4281);
#4279 = CARTESIAN_POINT('',(180.,-165.,84.5));
#4280 = DIRECTION('',(0.316901408451,-0.816620580676,-0.482394366197));
#4281 = DIRECTION('',(-1.785617607834E-17,0.508608836281,-0.860997707115
    ));
#4282 = ORIENTED_EDGE('',*,*,#4283,.F.);
#4283 = EDGE_CURVE('',#4284,#4275,#4286,.T.);
#4284 = VERTEX_POINT('',#4285);
#4285 = CARTESIAN_POINT('',(135.,-47.5140510352,150.41700687865));
#4286 = LINE('',#4287,#4288);
#4287 = CARTESIAN_POINT('',(135.,-47.5140510352,150.41700687865));
#4288 = VECTOR('',#4289,1.);
#4289 = DIRECTION('',(0.316901408451,-0.816620580676,-0.482394366197));
#4290 = ORIENTED_EDGE('',*,*,#4291,.T.);
#4291 = EDGE_CURVE('',#4284,#4284,#4292,.T.);
#4292 = CIRCLE('',#4293,3.);
#4293 = AXIS2_PLACEMENT_3D('',#4294,#4295,#4296);
#4294 = CARTESIAN_POINT('',(135.,-49.03987754404,153.));
#4295 = DIRECTION('',(0.316901408451,-0.816620580676,-0.482394366197));
#4296 = DIRECTION('',(-1.785617607834E-17,0.508608836281,-0.860997707115
    ));
#4297 = ORIENTED_EDGE('',*,*,#4283,.T.);
#4298 = CYLINDRICAL_SURFACE('',#4299,3.);
#4299 = AXIS2_PLACEMENT_3D('',#4300,#4301,#4302);
#4300 = CARTESIAN_POINT('',(135.,-49.03987754404,153.));
#4301 = DIRECTION('',(0.316901408451,-0.816620580676,-0.482394366197));
#4302 = DIRECTION('',(9.899399537287E-18,0.508608836281,-0.860997707115)
  );
#4303 = ADVANCED_FACE('',(#4304),#4307,.T.);
#4304 = FACE_BOUND('',#4305,.T.);
#4305 = EDGE_LOOP('',(#4306));
#4306 = ORIENTED_EDGE('',*,*,#4274,.T.);
#4307 = PLANE('',#4308);
#4308 = AXIS2_PLACEMENT_3D('',#4309,#4310,#4311);
#4309 = CARTESIAN_POINT('',(180.,-165.,84.5));
#4310 = DIRECTION('',(0.316901408451,-0.816620580676,-0.482394366197));
#4311 = DIRECTION('',(9.899399537287E-18,0.508608836281,-0.860997707115)
  );
#4312 = ADVANCED_FACE('',(#4313),#4316,.F.);
#4313 = FACE_BOUND('',#4314,.T.);
#4314 = EDGE_LOOP('',(#4315));
#4315 = ORIENTED_EDGE('',*,*,#4291,.F.);
#4316 = PLANE('',#4317);
#4317 = AXIS2_PLACEMENT_3D('',#4318,#4319,#4320);
#4318 = CARTESIAN_POINT('',(135.,-49.03987754404,153.));
#4319 = DIRECTION('',(0.316901408451,-0.816620580676,-0.482394366197));
#4320 = DIRECTION('',(9.899399537287E-18,0.508608836281,-0.860997707115)
  );
#4321 = MANIFOLD_SOLID_BREP('',#4322);
#4322 = CLOSED_SHELL('',(#4323,#4356,#4376,#4385,#4410,#4430,#4455));
#4323 = ADVANCED_FACE('',(#4324),#4351,.T.);
#4324 = FACE_BOUND('',#4325,.T.);
#4325 = EDGE_LOOP('',(#4326,#4336,#4343,#4344));
#4326 = ORIENTED_EDGE('',*,*,#4327,.T.);
#4327 = EDGE_CURVE('',#4328,#4330,#4332,.T.);
#4328 = VERTEX_POINT('',#4329);
#4329 = CARTESIAN_POINT('',(180.,-163.,80.5));
#4330 = VERTEX_POINT('',#4331);
#4331 = CARTESIAN_POINT('',(180.,-194.5,80.5));
#4332 = LINE('',#4333,#4334);
#4333 = CARTESIAN_POINT('',(180.,-150.,80.5));
#4334 = VECTOR('',#4335,1.);
#4335 = DIRECTION('',(0.,-1.,0.));
#4336 = ORIENTED_EDGE('',*,*,#4337,.F.);
#4337 = EDGE_CURVE('',#4330,#4330,#4338,.T.);
#4338 = CIRCLE('',#4339,4.);
#4339 = AXIS2_PLACEMENT_3D('',#4340,#4341,#4342);
#4340 = CARTESIAN_POINT('',(180.,-194.5,84.5));
#4341 = DIRECTION('',(0.,-1.,0.));
#4342 = DIRECTION('',(0.,0.,-1.));
#4343 = ORIENTED_EDGE('',*,*,#4327,.F.);
#4344 = ORIENTED_EDGE('',*,*,#4345,.T.);
#4345 = EDGE_CURVE('',#4328,#4328,#4346,.T.);
#4346 = CIRCLE('',#4347,4.);
#4347 = AXIS2_PLACEMENT_3D('',#4348,#4349,#4350);
#4348 = CARTESIAN_POINT('',(180.,-163.,84.5));
#4349 = DIRECTION('',(0.,-1.,0.));
#4350 = DIRECTION('',(0.,0.,-1.));
#4351 = CYLINDRICAL_SURFACE('',#4352,4.);
#4352 = AXIS2_PLACEMENT_3D('',#4353,#4354,#4355);
#4353 = CARTESIAN_POINT('',(180.,-150.,84.5));
#4354 = DIRECTION('',(0.,-1.,0.));
#4355 = DIRECTION('',(0.,0.,-1.));
#4356 = ADVANCED_FACE('',(#4357,#4368),#4371,.T.);
#4357 = FACE_BOUND('',#4358,.T.);
#4358 = EDGE_LOOP('',(#4359));
#4359 = ORIENTED_EDGE('',*,*,#4360,.T.);
#4360 = EDGE_CURVE('',#4361,#4361,#4363,.T.);
#4361 = VERTEX_POINT('',#4362);
#4362 = CARTESIAN_POINT('',(180.,-163.,77.));
#4363 = CIRCLE('',#4364,7.5);
#4364 = AXIS2_PLACEMENT_3D('',#4365,#4366,#4367);
#4365 = CARTESIAN_POINT('',(180.,-163.,84.5));
#4366 = DIRECTION('',(0.,-1.,0.));
#4367 = DIRECTION('',(0.,0.,-1.));
#4368 = FACE_BOUND('',#4369,.T.);
#4369 = EDGE_LOOP('',(#4370));
#4370 = ORIENTED_EDGE('',*,*,#4345,.F.);
#4371 = PLANE('',#4372);
#4372 = AXIS2_PLACEMENT_3D('',#4373,#4374,#4375);
#4373 = CARTESIAN_POINT('',(180.,-163.,84.5));
#4374 = DIRECTION('',(0.,-1.,0.));
#4375 = DIRECTION('',(0.,0.,-1.));
#4376 = ADVANCED_FACE('',(#4377),#4380,.T.);
#4377 = FACE_BOUND('',#4378,.T.);
#4378 = EDGE_LOOP('',(#4379));
#4379 = ORIENTED_EDGE('',*,*,#4337,.T.);
#4380 = PLANE('',#4381);
#4381 = AXIS2_PLACEMENT_3D('',#4382,#4383,#4384);
#4382 = CARTESIAN_POINT('',(180.,-194.5,84.5));
#4383 = DIRECTION('',(0.,-1.,0.));
#4384 = DIRECTION('',(0.,0.,-1.));
#4385 = ADVANCED_FACE('',(#4386),#4405,.T.);
#4386 = FACE_BOUND('',#4387,.T.);
#4387 = EDGE_LOOP('',(#4388,#4389,#4397,#4404));
#4388 = ORIENTED_EDGE('',*,*,#4360,.F.);
#4389 = ORIENTED_EDGE('',*,*,#4390,.F.);
#4390 = EDGE_CURVE('',#4391,#4361,#4393,.T.);
#4391 = VERTEX_POINT('',#4392);
#4392 = CARTESIAN_POINT('',(180.,-154.,77.));
#4393 = LINE('',#4394,#4395);
#4394 = CARTESIAN_POINT('',(180.,-154.,77.));
#4395 = VECTOR('',#4396,1.);
#4396 = DIRECTION('',(0.,-1.,0.));
#4397 = ORIENTED_EDGE('',*,*,#4398,.T.);
#4398 = EDGE_CURVE('',#4391,#4391,#4399,.T.);
#4399 = CIRCLE('',#4400,7.5);
#4400 = AXIS2_PLACEMENT_3D('',#4401,#4402,#4403);
#4401 = CARTESIAN_POINT('',(180.,-154.,84.5));
#4402 = DIRECTION('',(0.,-1.,0.));
#4403 = DIRECTION('',(0.,0.,-1.));
#4404 = ORIENTED_EDGE('',*,*,#4390,.T.);
#4405 = CYLINDRICAL_SURFACE('',#4406,7.5);
#4406 = AXIS2_PLACEMENT_3D('',#4407,#4408,#4409);
#4407 = CARTESIAN_POINT('',(180.,-154.,84.5));
#4408 = DIRECTION('',(0.,-1.,0.));
#4409 = DIRECTION('',(0.,0.,-1.));
#4410 = ADVANCED_FACE('',(#4411,#4414),#4425,.F.);
#4411 = FACE_BOUND('',#4412,.F.);
#4412 = EDGE_LOOP('',(#4413));
#4413 = ORIENTED_EDGE('',*,*,#4398,.T.);
#4414 = FACE_BOUND('',#4415,.F.);
#4415 = EDGE_LOOP('',(#4416));
#4416 = ORIENTED_EDGE('',*,*,#4417,.F.);
#4417 = EDGE_CURVE('',#4418,#4418,#4420,.T.);
#4418 = VERTEX_POINT('',#4419);
#4419 = CARTESIAN_POINT('',(180.,-154.,80.5));
#4420 = CIRCLE('',#4421,4.);
#4421 = AXIS2_PLACEMENT_3D('',#4422,#4423,#4424);
#4422 = CARTESIAN_POINT('',(180.,-154.,84.5));
#4423 = DIRECTION('',(0.,-1.,0.));
#4424 = DIRECTION('',(0.,0.,-1.));
#4425 = PLANE('',#4426);
#4426 = AXIS2_PLACEMENT_3D('',#4427,#4428,#4429);
#4427 = CARTESIAN_POINT('',(180.,-154.,84.5));
#4428 = DIRECTION('',(0.,-1.,0.));
#4429 = DIRECTION('',(0.,0.,-1.));
#4430 = ADVANCED_FACE('',(#4431),#4450,.T.);
#4431 = FACE_BOUND('',#4432,.T.);
#4432 = EDGE_LOOP('',(#4433,#4434,#4442,#4449));
#4433 = ORIENTED_EDGE('',*,*,#4417,.F.);
#4434 = ORIENTED_EDGE('',*,*,#4435,.F.);
#4435 = EDGE_CURVE('',#4436,#4418,#4438,.T.);
#4436 = VERTEX_POINT('',#4437);
#4437 = CARTESIAN_POINT('',(180.,-150.,80.5));
#4438 = LINE('',#4439,#4440);
#4439 = CARTESIAN_POINT('',(180.,-150.,80.5));
#4440 = VECTOR('',#4441,1.);
#4441 = DIRECTION('',(0.,-1.,0.));
#4442 = ORIENTED_EDGE('',*,*,#4443,.T.);
#4443 = EDGE_CURVE('',#4436,#4436,#4444,.T.);
#4444 = CIRCLE('',#4445,4.);
#4445 = AXIS2_PLACEMENT_3D('',#4446,#4447,#4448);
#4446 = CARTESIAN_POINT('',(180.,-150.,84.5));
#4447 = DIRECTION('',(0.,-1.,0.));
#4448 = DIRECTION('',(0.,0.,-1.));
#4449 = ORIENTED_EDGE('',*,*,#4435,.T.);
#4450 = CYLINDRICAL_SURFACE('',#4451,4.);
#4451 = AXIS2_PLACEMENT_3D('',#4452,#4453,#4454);
#4452 = CARTESIAN_POINT('',(180.,-150.,84.5));
#4453 = DIRECTION('',(0.,-1.,0.));
#4454 = DIRECTION('',(0.,0.,-1.));
#4455 = ADVANCED_FACE('',(#4456),#4459,.F.);
#4456 = FACE_BOUND('',#4457,.T.);
#4457 = EDGE_LOOP('',(#4458));
#4458 = ORIENTED_EDGE('',*,*,#4443,.F.);
#4459 = PLANE('',#4460);
#4460 = AXIS2_PLACEMENT_3D('',#4461,#4462,#4463);
#4461 = CARTESIAN_POINT('',(180.,-150.,84.5));
#4462 = DIRECTION('',(0.,-1.,0.));
#4463 = DIRECTION('',(0.,0.,-1.));
#4464 = MANIFOLD_SOLID_BREP('',#4465);
#4465 = CLOSED_SHELL('',(#4466,#4499,#4519,#4539));
#4466 = ADVANCED_FACE('',(#4467),#4494,.T.);
#4467 = FACE_BOUND('',#4468,.T.);
#4468 = EDGE_LOOP('',(#4469,#4478,#4486,#4493));
#4469 = ORIENTED_EDGE('',*,*,#4470,.F.);
#4470 = EDGE_CURVE('',#4471,#4471,#4473,.T.);
#4471 = VERTEX_POINT('',#4472);
#4472 = CARTESIAN_POINT('',(180.,-230.5,-1.454720623699E-15));
#4473 = CIRCLE('',#4474,84.5);
#4474 = AXIS2_PLACEMENT_3D('',#4475,#4476,#4477);
#4475 = CARTESIAN_POINT('',(180.,-230.5,84.5));
#4476 = DIRECTION('',(0.,-1.,0.));
#4477 = DIRECTION('',(0.,0.,-1.));
#4478 = ORIENTED_EDGE('',*,*,#4479,.F.);
#4479 = EDGE_CURVE('',#4480,#4471,#4482,.T.);
#4480 = VERTEX_POINT('',#4481);
#4481 = CARTESIAN_POINT('',(180.,-149.,-1.454720623699E-15));
#4482 = LINE('',#4483,#4484);
#4483 = CARTESIAN_POINT('',(180.,-149.,-1.454720623699E-15));
#4484 = VECTOR('',#4485,1.);
#4485 = DIRECTION('',(0.,-1.,0.));
#4486 = ORIENTED_EDGE('',*,*,#4487,.T.);
#4487 = EDGE_CURVE('',#4480,#4480,#4488,.T.);
#4488 = CIRCLE('',#4489,84.5);
#4489 = AXIS2_PLACEMENT_3D('',#4490,#4491,#4492);
#4490 = CARTESIAN_POINT('',(180.,-149.,84.5));
#4491 = DIRECTION('',(0.,-1.,0.));
#4492 = DIRECTION('',(0.,0.,-1.));
#4493 = ORIENTED_EDGE('',*,*,#4479,.T.);
#4494 = CYLINDRICAL_SURFACE('',#4495,84.5);
#4495 = AXIS2_PLACEMENT_3D('',#4496,#4497,#4498);
#4496 = CARTESIAN_POINT('',(180.,-149.,84.5));
#4497 = DIRECTION('',(0.,-1.,0.));
#4498 = DIRECTION('',(0.,0.,-1.));
#4499 = ADVANCED_FACE('',(#4500,#4503),#4514,.T.);
#4500 = FACE_BOUND('',#4501,.T.);
#4501 = EDGE_LOOP('',(#4502));
#4502 = ORIENTED_EDGE('',*,*,#4470,.T.);
#4503 = FACE_BOUND('',#4504,.T.);
#4504 = EDGE_LOOP('',(#4505));
#4505 = ORIENTED_EDGE('',*,*,#4506,.F.);
#4506 = EDGE_CURVE('',#4507,#4507,#4509,.T.);
#4507 = VERTEX_POINT('',#4508);
#4508 = CARTESIAN_POINT('',(180.,-230.5,36.));
#4509 = CIRCLE('',#4510,48.5);
#4510 = AXIS2_PLACEMENT_3D('',#4511,#4512,#4513);
#4511 = CARTESIAN_POINT('',(180.,-230.5,84.5));
#4512 = DIRECTION('',(0.,-1.,0.));
#4513 = DIRECTION('',(0.,0.,-1.));
#4514 = PLANE('',#4515);
#4515 = AXIS2_PLACEMENT_3D('',#4516,#4517,#4518);
#4516 = CARTESIAN_POINT('',(180.,-230.5,84.5));
#4517 = DIRECTION('',(0.,-1.,0.));
#4518 = DIRECTION('',(0.,0.,-1.));
#4519 = ADVANCED_FACE('',(#4520,#4523),#4534,.F.);
#4520 = FACE_BOUND('',#4521,.F.);
#4521 = EDGE_LOOP('',(#4522));
#4522 = ORIENTED_EDGE('',*,*,#4487,.T.);
#4523 = FACE_BOUND('',#4524,.F.);
#4524 = EDGE_LOOP('',(#4525));
#4525 = ORIENTED_EDGE('',*,*,#4526,.F.);
#4526 = EDGE_CURVE('',#4527,#4527,#4529,.T.);
#4527 = VERTEX_POINT('',#4528);
#4528 = CARTESIAN_POINT('',(180.,-149.,36.));
#4529 = CIRCLE('',#4530,48.5);
#4530 = AXIS2_PLACEMENT_3D('',#4531,#4532,#4533);
#4531 = CARTESIAN_POINT('',(180.,-149.,84.5));
#4532 = DIRECTION('',(0.,-1.,0.));
#4533 = DIRECTION('',(0.,0.,-1.));
#4534 = PLANE('',#4535);
#4535 = AXIS2_PLACEMENT_3D('',#4536,#4537,#4538);
#4536 = CARTESIAN_POINT('',(180.,-149.,84.5));
#4537 = DIRECTION('',(0.,-1.,0.));
#4538 = DIRECTION('',(0.,0.,-1.));
#4539 = ADVANCED_FACE('',(#4540),#4551,.F.);
#4540 = FACE_BOUND('',#4541,.F.);
#4541 = EDGE_LOOP('',(#4542,#4543,#4549,#4550));
#4542 = ORIENTED_EDGE('',*,*,#4506,.F.);
#4543 = ORIENTED_EDGE('',*,*,#4544,.F.);
#4544 = EDGE_CURVE('',#4527,#4507,#4545,.T.);
#4545 = LINE('',#4546,#4547);
#4546 = CARTESIAN_POINT('',(180.,-149.,36.));
#4547 = VECTOR('',#4548,1.);
#4548 = DIRECTION('',(0.,-1.,0.));
#4549 = ORIENTED_EDGE('',*,*,#4526,.T.);
#4550 = ORIENTED_EDGE('',*,*,#4544,.T.);
#4551 = CYLINDRICAL_SURFACE('',#4552,48.5);
#4552 = AXIS2_PLACEMENT_3D('',#4553,#4554,#4555);
#4553 = CARTESIAN_POINT('',(180.,-149.,84.5));
#4554 = DIRECTION('',(0.,-1.,0.));
#4555 = DIRECTION('',(0.,0.,-1.));
#4556 = MANIFOLD_SOLID_BREP('',#4557);
#4557 = CLOSED_SHELL('',(#4558,#4591,#4611,#4631));
#4558 = ADVANCED_FACE('',(#4559),#4586,.T.);
#4559 = FACE_BOUND('',#4560,.T.);
#4560 = EDGE_LOOP('',(#4561,#4570,#4578,#4585));
#4561 = ORIENTED_EDGE('',*,*,#4562,.F.);
#4562 = EDGE_CURVE('',#4563,#4563,#4565,.T.);
#4563 = VERTEX_POINT('',#4564);
#4564 = CARTESIAN_POINT('',(180.,-202.25,36.));
#4565 = CIRCLE('',#4566,48.5);
#4566 = AXIS2_PLACEMENT_3D('',#4567,#4568,#4569);
#4567 = CARTESIAN_POINT('',(180.,-202.25,84.5));
#4568 = DIRECTION('',(0.,-1.,0.));
#4569 = DIRECTION('',(0.,0.,-1.));
#4570 = ORIENTED_EDGE('',*,*,#4571,.F.);
#4571 = EDGE_CURVE('',#4572,#4563,#4574,.T.);
#4572 = VERTEX_POINT('',#4573);
#4573 = CARTESIAN_POINT('',(180.,-177.25,36.));
#4574 = LINE('',#4575,#4576);
#4575 = CARTESIAN_POINT('',(180.,-177.25,36.));
#4576 = VECTOR('',#4577,1.);
#4577 = DIRECTION('',(0.,-1.,0.));
#4578 = ORIENTED_EDGE('',*,*,#4579,.T.);
#4579 = EDGE_CURVE('',#4572,#4572,#4580,.T.);
#4580 = CIRCLE('',#4581,48.5);
#4581 = AXIS2_PLACEMENT_3D('',#4582,#4583,#4584);
#4582 = CARTESIAN_POINT('',(180.,-177.25,84.5));
#4583 = DIRECTION('',(0.,-1.,0.));
#4584 = DIRECTION('',(0.,0.,-1.));
#4585 = ORIENTED_EDGE('',*,*,#4571,.T.);
#4586 = CYLINDRICAL_SURFACE('',#4587,48.5);
#4587 = AXIS2_PLACEMENT_3D('',#4588,#4589,#4590);
#4588 = CARTESIAN_POINT('',(180.,-177.25,84.5));
#4589 = DIRECTION('',(0.,-1.,0.));
#4590 = DIRECTION('',(0.,0.,-1.));
#4591 = ADVANCED_FACE('',(#4592,#4595),#4606,.T.);
#4592 = FACE_BOUND('',#4593,.T.);
#4593 = EDGE_LOOP('',(#4594));
#4594 = ORIENTED_EDGE('',*,*,#4562,.T.);
#4595 = FACE_BOUND('',#4596,.T.);
#4596 = EDGE_LOOP('',(#4597));
#4597 = ORIENTED_EDGE('',*,*,#4598,.F.);
#4598 = EDGE_CURVE('',#4599,#4599,#4601,.T.);
#4599 = VERTEX_POINT('',#4600);
#4600 = CARTESIAN_POINT('',(180.,-202.25,76.));
#4601 = CIRCLE('',#4602,8.5);
#4602 = AXIS2_PLACEMENT_3D('',#4603,#4604,#4605);
#4603 = CARTESIAN_POINT('',(180.,-202.25,84.5));
#4604 = DIRECTION('',(0.,-1.,0.));
#4605 = DIRECTION('',(0.,0.,-1.));
#4606 = PLANE('',#4607);
#4607 = AXIS2_PLACEMENT_3D('',#4608,#4609,#4610);
#4608 = CARTESIAN_POINT('',(180.,-202.25,84.5));
#4609 = DIRECTION('',(0.,-1.,0.));
#4610 = DIRECTION('',(0.,0.,-1.));
#4611 = ADVANCED_FACE('',(#4612,#4615),#4626,.F.);
#4612 = FACE_BOUND('',#4613,.F.);
#4613 = EDGE_LOOP('',(#4614));
#4614 = ORIENTED_EDGE('',*,*,#4579,.T.);
#4615 = FACE_BOUND('',#4616,.F.);
#4616 = EDGE_LOOP('',(#4617));
#4617 = ORIENTED_EDGE('',*,*,#4618,.F.);
#4618 = EDGE_CURVE('',#4619,#4619,#4621,.T.);
#4619 = VERTEX_POINT('',#4620);
#4620 = CARTESIAN_POINT('',(180.,-177.25,76.));
#4621 = CIRCLE('',#4622,8.5);
#4622 = AXIS2_PLACEMENT_3D('',#4623,#4624,#4625);
#4623 = CARTESIAN_POINT('',(180.,-177.25,84.5));
#4624 = DIRECTION('',(0.,-1.,0.));
#4625 = DIRECTION('',(0.,0.,-1.));
#4626 = PLANE('',#4627);
#4627 = AXIS2_PLACEMENT_3D('',#4628,#4629,#4630);
#4628 = CARTESIAN_POINT('',(180.,-177.25,84.5));
#4629 = DIRECTION('',(0.,-1.,0.));
#4630 = DIRECTION('',(0.,0.,-1.));
#4631 = ADVANCED_FACE('',(#4632),#4643,.F.);
#4632 = FACE_BOUND('',#4633,.F.);
#4633 = EDGE_LOOP('',(#4634,#4635,#4641,#4642));
#4634 = ORIENTED_EDGE('',*,*,#4598,.F.);
#4635 = ORIENTED_EDGE('',*,*,#4636,.F.);
#4636 = EDGE_CURVE('',#4619,#4599,#4637,.T.);
#4637 = LINE('',#4638,#4639);
#4638 = CARTESIAN_POINT('',(180.,-177.25,76.));
#4639 = VECTOR('',#4640,1.);
#4640 = DIRECTION('',(0.,-1.,0.));
#4641 = ORIENTED_EDGE('',*,*,#4618,.T.);
#4642 = ORIENTED_EDGE('',*,*,#4636,.T.);
#4643 = CYLINDRICAL_SURFACE('',#4644,8.5);
#4644 = AXIS2_PLACEMENT_3D('',#4645,#4646,#4647);
#4645 = CARTESIAN_POINT('',(180.,-177.25,84.5));
#4646 = DIRECTION('',(0.,-1.,0.));
#4647 = DIRECTION('',(0.,0.,-1.));
#4648 = MANIFOLD_SOLID_BREP('',#4649);
#4649 = CLOSED_SHELL('',(#4650,#4690,#4721,#4817,#4841,#4930,#4942,#4964
    ,#4981,#4998,#5010,#5032,#5049,#5066));
#4650 = ADVANCED_FACE('',(#4651),#4685,.F.);
#4651 = FACE_BOUND('',#4652,.F.);
#4652 = EDGE_LOOP('',(#4653,#4663,#4671,#4679));
#4653 = ORIENTED_EDGE('',*,*,#4654,.F.);
#4654 = EDGE_CURVE('',#4655,#4657,#4659,.T.);
#4655 = VERTEX_POINT('',#4656);
#4656 = CARTESIAN_POINT('',(132.,55.,95.));
#4657 = VERTEX_POINT('',#4658);
#4658 = CARTESIAN_POINT('',(132.,55.,100.));
#4659 = LINE('',#4660,#4661);
#4660 = CARTESIAN_POINT('',(132.,55.,95.));
#4661 = VECTOR('',#4662,1.);
#4662 = DIRECTION('',(0.,0.,1.));
#4663 = ORIENTED_EDGE('',*,*,#4664,.T.);
#4664 = EDGE_CURVE('',#4655,#4665,#4667,.T.);
#4665 = VERTEX_POINT('',#4666);
#4666 = CARTESIAN_POINT('',(132.,105.,95.));
#4667 = LINE('',#4668,#4669);
#4668 = CARTESIAN_POINT('',(132.,55.,95.));
#4669 = VECTOR('',#4670,1.);
#4670 = DIRECTION('',(0.,1.,0.));
#4671 = ORIENTED_EDGE('',*,*,#4672,.T.);
#4672 = EDGE_CURVE('',#4665,#4673,#4675,.T.);
#4673 = VERTEX_POINT('',#4674);
#4674 = CARTESIAN_POINT('',(132.,105.,100.));
#4675 = LINE('',#4676,#4677);
#4676 = CARTESIAN_POINT('',(132.,105.,95.));
#4677 = VECTOR('',#4678,1.);
#4678 = DIRECTION('',(0.,0.,1.));
#4679 = ORIENTED_EDGE('',*,*,#4680,.F.);
#4680 = EDGE_CURVE('',#4657,#4673,#4681,.T.);
#4681 = LINE('',#4682,#4683);
#4682 = CARTESIAN_POINT('',(132.,55.,100.));
#4683 = VECTOR('',#4684,1.);
#4684 = DIRECTION('',(0.,1.,0.));
#4685 = PLANE('',#4686);
#4686 = AXIS2_PLACEMENT_3D('',#4687,#4688,#4689);
#4687 = CARTESIAN_POINT('',(132.,55.,95.));
#4688 = DIRECTION('',(1.,0.,0.));
#4689 = DIRECTION('',(0.,0.,1.));
#4690 = ADVANCED_FACE('',(#4691),#4716,.F.);
#4691 = FACE_BOUND('',#4692,.F.);
#4692 = EDGE_LOOP('',(#4693,#4701,#4702,#4710));
#4693 = ORIENTED_EDGE('',*,*,#4694,.F.);
#4694 = EDGE_CURVE('',#4655,#4695,#4697,.T.);
#4695 = VERTEX_POINT('',#4696);
#4696 = CARTESIAN_POINT('',(228.,55.,95.));
#4697 = LINE('',#4698,#4699);
#4698 = CARTESIAN_POINT('',(132.,55.,95.));
#4699 = VECTOR('',#4700,1.);
#4700 = DIRECTION('',(1.,0.,0.));
#4701 = ORIENTED_EDGE('',*,*,#4654,.T.);
#4702 = ORIENTED_EDGE('',*,*,#4703,.T.);
#4703 = EDGE_CURVE('',#4657,#4704,#4706,.T.);
#4704 = VERTEX_POINT('',#4705);
#4705 = CARTESIAN_POINT('',(228.,55.,100.));
#4706 = LINE('',#4707,#4708);
#4707 = CARTESIAN_POINT('',(132.,55.,100.));
#4708 = VECTOR('',#4709,1.);
#4709 = DIRECTION('',(1.,0.,0.));
#4710 = ORIENTED_EDGE('',*,*,#4711,.F.);
#4711 = EDGE_CURVE('',#4695,#4704,#4712,.T.);
#4712 = LINE('',#4713,#4714);
#4713 = CARTESIAN_POINT('',(228.,55.,95.));
#4714 = VECTOR('',#4715,1.);
#4715 = DIRECTION('',(0.,0.,1.));
#4716 = PLANE('',#4717);
#4717 = AXIS2_PLACEMENT_3D('',#4718,#4719,#4720);
#4718 = CARTESIAN_POINT('',(132.,55.,95.));
#4719 = DIRECTION('',(0.,1.,0.));
#4720 = DIRECTION('',(0.,0.,1.));
#4721 = ADVANCED_FACE('',(#4722,#4740,#4776),#4812,.T.);
#4722 = FACE_BOUND('',#4723,.T.);
#4723 = EDGE_LOOP('',(#4724,#4725,#4726,#4734));
#4724 = ORIENTED_EDGE('',*,*,#4680,.F.);
#4725 = ORIENTED_EDGE('',*,*,#4703,.T.);
#4726 = ORIENTED_EDGE('',*,*,#4727,.T.);
#4727 = EDGE_CURVE('',#4704,#4728,#4730,.T.);
#4728 = VERTEX_POINT('',#4729);
#4729 = CARTESIAN_POINT('',(228.,105.,100.));
#4730 = LINE('',#4731,#4732);
#4731 = CARTESIAN_POINT('',(228.,55.,100.));
#4732 = VECTOR('',#4733,1.);
#4733 = DIRECTION('',(0.,1.,0.));
#4734 = ORIENTED_EDGE('',*,*,#4735,.F.);
#4735 = EDGE_CURVE('',#4673,#4728,#4736,.T.);
#4736 = LINE('',#4737,#4738);
#4737 = CARTESIAN_POINT('',(132.,105.,100.));
#4738 = VECTOR('',#4739,1.);
#4739 = DIRECTION('',(1.,0.,0.));
#4740 = FACE_BOUND('',#4741,.T.);
#4741 = EDGE_LOOP('',(#4742,#4753,#4761,#4770));
#4742 = ORIENTED_EDGE('',*,*,#4743,.F.);
#4743 = EDGE_CURVE('',#4744,#4746,#4748,.T.);
#4744 = VERTEX_POINT('',#4745);
#4745 = CARTESIAN_POINT('',(142.25,70.,100.));
#4746 = VERTEX_POINT('',#4747);
#4747 = CARTESIAN_POINT('',(147.75,70.,100.));
#4748 = CIRCLE('',#4749,2.75);
#4749 = AXIS2_PLACEMENT_3D('',#4750,#4751,#4752);
#4750 = CARTESIAN_POINT('',(145.,70.,100.));
#4751 = DIRECTION('',(0.,0.,1.));
#4752 = DIRECTION('',(1.,0.,0.));
#4753 = ORIENTED_EDGE('',*,*,#4754,.T.);
#4754 = EDGE_CURVE('',#4744,#4755,#4757,.T.);
#4755 = VERTEX_POINT('',#4756);
#4756 = CARTESIAN_POINT('',(142.25,90.,100.));
#4757 = LINE('',#4758,#4759);
#4758 = CARTESIAN_POINT('',(142.25,62.5,100.));
#4759 = VECTOR('',#4760,1.);
#4760 = DIRECTION('',(0.,1.,0.));
#4761 = ORIENTED_EDGE('',*,*,#4762,.F.);
#4762 = EDGE_CURVE('',#4763,#4755,#4765,.T.);
#4763 = VERTEX_POINT('',#4764);
#4764 = CARTESIAN_POINT('',(147.75,90.,100.));
#4765 = CIRCLE('',#4766,2.75);
#4766 = AXIS2_PLACEMENT_3D('',#4767,#4768,#4769);
#4767 = CARTESIAN_POINT('',(145.,90.,100.));
#4768 = DIRECTION('',(0.,0.,1.));
#4769 = DIRECTION('',(1.,0.,0.));
#4770 = ORIENTED_EDGE('',*,*,#4771,.F.);
#4771 = EDGE_CURVE('',#4746,#4763,#4772,.T.);
#4772 = LINE('',#4773,#4774);
#4773 = CARTESIAN_POINT('',(147.75,62.5,100.));
#4774 = VECTOR('',#4775,1.);
#4775 = DIRECTION('',(0.,1.,0.));
#4776 = FACE_BOUND('',#4777,.T.);
#4777 = EDGE_LOOP('',(#4778,#4789,#4797,#4806));
#4778 = ORIENTED_EDGE('',*,*,#4779,.F.);
#4779 = EDGE_CURVE('',#4780,#4782,#4784,.T.);
#4780 = VERTEX_POINT('',#4781);
#4781 = CARTESIAN_POINT('',(212.25,70.,100.));
#4782 = VERTEX_POINT('',#4783);
#4783 = CARTESIAN_POINT('',(217.75,70.,100.));
#4784 = CIRCLE('',#4785,2.75);
#4785 = AXIS2_PLACEMENT_3D('',#4786,#4787,#4788);
#4786 = CARTESIAN_POINT('',(215.,70.,100.));
#4787 = DIRECTION('',(0.,0.,1.));
#4788 = DIRECTION('',(1.,0.,0.));
#4789 = ORIENTED_EDGE('',*,*,#4790,.T.);
#4790 = EDGE_CURVE('',#4780,#4791,#4793,.T.);
#4791 = VERTEX_POINT('',#4792);
#4792 = CARTESIAN_POINT('',(212.25,90.,100.));
#4793 = LINE('',#4794,#4795);
#4794 = CARTESIAN_POINT('',(212.25,62.5,100.));
#4795 = VECTOR('',#4796,1.);
#4796 = DIRECTION('',(0.,1.,0.));
#4797 = ORIENTED_EDGE('',*,*,#4798,.F.);
#4798 = EDGE_CURVE('',#4799,#4791,#4801,.T.);
#4799 = VERTEX_POINT('',#4800);
#4800 = CARTESIAN_POINT('',(217.75,90.,100.));
#4801 = CIRCLE('',#4802,2.75);
#4802 = AXIS2_PLACEMENT_3D('',#4803,#4804,#4805);
#4803 = CARTESIAN_POINT('',(215.,90.,100.));
#4804 = DIRECTION('',(0.,0.,1.));
#4805 = DIRECTION('',(1.,0.,0.));
#4806 = ORIENTED_EDGE('',*,*,#4807,.F.);
#4807 = EDGE_CURVE('',#4782,#4799,#4808,.T.);
#4808 = LINE('',#4809,#4810);
#4809 = CARTESIAN_POINT('',(217.75,62.5,100.));
#4810 = VECTOR('',#4811,1.);
#4811 = DIRECTION('',(0.,1.,0.));
#4812 = PLANE('',#4813);
#4813 = AXIS2_PLACEMENT_3D('',#4814,#4815,#4816);
#4814 = CARTESIAN_POINT('',(132.,55.,100.));
#4815 = DIRECTION('',(0.,0.,1.));
#4816 = DIRECTION('',(1.,0.,0.));
#4817 = ADVANCED_FACE('',(#4818),#4836,.T.);
#4818 = FACE_BOUND('',#4819,.T.);
#4819 = EDGE_LOOP('',(#4820,#4828,#4829,#4830));
#4820 = ORIENTED_EDGE('',*,*,#4821,.F.);
#4821 = EDGE_CURVE('',#4665,#4822,#4824,.T.);
#4822 = VERTEX_POINT('',#4823);
#4823 = CARTESIAN_POINT('',(228.,105.,95.));
#4824 = LINE('',#4825,#4826);
#4825 = CARTESIAN_POINT('',(132.,105.,95.));
#4826 = VECTOR('',#4827,1.);
#4827 = DIRECTION('',(1.,0.,0.));
#4828 = ORIENTED_EDGE('',*,*,#4672,.T.);
#4829 = ORIENTED_EDGE('',*,*,#4735,.T.);
#4830 = ORIENTED_EDGE('',*,*,#4831,.F.);
#4831 = EDGE_CURVE('',#4822,#4728,#4832,.T.);
#4832 = LINE('',#4833,#4834);
#4833 = CARTESIAN_POINT('',(228.,105.,95.));
#4834 = VECTOR('',#4835,1.);
#4835 = DIRECTION('',(0.,0.,1.));
#4836 = PLANE('',#4837);
#4837 = AXIS2_PLACEMENT_3D('',#4838,#4839,#4840);
#4838 = CARTESIAN_POINT('',(132.,105.,95.));
#4839 = DIRECTION('',(0.,1.,0.));
#4840 = DIRECTION('',(0.,0.,1.));
#4841 = ADVANCED_FACE('',(#4842,#4853,#4889),#4925,.F.);
#4842 = FACE_BOUND('',#4843,.F.);
#4843 = EDGE_LOOP('',(#4844,#4845,#4846,#4852));
#4844 = ORIENTED_EDGE('',*,*,#4664,.F.);
#4845 = ORIENTED_EDGE('',*,*,#4694,.T.);
#4846 = ORIENTED_EDGE('',*,*,#4847,.T.);
#4847 = EDGE_CURVE('',#4695,#4822,#4848,.T.);
#4848 = LINE('',#4849,#4850);
#4849 = CARTESIAN_POINT('',(228.,55.,95.));
#4850 = VECTOR('',#4851,1.);
#4851 = DIRECTION('',(0.,1.,0.));
#4852 = ORIENTED_EDGE('',*,*,#4821,.F.);
#4853 = FACE_BOUND('',#4854,.F.);
#4854 = EDGE_LOOP('',(#4855,#4866,#4874,#4883));
#4855 = ORIENTED_EDGE('',*,*,#4856,.F.);
#4856 = EDGE_CURVE('',#4857,#4859,#4861,.T.);
#4857 = VERTEX_POINT('',#4858);
#4858 = CARTESIAN_POINT('',(142.25,70.,95.));
#4859 = VERTEX_POINT('',#4860);
#4860 = CARTESIAN_POINT('',(147.75,70.,95.));
#4861 = CIRCLE('',#4862,2.75);
#4862 = AXIS2_PLACEMENT_3D('',#4863,#4864,#4865);
#4863 = CARTESIAN_POINT('',(145.,70.,95.));
#4864 = DIRECTION('',(0.,0.,1.));
#4865 = DIRECTION('',(1.,0.,0.));
#4866 = ORIENTED_EDGE('',*,*,#4867,.T.);
#4867 = EDGE_CURVE('',#4857,#4868,#4870,.T.);
#4868 = VERTEX_POINT('',#4869);
#4869 = CARTESIAN_POINT('',(142.25,90.,95.));
#4870 = LINE('',#4871,#4872);
#4871 = CARTESIAN_POINT('',(142.25,62.5,95.));
#4872 = VECTOR('',#4873,1.);
#4873 = DIRECTION('',(0.,1.,0.));
#4874 = ORIENTED_EDGE('',*,*,#4875,.F.);
#4875 = EDGE_CURVE('',#4876,#4868,#4878,.T.);
#4876 = VERTEX_POINT('',#4877);
#4877 = CARTESIAN_POINT('',(147.75,90.,95.));
#4878 = CIRCLE('',#4879,2.75);
#4879 = AXIS2_PLACEMENT_3D('',#4880,#4881,#4882);
#4880 = CARTESIAN_POINT('',(145.,90.,95.));
#4881 = DIRECTION('',(0.,0.,1.));
#4882 = DIRECTION('',(1.,0.,0.));
#4883 = ORIENTED_EDGE('',*,*,#4884,.F.);
#4884 = EDGE_CURVE('',#4859,#4876,#4885,.T.);
#4885 = LINE('',#4886,#4887);
#4886 = CARTESIAN_POINT('',(147.75,62.5,95.));
#4887 = VECTOR('',#4888,1.);
#4888 = DIRECTION('',(0.,1.,0.));
#4889 = FACE_BOUND('',#4890,.F.);
#4890 = EDGE_LOOP('',(#4891,#4902,#4910,#4919));
#4891 = ORIENTED_EDGE('',*,*,#4892,.F.);
#4892 = EDGE_CURVE('',#4893,#4895,#4897,.T.);
#4893 = VERTEX_POINT('',#4894);
#4894 = CARTESIAN_POINT('',(212.25,70.,95.));
#4895 = VERTEX_POINT('',#4896);
#4896 = CARTESIAN_POINT('',(217.75,70.,95.));
#4897 = CIRCLE('',#4898,2.75);
#4898 = AXIS2_PLACEMENT_3D('',#4899,#4900,#4901);
#4899 = CARTESIAN_POINT('',(215.,70.,95.));
#4900 = DIRECTION('',(0.,0.,1.));
#4901 = DIRECTION('',(1.,0.,0.));
#4902 = ORIENTED_EDGE('',*,*,#4903,.T.);
#4903 = EDGE_CURVE('',#4893,#4904,#4906,.T.);
#4904 = VERTEX_POINT('',#4905);
#4905 = CARTESIAN_POINT('',(212.25,90.,95.));
#4906 = LINE('',#4907,#4908);
#4907 = CARTESIAN_POINT('',(212.25,62.5,95.));
#4908 = VECTOR('',#4909,1.);
#4909 = DIRECTION('',(0.,1.,0.));
#4910 = ORIENTED_EDGE('',*,*,#4911,.F.);
#4911 = EDGE_CURVE('',#4912,#4904,#4914,.T.);
#4912 = VERTEX_POINT('',#4913);
#4913 = CARTESIAN_POINT('',(217.75,90.,95.));
#4914 = CIRCLE('',#4915,2.75);
#4915 = AXIS2_PLACEMENT_3D('',#4916,#4917,#4918);
#4916 = CARTESIAN_POINT('',(215.,90.,95.));
#4917 = DIRECTION('',(0.,0.,1.));
#4918 = DIRECTION('',(1.,0.,0.));
#4919 = ORIENTED_EDGE('',*,*,#4920,.F.);
#4920 = EDGE_CURVE('',#4895,#4912,#4921,.T.);
#4921 = LINE('',#4922,#4923);
#4922 = CARTESIAN_POINT('',(217.75,62.5,95.));
#4923 = VECTOR('',#4924,1.);
#4924 = DIRECTION('',(0.,1.,0.));
#4925 = PLANE('',#4926);
#4926 = AXIS2_PLACEMENT_3D('',#4927,#4928,#4929);
#4927 = CARTESIAN_POINT('',(132.,55.,95.));
#4928 = DIRECTION('',(0.,0.,1.));
#4929 = DIRECTION('',(1.,0.,0.));
#4930 = ADVANCED_FACE('',(#4931),#4937,.T.);
#4931 = FACE_BOUND('',#4932,.T.);
#4932 = EDGE_LOOP('',(#4933,#4934,#4935,#4936));
#4933 = ORIENTED_EDGE('',*,*,#4711,.F.);
#4934 = ORIENTED_EDGE('',*,*,#4847,.T.);
#4935 = ORIENTED_EDGE('',*,*,#4831,.T.);
#4936 = ORIENTED_EDGE('',*,*,#4727,.F.);
#4937 = PLANE('',#4938);
#4938 = AXIS2_PLACEMENT_3D('',#4939,#4940,#4941);
#4939 = CARTESIAN_POINT('',(228.,55.,95.));
#4940 = DIRECTION('',(1.,0.,0.));
#4941 = DIRECTION('',(0.,0.,1.));
#4942 = ADVANCED_FACE('',(#4943),#4959,.F.);
#4943 = FACE_BOUND('',#4944,.F.);
#4944 = EDGE_LOOP('',(#4945,#4946,#4952,#4953));
#4945 = ORIENTED_EDGE('',*,*,#4856,.T.);
#4946 = ORIENTED_EDGE('',*,*,#4947,.T.);
#4947 = EDGE_CURVE('',#4859,#4746,#4948,.T.);
#4948 = LINE('',#4949,#4950);
#4949 = CARTESIAN_POINT('',(147.75,70.,94.));
#4950 = VECTOR('',#4951,1.);
#4951 = DIRECTION('',(0.,0.,1.));
#4952 = ORIENTED_EDGE('',*,*,#4743,.F.);
#4953 = ORIENTED_EDGE('',*,*,#4954,.F.);
#4954 = EDGE_CURVE('',#4857,#4744,#4955,.T.);
#4955 = LINE('',#4956,#4957);
#4956 = CARTESIAN_POINT('',(142.25,70.,94.));
#4957 = VECTOR('',#4958,1.);
#4958 = DIRECTION('',(0.,0.,1.));
#4959 = CYLINDRICAL_SURFACE('',#4960,2.75);
#4960 = AXIS2_PLACEMENT_3D('',#4961,#4962,#4963);
#4961 = CARTESIAN_POINT('',(145.,70.,94.));
#4962 = DIRECTION('',(0.,0.,1.));
#4963 = DIRECTION('',(1.,0.,0.));
#4964 = ADVANCED_FACE('',(#4965),#4976,.T.);
#4965 = FACE_BOUND('',#4966,.T.);
#4966 = EDGE_LOOP('',(#4967,#4968,#4969,#4975));
#4967 = ORIENTED_EDGE('',*,*,#4954,.F.);
#4968 = ORIENTED_EDGE('',*,*,#4867,.T.);
#4969 = ORIENTED_EDGE('',*,*,#4970,.T.);
#4970 = EDGE_CURVE('',#4868,#4755,#4971,.T.);
#4971 = LINE('',#4972,#4973);
#4972 = CARTESIAN_POINT('',(142.25,90.,94.));
#4973 = VECTOR('',#4974,1.);
#4974 = DIRECTION('',(0.,0.,1.));
#4975 = ORIENTED_EDGE('',*,*,#4754,.F.);
#4976 = PLANE('',#4977);
#4977 = AXIS2_PLACEMENT_3D('',#4978,#4979,#4980);
#4978 = CARTESIAN_POINT('',(142.25,70.,94.));
#4979 = DIRECTION('',(1.,0.,0.));
#4980 = DIRECTION('',(0.,0.,1.));
#4981 = ADVANCED_FACE('',(#4982),#4993,.F.);
#4982 = FACE_BOUND('',#4983,.F.);
#4983 = EDGE_LOOP('',(#4984,#4985,#4986,#4992));
#4984 = ORIENTED_EDGE('',*,*,#4947,.F.);
#4985 = ORIENTED_EDGE('',*,*,#4884,.T.);
#4986 = ORIENTED_EDGE('',*,*,#4987,.T.);
#4987 = EDGE_CURVE('',#4876,#4763,#4988,.T.);
#4988 = LINE('',#4989,#4990);
#4989 = CARTESIAN_POINT('',(147.75,90.,94.));
#4990 = VECTOR('',#4991,1.);
#4991 = DIRECTION('',(0.,0.,1.));
#4992 = ORIENTED_EDGE('',*,*,#4771,.F.);
#4993 = PLANE('',#4994);
#4994 = AXIS2_PLACEMENT_3D('',#4995,#4996,#4997);
#4995 = CARTESIAN_POINT('',(147.75,70.,94.));
#4996 = DIRECTION('',(1.,0.,0.));
#4997 = DIRECTION('',(0.,0.,1.));
#4998 = ADVANCED_FACE('',(#4999),#5005,.F.);
#4999 = FACE_BOUND('',#5000,.F.);
#5000 = EDGE_LOOP('',(#5001,#5002,#5003,#5004));
#5001 = ORIENTED_EDGE('',*,*,#4762,.F.);
#5002 = ORIENTED_EDGE('',*,*,#4987,.F.);
#5003 = ORIENTED_EDGE('',*,*,#4875,.T.);
#5004 = ORIENTED_EDGE('',*,*,#4970,.T.);
#5005 = CYLINDRICAL_SURFACE('',#5006,2.75);
#5006 = AXIS2_PLACEMENT_3D('',#5007,#5008,#5009);
#5007 = CARTESIAN_POINT('',(145.,90.,94.));
#5008 = DIRECTION('',(0.,0.,1.));
#5009 = DIRECTION('',(1.,0.,0.));
#5010 = ADVANCED_FACE('',(#5011),#5027,.F.);
#5011 = FACE_BOUND('',#5012,.F.);
#5012 = EDGE_LOOP('',(#5013,#5014,#5020,#5021));
#5013 = ORIENTED_EDGE('',*,*,#4892,.T.);
#5014 = ORIENTED_EDGE('',*,*,#5015,.T.);
#5015 = EDGE_CURVE('',#4895,#4782,#5016,.T.);
#5016 = LINE('',#5017,#5018);
#5017 = CARTESIAN_POINT('',(217.75,70.,94.));
#5018 = VECTOR('',#5019,1.);
#5019 = DIRECTION('',(0.,0.,1.));
#5020 = ORIENTED_EDGE('',*,*,#4779,.F.);
#5021 = ORIENTED_EDGE('',*,*,#5022,.F.);
#5022 = EDGE_CURVE('',#4893,#4780,#5023,.T.);
#5023 = LINE('',#5024,#5025);
#5024 = CARTESIAN_POINT('',(212.25,70.,94.));
#5025 = VECTOR('',#5026,1.);
#5026 = DIRECTION('',(0.,0.,1.));
#5027 = CYLINDRICAL_SURFACE('',#5028,2.75);
#5028 = AXIS2_PLACEMENT_3D('',#5029,#5030,#5031);
#5029 = CARTESIAN_POINT('',(215.,70.,94.));
#5030 = DIRECTION('',(0.,0.,1.));
#5031 = DIRECTION('',(1.,0.,0.));
#5032 = ADVANCED_FACE('',(#5033),#5044,.F.);
#5033 = FACE_BOUND('',#5034,.F.);
#5034 = EDGE_LOOP('',(#5035,#5036,#5037,#5043));
#5035 = ORIENTED_EDGE('',*,*,#5015,.F.);
#5036 = ORIENTED_EDGE('',*,*,#4920,.T.);
#5037 = ORIENTED_EDGE('',*,*,#5038,.T.);
#5038 = EDGE_CURVE('',#4912,#4799,#5039,.T.);
#5039 = LINE('',#5040,#5041);
#5040 = CARTESIAN_POINT('',(217.75,90.,94.));
#5041 = VECTOR('',#5042,1.);
#5042 = DIRECTION('',(0.,0.,1.));
#5043 = ORIENTED_EDGE('',*,*,#4807,.F.);
#5044 = PLANE('',#5045);
#5045 = AXIS2_PLACEMENT_3D('',#5046,#5047,#5048);
#5046 = CARTESIAN_POINT('',(217.75,70.,94.));
#5047 = DIRECTION('',(1.,0.,0.));
#5048 = DIRECTION('',(0.,0.,1.));
#5049 = ADVANCED_FACE('',(#5050),#5061,.F.);
#5050 = FACE_BOUND('',#5051,.F.);
#5051 = EDGE_LOOP('',(#5052,#5053,#5054,#5055));
#5052 = ORIENTED_EDGE('',*,*,#4798,.F.);
#5053 = ORIENTED_EDGE('',*,*,#5038,.F.);
#5054 = ORIENTED_EDGE('',*,*,#4911,.T.);
#5055 = ORIENTED_EDGE('',*,*,#5056,.T.);
#5056 = EDGE_CURVE('',#4904,#4791,#5057,.T.);
#5057 = LINE('',#5058,#5059);
#5058 = CARTESIAN_POINT('',(212.25,90.,94.));
#5059 = VECTOR('',#5060,1.);
#5060 = DIRECTION('',(0.,0.,1.));
#5061 = CYLINDRICAL_SURFACE('',#5062,2.75);
#5062 = AXIS2_PLACEMENT_3D('',#5063,#5064,#5065);
#5063 = CARTESIAN_POINT('',(215.,90.,94.));
#5064 = DIRECTION('',(0.,0.,1.));
#5065 = DIRECTION('',(1.,0.,0.));
#5066 = ADVANCED_FACE('',(#5067),#5073,.T.);
#5067 = FACE_BOUND('',#5068,.T.);
#5068 = EDGE_LOOP('',(#5069,#5070,#5071,#5072));
#5069 = ORIENTED_EDGE('',*,*,#5022,.F.);
#5070 = ORIENTED_EDGE('',*,*,#4903,.T.);
#5071 = ORIENTED_EDGE('',*,*,#5056,.T.);
#5072 = ORIENTED_EDGE('',*,*,#4790,.F.);
#5073 = PLANE('',#5074);
#5074 = AXIS2_PLACEMENT_3D('',#5075,#5076,#5077);
#5075 = CARTESIAN_POINT('',(212.25,70.,94.));
#5076 = DIRECTION('',(1.,0.,0.));
#5077 = DIRECTION('',(0.,0.,1.));
#5078 = MANIFOLD_SOLID_BREP('',#5079);
#5079 = CLOSED_SHELL('',(#5080,#5113,#5122));
#5080 = ADVANCED_FACE('',(#5081),#5108,.T.);
#5081 = FACE_BOUND('',#5082,.T.);
#5082 = EDGE_LOOP('',(#5083,#5092,#5100,#5107));
#5083 = ORIENTED_EDGE('',*,*,#5084,.F.);
#5084 = EDGE_CURVE('',#5085,#5085,#5087,.T.);
#5085 = VERTEX_POINT('',#5086);
#5086 = CARTESIAN_POINT('',(213.75,80.,107.));
#5087 = CIRCLE('',#5088,2.);
#5088 = AXIS2_PLACEMENT_3D('',#5089,#5090,#5091);
#5089 = CARTESIAN_POINT('',(213.75,80.,105.));
#5090 = DIRECTION('',(1.,0.,-0.));
#5091 = DIRECTION('',(0.,0.,1.));
#5092 = ORIENTED_EDGE('',*,*,#5093,.F.);
#5093 = EDGE_CURVE('',#5094,#5085,#5096,.T.);
#5094 = VERTEX_POINT('',#5095);
#5095 = CARTESIAN_POINT('',(146.25,80.,107.));
#5096 = LINE('',#5097,#5098);
#5097 = CARTESIAN_POINT('',(146.25,80.,107.));
#5098 = VECTOR('',#5099,1.);
#5099 = DIRECTION('',(1.,0.,0.));
#5100 = ORIENTED_EDGE('',*,*,#5101,.T.);
#5101 = EDGE_CURVE('',#5094,#5094,#5102,.T.);
#5102 = CIRCLE('',#5103,2.);
#5103 = AXIS2_PLACEMENT_3D('',#5104,#5105,#5106);
#5104 = CARTESIAN_POINT('',(146.25,80.,105.));
#5105 = DIRECTION('',(1.,0.,-0.));
#5106 = DIRECTION('',(0.,0.,1.));
#5107 = ORIENTED_EDGE('',*,*,#5093,.T.);
#5108 = CYLINDRICAL_SURFACE('',#5109,2.);
#5109 = AXIS2_PLACEMENT_3D('',#5110,#5111,#5112);
#5110 = CARTESIAN_POINT('',(146.25,80.,105.));
#5111 = DIRECTION('',(1.,0.,0.));
#5112 = DIRECTION('',(0.,0.,1.));
#5113 = ADVANCED_FACE('',(#5114),#5117,.T.);
#5114 = FACE_BOUND('',#5115,.T.);
#5115 = EDGE_LOOP('',(#5116));
#5116 = ORIENTED_EDGE('',*,*,#5084,.T.);
#5117 = PLANE('',#5118);
#5118 = AXIS2_PLACEMENT_3D('',#5119,#5120,#5121);
#5119 = CARTESIAN_POINT('',(213.75,80.,105.));
#5120 = DIRECTION('',(1.,0.,0.));
#5121 = DIRECTION('',(0.,0.,1.));
#5122 = ADVANCED_FACE('',(#5123),#5126,.F.);
#5123 = FACE_BOUND('',#5124,.T.);
#5124 = EDGE_LOOP('',(#5125));
#5125 = ORIENTED_EDGE('',*,*,#5101,.F.);
#5126 = PLANE('',#5127);
#5127 = AXIS2_PLACEMENT_3D('',#5128,#5129,#5130);
#5128 = CARTESIAN_POINT('',(146.25,80.,105.));
#5129 = DIRECTION('',(1.,0.,0.));
#5130 = DIRECTION('',(0.,0.,1.));
#5131 = MANIFOLD_SOLID_BREP('',#5132);
#5132 = CLOSED_SHELL('',(#5133,#5184,#5215,#5239,#5263,#5280,#5305));
#5133 = ADVANCED_FACE('',(#5134,#5168),#5179,.F.);
#5134 = FACE_BOUND('',#5135,.F.);
#5135 = EDGE_LOOP('',(#5136,#5146,#5154,#5162));
#5136 = ORIENTED_EDGE('',*,*,#5137,.F.);
#5137 = EDGE_CURVE('',#5138,#5140,#5142,.T.);
#5138 = VERTEX_POINT('',#5139);
#5139 = CARTESIAN_POINT('',(147.25,72.,100.));
#5140 = VERTEX_POINT('',#5141);
#5141 = CARTESIAN_POINT('',(147.25,72.,113.));
#5142 = LINE('',#5143,#5144);
#5143 = CARTESIAN_POINT('',(147.25,72.,100.));
#5144 = VECTOR('',#5145,1.);
#5145 = DIRECTION('',(0.,0.,1.));
#5146 = ORIENTED_EDGE('',*,*,#5147,.T.);
#5147 = EDGE_CURVE('',#5138,#5148,#5150,.T.);
#5148 = VERTEX_POINT('',#5149);
#5149 = CARTESIAN_POINT('',(147.25,88.,100.));
#5150 = LINE('',#5151,#5152);
#5151 = CARTESIAN_POINT('',(147.25,72.,100.));
#5152 = VECTOR('',#5153,1.);
#5153 = DIRECTION('',(0.,1.,0.));
#5154 = ORIENTED_EDGE('',*,*,#5155,.T.);
#5155 = EDGE_CURVE('',#5148,#5156,#5158,.T.);
#5156 = VERTEX_POINT('',#5157);
#5157 = CARTESIAN_POINT('',(147.25,88.,113.));
#5158 = LINE('',#5159,#5160);
#5159 = CARTESIAN_POINT('',(147.25,88.,100.));
#5160 = VECTOR('',#5161,1.);
#5161 = DIRECTION('',(0.,0.,1.));
#5162 = ORIENTED_EDGE('',*,*,#5163,.F.);
#5163 = EDGE_CURVE('',#5140,#5156,#5164,.T.);
#5164 = LINE('',#5165,#5166);
#5165 = CARTESIAN_POINT('',(147.25,72.,113.));
#5166 = VECTOR('',#5167,1.);
#5167 = DIRECTION('',(0.,1.,0.));
#5168 = FACE_BOUND('',#5169,.F.);
#5169 = EDGE_LOOP('',(#5170));
#5170 = ORIENTED_EDGE('',*,*,#5171,.F.);
#5171 = EDGE_CURVE('',#5172,#5172,#5174,.T.);
#5172 = VERTEX_POINT('',#5173);
#5173 = CARTESIAN_POINT('',(147.25,80.,107.1));
#5174 = CIRCLE('',#5175,2.1);
#5175 = AXIS2_PLACEMENT_3D('',#5176,#5177,#5178);
#5176 = CARTESIAN_POINT('',(147.25,80.,105.));
#5177 = DIRECTION('',(1.,0.,-0.));
#5178 = DIRECTION('',(0.,0.,1.));
#5179 = PLANE('',#5180);
#5180 = AXIS2_PLACEMENT_3D('',#5181,#5182,#5183);
#5181 = CARTESIAN_POINT('',(147.25,72.,100.));
#5182 = DIRECTION('',(1.,0.,0.));
#5183 = DIRECTION('',(0.,0.,1.));
#5184 = ADVANCED_FACE('',(#5185),#5210,.F.);
#5185 = FACE_BOUND('',#5186,.F.);
#5186 = EDGE_LOOP('',(#5187,#5195,#5196,#5204));
#5187 = ORIENTED_EDGE('',*,*,#5188,.F.);
#5188 = EDGE_CURVE('',#5138,#5189,#5191,.T.);
#5189 = VERTEX_POINT('',#5190);
#5190 = CARTESIAN_POINT('',(155.25,72.,100.));
#5191 = LINE('',#5192,#5193);
#5192 = CARTESIAN_POINT('',(147.25,72.,100.));
#5193 = VECTOR('',#5194,1.);
#5194 = DIRECTION('',(1.,0.,0.));
#5195 = ORIENTED_EDGE('',*,*,#5137,.T.);
#5196 = ORIENTED_EDGE('',*,*,#5197,.T.);
#5197 = EDGE_CURVE('',#5140,#5198,#5200,.T.);
#5198 = VERTEX_POINT('',#5199);
#5199 = CARTESIAN_POINT('',(155.25,72.,113.));
#5200 = LINE('',#5201,#5202);
#5201 = CARTESIAN_POINT('',(147.25,72.,113.));
#5202 = VECTOR('',#5203,1.);
#5203 = DIRECTION('',(1.,0.,0.));
#5204 = ORIENTED_EDGE('',*,*,#5205,.F.);
#5205 = EDGE_CURVE('',#5189,#5198,#5206,.T.);
#5206 = LINE('',#5207,#5208);
#5207 = CARTESIAN_POINT('',(155.25,72.,100.));
#5208 = VECTOR('',#5209,1.);
#5209 = DIRECTION('',(0.,0.,1.));
#5210 = PLANE('',#5211);
#5211 = AXIS2_PLACEMENT_3D('',#5212,#5213,#5214);
#5212 = CARTESIAN_POINT('',(147.25,72.,100.));
#5213 = DIRECTION('',(0.,1.,0.));
#5214 = DIRECTION('',(0.,0.,1.));
#5215 = ADVANCED_FACE('',(#5216),#5234,.T.);
#5216 = FACE_BOUND('',#5217,.T.);
#5217 = EDGE_LOOP('',(#5218,#5219,#5220,#5228));
#5218 = ORIENTED_EDGE('',*,*,#5163,.F.);
#5219 = ORIENTED_EDGE('',*,*,#5197,.T.);
#5220 = ORIENTED_EDGE('',*,*,#5221,.T.);
#5221 = EDGE_CURVE('',#5198,#5222,#5224,.T.);
#5222 = VERTEX_POINT('',#5223);
#5223 = CARTESIAN_POINT('',(155.25,88.,113.));
#5224 = LINE('',#5225,#5226);
#5225 = CARTESIAN_POINT('',(155.25,72.,113.));
#5226 = VECTOR('',#5227,1.);
#5227 = DIRECTION('',(0.,1.,0.));
#5228 = ORIENTED_EDGE('',*,*,#5229,.F.);
#5229 = EDGE_CURVE('',#5156,#5222,#5230,.T.);
#5230 = LINE('',#5231,#5232);
#5231 = CARTESIAN_POINT('',(147.25,88.,113.));
#5232 = VECTOR('',#5233,1.);
#5233 = DIRECTION('',(1.,0.,0.));
#5234 = PLANE('',#5235);
#5235 = AXIS2_PLACEMENT_3D('',#5236,#5237,#5238);
#5236 = CARTESIAN_POINT('',(147.25,72.,113.));
#5237 = DIRECTION('',(0.,0.,1.));
#5238 = DIRECTION('',(1.,0.,0.));
#5239 = ADVANCED_FACE('',(#5240),#5258,.F.);
#5240 = FACE_BOUND('',#5241,.F.);
#5241 = EDGE_LOOP('',(#5242,#5243,#5244,#5252));
#5242 = ORIENTED_EDGE('',*,*,#5147,.F.);
#5243 = ORIENTED_EDGE('',*,*,#5188,.T.);
#5244 = ORIENTED_EDGE('',*,*,#5245,.T.);
#5245 = EDGE_CURVE('',#5189,#5246,#5248,.T.);
#5246 = VERTEX_POINT('',#5247);
#5247 = CARTESIAN_POINT('',(155.25,88.,100.));
#5248 = LINE('',#5249,#5250);
#5249 = CARTESIAN_POINT('',(155.25,72.,100.));
#5250 = VECTOR('',#5251,1.);
#5251 = DIRECTION('',(0.,1.,0.));
#5252 = ORIENTED_EDGE('',*,*,#5253,.F.);
#5253 = EDGE_CURVE('',#5148,#5246,#5254,.T.);
#5254 = LINE('',#5255,#5256);
#5255 = CARTESIAN_POINT('',(147.25,88.,100.));
#5256 = VECTOR('',#5257,1.);
#5257 = DIRECTION('',(1.,0.,0.));
#5258 = PLANE('',#5259);
#5259 = AXIS2_PLACEMENT_3D('',#5260,#5261,#5262);
#5260 = CARTESIAN_POINT('',(147.25,72.,100.));
#5261 = DIRECTION('',(0.,0.,1.));
#5262 = DIRECTION('',(1.,0.,0.));
#5263 = ADVANCED_FACE('',(#5264),#5275,.T.);
#5264 = FACE_BOUND('',#5265,.T.);
#5265 = EDGE_LOOP('',(#5266,#5267,#5268,#5269));
#5266 = ORIENTED_EDGE('',*,*,#5253,.F.);
#5267 = ORIENTED_EDGE('',*,*,#5155,.T.);
#5268 = ORIENTED_EDGE('',*,*,#5229,.T.);
#5269 = ORIENTED_EDGE('',*,*,#5270,.F.);
#5270 = EDGE_CURVE('',#5246,#5222,#5271,.T.);
#5271 = LINE('',#5272,#5273);
#5272 = CARTESIAN_POINT('',(155.25,88.,100.));
#5273 = VECTOR('',#5274,1.);
#5274 = DIRECTION('',(0.,0.,1.));
#5275 = PLANE('',#5276);
#5276 = AXIS2_PLACEMENT_3D('',#5277,#5278,#5279);
#5277 = CARTESIAN_POINT('',(147.25,88.,100.));
#5278 = DIRECTION('',(0.,1.,0.));
#5279 = DIRECTION('',(0.,0.,1.));
#5280 = ADVANCED_FACE('',(#5281),#5300,.F.);
#5281 = FACE_BOUND('',#5282,.F.);
#5282 = EDGE_LOOP('',(#5283,#5292,#5298,#5299));
#5283 = ORIENTED_EDGE('',*,*,#5284,.F.);
#5284 = EDGE_CURVE('',#5285,#5285,#5287,.T.);
#5285 = VERTEX_POINT('',#5286);
#5286 = CARTESIAN_POINT('',(155.25,80.,107.1));
#5287 = CIRCLE('',#5288,2.1);
#5288 = AXIS2_PLACEMENT_3D('',#5289,#5290,#5291);
#5289 = CARTESIAN_POINT('',(155.25,80.,105.));
#5290 = DIRECTION('',(1.,0.,-0.));
#5291 = DIRECTION('',(0.,0.,1.));
#5292 = ORIENTED_EDGE('',*,*,#5293,.F.);
#5293 = EDGE_CURVE('',#5172,#5285,#5294,.T.);
#5294 = LINE('',#5295,#5296);
#5295 = CARTESIAN_POINT('',(146.25,80.,107.1));
#5296 = VECTOR('',#5297,1.);
#5297 = DIRECTION('',(1.,0.,0.));
#5298 = ORIENTED_EDGE('',*,*,#5171,.T.);
#5299 = ORIENTED_EDGE('',*,*,#5293,.T.);
#5300 = CYLINDRICAL_SURFACE('',#5301,2.1);
#5301 = AXIS2_PLACEMENT_3D('',#5302,#5303,#5304);
#5302 = CARTESIAN_POINT('',(146.25,80.,105.));
#5303 = DIRECTION('',(1.,0.,0.));
#5304 = DIRECTION('',(0.,0.,1.));
#5305 = ADVANCED_FACE('',(#5306,#5312),#5315,.T.);
#5306 = FACE_BOUND('',#5307,.T.);
#5307 = EDGE_LOOP('',(#5308,#5309,#5310,#5311));
#5308 = ORIENTED_EDGE('',*,*,#5205,.F.);
#5309 = ORIENTED_EDGE('',*,*,#5245,.T.);
#5310 = ORIENTED_EDGE('',*,*,#5270,.T.);
#5311 = ORIENTED_EDGE('',*,*,#5221,.F.);
#5312 = FACE_BOUND('',#5313,.T.);
#5313 = EDGE_LOOP('',(#5314));
#5314 = ORIENTED_EDGE('',*,*,#5284,.F.);
#5315 = PLANE('',#5316);
#5316 = AXIS2_PLACEMENT_3D('',#5317,#5318,#5319);
#5317 = CARTESIAN_POINT('',(155.25,72.,100.));
#5318 = DIRECTION('',(1.,0.,0.));
#5319 = DIRECTION('',(0.,0.,1.));
#5320 = MANIFOLD_SOLID_BREP('',#5321);
#5321 = CLOSED_SHELL('',(#5322,#5373,#5404,#5428,#5452,#5469,#5494));
#5322 = ADVANCED_FACE('',(#5323,#5357),#5368,.F.);
#5323 = FACE_BOUND('',#5324,.F.);
#5324 = EDGE_LOOP('',(#5325,#5335,#5343,#5351));
#5325 = ORIENTED_EDGE('',*,*,#5326,.F.);
#5326 = EDGE_CURVE('',#5327,#5329,#5331,.T.);
#5327 = VERTEX_POINT('',#5328);
#5328 = CARTESIAN_POINT('',(204.75,72.,100.));
#5329 = VERTEX_POINT('',#5330);
#5330 = CARTESIAN_POINT('',(204.75,72.,113.));
#5331 = LINE('',#5332,#5333);
#5332 = CARTESIAN_POINT('',(204.75,72.,100.));
#5333 = VECTOR('',#5334,1.);
#5334 = DIRECTION('',(0.,0.,1.));
#5335 = ORIENTED_EDGE('',*,*,#5336,.T.);
#5336 = EDGE_CURVE('',#5327,#5337,#5339,.T.);
#5337 = VERTEX_POINT('',#5338);
#5338 = CARTESIAN_POINT('',(204.75,88.,100.));
#5339 = LINE('',#5340,#5341);
#5340 = CARTESIAN_POINT('',(204.75,72.,100.));
#5341 = VECTOR('',#5342,1.);
#5342 = DIRECTION('',(0.,1.,0.));
#5343 = ORIENTED_EDGE('',*,*,#5344,.T.);
#5344 = EDGE_CURVE('',#5337,#5345,#5347,.T.);
#5345 = VERTEX_POINT('',#5346);
#5346 = CARTESIAN_POINT('',(204.75,88.,113.));
#5347 = LINE('',#5348,#5349);
#5348 = CARTESIAN_POINT('',(204.75,88.,100.));
#5349 = VECTOR('',#5350,1.);
#5350 = DIRECTION('',(0.,0.,1.));
#5351 = ORIENTED_EDGE('',*,*,#5352,.F.);
#5352 = EDGE_CURVE('',#5329,#5345,#5353,.T.);
#5353 = LINE('',#5354,#5355);
#5354 = CARTESIAN_POINT('',(204.75,72.,113.));
#5355 = VECTOR('',#5356,1.);
#5356 = DIRECTION('',(0.,1.,0.));
#5357 = FACE_BOUND('',#5358,.F.);
#5358 = EDGE_LOOP('',(#5359));
#5359 = ORIENTED_EDGE('',*,*,#5360,.F.);
#5360 = EDGE_CURVE('',#5361,#5361,#5363,.T.);
#5361 = VERTEX_POINT('',#5362);
#5362 = CARTESIAN_POINT('',(204.75,80.,107.1));
#5363 = CIRCLE('',#5364,2.1);
#5364 = AXIS2_PLACEMENT_3D('',#5365,#5366,#5367);
#5365 = CARTESIAN_POINT('',(204.75,80.,105.));
#5366 = DIRECTION('',(1.,0.,-0.));
#5367 = DIRECTION('',(0.,0.,1.));
#5368 = PLANE('',#5369);
#5369 = AXIS2_PLACEMENT_3D('',#5370,#5371,#5372);
#5370 = CARTESIAN_POINT('',(204.75,72.,100.));
#5371 = DIRECTION('',(1.,0.,0.));
#5372 = DIRECTION('',(0.,0.,1.));
#5373 = ADVANCED_FACE('',(#5374),#5399,.F.);
#5374 = FACE_BOUND('',#5375,.F.);
#5375 = EDGE_LOOP('',(#5376,#5384,#5385,#5393));
#5376 = ORIENTED_EDGE('',*,*,#5377,.F.);
#5377 = EDGE_CURVE('',#5327,#5378,#5380,.T.);
#5378 = VERTEX_POINT('',#5379);
#5379 = CARTESIAN_POINT('',(212.75,72.,100.));
#5380 = LINE('',#5381,#5382);
#5381 = CARTESIAN_POINT('',(204.75,72.,100.));
#5382 = VECTOR('',#5383,1.);
#5383 = DIRECTION('',(1.,0.,0.));
#5384 = ORIENTED_EDGE('',*,*,#5326,.T.);
#5385 = ORIENTED_EDGE('',*,*,#5386,.T.);
#5386 = EDGE_CURVE('',#5329,#5387,#5389,.T.);
#5387 = VERTEX_POINT('',#5388);
#5388 = CARTESIAN_POINT('',(212.75,72.,113.));
#5389 = LINE('',#5390,#5391);
#5390 = CARTESIAN_POINT('',(204.75,72.,113.));
#5391 = VECTOR('',#5392,1.);
#5392 = DIRECTION('',(1.,0.,0.));
#5393 = ORIENTED_EDGE('',*,*,#5394,.F.);
#5394 = EDGE_CURVE('',#5378,#5387,#5395,.T.);
#5395 = LINE('',#5396,#5397);
#5396 = CARTESIAN_POINT('',(212.75,72.,100.));
#5397 = VECTOR('',#5398,1.);
#5398 = DIRECTION('',(0.,0.,1.));
#5399 = PLANE('',#5400);
#5400 = AXIS2_PLACEMENT_3D('',#5401,#5402,#5403);
#5401 = CARTESIAN_POINT('',(204.75,72.,100.));
#5402 = DIRECTION('',(0.,1.,0.));
#5403 = DIRECTION('',(0.,0.,1.));
#5404 = ADVANCED_FACE('',(#5405),#5423,.T.);
#5405 = FACE_BOUND('',#5406,.T.);
#5406 = EDGE_LOOP('',(#5407,#5408,#5409,#5417));
#5407 = ORIENTED_EDGE('',*,*,#5352,.F.);
#5408 = ORIENTED_EDGE('',*,*,#5386,.T.);
#5409 = ORIENTED_EDGE('',*,*,#5410,.T.);
#5410 = EDGE_CURVE('',#5387,#5411,#5413,.T.);
#5411 = VERTEX_POINT('',#5412);
#5412 = CARTESIAN_POINT('',(212.75,88.,113.));
#5413 = LINE('',#5414,#5415);
#5414 = CARTESIAN_POINT('',(212.75,72.,113.));
#5415 = VECTOR('',#5416,1.);
#5416 = DIRECTION('',(0.,1.,0.));
#5417 = ORIENTED_EDGE('',*,*,#5418,.F.);
#5418 = EDGE_CURVE('',#5345,#5411,#5419,.T.);
#5419 = LINE('',#5420,#5421);
#5420 = CARTESIAN_POINT('',(204.75,88.,113.));
#5421 = VECTOR('',#5422,1.);
#5422 = DIRECTION('',(1.,0.,0.));
#5423 = PLANE('',#5424);
#5424 = AXIS2_PLACEMENT_3D('',#5425,#5426,#5427);
#5425 = CARTESIAN_POINT('',(204.75,72.,113.));
#5426 = DIRECTION('',(0.,0.,1.));
#5427 = DIRECTION('',(1.,0.,0.));
#5428 = ADVANCED_FACE('',(#5429),#5447,.F.);
#5429 = FACE_BOUND('',#5430,.F.);
#5430 = EDGE_LOOP('',(#5431,#5432,#5433,#5441));
#5431 = ORIENTED_EDGE('',*,*,#5336,.F.);
#5432 = ORIENTED_EDGE('',*,*,#5377,.T.);
#5433 = ORIENTED_EDGE('',*,*,#5434,.T.);
#5434 = EDGE_CURVE('',#5378,#5435,#5437,.T.);
#5435 = VERTEX_POINT('',#5436);
#5436 = CARTESIAN_POINT('',(212.75,88.,100.));
#5437 = LINE('',#5438,#5439);
#5438 = CARTESIAN_POINT('',(212.75,72.,100.));
#5439 = VECTOR('',#5440,1.);
#5440 = DIRECTION('',(0.,1.,0.));
#5441 = ORIENTED_EDGE('',*,*,#5442,.F.);
#5442 = EDGE_CURVE('',#5337,#5435,#5443,.T.);
#5443 = LINE('',#5444,#5445);
#5444 = CARTESIAN_POINT('',(204.75,88.,100.));
#5445 = VECTOR('',#5446,1.);
#5446 = DIRECTION('',(1.,0.,0.));
#5447 = PLANE('',#5448);
#5448 = AXIS2_PLACEMENT_3D('',#5449,#5450,#5451);
#5449 = CARTESIAN_POINT('',(204.75,72.,100.));
#5450 = DIRECTION('',(0.,0.,1.));
#5451 = DIRECTION('',(1.,0.,0.));
#5452 = ADVANCED_FACE('',(#5453),#5464,.T.);
#5453 = FACE_BOUND('',#5454,.T.);
#5454 = EDGE_LOOP('',(#5455,#5456,#5457,#5458));
#5455 = ORIENTED_EDGE('',*,*,#5442,.F.);
#5456 = ORIENTED_EDGE('',*,*,#5344,.T.);
#5457 = ORIENTED_EDGE('',*,*,#5418,.T.);
#5458 = ORIENTED_EDGE('',*,*,#5459,.F.);
#5459 = EDGE_CURVE('',#5435,#5411,#5460,.T.);
#5460 = LINE('',#5461,#5462);
#5461 = CARTESIAN_POINT('',(212.75,88.,100.));
#5462 = VECTOR('',#5463,1.);
#5463 = DIRECTION('',(0.,0.,1.));
#5464 = PLANE('',#5465);
#5465 = AXIS2_PLACEMENT_3D('',#5466,#5467,#5468);
#5466 = CARTESIAN_POINT('',(204.75,88.,100.));
#5467 = DIRECTION('',(0.,1.,0.));
#5468 = DIRECTION('',(0.,0.,1.));
#5469 = ADVANCED_FACE('',(#5470),#5489,.F.);
#5470 = FACE_BOUND('',#5471,.F.);
#5471 = EDGE_LOOP('',(#5472,#5481,#5487,#5488));
#5472 = ORIENTED_EDGE('',*,*,#5473,.F.);
#5473 = EDGE_CURVE('',#5474,#5474,#5476,.T.);
#5474 = VERTEX_POINT('',#5475);
#5475 = CARTESIAN_POINT('',(212.75,80.,107.1));
#5476 = CIRCLE('',#5477,2.1);
#5477 = AXIS2_PLACEMENT_3D('',#5478,#5479,#5480);
#5478 = CARTESIAN_POINT('',(212.75,80.,105.));
#5479 = DIRECTION('',(1.,0.,-0.));
#5480 = DIRECTION('',(0.,0.,1.));
#5481 = ORIENTED_EDGE('',*,*,#5482,.F.);
#5482 = EDGE_CURVE('',#5361,#5474,#5483,.T.);
#5483 = LINE('',#5484,#5485);
#5484 = CARTESIAN_POINT('',(203.75,80.,107.1));
#5485 = VECTOR('',#5486,1.);
#5486 = DIRECTION('',(1.,0.,0.));
#5487 = ORIENTED_EDGE('',*,*,#5360,.T.);
#5488 = ORIENTED_EDGE('',*,*,#5482,.T.);
#5489 = CYLINDRICAL_SURFACE('',#5490,2.1);
#5490 = AXIS2_PLACEMENT_3D('',#5491,#5492,#5493);
#5491 = CARTESIAN_POINT('',(203.75,80.,105.));
#5492 = DIRECTION('',(1.,0.,0.));
#5493 = DIRECTION('',(0.,0.,1.));
#5494 = ADVANCED_FACE('',(#5495,#5501),#5504,.T.);
#5495 = FACE_BOUND('',#5496,.T.);
#5496 = EDGE_LOOP('',(#5497,#5498,#5499,#5500));
#5497 = ORIENTED_EDGE('',*,*,#5394,.F.);
#5498 = ORIENTED_EDGE('',*,*,#5434,.T.);
#5499 = ORIENTED_EDGE('',*,*,#5459,.T.);
#5500 = ORIENTED_EDGE('',*,*,#5410,.F.);
#5501 = FACE_BOUND('',#5502,.T.);
#5502 = EDGE_LOOP('',(#5503));
#5503 = ORIENTED_EDGE('',*,*,#5473,.F.);
#5504 = PLANE('',#5505);
#5505 = AXIS2_PLACEMENT_3D('',#5506,#5507,#5508);
#5506 = CARTESIAN_POINT('',(212.75,72.,100.));
#5507 = DIRECTION('',(1.,0.,0.));
#5508 = DIRECTION('',(0.,0.,1.));
#5509 = MANIFOLD_SOLID_BREP('',#5510);
#5510 = CLOSED_SHELL('',(#5511,#5544,#5553));
#5511 = ADVANCED_FACE('',(#5512),#5539,.T.);
#5512 = FACE_BOUND('',#5513,.T.);
#5513 = EDGE_LOOP('',(#5514,#5523,#5531,#5538));
#5514 = ORIENTED_EDGE('',*,*,#5515,.F.);
#5515 = EDGE_CURVE('',#5516,#5516,#5518,.T.);
#5516 = VERTEX_POINT('',#5517);
#5517 = CARTESIAN_POINT('',(180.,167.1506985086,69.013811684718));
#5518 = CIRCLE('',#5519,5.);
#5519 = AXIS2_PLACEMENT_3D('',#5520,#5521,#5522);
#5520 = CARTESIAN_POINT('',(180.,165.,64.5));
#5521 = DIRECTION('',(0.256626311645,0.872529459594,-0.415734624865));
#5522 = DIRECTION('',(-8.16676349121E-18,0.43013970172,0.902762336944));
#5523 = ORIENTED_EDGE('',*,*,#5524,.F.);
#5524 = EDGE_CURVE('',#5525,#5516,#5527,.T.);
#5525 = VERTEX_POINT('',#5526);
#5526 = CARTESIAN_POINT('',(155.,82.150698508601,109.51381168471));
#5527 = LINE('',#5528,#5529);
#5528 = CARTESIAN_POINT('',(155.,82.150698508601,109.51381168471));
#5529 = VECTOR('',#5530,1.);
#5530 = DIRECTION('',(0.256626311645,0.872529459594,-0.415734624865));
#5531 = ORIENTED_EDGE('',*,*,#5532,.T.);
#5532 = EDGE_CURVE('',#5525,#5525,#5533,.T.);
#5533 = CIRCLE('',#5534,5.);
#5534 = AXIS2_PLACEMENT_3D('',#5535,#5536,#5537);
#5535 = CARTESIAN_POINT('',(155.,80.,105.));
#5536 = DIRECTION('',(0.256626311645,0.872529459594,-0.415734624865));
#5537 = DIRECTION('',(-8.16676349121E-18,0.43013970172,0.902762336944));
#5538 = ORIENTED_EDGE('',*,*,#5524,.T.);
#5539 = CYLINDRICAL_SURFACE('',#5540,5.);
#5540 = AXIS2_PLACEMENT_3D('',#5541,#5542,#5543);
#5541 = CARTESIAN_POINT('',(155.,80.,105.));
#5542 = DIRECTION('',(0.256626311645,0.872529459594,-0.415734624865));
#5543 = DIRECTION('',(5.711024316605E-18,0.43013970172,0.902762336944));
#5544 = ADVANCED_FACE('',(#5545),#5548,.T.);
#5545 = FACE_BOUND('',#5546,.T.);
#5546 = EDGE_LOOP('',(#5547));
#5547 = ORIENTED_EDGE('',*,*,#5515,.T.);
#5548 = PLANE('',#5549);
#5549 = AXIS2_PLACEMENT_3D('',#5550,#5551,#5552);
#5550 = CARTESIAN_POINT('',(180.,165.,64.5));
#5551 = DIRECTION('',(0.256626311645,0.872529459594,-0.415734624865));
#5552 = DIRECTION('',(5.711024316605E-18,0.43013970172,0.902762336944));
#5553 = ADVANCED_FACE('',(#5554),#5557,.F.);
#5554 = FACE_BOUND('',#5555,.T.);
#5555 = EDGE_LOOP('',(#5556));
#5556 = ORIENTED_EDGE('',*,*,#5532,.F.);
#5557 = PLANE('',#5558);
#5558 = AXIS2_PLACEMENT_3D('',#5559,#5560,#5561);
#5559 = CARTESIAN_POINT('',(155.,80.,105.));
#5560 = DIRECTION('',(0.256626311645,0.872529459594,-0.415734624865));
#5561 = DIRECTION('',(5.711024316605E-18,0.43013970172,0.902762336944));
#5562 = MANIFOLD_SOLID_BREP('',#5563);
#5563 = CLOSED_SHELL('',(#5564,#5597,#5606));
#5564 = ADVANCED_FACE('',(#5565),#5592,.T.);
#5565 = FACE_BOUND('',#5566,.T.);
#5566 = EDGE_LOOP('',(#5567,#5576,#5584,#5591));
#5567 = ORIENTED_EDGE('',*,*,#5568,.F.);
#5568 = EDGE_CURVE('',#5569,#5569,#5571,.T.);
#5569 = VERTEX_POINT('',#5570);
#5570 = CARTESIAN_POINT('',(180.,167.1506985086,69.013811684718));
#5571 = CIRCLE('',#5572,5.);
#5572 = AXIS2_PLACEMENT_3D('',#5573,#5574,#5575);
#5573 = CARTESIAN_POINT('',(180.,165.,64.5));
#5574 = DIRECTION('',(-0.256626311645,0.872529459594,-0.415734624865));
#5575 = DIRECTION('',(8.16676349121E-18,0.43013970172,0.902762336944));
#5576 = ORIENTED_EDGE('',*,*,#5577,.F.);
#5577 = EDGE_CURVE('',#5578,#5569,#5580,.T.);
#5578 = VERTEX_POINT('',#5579);
#5579 = CARTESIAN_POINT('',(205.,82.150698508601,109.51381168471));
#5580 = LINE('',#5581,#5582);
#5581 = CARTESIAN_POINT('',(205.,82.150698508601,109.51381168471));
#5582 = VECTOR('',#5583,1.);
#5583 = DIRECTION('',(-0.256626311645,0.872529459594,-0.415734624865));
#5584 = ORIENTED_EDGE('',*,*,#5585,.T.);
#5585 = EDGE_CURVE('',#5578,#5578,#5586,.T.);
#5586 = CIRCLE('',#5587,5.);
#5587 = AXIS2_PLACEMENT_3D('',#5588,#5589,#5590);
#5588 = CARTESIAN_POINT('',(205.,80.,105.));
#5589 = DIRECTION('',(-0.256626311645,0.872529459594,-0.415734624865));
#5590 = DIRECTION('',(8.16676349121E-18,0.43013970172,0.902762336944));
#5591 = ORIENTED_EDGE('',*,*,#5577,.T.);
#5592 = CYLINDRICAL_SURFACE('',#5593,5.);
#5593 = AXIS2_PLACEMENT_3D('',#5594,#5595,#5596);
#5594 = CARTESIAN_POINT('',(205.,80.,105.));
#5595 = DIRECTION('',(-0.256626311645,0.872529459594,-0.415734624865));
#5596 = DIRECTION('',(-5.711024316605E-18,0.43013970172,0.902762336944)
  );
#5597 = ADVANCED_FACE('',(#5598),#5601,.T.);
#5598 = FACE_BOUND('',#5599,.T.);
#5599 = EDGE_LOOP('',(#5600));
#5600 = ORIENTED_EDGE('',*,*,#5568,.T.);
#5601 = PLANE('',#5602);
#5602 = AXIS2_PLACEMENT_3D('',#5603,#5604,#5605);
#5603 = CARTESIAN_POINT('',(180.,165.,64.5));
#5604 = DIRECTION('',(-0.256626311645,0.872529459594,-0.415734624865));
#5605 = DIRECTION('',(-5.711024316605E-18,0.43013970172,0.902762336944)
  );
#5606 = ADVANCED_FACE('',(#5607),#5610,.F.);
#5607 = FACE_BOUND('',#5608,.T.);
#5608 = EDGE_LOOP('',(#5609));
#5609 = ORIENTED_EDGE('',*,*,#5585,.F.);
#5610 = PLANE('',#5611);
#5611 = AXIS2_PLACEMENT_3D('',#5612,#5613,#5614);
#5612 = CARTESIAN_POINT('',(205.,80.,105.));
#5613 = DIRECTION('',(-0.256626311645,0.872529459594,-0.415734624865));
#5614 = DIRECTION('',(-5.711024316605E-18,0.43013970172,0.902762336944)
  );
#5615 = MANIFOLD_SOLID_BREP('',#5616);
#5616 = CLOSED_SHELL('',(#5617,#5650,#5659));
#5617 = ADVANCED_FACE('',(#5618),#5645,.T.);
#5618 = FACE_BOUND('',#5619,.T.);
#5619 = EDGE_LOOP('',(#5620,#5629,#5637,#5644));
#5620 = ORIENTED_EDGE('',*,*,#5621,.F.);
#5621 = EDGE_CURVE('',#5622,#5622,#5624,.T.);
#5622 = VERTEX_POINT('',#5623);
#5623 = CARTESIAN_POINT('',(203.,80.,147.));
#5624 = CIRCLE('',#5625,2.);
#5625 = AXIS2_PLACEMENT_3D('',#5626,#5627,#5628);
#5626 = CARTESIAN_POINT('',(203.,80.,145.));
#5627 = DIRECTION('',(1.,0.,-0.));
#5628 = DIRECTION('',(0.,0.,1.));
#5629 = ORIENTED_EDGE('',*,*,#5630,.F.);
#5630 = EDGE_CURVE('',#5631,#5622,#5633,.T.);
#5631 = VERTEX_POINT('',#5632);
#5632 = CARTESIAN_POINT('',(157.,80.,147.));
#5633 = LINE('',#5634,#5635);
#5634 = CARTESIAN_POINT('',(157.,80.,147.));
#5635 = VECTOR('',#5636,1.);
#5636 = DIRECTION('',(1.,0.,0.));
#5637 = ORIENTED_EDGE('',*,*,#5638,.T.);
#5638 = EDGE_CURVE('',#5631,#5631,#5639,.T.);
#5639 = CIRCLE('',#5640,2.);
#5640 = AXIS2_PLACEMENT_3D('',#5641,#5642,#5643);
#5641 = CARTESIAN_POINT('',(157.,80.,145.));
#5642 = DIRECTION('',(1.,0.,-0.));
#5643 = DIRECTION('',(0.,0.,1.));
#5644 = ORIENTED_EDGE('',*,*,#5630,.T.);
#5645 = CYLINDRICAL_SURFACE('',#5646,2.);
#5646 = AXIS2_PLACEMENT_3D('',#5647,#5648,#5649);
#5647 = CARTESIAN_POINT('',(157.,80.,145.));
#5648 = DIRECTION('',(1.,0.,0.));
#5649 = DIRECTION('',(0.,0.,1.));
#5650 = ADVANCED_FACE('',(#5651),#5654,.T.);
#5651 = FACE_BOUND('',#5652,.T.);
#5652 = EDGE_LOOP('',(#5653));
#5653 = ORIENTED_EDGE('',*,*,#5621,.T.);
#5654 = PLANE('',#5655);
#5655 = AXIS2_PLACEMENT_3D('',#5656,#5657,#5658);
#5656 = CARTESIAN_POINT('',(203.,80.,145.));
#5657 = DIRECTION('',(1.,0.,0.));
#5658 = DIRECTION('',(0.,0.,1.));
#5659 = ADVANCED_FACE('',(#5660),#5663,.F.);
#5660 = FACE_BOUND('',#5661,.T.);
#5661 = EDGE_LOOP('',(#5662));
#5662 = ORIENTED_EDGE('',*,*,#5638,.F.);
#5663 = PLANE('',#5664);
#5664 = AXIS2_PLACEMENT_3D('',#5665,#5666,#5667);
#5665 = CARTESIAN_POINT('',(157.,80.,145.));
#5666 = DIRECTION('',(1.,0.,0.));
#5667 = DIRECTION('',(0.,0.,1.));
#5668 = MANIFOLD_SOLID_BREP('',#5669);
#5669 = CLOSED_SHELL('',(#5670,#5721,#5752,#5776,#5800,#5817,#5842));
#5670 = ADVANCED_FACE('',(#5671,#5705),#5716,.F.);
#5671 = FACE_BOUND('',#5672,.F.);
#5672 = EDGE_LOOP('',(#5673,#5683,#5691,#5699));
#5673 = ORIENTED_EDGE('',*,*,#5674,.F.);
#5674 = EDGE_CURVE('',#5675,#5677,#5679,.T.);
#5675 = VERTEX_POINT('',#5676);
#5676 = CARTESIAN_POINT('',(158.,72.,100.));
#5677 = VERTEX_POINT('',#5678);
#5678 = CARTESIAN_POINT('',(158.,72.,153.));
#5679 = LINE('',#5680,#5681);
#5680 = CARTESIAN_POINT('',(158.,72.,100.));
#5681 = VECTOR('',#5682,1.);
#5682 = DIRECTION('',(0.,0.,1.));
#5683 = ORIENTED_EDGE('',*,*,#5684,.T.);
#5684 = EDGE_CURVE('',#5675,#5685,#5687,.T.);
#5685 = VERTEX_POINT('',#5686);
#5686 = CARTESIAN_POINT('',(158.,88.,100.));
#5687 = LINE('',#5688,#5689);
#5688 = CARTESIAN_POINT('',(158.,72.,100.));
#5689 = VECTOR('',#5690,1.);
#5690 = DIRECTION('',(0.,1.,0.));
#5691 = ORIENTED_EDGE('',*,*,#5692,.T.);
#5692 = EDGE_CURVE('',#5685,#5693,#5695,.T.);
#5693 = VERTEX_POINT('',#5694);
#5694 = CARTESIAN_POINT('',(158.,88.,153.));
#5695 = LINE('',#5696,#5697);
#5696 = CARTESIAN_POINT('',(158.,88.,100.));
#5697 = VECTOR('',#5698,1.);
#5698 = DIRECTION('',(0.,0.,1.));
#5699 = ORIENTED_EDGE('',*,*,#5700,.F.);
#5700 = EDGE_CURVE('',#5677,#5693,#5701,.T.);
#5701 = LINE('',#5702,#5703);
#5702 = CARTESIAN_POINT('',(158.,72.,153.));
#5703 = VECTOR('',#5704,1.);
#5704 = DIRECTION('',(0.,1.,0.));
#5705 = FACE_BOUND('',#5706,.F.);
#5706 = EDGE_LOOP('',(#5707));
#5707 = ORIENTED_EDGE('',*,*,#5708,.F.);
#5708 = EDGE_CURVE('',#5709,#5709,#5711,.T.);
#5709 = VERTEX_POINT('',#5710);
#5710 = CARTESIAN_POINT('',(158.,80.,147.1));
#5711 = CIRCLE('',#5712,2.1);
#5712 = AXIS2_PLACEMENT_3D('',#5713,#5714,#5715);
#5713 = CARTESIAN_POINT('',(158.,80.,145.));
#5714 = DIRECTION('',(1.,0.,-0.));
#5715 = DIRECTION('',(0.,0.,1.));
#5716 = PLANE('',#5717);
#5717 = AXIS2_PLACEMENT_3D('',#5718,#5719,#5720);
#5718 = CARTESIAN_POINT('',(158.,72.,100.));
#5719 = DIRECTION('',(1.,0.,0.));
#5720 = DIRECTION('',(0.,0.,1.));
#5721 = ADVANCED_FACE('',(#5722),#5747,.F.);
#5722 = FACE_BOUND('',#5723,.F.);
#5723 = EDGE_LOOP('',(#5724,#5732,#5733,#5741));
#5724 = ORIENTED_EDGE('',*,*,#5725,.F.);
#5725 = EDGE_CURVE('',#5675,#5726,#5728,.T.);
#5726 = VERTEX_POINT('',#5727);
#5727 = CARTESIAN_POINT('',(166.,72.,100.));
#5728 = LINE('',#5729,#5730);
#5729 = CARTESIAN_POINT('',(158.,72.,100.));
#5730 = VECTOR('',#5731,1.);
#5731 = DIRECTION('',(1.,0.,0.));
#5732 = ORIENTED_EDGE('',*,*,#5674,.T.);
#5733 = ORIENTED_EDGE('',*,*,#5734,.T.);
#5734 = EDGE_CURVE('',#5677,#5735,#5737,.T.);
#5735 = VERTEX_POINT('',#5736);
#5736 = CARTESIAN_POINT('',(166.,72.,153.));
#5737 = LINE('',#5738,#5739);
#5738 = CARTESIAN_POINT('',(158.,72.,153.));
#5739 = VECTOR('',#5740,1.);
#5740 = DIRECTION('',(1.,0.,0.));
#5741 = ORIENTED_EDGE('',*,*,#5742,.F.);
#5742 = EDGE_CURVE('',#5726,#5735,#5743,.T.);
#5743 = LINE('',#5744,#5745);
#5744 = CARTESIAN_POINT('',(166.,72.,100.));
#5745 = VECTOR('',#5746,1.);
#5746 = DIRECTION('',(0.,0.,1.));
#5747 = PLANE('',#5748);
#5748 = AXIS2_PLACEMENT_3D('',#5749,#5750,#5751);
#5749 = CARTESIAN_POINT('',(158.,72.,100.));
#5750 = DIRECTION('',(0.,1.,0.));
#5751 = DIRECTION('',(0.,0.,1.));
#5752 = ADVANCED_FACE('',(#5753),#5771,.T.);
#5753 = FACE_BOUND('',#5754,.T.);
#5754 = EDGE_LOOP('',(#5755,#5756,#5757,#5765));
#5755 = ORIENTED_EDGE('',*,*,#5700,.F.);
#5756 = ORIENTED_EDGE('',*,*,#5734,.T.);
#5757 = ORIENTED_EDGE('',*,*,#5758,.T.);
#5758 = EDGE_CURVE('',#5735,#5759,#5761,.T.);
#5759 = VERTEX_POINT('',#5760);
#5760 = CARTESIAN_POINT('',(166.,88.,153.));
#5761 = LINE('',#5762,#5763);
#5762 = CARTESIAN_POINT('',(166.,72.,153.));
#5763 = VECTOR('',#5764,1.);
#5764 = DIRECTION('',(0.,1.,0.));
#5765 = ORIENTED_EDGE('',*,*,#5766,.F.);
#5766 = EDGE_CURVE('',#5693,#5759,#5767,.T.);
#5767 = LINE('',#5768,#5769);
#5768 = CARTESIAN_POINT('',(158.,88.,153.));
#5769 = VECTOR('',#5770,1.);
#5770 = DIRECTION('',(1.,0.,0.));
#5771 = PLANE('',#5772);
#5772 = AXIS2_PLACEMENT_3D('',#5773,#5774,#5775);
#5773 = CARTESIAN_POINT('',(158.,72.,153.));
#5774 = DIRECTION('',(0.,0.,1.));
#5775 = DIRECTION('',(1.,0.,0.));
#5776 = ADVANCED_FACE('',(#5777),#5795,.F.);
#5777 = FACE_BOUND('',#5778,.F.);
#5778 = EDGE_LOOP('',(#5779,#5780,#5781,#5789));
#5779 = ORIENTED_EDGE('',*,*,#5684,.F.);
#5780 = ORIENTED_EDGE('',*,*,#5725,.T.);
#5781 = ORIENTED_EDGE('',*,*,#5782,.T.);
#5782 = EDGE_CURVE('',#5726,#5783,#5785,.T.);
#5783 = VERTEX_POINT('',#5784);
#5784 = CARTESIAN_POINT('',(166.,88.,100.));
#5785 = LINE('',#5786,#5787);
#5786 = CARTESIAN_POINT('',(166.,72.,100.));
#5787 = VECTOR('',#5788,1.);
#5788 = DIRECTION('',(0.,1.,0.));
#5789 = ORIENTED_EDGE('',*,*,#5790,.F.);
#5790 = EDGE_CURVE('',#5685,#5783,#5791,.T.);
#5791 = LINE('',#5792,#5793);
#5792 = CARTESIAN_POINT('',(158.,88.,100.));
#5793 = VECTOR('',#5794,1.);
#5794 = DIRECTION('',(1.,0.,0.));
#5795 = PLANE('',#5796);
#5796 = AXIS2_PLACEMENT_3D('',#5797,#5798,#5799);
#5797 = CARTESIAN_POINT('',(158.,72.,100.));
#5798 = DIRECTION('',(0.,0.,1.));
#5799 = DIRECTION('',(1.,0.,0.));
#5800 = ADVANCED_FACE('',(#5801),#5812,.T.);
#5801 = FACE_BOUND('',#5802,.T.);
#5802 = EDGE_LOOP('',(#5803,#5804,#5805,#5806));
#5803 = ORIENTED_EDGE('',*,*,#5790,.F.);
#5804 = ORIENTED_EDGE('',*,*,#5692,.T.);
#5805 = ORIENTED_EDGE('',*,*,#5766,.T.);
#5806 = ORIENTED_EDGE('',*,*,#5807,.F.);
#5807 = EDGE_CURVE('',#5783,#5759,#5808,.T.);
#5808 = LINE('',#5809,#5810);
#5809 = CARTESIAN_POINT('',(166.,88.,100.));
#5810 = VECTOR('',#5811,1.);
#5811 = DIRECTION('',(0.,0.,1.));
#5812 = PLANE('',#5813);
#5813 = AXIS2_PLACEMENT_3D('',#5814,#5815,#5816);
#5814 = CARTESIAN_POINT('',(158.,88.,100.));
#5815 = DIRECTION('',(0.,1.,0.));
#5816 = DIRECTION('',(0.,0.,1.));
#5817 = ADVANCED_FACE('',(#5818),#5837,.F.);
#5818 = FACE_BOUND('',#5819,.F.);
#5819 = EDGE_LOOP('',(#5820,#5829,#5835,#5836));
#5820 = ORIENTED_EDGE('',*,*,#5821,.F.);
#5821 = EDGE_CURVE('',#5822,#5822,#5824,.T.);
#5822 = VERTEX_POINT('',#5823);
#5823 = CARTESIAN_POINT('',(166.,80.,147.1));
#5824 = CIRCLE('',#5825,2.1);
#5825 = AXIS2_PLACEMENT_3D('',#5826,#5827,#5828);
#5826 = CARTESIAN_POINT('',(166.,80.,145.));
#5827 = DIRECTION('',(1.,0.,-0.));
#5828 = DIRECTION('',(0.,0.,1.));
#5829 = ORIENTED_EDGE('',*,*,#5830,.F.);
#5830 = EDGE_CURVE('',#5709,#5822,#5831,.T.);
#5831 = LINE('',#5832,#5833);
#5832 = CARTESIAN_POINT('',(157.,80.,147.1));
#5833 = VECTOR('',#5834,1.);
#5834 = DIRECTION('',(1.,0.,0.));
#5835 = ORIENTED_EDGE('',*,*,#5708,.T.);
#5836 = ORIENTED_EDGE('',*,*,#5830,.T.);
#5837 = CYLINDRICAL_SURFACE('',#5838,2.1);
#5838 = AXIS2_PLACEMENT_3D('',#5839,#5840,#5841);
#5839 = CARTESIAN_POINT('',(157.,80.,145.));
#5840 = DIRECTION('',(1.,0.,0.));
#5841 = DIRECTION('',(0.,0.,1.));
#5842 = ADVANCED_FACE('',(#5843,#5849),#5852,.T.);
#5843 = FACE_BOUND('',#5844,.T.);
#5844 = EDGE_LOOP('',(#5845,#5846,#5847,#5848));
#5845 = ORIENTED_EDGE('',*,*,#5742,.F.);
#5846 = ORIENTED_EDGE('',*,*,#5782,.T.);
#5847 = ORIENTED_EDGE('',*,*,#5807,.T.);
#5848 = ORIENTED_EDGE('',*,*,#5758,.F.);
#5849 = FACE_BOUND('',#5850,.T.);
#5850 = EDGE_LOOP('',(#5851));
#5851 = ORIENTED_EDGE('',*,*,#5821,.F.);
#5852 = PLANE('',#5853);
#5853 = AXIS2_PLACEMENT_3D('',#5854,#5855,#5856);
#5854 = CARTESIAN_POINT('',(166.,72.,100.));
#5855 = DIRECTION('',(1.,0.,0.));
#5856 = DIRECTION('',(0.,0.,1.));
#5857 = MANIFOLD_SOLID_BREP('',#5858);
#5858 = CLOSED_SHELL('',(#5859,#5910,#5941,#5965,#5989,#6006,#6031));
#5859 = ADVANCED_FACE('',(#5860,#5894),#5905,.F.);
#5860 = FACE_BOUND('',#5861,.F.);
#5861 = EDGE_LOOP('',(#5862,#5872,#5880,#5888));
#5862 = ORIENTED_EDGE('',*,*,#5863,.F.);
#5863 = EDGE_CURVE('',#5864,#5866,#5868,.T.);
#5864 = VERTEX_POINT('',#5865);
#5865 = CARTESIAN_POINT('',(194.,72.,100.));
#5866 = VERTEX_POINT('',#5867);
#5867 = CARTESIAN_POINT('',(194.,72.,153.));
#5868 = LINE('',#5869,#5870);
#5869 = CARTESIAN_POINT('',(194.,72.,100.));
#5870 = VECTOR('',#5871,1.);
#5871 = DIRECTION('',(0.,0.,1.));
#5872 = ORIENTED_EDGE('',*,*,#5873,.T.);
#5873 = EDGE_CURVE('',#5864,#5874,#5876,.T.);
#5874 = VERTEX_POINT('',#5875);
#5875 = CARTESIAN_POINT('',(194.,88.,100.));
#5876 = LINE('',#5877,#5878);
#5877 = CARTESIAN_POINT('',(194.,72.,100.));
#5878 = VECTOR('',#5879,1.);
#5879 = DIRECTION('',(0.,1.,0.));
#5880 = ORIENTED_EDGE('',*,*,#5881,.T.);
#5881 = EDGE_CURVE('',#5874,#5882,#5884,.T.);
#5882 = VERTEX_POINT('',#5883);
#5883 = CARTESIAN_POINT('',(194.,88.,153.));
#5884 = LINE('',#5885,#5886);
#5885 = CARTESIAN_POINT('',(194.,88.,100.));
#5886 = VECTOR('',#5887,1.);
#5887 = DIRECTION('',(0.,0.,1.));
#5888 = ORIENTED_EDGE('',*,*,#5889,.F.);
#5889 = EDGE_CURVE('',#5866,#5882,#5890,.T.);
#5890 = LINE('',#5891,#5892);
#5891 = CARTESIAN_POINT('',(194.,72.,153.));
#5892 = VECTOR('',#5893,1.);
#5893 = DIRECTION('',(0.,1.,0.));
#5894 = FACE_BOUND('',#5895,.F.);
#5895 = EDGE_LOOP('',(#5896));
#5896 = ORIENTED_EDGE('',*,*,#5897,.F.);
#5897 = EDGE_CURVE('',#5898,#5898,#5900,.T.);
#5898 = VERTEX_POINT('',#5899);
#5899 = CARTESIAN_POINT('',(194.,80.,147.1));
#5900 = CIRCLE('',#5901,2.1);
#5901 = AXIS2_PLACEMENT_3D('',#5902,#5903,#5904);
#5902 = CARTESIAN_POINT('',(194.,80.,145.));
#5903 = DIRECTION('',(1.,0.,-0.));
#5904 = DIRECTION('',(0.,0.,1.));
#5905 = PLANE('',#5906);
#5906 = AXIS2_PLACEMENT_3D('',#5907,#5908,#5909);
#5907 = CARTESIAN_POINT('',(194.,72.,100.));
#5908 = DIRECTION('',(1.,0.,0.));
#5909 = DIRECTION('',(0.,0.,1.));
#5910 = ADVANCED_FACE('',(#5911),#5936,.F.);
#5911 = FACE_BOUND('',#5912,.F.);
#5912 = EDGE_LOOP('',(#5913,#5921,#5922,#5930));
#5913 = ORIENTED_EDGE('',*,*,#5914,.F.);
#5914 = EDGE_CURVE('',#5864,#5915,#5917,.T.);
#5915 = VERTEX_POINT('',#5916);
#5916 = CARTESIAN_POINT('',(202.,72.,100.));
#5917 = LINE('',#5918,#5919);
#5918 = CARTESIAN_POINT('',(194.,72.,100.));
#5919 = VECTOR('',#5920,1.);
#5920 = DIRECTION('',(1.,0.,0.));
#5921 = ORIENTED_EDGE('',*,*,#5863,.T.);
#5922 = ORIENTED_EDGE('',*,*,#5923,.T.);
#5923 = EDGE_CURVE('',#5866,#5924,#5926,.T.);
#5924 = VERTEX_POINT('',#5925);
#5925 = CARTESIAN_POINT('',(202.,72.,153.));
#5926 = LINE('',#5927,#5928);
#5927 = CARTESIAN_POINT('',(194.,72.,153.));
#5928 = VECTOR('',#5929,1.);
#5929 = DIRECTION('',(1.,0.,0.));
#5930 = ORIENTED_EDGE('',*,*,#5931,.F.);
#5931 = EDGE_CURVE('',#5915,#5924,#5932,.T.);
#5932 = LINE('',#5933,#5934);
#5933 = CARTESIAN_POINT('',(202.,72.,100.));
#5934 = VECTOR('',#5935,1.);
#5935 = DIRECTION('',(0.,0.,1.));
#5936 = PLANE('',#5937);
#5937 = AXIS2_PLACEMENT_3D('',#5938,#5939,#5940);
#5938 = CARTESIAN_POINT('',(194.,72.,100.));
#5939 = DIRECTION('',(0.,1.,0.));
#5940 = DIRECTION('',(0.,0.,1.));
#5941 = ADVANCED_FACE('',(#5942),#5960,.T.);
#5942 = FACE_BOUND('',#5943,.T.);
#5943 = EDGE_LOOP('',(#5944,#5945,#5946,#5954));
#5944 = ORIENTED_EDGE('',*,*,#5889,.F.);
#5945 = ORIENTED_EDGE('',*,*,#5923,.T.);
#5946 = ORIENTED_EDGE('',*,*,#5947,.T.);
#5947 = EDGE_CURVE('',#5924,#5948,#5950,.T.);
#5948 = VERTEX_POINT('',#5949);
#5949 = CARTESIAN_POINT('',(202.,88.,153.));
#5950 = LINE('',#5951,#5952);
#5951 = CARTESIAN_POINT('',(202.,72.,153.));
#5952 = VECTOR('',#5953,1.);
#5953 = DIRECTION('',(0.,1.,0.));
#5954 = ORIENTED_EDGE('',*,*,#5955,.F.);
#5955 = EDGE_CURVE('',#5882,#5948,#5956,.T.);
#5956 = LINE('',#5957,#5958);
#5957 = CARTESIAN_POINT('',(194.,88.,153.));
#5958 = VECTOR('',#5959,1.);
#5959 = DIRECTION('',(1.,0.,0.));
#5960 = PLANE('',#5961);
#5961 = AXIS2_PLACEMENT_3D('',#5962,#5963,#5964);
#5962 = CARTESIAN_POINT('',(194.,72.,153.));
#5963 = DIRECTION('',(0.,0.,1.));
#5964 = DIRECTION('',(1.,0.,0.));
#5965 = ADVANCED_FACE('',(#5966),#5984,.F.);
#5966 = FACE_BOUND('',#5967,.F.);
#5967 = EDGE_LOOP('',(#5968,#5969,#5970,#5978));
#5968 = ORIENTED_EDGE('',*,*,#5873,.F.);
#5969 = ORIENTED_EDGE('',*,*,#5914,.T.);
#5970 = ORIENTED_EDGE('',*,*,#5971,.T.);
#5971 = EDGE_CURVE('',#5915,#5972,#5974,.T.);
#5972 = VERTEX_POINT('',#5973);
#5973 = CARTESIAN_POINT('',(202.,88.,100.));
#5974 = LINE('',#5975,#5976);
#5975 = CARTESIAN_POINT('',(202.,72.,100.));
#5976 = VECTOR('',#5977,1.);
#5977 = DIRECTION('',(0.,1.,0.));
#5978 = ORIENTED_EDGE('',*,*,#5979,.F.);
#5979 = EDGE_CURVE('',#5874,#5972,#5980,.T.);
#5980 = LINE('',#5981,#5982);
#5981 = CARTESIAN_POINT('',(194.,88.,100.));
#5982 = VECTOR('',#5983,1.);
#5983 = DIRECTION('',(1.,0.,0.));
#5984 = PLANE('',#5985);
#5985 = AXIS2_PLACEMENT_3D('',#5986,#5987,#5988);
#5986 = CARTESIAN_POINT('',(194.,72.,100.));
#5987 = DIRECTION('',(0.,0.,1.));
#5988 = DIRECTION('',(1.,0.,0.));
#5989 = ADVANCED_FACE('',(#5990),#6001,.T.);
#5990 = FACE_BOUND('',#5991,.T.);
#5991 = EDGE_LOOP('',(#5992,#5993,#5994,#5995));
#5992 = ORIENTED_EDGE('',*,*,#5979,.F.);
#5993 = ORIENTED_EDGE('',*,*,#5881,.T.);
#5994 = ORIENTED_EDGE('',*,*,#5955,.T.);
#5995 = ORIENTED_EDGE('',*,*,#5996,.F.);
#5996 = EDGE_CURVE('',#5972,#5948,#5997,.T.);
#5997 = LINE('',#5998,#5999);
#5998 = CARTESIAN_POINT('',(202.,88.,100.));
#5999 = VECTOR('',#6000,1.);
#6000 = DIRECTION('',(0.,0.,1.));
#6001 = PLANE('',#6002);
#6002 = AXIS2_PLACEMENT_3D('',#6003,#6004,#6005);
#6003 = CARTESIAN_POINT('',(194.,88.,100.));
#6004 = DIRECTION('',(0.,1.,0.));
#6005 = DIRECTION('',(0.,0.,1.));
#6006 = ADVANCED_FACE('',(#6007),#6026,.F.);
#6007 = FACE_BOUND('',#6008,.F.);
#6008 = EDGE_LOOP('',(#6009,#6018,#6024,#6025));
#6009 = ORIENTED_EDGE('',*,*,#6010,.F.);
#6010 = EDGE_CURVE('',#6011,#6011,#6013,.T.);
#6011 = VERTEX_POINT('',#6012);
#6012 = CARTESIAN_POINT('',(202.,80.,147.1));
#6013 = CIRCLE('',#6014,2.1);
#6014 = AXIS2_PLACEMENT_3D('',#6015,#6016,#6017);
#6015 = CARTESIAN_POINT('',(202.,80.,145.));
#6016 = DIRECTION('',(1.,0.,-0.));
#6017 = DIRECTION('',(0.,0.,1.));
#6018 = ORIENTED_EDGE('',*,*,#6019,.F.);
#6019 = EDGE_CURVE('',#5898,#6011,#6020,.T.);
#6020 = LINE('',#6021,#6022);
#6021 = CARTESIAN_POINT('',(193.,80.,147.1));
#6022 = VECTOR('',#6023,1.);
#6023 = DIRECTION('',(1.,0.,0.));
#6024 = ORIENTED_EDGE('',*,*,#5897,.T.);
#6025 = ORIENTED_EDGE('',*,*,#6019,.T.);
#6026 = CYLINDRICAL_SURFACE('',#6027,2.1);
#6027 = AXIS2_PLACEMENT_3D('',#6028,#6029,#6030);
#6028 = CARTESIAN_POINT('',(193.,80.,145.));
#6029 = DIRECTION('',(1.,0.,0.));
#6030 = DIRECTION('',(0.,0.,1.));
#6031 = ADVANCED_FACE('',(#6032,#6038),#6041,.T.);
#6032 = FACE_BOUND('',#6033,.T.);
#6033 = EDGE_LOOP('',(#6034,#6035,#6036,#6037));
#6034 = ORIENTED_EDGE('',*,*,#5931,.F.);
#6035 = ORIENTED_EDGE('',*,*,#5971,.T.);
#6036 = ORIENTED_EDGE('',*,*,#5996,.T.);
#6037 = ORIENTED_EDGE('',*,*,#5947,.F.);
#6038 = FACE_BOUND('',#6039,.T.);
#6039 = EDGE_LOOP('',(#6040));
#6040 = ORIENTED_EDGE('',*,*,#6010,.F.);
#6041 = PLANE('',#6042);
#6042 = AXIS2_PLACEMENT_3D('',#6043,#6044,#6045);
#6043 = CARTESIAN_POINT('',(202.,72.,100.));
#6044 = DIRECTION('',(1.,0.,0.));
#6045 = DIRECTION('',(0.,0.,1.));
#6046 = MANIFOLD_SOLID_BREP('',#6047);
#6047 = CLOSED_SHELL('',(#6048,#6081,#6090));
#6048 = ADVANCED_FACE('',(#6049),#6076,.T.);
#6049 = FACE_BOUND('',#6050,.T.);
#6050 = EDGE_LOOP('',(#6051,#6060,#6068,#6075));
#6051 = ORIENTED_EDGE('',*,*,#6052,.F.);
#6052 = EDGE_CURVE('',#6053,#6053,#6055,.T.);
#6053 = VERTEX_POINT('',#6054);
#6054 = CARTESIAN_POINT('',(180.,166.9269304346,114.11377709693));
#6055 = CIRCLE('',#6056,5.);
#6056 = AXIS2_PLACEMENT_3D('',#6057,#6058,#6059);
#6057 = CARTESIAN_POINT('',(180.,165.,109.5));
#6058 = DIRECTION('',(0.2619237387,0.890540711579,-0.371931708954));
#6059 = DIRECTION('',(-2.631224163001E-17,0.38538608692,0.922755419387)
  );
#6060 = ORIENTED_EDGE('',*,*,#6061,.F.);
#6061 = EDGE_CURVE('',#6062,#6053,#6064,.T.);
#6062 = VERTEX_POINT('',#6063);
#6063 = CARTESIAN_POINT('',(155.,81.926930434602,149.61377709693));
#6064 = LINE('',#6065,#6066);
#6065 = CARTESIAN_POINT('',(155.,81.926930434602,149.61377709693));
#6066 = VECTOR('',#6067,1.);
#6067 = DIRECTION('',(0.2619237387,0.890540711579,-0.371931708954));
#6068 = ORIENTED_EDGE('',*,*,#6069,.T.);
#6069 = EDGE_CURVE('',#6062,#6062,#6070,.T.);
#6070 = CIRCLE('',#6071,5.);
#6071 = AXIS2_PLACEMENT_3D('',#6072,#6073,#6074);
#6072 = CARTESIAN_POINT('',(155.,80.,145.));
#6073 = DIRECTION('',(0.2619237387,0.890540711579,-0.371931708954));
#6074 = DIRECTION('',(-2.631224163001E-17,0.38538608692,0.922755419387)
  );
#6075 = ORIENTED_EDGE('',*,*,#6061,.T.);
#6076 = CYLINDRICAL_SURFACE('',#6077,5.);
#6077 = AXIS2_PLACEMENT_3D('',#6078,#6079,#6080);
#6078 = CARTESIAN_POINT('',(155.,80.,145.));
#6079 = DIRECTION('',(0.2619237387,0.890540711579,-0.371931708954));
#6080 = DIRECTION('',(-1.395350660049E-17,0.38538608692,0.922755419387)
  );
#6081 = ADVANCED_FACE('',(#6082),#6085,.T.);
#6082 = FACE_BOUND('',#6083,.T.);
#6083 = EDGE_LOOP('',(#6084));
#6084 = ORIENTED_EDGE('',*,*,#6052,.T.);
#6085 = PLANE('',#6086);
#6086 = AXIS2_PLACEMENT_3D('',#6087,#6088,#6089);
#6087 = CARTESIAN_POINT('',(180.,165.,109.5));
#6088 = DIRECTION('',(0.2619237387,0.890540711579,-0.371931708954));
#6089 = DIRECTION('',(-1.395350660049E-17,0.38538608692,0.922755419387)
  );
#6090 = ADVANCED_FACE('',(#6091),#6094,.F.);
#6091 = FACE_BOUND('',#6092,.T.);
#6092 = EDGE_LOOP('',(#6093));
#6093 = ORIENTED_EDGE('',*,*,#6069,.F.);
#6094 = PLANE('',#6095);
#6095 = AXIS2_PLACEMENT_3D('',#6096,#6097,#6098);
#6096 = CARTESIAN_POINT('',(155.,80.,145.));
#6097 = DIRECTION('',(0.2619237387,0.890540711579,-0.371931708954));
#6098 = DIRECTION('',(-1.395350660049E-17,0.38538608692,0.922755419387)
  );
#6099 = MANIFOLD_SOLID_BREP('',#6100);
#6100 = CLOSED_SHELL('',(#6101,#6134,#6143));
#6101 = ADVANCED_FACE('',(#6102),#6129,.T.);
#6102 = FACE_BOUND('',#6103,.T.);
#6103 = EDGE_LOOP('',(#6104,#6113,#6121,#6128));
#6104 = ORIENTED_EDGE('',*,*,#6105,.F.);
#6105 = EDGE_CURVE('',#6106,#6106,#6108,.T.);
#6106 = VERTEX_POINT('',#6107);
#6107 = CARTESIAN_POINT('',(180.,166.9269304346,114.11377709693));
#6108 = CIRCLE('',#6109,5.);
#6109 = AXIS2_PLACEMENT_3D('',#6110,#6111,#6112);
#6110 = CARTESIAN_POINT('',(180.,165.,109.5));
#6111 = DIRECTION('',(-0.2619237387,0.890540711579,-0.371931708954));
#6112 = DIRECTION('',(2.631224163001E-17,0.38538608692,0.922755419387));
#6113 = ORIENTED_EDGE('',*,*,#6114,.F.);
#6114 = EDGE_CURVE('',#6115,#6106,#6117,.T.);
#6115 = VERTEX_POINT('',#6116);
#6116 = CARTESIAN_POINT('',(205.,81.926930434602,149.61377709693));
#6117 = LINE('',#6118,#6119);
#6118 = CARTESIAN_POINT('',(205.,81.926930434602,149.61377709693));
#6119 = VECTOR('',#6120,1.);
#6120 = DIRECTION('',(-0.2619237387,0.890540711579,-0.371931708954));
#6121 = ORIENTED_EDGE('',*,*,#6122,.T.);
#6122 = EDGE_CURVE('',#6115,#6115,#6123,.T.);
#6123 = CIRCLE('',#6124,5.);
#6124 = AXIS2_PLACEMENT_3D('',#6125,#6126,#6127);
#6125 = CARTESIAN_POINT('',(205.,80.,145.));
#6126 = DIRECTION('',(-0.2619237387,0.890540711579,-0.371931708954));
#6127 = DIRECTION('',(2.631224163001E-17,0.38538608692,0.922755419387));
#6128 = ORIENTED_EDGE('',*,*,#6114,.T.);
#6129 = CYLINDRICAL_SURFACE('',#6130,5.);
#6130 = AXIS2_PLACEMENT_3D('',#6131,#6132,#6133);
#6131 = CARTESIAN_POINT('',(205.,80.,145.));
#6132 = DIRECTION('',(-0.2619237387,0.890540711579,-0.371931708954));
#6133 = DIRECTION('',(1.395350660049E-17,0.38538608692,0.922755419387));
#6134 = ADVANCED_FACE('',(#6135),#6138,.T.);
#6135 = FACE_BOUND('',#6136,.T.);
#6136 = EDGE_LOOP('',(#6137));
#6137 = ORIENTED_EDGE('',*,*,#6105,.T.);
#6138 = PLANE('',#6139);
#6139 = AXIS2_PLACEMENT_3D('',#6140,#6141,#6142);
#6140 = CARTESIAN_POINT('',(180.,165.,109.5));
#6141 = DIRECTION('',(-0.2619237387,0.890540711579,-0.371931708954));
#6142 = DIRECTION('',(1.395350660049E-17,0.38538608692,0.922755419387));
#6143 = ADVANCED_FACE('',(#6144),#6147,.F.);
#6144 = FACE_BOUND('',#6145,.T.);
#6145 = EDGE_LOOP('',(#6146));
#6146 = ORIENTED_EDGE('',*,*,#6122,.F.);
#6147 = PLANE('',#6148);
#6148 = AXIS2_PLACEMENT_3D('',#6149,#6150,#6151);
#6149 = CARTESIAN_POINT('',(205.,80.,145.));
#6150 = DIRECTION('',(-0.2619237387,0.890540711579,-0.371931708954));
#6151 = DIRECTION('',(1.395350660049E-17,0.38538608692,0.922755419387));
#6152 = MANIFOLD_SOLID_BREP('',#6153);
#6153 = CLOSED_SHELL('',(#6154,#6194,#6236,#6260,#6295,#6312,#6324));
#6154 = ADVANCED_FACE('',(#6155),#6189,.F.);
#6155 = FACE_BOUND('',#6156,.F.);
#6156 = EDGE_LOOP('',(#6157,#6167,#6175,#6183));
#6157 = ORIENTED_EDGE('',*,*,#6158,.F.);
#6158 = EDGE_CURVE('',#6159,#6161,#6163,.T.);
#6159 = VERTEX_POINT('',#6160);
#6160 = CARTESIAN_POINT('',(168.,157.,64.5));
#6161 = VERTEX_POINT('',#6162);
#6162 = CARTESIAN_POINT('',(168.,157.,109.5));
#6163 = LINE('',#6164,#6165);
#6164 = CARTESIAN_POINT('',(168.,157.,64.5));
#6165 = VECTOR('',#6166,1.);
#6166 = DIRECTION('',(0.,0.,1.));
#6167 = ORIENTED_EDGE('',*,*,#6168,.T.);
#6168 = EDGE_CURVE('',#6159,#6169,#6171,.T.);
#6169 = VERTEX_POINT('',#6170);
#6170 = CARTESIAN_POINT('',(168.,173.,64.5));
#6171 = LINE('',#6172,#6173);
#6172 = CARTESIAN_POINT('',(168.,157.,64.5));
#6173 = VECTOR('',#6174,1.);
#6174 = DIRECTION('',(0.,1.,0.));
#6175 = ORIENTED_EDGE('',*,*,#6176,.T.);
#6176 = EDGE_CURVE('',#6169,#6177,#6179,.T.);
#6177 = VERTEX_POINT('',#6178);
#6178 = CARTESIAN_POINT('',(168.,173.,109.5));
#6179 = LINE('',#6180,#6181);
#6180 = CARTESIAN_POINT('',(168.,173.,64.5));
#6181 = VECTOR('',#6182,1.);
#6182 = DIRECTION('',(0.,0.,1.));
#6183 = ORIENTED_EDGE('',*,*,#6184,.F.);
#6184 = EDGE_CURVE('',#6161,#6177,#6185,.T.);
#6185 = LINE('',#6186,#6187);
#6186 = CARTESIAN_POINT('',(168.,157.,109.5));
#6187 = VECTOR('',#6188,1.);
#6188 = DIRECTION('',(0.,1.,0.));
#6189 = PLANE('',#6190);
#6190 = AXIS2_PLACEMENT_3D('',#6191,#6192,#6193);
#6191 = CARTESIAN_POINT('',(168.,157.,64.5));
#6192 = DIRECTION('',(1.,0.,0.));
#6193 = DIRECTION('',(0.,0.,1.));
#6194 = ADVANCED_FACE('',(#6195,#6220),#6231,.F.);
#6195 = FACE_BOUND('',#6196,.F.);
#6196 = EDGE_LOOP('',(#6197,#6205,#6206,#6214));
#6197 = ORIENTED_EDGE('',*,*,#6198,.F.);
#6198 = EDGE_CURVE('',#6159,#6199,#6201,.T.);
#6199 = VERTEX_POINT('',#6200);
#6200 = CARTESIAN_POINT('',(192.,157.,64.5));
#6201 = LINE('',#6202,#6203);
#6202 = CARTESIAN_POINT('',(168.,157.,64.5));
#6203 = VECTOR('',#6204,1.);
#6204 = DIRECTION('',(1.,0.,0.));
#6205 = ORIENTED_EDGE('',*,*,#6158,.T.);
#6206 = ORIENTED_EDGE('',*,*,#6207,.T.);
#6207 = EDGE_CURVE('',#6161,#6208,#6210,.T.);
#6208 = VERTEX_POINT('',#6209);
#6209 = CARTESIAN_POINT('',(192.,157.,109.5));
#6210 = LINE('',#6211,#6212);
#6211 = CARTESIAN_POINT('',(168.,157.,109.5));
#6212 = VECTOR('',#6213,1.);
#6213 = DIRECTION('',(1.,0.,0.));
#6214 = ORIENTED_EDGE('',*,*,#6215,.F.);
#6215 = EDGE_CURVE('',#6199,#6208,#6216,.T.);
#6216 = LINE('',#6217,#6218);
#6217 = CARTESIAN_POINT('',(192.,157.,64.5));
#6218 = VECTOR('',#6219,1.);
#6219 = DIRECTION('',(0.,0.,1.));
#6220 = FACE_BOUND('',#6221,.F.);
#6221 = EDGE_LOOP('',(#6222));
#6222 = ORIENTED_EDGE('',*,*,#6223,.F.);
#6223 = EDGE_CURVE('',#6224,#6224,#6226,.T.);
#6224 = VERTEX_POINT('',#6225);
#6225 = CARTESIAN_POINT('',(180.,157.,95.5));
#6226 = CIRCLE('',#6227,11.);
#6227 = AXIS2_PLACEMENT_3D('',#6228,#6229,#6230);
#6228 = CARTESIAN_POINT('',(180.,157.,84.5));
#6229 = DIRECTION('',(0.,1.,0.));
#6230 = DIRECTION('',(0.,0.,1.));
#6231 = PLANE('',#6232);
#6232 = AXIS2_PLACEMENT_3D('',#6233,#6234,#6235);
#6233 = CARTESIAN_POINT('',(168.,157.,64.5));
#6234 = DIRECTION('',(0.,1.,0.));
#6235 = DIRECTION('',(0.,0.,1.));
#6236 = ADVANCED_FACE('',(#6237),#6255,.T.);
#6237 = FACE_BOUND('',#6238,.T.);
#6238 = EDGE_LOOP('',(#6239,#6240,#6241,#6249));
#6239 = ORIENTED_EDGE('',*,*,#6184,.F.);
#6240 = ORIENTED_EDGE('',*,*,#6207,.T.);
#6241 = ORIENTED_EDGE('',*,*,#6242,.T.);
#6242 = EDGE_CURVE('',#6208,#6243,#6245,.T.);
#6243 = VERTEX_POINT('',#6244);
#6244 = CARTESIAN_POINT('',(192.,173.,109.5));
#6245 = LINE('',#6246,#6247);
#6246 = CARTESIAN_POINT('',(192.,157.,109.5));
#6247 = VECTOR('',#6248,1.);
#6248 = DIRECTION('',(0.,1.,0.));
#6249 = ORIENTED_EDGE('',*,*,#6250,.F.);
#6250 = EDGE_CURVE('',#6177,#6243,#6251,.T.);
#6251 = LINE('',#6252,#6253);
#6252 = CARTESIAN_POINT('',(168.,173.,109.5));
#6253 = VECTOR('',#6254,1.);
#6254 = DIRECTION('',(1.,0.,0.));
#6255 = PLANE('',#6256);
#6256 = AXIS2_PLACEMENT_3D('',#6257,#6258,#6259);
#6257 = CARTESIAN_POINT('',(168.,157.,109.5));
#6258 = DIRECTION('',(0.,0.,1.));
#6259 = DIRECTION('',(1.,0.,0.));
#6260 = ADVANCED_FACE('',(#6261,#6279),#6290,.T.);
#6261 = FACE_BOUND('',#6262,.T.);
#6262 = EDGE_LOOP('',(#6263,#6271,#6272,#6273));
#6263 = ORIENTED_EDGE('',*,*,#6264,.F.);
#6264 = EDGE_CURVE('',#6169,#6265,#6267,.T.);
#6265 = VERTEX_POINT('',#6266);
#6266 = CARTESIAN_POINT('',(192.,173.,64.5));
#6267 = LINE('',#6268,#6269);
#6268 = CARTESIAN_POINT('',(168.,173.,64.5));
#6269 = VECTOR('',#6270,1.);
#6270 = DIRECTION('',(1.,0.,0.));
#6271 = ORIENTED_EDGE('',*,*,#6176,.T.);
#6272 = ORIENTED_EDGE('',*,*,#6250,.T.);
#6273 = ORIENTED_EDGE('',*,*,#6274,.F.);
#6274 = EDGE_CURVE('',#6265,#6243,#6275,.T.);
#6275 = LINE('',#6276,#6277);
#6276 = CARTESIAN_POINT('',(192.,173.,64.5));
#6277 = VECTOR('',#6278,1.);
#6278 = DIRECTION('',(0.,0.,1.));
#6279 = FACE_BOUND('',#6280,.T.);
#6280 = EDGE_LOOP('',(#6281));
#6281 = ORIENTED_EDGE('',*,*,#6282,.F.);
#6282 = EDGE_CURVE('',#6283,#6283,#6285,.T.);
#6283 = VERTEX_POINT('',#6284);
#6284 = CARTESIAN_POINT('',(180.,173.,95.5));
#6285 = CIRCLE('',#6286,11.);
#6286 = AXIS2_PLACEMENT_3D('',#6287,#6288,#6289);
#6287 = CARTESIAN_POINT('',(180.,173.,84.5));
#6288 = DIRECTION('',(0.,1.,0.));
#6289 = DIRECTION('',(0.,0.,1.));
#6290 = PLANE('',#6291);
#6291 = AXIS2_PLACEMENT_3D('',#6292,#6293,#6294);
#6292 = CARTESIAN_POINT('',(168.,173.,64.5));
#6293 = DIRECTION('',(0.,1.,0.));
#6294 = DIRECTION('',(0.,0.,1.));
#6295 = ADVANCED_FACE('',(#6296),#6307,.F.);
#6296 = FACE_BOUND('',#6297,.F.);
#6297 = EDGE_LOOP('',(#6298,#6299,#6300,#6306));
#6298 = ORIENTED_EDGE('',*,*,#6168,.F.);
#6299 = ORIENTED_EDGE('',*,*,#6198,.T.);
#6300 = ORIENTED_EDGE('',*,*,#6301,.T.);
#6301 = EDGE_CURVE('',#6199,#6265,#6302,.T.);
#6302 = LINE('',#6303,#6304);
#6303 = CARTESIAN_POINT('',(192.,157.,64.5));
#6304 = VECTOR('',#6305,1.);
#6305 = DIRECTION('',(0.,1.,0.));
#6306 = ORIENTED_EDGE('',*,*,#6264,.F.);
#6307 = PLANE('',#6308);
#6308 = AXIS2_PLACEMENT_3D('',#6309,#6310,#6311);
#6309 = CARTESIAN_POINT('',(168.,157.,64.5));
#6310 = DIRECTION('',(0.,0.,1.));
#6311 = DIRECTION('',(1.,0.,0.));
#6312 = ADVANCED_FACE('',(#6313),#6319,.T.);
#6313 = FACE_BOUND('',#6314,.T.);
#6314 = EDGE_LOOP('',(#6315,#6316,#6317,#6318));
#6315 = ORIENTED_EDGE('',*,*,#6215,.F.);
#6316 = ORIENTED_EDGE('',*,*,#6301,.T.);
#6317 = ORIENTED_EDGE('',*,*,#6274,.T.);
#6318 = ORIENTED_EDGE('',*,*,#6242,.F.);
#6319 = PLANE('',#6320);
#6320 = AXIS2_PLACEMENT_3D('',#6321,#6322,#6323);
#6321 = CARTESIAN_POINT('',(192.,157.,64.5));
#6322 = DIRECTION('',(1.,0.,0.));
#6323 = DIRECTION('',(0.,0.,1.));
#6324 = ADVANCED_FACE('',(#6325),#6336,.F.);
#6325 = FACE_BOUND('',#6326,.F.);
#6326 = EDGE_LOOP('',(#6327,#6328,#6334,#6335));
#6327 = ORIENTED_EDGE('',*,*,#6282,.F.);
#6328 = ORIENTED_EDGE('',*,*,#6329,.F.);
#6329 = EDGE_CURVE('',#6224,#6283,#6330,.T.);
#6330 = LINE('',#6331,#6332);
#6331 = CARTESIAN_POINT('',(180.,150.,95.5));
#6332 = VECTOR('',#6333,1.);
#6333 = DIRECTION('',(0.,1.,0.));
#6334 = ORIENTED_EDGE('',*,*,#6223,.T.);
#6335 = ORIENTED_EDGE('',*,*,#6329,.T.);
#6336 = CYLINDRICAL_SURFACE('',#6337,11.);
#6337 = AXIS2_PLACEMENT_3D('',#6338,#6339,#6340);
#6338 = CARTESIAN_POINT('',(180.,150.,84.5));
#6339 = DIRECTION('',(0.,1.,0.));
#6340 = DIRECTION('',(0.,0.,1.));
#6341 = MANIFOLD_SOLID_BREP('',#6342);
#6342 = CLOSED_SHELL('',(#6343,#6364,#6389));
#6343 = ADVANCED_FACE('',(#6344,#6348),#6359,.T.);
#6344 = FACE_BOUND('',#6345,.T.);
#6345 = VERTEX_LOOP('',#6346);
#6346 = VERTEX_POINT('',#6347);
#6347 = CARTESIAN_POINT('',(180.,165.,71.5));
#6348 = FACE_BOUND('',#6349,.T.);
#6349 = EDGE_LOOP('',(#6350));
#6350 = ORIENTED_EDGE('',*,*,#6351,.T.);
#6351 = EDGE_CURVE('',#6352,#6352,#6354,.T.);
#6352 = VERTEX_POINT('',#6353);
#6353 = CARTESIAN_POINT('',(180.,158.67544467966,67.5));
#6354 = CIRCLE('',#6355,3.);
#6355 = AXIS2_PLACEMENT_3D('',#6356,#6357,#6358);
#6356 = CARTESIAN_POINT('',(180.,158.67544467966,64.5));
#6357 = DIRECTION('',(0.,1.,0.));
#6358 = DIRECTION('',(0.,0.,1.));
#6359 = SPHERICAL_SURFACE('',#6360,7.);
#6360 = AXIS2_PLACEMENT_3D('',#6361,#6362,#6363);
#6361 = CARTESIAN_POINT('',(180.,165.,64.5));
#6362 = DIRECTION('',(0.,0.,1.));
#6363 = DIRECTION('',(1.,0.,0.));
#6364 = ADVANCED_FACE('',(#6365),#6384,.T.);
#6365 = FACE_BOUND('',#6366,.T.);
#6366 = EDGE_LOOP('',(#6367,#6368,#6376,#6383));
#6367 = ORIENTED_EDGE('',*,*,#6351,.F.);
#6368 = ORIENTED_EDGE('',*,*,#6369,.F.);
#6369 = EDGE_CURVE('',#6370,#6352,#6372,.T.);
#6370 = VERTEX_POINT('',#6371);
#6371 = CARTESIAN_POINT('',(180.,137.,67.5));
#6372 = LINE('',#6373,#6374);
#6373 = CARTESIAN_POINT('',(180.,137.,67.5));
#6374 = VECTOR('',#6375,1.);
#6375 = DIRECTION('',(0.,1.,0.));
#6376 = ORIENTED_EDGE('',*,*,#6377,.T.);
#6377 = EDGE_CURVE('',#6370,#6370,#6378,.T.);
#6378 = CIRCLE('',#6379,3.);
#6379 = AXIS2_PLACEMENT_3D('',#6380,#6381,#6382);
#6380 = CARTESIAN_POINT('',(180.,137.,64.5));
#6381 = DIRECTION('',(0.,1.,0.));
#6382 = DIRECTION('',(0.,0.,1.));
#6383 = ORIENTED_EDGE('',*,*,#6369,.T.);
#6384 = CYLINDRICAL_SURFACE('',#6385,3.);
#6385 = AXIS2_PLACEMENT_3D('',#6386,#6387,#6388);
#6386 = CARTESIAN_POINT('',(180.,137.,64.5));
#6387 = DIRECTION('',(0.,1.,0.));
#6388 = DIRECTION('',(0.,0.,1.));
#6389 = ADVANCED_FACE('',(#6390),#6393,.F.);
#6390 = FACE_BOUND('',#6391,.T.);
#6391 = EDGE_LOOP('',(#6392));
#6392 = ORIENTED_EDGE('',*,*,#6377,.F.);
#6393 = PLANE('',#6394);
#6394 = AXIS2_PLACEMENT_3D('',#6395,#6396,#6397);
#6395 = CARTESIAN_POINT('',(180.,137.,64.5));
#6396 = DIRECTION('',(0.,1.,0.));
#6397 = DIRECTION('',(0.,0.,1.));
#6398 = MANIFOLD_SOLID_BREP('',#6399);
#6399 = CLOSED_SHELL('',(#6400,#6421,#6446));
#6400 = ADVANCED_FACE('',(#6401,#6405),#6416,.T.);
#6401 = FACE_BOUND('',#6402,.T.);
#6402 = VERTEX_LOOP('',#6403);
#6403 = VERTEX_POINT('',#6404);
#6404 = CARTESIAN_POINT('',(180.,165.,116.5));
#6405 = FACE_BOUND('',#6406,.T.);
#6406 = EDGE_LOOP('',(#6407));
#6407 = ORIENTED_EDGE('',*,*,#6408,.T.);
#6408 = EDGE_CURVE('',#6409,#6409,#6411,.T.);
#6409 = VERTEX_POINT('',#6410);
#6410 = CARTESIAN_POINT('',(180.,158.67544467966,112.5));
#6411 = CIRCLE('',#6412,3.);
#6412 = AXIS2_PLACEMENT_3D('',#6413,#6414,#6415);
#6413 = CARTESIAN_POINT('',(180.,158.67544467966,109.5));
#6414 = DIRECTION('',(0.,1.,0.));
#6415 = DIRECTION('',(0.,0.,1.));
#6416 = SPHERICAL_SURFACE('',#6417,7.);
#6417 = AXIS2_PLACEMENT_3D('',#6418,#6419,#6420);
#6418 = CARTESIAN_POINT('',(180.,165.,109.5));
#6419 = DIRECTION('',(0.,0.,1.));
#6420 = DIRECTION('',(1.,0.,0.));
#6421 = ADVANCED_FACE('',(#6422),#6441,.T.);
#6422 = FACE_BOUND('',#6423,.T.);
#6423 = EDGE_LOOP('',(#6424,#6425,#6433,#6440));
#6424 = ORIENTED_EDGE('',*,*,#6408,.F.);
#6425 = ORIENTED_EDGE('',*,*,#6426,.F.);
#6426 = EDGE_CURVE('',#6427,#6409,#6429,.T.);
#6427 = VERTEX_POINT('',#6428);
#6428 = CARTESIAN_POINT('',(180.,137.,112.5));
#6429 = LINE('',#6430,#6431);
#6430 = CARTESIAN_POINT('',(180.,137.,112.5));
#6431 = VECTOR('',#6432,1.);
#6432 = DIRECTION('',(0.,1.,0.));
#6433 = ORIENTED_EDGE('',*,*,#6434,.T.);
#6434 = EDGE_CURVE('',#6427,#6427,#6435,.T.);
#6435 = CIRCLE('',#6436,3.);
#6436 = AXIS2_PLACEMENT_3D('',#6437,#6438,#6439);
#6437 = CARTESIAN_POINT('',(180.,137.,109.5));
#6438 = DIRECTION('',(0.,1.,0.));
#6439 = DIRECTION('',(0.,0.,1.));
#6440 = ORIENTED_EDGE('',*,*,#6426,.T.);
#6441 = CYLINDRICAL_SURFACE('',#6442,3.);
#6442 = AXIS2_PLACEMENT_3D('',#6443,#6444,#6445);
#6443 = CARTESIAN_POINT('',(180.,137.,109.5));
#6444 = DIRECTION('',(0.,1.,0.));
#6445 = DIRECTION('',(0.,0.,1.));
#6446 = ADVANCED_FACE('',(#6447),#6450,.F.);
#6447 = FACE_BOUND('',#6448,.T.);
#6448 = EDGE_LOOP('',(#6449));
#6449 = ORIENTED_EDGE('',*,*,#6434,.F.);
#6450 = PLANE('',#6451);
#6451 = AXIS2_PLACEMENT_3D('',#6452,#6453,#6454);
#6452 = CARTESIAN_POINT('',(180.,137.,109.5));
#6453 = DIRECTION('',(0.,1.,0.));
#6454 = DIRECTION('',(0.,0.,1.));
#6455 = MANIFOLD_SOLID_BREP('',#6456);
#6456 = CLOSED_SHELL('',(#6457,#6490,#6499));
#6457 = ADVANCED_FACE('',(#6458),#6485,.T.);
#6458 = FACE_BOUND('',#6459,.T.);
#6459 = EDGE_LOOP('',(#6460,#6469,#6477,#6484));
#6460 = ORIENTED_EDGE('',*,*,#6461,.F.);
#6461 = EDGE_CURVE('',#6462,#6462,#6464,.T.);
#6462 = VERTEX_POINT('',#6463);
#6463 = CARTESIAN_POINT('',(137.,107.37536546895,194.43315699408));
#6464 = CIRCLE('',#6465,2.5);
#6465 = AXIS2_PLACEMENT_3D('',#6466,#6467,#6468);
#6466 = CARTESIAN_POINT('',(137.,105.,193.6536450385));
#6467 = DIRECTION('',(-0.217391304348,-0.304347826087,0.927423000335));
#6468 = DIRECTION('',(1.350813400693E-17,0.950146187583,0.311804782231)
  );
#6469 = ORIENTED_EDGE('',*,*,#6470,.F.);
#6470 = EDGE_CURVE('',#6471,#6462,#6473,.T.);
#6471 = VERTEX_POINT('',#6472);
#6472 = CARTESIAN_POINT('',(162.,142.37536546895,87.779511955578));
#6473 = LINE('',#6474,#6475);
#6474 = CARTESIAN_POINT('',(162.,142.37536546895,87.779511955578));
#6475 = VECTOR('',#6476,1.);
#6476 = DIRECTION('',(-0.217391304348,-0.304347826087,0.927423000335));
#6477 = ORIENTED_EDGE('',*,*,#6478,.T.);
#6478 = EDGE_CURVE('',#6471,#6471,#6479,.T.);
#6479 = CIRCLE('',#6480,2.5);
#6480 = AXIS2_PLACEMENT_3D('',#6481,#6482,#6483);
#6481 = CARTESIAN_POINT('',(162.,140.,87.));
#6482 = DIRECTION('',(-0.217391304348,-0.304347826087,0.927423000335));
#6483 = DIRECTION('',(1.350813400693E-17,0.950146187583,0.311804782231)
  );
#6484 = ORIENTED_EDGE('',*,*,#6470,.T.);
#6485 = CYLINDRICAL_SURFACE('',#6486,2.5);
#6486 = AXIS2_PLACEMENT_3D('',#6487,#6488,#6489);
#6487 = CARTESIAN_POINT('',(162.,140.,87.));
#6488 = DIRECTION('',(-0.217391304348,-0.304347826087,0.927423000335));
#6489 = DIRECTION('',(1.350813400693E-17,0.950146187583,0.311804782231)
  );
#6490 = ADVANCED_FACE('',(#6491),#6494,.T.);
#6491 = FACE_BOUND('',#6492,.T.);
#6492 = EDGE_LOOP('',(#6493));
#6493 = ORIENTED_EDGE('',*,*,#6461,.T.);
#6494 = PLANE('',#6495);
#6495 = AXIS2_PLACEMENT_3D('',#6496,#6497,#6498);
#6496 = CARTESIAN_POINT('',(137.,105.,193.6536450385));
#6497 = DIRECTION('',(-0.217391304348,-0.304347826087,0.927423000335));
#6498 = DIRECTION('',(1.350813400693E-17,0.950146187583,0.311804782231)
  );
#6499 = ADVANCED_FACE('',(#6500),#6503,.F.);
#6500 = FACE_BOUND('',#6501,.T.);
#6501 = EDGE_LOOP('',(#6502));
#6502 = ORIENTED_EDGE('',*,*,#6478,.F.);
#6503 = PLANE('',#6504);
#6504 = AXIS2_PLACEMENT_3D('',#6505,#6506,#6507);
#6505 = CARTESIAN_POINT('',(162.,140.,87.));
#6506 = DIRECTION('',(-0.217391304348,-0.304347826087,0.927423000335));
#6507 = DIRECTION('',(1.350813400693E-17,0.950146187583,0.311804782231)
  );
#6508 = MANIFOLD_SOLID_BREP('',#6509);
#6509 = CLOSED_SHELL('',(#6510,#6543,#6552));
#6510 = ADVANCED_FACE('',(#6511),#6538,.T.);
#6511 = FACE_BOUND('',#6512,.T.);
#6512 = EDGE_LOOP('',(#6513,#6522,#6530,#6537));
#6513 = ORIENTED_EDGE('',*,*,#6514,.F.);
#6514 = EDGE_CURVE('',#6515,#6515,#6517,.T.);
#6515 = VERTEX_POINT('',#6516);
#6516 = CARTESIAN_POINT('',(137.,113.55131568824,196.45988807858));
#6517 = CIRCLE('',#6518,9.);
#6518 = AXIS2_PLACEMENT_3D('',#6519,#6520,#6521);
#6519 = CARTESIAN_POINT('',(137.,105.,193.6536450385));
#6520 = DIRECTION('',(-0.217391304348,-0.304347826087,0.927423000335));
#6521 = DIRECTION('',(1.350813400693E-17,0.950146187583,0.311804782231)
  );
#6522 = ORIENTED_EDGE('',*,*,#6523,.F.);
#6523 = EDGE_CURVE('',#6524,#6515,#6526,.T.);
#6524 = VERTEX_POINT('',#6525);
#6525 = CARTESIAN_POINT('',(154.5,138.05131568824,121.80233655163));
#6526 = LINE('',#6527,#6528);
#6527 = CARTESIAN_POINT('',(154.5,138.05131568824,121.80233655163));
#6528 = VECTOR('',#6529,1.);
#6529 = DIRECTION('',(-0.217391304348,-0.304347826087,0.927423000335));
#6530 = ORIENTED_EDGE('',*,*,#6531,.T.);
#6531 = EDGE_CURVE('',#6524,#6524,#6532,.T.);
#6532 = CIRCLE('',#6533,9.);
#6533 = AXIS2_PLACEMENT_3D('',#6534,#6535,#6536);
#6534 = CARTESIAN_POINT('',(154.5,129.5,118.99609351155));
#6535 = DIRECTION('',(-0.217391304348,-0.304347826087,0.927423000335));
#6536 = DIRECTION('',(1.350813400693E-17,0.950146187583,0.311804782231)
  );
#6537 = ORIENTED_EDGE('',*,*,#6523,.T.);
#6538 = CYLINDRICAL_SURFACE('',#6539,9.);
#6539 = AXIS2_PLACEMENT_3D('',#6540,#6541,#6542);
#6540 = CARTESIAN_POINT('',(154.5,129.5,118.99609351155));
#6541 = DIRECTION('',(-0.217391304348,-0.304347826087,0.927423000335));
#6542 = DIRECTION('',(1.350813400693E-17,0.950146187583,0.311804782231)
  );
#6543 = ADVANCED_FACE('',(#6544),#6547,.T.);
#6544 = FACE_BOUND('',#6545,.T.);
#6545 = EDGE_LOOP('',(#6546));
#6546 = ORIENTED_EDGE('',*,*,#6514,.T.);
#6547 = PLANE('',#6548);
#6548 = AXIS2_PLACEMENT_3D('',#6549,#6550,#6551);
#6549 = CARTESIAN_POINT('',(137.,105.,193.6536450385));
#6550 = DIRECTION('',(-0.217391304348,-0.304347826087,0.927423000335));
#6551 = DIRECTION('',(1.350813400693E-17,0.950146187583,0.311804782231)
  );
#6552 = ADVANCED_FACE('',(#6553),#6556,.F.);
#6553 = FACE_BOUND('',#6554,.T.);
#6554 = EDGE_LOOP('',(#6555));
#6555 = ORIENTED_EDGE('',*,*,#6531,.F.);
#6556 = PLANE('',#6557);
#6557 = AXIS2_PLACEMENT_3D('',#6558,#6559,#6560);
#6558 = CARTESIAN_POINT('',(154.5,129.5,118.99609351155));
#6559 = DIRECTION('',(-0.217391304348,-0.304347826087,0.927423000335));
#6560 = DIRECTION('',(1.350813400693E-17,0.950146187583,0.311804782231)
  );
#6561 = MANIFOLD_SOLID_BREP('',#6562);
#6562 = CLOSED_SHELL('',(#6563,#6603,#6643,#6665,#6687,#6699));
#6563 = ADVANCED_FACE('',(#6564),#6598,.F.);
#6564 = FACE_BOUND('',#6565,.F.);
#6565 = EDGE_LOOP('',(#6566,#6576,#6584,#6592));
#6566 = ORIENTED_EDGE('',*,*,#6567,.F.);
#6567 = EDGE_CURVE('',#6568,#6570,#6572,.T.);
#6568 = VERTEX_POINT('',#6569);
#6569 = CARTESIAN_POINT('',(130.,99.,100.));
#6570 = VERTEX_POINT('',#6571);
#6571 = CARTESIAN_POINT('',(130.,99.,200.6536450385));
#6572 = LINE('',#6573,#6574);
#6573 = CARTESIAN_POINT('',(130.,99.,100.));
#6574 = VECTOR('',#6575,1.);
#6575 = DIRECTION('',(0.,0.,1.));
#6576 = ORIENTED_EDGE('',*,*,#6577,.T.);
#6577 = EDGE_CURVE('',#6568,#6578,#6580,.T.);
#6578 = VERTEX_POINT('',#6579);
#6579 = CARTESIAN_POINT('',(130.,111.,100.));
#6580 = LINE('',#6581,#6582);
#6581 = CARTESIAN_POINT('',(130.,99.,100.));
#6582 = VECTOR('',#6583,1.);
#6583 = DIRECTION('',(0.,1.,0.));
#6584 = ORIENTED_EDGE('',*,*,#6585,.T.);
#6585 = EDGE_CURVE('',#6578,#6586,#6588,.T.);
#6586 = VERTEX_POINT('',#6587);
#6587 = CARTESIAN_POINT('',(130.,111.,200.6536450385));
#6588 = LINE('',#6589,#6590);
#6589 = CARTESIAN_POINT('',(130.,111.,100.));
#6590 = VECTOR('',#6591,1.);
#6591 = DIRECTION('',(0.,0.,1.));
#6592 = ORIENTED_EDGE('',*,*,#6593,.F.);
#6593 = EDGE_CURVE('',#6570,#6586,#6594,.T.);
#6594 = LINE('',#6595,#6596);
#6595 = CARTESIAN_POINT('',(130.,99.,200.6536450385));
#6596 = VECTOR('',#6597,1.);
#6597 = DIRECTION('',(0.,1.,0.));
#6598 = PLANE('',#6599);
#6599 = AXIS2_PLACEMENT_3D('',#6600,#6601,#6602);
#6600 = CARTESIAN_POINT('',(130.,99.,100.));
#6601 = DIRECTION('',(1.,0.,0.));
#6602 = DIRECTION('',(0.,0.,1.));
#6603 = ADVANCED_FACE('',(#6604),#6638,.T.);
#6604 = FACE_BOUND('',#6605,.T.);
#6605 = EDGE_LOOP('',(#6606,#6616,#6624,#6632));
#6606 = ORIENTED_EDGE('',*,*,#6607,.F.);
#6607 = EDGE_CURVE('',#6608,#6610,#6612,.T.);
#6608 = VERTEX_POINT('',#6609);
#6609 = CARTESIAN_POINT('',(144.,99.,100.));
#6610 = VERTEX_POINT('',#6611);
#6611 = CARTESIAN_POINT('',(144.,99.,200.6536450385));
#6612 = LINE('',#6613,#6614);
#6613 = CARTESIAN_POINT('',(144.,99.,100.));
#6614 = VECTOR('',#6615,1.);
#6615 = DIRECTION('',(0.,0.,1.));
#6616 = ORIENTED_EDGE('',*,*,#6617,.T.);
#6617 = EDGE_CURVE('',#6608,#6618,#6620,.T.);
#6618 = VERTEX_POINT('',#6619);
#6619 = CARTESIAN_POINT('',(144.,111.,100.));
#6620 = LINE('',#6621,#6622);
#6621 = CARTESIAN_POINT('',(144.,99.,100.));
#6622 = VECTOR('',#6623,1.);
#6623 = DIRECTION('',(0.,1.,0.));
#6624 = ORIENTED_EDGE('',*,*,#6625,.T.);
#6625 = EDGE_CURVE('',#6618,#6626,#6628,.T.);
#6626 = VERTEX_POINT('',#6627);
#6627 = CARTESIAN_POINT('',(144.,111.,200.6536450385));
#6628 = LINE('',#6629,#6630);
#6629 = CARTESIAN_POINT('',(144.,111.,100.));
#6630 = VECTOR('',#6631,1.);
#6631 = DIRECTION('',(0.,0.,1.));
#6632 = ORIENTED_EDGE('',*,*,#6633,.F.);
#6633 = EDGE_CURVE('',#6610,#6626,#6634,.T.);
#6634 = LINE('',#6635,#6636);
#6635 = CARTESIAN_POINT('',(144.,99.,200.6536450385));
#6636 = VECTOR('',#6637,1.);
#6637 = DIRECTION('',(0.,1.,0.));
#6638 = PLANE('',#6639);
#6639 = AXIS2_PLACEMENT_3D('',#6640,#6641,#6642);
#6640 = CARTESIAN_POINT('',(144.,99.,100.));
#6641 = DIRECTION('',(1.,0.,0.));
#6642 = DIRECTION('',(0.,0.,1.));
#6643 = ADVANCED_FACE('',(#6644),#6660,.F.);
#6644 = FACE_BOUND('',#6645,.F.);
#6645 = EDGE_LOOP('',(#6646,#6652,#6653,#6659));
#6646 = ORIENTED_EDGE('',*,*,#6647,.F.);
#6647 = EDGE_CURVE('',#6568,#6608,#6648,.T.);
#6648 = LINE('',#6649,#6650);
#6649 = CARTESIAN_POINT('',(130.,99.,100.));
#6650 = VECTOR('',#6651,1.);
#6651 = DIRECTION('',(1.,0.,0.));
#6652 = ORIENTED_EDGE('',*,*,#6567,.T.);
#6653 = ORIENTED_EDGE('',*,*,#6654,.T.);
#6654 = EDGE_CURVE('',#6570,#6610,#6655,.T.);
#6655 = LINE('',#6656,#6657);
#6656 = CARTESIAN_POINT('',(130.,99.,200.6536450385));
#6657 = VECTOR('',#6658,1.);
#6658 = DIRECTION('',(1.,0.,0.));
#6659 = ORIENTED_EDGE('',*,*,#6607,.F.);
#6660 = PLANE('',#6661);
#6661 = AXIS2_PLACEMENT_3D('',#6662,#6663,#6664);
#6662 = CARTESIAN_POINT('',(130.,99.,100.));
#6663 = DIRECTION('',(0.,1.,0.));
#6664 = DIRECTION('',(0.,0.,1.));
#6665 = ADVANCED_FACE('',(#6666),#6682,.T.);
#6666 = FACE_BOUND('',#6667,.T.);
#6667 = EDGE_LOOP('',(#6668,#6674,#6675,#6681));
#6668 = ORIENTED_EDGE('',*,*,#6669,.F.);
#6669 = EDGE_CURVE('',#6578,#6618,#6670,.T.);
#6670 = LINE('',#6671,#6672);
#6671 = CARTESIAN_POINT('',(130.,111.,100.));
#6672 = VECTOR('',#6673,1.);
#6673 = DIRECTION('',(1.,0.,0.));
#6674 = ORIENTED_EDGE('',*,*,#6585,.T.);
#6675 = ORIENTED_EDGE('',*,*,#6676,.T.);
#6676 = EDGE_CURVE('',#6586,#6626,#6677,.T.);
#6677 = LINE('',#6678,#6679);
#6678 = CARTESIAN_POINT('',(130.,111.,200.6536450385));
#6679 = VECTOR('',#6680,1.);
#6680 = DIRECTION('',(1.,0.,0.));
#6681 = ORIENTED_EDGE('',*,*,#6625,.F.);
#6682 = PLANE('',#6683);
#6683 = AXIS2_PLACEMENT_3D('',#6684,#6685,#6686);
#6684 = CARTESIAN_POINT('',(130.,111.,100.));
#6685 = DIRECTION('',(0.,1.,0.));
#6686 = DIRECTION('',(0.,0.,1.));
#6687 = ADVANCED_FACE('',(#6688),#6694,.F.);
#6688 = FACE_BOUND('',#6689,.F.);
#6689 = EDGE_LOOP('',(#6690,#6691,#6692,#6693));
#6690 = ORIENTED_EDGE('',*,*,#6577,.F.);
#6691 = ORIENTED_EDGE('',*,*,#6647,.T.);
#6692 = ORIENTED_EDGE('',*,*,#6617,.T.);
#6693 = ORIENTED_EDGE('',*,*,#6669,.F.);
#6694 = PLANE('',#6695);
#6695 = AXIS2_PLACEMENT_3D('',#6696,#6697,#6698);
#6696 = CARTESIAN_POINT('',(130.,99.,100.));
#6697 = DIRECTION('',(0.,0.,1.));
#6698 = DIRECTION('',(1.,0.,0.));
#6699 = ADVANCED_FACE('',(#6700),#6706,.T.);
#6700 = FACE_BOUND('',#6701,.T.);
#6701 = EDGE_LOOP('',(#6702,#6703,#6704,#6705));
#6702 = ORIENTED_EDGE('',*,*,#6593,.F.);
#6703 = ORIENTED_EDGE('',*,*,#6654,.T.);
#6704 = ORIENTED_EDGE('',*,*,#6633,.T.);
#6705 = ORIENTED_EDGE('',*,*,#6676,.F.);
#6706 = PLANE('',#6707);
#6707 = AXIS2_PLACEMENT_3D('',#6708,#6709,#6710);
#6708 = CARTESIAN_POINT('',(130.,99.,200.6536450385));
#6709 = DIRECTION('',(0.,0.,1.));
#6710 = DIRECTION('',(1.,0.,0.));
#6711 = MANIFOLD_SOLID_BREP('',#6712);
#6712 = CLOSED_SHELL('',(#6713,#6753,#6784,#6808,#6843,#6860,#6872,#6956
    ,#6988,#7012,#7037,#7054,#7063));
#6713 = ADVANCED_FACE('',(#6714),#6748,.F.);
#6714 = FACE_BOUND('',#6715,.F.);
#6715 = EDGE_LOOP('',(#6716,#6726,#6734,#6742));
#6716 = ORIENTED_EDGE('',*,*,#6717,.F.);
#6717 = EDGE_CURVE('',#6718,#6720,#6722,.T.);
#6718 = VERTEX_POINT('',#6719);
#6719 = CARTESIAN_POINT('',(185.,-90.,100.));
#6720 = VERTEX_POINT('',#6721);
#6721 = CARTESIAN_POINT('',(185.,-90.,180.));
#6722 = LINE('',#6723,#6724);
#6723 = CARTESIAN_POINT('',(185.,-90.,100.));
#6724 = VECTOR('',#6725,1.);
#6725 = DIRECTION('',(0.,0.,1.));
#6726 = ORIENTED_EDGE('',*,*,#6727,.T.);
#6727 = EDGE_CURVE('',#6718,#6728,#6730,.T.);
#6728 = VERTEX_POINT('',#6729);
#6729 = CARTESIAN_POINT('',(185.,-7.,100.));
#6730 = LINE('',#6731,#6732);
#6731 = CARTESIAN_POINT('',(185.,-90.,100.));
#6732 = VECTOR('',#6733,1.);
#6733 = DIRECTION('',(0.,1.,0.));
#6734 = ORIENTED_EDGE('',*,*,#6735,.T.);
#6735 = EDGE_CURVE('',#6728,#6736,#6738,.T.);
#6736 = VERTEX_POINT('',#6737);
#6737 = CARTESIAN_POINT('',(185.,-7.,180.));
#6738 = LINE('',#6739,#6740);
#6739 = CARTESIAN_POINT('',(185.,-7.,100.));
#6740 = VECTOR('',#6741,1.);
#6741 = DIRECTION('',(0.,0.,1.));
#6742 = ORIENTED_EDGE('',*,*,#6743,.F.);
#6743 = EDGE_CURVE('',#6720,#6736,#6744,.T.);
#6744 = LINE('',#6745,#6746);
#6745 = CARTESIAN_POINT('',(185.,-90.,180.));
#6746 = VECTOR('',#6747,1.);
#6747 = DIRECTION('',(0.,1.,0.));
#6748 = PLANE('',#6749);
#6749 = AXIS2_PLACEMENT_3D('',#6750,#6751,#6752);
#6750 = CARTESIAN_POINT('',(185.,-90.,100.));
#6751 = DIRECTION('',(1.,0.,0.));
#6752 = DIRECTION('',(0.,0.,1.));
#6753 = ADVANCED_FACE('',(#6754),#6779,.F.);
#6754 = FACE_BOUND('',#6755,.F.);
#6755 = EDGE_LOOP('',(#6756,#6764,#6765,#6773));
#6756 = ORIENTED_EDGE('',*,*,#6757,.F.);
#6757 = EDGE_CURVE('',#6718,#6758,#6760,.T.);
#6758 = VERTEX_POINT('',#6759);
#6759 = CARTESIAN_POINT('',(265.,-90.,100.));
#6760 = LINE('',#6761,#6762);
#6761 = CARTESIAN_POINT('',(185.,-90.,100.));
#6762 = VECTOR('',#6763,1.);
#6763 = DIRECTION('',(1.,0.,0.));
#6764 = ORIENTED_EDGE('',*,*,#6717,.T.);
#6765 = ORIENTED_EDGE('',*,*,#6766,.T.);
#6766 = EDGE_CURVE('',#6720,#6767,#6769,.T.);
#6767 = VERTEX_POINT('',#6768);
#6768 = CARTESIAN_POINT('',(265.,-90.,180.));
#6769 = LINE('',#6770,#6771);
#6770 = CARTESIAN_POINT('',(185.,-90.,180.));
#6771 = VECTOR('',#6772,1.);
#6772 = DIRECTION('',(1.,0.,0.));
#6773 = ORIENTED_EDGE('',*,*,#6774,.F.);
#6774 = EDGE_CURVE('',#6758,#6767,#6775,.T.);
#6775 = LINE('',#6776,#6777);
#6776 = CARTESIAN_POINT('',(265.,-90.,100.));
#6777 = VECTOR('',#6778,1.);
#6778 = DIRECTION('',(0.,0.,1.));
#6779 = PLANE('',#6780);
#6780 = AXIS2_PLACEMENT_3D('',#6781,#6782,#6783);
#6781 = CARTESIAN_POINT('',(185.,-90.,100.));
#6782 = DIRECTION('',(0.,1.,0.));
#6783 = DIRECTION('',(0.,0.,1.));
#6784 = ADVANCED_FACE('',(#6785),#6803,.T.);
#6785 = FACE_BOUND('',#6786,.T.);
#6786 = EDGE_LOOP('',(#6787,#6788,#6789,#6797));
#6787 = ORIENTED_EDGE('',*,*,#6743,.F.);
#6788 = ORIENTED_EDGE('',*,*,#6766,.T.);
#6789 = ORIENTED_EDGE('',*,*,#6790,.T.);
#6790 = EDGE_CURVE('',#6767,#6791,#6793,.T.);
#6791 = VERTEX_POINT('',#6792);
#6792 = CARTESIAN_POINT('',(265.,-7.,180.));
#6793 = LINE('',#6794,#6795);
#6794 = CARTESIAN_POINT('',(265.,-90.,180.));
#6795 = VECTOR('',#6796,1.);
#6796 = DIRECTION('',(0.,1.,0.));
#6797 = ORIENTED_EDGE('',*,*,#6798,.F.);
#6798 = EDGE_CURVE('',#6736,#6791,#6799,.T.);
#6799 = LINE('',#6800,#6801);
#6800 = CARTESIAN_POINT('',(185.,-7.,180.));
#6801 = VECTOR('',#6802,1.);
#6802 = DIRECTION('',(1.,0.,0.));
#6803 = PLANE('',#6804);
#6804 = AXIS2_PLACEMENT_3D('',#6805,#6806,#6807);
#6805 = CARTESIAN_POINT('',(185.,-90.,180.));
#6806 = DIRECTION('',(0.,0.,1.));
#6807 = DIRECTION('',(1.,0.,0.));
#6808 = ADVANCED_FACE('',(#6809,#6827),#6838,.T.);
#6809 = FACE_BOUND('',#6810,.T.);
#6810 = EDGE_LOOP('',(#6811,#6819,#6820,#6821));
#6811 = ORIENTED_EDGE('',*,*,#6812,.F.);
#6812 = EDGE_CURVE('',#6728,#6813,#6815,.T.);
#6813 = VERTEX_POINT('',#6814);
#6814 = CARTESIAN_POINT('',(265.,-7.,100.));
#6815 = LINE('',#6816,#6817);
#6816 = CARTESIAN_POINT('',(185.,-7.,100.));
#6817 = VECTOR('',#6818,1.);
#6818 = DIRECTION('',(1.,0.,0.));
#6819 = ORIENTED_EDGE('',*,*,#6735,.T.);
#6820 = ORIENTED_EDGE('',*,*,#6798,.T.);
#6821 = ORIENTED_EDGE('',*,*,#6822,.F.);
#6822 = EDGE_CURVE('',#6813,#6791,#6823,.T.);
#6823 = LINE('',#6824,#6825);
#6824 = CARTESIAN_POINT('',(265.,-7.,100.));
#6825 = VECTOR('',#6826,1.);
#6826 = DIRECTION('',(0.,0.,1.));
#6827 = FACE_BOUND('',#6828,.T.);
#6828 = EDGE_LOOP('',(#6829));
#6829 = ORIENTED_EDGE('',*,*,#6830,.F.);
#6830 = EDGE_CURVE('',#6831,#6831,#6833,.T.);
#6831 = VERTEX_POINT('',#6832);
#6832 = CARTESIAN_POINT('',(225.,-7.,160.5));
#6833 = CIRCLE('',#6834,7.5);
#6834 = AXIS2_PLACEMENT_3D('',#6835,#6836,#6837);
#6835 = CARTESIAN_POINT('',(225.,-7.,153.));
#6836 = DIRECTION('',(0.,1.,0.));
#6837 = DIRECTION('',(0.,0.,1.));
#6838 = PLANE('',#6839);
#6839 = AXIS2_PLACEMENT_3D('',#6840,#6841,#6842);
#6840 = CARTESIAN_POINT('',(185.,-7.,100.));
#6841 = DIRECTION('',(0.,1.,0.));
#6842 = DIRECTION('',(0.,0.,1.));
#6843 = ADVANCED_FACE('',(#6844),#6855,.F.);
#6844 = FACE_BOUND('',#6845,.F.);
#6845 = EDGE_LOOP('',(#6846,#6847,#6848,#6854));
#6846 = ORIENTED_EDGE('',*,*,#6727,.F.);
#6847 = ORIENTED_EDGE('',*,*,#6757,.T.);
#6848 = ORIENTED_EDGE('',*,*,#6849,.T.);
#6849 = EDGE_CURVE('',#6758,#6813,#6850,.T.);
#6850 = LINE('',#6851,#6852);
#6851 = CARTESIAN_POINT('',(265.,-90.,100.));
#6852 = VECTOR('',#6853,1.);
#6853 = DIRECTION('',(0.,1.,0.));
#6854 = ORIENTED_EDGE('',*,*,#6812,.F.);
#6855 = PLANE('',#6856);
#6856 = AXIS2_PLACEMENT_3D('',#6857,#6858,#6859);
#6857 = CARTESIAN_POINT('',(185.,-90.,100.));
#6858 = DIRECTION('',(0.,0.,1.));
#6859 = DIRECTION('',(1.,0.,0.));
#6860 = ADVANCED_FACE('',(#6861),#6867,.T.);
#6861 = FACE_BOUND('',#6862,.T.);
#6862 = EDGE_LOOP('',(#6863,#6864,#6865,#6866));
#6863 = ORIENTED_EDGE('',*,*,#6774,.F.);
#6864 = ORIENTED_EDGE('',*,*,#6849,.T.);
#6865 = ORIENTED_EDGE('',*,*,#6822,.T.);
#6866 = ORIENTED_EDGE('',*,*,#6790,.F.);
#6867 = PLANE('',#6868);
#6868 = AXIS2_PLACEMENT_3D('',#6869,#6870,#6871);
#6869 = CARTESIAN_POINT('',(265.,-90.,100.));
#6870 = DIRECTION('',(1.,0.,0.));
#6871 = DIRECTION('',(0.,0.,1.));
#6872 = ADVANCED_FACE('',(#6873),#6951,.T.);
#6873 = FACE_BOUND('',#6874,.T.);
#6874 = EDGE_LOOP('',(#6875,#6885,#6892,#6893,#6902,#6910,#6919,#6925,
    #6926,#6927,#6936,#6944));
#6875 = ORIENTED_EDGE('',*,*,#6876,.T.);
#6876 = EDGE_CURVE('',#6877,#6879,#6881,.T.);
#6877 = VERTEX_POINT('',#6878);
#6878 = CARTESIAN_POINT('',(225.,26.,160.5));
#6879 = VERTEX_POINT('',#6880);
#6880 = CARTESIAN_POINT('',(225.,28.,160.5));
#6881 = LINE('',#6882,#6883);
#6882 = CARTESIAN_POINT('',(225.,-7.,160.5));
#6883 = VECTOR('',#6884,1.);
#6884 = DIRECTION('',(0.,1.,0.));
#6885 = ORIENTED_EDGE('',*,*,#6886,.F.);
#6886 = EDGE_CURVE('',#6879,#6879,#6887,.T.);
#6887 = CIRCLE('',#6888,7.5);
#6888 = AXIS2_PLACEMENT_3D('',#6889,#6890,#6891);
#6889 = CARTESIAN_POINT('',(225.,28.,153.));
#6890 = DIRECTION('',(0.,1.,0.));
#6891 = DIRECTION('',(0.,0.,1.));
#6892 = ORIENTED_EDGE('',*,*,#6876,.F.);
#6893 = ORIENTED_EDGE('',*,*,#6894,.T.);
#6894 = EDGE_CURVE('',#6877,#6895,#6897,.T.);
#6895 = VERTEX_POINT('',#6896);
#6896 = CARTESIAN_POINT('',(227.5,26.,160.07106781186));
#6897 = CIRCLE('',#6898,7.5);
#6898 = AXIS2_PLACEMENT_3D('',#6899,#6900,#6901);
#6899 = CARTESIAN_POINT('',(225.,26.,153.));
#6900 = DIRECTION('',(0.,1.,0.));
#6901 = DIRECTION('',(0.,0.,1.));
#6902 = ORIENTED_EDGE('',*,*,#6903,.F.);
#6903 = EDGE_CURVE('',#6904,#6895,#6906,.T.);
#6904 = VERTEX_POINT('',#6905);
#6905 = CARTESIAN_POINT('',(227.5,1.,160.07106781186));
#6906 = LINE('',#6907,#6908);
#6907 = CARTESIAN_POINT('',(227.5,-7.,160.07106781186));
#6908 = VECTOR('',#6909,1.);
#6909 = DIRECTION('',(0.,1.,0.));
#6910 = ORIENTED_EDGE('',*,*,#6911,.F.);
#6911 = EDGE_CURVE('',#6912,#6904,#6914,.T.);
#6912 = VERTEX_POINT('',#6913);
#6913 = CARTESIAN_POINT('',(225.,1.,160.5));
#6914 = CIRCLE('',#6915,7.5);
#6915 = AXIS2_PLACEMENT_3D('',#6916,#6917,#6918);
#6916 = CARTESIAN_POINT('',(225.,1.,153.));
#6917 = DIRECTION('',(0.,1.,0.));
#6918 = DIRECTION('',(0.,0.,1.));
#6919 = ORIENTED_EDGE('',*,*,#6920,.F.);
#6920 = EDGE_CURVE('',#6831,#6912,#6921,.T.);
#6921 = LINE('',#6922,#6923);
#6922 = CARTESIAN_POINT('',(225.,-7.,160.5));
#6923 = VECTOR('',#6924,1.);
#6924 = DIRECTION('',(0.,1.,0.));
#6925 = ORIENTED_EDGE('',*,*,#6830,.T.);
#6926 = ORIENTED_EDGE('',*,*,#6920,.T.);
#6927 = ORIENTED_EDGE('',*,*,#6928,.F.);
#6928 = EDGE_CURVE('',#6929,#6912,#6931,.T.);
#6929 = VERTEX_POINT('',#6930);
#6930 = CARTESIAN_POINT('',(222.5,1.,160.07106781186));
#6931 = CIRCLE('',#6932,7.5);
#6932 = AXIS2_PLACEMENT_3D('',#6933,#6934,#6935);
#6933 = CARTESIAN_POINT('',(225.,1.,153.));
#6934 = DIRECTION('',(0.,1.,0.));
#6935 = DIRECTION('',(0.,0.,1.));
#6936 = ORIENTED_EDGE('',*,*,#6937,.T.);
#6937 = EDGE_CURVE('',#6929,#6938,#6940,.T.);
#6938 = VERTEX_POINT('',#6939);
#6939 = CARTESIAN_POINT('',(222.5,26.,160.07106781186));
#6940 = LINE('',#6941,#6942);
#6941 = CARTESIAN_POINT('',(222.5,-7.,160.07106781186));
#6942 = VECTOR('',#6943,1.);
#6943 = DIRECTION('',(0.,1.,0.));
#6944 = ORIENTED_EDGE('',*,*,#6945,.T.);
#6945 = EDGE_CURVE('',#6938,#6877,#6946,.T.);
#6946 = CIRCLE('',#6947,7.5);
#6947 = AXIS2_PLACEMENT_3D('',#6948,#6949,#6950);
#6948 = CARTESIAN_POINT('',(225.,26.,153.));
#6949 = DIRECTION('',(0.,1.,0.));
#6950 = DIRECTION('',(0.,0.,1.));
#6951 = CYLINDRICAL_SURFACE('',#6952,7.5);
#6952 = AXIS2_PLACEMENT_3D('',#6953,#6954,#6955);
#6953 = CARTESIAN_POINT('',(225.,-7.,153.));
#6954 = DIRECTION('',(0.,1.,0.));
#6955 = DIRECTION('',(0.,0.,1.));
#6956 = ADVANCED_FACE('',(#6957),#6983,.T.);
#6957 = FACE_BOUND('',#6958,.T.);
#6958 = EDGE_LOOP('',(#6959,#6967,#6968,#6969,#6977));
#6959 = ORIENTED_EDGE('',*,*,#6960,.F.);
#6960 = EDGE_CURVE('',#6895,#6961,#6963,.T.);
#6961 = VERTEX_POINT('',#6962);
#6962 = CARTESIAN_POINT('',(227.5,26.,162.));
#6963 = LINE('',#6964,#6965);
#6964 = CARTESIAN_POINT('',(227.5,26.,159.));
#6965 = VECTOR('',#6966,1.);
#6966 = DIRECTION('',(0.,0.,1.));
#6967 = ORIENTED_EDGE('',*,*,#6894,.F.);
#6968 = ORIENTED_EDGE('',*,*,#6945,.F.);
#6969 = ORIENTED_EDGE('',*,*,#6970,.T.);
#6970 = EDGE_CURVE('',#6938,#6971,#6973,.T.);
#6971 = VERTEX_POINT('',#6972);
#6972 = CARTESIAN_POINT('',(222.5,26.,162.));
#6973 = LINE('',#6974,#6975);
#6974 = CARTESIAN_POINT('',(222.5,26.,159.));
#6975 = VECTOR('',#6976,1.);
#6976 = DIRECTION('',(0.,0.,1.));
#6977 = ORIENTED_EDGE('',*,*,#6978,.T.);
#6978 = EDGE_CURVE('',#6971,#6961,#6979,.T.);
#6979 = LINE('',#6980,#6981);
#6980 = CARTESIAN_POINT('',(222.5,26.,162.));
#6981 = VECTOR('',#6982,1.);
#6982 = DIRECTION('',(1.,0.,0.));
#6983 = PLANE('',#6984);
#6984 = AXIS2_PLACEMENT_3D('',#6985,#6986,#6987);
#6985 = CARTESIAN_POINT('',(222.5,26.,159.));
#6986 = DIRECTION('',(0.,1.,0.));
#6987 = DIRECTION('',(0.,0.,1.));
#6988 = ADVANCED_FACE('',(#6989),#7007,.F.);
#6989 = FACE_BOUND('',#6990,.F.);
#6990 = EDGE_LOOP('',(#6991,#6999,#7000,#7001));
#6991 = ORIENTED_EDGE('',*,*,#6992,.F.);
#6992 = EDGE_CURVE('',#6929,#6993,#6995,.T.);
#6993 = VERTEX_POINT('',#6994);
#6994 = CARTESIAN_POINT('',(222.5,1.,162.));
#6995 = LINE('',#6996,#6997);
#6996 = CARTESIAN_POINT('',(222.5,1.,159.));
#6997 = VECTOR('',#6998,1.);
#6998 = DIRECTION('',(0.,0.,1.));
#6999 = ORIENTED_EDGE('',*,*,#6937,.T.);
#7000 = ORIENTED_EDGE('',*,*,#6970,.T.);
#7001 = ORIENTED_EDGE('',*,*,#7002,.F.);
#7002 = EDGE_CURVE('',#6993,#6971,#7003,.T.);
#7003 = LINE('',#7004,#7005);
#7004 = CARTESIAN_POINT('',(222.5,1.,162.));
#7005 = VECTOR('',#7006,1.);
#7006 = DIRECTION('',(0.,1.,0.));
#7007 = PLANE('',#7008);
#7008 = AXIS2_PLACEMENT_3D('',#7009,#7010,#7011);
#7009 = CARTESIAN_POINT('',(222.5,1.,159.));
#7010 = DIRECTION('',(1.,0.,0.));
#7011 = DIRECTION('',(0.,0.,1.));
#7012 = ADVANCED_FACE('',(#7013),#7032,.F.);
#7013 = FACE_BOUND('',#7014,.F.);
#7014 = EDGE_LOOP('',(#7015,#7023,#7024,#7025,#7026));
#7015 = ORIENTED_EDGE('',*,*,#7016,.F.);
#7016 = EDGE_CURVE('',#6904,#7017,#7019,.T.);
#7017 = VERTEX_POINT('',#7018);
#7018 = CARTESIAN_POINT('',(227.5,1.,162.));
#7019 = LINE('',#7020,#7021);
#7020 = CARTESIAN_POINT('',(227.5,1.,159.));
#7021 = VECTOR('',#7022,1.);
#7022 = DIRECTION('',(0.,0.,1.));
#7023 = ORIENTED_EDGE('',*,*,#6911,.F.);
#7024 = ORIENTED_EDGE('',*,*,#6928,.F.);
#7025 = ORIENTED_EDGE('',*,*,#6992,.T.);
#7026 = ORIENTED_EDGE('',*,*,#7027,.T.);
#7027 = EDGE_CURVE('',#6993,#7017,#7028,.T.);
#7028 = LINE('',#7029,#7030);
#7029 = CARTESIAN_POINT('',(222.5,1.,162.));
#7030 = VECTOR('',#7031,1.);
#7031 = DIRECTION('',(1.,0.,0.));
#7032 = PLANE('',#7033);
#7033 = AXIS2_PLACEMENT_3D('',#7034,#7035,#7036);
#7034 = CARTESIAN_POINT('',(222.5,1.,159.));
#7035 = DIRECTION('',(0.,1.,0.));
#7036 = DIRECTION('',(0.,0.,1.));
#7037 = ADVANCED_FACE('',(#7038),#7049,.T.);
#7038 = FACE_BOUND('',#7039,.T.);
#7039 = EDGE_LOOP('',(#7040,#7041,#7042,#7043));
#7040 = ORIENTED_EDGE('',*,*,#7016,.F.);
#7041 = ORIENTED_EDGE('',*,*,#6903,.T.);
#7042 = ORIENTED_EDGE('',*,*,#6960,.T.);
#7043 = ORIENTED_EDGE('',*,*,#7044,.F.);
#7044 = EDGE_CURVE('',#7017,#6961,#7045,.T.);
#7045 = LINE('',#7046,#7047);
#7046 = CARTESIAN_POINT('',(227.5,1.,162.));
#7047 = VECTOR('',#7048,1.);
#7048 = DIRECTION('',(0.,1.,0.));
#7049 = PLANE('',#7050);
#7050 = AXIS2_PLACEMENT_3D('',#7051,#7052,#7053);
#7051 = CARTESIAN_POINT('',(227.5,1.,159.));
#7052 = DIRECTION('',(1.,0.,0.));
#7053 = DIRECTION('',(0.,0.,1.));
#7054 = ADVANCED_FACE('',(#7055),#7058,.T.);
#7055 = FACE_BOUND('',#7056,.T.);
#7056 = EDGE_LOOP('',(#7057));
#7057 = ORIENTED_EDGE('',*,*,#6886,.T.);
#7058 = PLANE('',#7059);
#7059 = AXIS2_PLACEMENT_3D('',#7060,#7061,#7062);
#7060 = CARTESIAN_POINT('',(225.,28.,153.));
#7061 = DIRECTION('',(0.,1.,0.));
#7062 = DIRECTION('',(0.,0.,1.));
#7063 = ADVANCED_FACE('',(#7064),#7070,.T.);
#7064 = FACE_BOUND('',#7065,.T.);
#7065 = EDGE_LOOP('',(#7066,#7067,#7068,#7069));
#7066 = ORIENTED_EDGE('',*,*,#7002,.F.);
#7067 = ORIENTED_EDGE('',*,*,#7027,.T.);
#7068 = ORIENTED_EDGE('',*,*,#7044,.T.);
#7069 = ORIENTED_EDGE('',*,*,#6978,.F.);
#7070 = PLANE('',#7071);
#7071 = AXIS2_PLACEMENT_3D('',#7072,#7073,#7074);
#7072 = CARTESIAN_POINT('',(222.5,1.,162.));
#7073 = DIRECTION('',(0.,0.,1.));
#7074 = DIRECTION('',(1.,0.,0.));
#7075 = MANIFOLD_SOLID_BREP('',#7076);
#7076 = CLOSED_SHELL('',(#7077,#7117,#7203,#7227,#7306,#7323,#7335,#7352
    ,#7369,#7386,#7403));
#7077 = ADVANCED_FACE('',(#7078),#7112,.F.);
#7078 = FACE_BOUND('',#7079,.F.);
#7079 = EDGE_LOOP('',(#7080,#7090,#7098,#7106));
#7080 = ORIENTED_EDGE('',*,*,#7081,.F.);
#7081 = EDGE_CURVE('',#7082,#7084,#7086,.T.);
#7082 = VERTEX_POINT('',#7083);
#7083 = CARTESIAN_POINT('',(179.,-7.,94.));
#7084 = VERTEX_POINT('',#7085);
#7085 = CARTESIAN_POINT('',(179.,-7.,186.));
#7086 = LINE('',#7087,#7088);
#7087 = CARTESIAN_POINT('',(179.,-7.,94.));
#7088 = VECTOR('',#7089,1.);
#7089 = DIRECTION('',(0.,0.,1.));
#7090 = ORIENTED_EDGE('',*,*,#7091,.T.);
#7091 = EDGE_CURVE('',#7082,#7092,#7094,.T.);
#7092 = VERTEX_POINT('',#7093);
#7093 = CARTESIAN_POINT('',(179.,-1.,94.));
#7094 = LINE('',#7095,#7096);
#7095 = CARTESIAN_POINT('',(179.,-7.,94.));
#7096 = VECTOR('',#7097,1.);
#7097 = DIRECTION('',(0.,1.,0.));
#7098 = ORIENTED_EDGE('',*,*,#7099,.T.);
#7099 = EDGE_CURVE('',#7092,#7100,#7102,.T.);
#7100 = VERTEX_POINT('',#7101);
#7101 = CARTESIAN_POINT('',(179.,-1.,186.));
#7102 = LINE('',#7103,#7104);
#7103 = CARTESIAN_POINT('',(179.,-1.,94.));
#7104 = VECTOR('',#7105,1.);
#7105 = DIRECTION('',(0.,0.,1.));
#7106 = ORIENTED_EDGE('',*,*,#7107,.F.);
#7107 = EDGE_CURVE('',#7084,#7100,#7108,.T.);
#7108 = LINE('',#7109,#7110);
#7109 = CARTESIAN_POINT('',(179.,-7.,186.));
#7110 = VECTOR('',#7111,1.);
#7111 = DIRECTION('',(0.,1.,0.));
#7112 = PLANE('',#7113);
#7113 = AXIS2_PLACEMENT_3D('',#7114,#7115,#7116);
#7114 = CARTESIAN_POINT('',(179.,-7.,94.));
#7115 = DIRECTION('',(1.,0.,0.));
#7116 = DIRECTION('',(0.,0.,1.));
#7117 = ADVANCED_FACE('',(#7118,#7143,#7154,#7165,#7176,#7187),#7198,.F.
  );
#7118 = FACE_BOUND('',#7119,.F.);
#7119 = EDGE_LOOP('',(#7120,#7128,#7129,#7137));
#7120 = ORIENTED_EDGE('',*,*,#7121,.F.);
#7121 = EDGE_CURVE('',#7082,#7122,#7124,.T.);
#7122 = VERTEX_POINT('',#7123);
#7123 = CARTESIAN_POINT('',(271.,-7.,94.));
#7124 = LINE('',#7125,#7126);
#7125 = CARTESIAN_POINT('',(179.,-7.,94.));
#7126 = VECTOR('',#7127,1.);
#7127 = DIRECTION('',(1.,0.,0.));
#7128 = ORIENTED_EDGE('',*,*,#7081,.T.);
#7129 = ORIENTED_EDGE('',*,*,#7130,.T.);
#7130 = EDGE_CURVE('',#7084,#7131,#7133,.T.);
#7131 = VERTEX_POINT('',#7132);
#7132 = CARTESIAN_POINT('',(271.,-7.,186.));
#7133 = LINE('',#7134,#7135);
#7134 = CARTESIAN_POINT('',(179.,-7.,186.));
#7135 = VECTOR('',#7136,1.);
#7136 = DIRECTION('',(1.,0.,0.));
#7137 = ORIENTED_EDGE('',*,*,#7138,.F.);
#7138 = EDGE_CURVE('',#7122,#7131,#7139,.T.);
#7139 = LINE('',#7140,#7141);
#7140 = CARTESIAN_POINT('',(271.,-7.,94.));
#7141 = VECTOR('',#7142,1.);
#7142 = DIRECTION('',(0.,0.,1.));
#7143 = FACE_BOUND('',#7144,.F.);
#7144 = EDGE_LOOP('',(#7145));
#7145 = ORIENTED_EDGE('',*,*,#7146,.F.);
#7146 = EDGE_CURVE('',#7147,#7147,#7149,.T.);
#7147 = VERTEX_POINT('',#7148);
#7148 = CARTESIAN_POINT('',(191.76598128423,-7.,110.01598128423));
#7149 = CIRCLE('',#7150,3.25);
#7150 = AXIS2_PLACEMENT_3D('',#7151,#7152,#7153);
#7151 = CARTESIAN_POINT('',(191.76598128423,-7.,106.76598128423));
#7152 = DIRECTION('',(0.,1.,0.));
#7153 = DIRECTION('',(0.,0.,1.));
#7154 = FACE_BOUND('',#7155,.F.);
#7155 = EDGE_LOOP('',(#7156));
#7156 = ORIENTED_EDGE('',*,*,#7157,.F.);
#7157 = EDGE_CURVE('',#7158,#7158,#7160,.T.);
#7158 = VERTEX_POINT('',#7159);
#7159 = CARTESIAN_POINT('',(191.76598128423,-7.,176.48401871576));
#7160 = CIRCLE('',#7161,3.25);
#7161 = AXIS2_PLACEMENT_3D('',#7162,#7163,#7164);
#7162 = CARTESIAN_POINT('',(191.76598128423,-7.,173.23401871576));
#7163 = DIRECTION('',(0.,1.,0.));
#7164 = DIRECTION('',(0.,0.,1.));
#7165 = FACE_BOUND('',#7166,.F.);
#7166 = EDGE_LOOP('',(#7167));
#7167 = ORIENTED_EDGE('',*,*,#7168,.F.);
#7168 = EDGE_CURVE('',#7169,#7169,#7171,.T.);
#7169 = VERTEX_POINT('',#7170);
#7170 = CARTESIAN_POINT('',(258.23401871576,-7.,110.01598128423));
#7171 = CIRCLE('',#7172,3.25);
#7172 = AXIS2_PLACEMENT_3D('',#7173,#7174,#7175);
#7173 = CARTESIAN_POINT('',(258.23401871576,-7.,106.76598128423));
#7174 = DIRECTION('',(0.,1.,0.));
#7175 = DIRECTION('',(0.,0.,1.));
#7176 = FACE_BOUND('',#7177,.F.);
#7177 = EDGE_LOOP('',(#7178));
#7178 = ORIENTED_EDGE('',*,*,#7179,.F.);
#7179 = EDGE_CURVE('',#7180,#7180,#7182,.T.);
#7180 = VERTEX_POINT('',#7181);
#7181 = CARTESIAN_POINT('',(225.,-7.,170.5));
#7182 = CIRCLE('',#7183,17.5);
#7183 = AXIS2_PLACEMENT_3D('',#7184,#7185,#7186);
#7184 = CARTESIAN_POINT('',(225.,-7.,153.));
#7185 = DIRECTION('',(0.,1.,0.));
#7186 = DIRECTION('',(0.,0.,1.));
#7187 = FACE_BOUND('',#7188,.F.);
#7188 = EDGE_LOOP('',(#7189));
#7189 = ORIENTED_EDGE('',*,*,#7190,.F.);
#7190 = EDGE_CURVE('',#7191,#7191,#7193,.T.);
#7191 = VERTEX_POINT('',#7192);
#7192 = CARTESIAN_POINT('',(258.23401871576,-7.,176.48401871576));
#7193 = CIRCLE('',#7194,3.25);
#7194 = AXIS2_PLACEMENT_3D('',#7195,#7196,#7197);
#7195 = CARTESIAN_POINT('',(258.23401871576,-7.,173.23401871576));
#7196 = DIRECTION('',(0.,1.,0.));
#7197 = DIRECTION('',(0.,0.,1.));
#7198 = PLANE('',#7199);
#7199 = AXIS2_PLACEMENT_3D('',#7200,#7201,#7202);
#7200 = CARTESIAN_POINT('',(179.,-7.,94.));
#7201 = DIRECTION('',(0.,1.,0.));
#7202 = DIRECTION('',(0.,0.,1.));
#7203 = ADVANCED_FACE('',(#7204),#7222,.T.);
#7204 = FACE_BOUND('',#7205,.T.);
#7205 = EDGE_LOOP('',(#7206,#7207,#7208,#7216));
#7206 = ORIENTED_EDGE('',*,*,#7107,.F.);
#7207 = ORIENTED_EDGE('',*,*,#7130,.T.);
#7208 = ORIENTED_EDGE('',*,*,#7209,.T.);
#7209 = EDGE_CURVE('',#7131,#7210,#7212,.T.);
#7210 = VERTEX_POINT('',#7211);
#7211 = CARTESIAN_POINT('',(271.,-1.,186.));
#7212 = LINE('',#7213,#7214);
#7213 = CARTESIAN_POINT('',(271.,-7.,186.));
#7214 = VECTOR('',#7215,1.);
#7215 = DIRECTION('',(0.,1.,0.));
#7216 = ORIENTED_EDGE('',*,*,#7217,.F.);
#7217 = EDGE_CURVE('',#7100,#7210,#7218,.T.);
#7218 = LINE('',#7219,#7220);
#7219 = CARTESIAN_POINT('',(179.,-1.,186.));
#7220 = VECTOR('',#7221,1.);
#7221 = DIRECTION('',(1.,0.,0.));
#7222 = PLANE('',#7223);
#7223 = AXIS2_PLACEMENT_3D('',#7224,#7225,#7226);
#7224 = CARTESIAN_POINT('',(179.,-7.,186.));
#7225 = DIRECTION('',(0.,0.,1.));
#7226 = DIRECTION('',(1.,0.,0.));
#7227 = ADVANCED_FACE('',(#7228,#7246,#7257,#7268,#7279,#7290),#7301,.T.
  );
#7228 = FACE_BOUND('',#7229,.T.);
#7229 = EDGE_LOOP('',(#7230,#7238,#7239,#7240));
#7230 = ORIENTED_EDGE('',*,*,#7231,.F.);
#7231 = EDGE_CURVE('',#7092,#7232,#7234,.T.);
#7232 = VERTEX_POINT('',#7233);
#7233 = CARTESIAN_POINT('',(271.,-1.,94.));
#7234 = LINE('',#7235,#7236);
#7235 = CARTESIAN_POINT('',(179.,-1.,94.));
#7236 = VECTOR('',#7237,1.);
#7237 = DIRECTION('',(1.,0.,0.));
#7238 = ORIENTED_EDGE('',*,*,#7099,.T.);
#7239 = ORIENTED_EDGE('',*,*,#7217,.T.);
#7240 = ORIENTED_EDGE('',*,*,#7241,.F.);
#7241 = EDGE_CURVE('',#7232,#7210,#7242,.T.);
#7242 = LINE('',#7243,#7244);
#7243 = CARTESIAN_POINT('',(271.,-1.,94.));
#7244 = VECTOR('',#7245,1.);
#7245 = DIRECTION('',(0.,0.,1.));
#7246 = FACE_BOUND('',#7247,.T.);
#7247 = EDGE_LOOP('',(#7248));
#7248 = ORIENTED_EDGE('',*,*,#7249,.F.);
#7249 = EDGE_CURVE('',#7250,#7250,#7252,.T.);
#7250 = VERTEX_POINT('',#7251);
#7251 = CARTESIAN_POINT('',(191.76598128423,-1.,110.01598128423));
#7252 = CIRCLE('',#7253,3.25);
#7253 = AXIS2_PLACEMENT_3D('',#7254,#7255,#7256);
#7254 = CARTESIAN_POINT('',(191.76598128423,-1.,106.76598128423));
#7255 = DIRECTION('',(0.,1.,0.));
#7256 = DIRECTION('',(0.,0.,1.));
#7257 = FACE_BOUND('',#7258,.T.);
#7258 = EDGE_LOOP('',(#7259));
#7259 = ORIENTED_EDGE('',*,*,#7260,.F.);
#7260 = EDGE_CURVE('',#7261,#7261,#7263,.T.);
#7261 = VERTEX_POINT('',#7262);
#7262 = CARTESIAN_POINT('',(191.76598128423,-1.,176.48401871576));
#7263 = CIRCLE('',#7264,3.25);
#7264 = AXIS2_PLACEMENT_3D('',#7265,#7266,#7267);
#7265 = CARTESIAN_POINT('',(191.76598128423,-1.,173.23401871576));
#7266 = DIRECTION('',(0.,1.,0.));
#7267 = DIRECTION('',(0.,0.,1.));
#7268 = FACE_BOUND('',#7269,.T.);
#7269 = EDGE_LOOP('',(#7270));
#7270 = ORIENTED_EDGE('',*,*,#7271,.F.);
#7271 = EDGE_CURVE('',#7272,#7272,#7274,.T.);
#7272 = VERTEX_POINT('',#7273);
#7273 = CARTESIAN_POINT('',(258.23401871576,-1.,110.01598128423));
#7274 = CIRCLE('',#7275,3.25);
#7275 = AXIS2_PLACEMENT_3D('',#7276,#7277,#7278);
#7276 = CARTESIAN_POINT('',(258.23401871576,-1.,106.76598128423));
#7277 = DIRECTION('',(0.,1.,0.));
#7278 = DIRECTION('',(0.,0.,1.));
#7279 = FACE_BOUND('',#7280,.T.);
#7280 = EDGE_LOOP('',(#7281));
#7281 = ORIENTED_EDGE('',*,*,#7282,.F.);
#7282 = EDGE_CURVE('',#7283,#7283,#7285,.T.);
#7283 = VERTEX_POINT('',#7284);
#7284 = CARTESIAN_POINT('',(225.,-1.,170.5));
#7285 = CIRCLE('',#7286,17.5);
#7286 = AXIS2_PLACEMENT_3D('',#7287,#7288,#7289);
#7287 = CARTESIAN_POINT('',(225.,-1.,153.));
#7288 = DIRECTION('',(0.,1.,0.));
#7289 = DIRECTION('',(0.,0.,1.));
#7290 = FACE_BOUND('',#7291,.T.);
#7291 = EDGE_LOOP('',(#7292));
#7292 = ORIENTED_EDGE('',*,*,#7293,.F.);
#7293 = EDGE_CURVE('',#7294,#7294,#7296,.T.);
#7294 = VERTEX_POINT('',#7295);
#7295 = CARTESIAN_POINT('',(258.23401871576,-1.,176.48401871576));
#7296 = CIRCLE('',#7297,3.25);
#7297 = AXIS2_PLACEMENT_3D('',#7298,#7299,#7300);
#7298 = CARTESIAN_POINT('',(258.23401871576,-1.,173.23401871576));
#7299 = DIRECTION('',(0.,1.,0.));
#7300 = DIRECTION('',(0.,0.,1.));
#7301 = PLANE('',#7302);
#7302 = AXIS2_PLACEMENT_3D('',#7303,#7304,#7305);
#7303 = CARTESIAN_POINT('',(179.,-1.,94.));
#7304 = DIRECTION('',(0.,1.,0.));
#7305 = DIRECTION('',(0.,0.,1.));
#7306 = ADVANCED_FACE('',(#7307),#7318,.F.);
#7307 = FACE_BOUND('',#7308,.F.);
#7308 = EDGE_LOOP('',(#7309,#7310,#7311,#7317));
#7309 = ORIENTED_EDGE('',*,*,#7091,.F.);
#7310 = ORIENTED_EDGE('',*,*,#7121,.T.);
#7311 = ORIENTED_EDGE('',*,*,#7312,.T.);
#7312 = EDGE_CURVE('',#7122,#7232,#7313,.T.);
#7313 = LINE('',#7314,#7315);
#7314 = CARTESIAN_POINT('',(271.,-7.,94.));
#7315 = VECTOR('',#7316,1.);
#7316 = DIRECTION('',(0.,1.,0.));
#7317 = ORIENTED_EDGE('',*,*,#7231,.F.);
#7318 = PLANE('',#7319);
#7319 = AXIS2_PLACEMENT_3D('',#7320,#7321,#7322);
#7320 = CARTESIAN_POINT('',(179.,-7.,94.));
#7321 = DIRECTION('',(0.,0.,1.));
#7322 = DIRECTION('',(1.,0.,0.));
#7323 = ADVANCED_FACE('',(#7324),#7330,.T.);
#7324 = FACE_BOUND('',#7325,.T.);
#7325 = EDGE_LOOP('',(#7326,#7327,#7328,#7329));
#7326 = ORIENTED_EDGE('',*,*,#7138,.F.);
#7327 = ORIENTED_EDGE('',*,*,#7312,.T.);
#7328 = ORIENTED_EDGE('',*,*,#7241,.T.);
#7329 = ORIENTED_EDGE('',*,*,#7209,.F.);
#7330 = PLANE('',#7331);
#7331 = AXIS2_PLACEMENT_3D('',#7332,#7333,#7334);
#7332 = CARTESIAN_POINT('',(271.,-7.,94.));
#7333 = DIRECTION('',(1.,0.,0.));
#7334 = DIRECTION('',(0.,0.,1.));
#7335 = ADVANCED_FACE('',(#7336),#7347,.F.);
#7336 = FACE_BOUND('',#7337,.F.);
#7337 = EDGE_LOOP('',(#7338,#7339,#7345,#7346));
#7338 = ORIENTED_EDGE('',*,*,#7249,.F.);
#7339 = ORIENTED_EDGE('',*,*,#7340,.F.);
#7340 = EDGE_CURVE('',#7147,#7250,#7341,.T.);
#7341 = LINE('',#7342,#7343);
#7342 = CARTESIAN_POINT('',(191.76598128423,-8.,110.01598128423));
#7343 = VECTOR('',#7344,1.);
#7344 = DIRECTION('',(0.,1.,0.));
#7345 = ORIENTED_EDGE('',*,*,#7146,.T.);
#7346 = ORIENTED_EDGE('',*,*,#7340,.T.);
#7347 = CYLINDRICAL_SURFACE('',#7348,3.25);
#7348 = AXIS2_PLACEMENT_3D('',#7349,#7350,#7351);
#7349 = CARTESIAN_POINT('',(191.76598128423,-8.,106.76598128423));
#7350 = DIRECTION('',(0.,1.,0.));
#7351 = DIRECTION('',(0.,0.,1.));
#7352 = ADVANCED_FACE('',(#7353),#7364,.F.);
#7353 = FACE_BOUND('',#7354,.F.);
#7354 = EDGE_LOOP('',(#7355,#7356,#7362,#7363));
#7355 = ORIENTED_EDGE('',*,*,#7260,.F.);
#7356 = ORIENTED_EDGE('',*,*,#7357,.F.);
#7357 = EDGE_CURVE('',#7158,#7261,#7358,.T.);
#7358 = LINE('',#7359,#7360);
#7359 = CARTESIAN_POINT('',(191.76598128423,-8.,176.48401871576));
#7360 = VECTOR('',#7361,1.);
#7361 = DIRECTION('',(0.,1.,0.));
#7362 = ORIENTED_EDGE('',*,*,#7157,.T.);
#7363 = ORIENTED_EDGE('',*,*,#7357,.T.);
#7364 = CYLINDRICAL_SURFACE('',#7365,3.25);
#7365 = AXIS2_PLACEMENT_3D('',#7366,#7367,#7368);
#7366 = CARTESIAN_POINT('',(191.76598128423,-8.,173.23401871576));
#7367 = DIRECTION('',(0.,1.,0.));
#7368 = DIRECTION('',(0.,0.,1.));
#7369 = ADVANCED_FACE('',(#7370),#7381,.F.);
#7370 = FACE_BOUND('',#7371,.F.);
#7371 = EDGE_LOOP('',(#7372,#7373,#7379,#7380));
#7372 = ORIENTED_EDGE('',*,*,#7271,.F.);
#7373 = ORIENTED_EDGE('',*,*,#7374,.F.);
#7374 = EDGE_CURVE('',#7169,#7272,#7375,.T.);
#7375 = LINE('',#7376,#7377);
#7376 = CARTESIAN_POINT('',(258.23401871576,-8.,110.01598128423));
#7377 = VECTOR('',#7378,1.);
#7378 = DIRECTION('',(0.,1.,0.));
#7379 = ORIENTED_EDGE('',*,*,#7168,.T.);
#7380 = ORIENTED_EDGE('',*,*,#7374,.T.);
#7381 = CYLINDRICAL_SURFACE('',#7382,3.25);
#7382 = AXIS2_PLACEMENT_3D('',#7383,#7384,#7385);
#7383 = CARTESIAN_POINT('',(258.23401871576,-8.,106.76598128423));
#7384 = DIRECTION('',(0.,1.,0.));
#7385 = DIRECTION('',(0.,0.,1.));
#7386 = ADVANCED_FACE('',(#7387),#7398,.F.);
#7387 = FACE_BOUND('',#7388,.F.);
#7388 = EDGE_LOOP('',(#7389,#7390,#7396,#7397));
#7389 = ORIENTED_EDGE('',*,*,#7282,.F.);
#7390 = ORIENTED_EDGE('',*,*,#7391,.F.);
#7391 = EDGE_CURVE('',#7180,#7283,#7392,.T.);
#7392 = LINE('',#7393,#7394);
#7393 = CARTESIAN_POINT('',(225.,-8.,170.5));
#7394 = VECTOR('',#7395,1.);
#7395 = DIRECTION('',(0.,1.,0.));
#7396 = ORIENTED_EDGE('',*,*,#7179,.T.);
#7397 = ORIENTED_EDGE('',*,*,#7391,.T.);
#7398 = CYLINDRICAL_SURFACE('',#7399,17.5);
#7399 = AXIS2_PLACEMENT_3D('',#7400,#7401,#7402);
#7400 = CARTESIAN_POINT('',(225.,-8.,153.));
#7401 = DIRECTION('',(0.,1.,0.));
#7402 = DIRECTION('',(0.,0.,1.));
#7403 = ADVANCED_FACE('',(#7404),#7415,.F.);
#7404 = FACE_BOUND('',#7405,.F.);
#7405 = EDGE_LOOP('',(#7406,#7407,#7413,#7414));
#7406 = ORIENTED_EDGE('',*,*,#7293,.F.);
#7407 = ORIENTED_EDGE('',*,*,#7408,.F.);
#7408 = EDGE_CURVE('',#7191,#7294,#7409,.T.);
#7409 = LINE('',#7410,#7411);
#7410 = CARTESIAN_POINT('',(258.23401871576,-8.,176.48401871576));
#7411 = VECTOR('',#7412,1.);
#7412 = DIRECTION('',(0.,1.,0.));
#7413 = ORIENTED_EDGE('',*,*,#7190,.T.);
#7414 = ORIENTED_EDGE('',*,*,#7408,.T.);
#7415 = CYLINDRICAL_SURFACE('',#7416,3.25);
#7416 = AXIS2_PLACEMENT_3D('',#7417,#7418,#7419);
#7417 = CARTESIAN_POINT('',(258.23401871576,-8.,173.23401871576));
#7418 = DIRECTION('',(0.,1.,0.));
#7419 = DIRECTION('',(0.,0.,1.));
#7420 = MANIFOLD_SOLID_BREP('',#7421);
#7421 = CLOSED_SHELL('',(#7422,#7462,#7502,#7524,#7546,#7558));
#7422 = ADVANCED_FACE('',(#7423),#7457,.F.);
#7423 = FACE_BOUND('',#7424,.F.);
#7424 = EDGE_LOOP('',(#7425,#7435,#7443,#7451));
#7425 = ORIENTED_EDGE('',*,*,#7426,.F.);
#7426 = EDGE_CURVE('',#7427,#7429,#7431,.T.);
#7427 = VERTEX_POINT('',#7428);
#7428 = CARTESIAN_POINT('',(179.,-70.,95.));
#7429 = VERTEX_POINT('',#7430);
#7430 = CARTESIAN_POINT('',(179.,-70.,100.));
#7431 = LINE('',#7432,#7433);
#7432 = CARTESIAN_POINT('',(179.,-70.,95.));
#7433 = VECTOR('',#7434,1.);
#7434 = DIRECTION('',(0.,0.,1.));
#7435 = ORIENTED_EDGE('',*,*,#7436,.T.);
#7436 = EDGE_CURVE('',#7427,#7437,#7439,.T.);
#7437 = VERTEX_POINT('',#7438);
#7438 = CARTESIAN_POINT('',(179.,70.,95.));
#7439 = LINE('',#7440,#7441);
#7440 = CARTESIAN_POINT('',(179.,-70.,95.));
#7441 = VECTOR('',#7442,1.);
#7442 = DIRECTION('',(0.,1.,0.));
#7443 = ORIENTED_EDGE('',*,*,#7444,.T.);
#7444 = EDGE_CURVE('',#7437,#7445,#7447,.T.);
#7445 = VERTEX_POINT('',#7446);
#7446 = CARTESIAN_POINT('',(179.,70.,100.));
#7447 = LINE('',#7448,#7449);
#7448 = CARTESIAN_POINT('',(179.,70.,95.));
#7449 = VECTOR('',#7450,1.);
#7450 = DIRECTION('',(0.,0.,1.));
#7451 = ORIENTED_EDGE('',*,*,#7452,.F.);
#7452 = EDGE_CURVE('',#7429,#7445,#7453,.T.);
#7453 = LINE('',#7454,#7455);
#7454 = CARTESIAN_POINT('',(179.,-70.,100.));
#7455 = VECTOR('',#7456,1.);
#7456 = DIRECTION('',(0.,1.,0.));
#7457 = PLANE('',#7458);
#7458 = AXIS2_PLACEMENT_3D('',#7459,#7460,#7461);
#7459 = CARTESIAN_POINT('',(179.,-70.,95.));
#7460 = DIRECTION('',(1.,0.,0.));
#7461 = DIRECTION('',(0.,0.,1.));
#7462 = ADVANCED_FACE('',(#7463),#7497,.T.);
#7463 = FACE_BOUND('',#7464,.T.);
#7464 = EDGE_LOOP('',(#7465,#7475,#7483,#7491));
#7465 = ORIENTED_EDGE('',*,*,#7466,.F.);
#7466 = EDGE_CURVE('',#7467,#7469,#7471,.T.);
#7467 = VERTEX_POINT('',#7468);
#7468 = CARTESIAN_POINT('',(271.,-70.,95.));
#7469 = VERTEX_POINT('',#7470);
#7470 = CARTESIAN_POINT('',(271.,-70.,100.));
#7471 = LINE('',#7472,#7473);
#7472 = CARTESIAN_POINT('',(271.,-70.,95.));
#7473 = VECTOR('',#7474,1.);
#7474 = DIRECTION('',(0.,0.,1.));
#7475 = ORIENTED_EDGE('',*,*,#7476,.T.);
#7476 = EDGE_CURVE('',#7467,#7477,#7479,.T.);
#7477 = VERTEX_POINT('',#7478);
#7478 = CARTESIAN_POINT('',(271.,70.,95.));
#7479 = LINE('',#7480,#7481);
#7480 = CARTESIAN_POINT('',(271.,-70.,95.));
#7481 = VECTOR('',#7482,1.);
#7482 = DIRECTION('',(0.,1.,0.));
#7483 = ORIENTED_EDGE('',*,*,#7484,.T.);
#7484 = EDGE_CURVE('',#7477,#7485,#7487,.T.);
#7485 = VERTEX_POINT('',#7486);
#7486 = CARTESIAN_POINT('',(271.,70.,100.));
#7487 = LINE('',#7488,#7489);
#7488 = CARTESIAN_POINT('',(271.,70.,95.));
#7489 = VECTOR('',#7490,1.);
#7490 = DIRECTION('',(0.,0.,1.));
#7491 = ORIENTED_EDGE('',*,*,#7492,.F.);
#7492 = EDGE_CURVE('',#7469,#7485,#7493,.T.);
#7493 = LINE('',#7494,#7495);
#7494 = CARTESIAN_POINT('',(271.,-70.,100.));
#7495 = VECTOR('',#7496,1.);
#7496 = DIRECTION('',(0.,1.,0.));
#7497 = PLANE('',#7498);
#7498 = AXIS2_PLACEMENT_3D('',#7499,#7500,#7501);
#7499 = CARTESIAN_POINT('',(271.,-70.,95.));
#7500 = DIRECTION('',(1.,0.,0.));
#7501 = DIRECTION('',(0.,0.,1.));
#7502 = ADVANCED_FACE('',(#7503),#7519,.F.);
#7503 = FACE_BOUND('',#7504,.F.);
#7504 = EDGE_LOOP('',(#7505,#7511,#7512,#7518));
#7505 = ORIENTED_EDGE('',*,*,#7506,.F.);
#7506 = EDGE_CURVE('',#7427,#7467,#7507,.T.);
#7507 = LINE('',#7508,#7509);
#7508 = CARTESIAN_POINT('',(179.,-70.,95.));
#7509 = VECTOR('',#7510,1.);
#7510 = DIRECTION('',(1.,0.,0.));
#7511 = ORIENTED_EDGE('',*,*,#7426,.T.);
#7512 = ORIENTED_EDGE('',*,*,#7513,.T.);
#7513 = EDGE_CURVE('',#7429,#7469,#7514,.T.);
#7514 = LINE('',#7515,#7516);
#7515 = CARTESIAN_POINT('',(179.,-70.,100.));
#7516 = VECTOR('',#7517,1.);
#7517 = DIRECTION('',(1.,0.,0.));
#7518 = ORIENTED_EDGE('',*,*,#7466,.F.);
#7519 = PLANE('',#7520);
#7520 = AXIS2_PLACEMENT_3D('',#7521,#7522,#7523);
#7521 = CARTESIAN_POINT('',(179.,-70.,95.));
#7522 = DIRECTION('',(0.,1.,0.));
#7523 = DIRECTION('',(0.,0.,1.));
#7524 = ADVANCED_FACE('',(#7525),#7541,.T.);
#7525 = FACE_BOUND('',#7526,.T.);
#7526 = EDGE_LOOP('',(#7527,#7533,#7534,#7540));
#7527 = ORIENTED_EDGE('',*,*,#7528,.F.);
#7528 = EDGE_CURVE('',#7437,#7477,#7529,.T.);
#7529 = LINE('',#7530,#7531);
#7530 = CARTESIAN_POINT('',(179.,70.,95.));
#7531 = VECTOR('',#7532,1.);
#7532 = DIRECTION('',(1.,0.,0.));
#7533 = ORIENTED_EDGE('',*,*,#7444,.T.);
#7534 = ORIENTED_EDGE('',*,*,#7535,.T.);
#7535 = EDGE_CURVE('',#7445,#7485,#7536,.T.);
#7536 = LINE('',#7537,#7538);
#7537 = CARTESIAN_POINT('',(179.,70.,100.));
#7538 = VECTOR('',#7539,1.);
#7539 = DIRECTION('',(1.,0.,0.));
#7540 = ORIENTED_EDGE('',*,*,#7484,.F.);
#7541 = PLANE('',#7542);
#7542 = AXIS2_PLACEMENT_3D('',#7543,#7544,#7545);
#7543 = CARTESIAN_POINT('',(179.,70.,95.));
#7544 = DIRECTION('',(0.,1.,0.));
#7545 = DIRECTION('',(0.,0.,1.));
#7546 = ADVANCED_FACE('',(#7547),#7553,.F.);
#7547 = FACE_BOUND('',#7548,.F.);
#7548 = EDGE_LOOP('',(#7549,#7550,#7551,#7552));
#7549 = ORIENTED_EDGE('',*,*,#7436,.F.);
#7550 = ORIENTED_EDGE('',*,*,#7506,.T.);
#7551 = ORIENTED_EDGE('',*,*,#7476,.T.);
#7552 = ORIENTED_EDGE('',*,*,#7528,.F.);
#7553 = PLANE('',#7554);
#7554 = AXIS2_PLACEMENT_3D('',#7555,#7556,#7557);
#7555 = CARTESIAN_POINT('',(179.,-70.,95.));
#7556 = DIRECTION('',(0.,0.,1.));
#7557 = DIRECTION('',(1.,0.,0.));
#7558 = ADVANCED_FACE('',(#7559),#7565,.T.);
#7559 = FACE_BOUND('',#7560,.T.);
#7560 = EDGE_LOOP('',(#7561,#7562,#7563,#7564));
#7561 = ORIENTED_EDGE('',*,*,#7452,.F.);
#7562 = ORIENTED_EDGE('',*,*,#7513,.T.);
#7563 = ORIENTED_EDGE('',*,*,#7492,.T.);
#7564 = ORIENTED_EDGE('',*,*,#7535,.F.);
#7565 = PLANE('',#7566);
#7566 = AXIS2_PLACEMENT_3D('',#7567,#7568,#7569);
#7567 = CARTESIAN_POINT('',(179.,-70.,100.));
#7568 = DIRECTION('',(0.,0.,1.));
#7569 = DIRECTION('',(1.,0.,0.));
#7570 = MANIFOLD_SOLID_BREP('',#7571);
#7571 = CLOSED_SHELL('',(#7572,#7605,#7625,#7645));
#7572 = ADVANCED_FACE('',(#7573),#7600,.T.);
#7573 = FACE_BOUND('',#7574,.T.);
#7574 = EDGE_LOOP('',(#7575,#7584,#7592,#7599));
#7575 = ORIENTED_EDGE('',*,*,#7576,.F.);
#7576 = EDGE_CURVE('',#7577,#7577,#7579,.T.);
#7577 = VERTEX_POINT('',#7578);
#7578 = CARTESIAN_POINT('',(225.,49.039877544045,165.));
#7579 = CIRCLE('',#7580,12.);
#7580 = AXIS2_PLACEMENT_3D('',#7581,#7582,#7583);
#7581 = CARTESIAN_POINT('',(225.,49.039877544045,153.));
#7582 = DIRECTION('',(0.,1.,0.));
#7583 = DIRECTION('',(0.,0.,1.));
#7584 = ORIENTED_EDGE('',*,*,#7585,.F.);
#7585 = EDGE_CURVE('',#7586,#7577,#7588,.T.);
#7586 = VERTEX_POINT('',#7587);
#7587 = CARTESIAN_POINT('',(225.,15.,165.));
#7588 = LINE('',#7589,#7590);
#7589 = CARTESIAN_POINT('',(225.,15.,165.));
#7590 = VECTOR('',#7591,1.);
#7591 = DIRECTION('',(0.,1.,0.));
#7592 = ORIENTED_EDGE('',*,*,#7593,.T.);
#7593 = EDGE_CURVE('',#7586,#7586,#7594,.T.);
#7594 = CIRCLE('',#7595,12.);
#7595 = AXIS2_PLACEMENT_3D('',#7596,#7597,#7598);
#7596 = CARTESIAN_POINT('',(225.,15.,153.));
#7597 = DIRECTION('',(0.,1.,0.));
#7598 = DIRECTION('',(0.,0.,1.));
#7599 = ORIENTED_EDGE('',*,*,#7585,.T.);
#7600 = CYLINDRICAL_SURFACE('',#7601,12.);
#7601 = AXIS2_PLACEMENT_3D('',#7602,#7603,#7604);
#7602 = CARTESIAN_POINT('',(225.,15.,153.));
#7603 = DIRECTION('',(0.,1.,0.));
#7604 = DIRECTION('',(0.,0.,1.));
#7605 = ADVANCED_FACE('',(#7606,#7609),#7620,.T.);
#7606 = FACE_BOUND('',#7607,.T.);
#7607 = EDGE_LOOP('',(#7608));
#7608 = ORIENTED_EDGE('',*,*,#7576,.T.);
#7609 = FACE_BOUND('',#7610,.T.);
#7610 = EDGE_LOOP('',(#7611));
#7611 = ORIENTED_EDGE('',*,*,#7612,.F.);
#7612 = EDGE_CURVE('',#7613,#7613,#7615,.T.);
#7613 = VERTEX_POINT('',#7614);
#7614 = CARTESIAN_POINT('',(225.,49.039877544045,160.5));
#7615 = CIRCLE('',#7616,7.5);
#7616 = AXIS2_PLACEMENT_3D('',#7617,#7618,#7619);
#7617 = CARTESIAN_POINT('',(225.,49.039877544045,153.));
#7618 = DIRECTION('',(0.,1.,0.));
#7619 = DIRECTION('',(0.,0.,1.));
#7620 = PLANE('',#7621);
#7621 = AXIS2_PLACEMENT_3D('',#7622,#7623,#7624);
#7622 = CARTESIAN_POINT('',(225.,49.039877544045,153.));
#7623 = DIRECTION('',(0.,1.,0.));
#7624 = DIRECTION('',(0.,0.,1.));
#7625 = ADVANCED_FACE('',(#7626,#7629),#7640,.F.);
#7626 = FACE_BOUND('',#7627,.F.);
#7627 = EDGE_LOOP('',(#7628));
#7628 = ORIENTED_EDGE('',*,*,#7593,.T.);
#7629 = FACE_BOUND('',#7630,.F.);
#7630 = EDGE_LOOP('',(#7631));
#7631 = ORIENTED_EDGE('',*,*,#7632,.F.);
#7632 = EDGE_CURVE('',#7633,#7633,#7635,.T.);
#7633 = VERTEX_POINT('',#7634);
#7634 = CARTESIAN_POINT('',(225.,15.,160.5));
#7635 = CIRCLE('',#7636,7.5);
#7636 = AXIS2_PLACEMENT_3D('',#7637,#7638,#7639);
#7637 = CARTESIAN_POINT('',(225.,15.,153.));
#7638 = DIRECTION('',(0.,1.,0.));
#7639 = DIRECTION('',(0.,0.,1.));
#7640 = PLANE('',#7641);
#7641 = AXIS2_PLACEMENT_3D('',#7642,#7643,#7644);
#7642 = CARTESIAN_POINT('',(225.,15.,153.));
#7643 = DIRECTION('',(0.,1.,0.));
#7644 = DIRECTION('',(0.,0.,1.));
#7645 = ADVANCED_FACE('',(#7646),#7657,.F.);
#7646 = FACE_BOUND('',#7647,.F.);
#7647 = EDGE_LOOP('',(#7648,#7649,#7655,#7656));
#7648 = ORIENTED_EDGE('',*,*,#7612,.F.);
#7649 = ORIENTED_EDGE('',*,*,#7650,.F.);
#7650 = EDGE_CURVE('',#7633,#7613,#7651,.T.);
#7651 = LINE('',#7652,#7653);
#7652 = CARTESIAN_POINT('',(225.,15.,160.5));
#7653 = VECTOR('',#7654,1.);
#7654 = DIRECTION('',(0.,1.,0.));
#7655 = ORIENTED_EDGE('',*,*,#7632,.T.);
#7656 = ORIENTED_EDGE('',*,*,#7650,.T.);
#7657 = CYLINDRICAL_SURFACE('',#7658,7.5);
#7658 = AXIS2_PLACEMENT_3D('',#7659,#7660,#7661);
#7659 = CARTESIAN_POINT('',(225.,15.,153.));
#7660 = DIRECTION('',(0.,1.,0.));
#7661 = DIRECTION('',(0.,0.,1.));
#7662 = MANIFOLD_SOLID_BREP('',#7663);
#7663 = CLOSED_SHELL('',(#7664,#7697,#7717,#7737));
#7664 = ADVANCED_FACE('',(#7665),#7692,.T.);
#7665 = FACE_BOUND('',#7666,.T.);
#7666 = EDGE_LOOP('',(#7667,#7676,#7684,#7691));
#7667 = ORIENTED_EDGE('',*,*,#7668,.F.);
#7668 = EDGE_CURVE('',#7669,#7669,#7671,.T.);
#7669 = VERTEX_POINT('',#7670);
#7670 = CARTESIAN_POINT('',(225.,55.039877544045,163.));
#7671 = CIRCLE('',#7672,10.);
#7672 = AXIS2_PLACEMENT_3D('',#7673,#7674,#7675);
#7673 = CARTESIAN_POINT('',(225.,55.039877544045,153.));
#7674 = DIRECTION('',(0.,1.,0.));
#7675 = DIRECTION('',(0.,0.,1.));
#7676 = ORIENTED_EDGE('',*,*,#7677,.F.);
#7677 = EDGE_CURVE('',#7678,#7669,#7680,.T.);
#7678 = VERTEX_POINT('',#7679);
#7679 = CARTESIAN_POINT('',(225.,43.039877544045,163.));
#7680 = LINE('',#7681,#7682);
#7681 = CARTESIAN_POINT('',(225.,43.039877544045,163.));
#7682 = VECTOR('',#7683,1.);
#7683 = DIRECTION('',(0.,1.,0.));
#7684 = ORIENTED_EDGE('',*,*,#7685,.T.);
#7685 = EDGE_CURVE('',#7678,#7678,#7686,.T.);
#7686 = CIRCLE('',#7687,10.);
#7687 = AXIS2_PLACEMENT_3D('',#7688,#7689,#7690);
#7688 = CARTESIAN_POINT('',(225.,43.039877544045,153.));
#7689 = DIRECTION('',(0.,1.,0.));
#7690 = DIRECTION('',(0.,0.,1.));
#7691 = ORIENTED_EDGE('',*,*,#7677,.T.);
#7692 = CYLINDRICAL_SURFACE('',#7693,10.);
#7693 = AXIS2_PLACEMENT_3D('',#7694,#7695,#7696);
#7694 = CARTESIAN_POINT('',(225.,43.039877544045,153.));
#7695 = DIRECTION('',(0.,1.,0.));
#7696 = DIRECTION('',(0.,0.,1.));
#7697 = ADVANCED_FACE('',(#7698,#7701),#7712,.T.);
#7698 = FACE_BOUND('',#7699,.T.);
#7699 = EDGE_LOOP('',(#7700));
#7700 = ORIENTED_EDGE('',*,*,#7668,.T.);
#7701 = FACE_BOUND('',#7702,.T.);
#7702 = EDGE_LOOP('',(#7703));
#7703 = ORIENTED_EDGE('',*,*,#7704,.F.);
#7704 = EDGE_CURVE('',#7705,#7705,#7707,.T.);
#7705 = VERTEX_POINT('',#7706);
#7706 = CARTESIAN_POINT('',(225.,55.039877544045,158.));
#7707 = CIRCLE('',#7708,5.);
#7708 = AXIS2_PLACEMENT_3D('',#7709,#7710,#7711);
#7709 = CARTESIAN_POINT('',(225.,55.039877544045,153.));
#7710 = DIRECTION('',(0.,1.,0.));
#7711 = DIRECTION('',(0.,0.,1.));
#7712 = PLANE('',#7713);
#7713 = AXIS2_PLACEMENT_3D('',#7714,#7715,#7716);
#7714 = CARTESIAN_POINT('',(225.,55.039877544045,153.));
#7715 = DIRECTION('',(0.,1.,0.));
#7716 = DIRECTION('',(0.,0.,1.));
#7717 = ADVANCED_FACE('',(#7718,#7721),#7732,.F.);
#7718 = FACE_BOUND('',#7719,.F.);
#7719 = EDGE_LOOP('',(#7720));
#7720 = ORIENTED_EDGE('',*,*,#7685,.T.);
#7721 = FACE_BOUND('',#7722,.F.);
#7722 = EDGE_LOOP('',(#7723));
#7723 = ORIENTED_EDGE('',*,*,#7724,.F.);
#7724 = EDGE_CURVE('',#7725,#7725,#7727,.T.);
#7725 = VERTEX_POINT('',#7726);
#7726 = CARTESIAN_POINT('',(225.,43.039877544045,158.));
#7727 = CIRCLE('',#7728,5.);
#7728 = AXIS2_PLACEMENT_3D('',#7729,#7730,#7731);
#7729 = CARTESIAN_POINT('',(225.,43.039877544045,153.));
#7730 = DIRECTION('',(0.,1.,0.));
#7731 = DIRECTION('',(0.,0.,1.));
#7732 = PLANE('',#7733);
#7733 = AXIS2_PLACEMENT_3D('',#7734,#7735,#7736);
#7734 = CARTESIAN_POINT('',(225.,43.039877544045,153.));
#7735 = DIRECTION('',(0.,1.,0.));
#7736 = DIRECTION('',(0.,0.,1.));
#7737 = ADVANCED_FACE('',(#7738),#7749,.F.);
#7738 = FACE_BOUND('',#7739,.F.);
#7739 = EDGE_LOOP('',(#7740,#7741,#7747,#7748));
#7740 = ORIENTED_EDGE('',*,*,#7704,.F.);
#7741 = ORIENTED_EDGE('',*,*,#7742,.F.);
#7742 = EDGE_CURVE('',#7725,#7705,#7743,.T.);
#7743 = LINE('',#7744,#7745);
#7744 = CARTESIAN_POINT('',(225.,43.039877544045,158.));
#7745 = VECTOR('',#7746,1.);
#7746 = DIRECTION('',(0.,1.,0.));
#7747 = ORIENTED_EDGE('',*,*,#7724,.T.);
#7748 = ORIENTED_EDGE('',*,*,#7742,.T.);
#7749 = CYLINDRICAL_SURFACE('',#7750,5.);
#7750 = AXIS2_PLACEMENT_3D('',#7751,#7752,#7753);
#7751 = CARTESIAN_POINT('',(225.,43.039877544045,153.));
#7752 = DIRECTION('',(0.,1.,0.));
#7753 = DIRECTION('',(0.,0.,1.));
#7754 = MANIFOLD_SOLID_BREP('',#7755);
#7755 = CLOSED_SHELL('',(#7756,#7789,#7798));
#7756 = ADVANCED_FACE('',(#7757),#7784,.T.);
#7757 = FACE_BOUND('',#7758,.T.);
#7758 = EDGE_LOOP('',(#7759,#7768,#7776,#7783));
#7759 = ORIENTED_EDGE('',*,*,#7760,.F.);
#7760 = EDGE_CURVE('',#7761,#7761,#7763,.T.);
#7761 = VERTEX_POINT('',#7762);
#7762 = CARTESIAN_POINT('',(180.,166.52582650884,87.082993121344));
#7763 = CIRCLE('',#7764,3.);
#7764 = AXIS2_PLACEMENT_3D('',#7765,#7766,#7767);
#7765 = CARTESIAN_POINT('',(180.,165.,84.5));
#7766 = DIRECTION('',(-0.316901408451,0.816620580676,-0.482394366197));
#7767 = DIRECTION('',(-1.785617607834E-17,0.508608836281,0.860997707115)
  );
#7768 = ORIENTED_EDGE('',*,*,#7769,.F.);
#7769 = EDGE_CURVE('',#7770,#7761,#7772,.T.);
#7770 = VERTEX_POINT('',#7771);
#7771 = CARTESIAN_POINT('',(225.,50.565704052889,155.58299312134));
#7772 = LINE('',#7773,#7774);
#7773 = CARTESIAN_POINT('',(225.,50.565704052889,155.58299312134));
#7774 = VECTOR('',#7775,1.);
#7775 = DIRECTION('',(-0.316901408451,0.816620580676,-0.482394366197));
#7776 = ORIENTED_EDGE('',*,*,#7777,.T.);
#7777 = EDGE_CURVE('',#7770,#7770,#7778,.T.);
#7778 = CIRCLE('',#7779,3.);
#7779 = AXIS2_PLACEMENT_3D('',#7780,#7781,#7782);
#7780 = CARTESIAN_POINT('',(225.,49.039877544045,153.));
#7781 = DIRECTION('',(-0.316901408451,0.816620580676,-0.482394366197));
#7782 = DIRECTION('',(-1.785617607834E-17,0.508608836281,0.860997707115)
  );
#7783 = ORIENTED_EDGE('',*,*,#7769,.T.);
#7784 = CYLINDRICAL_SURFACE('',#7785,3.);
#7785 = AXIS2_PLACEMENT_3D('',#7786,#7787,#7788);
#7786 = CARTESIAN_POINT('',(225.,49.039877544045,153.));
#7787 = DIRECTION('',(-0.316901408451,0.816620580676,-0.482394366197));
#7788 = DIRECTION('',(9.899399537287E-18,0.508608836281,0.860997707115)
  );
#7789 = ADVANCED_FACE('',(#7790),#7793,.T.);
#7790 = FACE_BOUND('',#7791,.T.);
#7791 = EDGE_LOOP('',(#7792));
#7792 = ORIENTED_EDGE('',*,*,#7760,.T.);
#7793 = PLANE('',#7794);
#7794 = AXIS2_PLACEMENT_3D('',#7795,#7796,#7797);
#7795 = CARTESIAN_POINT('',(180.,165.,84.5));
#7796 = DIRECTION('',(-0.316901408451,0.816620580676,-0.482394366197));
#7797 = DIRECTION('',(9.899399537287E-18,0.508608836281,0.860997707115)
  );
#7798 = ADVANCED_FACE('',(#7799),#7802,.F.);
#7799 = FACE_BOUND('',#7800,.T.);
#7800 = EDGE_LOOP('',(#7801));
#7801 = ORIENTED_EDGE('',*,*,#7777,.F.);
#7802 = PLANE('',#7803);
#7803 = AXIS2_PLACEMENT_3D('',#7804,#7805,#7806);
#7804 = CARTESIAN_POINT('',(225.,49.039877544045,153.));
#7805 = DIRECTION('',(-0.316901408451,0.816620580676,-0.482394366197));
#7806 = DIRECTION('',(9.899399537287E-18,0.508608836281,0.860997707115)
  );
#7807 = MANIFOLD_SOLID_BREP('',#7808);
#7808 = CLOSED_SHELL('',(#7809,#7842,#7862,#7871,#7896,#7916,#7941));
#7809 = ADVANCED_FACE('',(#7810),#7837,.T.);
#7810 = FACE_BOUND('',#7811,.T.);
#7811 = EDGE_LOOP('',(#7812,#7822,#7829,#7830));
#7812 = ORIENTED_EDGE('',*,*,#7813,.T.);
#7813 = EDGE_CURVE('',#7814,#7816,#7818,.T.);
#7814 = VERTEX_POINT('',#7815);
#7815 = CARTESIAN_POINT('',(180.,163.,88.5));
#7816 = VERTEX_POINT('',#7817);
#7817 = CARTESIAN_POINT('',(180.,194.5,88.5));
#7818 = LINE('',#7819,#7820);
#7819 = CARTESIAN_POINT('',(180.,150.,88.5));
#7820 = VECTOR('',#7821,1.);
#7821 = DIRECTION('',(0.,1.,0.));
#7822 = ORIENTED_EDGE('',*,*,#7823,.F.);
#7823 = EDGE_CURVE('',#7816,#7816,#7824,.T.);
#7824 = CIRCLE('',#7825,4.);
#7825 = AXIS2_PLACEMENT_3D('',#7826,#7827,#7828);
#7826 = CARTESIAN_POINT('',(180.,194.5,84.5));
#7827 = DIRECTION('',(0.,1.,0.));
#7828 = DIRECTION('',(0.,0.,1.));
#7829 = ORIENTED_EDGE('',*,*,#7813,.F.);
#7830 = ORIENTED_EDGE('',*,*,#7831,.T.);
#7831 = EDGE_CURVE('',#7814,#7814,#7832,.T.);
#7832 = CIRCLE('',#7833,4.);
#7833 = AXIS2_PLACEMENT_3D('',#7834,#7835,#7836);
#7834 = CARTESIAN_POINT('',(180.,163.,84.5));
#7835 = DIRECTION('',(0.,1.,0.));
#7836 = DIRECTION('',(0.,0.,1.));
#7837 = CYLINDRICAL_SURFACE('',#7838,4.);
#7838 = AXIS2_PLACEMENT_3D('',#7839,#7840,#7841);
#7839 = CARTESIAN_POINT('',(180.,150.,84.5));
#7840 = DIRECTION('',(0.,1.,0.));
#7841 = DIRECTION('',(0.,0.,1.));
#7842 = ADVANCED_FACE('',(#7843,#7854),#7857,.T.);
#7843 = FACE_BOUND('',#7844,.T.);
#7844 = EDGE_LOOP('',(#7845));
#7845 = ORIENTED_EDGE('',*,*,#7846,.T.);
#7846 = EDGE_CURVE('',#7847,#7847,#7849,.T.);
#7847 = VERTEX_POINT('',#7848);
#7848 = CARTESIAN_POINT('',(180.,163.,92.));
#7849 = CIRCLE('',#7850,7.5);
#7850 = AXIS2_PLACEMENT_3D('',#7851,#7852,#7853);
#7851 = CARTESIAN_POINT('',(180.,163.,84.5));
#7852 = DIRECTION('',(0.,1.,0.));
#7853 = DIRECTION('',(0.,0.,1.));
#7854 = FACE_BOUND('',#7855,.T.);
#7855 = EDGE_LOOP('',(#7856));
#7856 = ORIENTED_EDGE('',*,*,#7831,.F.);
#7857 = PLANE('',#7858);
#7858 = AXIS2_PLACEMENT_3D('',#7859,#7860,#7861);
#7859 = CARTESIAN_POINT('',(180.,163.,84.5));
#7860 = DIRECTION('',(0.,1.,0.));
#7861 = DIRECTION('',(0.,0.,1.));
#7862 = ADVANCED_FACE('',(#7863),#7866,.T.);
#7863 = FACE_BOUND('',#7864,.T.);
#7864 = EDGE_LOOP('',(#7865));
#7865 = ORIENTED_EDGE('',*,*,#7823,.T.);
#7866 = PLANE('',#7867);
#7867 = AXIS2_PLACEMENT_3D('',#7868,#7869,#7870);
#7868 = CARTESIAN_POINT('',(180.,194.5,84.5));
#7869 = DIRECTION('',(0.,1.,0.));
#7870 = DIRECTION('',(0.,0.,1.));
#7871 = ADVANCED_FACE('',(#7872),#7891,.T.);
#7872 = FACE_BOUND('',#7873,.T.);
#7873 = EDGE_LOOP('',(#7874,#7875,#7883,#7890));
#7874 = ORIENTED_EDGE('',*,*,#7846,.F.);
#7875 = ORIENTED_EDGE('',*,*,#7876,.F.);
#7876 = EDGE_CURVE('',#7877,#7847,#7879,.T.);
#7877 = VERTEX_POINT('',#7878);
#7878 = CARTESIAN_POINT('',(180.,154.,92.));
#7879 = LINE('',#7880,#7881);
#7880 = CARTESIAN_POINT('',(180.,154.,92.));
#7881 = VECTOR('',#7882,1.);
#7882 = DIRECTION('',(0.,1.,0.));
#7883 = ORIENTED_EDGE('',*,*,#7884,.T.);
#7884 = EDGE_CURVE('',#7877,#7877,#7885,.T.);
#7885 = CIRCLE('',#7886,7.5);
#7886 = AXIS2_PLACEMENT_3D('',#7887,#7888,#7889);
#7887 = CARTESIAN_POINT('',(180.,154.,84.5));
#7888 = DIRECTION('',(0.,1.,0.));
#7889 = DIRECTION('',(0.,0.,1.));
#7890 = ORIENTED_EDGE('',*,*,#7876,.T.);
#7891 = CYLINDRICAL_SURFACE('',#7892,7.5);
#7892 = AXIS2_PLACEMENT_3D('',#7893,#7894,#7895);
#7893 = CARTESIAN_POINT('',(180.,154.,84.5));
#7894 = DIRECTION('',(0.,1.,0.));
#7895 = DIRECTION('',(0.,0.,1.));
#7896 = ADVANCED_FACE('',(#7897,#7900),#7911,.F.);
#7897 = FACE_BOUND('',#7898,.F.);
#7898 = EDGE_LOOP('',(#7899));
#7899 = ORIENTED_EDGE('',*,*,#7884,.T.);
#7900 = FACE_BOUND('',#7901,.F.);
#7901 = EDGE_LOOP('',(#7902));
#7902 = ORIENTED_EDGE('',*,*,#7903,.F.);
#7903 = EDGE_CURVE('',#7904,#7904,#7906,.T.);
#7904 = VERTEX_POINT('',#7905);
#7905 = CARTESIAN_POINT('',(180.,154.,88.5));
#7906 = CIRCLE('',#7907,4.);
#7907 = AXIS2_PLACEMENT_3D('',#7908,#7909,#7910);
#7908 = CARTESIAN_POINT('',(180.,154.,84.5));
#7909 = DIRECTION('',(0.,1.,0.));
#7910 = DIRECTION('',(0.,0.,1.));
#7911 = PLANE('',#7912);
#7912 = AXIS2_PLACEMENT_3D('',#7913,#7914,#7915);
#7913 = CARTESIAN_POINT('',(180.,154.,84.5));
#7914 = DIRECTION('',(0.,1.,0.));
#7915 = DIRECTION('',(0.,0.,1.));
#7916 = ADVANCED_FACE('',(#7917),#7936,.T.);
#7917 = FACE_BOUND('',#7918,.T.);
#7918 = EDGE_LOOP('',(#7919,#7920,#7928,#7935));
#7919 = ORIENTED_EDGE('',*,*,#7903,.F.);
#7920 = ORIENTED_EDGE('',*,*,#7921,.F.);
#7921 = EDGE_CURVE('',#7922,#7904,#7924,.T.);
#7922 = VERTEX_POINT('',#7923);
#7923 = CARTESIAN_POINT('',(180.,150.,88.5));
#7924 = LINE('',#7925,#7926);
#7925 = CARTESIAN_POINT('',(180.,150.,88.5));
#7926 = VECTOR('',#7927,1.);
#7927 = DIRECTION('',(0.,1.,0.));
#7928 = ORIENTED_EDGE('',*,*,#7929,.T.);
#7929 = EDGE_CURVE('',#7922,#7922,#7930,.T.);
#7930 = CIRCLE('',#7931,4.);
#7931 = AXIS2_PLACEMENT_3D('',#7932,#7933,#7934);
#7932 = CARTESIAN_POINT('',(180.,150.,84.5));
#7933 = DIRECTION('',(0.,1.,0.));
#7934 = DIRECTION('',(0.,0.,1.));
#7935 = ORIENTED_EDGE('',*,*,#7921,.T.);
#7936 = CYLINDRICAL_SURFACE('',#7937,4.);
#7937 = AXIS2_PLACEMENT_3D('',#7938,#7939,#7940);
#7938 = CARTESIAN_POINT('',(180.,150.,84.5));
#7939 = DIRECTION('',(0.,1.,0.));
#7940 = DIRECTION('',(0.,0.,1.));
#7941 = ADVANCED_FACE('',(#7942),#7945,.F.);
#7942 = FACE_BOUND('',#7943,.T.);
#7943 = EDGE_LOOP('',(#7944));
#7944 = ORIENTED_EDGE('',*,*,#7929,.F.);
#7945 = PLANE('',#7946);
#7946 = AXIS2_PLACEMENT_3D('',#7947,#7948,#7949);
#7947 = CARTESIAN_POINT('',(180.,150.,84.5));
#7948 = DIRECTION('',(0.,1.,0.));
#7949 = DIRECTION('',(0.,0.,1.));
#7950 = MANIFOLD_SOLID_BREP('',#7951);
#7951 = CLOSED_SHELL('',(#7952,#7985,#8005,#8025));
#7952 = ADVANCED_FACE('',(#7953),#7980,.T.);
#7953 = FACE_BOUND('',#7954,.T.);
#7954 = EDGE_LOOP('',(#7955,#7964,#7972,#7979));
#7955 = ORIENTED_EDGE('',*,*,#7956,.F.);
#7956 = EDGE_CURVE('',#7957,#7957,#7959,.T.);
#7957 = VERTEX_POINT('',#7958);
#7958 = CARTESIAN_POINT('',(180.,230.5,169.));
#7959 = CIRCLE('',#7960,84.5);
#7960 = AXIS2_PLACEMENT_3D('',#7961,#7962,#7963);
#7961 = CARTESIAN_POINT('',(180.,230.5,84.5));
#7962 = DIRECTION('',(0.,1.,0.));
#7963 = DIRECTION('',(0.,0.,1.));
#7964 = ORIENTED_EDGE('',*,*,#7965,.F.);
#7965 = EDGE_CURVE('',#7966,#7957,#7968,.T.);
#7966 = VERTEX_POINT('',#7967);
#7967 = CARTESIAN_POINT('',(180.,149.,169.));
#7968 = LINE('',#7969,#7970);
#7969 = CARTESIAN_POINT('',(180.,149.,169.));
#7970 = VECTOR('',#7971,1.);
#7971 = DIRECTION('',(0.,1.,0.));
#7972 = ORIENTED_EDGE('',*,*,#7973,.T.);
#7973 = EDGE_CURVE('',#7966,#7966,#7974,.T.);
#7974 = CIRCLE('',#7975,84.5);
#7975 = AXIS2_PLACEMENT_3D('',#7976,#7977,#7978);
#7976 = CARTESIAN_POINT('',(180.,149.,84.5));
#7977 = DIRECTION('',(0.,1.,0.));
#7978 = DIRECTION('',(0.,0.,1.));
#7979 = ORIENTED_EDGE('',*,*,#7965,.T.);
#7980 = CYLINDRICAL_SURFACE('',#7981,84.5);
#7981 = AXIS2_PLACEMENT_3D('',#7982,#7983,#7984);
#7982 = CARTESIAN_POINT('',(180.,149.,84.5));
#7983 = DIRECTION('',(0.,1.,0.));
#7984 = DIRECTION('',(0.,0.,1.));
#7985 = ADVANCED_FACE('',(#7986,#7989),#8000,.T.);
#7986 = FACE_BOUND('',#7987,.T.);
#7987 = EDGE_LOOP('',(#7988));
#7988 = ORIENTED_EDGE('',*,*,#7956,.T.);
#7989 = FACE_BOUND('',#7990,.T.);
#7990 = EDGE_LOOP('',(#7991));
#7991 = ORIENTED_EDGE('',*,*,#7992,.F.);
#7992 = EDGE_CURVE('',#7993,#7993,#7995,.T.);
#7993 = VERTEX_POINT('',#7994);
#7994 = CARTESIAN_POINT('',(180.,230.5,133.));
#7995 = CIRCLE('',#7996,48.5);
#7996 = AXIS2_PLACEMENT_3D('',#7997,#7998,#7999);
#7997 = CARTESIAN_POINT('',(180.,230.5,84.5));
#7998 = DIRECTION('',(0.,1.,0.));
#7999 = DIRECTION('',(0.,0.,1.));
#8000 = PLANE('',#8001);
#8001 = AXIS2_PLACEMENT_3D('',#8002,#8003,#8004);
#8002 = CARTESIAN_POINT('',(180.,230.5,84.5));
#8003 = DIRECTION('',(0.,1.,0.));
#8004 = DIRECTION('',(0.,0.,1.));
#8005 = ADVANCED_FACE('',(#8006,#8009),#8020,.F.);
#8006 = FACE_BOUND('',#8007,.F.);
#8007 = EDGE_LOOP('',(#8008));
#8008 = ORIENTED_EDGE('',*,*,#7973,.T.);
#8009 = FACE_BOUND('',#8010,.F.);
#8010 = EDGE_LOOP('',(#8011));
#8011 = ORIENTED_EDGE('',*,*,#8012,.F.);
#8012 = EDGE_CURVE('',#8013,#8013,#8015,.T.);
#8013 = VERTEX_POINT('',#8014);
#8014 = CARTESIAN_POINT('',(180.,149.,133.));
#8015 = CIRCLE('',#8016,48.5);
#8016 = AXIS2_PLACEMENT_3D('',#8017,#8018,#8019);
#8017 = CARTESIAN_POINT('',(180.,149.,84.5));
#8018 = DIRECTION('',(0.,1.,0.));
#8019 = DIRECTION('',(0.,0.,1.));
#8020 = PLANE('',#8021);
#8021 = AXIS2_PLACEMENT_3D('',#8022,#8023,#8024);
#8022 = CARTESIAN_POINT('',(180.,149.,84.5));
#8023 = DIRECTION('',(0.,1.,0.));
#8024 = DIRECTION('',(0.,0.,1.));
#8025 = ADVANCED_FACE('',(#8026),#8037,.F.);
#8026 = FACE_BOUND('',#8027,.F.);
#8027 = EDGE_LOOP('',(#8028,#8029,#8035,#8036));
#8028 = ORIENTED_EDGE('',*,*,#7992,.F.);
#8029 = ORIENTED_EDGE('',*,*,#8030,.F.);
#8030 = EDGE_CURVE('',#8013,#7993,#8031,.T.);
#8031 = LINE('',#8032,#8033);
#8032 = CARTESIAN_POINT('',(180.,149.,133.));
#8033 = VECTOR('',#8034,1.);
#8034 = DIRECTION('',(0.,1.,0.));
#8035 = ORIENTED_EDGE('',*,*,#8012,.T.);
#8036 = ORIENTED_EDGE('',*,*,#8030,.T.);
#8037 = CYLINDRICAL_SURFACE('',#8038,48.5);
#8038 = AXIS2_PLACEMENT_3D('',#8039,#8040,#8041);
#8039 = CARTESIAN_POINT('',(180.,149.,84.5));
#8040 = DIRECTION('',(0.,1.,0.));
#8041 = DIRECTION('',(0.,0.,1.));
#8042 = MANIFOLD_SOLID_BREP('',#8043);
#8043 = CLOSED_SHELL('',(#8044,#8077,#8097,#8117));
#8044 = ADVANCED_FACE('',(#8045),#8072,.T.);
#8045 = FACE_BOUND('',#8046,.T.);
#8046 = EDGE_LOOP('',(#8047,#8056,#8064,#8071));
#8047 = ORIENTED_EDGE('',*,*,#8048,.F.);
#8048 = EDGE_CURVE('',#8049,#8049,#8051,.T.);
#8049 = VERTEX_POINT('',#8050);
#8050 = CARTESIAN_POINT('',(180.,202.25,133.));
#8051 = CIRCLE('',#8052,48.5);
#8052 = AXIS2_PLACEMENT_3D('',#8053,#8054,#8055);
#8053 = CARTESIAN_POINT('',(180.,202.25,84.5));
#8054 = DIRECTION('',(0.,1.,0.));
#8055 = DIRECTION('',(0.,0.,1.));
#8056 = ORIENTED_EDGE('',*,*,#8057,.F.);
#8057 = EDGE_CURVE('',#8058,#8049,#8060,.T.);
#8058 = VERTEX_POINT('',#8059);
#8059 = CARTESIAN_POINT('',(180.,177.25,133.));
#8060 = LINE('',#8061,#8062);
#8061 = CARTESIAN_POINT('',(180.,177.25,133.));
#8062 = VECTOR('',#8063,1.);
#8063 = DIRECTION('',(0.,1.,0.));
#8064 = ORIENTED_EDGE('',*,*,#8065,.T.);
#8065 = EDGE_CURVE('',#8058,#8058,#8066,.T.);
#8066 = CIRCLE('',#8067,48.5);
#8067 = AXIS2_PLACEMENT_3D('',#8068,#8069,#8070);
#8068 = CARTESIAN_POINT('',(180.,177.25,84.5));
#8069 = DIRECTION('',(0.,1.,0.));
#8070 = DIRECTION('',(0.,0.,1.));
#8071 = ORIENTED_EDGE('',*,*,#8057,.T.);
#8072 = CYLINDRICAL_SURFACE('',#8073,48.5);
#8073 = AXIS2_PLACEMENT_3D('',#8074,#8075,#8076);
#8074 = CARTESIAN_POINT('',(180.,177.25,84.5));
#8075 = DIRECTION('',(0.,1.,0.));
#8076 = DIRECTION('',(0.,0.,1.));
#8077 = ADVANCED_FACE('',(#8078,#8081),#8092,.T.);
#8078 = FACE_BOUND('',#8079,.T.);
#8079 = EDGE_LOOP('',(#8080));
#8080 = ORIENTED_EDGE('',*,*,#8048,.T.);
#8081 = FACE_BOUND('',#8082,.T.);
#8082 = EDGE_LOOP('',(#8083));
#8083 = ORIENTED_EDGE('',*,*,#8084,.F.);
#8084 = EDGE_CURVE('',#8085,#8085,#8087,.T.);
#8085 = VERTEX_POINT('',#8086);
#8086 = CARTESIAN_POINT('',(180.,202.25,93.));
#8087 = CIRCLE('',#8088,8.5);
#8088 = AXIS2_PLACEMENT_3D('',#8089,#8090,#8091);
#8089 = CARTESIAN_POINT('',(180.,202.25,84.5));
#8090 = DIRECTION('',(0.,1.,0.));
#8091 = DIRECTION('',(0.,0.,1.));
#8092 = PLANE('',#8093);
#8093 = AXIS2_PLACEMENT_3D('',#8094,#8095,#8096);
#8094 = CARTESIAN_POINT('',(180.,202.25,84.5));
#8095 = DIRECTION('',(0.,1.,0.));
#8096 = DIRECTION('',(0.,0.,1.));
#8097 = ADVANCED_FACE('',(#8098,#8101),#8112,.F.);
#8098 = FACE_BOUND('',#8099,.F.);
#8099 = EDGE_LOOP('',(#8100));
#8100 = ORIENTED_EDGE('',*,*,#8065,.T.);
#8101 = FACE_BOUND('',#8102,.F.);
#8102 = EDGE_LOOP('',(#8103));
#8103 = ORIENTED_EDGE('',*,*,#8104,.F.);
#8104 = EDGE_CURVE('',#8105,#8105,#8107,.T.);
#8105 = VERTEX_POINT('',#8106);
#8106 = CARTESIAN_POINT('',(180.,177.25,93.));
#8107 = CIRCLE('',#8108,8.5);
#8108 = AXIS2_PLACEMENT_3D('',#8109,#8110,#8111);
#8109 = CARTESIAN_POINT('',(180.,177.25,84.5));
#8110 = DIRECTION('',(0.,1.,0.));
#8111 = DIRECTION('',(0.,0.,1.));
#8112 = PLANE('',#8113);
#8113 = AXIS2_PLACEMENT_3D('',#8114,#8115,#8116);
#8114 = CARTESIAN_POINT('',(180.,177.25,84.5));
#8115 = DIRECTION('',(0.,1.,0.));
#8116 = DIRECTION('',(0.,0.,1.));
#8117 = ADVANCED_FACE('',(#8118),#8129,.F.);
#8118 = FACE_BOUND('',#8119,.F.);
#8119 = EDGE_LOOP('',(#8120,#8121,#8127,#8128));
#8120 = ORIENTED_EDGE('',*,*,#8084,.F.);
#8121 = ORIENTED_EDGE('',*,*,#8122,.F.);
#8122 = EDGE_CURVE('',#8105,#8085,#8123,.T.);
#8123 = LINE('',#8124,#8125);
#8124 = CARTESIAN_POINT('',(180.,177.25,93.));
#8125 = VECTOR('',#8126,1.);
#8126 = DIRECTION('',(0.,1.,0.));
#8127 = ORIENTED_EDGE('',*,*,#8104,.T.);
#8128 = ORIENTED_EDGE('',*,*,#8122,.T.);
#8129 = CYLINDRICAL_SURFACE('',#8130,8.5);
#8130 = AXIS2_PLACEMENT_3D('',#8131,#8132,#8133);
#8131 = CARTESIAN_POINT('',(180.,177.25,84.5));
#8132 = DIRECTION('',(0.,1.,0.));
#8133 = DIRECTION('',(0.,0.,1.));
#8134 = MANIFOLD_SOLID_BREP('',#8135);
#8135 = CLOSED_SHELL('',(#8136,#8176,#8207,#8303,#8327,#8416,#8428,#8450
    ,#8467,#8484,#8496,#8518,#8535,#8552));
#8136 = ADVANCED_FACE('',(#8137),#8171,.F.);
#8137 = FACE_BOUND('',#8138,.F.);
#8138 = EDGE_LOOP('',(#8139,#8149,#8157,#8165));
#8139 = ORIENTED_EDGE('',*,*,#8140,.F.);
#8140 = EDGE_CURVE('',#8141,#8143,#8145,.T.);
#8141 = VERTEX_POINT('',#8142);
#8142 = CARTESIAN_POINT('',(-228.,-105.,95.));
#8143 = VERTEX_POINT('',#8144);
#8144 = CARTESIAN_POINT('',(-228.,-105.,100.));
#8145 = LINE('',#8146,#8147);
#8146 = CARTESIAN_POINT('',(-228.,-105.,95.));
#8147 = VECTOR('',#8148,1.);
#8148 = DIRECTION('',(0.,0.,1.));
#8149 = ORIENTED_EDGE('',*,*,#8150,.T.);
#8150 = EDGE_CURVE('',#8141,#8151,#8153,.T.);
#8151 = VERTEX_POINT('',#8152);
#8152 = CARTESIAN_POINT('',(-228.,-55.,95.));
#8153 = LINE('',#8154,#8155);
#8154 = CARTESIAN_POINT('',(-228.,-105.,95.));
#8155 = VECTOR('',#8156,1.);
#8156 = DIRECTION('',(0.,1.,0.));
#8157 = ORIENTED_EDGE('',*,*,#8158,.T.);
#8158 = EDGE_CURVE('',#8151,#8159,#8161,.T.);
#8159 = VERTEX_POINT('',#8160);
#8160 = CARTESIAN_POINT('',(-228.,-55.,100.));
#8161 = LINE('',#8162,#8163);
#8162 = CARTESIAN_POINT('',(-228.,-55.,95.));
#8163 = VECTOR('',#8164,1.);
#8164 = DIRECTION('',(0.,0.,1.));
#8165 = ORIENTED_EDGE('',*,*,#8166,.F.);
#8166 = EDGE_CURVE('',#8143,#8159,#8167,.T.);
#8167 = LINE('',#8168,#8169);
#8168 = CARTESIAN_POINT('',(-228.,-105.,100.));
#8169 = VECTOR('',#8170,1.);
#8170 = DIRECTION('',(0.,1.,0.));
#8171 = PLANE('',#8172);
#8172 = AXIS2_PLACEMENT_3D('',#8173,#8174,#8175);
#8173 = CARTESIAN_POINT('',(-228.,-105.,95.));
#8174 = DIRECTION('',(1.,0.,0.));
#8175 = DIRECTION('',(0.,0.,1.));
#8176 = ADVANCED_FACE('',(#8177),#8202,.F.);
#8177 = FACE_BOUND('',#8178,.F.);
#8178 = EDGE_LOOP('',(#8179,#8187,#8188,#8196));
#8179 = ORIENTED_EDGE('',*,*,#8180,.F.);
#8180 = EDGE_CURVE('',#8141,#8181,#8183,.T.);
#8181 = VERTEX_POINT('',#8182);
#8182 = CARTESIAN_POINT('',(-132.,-105.,95.));
#8183 = LINE('',#8184,#8185);
#8184 = CARTESIAN_POINT('',(-228.,-105.,95.));
#8185 = VECTOR('',#8186,1.);
#8186 = DIRECTION('',(1.,0.,0.));
#8187 = ORIENTED_EDGE('',*,*,#8140,.T.);
#8188 = ORIENTED_EDGE('',*,*,#8189,.T.);
#8189 = EDGE_CURVE('',#8143,#8190,#8192,.T.);
#8190 = VERTEX_POINT('',#8191);
#8191 = CARTESIAN_POINT('',(-132.,-105.,100.));
#8192 = LINE('',#8193,#8194);
#8193 = CARTESIAN_POINT('',(-228.,-105.,100.));
#8194 = VECTOR('',#8195,1.);
#8195 = DIRECTION('',(1.,0.,0.));
#8196 = ORIENTED_EDGE('',*,*,#8197,.F.);
#8197 = EDGE_CURVE('',#8181,#8190,#8198,.T.);
#8198 = LINE('',#8199,#8200);
#8199 = CARTESIAN_POINT('',(-132.,-105.,95.));
#8200 = VECTOR('',#8201,1.);
#8201 = DIRECTION('',(0.,0.,1.));
#8202 = PLANE('',#8203);
#8203 = AXIS2_PLACEMENT_3D('',#8204,#8205,#8206);
#8204 = CARTESIAN_POINT('',(-228.,-105.,95.));
#8205 = DIRECTION('',(0.,1.,0.));
#8206 = DIRECTION('',(0.,0.,1.));
#8207 = ADVANCED_FACE('',(#8208,#8226,#8262),#8298,.T.);
#8208 = FACE_BOUND('',#8209,.T.);
#8209 = EDGE_LOOP('',(#8210,#8211,#8212,#8220));
#8210 = ORIENTED_EDGE('',*,*,#8166,.F.);
#8211 = ORIENTED_EDGE('',*,*,#8189,.T.);
#8212 = ORIENTED_EDGE('',*,*,#8213,.T.);
#8213 = EDGE_CURVE('',#8190,#8214,#8216,.T.);
#8214 = VERTEX_POINT('',#8215);
#8215 = CARTESIAN_POINT('',(-132.,-55.,100.));
#8216 = LINE('',#8217,#8218);
#8217 = CARTESIAN_POINT('',(-132.,-105.,100.));
#8218 = VECTOR('',#8219,1.);
#8219 = DIRECTION('',(0.,1.,0.));
#8220 = ORIENTED_EDGE('',*,*,#8221,.F.);
#8221 = EDGE_CURVE('',#8159,#8214,#8222,.T.);
#8222 = LINE('',#8223,#8224);
#8223 = CARTESIAN_POINT('',(-228.,-55.,100.));
#8224 = VECTOR('',#8225,1.);
#8225 = DIRECTION('',(1.,0.,0.));
#8226 = FACE_BOUND('',#8227,.T.);
#8227 = EDGE_LOOP('',(#8228,#8239,#8247,#8256));
#8228 = ORIENTED_EDGE('',*,*,#8229,.F.);
#8229 = EDGE_CURVE('',#8230,#8232,#8234,.T.);
#8230 = VERTEX_POINT('',#8231);
#8231 = CARTESIAN_POINT('',(-217.75,-90.,100.));
#8232 = VERTEX_POINT('',#8233);
#8233 = CARTESIAN_POINT('',(-212.25,-90.,100.));
#8234 = CIRCLE('',#8235,2.75);
#8235 = AXIS2_PLACEMENT_3D('',#8236,#8237,#8238);
#8236 = CARTESIAN_POINT('',(-215.,-90.,100.));
#8237 = DIRECTION('',(0.,0.,1.));
#8238 = DIRECTION('',(1.,0.,0.));
#8239 = ORIENTED_EDGE('',*,*,#8240,.T.);
#8240 = EDGE_CURVE('',#8230,#8241,#8243,.T.);
#8241 = VERTEX_POINT('',#8242);
#8242 = CARTESIAN_POINT('',(-217.75,-70.,100.));
#8243 = LINE('',#8244,#8245);
#8244 = CARTESIAN_POINT('',(-217.75,-97.5,100.));
#8245 = VECTOR('',#8246,1.);
#8246 = DIRECTION('',(0.,1.,0.));
#8247 = ORIENTED_EDGE('',*,*,#8248,.F.);
#8248 = EDGE_CURVE('',#8249,#8241,#8251,.T.);
#8249 = VERTEX_POINT('',#8250);
#8250 = CARTESIAN_POINT('',(-212.25,-70.,100.));
#8251 = CIRCLE('',#8252,2.75);
#8252 = AXIS2_PLACEMENT_3D('',#8253,#8254,#8255);
#8253 = CARTESIAN_POINT('',(-215.,-70.,100.));
#8254 = DIRECTION('',(0.,0.,1.));
#8255 = DIRECTION('',(1.,0.,0.));
#8256 = ORIENTED_EDGE('',*,*,#8257,.F.);
#8257 = EDGE_CURVE('',#8232,#8249,#8258,.T.);
#8258 = LINE('',#8259,#8260);
#8259 = CARTESIAN_POINT('',(-212.25,-97.5,100.));
#8260 = VECTOR('',#8261,1.);
#8261 = DIRECTION('',(0.,1.,0.));
#8262 = FACE_BOUND('',#8263,.T.);
#8263 = EDGE_LOOP('',(#8264,#8275,#8283,#8292));
#8264 = ORIENTED_EDGE('',*,*,#8265,.F.);
#8265 = EDGE_CURVE('',#8266,#8268,#8270,.T.);
#8266 = VERTEX_POINT('',#8267);
#8267 = CARTESIAN_POINT('',(-147.75,-90.,100.));
#8268 = VERTEX_POINT('',#8269);
#8269 = CARTESIAN_POINT('',(-142.25,-90.,100.));
#8270 = CIRCLE('',#8271,2.75);
#8271 = AXIS2_PLACEMENT_3D('',#8272,#8273,#8274);
#8272 = CARTESIAN_POINT('',(-145.,-90.,100.));
#8273 = DIRECTION('',(0.,0.,1.));
#8274 = DIRECTION('',(1.,0.,0.));
#8275 = ORIENTED_EDGE('',*,*,#8276,.T.);
#8276 = EDGE_CURVE('',#8266,#8277,#8279,.T.);
#8277 = VERTEX_POINT('',#8278);
#8278 = CARTESIAN_POINT('',(-147.75,-70.,100.));
#8279 = LINE('',#8280,#8281);
#8280 = CARTESIAN_POINT('',(-147.75,-97.5,100.));
#8281 = VECTOR('',#8282,1.);
#8282 = DIRECTION('',(0.,1.,0.));
#8283 = ORIENTED_EDGE('',*,*,#8284,.F.);
#8284 = EDGE_CURVE('',#8285,#8277,#8287,.T.);
#8285 = VERTEX_POINT('',#8286);
#8286 = CARTESIAN_POINT('',(-142.25,-70.,100.));
#8287 = CIRCLE('',#8288,2.75);
#8288 = AXIS2_PLACEMENT_3D('',#8289,#8290,#8291);
#8289 = CARTESIAN_POINT('',(-145.,-70.,100.));
#8290 = DIRECTION('',(0.,0.,1.));
#8291 = DIRECTION('',(1.,0.,0.));
#8292 = ORIENTED_EDGE('',*,*,#8293,.F.);
#8293 = EDGE_CURVE('',#8268,#8285,#8294,.T.);
#8294 = LINE('',#8295,#8296);
#8295 = CARTESIAN_POINT('',(-142.25,-97.5,100.));
#8296 = VECTOR('',#8297,1.);
#8297 = DIRECTION('',(0.,1.,0.));
#8298 = PLANE('',#8299);
#8299 = AXIS2_PLACEMENT_3D('',#8300,#8301,#8302);
#8300 = CARTESIAN_POINT('',(-228.,-105.,100.));
#8301 = DIRECTION('',(0.,0.,1.));
#8302 = DIRECTION('',(1.,0.,0.));
#8303 = ADVANCED_FACE('',(#8304),#8322,.T.);
#8304 = FACE_BOUND('',#8305,.T.);
#8305 = EDGE_LOOP('',(#8306,#8314,#8315,#8316));
#8306 = ORIENTED_EDGE('',*,*,#8307,.F.);
#8307 = EDGE_CURVE('',#8151,#8308,#8310,.T.);
#8308 = VERTEX_POINT('',#8309);
#8309 = CARTESIAN_POINT('',(-132.,-55.,95.));
#8310 = LINE('',#8311,#8312);
#8311 = CARTESIAN_POINT('',(-228.,-55.,95.));
#8312 = VECTOR('',#8313,1.);
#8313 = DIRECTION('',(1.,0.,0.));
#8314 = ORIENTED_EDGE('',*,*,#8158,.T.);
#8315 = ORIENTED_EDGE('',*,*,#8221,.T.);
#8316 = ORIENTED_EDGE('',*,*,#8317,.F.);
#8317 = EDGE_CURVE('',#8308,#8214,#8318,.T.);
#8318 = LINE('',#8319,#8320);
#8319 = CARTESIAN_POINT('',(-132.,-55.,95.));
#8320 = VECTOR('',#8321,1.);
#8321 = DIRECTION('',(0.,0.,1.));
#8322 = PLANE('',#8323);
#8323 = AXIS2_PLACEMENT_3D('',#8324,#8325,#8326);
#8324 = CARTESIAN_POINT('',(-228.,-55.,95.));
#8325 = DIRECTION('',(0.,1.,0.));
#8326 = DIRECTION('',(0.,0.,1.));
#8327 = ADVANCED_FACE('',(#8328,#8339,#8375),#8411,.F.);
#8328 = FACE_BOUND('',#8329,.F.);
#8329 = EDGE_LOOP('',(#8330,#8331,#8332,#8338));
#8330 = ORIENTED_EDGE('',*,*,#8150,.F.);
#8331 = ORIENTED_EDGE('',*,*,#8180,.T.);
#8332 = ORIENTED_EDGE('',*,*,#8333,.T.);
#8333 = EDGE_CURVE('',#8181,#8308,#8334,.T.);
#8334 = LINE('',#8335,#8336);
#8335 = CARTESIAN_POINT('',(-132.,-105.,95.));
#8336 = VECTOR('',#8337,1.);
#8337 = DIRECTION('',(0.,1.,0.));
#8338 = ORIENTED_EDGE('',*,*,#8307,.F.);
#8339 = FACE_BOUND('',#8340,.F.);
#8340 = EDGE_LOOP('',(#8341,#8352,#8360,#8369));
#8341 = ORIENTED_EDGE('',*,*,#8342,.F.);
#8342 = EDGE_CURVE('',#8343,#8345,#8347,.T.);
#8343 = VERTEX_POINT('',#8344);
#8344 = CARTESIAN_POINT('',(-217.75,-90.,95.));
#8345 = VERTEX_POINT('',#8346);
#8346 = CARTESIAN_POINT('',(-212.25,-90.,95.));
#8347 = CIRCLE('',#8348,2.75);
#8348 = AXIS2_PLACEMENT_3D('',#8349,#8350,#8351);
#8349 = CARTESIAN_POINT('',(-215.,-90.,95.));
#8350 = DIRECTION('',(0.,0.,1.));
#8351 = DIRECTION('',(1.,0.,0.));
#8352 = ORIENTED_EDGE('',*,*,#8353,.T.);
#8353 = EDGE_CURVE('',#8343,#8354,#8356,.T.);
#8354 = VERTEX_POINT('',#8355);
#8355 = CARTESIAN_POINT('',(-217.75,-70.,95.));
#8356 = LINE('',#8357,#8358);
#8357 = CARTESIAN_POINT('',(-217.75,-97.5,95.));
#8358 = VECTOR('',#8359,1.);
#8359 = DIRECTION('',(0.,1.,0.));
#8360 = ORIENTED_EDGE('',*,*,#8361,.F.);
#8361 = EDGE_CURVE('',#8362,#8354,#8364,.T.);
#8362 = VERTEX_POINT('',#8363);
#8363 = CARTESIAN_POINT('',(-212.25,-70.,95.));
#8364 = CIRCLE('',#8365,2.75);
#8365 = AXIS2_PLACEMENT_3D('',#8366,#8367,#8368);
#8366 = CARTESIAN_POINT('',(-215.,-70.,95.));
#8367 = DIRECTION('',(0.,0.,1.));
#8368 = DIRECTION('',(1.,0.,0.));
#8369 = ORIENTED_EDGE('',*,*,#8370,.F.);
#8370 = EDGE_CURVE('',#8345,#8362,#8371,.T.);
#8371 = LINE('',#8372,#8373);
#8372 = CARTESIAN_POINT('',(-212.25,-97.5,95.));
#8373 = VECTOR('',#8374,1.);
#8374 = DIRECTION('',(0.,1.,0.));
#8375 = FACE_BOUND('',#8376,.F.);
#8376 = EDGE_LOOP('',(#8377,#8388,#8396,#8405));
#8377 = ORIENTED_EDGE('',*,*,#8378,.F.);
#8378 = EDGE_CURVE('',#8379,#8381,#8383,.T.);
#8379 = VERTEX_POINT('',#8380);
#8380 = CARTESIAN_POINT('',(-147.75,-90.,95.));
#8381 = VERTEX_POINT('',#8382);
#8382 = CARTESIAN_POINT('',(-142.25,-90.,95.));
#8383 = CIRCLE('',#8384,2.75);
#8384 = AXIS2_PLACEMENT_3D('',#8385,#8386,#8387);
#8385 = CARTESIAN_POINT('',(-145.,-90.,95.));
#8386 = DIRECTION('',(0.,0.,1.));
#8387 = DIRECTION('',(1.,0.,0.));
#8388 = ORIENTED_EDGE('',*,*,#8389,.T.);
#8389 = EDGE_CURVE('',#8379,#8390,#8392,.T.);
#8390 = VERTEX_POINT('',#8391);
#8391 = CARTESIAN_POINT('',(-147.75,-70.,95.));
#8392 = LINE('',#8393,#8394);
#8393 = CARTESIAN_POINT('',(-147.75,-97.5,95.));
#8394 = VECTOR('',#8395,1.);
#8395 = DIRECTION('',(0.,1.,0.));
#8396 = ORIENTED_EDGE('',*,*,#8397,.F.);
#8397 = EDGE_CURVE('',#8398,#8390,#8400,.T.);
#8398 = VERTEX_POINT('',#8399);
#8399 = CARTESIAN_POINT('',(-142.25,-70.,95.));
#8400 = CIRCLE('',#8401,2.75);
#8401 = AXIS2_PLACEMENT_3D('',#8402,#8403,#8404);
#8402 = CARTESIAN_POINT('',(-145.,-70.,95.));
#8403 = DIRECTION('',(0.,0.,1.));
#8404 = DIRECTION('',(1.,0.,0.));
#8405 = ORIENTED_EDGE('',*,*,#8406,.F.);
#8406 = EDGE_CURVE('',#8381,#8398,#8407,.T.);
#8407 = LINE('',#8408,#8409);
#8408 = CARTESIAN_POINT('',(-142.25,-97.5,95.));
#8409 = VECTOR('',#8410,1.);
#8410 = DIRECTION('',(0.,1.,0.));
#8411 = PLANE('',#8412);
#8412 = AXIS2_PLACEMENT_3D('',#8413,#8414,#8415);
#8413 = CARTESIAN_POINT('',(-228.,-105.,95.));
#8414 = DIRECTION('',(0.,0.,1.));
#8415 = DIRECTION('',(1.,0.,0.));
#8416 = ADVANCED_FACE('',(#8417),#8423,.T.);
#8417 = FACE_BOUND('',#8418,.T.);
#8418 = EDGE_LOOP('',(#8419,#8420,#8421,#8422));
#8419 = ORIENTED_EDGE('',*,*,#8197,.F.);
#8420 = ORIENTED_EDGE('',*,*,#8333,.T.);
#8421 = ORIENTED_EDGE('',*,*,#8317,.T.);
#8422 = ORIENTED_EDGE('',*,*,#8213,.F.);
#8423 = PLANE('',#8424);
#8424 = AXIS2_PLACEMENT_3D('',#8425,#8426,#8427);
#8425 = CARTESIAN_POINT('',(-132.,-105.,95.));
#8426 = DIRECTION('',(1.,0.,0.));
#8427 = DIRECTION('',(0.,0.,1.));
#8428 = ADVANCED_FACE('',(#8429),#8445,.F.);
#8429 = FACE_BOUND('',#8430,.F.);
#8430 = EDGE_LOOP('',(#8431,#8432,#8438,#8439));
#8431 = ORIENTED_EDGE('',*,*,#8342,.T.);
#8432 = ORIENTED_EDGE('',*,*,#8433,.T.);
#8433 = EDGE_CURVE('',#8345,#8232,#8434,.T.);
#8434 = LINE('',#8435,#8436);
#8435 = CARTESIAN_POINT('',(-212.25,-90.,94.));
#8436 = VECTOR('',#8437,1.);
#8437 = DIRECTION('',(0.,0.,1.));
#8438 = ORIENTED_EDGE('',*,*,#8229,.F.);
#8439 = ORIENTED_EDGE('',*,*,#8440,.F.);
#8440 = EDGE_CURVE('',#8343,#8230,#8441,.T.);
#8441 = LINE('',#8442,#8443);
#8442 = CARTESIAN_POINT('',(-217.75,-90.,94.));
#8443 = VECTOR('',#8444,1.);
#8444 = DIRECTION('',(0.,0.,1.));
#8445 = CYLINDRICAL_SURFACE('',#8446,2.75);
#8446 = AXIS2_PLACEMENT_3D('',#8447,#8448,#8449);
#8447 = CARTESIAN_POINT('',(-215.,-90.,94.));
#8448 = DIRECTION('',(0.,0.,1.));
#8449 = DIRECTION('',(1.,0.,0.));
#8450 = ADVANCED_FACE('',(#8451),#8462,.T.);
#8451 = FACE_BOUND('',#8452,.T.);
#8452 = EDGE_LOOP('',(#8453,#8454,#8455,#8461));
#8453 = ORIENTED_EDGE('',*,*,#8440,.F.);
#8454 = ORIENTED_EDGE('',*,*,#8353,.T.);
#8455 = ORIENTED_EDGE('',*,*,#8456,.T.);
#8456 = EDGE_CURVE('',#8354,#8241,#8457,.T.);
#8457 = LINE('',#8458,#8459);
#8458 = CARTESIAN_POINT('',(-217.75,-70.,94.));
#8459 = VECTOR('',#8460,1.);
#8460 = DIRECTION('',(0.,0.,1.));
#8461 = ORIENTED_EDGE('',*,*,#8240,.F.);
#8462 = PLANE('',#8463);
#8463 = AXIS2_PLACEMENT_3D('',#8464,#8465,#8466);
#8464 = CARTESIAN_POINT('',(-217.75,-90.,94.));
#8465 = DIRECTION('',(1.,0.,0.));
#8466 = DIRECTION('',(0.,0.,1.));
#8467 = ADVANCED_FACE('',(#8468),#8479,.F.);
#8468 = FACE_BOUND('',#8469,.F.);
#8469 = EDGE_LOOP('',(#8470,#8471,#8472,#8478));
#8470 = ORIENTED_EDGE('',*,*,#8433,.F.);
#8471 = ORIENTED_EDGE('',*,*,#8370,.T.);
#8472 = ORIENTED_EDGE('',*,*,#8473,.T.);
#8473 = EDGE_CURVE('',#8362,#8249,#8474,.T.);
#8474 = LINE('',#8475,#8476);
#8475 = CARTESIAN_POINT('',(-212.25,-70.,94.));
#8476 = VECTOR('',#8477,1.);
#8477 = DIRECTION('',(0.,0.,1.));
#8478 = ORIENTED_EDGE('',*,*,#8257,.F.);
#8479 = PLANE('',#8480);
#8480 = AXIS2_PLACEMENT_3D('',#8481,#8482,#8483);
#8481 = CARTESIAN_POINT('',(-212.25,-90.,94.));
#8482 = DIRECTION('',(1.,0.,0.));
#8483 = DIRECTION('',(0.,0.,1.));
#8484 = ADVANCED_FACE('',(#8485),#8491,.F.);
#8485 = FACE_BOUND('',#8486,.F.);
#8486 = EDGE_LOOP('',(#8487,#8488,#8489,#8490));
#8487 = ORIENTED_EDGE('',*,*,#8248,.F.);
#8488 = ORIENTED_EDGE('',*,*,#8473,.F.);
#8489 = ORIENTED_EDGE('',*,*,#8361,.T.);
#8490 = ORIENTED_EDGE('',*,*,#8456,.T.);
#8491 = CYLINDRICAL_SURFACE('',#8492,2.75);
#8492 = AXIS2_PLACEMENT_3D('',#8493,#8494,#8495);
#8493 = CARTESIAN_POINT('',(-215.,-70.,94.));
#8494 = DIRECTION('',(0.,0.,1.));
#8495 = DIRECTION('',(1.,0.,0.));
#8496 = ADVANCED_FACE('',(#8497),#8513,.F.);
#8497 = FACE_BOUND('',#8498,.F.);
#8498 = EDGE_LOOP('',(#8499,#8500,#8506,#8507));
#8499 = ORIENTED_EDGE('',*,*,#8378,.T.);
#8500 = ORIENTED_EDGE('',*,*,#8501,.T.);
#8501 = EDGE_CURVE('',#8381,#8268,#8502,.T.);
#8502 = LINE('',#8503,#8504);
#8503 = CARTESIAN_POINT('',(-142.25,-90.,94.));
#8504 = VECTOR('',#8505,1.);
#8505 = DIRECTION('',(0.,0.,1.));
#8506 = ORIENTED_EDGE('',*,*,#8265,.F.);
#8507 = ORIENTED_EDGE('',*,*,#8508,.F.);
#8508 = EDGE_CURVE('',#8379,#8266,#8509,.T.);
#8509 = LINE('',#8510,#8511);
#8510 = CARTESIAN_POINT('',(-147.75,-90.,94.));
#8511 = VECTOR('',#8512,1.);
#8512 = DIRECTION('',(0.,0.,1.));
#8513 = CYLINDRICAL_SURFACE('',#8514,2.75);
#8514 = AXIS2_PLACEMENT_3D('',#8515,#8516,#8517);
#8515 = CARTESIAN_POINT('',(-145.,-90.,94.));
#8516 = DIRECTION('',(0.,0.,1.));
#8517 = DIRECTION('',(1.,0.,0.));
#8518 = ADVANCED_FACE('',(#8519),#8530,.F.);
#8519 = FACE_BOUND('',#8520,.F.);
#8520 = EDGE_LOOP('',(#8521,#8522,#8523,#8529));
#8521 = ORIENTED_EDGE('',*,*,#8501,.F.);
#8522 = ORIENTED_EDGE('',*,*,#8406,.T.);
#8523 = ORIENTED_EDGE('',*,*,#8524,.T.);
#8524 = EDGE_CURVE('',#8398,#8285,#8525,.T.);
#8525 = LINE('',#8526,#8527);
#8526 = CARTESIAN_POINT('',(-142.25,-70.,94.));
#8527 = VECTOR('',#8528,1.);
#8528 = DIRECTION('',(0.,0.,1.));
#8529 = ORIENTED_EDGE('',*,*,#8293,.F.);
#8530 = PLANE('',#8531);
#8531 = AXIS2_PLACEMENT_3D('',#8532,#8533,#8534);
#8532 = CARTESIAN_POINT('',(-142.25,-90.,94.));
#8533 = DIRECTION('',(1.,0.,0.));
#8534 = DIRECTION('',(0.,0.,1.));
#8535 = ADVANCED_FACE('',(#8536),#8547,.F.);
#8536 = FACE_BOUND('',#8537,.F.);
#8537 = EDGE_LOOP('',(#8538,#8539,#8540,#8541));
#8538 = ORIENTED_EDGE('',*,*,#8284,.F.);
#8539 = ORIENTED_EDGE('',*,*,#8524,.F.);
#8540 = ORIENTED_EDGE('',*,*,#8397,.T.);
#8541 = ORIENTED_EDGE('',*,*,#8542,.T.);
#8542 = EDGE_CURVE('',#8390,#8277,#8543,.T.);
#8543 = LINE('',#8544,#8545);
#8544 = CARTESIAN_POINT('',(-147.75,-70.,94.));
#8545 = VECTOR('',#8546,1.);
#8546 = DIRECTION('',(0.,0.,1.));
#8547 = CYLINDRICAL_SURFACE('',#8548,2.75);
#8548 = AXIS2_PLACEMENT_3D('',#8549,#8550,#8551);
#8549 = CARTESIAN_POINT('',(-145.,-70.,94.));
#8550 = DIRECTION('',(0.,0.,1.));
#8551 = DIRECTION('',(1.,0.,0.));
#8552 = ADVANCED_FACE('',(#8553),#8559,.T.);
#8553 = FACE_BOUND('',#8554,.T.);
#8554 = EDGE_LOOP('',(#8555,#8556,#8557,#8558));
#8555 = ORIENTED_EDGE('',*,*,#8508,.F.);
#8556 = ORIENTED_EDGE('',*,*,#8389,.T.);
#8557 = ORIENTED_EDGE('',*,*,#8542,.T.);
#8558 = ORIENTED_EDGE('',*,*,#8276,.F.);
#8559 = PLANE('',#8560);
#8560 = AXIS2_PLACEMENT_3D('',#8561,#8562,#8563);
#8561 = CARTESIAN_POINT('',(-147.75,-90.,94.));
#8562 = DIRECTION('',(1.,0.,0.));
#8563 = DIRECTION('',(0.,0.,1.));
#8564 = MANIFOLD_SOLID_BREP('',#8565);
#8565 = CLOSED_SHELL('',(#8566,#8599,#8608));
#8566 = ADVANCED_FACE('',(#8567),#8594,.T.);
#8567 = FACE_BOUND('',#8568,.T.);
#8568 = EDGE_LOOP('',(#8569,#8578,#8586,#8593));
#8569 = ORIENTED_EDGE('',*,*,#8570,.F.);
#8570 = EDGE_CURVE('',#8571,#8571,#8573,.T.);
#8571 = VERTEX_POINT('',#8572);
#8572 = CARTESIAN_POINT('',(-146.25,-80.,107.));
#8573 = CIRCLE('',#8574,2.);
#8574 = AXIS2_PLACEMENT_3D('',#8575,#8576,#8577);
#8575 = CARTESIAN_POINT('',(-146.25,-80.,105.));
#8576 = DIRECTION('',(1.,0.,-0.));
#8577 = DIRECTION('',(0.,0.,1.));
#8578 = ORIENTED_EDGE('',*,*,#8579,.F.);
#8579 = EDGE_CURVE('',#8580,#8571,#8582,.T.);
#8580 = VERTEX_POINT('',#8581);
#8581 = CARTESIAN_POINT('',(-213.75,-80.,107.));
#8582 = LINE('',#8583,#8584);
#8583 = CARTESIAN_POINT('',(-213.75,-80.,107.));
#8584 = VECTOR('',#8585,1.);
#8585 = DIRECTION('',(1.,0.,0.));
#8586 = ORIENTED_EDGE('',*,*,#8587,.T.);
#8587 = EDGE_CURVE('',#8580,#8580,#8588,.T.);
#8588 = CIRCLE('',#8589,2.);
#8589 = AXIS2_PLACEMENT_3D('',#8590,#8591,#8592);
#8590 = CARTESIAN_POINT('',(-213.75,-80.,105.));
#8591 = DIRECTION('',(1.,0.,-0.));
#8592 = DIRECTION('',(0.,0.,1.));
#8593 = ORIENTED_EDGE('',*,*,#8579,.T.);
#8594 = CYLINDRICAL_SURFACE('',#8595,2.);
#8595 = AXIS2_PLACEMENT_3D('',#8596,#8597,#8598);
#8596 = CARTESIAN_POINT('',(-213.75,-80.,105.));
#8597 = DIRECTION('',(1.,0.,0.));
#8598 = DIRECTION('',(0.,0.,1.));
#8599 = ADVANCED_FACE('',(#8600),#8603,.T.);
#8600 = FACE_BOUND('',#8601,.T.);
#8601 = EDGE_LOOP('',(#8602));
#8602 = ORIENTED_EDGE('',*,*,#8570,.T.);
#8603 = PLANE('',#8604);
#8604 = AXIS2_PLACEMENT_3D('',#8605,#8606,#8607);
#8605 = CARTESIAN_POINT('',(-146.25,-80.,105.));
#8606 = DIRECTION('',(1.,0.,0.));
#8607 = DIRECTION('',(0.,0.,1.));
#8608 = ADVANCED_FACE('',(#8609),#8612,.F.);
#8609 = FACE_BOUND('',#8610,.T.);
#8610 = EDGE_LOOP('',(#8611));
#8611 = ORIENTED_EDGE('',*,*,#8587,.F.);
#8612 = PLANE('',#8613);
#8613 = AXIS2_PLACEMENT_3D('',#8614,#8615,#8616);
#8614 = CARTESIAN_POINT('',(-213.75,-80.,105.));
#8615 = DIRECTION('',(1.,0.,0.));
#8616 = DIRECTION('',(0.,0.,1.));
#8617 = MANIFOLD_SOLID_BREP('',#8618);
#8618 = CLOSED_SHELL('',(#8619,#8670,#8701,#8725,#8749,#8766,#8791));
#8619 = ADVANCED_FACE('',(#8620,#8654),#8665,.F.);
#8620 = FACE_BOUND('',#8621,.F.);
#8621 = EDGE_LOOP('',(#8622,#8632,#8640,#8648));
#8622 = ORIENTED_EDGE('',*,*,#8623,.F.);
#8623 = EDGE_CURVE('',#8624,#8626,#8628,.T.);
#8624 = VERTEX_POINT('',#8625);
#8625 = CARTESIAN_POINT('',(-212.75,-88.,100.));
#8626 = VERTEX_POINT('',#8627);
#8627 = CARTESIAN_POINT('',(-212.75,-88.,113.));
#8628 = LINE('',#8629,#8630);
#8629 = CARTESIAN_POINT('',(-212.75,-88.,100.));
#8630 = VECTOR('',#8631,1.);
#8631 = DIRECTION('',(0.,0.,1.));
#8632 = ORIENTED_EDGE('',*,*,#8633,.T.);
#8633 = EDGE_CURVE('',#8624,#8634,#8636,.T.);
#8634 = VERTEX_POINT('',#8635);
#8635 = CARTESIAN_POINT('',(-212.75,-72.,100.));
#8636 = LINE('',#8637,#8638);
#8637 = CARTESIAN_POINT('',(-212.75,-88.,100.));
#8638 = VECTOR('',#8639,1.);
#8639 = DIRECTION('',(0.,1.,0.));
#8640 = ORIENTED_EDGE('',*,*,#8641,.T.);
#8641 = EDGE_CURVE('',#8634,#8642,#8644,.T.);
#8642 = VERTEX_POINT('',#8643);
#8643 = CARTESIAN_POINT('',(-212.75,-72.,113.));
#8644 = LINE('',#8645,#8646);
#8645 = CARTESIAN_POINT('',(-212.75,-72.,100.));
#8646 = VECTOR('',#8647,1.);
#8647 = DIRECTION('',(0.,0.,1.));
#8648 = ORIENTED_EDGE('',*,*,#8649,.F.);
#8649 = EDGE_CURVE('',#8626,#8642,#8650,.T.);
#8650 = LINE('',#8651,#8652);
#8651 = CARTESIAN_POINT('',(-212.75,-88.,113.));
#8652 = VECTOR('',#8653,1.);
#8653 = DIRECTION('',(0.,1.,0.));
#8654 = FACE_BOUND('',#8655,.F.);
#8655 = EDGE_LOOP('',(#8656));
#8656 = ORIENTED_EDGE('',*,*,#8657,.F.);
#8657 = EDGE_CURVE('',#8658,#8658,#8660,.T.);
#8658 = VERTEX_POINT('',#8659);
#8659 = CARTESIAN_POINT('',(-212.75,-80.,107.1));
#8660 = CIRCLE('',#8661,2.1);
#8661 = AXIS2_PLACEMENT_3D('',#8662,#8663,#8664);
#8662 = CARTESIAN_POINT('',(-212.75,-80.,105.));
#8663 = DIRECTION('',(1.,0.,-0.));
#8664 = DIRECTION('',(0.,0.,1.));
#8665 = PLANE('',#8666);
#8666 = AXIS2_PLACEMENT_3D('',#8667,#8668,#8669);
#8667 = CARTESIAN_POINT('',(-212.75,-88.,100.));
#8668 = DIRECTION('',(1.,0.,0.));
#8669 = DIRECTION('',(0.,0.,1.));
#8670 = ADVANCED_FACE('',(#8671),#8696,.F.);
#8671 = FACE_BOUND('',#8672,.F.);
#8672 = EDGE_LOOP('',(#8673,#8681,#8682,#8690));
#8673 = ORIENTED_EDGE('',*,*,#8674,.F.);
#8674 = EDGE_CURVE('',#8624,#8675,#8677,.T.);
#8675 = VERTEX_POINT('',#8676);
#8676 = CARTESIAN_POINT('',(-204.75,-88.,100.));
#8677 = LINE('',#8678,#8679);
#8678 = CARTESIAN_POINT('',(-212.75,-88.,100.));
#8679 = VECTOR('',#8680,1.);
#8680 = DIRECTION('',(1.,0.,0.));
#8681 = ORIENTED_EDGE('',*,*,#8623,.T.);
#8682 = ORIENTED_EDGE('',*,*,#8683,.T.);
#8683 = EDGE_CURVE('',#8626,#8684,#8686,.T.);
#8684 = VERTEX_POINT('',#8685);
#8685 = CARTESIAN_POINT('',(-204.75,-88.,113.));
#8686 = LINE('',#8687,#8688);
#8687 = CARTESIAN_POINT('',(-212.75,-88.,113.));
#8688 = VECTOR('',#8689,1.);
#8689 = DIRECTION('',(1.,0.,0.));
#8690 = ORIENTED_EDGE('',*,*,#8691,.F.);
#8691 = EDGE_CURVE('',#8675,#8684,#8692,.T.);
#8692 = LINE('',#8693,#8694);
#8693 = CARTESIAN_POINT('',(-204.75,-88.,100.));
#8694 = VECTOR('',#8695,1.);
#8695 = DIRECTION('',(0.,0.,1.));
#8696 = PLANE('',#8697);
#8697 = AXIS2_PLACEMENT_3D('',#8698,#8699,#8700);
#8698 = CARTESIAN_POINT('',(-212.75,-88.,100.));
#8699 = DIRECTION('',(0.,1.,0.));
#8700 = DIRECTION('',(0.,0.,1.));
#8701 = ADVANCED_FACE('',(#8702),#8720,.T.);
#8702 = FACE_BOUND('',#8703,.T.);
#8703 = EDGE_LOOP('',(#8704,#8705,#8706,#8714));
#8704 = ORIENTED_EDGE('',*,*,#8649,.F.);
#8705 = ORIENTED_EDGE('',*,*,#8683,.T.);
#8706 = ORIENTED_EDGE('',*,*,#8707,.T.);
#8707 = EDGE_CURVE('',#8684,#8708,#8710,.T.);
#8708 = VERTEX_POINT('',#8709);
#8709 = CARTESIAN_POINT('',(-204.75,-72.,113.));
#8710 = LINE('',#8711,#8712);
#8711 = CARTESIAN_POINT('',(-204.75,-88.,113.));
#8712 = VECTOR('',#8713,1.);
#8713 = DIRECTION('',(0.,1.,0.));
#8714 = ORIENTED_EDGE('',*,*,#8715,.F.);
#8715 = EDGE_CURVE('',#8642,#8708,#8716,.T.);
#8716 = LINE('',#8717,#8718);
#8717 = CARTESIAN_POINT('',(-212.75,-72.,113.));
#8718 = VECTOR('',#8719,1.);
#8719 = DIRECTION('',(1.,0.,0.));
#8720 = PLANE('',#8721);
#8721 = AXIS2_PLACEMENT_3D('',#8722,#8723,#8724);
#8722 = CARTESIAN_POINT('',(-212.75,-88.,113.));
#8723 = DIRECTION('',(0.,0.,1.));
#8724 = DIRECTION('',(1.,0.,0.));
#8725 = ADVANCED_FACE('',(#8726),#8744,.F.);
#8726 = FACE_BOUND('',#8727,.F.);
#8727 = EDGE_LOOP('',(#8728,#8729,#8730,#8738));
#8728 = ORIENTED_EDGE('',*,*,#8633,.F.);
#8729 = ORIENTED_EDGE('',*,*,#8674,.T.);
#8730 = ORIENTED_EDGE('',*,*,#8731,.T.);
#8731 = EDGE_CURVE('',#8675,#8732,#8734,.T.);
#8732 = VERTEX_POINT('',#8733);
#8733 = CARTESIAN_POINT('',(-204.75,-72.,100.));
#8734 = LINE('',#8735,#8736);
#8735 = CARTESIAN_POINT('',(-204.75,-88.,100.));
#8736 = VECTOR('',#8737,1.);
#8737 = DIRECTION('',(0.,1.,0.));
#8738 = ORIENTED_EDGE('',*,*,#8739,.F.);
#8739 = EDGE_CURVE('',#8634,#8732,#8740,.T.);
#8740 = LINE('',#8741,#8742);
#8741 = CARTESIAN_POINT('',(-212.75,-72.,100.));
#8742 = VECTOR('',#8743,1.);
#8743 = DIRECTION('',(1.,0.,0.));
#8744 = PLANE('',#8745);
#8745 = AXIS2_PLACEMENT_3D('',#8746,#8747,#8748);
#8746 = CARTESIAN_POINT('',(-212.75,-88.,100.));
#8747 = DIRECTION('',(0.,0.,1.));
#8748 = DIRECTION('',(1.,0.,0.));
#8749 = ADVANCED_FACE('',(#8750),#8761,.T.);
#8750 = FACE_BOUND('',#8751,.T.);
#8751 = EDGE_LOOP('',(#8752,#8753,#8754,#8755));
#8752 = ORIENTED_EDGE('',*,*,#8739,.F.);
#8753 = ORIENTED_EDGE('',*,*,#8641,.T.);
#8754 = ORIENTED_EDGE('',*,*,#8715,.T.);
#8755 = ORIENTED_EDGE('',*,*,#8756,.F.);
#8756 = EDGE_CURVE('',#8732,#8708,#8757,.T.);
#8757 = LINE('',#8758,#8759);
#8758 = CARTESIAN_POINT('',(-204.75,-72.,100.));
#8759 = VECTOR('',#8760,1.);
#8760 = DIRECTION('',(0.,0.,1.));
#8761 = PLANE('',#8762);
#8762 = AXIS2_PLACEMENT_3D('',#8763,#8764,#8765);
#8763 = CARTESIAN_POINT('',(-212.75,-72.,100.));
#8764 = DIRECTION('',(0.,1.,0.));
#8765 = DIRECTION('',(0.,0.,1.));
#8766 = ADVANCED_FACE('',(#8767),#8786,.F.);
#8767 = FACE_BOUND('',#8768,.F.);
#8768 = EDGE_LOOP('',(#8769,#8778,#8784,#8785));
#8769 = ORIENTED_EDGE('',*,*,#8770,.F.);
#8770 = EDGE_CURVE('',#8771,#8771,#8773,.T.);
#8771 = VERTEX_POINT('',#8772);
#8772 = CARTESIAN_POINT('',(-204.75,-80.,107.1));
#8773 = CIRCLE('',#8774,2.1);
#8774 = AXIS2_PLACEMENT_3D('',#8775,#8776,#8777);
#8775 = CARTESIAN_POINT('',(-204.75,-80.,105.));
#8776 = DIRECTION('',(1.,0.,-0.));
#8777 = DIRECTION('',(0.,0.,1.));
#8778 = ORIENTED_EDGE('',*,*,#8779,.F.);
#8779 = EDGE_CURVE('',#8658,#8771,#8780,.T.);
#8780 = LINE('',#8781,#8782);
#8781 = CARTESIAN_POINT('',(-213.75,-80.,107.1));
#8782 = VECTOR('',#8783,1.);
#8783 = DIRECTION('',(1.,0.,0.));
#8784 = ORIENTED_EDGE('',*,*,#8657,.T.);
#8785 = ORIENTED_EDGE('',*,*,#8779,.T.);
#8786 = CYLINDRICAL_SURFACE('',#8787,2.1);
#8787 = AXIS2_PLACEMENT_3D('',#8788,#8789,#8790);
#8788 = CARTESIAN_POINT('',(-213.75,-80.,105.));
#8789 = DIRECTION('',(1.,0.,0.));
#8790 = DIRECTION('',(0.,0.,1.));
#8791 = ADVANCED_FACE('',(#8792,#8798),#8801,.T.);
#8792 = FACE_BOUND('',#8793,.T.);
#8793 = EDGE_LOOP('',(#8794,#8795,#8796,#8797));
#8794 = ORIENTED_EDGE('',*,*,#8691,.F.);
#8795 = ORIENTED_EDGE('',*,*,#8731,.T.);
#8796 = ORIENTED_EDGE('',*,*,#8756,.T.);
#8797 = ORIENTED_EDGE('',*,*,#8707,.F.);
#8798 = FACE_BOUND('',#8799,.T.);
#8799 = EDGE_LOOP('',(#8800));
#8800 = ORIENTED_EDGE('',*,*,#8770,.F.);
#8801 = PLANE('',#8802);
#8802 = AXIS2_PLACEMENT_3D('',#8803,#8804,#8805);
#8803 = CARTESIAN_POINT('',(-204.75,-88.,100.));
#8804 = DIRECTION('',(1.,0.,0.));
#8805 = DIRECTION('',(0.,0.,1.));
#8806 = MANIFOLD_SOLID_BREP('',#8807);
#8807 = CLOSED_SHELL('',(#8808,#8859,#8890,#8914,#8938,#8955,#8980));
#8808 = ADVANCED_FACE('',(#8809,#8843),#8854,.F.);
#8809 = FACE_BOUND('',#8810,.F.);
#8810 = EDGE_LOOP('',(#8811,#8821,#8829,#8837));
#8811 = ORIENTED_EDGE('',*,*,#8812,.F.);
#8812 = EDGE_CURVE('',#8813,#8815,#8817,.T.);
#8813 = VERTEX_POINT('',#8814);
#8814 = CARTESIAN_POINT('',(-155.25,-88.,100.));
#8815 = VERTEX_POINT('',#8816);
#8816 = CARTESIAN_POINT('',(-155.25,-88.,113.));
#8817 = LINE('',#8818,#8819);
#8818 = CARTESIAN_POINT('',(-155.25,-88.,100.));
#8819 = VECTOR('',#8820,1.);
#8820 = DIRECTION('',(0.,0.,1.));
#8821 = ORIENTED_EDGE('',*,*,#8822,.T.);
#8822 = EDGE_CURVE('',#8813,#8823,#8825,.T.);
#8823 = VERTEX_POINT('',#8824);
#8824 = CARTESIAN_POINT('',(-155.25,-72.,100.));
#8825 = LINE('',#8826,#8827);
#8826 = CARTESIAN_POINT('',(-155.25,-88.,100.));
#8827 = VECTOR('',#8828,1.);
#8828 = DIRECTION('',(0.,1.,0.));
#8829 = ORIENTED_EDGE('',*,*,#8830,.T.);
#8830 = EDGE_CURVE('',#8823,#8831,#8833,.T.);
#8831 = VERTEX_POINT('',#8832);
#8832 = CARTESIAN_POINT('',(-155.25,-72.,113.));
#8833 = LINE('',#8834,#8835);
#8834 = CARTESIAN_POINT('',(-155.25,-72.,100.));
#8835 = VECTOR('',#8836,1.);
#8836 = DIRECTION('',(0.,0.,1.));
#8837 = ORIENTED_EDGE('',*,*,#8838,.F.);
#8838 = EDGE_CURVE('',#8815,#8831,#8839,.T.);
#8839 = LINE('',#8840,#8841);
#8840 = CARTESIAN_POINT('',(-155.25,-88.,113.));
#8841 = VECTOR('',#8842,1.);
#8842 = DIRECTION('',(0.,1.,0.));
#8843 = FACE_BOUND('',#8844,.F.);
#8844 = EDGE_LOOP('',(#8845));
#8845 = ORIENTED_EDGE('',*,*,#8846,.F.);
#8846 = EDGE_CURVE('',#8847,#8847,#8849,.T.);
#8847 = VERTEX_POINT('',#8848);
#8848 = CARTESIAN_POINT('',(-155.25,-80.,107.1));
#8849 = CIRCLE('',#8850,2.1);
#8850 = AXIS2_PLACEMENT_3D('',#8851,#8852,#8853);
#8851 = CARTESIAN_POINT('',(-155.25,-80.,105.));
#8852 = DIRECTION('',(1.,0.,-0.));
#8853 = DIRECTION('',(0.,0.,1.));
#8854 = PLANE('',#8855);
#8855 = AXIS2_PLACEMENT_3D('',#8856,#8857,#8858);
#8856 = CARTESIAN_POINT('',(-155.25,-88.,100.));
#8857 = DIRECTION('',(1.,0.,0.));
#8858 = DIRECTION('',(0.,0.,1.));
#8859 = ADVANCED_FACE('',(#8860),#8885,.F.);
#8860 = FACE_BOUND('',#8861,.F.);
#8861 = EDGE_LOOP('',(#8862,#8870,#8871,#8879));
#8862 = ORIENTED_EDGE('',*,*,#8863,.F.);
#8863 = EDGE_CURVE('',#8813,#8864,#8866,.T.);
#8864 = VERTEX_POINT('',#8865);
#8865 = CARTESIAN_POINT('',(-147.25,-88.,100.));
#8866 = LINE('',#8867,#8868);
#8867 = CARTESIAN_POINT('',(-155.25,-88.,100.));
#8868 = VECTOR('',#8869,1.);
#8869 = DIRECTION('',(1.,0.,0.));
#8870 = ORIENTED_EDGE('',*,*,#8812,.T.);
#8871 = ORIENTED_EDGE('',*,*,#8872,.T.);
#8872 = EDGE_CURVE('',#8815,#8873,#8875,.T.);
#8873 = VERTEX_POINT('',#8874);
#8874 = CARTESIAN_POINT('',(-147.25,-88.,113.));
#8875 = LINE('',#8876,#8877);
#8876 = CARTESIAN_POINT('',(-155.25,-88.,113.));
#8877 = VECTOR('',#8878,1.);
#8878 = DIRECTION('',(1.,0.,0.));
#8879 = ORIENTED_EDGE('',*,*,#8880,.F.);
#8880 = EDGE_CURVE('',#8864,#8873,#8881,.T.);
#8881 = LINE('',#8882,#8883);
#8882 = CARTESIAN_POINT('',(-147.25,-88.,100.));
#8883 = VECTOR('',#8884,1.);
#8884 = DIRECTION('',(0.,0.,1.));
#8885 = PLANE('',#8886);
#8886 = AXIS2_PLACEMENT_3D('',#8887,#8888,#8889);
#8887 = CARTESIAN_POINT('',(-155.25,-88.,100.));
#8888 = DIRECTION('',(0.,1.,0.));
#8889 = DIRECTION('',(0.,0.,1.));
#8890 = ADVANCED_FACE('',(#8891),#8909,.T.);
#8891 = FACE_BOUND('',#8892,.T.);
#8892 = EDGE_LOOP('',(#8893,#8894,#8895,#8903));
#8893 = ORIENTED_EDGE('',*,*,#8838,.F.);
#8894 = ORIENTED_EDGE('',*,*,#8872,.T.);
#8895 = ORIENTED_EDGE('',*,*,#8896,.T.);
#8896 = EDGE_CURVE('',#8873,#8897,#8899,.T.);
#8897 = VERTEX_POINT('',#8898);
#8898 = CARTESIAN_POINT('',(-147.25,-72.,113.));
#8899 = LINE('',#8900,#8901);
#8900 = CARTESIAN_POINT('',(-147.25,-88.,113.));
#8901 = VECTOR('',#8902,1.);
#8902 = DIRECTION('',(0.,1.,0.));
#8903 = ORIENTED_EDGE('',*,*,#8904,.F.);
#8904 = EDGE_CURVE('',#8831,#8897,#8905,.T.);
#8905 = LINE('',#8906,#8907);
#8906 = CARTESIAN_POINT('',(-155.25,-72.,113.));
#8907 = VECTOR('',#8908,1.);
#8908 = DIRECTION('',(1.,0.,0.));
#8909 = PLANE('',#8910);
#8910 = AXIS2_PLACEMENT_3D('',#8911,#8912,#8913);
#8911 = CARTESIAN_POINT('',(-155.25,-88.,113.));
#8912 = DIRECTION('',(0.,0.,1.));
#8913 = DIRECTION('',(1.,0.,0.));
#8914 = ADVANCED_FACE('',(#8915),#8933,.F.);
#8915 = FACE_BOUND('',#8916,.F.);
#8916 = EDGE_LOOP('',(#8917,#8918,#8919,#8927));
#8917 = ORIENTED_EDGE('',*,*,#8822,.F.);
#8918 = ORIENTED_EDGE('',*,*,#8863,.T.);
#8919 = ORIENTED_EDGE('',*,*,#8920,.T.);
#8920 = EDGE_CURVE('',#8864,#8921,#8923,.T.);
#8921 = VERTEX_POINT('',#8922);
#8922 = CARTESIAN_POINT('',(-147.25,-72.,100.));
#8923 = LINE('',#8924,#8925);
#8924 = CARTESIAN_POINT('',(-147.25,-88.,100.));
#8925 = VECTOR('',#8926,1.);
#8926 = DIRECTION('',(0.,1.,0.));
#8927 = ORIENTED_EDGE('',*,*,#8928,.F.);
#8928 = EDGE_CURVE('',#8823,#8921,#8929,.T.);
#8929 = LINE('',#8930,#8931);
#8930 = CARTESIAN_POINT('',(-155.25,-72.,100.));
#8931 = VECTOR('',#8932,1.);
#8932 = DIRECTION('',(1.,0.,0.));
#8933 = PLANE('',#8934);
#8934 = AXIS2_PLACEMENT_3D('',#8935,#8936,#8937);
#8935 = CARTESIAN_POINT('',(-155.25,-88.,100.));
#8936 = DIRECTION('',(0.,0.,1.));
#8937 = DIRECTION('',(1.,0.,0.));
#8938 = ADVANCED_FACE('',(#8939),#8950,.T.);
#8939 = FACE_BOUND('',#8940,.T.);
#8940 = EDGE_LOOP('',(#8941,#8942,#8943,#8944));
#8941 = ORIENTED_EDGE('',*,*,#8928,.F.);
#8942 = ORIENTED_EDGE('',*,*,#8830,.T.);
#8943 = ORIENTED_EDGE('',*,*,#8904,.T.);
#8944 = ORIENTED_EDGE('',*,*,#8945,.F.);
#8945 = EDGE_CURVE('',#8921,#8897,#8946,.T.);
#8946 = LINE('',#8947,#8948);
#8947 = CARTESIAN_POINT('',(-147.25,-72.,100.));
#8948 = VECTOR('',#8949,1.);
#8949 = DIRECTION('',(0.,0.,1.));
#8950 = PLANE('',#8951);
#8951 = AXIS2_PLACEMENT_3D('',#8952,#8953,#8954);
#8952 = CARTESIAN_POINT('',(-155.25,-72.,100.));
#8953 = DIRECTION('',(0.,1.,0.));
#8954 = DIRECTION('',(0.,0.,1.));
#8955 = ADVANCED_FACE('',(#8956),#8975,.F.);
#8956 = FACE_BOUND('',#8957,.F.);
#8957 = EDGE_LOOP('',(#8958,#8967,#8973,#8974));
#8958 = ORIENTED_EDGE('',*,*,#8959,.F.);
#8959 = EDGE_CURVE('',#8960,#8960,#8962,.T.);
#8960 = VERTEX_POINT('',#8961);
#8961 = CARTESIAN_POINT('',(-147.25,-80.,107.1));
#8962 = CIRCLE('',#8963,2.1);
#8963 = AXIS2_PLACEMENT_3D('',#8964,#8965,#8966);
#8964 = CARTESIAN_POINT('',(-147.25,-80.,105.));
#8965 = DIRECTION('',(1.,0.,-0.));
#8966 = DIRECTION('',(0.,0.,1.));
#8967 = ORIENTED_EDGE('',*,*,#8968,.F.);
#8968 = EDGE_CURVE('',#8847,#8960,#8969,.T.);
#8969 = LINE('',#8970,#8971);
#8970 = CARTESIAN_POINT('',(-156.25,-80.,107.1));
#8971 = VECTOR('',#8972,1.);
#8972 = DIRECTION('',(1.,0.,0.));
#8973 = ORIENTED_EDGE('',*,*,#8846,.T.);
#8974 = ORIENTED_EDGE('',*,*,#8968,.T.);
#8975 = CYLINDRICAL_SURFACE('',#8976,2.1);
#8976 = AXIS2_PLACEMENT_3D('',#8977,#8978,#8979);
#8977 = CARTESIAN_POINT('',(-156.25,-80.,105.));
#8978 = DIRECTION('',(1.,0.,0.));
#8979 = DIRECTION('',(0.,0.,1.));
#8980 = ADVANCED_FACE('',(#8981,#8987),#8990,.T.);
#8981 = FACE_BOUND('',#8982,.T.);
#8982 = EDGE_LOOP('',(#8983,#8984,#8985,#8986));
#8983 = ORIENTED_EDGE('',*,*,#8880,.F.);
#8984 = ORIENTED_EDGE('',*,*,#8920,.T.);
#8985 = ORIENTED_EDGE('',*,*,#8945,.T.);
#8986 = ORIENTED_EDGE('',*,*,#8896,.F.);
#8987 = FACE_BOUND('',#8988,.T.);
#8988 = EDGE_LOOP('',(#8989));
#8989 = ORIENTED_EDGE('',*,*,#8959,.F.);
#8990 = PLANE('',#8991);
#8991 = AXIS2_PLACEMENT_3D('',#8992,#8993,#8994);
#8992 = CARTESIAN_POINT('',(-147.25,-88.,100.));
#8993 = DIRECTION('',(1.,0.,0.));
#8994 = DIRECTION('',(0.,0.,1.));
#8995 = MANIFOLD_SOLID_BREP('',#8996);
#8996 = CLOSED_SHELL('',(#8997,#9030,#9039));
#8997 = ADVANCED_FACE('',(#8998),#9025,.T.);
#8998 = FACE_BOUND('',#8999,.T.);
#8999 = EDGE_LOOP('',(#9000,#9009,#9017,#9024));
#9000 = ORIENTED_EDGE('',*,*,#9001,.F.);
#9001 = EDGE_CURVE('',#9002,#9002,#9004,.T.);
#9002 = VERTEX_POINT('',#9003);
#9003 = CARTESIAN_POINT('',(-180.,-162.8493014913,59.986188315282));
#9004 = CIRCLE('',#9005,5.);
#9005 = AXIS2_PLACEMENT_3D('',#9006,#9007,#9008);
#9006 = CARTESIAN_POINT('',(-180.,-165.,64.5));
#9007 = DIRECTION('',(0.256626311645,-0.872529459594,-0.415734624865));
#9008 = DIRECTION('',(8.16676349121E-18,0.43013970172,-0.902762336944));
#9009 = ORIENTED_EDGE('',*,*,#9010,.F.);
#9010 = EDGE_CURVE('',#9011,#9002,#9013,.T.);
#9011 = VERTEX_POINT('',#9012);
#9012 = CARTESIAN_POINT('',(-205.,-77.84930149139,100.48618831528));
#9013 = LINE('',#9014,#9015);
#9014 = CARTESIAN_POINT('',(-205.,-77.84930149139,100.48618831528));
#9015 = VECTOR('',#9016,1.);
#9016 = DIRECTION('',(0.256626311645,-0.872529459594,-0.415734624865));
#9017 = ORIENTED_EDGE('',*,*,#9018,.T.);
#9018 = EDGE_CURVE('',#9011,#9011,#9019,.T.);
#9019 = CIRCLE('',#9020,5.);
#9020 = AXIS2_PLACEMENT_3D('',#9021,#9022,#9023);
#9021 = CARTESIAN_POINT('',(-205.,-80.,105.));
#9022 = DIRECTION('',(0.256626311645,-0.872529459594,-0.415734624865));
#9023 = DIRECTION('',(8.16676349121E-18,0.43013970172,-0.902762336944));
#9024 = ORIENTED_EDGE('',*,*,#9010,.T.);
#9025 = CYLINDRICAL_SURFACE('',#9026,5.);
#9026 = AXIS2_PLACEMENT_3D('',#9027,#9028,#9029);
#9027 = CARTESIAN_POINT('',(-205.,-80.,105.));
#9028 = DIRECTION('',(0.256626311645,-0.872529459594,-0.415734624865));
#9029 = DIRECTION('',(-5.711024316605E-18,0.43013970172,-0.902762336944)
  );
#9030 = ADVANCED_FACE('',(#9031),#9034,.T.);
#9031 = FACE_BOUND('',#9032,.T.);
#9032 = EDGE_LOOP('',(#9033));
#9033 = ORIENTED_EDGE('',*,*,#9001,.T.);
#9034 = PLANE('',#9035);
#9035 = AXIS2_PLACEMENT_3D('',#9036,#9037,#9038);
#9036 = CARTESIAN_POINT('',(-180.,-165.,64.5));
#9037 = DIRECTION('',(0.256626311645,-0.872529459594,-0.415734624865));
#9038 = DIRECTION('',(-5.711024316605E-18,0.43013970172,-0.902762336944)
  );
#9039 = ADVANCED_FACE('',(#9040),#9043,.F.);
#9040 = FACE_BOUND('',#9041,.T.);
#9041 = EDGE_LOOP('',(#9042));
#9042 = ORIENTED_EDGE('',*,*,#9018,.F.);
#9043 = PLANE('',#9044);
#9044 = AXIS2_PLACEMENT_3D('',#9045,#9046,#9047);
#9045 = CARTESIAN_POINT('',(-205.,-80.,105.));
#9046 = DIRECTION('',(0.256626311645,-0.872529459594,-0.415734624865));
#9047 = DIRECTION('',(-5.711024316605E-18,0.43013970172,-0.902762336944)
  );
#9048 = MANIFOLD_SOLID_BREP('',#9049);
#9049 = CLOSED_SHELL('',(#9050,#9083,#9092));
#9050 = ADVANCED_FACE('',(#9051),#9078,.T.);
#9051 = FACE_BOUND('',#9052,.T.);
#9052 = EDGE_LOOP('',(#9053,#9062,#9070,#9077));
#9053 = ORIENTED_EDGE('',*,*,#9054,.F.);
#9054 = EDGE_CURVE('',#9055,#9055,#9057,.T.);
#9055 = VERTEX_POINT('',#9056);
#9056 = CARTESIAN_POINT('',(-180.,-162.8493014913,59.986188315282));
#9057 = CIRCLE('',#9058,5.);
#9058 = AXIS2_PLACEMENT_3D('',#9059,#9060,#9061);
#9059 = CARTESIAN_POINT('',(-180.,-165.,64.5));
#9060 = DIRECTION('',(-0.256626311645,-0.872529459594,-0.415734624865));
#9061 = DIRECTION('',(-8.16676349121E-18,0.43013970172,-0.902762336944)
  );
#9062 = ORIENTED_EDGE('',*,*,#9063,.F.);
#9063 = EDGE_CURVE('',#9064,#9055,#9066,.T.);
#9064 = VERTEX_POINT('',#9065);
#9065 = CARTESIAN_POINT('',(-155.,-77.84930149139,100.48618831528));
#9066 = LINE('',#9067,#9068);
#9067 = CARTESIAN_POINT('',(-155.,-77.84930149139,100.48618831528));
#9068 = VECTOR('',#9069,1.);
#9069 = DIRECTION('',(-0.256626311645,-0.872529459594,-0.415734624865));
#9070 = ORIENTED_EDGE('',*,*,#9071,.T.);
#9071 = EDGE_CURVE('',#9064,#9064,#9072,.T.);
#9072 = CIRCLE('',#9073,5.);
#9073 = AXIS2_PLACEMENT_3D('',#9074,#9075,#9076);
#9074 = CARTESIAN_POINT('',(-155.,-80.,105.));
#9075 = DIRECTION('',(-0.256626311645,-0.872529459594,-0.415734624865));
#9076 = DIRECTION('',(-8.16676349121E-18,0.43013970172,-0.902762336944)
  );
#9077 = ORIENTED_EDGE('',*,*,#9063,.T.);
#9078 = CYLINDRICAL_SURFACE('',#9079,5.);
#9079 = AXIS2_PLACEMENT_3D('',#9080,#9081,#9082);
#9080 = CARTESIAN_POINT('',(-155.,-80.,105.));
#9081 = DIRECTION('',(-0.256626311645,-0.872529459594,-0.415734624865));
#9082 = DIRECTION('',(5.711024316605E-18,0.43013970172,-0.902762336944)
  );
#9083 = ADVANCED_FACE('',(#9084),#9087,.T.);
#9084 = FACE_BOUND('',#9085,.T.);
#9085 = EDGE_LOOP('',(#9086));
#9086 = ORIENTED_EDGE('',*,*,#9054,.T.);
#9087 = PLANE('',#9088);
#9088 = AXIS2_PLACEMENT_3D('',#9089,#9090,#9091);
#9089 = CARTESIAN_POINT('',(-180.,-165.,64.5));
#9090 = DIRECTION('',(-0.256626311645,-0.872529459594,-0.415734624865));
#9091 = DIRECTION('',(5.711024316605E-18,0.43013970172,-0.902762336944)
  );
#9092 = ADVANCED_FACE('',(#9093),#9096,.F.);
#9093 = FACE_BOUND('',#9094,.T.);
#9094 = EDGE_LOOP('',(#9095));
#9095 = ORIENTED_EDGE('',*,*,#9071,.F.);
#9096 = PLANE('',#9097);
#9097 = AXIS2_PLACEMENT_3D('',#9098,#9099,#9100);
#9098 = CARTESIAN_POINT('',(-155.,-80.,105.));
#9099 = DIRECTION('',(-0.256626311645,-0.872529459594,-0.415734624865));
#9100 = DIRECTION('',(5.711024316605E-18,0.43013970172,-0.902762336944)
  );
#9101 = MANIFOLD_SOLID_BREP('',#9102);
#9102 = CLOSED_SHELL('',(#9103,#9136,#9145));
#9103 = ADVANCED_FACE('',(#9104),#9131,.T.);
#9104 = FACE_BOUND('',#9105,.T.);
#9105 = EDGE_LOOP('',(#9106,#9115,#9123,#9130));
#9106 = ORIENTED_EDGE('',*,*,#9107,.F.);
#9107 = EDGE_CURVE('',#9108,#9108,#9110,.T.);
#9108 = VERTEX_POINT('',#9109);
#9109 = CARTESIAN_POINT('',(-180.,-164.0481254868,107.68830475381));
#9110 = CIRCLE('',#9111,2.5);
#9111 = AXIS2_PLACEMENT_3D('',#9112,#9113,#9114);
#9112 = CARTESIAN_POINT('',(-180.,-165.,110.));
#9113 = DIRECTION('',(0.,-0.924678098475,-0.380749805254));
#9114 = DIRECTION('',(0.,0.380749805254,-0.924678098475));
#9115 = ORIENTED_EDGE('',*,*,#9116,.F.);
#9116 = EDGE_CURVE('',#9117,#9108,#9119,.T.);
#9117 = VERTEX_POINT('',#9118);
#9118 = CARTESIAN_POINT('',(-180.,-79.04812548686,142.68830475381));
#9119 = LINE('',#9120,#9121);
#9120 = CARTESIAN_POINT('',(-180.,-79.04812548686,142.68830475381));
#9121 = VECTOR('',#9122,1.);
#9122 = DIRECTION('',(-6.879213202477E-33,-0.924678098475,
    -0.380749805254));
#9123 = ORIENTED_EDGE('',*,*,#9124,.T.);
#9124 = EDGE_CURVE('',#9117,#9117,#9125,.T.);
#9125 = CIRCLE('',#9126,2.5);
#9126 = AXIS2_PLACEMENT_3D('',#9127,#9128,#9129);
#9127 = CARTESIAN_POINT('',(-180.,-80.,145.));
#9128 = DIRECTION('',(0.,-0.924678098475,-0.380749805254));
#9129 = DIRECTION('',(0.,0.380749805254,-0.924678098475));
#9130 = ORIENTED_EDGE('',*,*,#9116,.T.);
#9131 = CYLINDRICAL_SURFACE('',#9132,2.5);
#9132 = AXIS2_PLACEMENT_3D('',#9133,#9134,#9135);
#9133 = CARTESIAN_POINT('',(-180.,-80.,145.));
#9134 = DIRECTION('',(0.,-0.924678098475,-0.380749805254));
#9135 = DIRECTION('',(0.,0.380749805254,-0.924678098475));
#9136 = ADVANCED_FACE('',(#9137),#9140,.T.);
#9137 = FACE_BOUND('',#9138,.T.);
#9138 = EDGE_LOOP('',(#9139));
#9139 = ORIENTED_EDGE('',*,*,#9107,.T.);
#9140 = PLANE('',#9141);
#9141 = AXIS2_PLACEMENT_3D('',#9142,#9143,#9144);
#9142 = CARTESIAN_POINT('',(-180.,-165.,110.));
#9143 = DIRECTION('',(0.,-0.924678098475,-0.380749805254));
#9144 = DIRECTION('',(0.,0.380749805254,-0.924678098475));
#9145 = ADVANCED_FACE('',(#9146),#9149,.F.);
#9146 = FACE_BOUND('',#9147,.T.);
#9147 = EDGE_LOOP('',(#9148));
#9148 = ORIENTED_EDGE('',*,*,#9124,.F.);
#9149 = PLANE('',#9150);
#9150 = AXIS2_PLACEMENT_3D('',#9151,#9152,#9153);
#9151 = CARTESIAN_POINT('',(-180.,-80.,145.));
#9152 = DIRECTION('',(0.,-0.924678098475,-0.380749805254));
#9153 = DIRECTION('',(0.,0.380749805254,-0.924678098475));
#9154 = MANIFOLD_SOLID_BREP('',#9155);
#9155 = CLOSED_SHELL('',(#9156,#9196,#9238,#9262,#9297,#9314,#9326));
#9156 = ADVANCED_FACE('',(#9157),#9191,.F.);
#9157 = FACE_BOUND('',#9158,.F.);
#9158 = EDGE_LOOP('',(#9159,#9169,#9177,#9185));
#9159 = ORIENTED_EDGE('',*,*,#9160,.F.);
#9160 = EDGE_CURVE('',#9161,#9163,#9165,.T.);
#9161 = VERTEX_POINT('',#9162);
#9162 = CARTESIAN_POINT('',(-192.,-173.,64.5));
#9163 = VERTEX_POINT('',#9164);
#9164 = CARTESIAN_POINT('',(-192.,-173.,109.5));
#9165 = LINE('',#9166,#9167);
#9166 = CARTESIAN_POINT('',(-192.,-173.,64.5));
#9167 = VECTOR('',#9168,1.);
#9168 = DIRECTION('',(0.,0.,1.));
#9169 = ORIENTED_EDGE('',*,*,#9170,.T.);
#9170 = EDGE_CURVE('',#9161,#9171,#9173,.T.);
#9171 = VERTEX_POINT('',#9172);
#9172 = CARTESIAN_POINT('',(-192.,-157.,64.5));
#9173 = LINE('',#9174,#9175);
#9174 = CARTESIAN_POINT('',(-192.,-173.,64.5));
#9175 = VECTOR('',#9176,1.);
#9176 = DIRECTION('',(0.,1.,0.));
#9177 = ORIENTED_EDGE('',*,*,#9178,.T.);
#9178 = EDGE_CURVE('',#9171,#9179,#9181,.T.);
#9179 = VERTEX_POINT('',#9180);
#9180 = CARTESIAN_POINT('',(-192.,-157.,109.5));
#9181 = LINE('',#9182,#9183);
#9182 = CARTESIAN_POINT('',(-192.,-157.,64.5));
#9183 = VECTOR('',#9184,1.);
#9184 = DIRECTION('',(0.,0.,1.));
#9185 = ORIENTED_EDGE('',*,*,#9186,.F.);
#9186 = EDGE_CURVE('',#9163,#9179,#9187,.T.);
#9187 = LINE('',#9188,#9189);
#9188 = CARTESIAN_POINT('',(-192.,-173.,109.5));
#9189 = VECTOR('',#9190,1.);
#9190 = DIRECTION('',(0.,1.,0.));
#9191 = PLANE('',#9192);
#9192 = AXIS2_PLACEMENT_3D('',#9193,#9194,#9195);
#9193 = CARTESIAN_POINT('',(-192.,-173.,64.5));
#9194 = DIRECTION('',(1.,0.,0.));
#9195 = DIRECTION('',(0.,0.,1.));
#9196 = ADVANCED_FACE('',(#9197,#9222),#9233,.F.);
#9197 = FACE_BOUND('',#9198,.F.);
#9198 = EDGE_LOOP('',(#9199,#9207,#9208,#9216));
#9199 = ORIENTED_EDGE('',*,*,#9200,.F.);
#9200 = EDGE_CURVE('',#9161,#9201,#9203,.T.);
#9201 = VERTEX_POINT('',#9202);
#9202 = CARTESIAN_POINT('',(-168.,-173.,64.5));
#9203 = LINE('',#9204,#9205);
#9204 = CARTESIAN_POINT('',(-192.,-173.,64.5));
#9205 = VECTOR('',#9206,1.);
#9206 = DIRECTION('',(1.,0.,0.));
#9207 = ORIENTED_EDGE('',*,*,#9160,.T.);
#9208 = ORIENTED_EDGE('',*,*,#9209,.T.);
#9209 = EDGE_CURVE('',#9163,#9210,#9212,.T.);
#9210 = VERTEX_POINT('',#9211);
#9211 = CARTESIAN_POINT('',(-168.,-173.,109.5));
#9212 = LINE('',#9213,#9214);
#9213 = CARTESIAN_POINT('',(-192.,-173.,109.5));
#9214 = VECTOR('',#9215,1.);
#9215 = DIRECTION('',(1.,0.,0.));
#9216 = ORIENTED_EDGE('',*,*,#9217,.F.);
#9217 = EDGE_CURVE('',#9201,#9210,#9218,.T.);
#9218 = LINE('',#9219,#9220);
#9219 = CARTESIAN_POINT('',(-168.,-173.,64.5));
#9220 = VECTOR('',#9221,1.);
#9221 = DIRECTION('',(0.,0.,1.));
#9222 = FACE_BOUND('',#9223,.F.);
#9223 = EDGE_LOOP('',(#9224));
#9224 = ORIENTED_EDGE('',*,*,#9225,.T.);
#9225 = EDGE_CURVE('',#9226,#9226,#9228,.T.);
#9226 = VERTEX_POINT('',#9227);
#9227 = CARTESIAN_POINT('',(-180.,-173.,73.5));
#9228 = CIRCLE('',#9229,11.);
#9229 = AXIS2_PLACEMENT_3D('',#9230,#9231,#9232);
#9230 = CARTESIAN_POINT('',(-180.,-173.,84.5));
#9231 = DIRECTION('',(0.,-1.,0.));
#9232 = DIRECTION('',(0.,0.,-1.));
#9233 = PLANE('',#9234);
#9234 = AXIS2_PLACEMENT_3D('',#9235,#9236,#9237);
#9235 = CARTESIAN_POINT('',(-192.,-173.,64.5));
#9236 = DIRECTION('',(0.,1.,0.));
#9237 = DIRECTION('',(0.,0.,1.));
#9238 = ADVANCED_FACE('',(#9239),#9257,.T.);
#9239 = FACE_BOUND('',#9240,.T.);
#9240 = EDGE_LOOP('',(#9241,#9242,#9243,#9251));
#9241 = ORIENTED_EDGE('',*,*,#9186,.F.);
#9242 = ORIENTED_EDGE('',*,*,#9209,.T.);
#9243 = ORIENTED_EDGE('',*,*,#9244,.T.);
#9244 = EDGE_CURVE('',#9210,#9245,#9247,.T.);
#9245 = VERTEX_POINT('',#9246);
#9246 = CARTESIAN_POINT('',(-168.,-157.,109.5));
#9247 = LINE('',#9248,#9249);
#9248 = CARTESIAN_POINT('',(-168.,-173.,109.5));
#9249 = VECTOR('',#9250,1.);
#9250 = DIRECTION('',(0.,1.,0.));
#9251 = ORIENTED_EDGE('',*,*,#9252,.F.);
#9252 = EDGE_CURVE('',#9179,#9245,#9253,.T.);
#9253 = LINE('',#9254,#9255);
#9254 = CARTESIAN_POINT('',(-192.,-157.,109.5));
#9255 = VECTOR('',#9256,1.);
#9256 = DIRECTION('',(1.,0.,0.));
#9257 = PLANE('',#9258);
#9258 = AXIS2_PLACEMENT_3D('',#9259,#9260,#9261);
#9259 = CARTESIAN_POINT('',(-192.,-173.,109.5));
#9260 = DIRECTION('',(0.,0.,1.));
#9261 = DIRECTION('',(1.,0.,0.));
#9262 = ADVANCED_FACE('',(#9263,#9281),#9292,.T.);
#9263 = FACE_BOUND('',#9264,.T.);
#9264 = EDGE_LOOP('',(#9265,#9273,#9274,#9275));
#9265 = ORIENTED_EDGE('',*,*,#9266,.F.);
#9266 = EDGE_CURVE('',#9171,#9267,#9269,.T.);
#9267 = VERTEX_POINT('',#9268);
#9268 = CARTESIAN_POINT('',(-168.,-157.,64.5));
#9269 = LINE('',#9270,#9271);
#9270 = CARTESIAN_POINT('',(-192.,-157.,64.5));
#9271 = VECTOR('',#9272,1.);
#9272 = DIRECTION('',(1.,0.,0.));
#9273 = ORIENTED_EDGE('',*,*,#9178,.T.);
#9274 = ORIENTED_EDGE('',*,*,#9252,.T.);
#9275 = ORIENTED_EDGE('',*,*,#9276,.F.);
#9276 = EDGE_CURVE('',#9267,#9245,#9277,.T.);
#9277 = LINE('',#9278,#9279);
#9278 = CARTESIAN_POINT('',(-168.,-157.,64.5));
#9279 = VECTOR('',#9280,1.);
#9280 = DIRECTION('',(0.,0.,1.));
#9281 = FACE_BOUND('',#9282,.T.);
#9282 = EDGE_LOOP('',(#9283));
#9283 = ORIENTED_EDGE('',*,*,#9284,.T.);
#9284 = EDGE_CURVE('',#9285,#9285,#9287,.T.);
#9285 = VERTEX_POINT('',#9286);
#9286 = CARTESIAN_POINT('',(-180.,-157.,73.5));
#9287 = CIRCLE('',#9288,11.);
#9288 = AXIS2_PLACEMENT_3D('',#9289,#9290,#9291);
#9289 = CARTESIAN_POINT('',(-180.,-157.,84.5));
#9290 = DIRECTION('',(0.,-1.,0.));
#9291 = DIRECTION('',(0.,0.,-1.));
#9292 = PLANE('',#9293);
#9293 = AXIS2_PLACEMENT_3D('',#9294,#9295,#9296);
#9294 = CARTESIAN_POINT('',(-192.,-157.,64.5));
#9295 = DIRECTION('',(0.,1.,0.));
#9296 = DIRECTION('',(0.,0.,1.));
#9297 = ADVANCED_FACE('',(#9298),#9309,.F.);
#9298 = FACE_BOUND('',#9299,.F.);
#9299 = EDGE_LOOP('',(#9300,#9301,#9302,#9308));
#9300 = ORIENTED_EDGE('',*,*,#9170,.F.);
#9301 = ORIENTED_EDGE('',*,*,#9200,.T.);
#9302 = ORIENTED_EDGE('',*,*,#9303,.T.);
#9303 = EDGE_CURVE('',#9201,#9267,#9304,.T.);
#9304 = LINE('',#9305,#9306);
#9305 = CARTESIAN_POINT('',(-168.,-173.,64.5));
#9306 = VECTOR('',#9307,1.);
#9307 = DIRECTION('',(0.,1.,0.));
#9308 = ORIENTED_EDGE('',*,*,#9266,.F.);
#9309 = PLANE('',#9310);
#9310 = AXIS2_PLACEMENT_3D('',#9311,#9312,#9313);
#9311 = CARTESIAN_POINT('',(-192.,-173.,64.5));
#9312 = DIRECTION('',(0.,0.,1.));
#9313 = DIRECTION('',(1.,0.,0.));
#9314 = ADVANCED_FACE('',(#9315),#9321,.T.);
#9315 = FACE_BOUND('',#9316,.T.);
#9316 = EDGE_LOOP('',(#9317,#9318,#9319,#9320));
#9317 = ORIENTED_EDGE('',*,*,#9217,.F.);
#9318 = ORIENTED_EDGE('',*,*,#9303,.T.);
#9319 = ORIENTED_EDGE('',*,*,#9276,.T.);
#9320 = ORIENTED_EDGE('',*,*,#9244,.F.);
#9321 = PLANE('',#9322);
#9322 = AXIS2_PLACEMENT_3D('',#9323,#9324,#9325);
#9323 = CARTESIAN_POINT('',(-168.,-173.,64.5));
#9324 = DIRECTION('',(1.,0.,0.));
#9325 = DIRECTION('',(0.,0.,1.));
#9326 = ADVANCED_FACE('',(#9327),#9338,.F.);
#9327 = FACE_BOUND('',#9328,.F.);
#9328 = EDGE_LOOP('',(#9329,#9330,#9336,#9337));
#9329 = ORIENTED_EDGE('',*,*,#9225,.F.);
#9330 = ORIENTED_EDGE('',*,*,#9331,.F.);
#9331 = EDGE_CURVE('',#9285,#9226,#9332,.T.);
#9332 = LINE('',#9333,#9334);
#9333 = CARTESIAN_POINT('',(-180.,-150.,73.5));
#9334 = VECTOR('',#9335,1.);
#9335 = DIRECTION('',(0.,-1.,0.));
#9336 = ORIENTED_EDGE('',*,*,#9284,.T.);
#9337 = ORIENTED_EDGE('',*,*,#9331,.T.);
#9338 = CYLINDRICAL_SURFACE('',#9339,11.);
#9339 = AXIS2_PLACEMENT_3D('',#9340,#9341,#9342);
#9340 = CARTESIAN_POINT('',(-180.,-150.,84.5));
#9341 = DIRECTION('',(0.,-1.,0.));
#9342 = DIRECTION('',(0.,0.,-1.));
#9343 = MANIFOLD_SOLID_BREP('',#9344);
#9344 = CLOSED_SHELL('',(#9345,#9378,#9387));
#9345 = ADVANCED_FACE('',(#9346),#9373,.T.);
#9346 = FACE_BOUND('',#9347,.T.);
#9347 = EDGE_LOOP('',(#9348,#9357,#9365,#9372));
#9348 = ORIENTED_EDGE('',*,*,#9349,.F.);
#9349 = EDGE_CURVE('',#9350,#9350,#9352,.T.);
#9350 = VERTEX_POINT('',#9351);
#9351 = CARTESIAN_POINT('',(-223.,-102.5885718348,214.30528285443));
#9352 = CIRCLE('',#9353,2.5);
#9353 = AXIS2_PLACEMENT_3D('',#9354,#9355,#9356);
#9354 = CARTESIAN_POINT('',(-223.,-105.,214.96483892069));
#9355 = DIRECTION('',(-0.185185185185,0.259259259259,0.947887695709));
#9356 = DIRECTION('',(-1.90693927619E-18,0.964571266041,-0.263822426506)
  );
#9357 = ORIENTED_EDGE('',*,*,#9358,.F.);
#9358 = EDGE_CURVE('',#9359,#9350,#9361,.T.);
#9359 = VERTEX_POINT('',#9360);
#9360 = CARTESIAN_POINT('',(-198.,-137.5885718348,86.340443933736));
#9361 = LINE('',#9362,#9363);
#9362 = CARTESIAN_POINT('',(-198.,-137.5885718348,86.340443933736));
#9363 = VECTOR('',#9364,1.);
#9364 = DIRECTION('',(-0.185185185185,0.259259259259,0.947887695709));
#9365 = ORIENTED_EDGE('',*,*,#9366,.T.);
#9366 = EDGE_CURVE('',#9359,#9359,#9367,.T.);
#9367 = CIRCLE('',#9368,2.5);
#9368 = AXIS2_PLACEMENT_3D('',#9369,#9370,#9371);
#9369 = CARTESIAN_POINT('',(-198.,-140.,87.));
#9370 = DIRECTION('',(-0.185185185185,0.259259259259,0.947887695709));
#9371 = DIRECTION('',(-1.90693927619E-18,0.964571266041,-0.263822426506)
  );
#9372 = ORIENTED_EDGE('',*,*,#9358,.T.);
#9373 = CYLINDRICAL_SURFACE('',#9374,2.5);
#9374 = AXIS2_PLACEMENT_3D('',#9375,#9376,#9377);
#9375 = CARTESIAN_POINT('',(-198.,-140.,87.));
#9376 = DIRECTION('',(-0.185185185185,0.259259259259,0.947887695709));
#9377 = DIRECTION('',(-1.90693927619E-18,0.964571266041,-0.263822426506)
  );
#9378 = ADVANCED_FACE('',(#9379),#9382,.T.);
#9379 = FACE_BOUND('',#9380,.T.);
#9380 = EDGE_LOOP('',(#9381));
#9381 = ORIENTED_EDGE('',*,*,#9349,.T.);
#9382 = PLANE('',#9383);
#9383 = AXIS2_PLACEMENT_3D('',#9384,#9385,#9386);
#9384 = CARTESIAN_POINT('',(-223.,-105.,214.96483892069));
#9385 = DIRECTION('',(-0.185185185185,0.259259259259,0.947887695709));
#9386 = DIRECTION('',(-1.90693927619E-18,0.964571266041,-0.263822426506)
  );
#9387 = ADVANCED_FACE('',(#9388),#9391,.F.);
#9388 = FACE_BOUND('',#9389,.T.);
#9389 = EDGE_LOOP('',(#9390));
#9390 = ORIENTED_EDGE('',*,*,#9366,.F.);
#9391 = PLANE('',#9392);
#9392 = AXIS2_PLACEMENT_3D('',#9393,#9394,#9395);
#9393 = CARTESIAN_POINT('',(-198.,-140.,87.));
#9394 = DIRECTION('',(-0.185185185185,0.259259259259,0.947887695709));
#9395 = DIRECTION('',(-1.90693927619E-18,0.964571266041,-0.263822426506)
  );
#9396 = MANIFOLD_SOLID_BREP('',#9397);
#9397 = CLOSED_SHELL('',(#9398,#9431,#9440));
#9398 = ADVANCED_FACE('',(#9399),#9426,.T.);
#9399 = FACE_BOUND('',#9400,.T.);
#9400 = EDGE_LOOP('',(#9401,#9410,#9418,#9425));
#9401 = ORIENTED_EDGE('',*,*,#9402,.F.);
#9402 = EDGE_CURVE('',#9403,#9403,#9405,.T.);
#9403 = VERTEX_POINT('',#9404);
#9404 = CARTESIAN_POINT('',(-223.,-96.31885860562,212.59043708214));
#9405 = CIRCLE('',#9406,9.);
#9406 = AXIS2_PLACEMENT_3D('',#9407,#9408,#9409);
#9407 = CARTESIAN_POINT('',(-223.,-105.,214.96483892069));
#9408 = DIRECTION('',(-0.185185185185,0.259259259259,0.947887695709));
#9409 = DIRECTION('',(4.774958557202E-18,0.964571266041,-0.263822426506)
  );
#9410 = ORIENTED_EDGE('',*,*,#9411,.F.);
#9411 = EDGE_CURVE('',#9412,#9403,#9414,.T.);
#9412 = VERTEX_POINT('',#9413);
#9413 = CARTESIAN_POINT('',(-205.5,-120.8188586056,123.01504983765));
#9414 = LINE('',#9415,#9416);
#9415 = CARTESIAN_POINT('',(-205.5,-120.8188586056,123.01504983765));
#9416 = VECTOR('',#9417,1.);
#9417 = DIRECTION('',(-0.185185185185,0.259259259259,0.947887695709));
#9418 = ORIENTED_EDGE('',*,*,#9419,.T.);
#9419 = EDGE_CURVE('',#9412,#9412,#9420,.T.);
#9420 = CIRCLE('',#9421,9.);
#9421 = AXIS2_PLACEMENT_3D('',#9422,#9423,#9424);
#9422 = CARTESIAN_POINT('',(-205.5,-129.5,125.3894516762));
#9423 = DIRECTION('',(-0.185185185185,0.259259259259,0.947887695709));
#9424 = DIRECTION('',(4.774958557202E-18,0.964571266041,-0.263822426506)
  );
#9425 = ORIENTED_EDGE('',*,*,#9411,.T.);
#9426 = CYLINDRICAL_SURFACE('',#9427,9.);
#9427 = AXIS2_PLACEMENT_3D('',#9428,#9429,#9430);
#9428 = CARTESIAN_POINT('',(-205.5,-129.5,125.3894516762));
#9429 = DIRECTION('',(-0.185185185185,0.259259259259,0.947887695709));
#9430 = DIRECTION('',(-2.163935346705E-18,0.964571266041,-0.263822426506
    ));
#9431 = ADVANCED_FACE('',(#9432),#9435,.T.);
#9432 = FACE_BOUND('',#9433,.T.);
#9433 = EDGE_LOOP('',(#9434));
#9434 = ORIENTED_EDGE('',*,*,#9402,.T.);
#9435 = PLANE('',#9436);
#9436 = AXIS2_PLACEMENT_3D('',#9437,#9438,#9439);
#9437 = CARTESIAN_POINT('',(-223.,-105.,214.96483892069));
#9438 = DIRECTION('',(-0.185185185185,0.259259259259,0.947887695709));
#9439 = DIRECTION('',(-2.163935346705E-18,0.964571266041,-0.263822426506
    ));
#9440 = ADVANCED_FACE('',(#9441),#9444,.F.);
#9441 = FACE_BOUND('',#9442,.T.);
#9442 = EDGE_LOOP('',(#9443));
#9443 = ORIENTED_EDGE('',*,*,#9419,.F.);
#9444 = PLANE('',#9445);
#9445 = AXIS2_PLACEMENT_3D('',#9446,#9447,#9448);
#9446 = CARTESIAN_POINT('',(-205.5,-129.5,125.3894516762));
#9447 = DIRECTION('',(-0.185185185185,0.259259259259,0.947887695709));
#9448 = DIRECTION('',(-2.163935346705E-18,0.964571266041,-0.263822426506
    ));
#9449 = MANIFOLD_SOLID_BREP('',#9450);
#9450 = CLOSED_SHELL('',(#9451,#9491,#9531,#9553,#9575,#9587));
#9451 = ADVANCED_FACE('',(#9452),#9486,.F.);
#9452 = FACE_BOUND('',#9453,.F.);
#9453 = EDGE_LOOP('',(#9454,#9464,#9472,#9480));
#9454 = ORIENTED_EDGE('',*,*,#9455,.F.);
#9455 = EDGE_CURVE('',#9456,#9458,#9460,.T.);
#9456 = VERTEX_POINT('',#9457);
#9457 = CARTESIAN_POINT('',(-230.,-111.,100.));
#9458 = VERTEX_POINT('',#9459);
#9459 = CARTESIAN_POINT('',(-230.,-111.,221.96483892069));
#9460 = LINE('',#9461,#9462);
#9461 = CARTESIAN_POINT('',(-230.,-111.,100.));
#9462 = VECTOR('',#9463,1.);
#9463 = DIRECTION('',(0.,0.,1.));
#9464 = ORIENTED_EDGE('',*,*,#9465,.T.);
#9465 = EDGE_CURVE('',#9456,#9466,#9468,.T.);
#9466 = VERTEX_POINT('',#9467);
#9467 = CARTESIAN_POINT('',(-230.,-99.,100.));
#9468 = LINE('',#9469,#9470);
#9469 = CARTESIAN_POINT('',(-230.,-111.,100.));
#9470 = VECTOR('',#9471,1.);
#9471 = DIRECTION('',(0.,1.,0.));
#9472 = ORIENTED_EDGE('',*,*,#9473,.T.);
#9473 = EDGE_CURVE('',#9466,#9474,#9476,.T.);
#9474 = VERTEX_POINT('',#9475);
#9475 = CARTESIAN_POINT('',(-230.,-99.,221.96483892069));
#9476 = LINE('',#9477,#9478);
#9477 = CARTESIAN_POINT('',(-230.,-99.,100.));
#9478 = VECTOR('',#9479,1.);
#9479 = DIRECTION('',(0.,0.,1.));
#9480 = ORIENTED_EDGE('',*,*,#9481,.F.);
#9481 = EDGE_CURVE('',#9458,#9474,#9482,.T.);
#9482 = LINE('',#9483,#9484);
#9483 = CARTESIAN_POINT('',(-230.,-111.,221.96483892069));
#9484 = VECTOR('',#9485,1.);
#9485 = DIRECTION('',(0.,1.,0.));
#9486 = PLANE('',#9487);
#9487 = AXIS2_PLACEMENT_3D('',#9488,#9489,#9490);
#9488 = CARTESIAN_POINT('',(-230.,-111.,100.));
#9489 = DIRECTION('',(1.,0.,0.));
#9490 = DIRECTION('',(0.,0.,1.));
#9491 = ADVANCED_FACE('',(#9492),#9526,.T.);
#9492 = FACE_BOUND('',#9493,.T.);
#9493 = EDGE_LOOP('',(#9494,#9504,#9512,#9520));
#9494 = ORIENTED_EDGE('',*,*,#9495,.F.);
#9495 = EDGE_CURVE('',#9496,#9498,#9500,.T.);
#9496 = VERTEX_POINT('',#9497);
#9497 = CARTESIAN_POINT('',(-216.,-111.,100.));
#9498 = VERTEX_POINT('',#9499);
#9499 = CARTESIAN_POINT('',(-216.,-111.,221.96483892069));
#9500 = LINE('',#9501,#9502);
#9501 = CARTESIAN_POINT('',(-216.,-111.,100.));
#9502 = VECTOR('',#9503,1.);
#9503 = DIRECTION('',(0.,0.,1.));
#9504 = ORIENTED_EDGE('',*,*,#9505,.T.);
#9505 = EDGE_CURVE('',#9496,#9506,#9508,.T.);
#9506 = VERTEX_POINT('',#9507);
#9507 = CARTESIAN_POINT('',(-216.,-99.,100.));
#9508 = LINE('',#9509,#9510);
#9509 = CARTESIAN_POINT('',(-216.,-111.,100.));
#9510 = VECTOR('',#9511,1.);
#9511 = DIRECTION('',(0.,1.,0.));
#9512 = ORIENTED_EDGE('',*,*,#9513,.T.);
#9513 = EDGE_CURVE('',#9506,#9514,#9516,.T.);
#9514 = VERTEX_POINT('',#9515);
#9515 = CARTESIAN_POINT('',(-216.,-99.,221.96483892069));
#9516 = LINE('',#9517,#9518);
#9517 = CARTESIAN_POINT('',(-216.,-99.,100.));
#9518 = VECTOR('',#9519,1.);
#9519 = DIRECTION('',(0.,0.,1.));
#9520 = ORIENTED_EDGE('',*,*,#9521,.F.);
#9521 = EDGE_CURVE('',#9498,#9514,#9522,.T.);
#9522 = LINE('',#9523,#9524);
#9523 = CARTESIAN_POINT('',(-216.,-111.,221.96483892069));
#9524 = VECTOR('',#9525,1.);
#9525 = DIRECTION('',(0.,1.,0.));
#9526 = PLANE('',#9527);
#9527 = AXIS2_PLACEMENT_3D('',#9528,#9529,#9530);
#9528 = CARTESIAN_POINT('',(-216.,-111.,100.));
#9529 = DIRECTION('',(1.,0.,0.));
#9530 = DIRECTION('',(0.,0.,1.));
#9531 = ADVANCED_FACE('',(#9532),#9548,.F.);
#9532 = FACE_BOUND('',#9533,.F.);
#9533 = EDGE_LOOP('',(#9534,#9540,#9541,#9547));
#9534 = ORIENTED_EDGE('',*,*,#9535,.F.);
#9535 = EDGE_CURVE('',#9456,#9496,#9536,.T.);
#9536 = LINE('',#9537,#9538);
#9537 = CARTESIAN_POINT('',(-230.,-111.,100.));
#9538 = VECTOR('',#9539,1.);
#9539 = DIRECTION('',(1.,0.,0.));
#9540 = ORIENTED_EDGE('',*,*,#9455,.T.);
#9541 = ORIENTED_EDGE('',*,*,#9542,.T.);
#9542 = EDGE_CURVE('',#9458,#9498,#9543,.T.);
#9543 = LINE('',#9544,#9545);
#9544 = CARTESIAN_POINT('',(-230.,-111.,221.96483892069));
#9545 = VECTOR('',#9546,1.);
#9546 = DIRECTION('',(1.,0.,0.));
#9547 = ORIENTED_EDGE('',*,*,#9495,.F.);
#9548 = PLANE('',#9549);
#9549 = AXIS2_PLACEMENT_3D('',#9550,#9551,#9552);
#9550 = CARTESIAN_POINT('',(-230.,-111.,100.));
#9551 = DIRECTION('',(0.,1.,0.));
#9552 = DIRECTION('',(0.,0.,1.));
#9553 = ADVANCED_FACE('',(#9554),#9570,.T.);
#9554 = FACE_BOUND('',#9555,.T.);
#9555 = EDGE_LOOP('',(#9556,#9562,#9563,#9569));
#9556 = ORIENTED_EDGE('',*,*,#9557,.F.);
#9557 = EDGE_CURVE('',#9466,#9506,#9558,.T.);
#9558 = LINE('',#9559,#9560);
#9559 = CARTESIAN_POINT('',(-230.,-99.,100.));
#9560 = VECTOR('',#9561,1.);
#9561 = DIRECTION('',(1.,0.,0.));
#9562 = ORIENTED_EDGE('',*,*,#9473,.T.);
#9563 = ORIENTED_EDGE('',*,*,#9564,.T.);
#9564 = EDGE_CURVE('',#9474,#9514,#9565,.T.);
#9565 = LINE('',#9566,#9567);
#9566 = CARTESIAN_POINT('',(-230.,-99.,221.96483892069));
#9567 = VECTOR('',#9568,1.);
#9568 = DIRECTION('',(1.,0.,0.));
#9569 = ORIENTED_EDGE('',*,*,#9513,.F.);
#9570 = PLANE('',#9571);
#9571 = AXIS2_PLACEMENT_3D('',#9572,#9573,#9574);
#9572 = CARTESIAN_POINT('',(-230.,-99.,100.));
#9573 = DIRECTION('',(0.,1.,0.));
#9574 = DIRECTION('',(0.,0.,1.));
#9575 = ADVANCED_FACE('',(#9576),#9582,.F.);
#9576 = FACE_BOUND('',#9577,.F.);
#9577 = EDGE_LOOP('',(#9578,#9579,#9580,#9581));
#9578 = ORIENTED_EDGE('',*,*,#9465,.F.);
#9579 = ORIENTED_EDGE('',*,*,#9535,.T.);
#9580 = ORIENTED_EDGE('',*,*,#9505,.T.);
#9581 = ORIENTED_EDGE('',*,*,#9557,.F.);
#9582 = PLANE('',#9583);
#9583 = AXIS2_PLACEMENT_3D('',#9584,#9585,#9586);
#9584 = CARTESIAN_POINT('',(-230.,-111.,100.));
#9585 = DIRECTION('',(0.,0.,1.));
#9586 = DIRECTION('',(1.,0.,0.));
#9587 = ADVANCED_FACE('',(#9588),#9594,.T.);
#9588 = FACE_BOUND('',#9589,.T.);
#9589 = EDGE_LOOP('',(#9590,#9591,#9592,#9593));
#9590 = ORIENTED_EDGE('',*,*,#9481,.F.);
#9591 = ORIENTED_EDGE('',*,*,#9542,.T.);
#9592 = ORIENTED_EDGE('',*,*,#9521,.T.);
#9593 = ORIENTED_EDGE('',*,*,#9564,.F.);
#9594 = PLANE('',#9595);
#9595 = AXIS2_PLACEMENT_3D('',#9596,#9597,#9598);
#9596 = CARTESIAN_POINT('',(-230.,-111.,221.96483892069));
#9597 = DIRECTION('',(0.,0.,1.));
#9598 = DIRECTION('',(1.,0.,0.));
#9599 = MANIFOLD_SOLID_BREP('',#9600);
#9600 = CLOSED_SHELL('',(#9601,#9641,#9683,#9707,#9731,#9748,#9760,#9821
    ,#9830,#9861,#9885,#9909,#9926));
#9601 = ADVANCED_FACE('',(#9602),#9636,.F.);
#9602 = FACE_BOUND('',#9603,.F.);
#9603 = EDGE_LOOP('',(#9604,#9614,#9622,#9630));
#9604 = ORIENTED_EDGE('',*,*,#9605,.F.);
#9605 = EDGE_CURVE('',#9606,#9608,#9610,.T.);
#9606 = VERTEX_POINT('',#9607);
#9607 = CARTESIAN_POINT('',(-265.,7.,100.));
#9608 = VERTEX_POINT('',#9609);
#9609 = CARTESIAN_POINT('',(-265.,7.,180.));
#9610 = LINE('',#9611,#9612);
#9611 = CARTESIAN_POINT('',(-265.,7.,100.));
#9612 = VECTOR('',#9613,1.);
#9613 = DIRECTION('',(0.,0.,1.));
#9614 = ORIENTED_EDGE('',*,*,#9615,.T.);
#9615 = EDGE_CURVE('',#9606,#9616,#9618,.T.);
#9616 = VERTEX_POINT('',#9617);
#9617 = CARTESIAN_POINT('',(-265.,90.,100.));
#9618 = LINE('',#9619,#9620);
#9619 = CARTESIAN_POINT('',(-265.,7.,100.));
#9620 = VECTOR('',#9621,1.);
#9621 = DIRECTION('',(0.,1.,0.));
#9622 = ORIENTED_EDGE('',*,*,#9623,.T.);
#9623 = EDGE_CURVE('',#9616,#9624,#9626,.T.);
#9624 = VERTEX_POINT('',#9625);
#9625 = CARTESIAN_POINT('',(-265.,90.,180.));
#9626 = LINE('',#9627,#9628);
#9627 = CARTESIAN_POINT('',(-265.,90.,100.));
#9628 = VECTOR('',#9629,1.);
#9629 = DIRECTION('',(0.,0.,1.));
#9630 = ORIENTED_EDGE('',*,*,#9631,.F.);
#9631 = EDGE_CURVE('',#9608,#9624,#9632,.T.);
#9632 = LINE('',#9633,#9634);
#9633 = CARTESIAN_POINT('',(-265.,7.,180.));
#9634 = VECTOR('',#9635,1.);
#9635 = DIRECTION('',(0.,1.,0.));
#9636 = PLANE('',#9637);
#9637 = AXIS2_PLACEMENT_3D('',#9638,#9639,#9640);
#9638 = CARTESIAN_POINT('',(-265.,7.,100.));
#9639 = DIRECTION('',(1.,0.,0.));
#9640 = DIRECTION('',(0.,0.,1.));
#9641 = ADVANCED_FACE('',(#9642,#9667),#9678,.F.);
#9642 = FACE_BOUND('',#9643,.F.);
#9643 = EDGE_LOOP('',(#9644,#9652,#9653,#9661));
#9644 = ORIENTED_EDGE('',*,*,#9645,.F.);
#9645 = EDGE_CURVE('',#9606,#9646,#9648,.T.);
#9646 = VERTEX_POINT('',#9647);
#9647 = CARTESIAN_POINT('',(-185.,7.,100.));
#9648 = LINE('',#9649,#9650);
#9649 = CARTESIAN_POINT('',(-265.,7.,100.));
#9650 = VECTOR('',#9651,1.);
#9651 = DIRECTION('',(1.,0.,0.));
#9652 = ORIENTED_EDGE('',*,*,#9605,.T.);
#9653 = ORIENTED_EDGE('',*,*,#9654,.T.);
#9654 = EDGE_CURVE('',#9608,#9655,#9657,.T.);
#9655 = VERTEX_POINT('',#9656);
#9656 = CARTESIAN_POINT('',(-185.,7.,180.));
#9657 = LINE('',#9658,#9659);
#9658 = CARTESIAN_POINT('',(-265.,7.,180.));
#9659 = VECTOR('',#9660,1.);
#9660 = DIRECTION('',(1.,0.,0.));
#9661 = ORIENTED_EDGE('',*,*,#9662,.F.);
#9662 = EDGE_CURVE('',#9646,#9655,#9663,.T.);
#9663 = LINE('',#9664,#9665);
#9664 = CARTESIAN_POINT('',(-185.,7.,100.));
#9665 = VECTOR('',#9666,1.);
#9666 = DIRECTION('',(0.,0.,1.));
#9667 = FACE_BOUND('',#9668,.F.);
#9668 = EDGE_LOOP('',(#9669));
#9669 = ORIENTED_EDGE('',*,*,#9670,.T.);
#9670 = EDGE_CURVE('',#9671,#9671,#9673,.T.);
#9671 = VERTEX_POINT('',#9672);
#9672 = CARTESIAN_POINT('',(-225.,7.,145.5));
#9673 = CIRCLE('',#9674,7.5);
#9674 = AXIS2_PLACEMENT_3D('',#9675,#9676,#9677);
#9675 = CARTESIAN_POINT('',(-225.,7.,153.));
#9676 = DIRECTION('',(0.,-1.,0.));
#9677 = DIRECTION('',(0.,0.,-1.));
#9678 = PLANE('',#9679);
#9679 = AXIS2_PLACEMENT_3D('',#9680,#9681,#9682);
#9680 = CARTESIAN_POINT('',(-265.,7.,100.));
#9681 = DIRECTION('',(0.,1.,0.));
#9682 = DIRECTION('',(0.,0.,1.));
#9683 = ADVANCED_FACE('',(#9684),#9702,.T.);
#9684 = FACE_BOUND('',#9685,.T.);
#9685 = EDGE_LOOP('',(#9686,#9687,#9688,#9696));
#9686 = ORIENTED_EDGE('',*,*,#9631,.F.);
#9687 = ORIENTED_EDGE('',*,*,#9654,.T.);
#9688 = ORIENTED_EDGE('',*,*,#9689,.T.);
#9689 = EDGE_CURVE('',#9655,#9690,#9692,.T.);
#9690 = VERTEX_POINT('',#9691);
#9691 = CARTESIAN_POINT('',(-185.,90.,180.));
#9692 = LINE('',#9693,#9694);
#9693 = CARTESIAN_POINT('',(-185.,7.,180.));
#9694 = VECTOR('',#9695,1.);
#9695 = DIRECTION('',(0.,1.,0.));
#9696 = ORIENTED_EDGE('',*,*,#9697,.F.);
#9697 = EDGE_CURVE('',#9624,#9690,#9698,.T.);
#9698 = LINE('',#9699,#9700);
#9699 = CARTESIAN_POINT('',(-265.,90.,180.));
#9700 = VECTOR('',#9701,1.);
#9701 = DIRECTION('',(1.,0.,0.));
#9702 = PLANE('',#9703);
#9703 = AXIS2_PLACEMENT_3D('',#9704,#9705,#9706);
#9704 = CARTESIAN_POINT('',(-265.,7.,180.));
#9705 = DIRECTION('',(0.,0.,1.));
#9706 = DIRECTION('',(1.,0.,0.));
#9707 = ADVANCED_FACE('',(#9708),#9726,.T.);
#9708 = FACE_BOUND('',#9709,.T.);
#9709 = EDGE_LOOP('',(#9710,#9718,#9719,#9720));
#9710 = ORIENTED_EDGE('',*,*,#9711,.F.);
#9711 = EDGE_CURVE('',#9616,#9712,#9714,.T.);
#9712 = VERTEX_POINT('',#9713);
#9713 = CARTESIAN_POINT('',(-185.,90.,100.));
#9714 = LINE('',#9715,#9716);
#9715 = CARTESIAN_POINT('',(-265.,90.,100.));
#9716 = VECTOR('',#9717,1.);
#9717 = DIRECTION('',(1.,0.,0.));
#9718 = ORIENTED_EDGE('',*,*,#9623,.T.);
#9719 = ORIENTED_EDGE('',*,*,#9697,.T.);
#9720 = ORIENTED_EDGE('',*,*,#9721,.F.);
#9721 = EDGE_CURVE('',#9712,#9690,#9722,.T.);
#9722 = LINE('',#9723,#9724);
#9723 = CARTESIAN_POINT('',(-185.,90.,100.));
#9724 = VECTOR('',#9725,1.);
#9725 = DIRECTION('',(0.,0.,1.));
#9726 = PLANE('',#9727);
#9727 = AXIS2_PLACEMENT_3D('',#9728,#9729,#9730);
#9728 = CARTESIAN_POINT('',(-265.,90.,100.));
#9729 = DIRECTION('',(0.,1.,0.));
#9730 = DIRECTION('',(0.,0.,1.));
#9731 = ADVANCED_FACE('',(#9732),#9743,.F.);
#9732 = FACE_BOUND('',#9733,.F.);
#9733 = EDGE_LOOP('',(#9734,#9735,#9736,#9742));
#9734 = ORIENTED_EDGE('',*,*,#9615,.F.);
#9735 = ORIENTED_EDGE('',*,*,#9645,.T.);
#9736 = ORIENTED_EDGE('',*,*,#9737,.T.);
#9737 = EDGE_CURVE('',#9646,#9712,#9738,.T.);
#9738 = LINE('',#9739,#9740);
#9739 = CARTESIAN_POINT('',(-185.,7.,100.));
#9740 = VECTOR('',#9741,1.);
#9741 = DIRECTION('',(0.,1.,0.));
#9742 = ORIENTED_EDGE('',*,*,#9711,.F.);
#9743 = PLANE('',#9744);
#9744 = AXIS2_PLACEMENT_3D('',#9745,#9746,#9747);
#9745 = CARTESIAN_POINT('',(-265.,7.,100.));
#9746 = DIRECTION('',(0.,0.,1.));
#9747 = DIRECTION('',(1.,0.,0.));
#9748 = ADVANCED_FACE('',(#9749),#9755,.T.);
#9749 = FACE_BOUND('',#9750,.T.);
#9750 = EDGE_LOOP('',(#9751,#9752,#9753,#9754));
#9751 = ORIENTED_EDGE('',*,*,#9662,.F.);
#9752 = ORIENTED_EDGE('',*,*,#9737,.T.);
#9753 = ORIENTED_EDGE('',*,*,#9721,.T.);
#9754 = ORIENTED_EDGE('',*,*,#9689,.F.);
#9755 = PLANE('',#9756);
#9756 = AXIS2_PLACEMENT_3D('',#9757,#9758,#9759);
#9757 = CARTESIAN_POINT('',(-185.,7.,100.));
#9758 = DIRECTION('',(1.,0.,0.));
#9759 = DIRECTION('',(0.,0.,1.));
#9760 = ADVANCED_FACE('',(#9761,#9780),#9816,.T.);
#9761 = FACE_BOUND('',#9762,.T.);
#9762 = EDGE_LOOP('',(#9763,#9771,#9778,#9779));
#9763 = ORIENTED_EDGE('',*,*,#9764,.T.);
#9764 = EDGE_CURVE('',#9671,#9765,#9767,.T.);
#9765 = VERTEX_POINT('',#9766);
#9766 = CARTESIAN_POINT('',(-225.,-28.,145.5));
#9767 = LINE('',#9768,#9769);
#9768 = CARTESIAN_POINT('',(-225.,7.,145.5));
#9769 = VECTOR('',#9770,1.);
#9770 = DIRECTION('',(0.,-1.,0.));
#9771 = ORIENTED_EDGE('',*,*,#9772,.F.);
#9772 = EDGE_CURVE('',#9765,#9765,#9773,.T.);
#9773 = CIRCLE('',#9774,7.5);
#9774 = AXIS2_PLACEMENT_3D('',#9775,#9776,#9777);
#9775 = CARTESIAN_POINT('',(-225.,-28.,153.));
#9776 = DIRECTION('',(0.,-1.,0.));
#9777 = DIRECTION('',(0.,0.,-1.));
#9778 = ORIENTED_EDGE('',*,*,#9764,.F.);
#9779 = ORIENTED_EDGE('',*,*,#9670,.T.);
#9780 = FACE_BOUND('',#9781,.T.);
#9781 = EDGE_LOOP('',(#9782,#9792,#9801,#9809));
#9782 = ORIENTED_EDGE('',*,*,#9783,.F.);
#9783 = EDGE_CURVE('',#9784,#9786,#9788,.T.);
#9784 = VERTEX_POINT('',#9785);
#9785 = CARTESIAN_POINT('',(-227.5,-1.,160.07106781186));
#9786 = VERTEX_POINT('',#9787);
#9787 = CARTESIAN_POINT('',(-227.5,-26.,160.07106781186));
#9788 = LINE('',#9789,#9790);
#9789 = CARTESIAN_POINT('',(-227.5,7.,160.07106781186));
#9790 = VECTOR('',#9791,1.);
#9791 = DIRECTION('',(0.,-1.,0.));
#9792 = ORIENTED_EDGE('',*,*,#9793,.F.);
#9793 = EDGE_CURVE('',#9794,#9784,#9796,.T.);
#9794 = VERTEX_POINT('',#9795);
#9795 = CARTESIAN_POINT('',(-222.5,-1.,160.07106781186));
#9796 = CIRCLE('',#9797,7.5);
#9797 = AXIS2_PLACEMENT_3D('',#9798,#9799,#9800);
#9798 = CARTESIAN_POINT('',(-225.,-1.,153.));
#9799 = DIRECTION('',(0.,-1.,0.));
#9800 = DIRECTION('',(0.,0.,-1.));
#9801 = ORIENTED_EDGE('',*,*,#9802,.T.);
#9802 = EDGE_CURVE('',#9794,#9803,#9805,.T.);
#9803 = VERTEX_POINT('',#9804);
#9804 = CARTESIAN_POINT('',(-222.5,-26.,160.07106781186));
#9805 = LINE('',#9806,#9807);
#9806 = CARTESIAN_POINT('',(-222.5,7.,160.07106781186));
#9807 = VECTOR('',#9808,1.);
#9808 = DIRECTION('',(0.,-1.,0.));
#9809 = ORIENTED_EDGE('',*,*,#9810,.T.);
#9810 = EDGE_CURVE('',#9803,#9786,#9811,.T.);
#9811 = CIRCLE('',#9812,7.5);
#9812 = AXIS2_PLACEMENT_3D('',#9813,#9814,#9815);
#9813 = CARTESIAN_POINT('',(-225.,-26.,153.));
#9814 = DIRECTION('',(0.,-1.,0.));
#9815 = DIRECTION('',(0.,0.,-1.));
#9816 = CYLINDRICAL_SURFACE('',#9817,7.5);
#9817 = AXIS2_PLACEMENT_3D('',#9818,#9819,#9820);
#9818 = CARTESIAN_POINT('',(-225.,7.,153.));
#9819 = DIRECTION('',(0.,-1.,0.));
#9820 = DIRECTION('',(0.,0.,-1.));
#9821 = ADVANCED_FACE('',(#9822),#9825,.T.);
#9822 = FACE_BOUND('',#9823,.T.);
#9823 = EDGE_LOOP('',(#9824));
#9824 = ORIENTED_EDGE('',*,*,#9772,.T.);
#9825 = PLANE('',#9826);
#9826 = AXIS2_PLACEMENT_3D('',#9827,#9828,#9829);
#9827 = CARTESIAN_POINT('',(-225.,-28.,153.));
#9828 = DIRECTION('',(0.,-1.,0.));
#9829 = DIRECTION('',(0.,0.,-1.));
#9830 = ADVANCED_FACE('',(#9831),#9856,.F.);
#9831 = FACE_BOUND('',#9832,.F.);
#9832 = EDGE_LOOP('',(#9833,#9841,#9842,#9850));
#9833 = ORIENTED_EDGE('',*,*,#9834,.F.);
#9834 = EDGE_CURVE('',#9786,#9835,#9837,.T.);
#9835 = VERTEX_POINT('',#9836);
#9836 = CARTESIAN_POINT('',(-227.5,-26.,162.));
#9837 = LINE('',#9838,#9839);
#9838 = CARTESIAN_POINT('',(-227.5,-26.,159.));
#9839 = VECTOR('',#9840,1.);
#9840 = DIRECTION('',(0.,0.,1.));
#9841 = ORIENTED_EDGE('',*,*,#9783,.F.);
#9842 = ORIENTED_EDGE('',*,*,#9843,.T.);
#9843 = EDGE_CURVE('',#9784,#9844,#9846,.T.);
#9844 = VERTEX_POINT('',#9845);
#9845 = CARTESIAN_POINT('',(-227.5,-1.,162.));
#9846 = LINE('',#9847,#9848);
#9847 = CARTESIAN_POINT('',(-227.5,-1.,159.));
#9848 = VECTOR('',#9849,1.);
#9849 = DIRECTION('',(0.,0.,1.));
#9850 = ORIENTED_EDGE('',*,*,#9851,.F.);
#9851 = EDGE_CURVE('',#9835,#9844,#9852,.T.);
#9852 = LINE('',#9853,#9854);
#9853 = CARTESIAN_POINT('',(-227.5,-26.,162.));
#9854 = VECTOR('',#9855,1.);
#9855 = DIRECTION('',(0.,1.,0.));
#9856 = PLANE('',#9857);
#9857 = AXIS2_PLACEMENT_3D('',#9858,#9859,#9860);
#9858 = CARTESIAN_POINT('',(-227.5,-26.,159.));
#9859 = DIRECTION('',(1.,0.,0.));
#9860 = DIRECTION('',(0.,0.,1.));
#9861 = ADVANCED_FACE('',(#9862),#9880,.F.);
#9862 = FACE_BOUND('',#9863,.F.);
#9863 = EDGE_LOOP('',(#9864,#9872,#9873,#9874));
#9864 = ORIENTED_EDGE('',*,*,#9865,.F.);
#9865 = EDGE_CURVE('',#9803,#9866,#9868,.T.);
#9866 = VERTEX_POINT('',#9867);
#9867 = CARTESIAN_POINT('',(-222.5,-26.,162.));
#9868 = LINE('',#9869,#9870);
#9869 = CARTESIAN_POINT('',(-222.5,-26.,159.));
#9870 = VECTOR('',#9871,1.);
#9871 = DIRECTION('',(0.,0.,1.));
#9872 = ORIENTED_EDGE('',*,*,#9810,.T.);
#9873 = ORIENTED_EDGE('',*,*,#9834,.T.);
#9874 = ORIENTED_EDGE('',*,*,#9875,.T.);
#9875 = EDGE_CURVE('',#9835,#9866,#9876,.T.);
#9876 = LINE('',#9877,#9878);
#9877 = CARTESIAN_POINT('',(-227.5,-26.,162.));
#9878 = VECTOR('',#9879,1.);
#9879 = DIRECTION('',(1.,0.,0.));
#9880 = PLANE('',#9881);
#9881 = AXIS2_PLACEMENT_3D('',#9882,#9883,#9884);
#9882 = CARTESIAN_POINT('',(-227.5,-26.,159.));
#9883 = DIRECTION('',(0.,1.,0.));
#9884 = DIRECTION('',(0.,0.,1.));
#9885 = ADVANCED_FACE('',(#9886),#9904,.T.);
#9886 = FACE_BOUND('',#9887,.T.);
#9887 = EDGE_LOOP('',(#9888,#9889,#9890,#9898));
#9888 = ORIENTED_EDGE('',*,*,#9865,.F.);
#9889 = ORIENTED_EDGE('',*,*,#9802,.F.);
#9890 = ORIENTED_EDGE('',*,*,#9891,.T.);
#9891 = EDGE_CURVE('',#9794,#9892,#9894,.T.);
#9892 = VERTEX_POINT('',#9893);
#9893 = CARTESIAN_POINT('',(-222.5,-1.,162.));
#9894 = LINE('',#9895,#9896);
#9895 = CARTESIAN_POINT('',(-222.5,-1.,159.));
#9896 = VECTOR('',#9897,1.);
#9897 = DIRECTION('',(0.,0.,1.));
#9898 = ORIENTED_EDGE('',*,*,#9899,.F.);
#9899 = EDGE_CURVE('',#9866,#9892,#9900,.T.);
#9900 = LINE('',#9901,#9902);
#9901 = CARTESIAN_POINT('',(-222.5,-26.,162.));
#9902 = VECTOR('',#9903,1.);
#9903 = DIRECTION('',(0.,1.,0.));
#9904 = PLANE('',#9905);
#9905 = AXIS2_PLACEMENT_3D('',#9906,#9907,#9908);
#9906 = CARTESIAN_POINT('',(-222.5,-26.,159.));
#9907 = DIRECTION('',(1.,0.,0.));
#9908 = DIRECTION('',(0.,0.,1.));
#9909 = ADVANCED_FACE('',(#9910),#9921,.T.);
#9910 = FACE_BOUND('',#9911,.T.);
#9911 = EDGE_LOOP('',(#9912,#9913,#9914,#9915));
#9912 = ORIENTED_EDGE('',*,*,#9891,.F.);
#9913 = ORIENTED_EDGE('',*,*,#9793,.T.);
#9914 = ORIENTED_EDGE('',*,*,#9843,.T.);
#9915 = ORIENTED_EDGE('',*,*,#9916,.T.);
#9916 = EDGE_CURVE('',#9844,#9892,#9917,.T.);
#9917 = LINE('',#9918,#9919);
#9918 = CARTESIAN_POINT('',(-227.5,-1.,162.));
#9919 = VECTOR('',#9920,1.);
#9920 = DIRECTION('',(1.,0.,0.));
#9921 = PLANE('',#9922);
#9922 = AXIS2_PLACEMENT_3D('',#9923,#9924,#9925);
#9923 = CARTESIAN_POINT('',(-227.5,-1.,159.));
#9924 = DIRECTION('',(0.,1.,0.));
#9925 = DIRECTION('',(0.,0.,1.));
#9926 = ADVANCED_FACE('',(#9927),#9933,.T.);
#9927 = FACE_BOUND('',#9928,.T.);
#9928 = EDGE_LOOP('',(#9929,#9930,#9931,#9932));
#9929 = ORIENTED_EDGE('',*,*,#9851,.F.);
#9930 = ORIENTED_EDGE('',*,*,#9875,.T.);
#9931 = ORIENTED_EDGE('',*,*,#9899,.T.);
#9932 = ORIENTED_EDGE('',*,*,#9916,.F.);
#9933 = PLANE('',#9934);
#9934 = AXIS2_PLACEMENT_3D('',#9935,#9936,#9937);
#9935 = CARTESIAN_POINT('',(-227.5,-26.,162.));
#9936 = DIRECTION('',(0.,0.,1.));
#9937 = DIRECTION('',(1.,0.,0.));
#9938 = MANIFOLD_SOLID_BREP('',#9939);
#9939 = CLOSED_SHELL('',(#9940,#9980,#10066,#10090,#10169,#10186,#10198,
    #10215,#10232,#10249,#10266));
#9940 = ADVANCED_FACE('',(#9941),#9975,.F.);
#9941 = FACE_BOUND('',#9942,.F.);
#9942 = EDGE_LOOP('',(#9943,#9953,#9961,#9969));
#9943 = ORIENTED_EDGE('',*,*,#9944,.F.);
#9944 = EDGE_CURVE('',#9945,#9947,#9949,.T.);
#9945 = VERTEX_POINT('',#9946);
#9946 = CARTESIAN_POINT('',(-271.,1.,94.));
#9947 = VERTEX_POINT('',#9948);
#9948 = CARTESIAN_POINT('',(-271.,1.,186.));
#9949 = LINE('',#9950,#9951);
#9950 = CARTESIAN_POINT('',(-271.,1.,94.));
#9951 = VECTOR('',#9952,1.);
#9952 = DIRECTION('',(0.,0.,1.));
#9953 = ORIENTED_EDGE('',*,*,#9954,.T.);
#9954 = EDGE_CURVE('',#9945,#9955,#9957,.T.);
#9955 = VERTEX_POINT('',#9956);
#9956 = CARTESIAN_POINT('',(-271.,7.,94.));
#9957 = LINE('',#9958,#9959);
#9958 = CARTESIAN_POINT('',(-271.,1.,94.));
#9959 = VECTOR('',#9960,1.);
#9960 = DIRECTION('',(0.,1.,0.));
#9961 = ORIENTED_EDGE('',*,*,#9962,.T.);
#9962 = EDGE_CURVE('',#9955,#9963,#9965,.T.);
#9963 = VERTEX_POINT('',#9964);
#9964 = CARTESIAN_POINT('',(-271.,7.,186.));
#9965 = LINE('',#9966,#9967);
#9966 = CARTESIAN_POINT('',(-271.,7.,94.));
#9967 = VECTOR('',#9968,1.);
#9968 = DIRECTION('',(0.,0.,1.));
#9969 = ORIENTED_EDGE('',*,*,#9970,.F.);
#9970 = EDGE_CURVE('',#9947,#9963,#9971,.T.);
#9971 = LINE('',#9972,#9973);
#9972 = CARTESIAN_POINT('',(-271.,1.,186.));
#9973 = VECTOR('',#9974,1.);
#9974 = DIRECTION('',(0.,1.,0.));
#9975 = PLANE('',#9976);
#9976 = AXIS2_PLACEMENT_3D('',#9977,#9978,#9979);
#9977 = CARTESIAN_POINT('',(-271.,1.,94.));
#9978 = DIRECTION('',(1.,0.,0.));
#9979 = DIRECTION('',(0.,0.,1.));
#9980 = ADVANCED_FACE('',(#9981,#10006,#10017,#10028,#10039,#10050),
  #10061,.F.);
#9981 = FACE_BOUND('',#9982,.F.);
#9982 = EDGE_LOOP('',(#9983,#9991,#9992,#10000));
#9983 = ORIENTED_EDGE('',*,*,#9984,.F.);
#9984 = EDGE_CURVE('',#9945,#9985,#9987,.T.);
#9985 = VERTEX_POINT('',#9986);
#9986 = CARTESIAN_POINT('',(-179.,1.,94.));
#9987 = LINE('',#9988,#9989);
#9988 = CARTESIAN_POINT('',(-271.,1.,94.));
#9989 = VECTOR('',#9990,1.);
#9990 = DIRECTION('',(1.,0.,0.));
#9991 = ORIENTED_EDGE('',*,*,#9944,.T.);
#9992 = ORIENTED_EDGE('',*,*,#9993,.T.);
#9993 = EDGE_CURVE('',#9947,#9994,#9996,.T.);
#9994 = VERTEX_POINT('',#9995);
#9995 = CARTESIAN_POINT('',(-179.,1.,186.));
#9996 = LINE('',#9997,#9998);
#9997 = CARTESIAN_POINT('',(-271.,1.,186.));
#9998 = VECTOR('',#9999,1.);
#9999 = DIRECTION('',(1.,0.,0.));
#10000 = ORIENTED_EDGE('',*,*,#10001,.F.);
#10001 = EDGE_CURVE('',#9985,#9994,#10002,.T.);
#10002 = LINE('',#10003,#10004);
#10003 = CARTESIAN_POINT('',(-179.,1.,94.));
#10004 = VECTOR('',#10005,1.);
#10005 = DIRECTION('',(0.,0.,1.));
#10006 = FACE_BOUND('',#10007,.F.);
#10007 = EDGE_LOOP('',(#10008));
#10008 = ORIENTED_EDGE('',*,*,#10009,.T.);
#10009 = EDGE_CURVE('',#10010,#10010,#10012,.T.);
#10010 = VERTEX_POINT('',#10011);
#10011 = CARTESIAN_POINT('',(-258.2340187157,1.,103.51598128423));
#10012 = CIRCLE('',#10013,3.25);
#10013 = AXIS2_PLACEMENT_3D('',#10014,#10015,#10016);
#10014 = CARTESIAN_POINT('',(-258.2340187157,1.,106.76598128423));
#10015 = DIRECTION('',(0.,-1.,0.));
#10016 = DIRECTION('',(0.,0.,-1.));
#10017 = FACE_BOUND('',#10018,.F.);
#10018 = EDGE_LOOP('',(#10019));
#10019 = ORIENTED_EDGE('',*,*,#10020,.T.);
#10020 = EDGE_CURVE('',#10021,#10021,#10023,.T.);
#10021 = VERTEX_POINT('',#10022);
#10022 = CARTESIAN_POINT('',(-258.2340187157,1.,169.98401871576));
#10023 = CIRCLE('',#10024,3.25);
#10024 = AXIS2_PLACEMENT_3D('',#10025,#10026,#10027);
#10025 = CARTESIAN_POINT('',(-258.2340187157,1.,173.23401871576));
#10026 = DIRECTION('',(0.,-1.,0.));
#10027 = DIRECTION('',(0.,0.,-1.));
#10028 = FACE_BOUND('',#10029,.F.);
#10029 = EDGE_LOOP('',(#10030));
#10030 = ORIENTED_EDGE('',*,*,#10031,.T.);
#10031 = EDGE_CURVE('',#10032,#10032,#10034,.T.);
#10032 = VERTEX_POINT('',#10033);
#10033 = CARTESIAN_POINT('',(-191.7659812842,1.,103.51598128423));
#10034 = CIRCLE('',#10035,3.25);
#10035 = AXIS2_PLACEMENT_3D('',#10036,#10037,#10038);
#10036 = CARTESIAN_POINT('',(-191.7659812842,1.,106.76598128423));
#10037 = DIRECTION('',(0.,-1.,0.));
#10038 = DIRECTION('',(0.,0.,-1.));
#10039 = FACE_BOUND('',#10040,.F.);
#10040 = EDGE_LOOP('',(#10041));
#10041 = ORIENTED_EDGE('',*,*,#10042,.T.);
#10042 = EDGE_CURVE('',#10043,#10043,#10045,.T.);
#10043 = VERTEX_POINT('',#10044);
#10044 = CARTESIAN_POINT('',(-225.,1.,135.5));
#10045 = CIRCLE('',#10046,17.5);
#10046 = AXIS2_PLACEMENT_3D('',#10047,#10048,#10049);
#10047 = CARTESIAN_POINT('',(-225.,1.,153.));
#10048 = DIRECTION('',(0.,-1.,0.));
#10049 = DIRECTION('',(0.,0.,-1.));
#10050 = FACE_BOUND('',#10051,.F.);
#10051 = EDGE_LOOP('',(#10052));
#10052 = ORIENTED_EDGE('',*,*,#10053,.T.);
#10053 = EDGE_CURVE('',#10054,#10054,#10056,.T.);
#10054 = VERTEX_POINT('',#10055);
#10055 = CARTESIAN_POINT('',(-191.7659812842,1.,169.98401871576));
#10056 = CIRCLE('',#10057,3.25);
#10057 = AXIS2_PLACEMENT_3D('',#10058,#10059,#10060);
#10058 = CARTESIAN_POINT('',(-191.7659812842,1.,173.23401871576));
#10059 = DIRECTION('',(0.,-1.,0.));
#10060 = DIRECTION('',(0.,0.,-1.));
#10061 = PLANE('',#10062);
#10062 = AXIS2_PLACEMENT_3D('',#10063,#10064,#10065);
#10063 = CARTESIAN_POINT('',(-271.,1.,94.));
#10064 = DIRECTION('',(0.,1.,0.));
#10065 = DIRECTION('',(0.,0.,1.));
#10066 = ADVANCED_FACE('',(#10067),#10085,.T.);
#10067 = FACE_BOUND('',#10068,.T.);
#10068 = EDGE_LOOP('',(#10069,#10070,#10071,#10079));
#10069 = ORIENTED_EDGE('',*,*,#9970,.F.);
#10070 = ORIENTED_EDGE('',*,*,#9993,.T.);
#10071 = ORIENTED_EDGE('',*,*,#10072,.T.);
#10072 = EDGE_CURVE('',#9994,#10073,#10075,.T.);
#10073 = VERTEX_POINT('',#10074);
#10074 = CARTESIAN_POINT('',(-179.,7.,186.));
#10075 = LINE('',#10076,#10077);
#10076 = CARTESIAN_POINT('',(-179.,1.,186.));
#10077 = VECTOR('',#10078,1.);
#10078 = DIRECTION('',(0.,1.,0.));
#10079 = ORIENTED_EDGE('',*,*,#10080,.F.);
#10080 = EDGE_CURVE('',#9963,#10073,#10081,.T.);
#10081 = LINE('',#10082,#10083);
#10082 = CARTESIAN_POINT('',(-271.,7.,186.));
#10083 = VECTOR('',#10084,1.);
#10084 = DIRECTION('',(1.,0.,0.));
#10085 = PLANE('',#10086);
#10086 = AXIS2_PLACEMENT_3D('',#10087,#10088,#10089);
#10087 = CARTESIAN_POINT('',(-271.,1.,186.));
#10088 = DIRECTION('',(0.,0.,1.));
#10089 = DIRECTION('',(1.,0.,0.));
#10090 = ADVANCED_FACE('',(#10091,#10109,#10120,#10131,#10142,#10153),
  #10164,.T.);
#10091 = FACE_BOUND('',#10092,.T.);
#10092 = EDGE_LOOP('',(#10093,#10101,#10102,#10103));
#10093 = ORIENTED_EDGE('',*,*,#10094,.F.);
#10094 = EDGE_CURVE('',#9955,#10095,#10097,.T.);
#10095 = VERTEX_POINT('',#10096);
#10096 = CARTESIAN_POINT('',(-179.,7.,94.));
#10097 = LINE('',#10098,#10099);
#10098 = CARTESIAN_POINT('',(-271.,7.,94.));
#10099 = VECTOR('',#10100,1.);
#10100 = DIRECTION('',(1.,0.,0.));
#10101 = ORIENTED_EDGE('',*,*,#9962,.T.);
#10102 = ORIENTED_EDGE('',*,*,#10080,.T.);
#10103 = ORIENTED_EDGE('',*,*,#10104,.F.);
#10104 = EDGE_CURVE('',#10095,#10073,#10105,.T.);
#10105 = LINE('',#10106,#10107);
#10106 = CARTESIAN_POINT('',(-179.,7.,94.));
#10107 = VECTOR('',#10108,1.);
#10108 = DIRECTION('',(0.,0.,1.));
#10109 = FACE_BOUND('',#10110,.T.);
#10110 = EDGE_LOOP('',(#10111));
#10111 = ORIENTED_EDGE('',*,*,#10112,.T.);
#10112 = EDGE_CURVE('',#10113,#10113,#10115,.T.);
#10113 = VERTEX_POINT('',#10114);
#10114 = CARTESIAN_POINT('',(-258.2340187157,7.,103.51598128423));
#10115 = CIRCLE('',#10116,3.25);
#10116 = AXIS2_PLACEMENT_3D('',#10117,#10118,#10119);
#10117 = CARTESIAN_POINT('',(-258.2340187157,7.,106.76598128423));
#10118 = DIRECTION('',(0.,-1.,0.));
#10119 = DIRECTION('',(0.,0.,-1.));
#10120 = FACE_BOUND('',#10121,.T.);
#10121 = EDGE_LOOP('',(#10122));
#10122 = ORIENTED_EDGE('',*,*,#10123,.T.);
#10123 = EDGE_CURVE('',#10124,#10124,#10126,.T.);
#10124 = VERTEX_POINT('',#10125);
#10125 = CARTESIAN_POINT('',(-258.2340187157,7.,169.98401871576));
#10126 = CIRCLE('',#10127,3.25);
#10127 = AXIS2_PLACEMENT_3D('',#10128,#10129,#10130);
#10128 = CARTESIAN_POINT('',(-258.2340187157,7.,173.23401871576));
#10129 = DIRECTION('',(0.,-1.,0.));
#10130 = DIRECTION('',(0.,0.,-1.));
#10131 = FACE_BOUND('',#10132,.T.);
#10132 = EDGE_LOOP('',(#10133));
#10133 = ORIENTED_EDGE('',*,*,#10134,.T.);
#10134 = EDGE_CURVE('',#10135,#10135,#10137,.T.);
#10135 = VERTEX_POINT('',#10136);
#10136 = CARTESIAN_POINT('',(-191.7659812842,7.,103.51598128423));
#10137 = CIRCLE('',#10138,3.25);
#10138 = AXIS2_PLACEMENT_3D('',#10139,#10140,#10141);
#10139 = CARTESIAN_POINT('',(-191.7659812842,7.,106.76598128423));
#10140 = DIRECTION('',(0.,-1.,0.));
#10141 = DIRECTION('',(0.,0.,-1.));
#10142 = FACE_BOUND('',#10143,.T.);
#10143 = EDGE_LOOP('',(#10144));
#10144 = ORIENTED_EDGE('',*,*,#10145,.T.);
#10145 = EDGE_CURVE('',#10146,#10146,#10148,.T.);
#10146 = VERTEX_POINT('',#10147);
#10147 = CARTESIAN_POINT('',(-225.,7.,135.5));
#10148 = CIRCLE('',#10149,17.5);
#10149 = AXIS2_PLACEMENT_3D('',#10150,#10151,#10152);
#10150 = CARTESIAN_POINT('',(-225.,7.,153.));
#10151 = DIRECTION('',(0.,-1.,0.));
#10152 = DIRECTION('',(0.,0.,-1.));
#10153 = FACE_BOUND('',#10154,.T.);
#10154 = EDGE_LOOP('',(#10155));
#10155 = ORIENTED_EDGE('',*,*,#10156,.T.);
#10156 = EDGE_CURVE('',#10157,#10157,#10159,.T.);
#10157 = VERTEX_POINT('',#10158);
#10158 = CARTESIAN_POINT('',(-191.7659812842,7.,169.98401871576));
#10159 = CIRCLE('',#10160,3.25);
#10160 = AXIS2_PLACEMENT_3D('',#10161,#10162,#10163);
#10161 = CARTESIAN_POINT('',(-191.7659812842,7.,173.23401871576));
#10162 = DIRECTION('',(0.,-1.,0.));
#10163 = DIRECTION('',(0.,0.,-1.));
#10164 = PLANE('',#10165);
#10165 = AXIS2_PLACEMENT_3D('',#10166,#10167,#10168);
#10166 = CARTESIAN_POINT('',(-271.,7.,94.));
#10167 = DIRECTION('',(0.,1.,0.));
#10168 = DIRECTION('',(0.,0.,1.));
#10169 = ADVANCED_FACE('',(#10170),#10181,.F.);
#10170 = FACE_BOUND('',#10171,.F.);
#10171 = EDGE_LOOP('',(#10172,#10173,#10174,#10180));
#10172 = ORIENTED_EDGE('',*,*,#9954,.F.);
#10173 = ORIENTED_EDGE('',*,*,#9984,.T.);
#10174 = ORIENTED_EDGE('',*,*,#10175,.T.);
#10175 = EDGE_CURVE('',#9985,#10095,#10176,.T.);
#10176 = LINE('',#10177,#10178);
#10177 = CARTESIAN_POINT('',(-179.,1.,94.));
#10178 = VECTOR('',#10179,1.);
#10179 = DIRECTION('',(0.,1.,0.));
#10180 = ORIENTED_EDGE('',*,*,#10094,.F.);
#10181 = PLANE('',#10182);
#10182 = AXIS2_PLACEMENT_3D('',#10183,#10184,#10185);
#10183 = CARTESIAN_POINT('',(-271.,1.,94.));
#10184 = DIRECTION('',(0.,0.,1.));
#10185 = DIRECTION('',(1.,0.,0.));
#10186 = ADVANCED_FACE('',(#10187),#10193,.T.);
#10187 = FACE_BOUND('',#10188,.T.);
#10188 = EDGE_LOOP('',(#10189,#10190,#10191,#10192));
#10189 = ORIENTED_EDGE('',*,*,#10001,.F.);
#10190 = ORIENTED_EDGE('',*,*,#10175,.T.);
#10191 = ORIENTED_EDGE('',*,*,#10104,.T.);
#10192 = ORIENTED_EDGE('',*,*,#10072,.F.);
#10193 = PLANE('',#10194);
#10194 = AXIS2_PLACEMENT_3D('',#10195,#10196,#10197);
#10195 = CARTESIAN_POINT('',(-179.,1.,94.));
#10196 = DIRECTION('',(1.,0.,0.));
#10197 = DIRECTION('',(0.,0.,1.));
#10198 = ADVANCED_FACE('',(#10199),#10210,.F.);
#10199 = FACE_BOUND('',#10200,.F.);
#10200 = EDGE_LOOP('',(#10201,#10202,#10208,#10209));
#10201 = ORIENTED_EDGE('',*,*,#10009,.F.);
#10202 = ORIENTED_EDGE('',*,*,#10203,.F.);
#10203 = EDGE_CURVE('',#10113,#10010,#10204,.T.);
#10204 = LINE('',#10205,#10206);
#10205 = CARTESIAN_POINT('',(-258.2340187157,8.,103.51598128423));
#10206 = VECTOR('',#10207,1.);
#10207 = DIRECTION('',(0.,-1.,0.));
#10208 = ORIENTED_EDGE('',*,*,#10112,.T.);
#10209 = ORIENTED_EDGE('',*,*,#10203,.T.);
#10210 = CYLINDRICAL_SURFACE('',#10211,3.25);
#10211 = AXIS2_PLACEMENT_3D('',#10212,#10213,#10214);
#10212 = CARTESIAN_POINT('',(-258.2340187157,8.,106.76598128423));
#10213 = DIRECTION('',(0.,-1.,0.));
#10214 = DIRECTION('',(0.,0.,-1.));
#10215 = ADVANCED_FACE('',(#10216),#10227,.F.);
#10216 = FACE_BOUND('',#10217,.F.);
#10217 = EDGE_LOOP('',(#10218,#10219,#10225,#10226));
#10218 = ORIENTED_EDGE('',*,*,#10020,.F.);
#10219 = ORIENTED_EDGE('',*,*,#10220,.F.);
#10220 = EDGE_CURVE('',#10124,#10021,#10221,.T.);
#10221 = LINE('',#10222,#10223);
#10222 = CARTESIAN_POINT('',(-258.2340187157,8.,169.98401871576));
#10223 = VECTOR('',#10224,1.);
#10224 = DIRECTION('',(0.,-1.,0.));
#10225 = ORIENTED_EDGE('',*,*,#10123,.T.);
#10226 = ORIENTED_EDGE('',*,*,#10220,.T.);
#10227 = CYLINDRICAL_SURFACE('',#10228,3.25);
#10228 = AXIS2_PLACEMENT_3D('',#10229,#10230,#10231);
#10229 = CARTESIAN_POINT('',(-258.2340187157,8.,173.23401871576));
#10230 = DIRECTION('',(0.,-1.,0.));
#10231 = DIRECTION('',(0.,0.,-1.));
#10232 = ADVANCED_FACE('',(#10233),#10244,.F.);
#10233 = FACE_BOUND('',#10234,.F.);
#10234 = EDGE_LOOP('',(#10235,#10236,#10242,#10243));
#10235 = ORIENTED_EDGE('',*,*,#10031,.F.);
#10236 = ORIENTED_EDGE('',*,*,#10237,.F.);
#10237 = EDGE_CURVE('',#10135,#10032,#10238,.T.);
#10238 = LINE('',#10239,#10240);
#10239 = CARTESIAN_POINT('',(-191.7659812842,8.,103.51598128423));
#10240 = VECTOR('',#10241,1.);
#10241 = DIRECTION('',(0.,-1.,0.));
#10242 = ORIENTED_EDGE('',*,*,#10134,.T.);
#10243 = ORIENTED_EDGE('',*,*,#10237,.T.);
#10244 = CYLINDRICAL_SURFACE('',#10245,3.25);
#10245 = AXIS2_PLACEMENT_3D('',#10246,#10247,#10248);
#10246 = CARTESIAN_POINT('',(-191.7659812842,8.,106.76598128423));
#10247 = DIRECTION('',(0.,-1.,0.));
#10248 = DIRECTION('',(0.,0.,-1.));
#10249 = ADVANCED_FACE('',(#10250),#10261,.F.);
#10250 = FACE_BOUND('',#10251,.F.);
#10251 = EDGE_LOOP('',(#10252,#10253,#10259,#10260));
#10252 = ORIENTED_EDGE('',*,*,#10042,.F.);
#10253 = ORIENTED_EDGE('',*,*,#10254,.F.);
#10254 = EDGE_CURVE('',#10146,#10043,#10255,.T.);
#10255 = LINE('',#10256,#10257);
#10256 = CARTESIAN_POINT('',(-225.,8.,135.5));
#10257 = VECTOR('',#10258,1.);
#10258 = DIRECTION('',(0.,-1.,0.));
#10259 = ORIENTED_EDGE('',*,*,#10145,.T.);
#10260 = ORIENTED_EDGE('',*,*,#10254,.T.);
#10261 = CYLINDRICAL_SURFACE('',#10262,17.5);
#10262 = AXIS2_PLACEMENT_3D('',#10263,#10264,#10265);
#10263 = CARTESIAN_POINT('',(-225.,8.,153.));
#10264 = DIRECTION('',(0.,-1.,0.));
#10265 = DIRECTION('',(0.,0.,-1.));
#10266 = ADVANCED_FACE('',(#10267),#10278,.F.);
#10267 = FACE_BOUND('',#10268,.F.);
#10268 = EDGE_LOOP('',(#10269,#10270,#10276,#10277));
#10269 = ORIENTED_EDGE('',*,*,#10053,.F.);
#10270 = ORIENTED_EDGE('',*,*,#10271,.F.);
#10271 = EDGE_CURVE('',#10157,#10054,#10272,.T.);
#10272 = LINE('',#10273,#10274);
#10273 = CARTESIAN_POINT('',(-191.7659812842,8.,169.98401871576));
#10274 = VECTOR('',#10275,1.);
#10275 = DIRECTION('',(0.,-1.,0.));
#10276 = ORIENTED_EDGE('',*,*,#10156,.T.);
#10277 = ORIENTED_EDGE('',*,*,#10271,.T.);
#10278 = CYLINDRICAL_SURFACE('',#10279,3.25);
#10279 = AXIS2_PLACEMENT_3D('',#10280,#10281,#10282);
#10280 = CARTESIAN_POINT('',(-191.7659812842,8.,173.23401871576));
#10281 = DIRECTION('',(0.,-1.,0.));
#10282 = DIRECTION('',(0.,0.,-1.));
#10283 = MANIFOLD_SOLID_BREP('',#10284);
#10284 = CLOSED_SHELL('',(#10285,#10325,#10365,#10387,#10409,#10421));
#10285 = ADVANCED_FACE('',(#10286),#10320,.F.);
#10286 = FACE_BOUND('',#10287,.F.);
#10287 = EDGE_LOOP('',(#10288,#10298,#10306,#10314));
#10288 = ORIENTED_EDGE('',*,*,#10289,.F.);
#10289 = EDGE_CURVE('',#10290,#10292,#10294,.T.);
#10290 = VERTEX_POINT('',#10291);
#10291 = CARTESIAN_POINT('',(-271.,-70.,95.));
#10292 = VERTEX_POINT('',#10293);
#10293 = CARTESIAN_POINT('',(-271.,-70.,100.));
#10294 = LINE('',#10295,#10296);
#10295 = CARTESIAN_POINT('',(-271.,-70.,95.));
#10296 = VECTOR('',#10297,1.);
#10297 = DIRECTION('',(0.,0.,1.));
#10298 = ORIENTED_EDGE('',*,*,#10299,.T.);
#10299 = EDGE_CURVE('',#10290,#10300,#10302,.T.);
#10300 = VERTEX_POINT('',#10301);
#10301 = CARTESIAN_POINT('',(-271.,70.,95.));
#10302 = LINE('',#10303,#10304);
#10303 = CARTESIAN_POINT('',(-271.,-70.,95.));
#10304 = VECTOR('',#10305,1.);
#10305 = DIRECTION('',(0.,1.,0.));
#10306 = ORIENTED_EDGE('',*,*,#10307,.T.);
#10307 = EDGE_CURVE('',#10300,#10308,#10310,.T.);
#10308 = VERTEX_POINT('',#10309);
#10309 = CARTESIAN_POINT('',(-271.,70.,100.));
#10310 = LINE('',#10311,#10312);
#10311 = CARTESIAN_POINT('',(-271.,70.,95.));
#10312 = VECTOR('',#10313,1.);
#10313 = DIRECTION('',(0.,0.,1.));
#10314 = ORIENTED_EDGE('',*,*,#10315,.F.);
#10315 = EDGE_CURVE('',#10292,#10308,#10316,.T.);
#10316 = LINE('',#10317,#10318);
#10317 = CARTESIAN_POINT('',(-271.,-70.,100.));
#10318 = VECTOR('',#10319,1.);
#10319 = DIRECTION('',(0.,1.,0.));
#10320 = PLANE('',#10321);
#10321 = AXIS2_PLACEMENT_3D('',#10322,#10323,#10324);
#10322 = CARTESIAN_POINT('',(-271.,-70.,95.));
#10323 = DIRECTION('',(1.,0.,0.));
#10324 = DIRECTION('',(0.,0.,1.));
#10325 = ADVANCED_FACE('',(#10326),#10360,.T.);
#10326 = FACE_BOUND('',#10327,.T.);
#10327 = EDGE_LOOP('',(#10328,#10338,#10346,#10354));
#10328 = ORIENTED_EDGE('',*,*,#10329,.F.);
#10329 = EDGE_CURVE('',#10330,#10332,#10334,.T.);
#10330 = VERTEX_POINT('',#10331);
#10331 = CARTESIAN_POINT('',(-179.,-70.,95.));
#10332 = VERTEX_POINT('',#10333);
#10333 = CARTESIAN_POINT('',(-179.,-70.,100.));
#10334 = LINE('',#10335,#10336);
#10335 = CARTESIAN_POINT('',(-179.,-70.,95.));
#10336 = VECTOR('',#10337,1.);
#10337 = DIRECTION('',(0.,0.,1.));
#10338 = ORIENTED_EDGE('',*,*,#10339,.T.);
#10339 = EDGE_CURVE('',#10330,#10340,#10342,.T.);
#10340 = VERTEX_POINT('',#10341);
#10341 = CARTESIAN_POINT('',(-179.,70.,95.));
#10342 = LINE('',#10343,#10344);
#10343 = CARTESIAN_POINT('',(-179.,-70.,95.));
#10344 = VECTOR('',#10345,1.);
#10345 = DIRECTION('',(0.,1.,0.));
#10346 = ORIENTED_EDGE('',*,*,#10347,.T.);
#10347 = EDGE_CURVE('',#10340,#10348,#10350,.T.);
#10348 = VERTEX_POINT('',#10349);
#10349 = CARTESIAN_POINT('',(-179.,70.,100.));
#10350 = LINE('',#10351,#10352);
#10351 = CARTESIAN_POINT('',(-179.,70.,95.));
#10352 = VECTOR('',#10353,1.);
#10353 = DIRECTION('',(0.,0.,1.));
#10354 = ORIENTED_EDGE('',*,*,#10355,.F.);
#10355 = EDGE_CURVE('',#10332,#10348,#10356,.T.);
#10356 = LINE('',#10357,#10358);
#10357 = CARTESIAN_POINT('',(-179.,-70.,100.));
#10358 = VECTOR('',#10359,1.);
#10359 = DIRECTION('',(0.,1.,0.));
#10360 = PLANE('',#10361);
#10361 = AXIS2_PLACEMENT_3D('',#10362,#10363,#10364);
#10362 = CARTESIAN_POINT('',(-179.,-70.,95.));
#10363 = DIRECTION('',(1.,0.,0.));
#10364 = DIRECTION('',(0.,0.,1.));
#10365 = ADVANCED_FACE('',(#10366),#10382,.F.);
#10366 = FACE_BOUND('',#10367,.F.);
#10367 = EDGE_LOOP('',(#10368,#10374,#10375,#10381));
#10368 = ORIENTED_EDGE('',*,*,#10369,.F.);
#10369 = EDGE_CURVE('',#10290,#10330,#10370,.T.);
#10370 = LINE('',#10371,#10372);
#10371 = CARTESIAN_POINT('',(-271.,-70.,95.));
#10372 = VECTOR('',#10373,1.);
#10373 = DIRECTION('',(1.,0.,0.));
#10374 = ORIENTED_EDGE('',*,*,#10289,.T.);
#10375 = ORIENTED_EDGE('',*,*,#10376,.T.);
#10376 = EDGE_CURVE('',#10292,#10332,#10377,.T.);
#10377 = LINE('',#10378,#10379);
#10378 = CARTESIAN_POINT('',(-271.,-70.,100.));
#10379 = VECTOR('',#10380,1.);
#10380 = DIRECTION('',(1.,0.,0.));
#10381 = ORIENTED_EDGE('',*,*,#10329,.F.);
#10382 = PLANE('',#10383);
#10383 = AXIS2_PLACEMENT_3D('',#10384,#10385,#10386);
#10384 = CARTESIAN_POINT('',(-271.,-70.,95.));
#10385 = DIRECTION('',(0.,1.,0.));
#10386 = DIRECTION('',(0.,0.,1.));
#10387 = ADVANCED_FACE('',(#10388),#10404,.T.);
#10388 = FACE_BOUND('',#10389,.T.);
#10389 = EDGE_LOOP('',(#10390,#10396,#10397,#10403));
#10390 = ORIENTED_EDGE('',*,*,#10391,.F.);
#10391 = EDGE_CURVE('',#10300,#10340,#10392,.T.);
#10392 = LINE('',#10393,#10394);
#10393 = CARTESIAN_POINT('',(-271.,70.,95.));
#10394 = VECTOR('',#10395,1.);
#10395 = DIRECTION('',(1.,0.,0.));
#10396 = ORIENTED_EDGE('',*,*,#10307,.T.);
#10397 = ORIENTED_EDGE('',*,*,#10398,.T.);
#10398 = EDGE_CURVE('',#10308,#10348,#10399,.T.);
#10399 = LINE('',#10400,#10401);
#10400 = CARTESIAN_POINT('',(-271.,70.,100.));
#10401 = VECTOR('',#10402,1.);
#10402 = DIRECTION('',(1.,0.,0.));
#10403 = ORIENTED_EDGE('',*,*,#10347,.F.);
#10404 = PLANE('',#10405);
#10405 = AXIS2_PLACEMENT_3D('',#10406,#10407,#10408);
#10406 = CARTESIAN_POINT('',(-271.,70.,95.));
#10407 = DIRECTION('',(0.,1.,0.));
#10408 = DIRECTION('',(0.,0.,1.));
#10409 = ADVANCED_FACE('',(#10410),#10416,.F.);
#10410 = FACE_BOUND('',#10411,.F.);
#10411 = EDGE_LOOP('',(#10412,#10413,#10414,#10415));
#10412 = ORIENTED_EDGE('',*,*,#10299,.F.);
#10413 = ORIENTED_EDGE('',*,*,#10369,.T.);
#10414 = ORIENTED_EDGE('',*,*,#10339,.T.);
#10415 = ORIENTED_EDGE('',*,*,#10391,.F.);
#10416 = PLANE('',#10417);
#10417 = AXIS2_PLACEMENT_3D('',#10418,#10419,#10420);
#10418 = CARTESIAN_POINT('',(-271.,-70.,95.));
#10419 = DIRECTION('',(0.,0.,1.));
#10420 = DIRECTION('',(1.,0.,0.));
#10421 = ADVANCED_FACE('',(#10422),#10428,.T.);
#10422 = FACE_BOUND('',#10423,.T.);
#10423 = EDGE_LOOP('',(#10424,#10425,#10426,#10427));
#10424 = ORIENTED_EDGE('',*,*,#10315,.F.);
#10425 = ORIENTED_EDGE('',*,*,#10376,.T.);
#10426 = ORIENTED_EDGE('',*,*,#10355,.T.);
#10427 = ORIENTED_EDGE('',*,*,#10398,.F.);
#10428 = PLANE('',#10429);
#10429 = AXIS2_PLACEMENT_3D('',#10430,#10431,#10432);
#10430 = CARTESIAN_POINT('',(-271.,-70.,100.));
#10431 = DIRECTION('',(0.,0.,1.));
#10432 = DIRECTION('',(1.,0.,0.));
#10433 = MANIFOLD_SOLID_BREP('',#10434);
#10434 = CLOSED_SHELL('',(#10435,#10468,#10488,#10508));
#10435 = ADVANCED_FACE('',(#10436),#10463,.T.);
#10436 = FACE_BOUND('',#10437,.T.);
#10437 = EDGE_LOOP('',(#10438,#10447,#10455,#10462));
#10438 = ORIENTED_EDGE('',*,*,#10439,.F.);
#10439 = EDGE_CURVE('',#10440,#10440,#10442,.T.);
#10440 = VERTEX_POINT('',#10441);
#10441 = CARTESIAN_POINT('',(-225.,-52.73357581182,141.));
#10442 = CIRCLE('',#10443,12.);
#10443 = AXIS2_PLACEMENT_3D('',#10444,#10445,#10446);
#10444 = CARTESIAN_POINT('',(-225.,-52.73357581182,153.));
#10445 = DIRECTION('',(0.,-1.,0.));
#10446 = DIRECTION('',(0.,0.,-1.));
#10447 = ORIENTED_EDGE('',*,*,#10448,.F.);
#10448 = EDGE_CURVE('',#10449,#10440,#10451,.T.);
#10449 = VERTEX_POINT('',#10450);
#10450 = CARTESIAN_POINT('',(-225.,-15.,141.));
#10451 = LINE('',#10452,#10453);
#10452 = CARTESIAN_POINT('',(-225.,-15.,141.));
#10453 = VECTOR('',#10454,1.);
#10454 = DIRECTION('',(0.,-1.,0.));
#10455 = ORIENTED_EDGE('',*,*,#10456,.T.);
#10456 = EDGE_CURVE('',#10449,#10449,#10457,.T.);
#10457 = CIRCLE('',#10458,12.);
#10458 = AXIS2_PLACEMENT_3D('',#10459,#10460,#10461);
#10459 = CARTESIAN_POINT('',(-225.,-15.,153.));
#10460 = DIRECTION('',(0.,-1.,0.));
#10461 = DIRECTION('',(0.,0.,-1.));
#10462 = ORIENTED_EDGE('',*,*,#10448,.T.);
#10463 = CYLINDRICAL_SURFACE('',#10464,12.);
#10464 = AXIS2_PLACEMENT_3D('',#10465,#10466,#10467);
#10465 = CARTESIAN_POINT('',(-225.,-15.,153.));
#10466 = DIRECTION('',(0.,-1.,0.));
#10467 = DIRECTION('',(0.,0.,-1.));
#10468 = ADVANCED_FACE('',(#10469,#10472),#10483,.T.);
#10469 = FACE_BOUND('',#10470,.T.);
#10470 = EDGE_LOOP('',(#10471));
#10471 = ORIENTED_EDGE('',*,*,#10439,.T.);
#10472 = FACE_BOUND('',#10473,.T.);
#10473 = EDGE_LOOP('',(#10474));
#10474 = ORIENTED_EDGE('',*,*,#10475,.F.);
#10475 = EDGE_CURVE('',#10476,#10476,#10478,.T.);
#10476 = VERTEX_POINT('',#10477);
#10477 = CARTESIAN_POINT('',(-225.,-52.73357581182,145.5));
#10478 = CIRCLE('',#10479,7.5);
#10479 = AXIS2_PLACEMENT_3D('',#10480,#10481,#10482);
#10480 = CARTESIAN_POINT('',(-225.,-52.73357581182,153.));
#10481 = DIRECTION('',(0.,-1.,0.));
#10482 = DIRECTION('',(0.,0.,-1.));
#10483 = PLANE('',#10484);
#10484 = AXIS2_PLACEMENT_3D('',#10485,#10486,#10487);
#10485 = CARTESIAN_POINT('',(-225.,-52.73357581182,153.));
#10486 = DIRECTION('',(0.,-1.,0.));
#10487 = DIRECTION('',(0.,0.,-1.));
#10488 = ADVANCED_FACE('',(#10489,#10492),#10503,.F.);
#10489 = FACE_BOUND('',#10490,.F.);
#10490 = EDGE_LOOP('',(#10491));
#10491 = ORIENTED_EDGE('',*,*,#10456,.T.);
#10492 = FACE_BOUND('',#10493,.F.);
#10493 = EDGE_LOOP('',(#10494));
#10494 = ORIENTED_EDGE('',*,*,#10495,.F.);
#10495 = EDGE_CURVE('',#10496,#10496,#10498,.T.);
#10496 = VERTEX_POINT('',#10497);
#10497 = CARTESIAN_POINT('',(-225.,-15.,145.5));
#10498 = CIRCLE('',#10499,7.5);
#10499 = AXIS2_PLACEMENT_3D('',#10500,#10501,#10502);
#10500 = CARTESIAN_POINT('',(-225.,-15.,153.));
#10501 = DIRECTION('',(0.,-1.,0.));
#10502 = DIRECTION('',(0.,0.,-1.));
#10503 = PLANE('',#10504);
#10504 = AXIS2_PLACEMENT_3D('',#10505,#10506,#10507);
#10505 = CARTESIAN_POINT('',(-225.,-15.,153.));
#10506 = DIRECTION('',(0.,-1.,0.));
#10507 = DIRECTION('',(0.,0.,-1.));
#10508 = ADVANCED_FACE('',(#10509),#10520,.F.);
#10509 = FACE_BOUND('',#10510,.F.);
#10510 = EDGE_LOOP('',(#10511,#10512,#10518,#10519));
#10511 = ORIENTED_EDGE('',*,*,#10475,.F.);
#10512 = ORIENTED_EDGE('',*,*,#10513,.F.);
#10513 = EDGE_CURVE('',#10496,#10476,#10514,.T.);
#10514 = LINE('',#10515,#10516);
#10515 = CARTESIAN_POINT('',(-225.,-15.,145.5));
#10516 = VECTOR('',#10517,1.);
#10517 = DIRECTION('',(0.,-1.,0.));
#10518 = ORIENTED_EDGE('',*,*,#10495,.T.);
#10519 = ORIENTED_EDGE('',*,*,#10513,.T.);
#10520 = CYLINDRICAL_SURFACE('',#10521,7.5);
#10521 = AXIS2_PLACEMENT_3D('',#10522,#10523,#10524);
#10522 = CARTESIAN_POINT('',(-225.,-15.,153.));
#10523 = DIRECTION('',(0.,-1.,0.));
#10524 = DIRECTION('',(0.,0.,-1.));
#10525 = MANIFOLD_SOLID_BREP('',#10526);
#10526 = CLOSED_SHELL('',(#10527,#10560,#10580,#10600));
#10527 = ADVANCED_FACE('',(#10528),#10555,.T.);
#10528 = FACE_BOUND('',#10529,.T.);
#10529 = EDGE_LOOP('',(#10530,#10539,#10547,#10554));
#10530 = ORIENTED_EDGE('',*,*,#10531,.F.);
#10531 = EDGE_CURVE('',#10532,#10532,#10534,.T.);
#10532 = VERTEX_POINT('',#10533);
#10533 = CARTESIAN_POINT('',(-225.,-58.73357581182,143.));
#10534 = CIRCLE('',#10535,10.);
#10535 = AXIS2_PLACEMENT_3D('',#10536,#10537,#10538);
#10536 = CARTESIAN_POINT('',(-225.,-58.73357581182,153.));
#10537 = DIRECTION('',(0.,-1.,0.));
#10538 = DIRECTION('',(0.,0.,-1.));
#10539 = ORIENTED_EDGE('',*,*,#10540,.F.);
#10540 = EDGE_CURVE('',#10541,#10532,#10543,.T.);
#10541 = VERTEX_POINT('',#10542);
#10542 = CARTESIAN_POINT('',(-225.,-46.73357581182,143.));
#10543 = LINE('',#10544,#10545);
#10544 = CARTESIAN_POINT('',(-225.,-46.73357581182,143.));
#10545 = VECTOR('',#10546,1.);
#10546 = DIRECTION('',(0.,-1.,0.));
#10547 = ORIENTED_EDGE('',*,*,#10548,.T.);
#10548 = EDGE_CURVE('',#10541,#10541,#10549,.T.);
#10549 = CIRCLE('',#10550,10.);
#10550 = AXIS2_PLACEMENT_3D('',#10551,#10552,#10553);
#10551 = CARTESIAN_POINT('',(-225.,-46.73357581182,153.));
#10552 = DIRECTION('',(0.,-1.,0.));
#10553 = DIRECTION('',(0.,0.,-1.));
#10554 = ORIENTED_EDGE('',*,*,#10540,.T.);
#10555 = CYLINDRICAL_SURFACE('',#10556,10.);
#10556 = AXIS2_PLACEMENT_3D('',#10557,#10558,#10559);
#10557 = CARTESIAN_POINT('',(-225.,-46.73357581182,153.));
#10558 = DIRECTION('',(0.,-1.,0.));
#10559 = DIRECTION('',(0.,0.,-1.));
#10560 = ADVANCED_FACE('',(#10561,#10564),#10575,.T.);
#10561 = FACE_BOUND('',#10562,.T.);
#10562 = EDGE_LOOP('',(#10563));
#10563 = ORIENTED_EDGE('',*,*,#10531,.T.);
#10564 = FACE_BOUND('',#10565,.T.);
#10565 = EDGE_LOOP('',(#10566));
#10566 = ORIENTED_EDGE('',*,*,#10567,.F.);
#10567 = EDGE_CURVE('',#10568,#10568,#10570,.T.);
#10568 = VERTEX_POINT('',#10569);
#10569 = CARTESIAN_POINT('',(-225.,-58.73357581182,148.));
#10570 = CIRCLE('',#10571,5.);
#10571 = AXIS2_PLACEMENT_3D('',#10572,#10573,#10574);
#10572 = CARTESIAN_POINT('',(-225.,-58.73357581182,153.));
#10573 = DIRECTION('',(0.,-1.,0.));
#10574 = DIRECTION('',(0.,0.,-1.));
#10575 = PLANE('',#10576);
#10576 = AXIS2_PLACEMENT_3D('',#10577,#10578,#10579);
#10577 = CARTESIAN_POINT('',(-225.,-58.73357581182,153.));
#10578 = DIRECTION('',(0.,-1.,0.));
#10579 = DIRECTION('',(0.,0.,-1.));
#10580 = ADVANCED_FACE('',(#10581,#10584),#10595,.F.);
#10581 = FACE_BOUND('',#10582,.F.);
#10582 = EDGE_LOOP('',(#10583));
#10583 = ORIENTED_EDGE('',*,*,#10548,.T.);
#10584 = FACE_BOUND('',#10585,.F.);
#10585 = EDGE_LOOP('',(#10586));
#10586 = ORIENTED_EDGE('',*,*,#10587,.F.);
#10587 = EDGE_CURVE('',#10588,#10588,#10590,.T.);
#10588 = VERTEX_POINT('',#10589);
#10589 = CARTESIAN_POINT('',(-225.,-46.73357581182,148.));
#10590 = CIRCLE('',#10591,5.);
#10591 = AXIS2_PLACEMENT_3D('',#10592,#10593,#10594);
#10592 = CARTESIAN_POINT('',(-225.,-46.73357581182,153.));
#10593 = DIRECTION('',(0.,-1.,0.));
#10594 = DIRECTION('',(0.,0.,-1.));
#10595 = PLANE('',#10596);
#10596 = AXIS2_PLACEMENT_3D('',#10597,#10598,#10599);
#10597 = CARTESIAN_POINT('',(-225.,-46.73357581182,153.));
#10598 = DIRECTION('',(0.,-1.,0.));
#10599 = DIRECTION('',(0.,0.,-1.));
#10600 = ADVANCED_FACE('',(#10601),#10612,.F.);
#10601 = FACE_BOUND('',#10602,.F.);
#10602 = EDGE_LOOP('',(#10603,#10604,#10610,#10611));
#10603 = ORIENTED_EDGE('',*,*,#10567,.F.);
#10604 = ORIENTED_EDGE('',*,*,#10605,.F.);
#10605 = EDGE_CURVE('',#10588,#10568,#10606,.T.);
#10606 = LINE('',#10607,#10608);
#10607 = CARTESIAN_POINT('',(-225.,-46.73357581182,148.));
#10608 = VECTOR('',#10609,1.);
#10609 = DIRECTION('',(0.,-1.,0.));
#10610 = ORIENTED_EDGE('',*,*,#10587,.T.);
#10611 = ORIENTED_EDGE('',*,*,#10605,.T.);
#10612 = CYLINDRICAL_SURFACE('',#10613,5.);
#10613 = AXIS2_PLACEMENT_3D('',#10614,#10615,#10616);
#10614 = CARTESIAN_POINT('',(-225.,-46.73357581182,153.));
#10615 = DIRECTION('',(0.,-1.,0.));
#10616 = DIRECTION('',(0.,0.,-1.));
#10617 = MANIFOLD_SOLID_BREP('',#10618);
#10618 = CLOSED_SHELL('',(#10619,#10652,#10661));
#10619 = ADVANCED_FACE('',(#10620),#10647,.T.);
#10620 = FACE_BOUND('',#10621,.T.);
#10621 = EDGE_LOOP('',(#10622,#10631,#10639,#10646));
#10622 = ORIENTED_EDGE('',*,*,#10623,.F.);
#10623 = EDGE_CURVE('',#10624,#10624,#10626,.T.);
#10624 = VERTEX_POINT('',#10625);
#10625 = CARTESIAN_POINT('',(-180.,-163.4374317776,81.939066468958));
#10626 = CIRCLE('',#10627,3.);
#10627 = AXIS2_PLACEMENT_3D('',#10628,#10629,#10630);
#10628 = CARTESIAN_POINT('',(-180.,-165.,84.5));
#10629 = DIRECTION('',(0.323741007194,-0.807672116462,-0.492805755396));
#10630 = DIRECTION('',(3.013749268218E-18,0.520856074126,-0.853644510347
    ));
#10631 = ORIENTED_EDGE('',*,*,#10632,.F.);
#10632 = EDGE_CURVE('',#10633,#10624,#10635,.T.);
#10633 = VERTEX_POINT('',#10634);
#10634 = CARTESIAN_POINT('',(-225.,-51.17100758944,150.43906646895));
#10635 = LINE('',#10636,#10637);
#10636 = CARTESIAN_POINT('',(-225.,-51.17100758944,150.43906646895));
#10637 = VECTOR('',#10638,1.);
#10638 = DIRECTION('',(0.323741007194,-0.807672116462,-0.492805755396));
#10639 = ORIENTED_EDGE('',*,*,#10640,.T.);
#10640 = EDGE_CURVE('',#10633,#10633,#10641,.T.);
#10641 = CIRCLE('',#10642,3.);
#10642 = AXIS2_PLACEMENT_3D('',#10643,#10644,#10645);
#10643 = CARTESIAN_POINT('',(-225.,-52.73357581182,153.));
#10644 = DIRECTION('',(0.323741007194,-0.807672116462,-0.492805755396));
#10645 = DIRECTION('',(3.013749268218E-18,0.520856074126,-0.853644510347
    ));
#10646 = ORIENTED_EDGE('',*,*,#10632,.T.);
#10647 = CYLINDRICAL_SURFACE('',#10648,3.);
#10648 = AXIS2_PLACEMENT_3D('',#10649,#10650,#10651);
#10649 = CARTESIAN_POINT('',(-225.,-52.73357581182,153.));
#10650 = DIRECTION('',(0.323741007194,-0.807672116462,-0.492805755396));
#10651 = DIRECTION('',(3.013749268218E-18,0.520856074126,-0.853644510347
    ));
#10652 = ADVANCED_FACE('',(#10653),#10656,.T.);
#10653 = FACE_BOUND('',#10654,.T.);
#10654 = EDGE_LOOP('',(#10655));
#10655 = ORIENTED_EDGE('',*,*,#10623,.T.);
#10656 = PLANE('',#10657);
#10657 = AXIS2_PLACEMENT_3D('',#10658,#10659,#10660);
#10658 = CARTESIAN_POINT('',(-180.,-165.,84.5));
#10659 = DIRECTION('',(0.323741007194,-0.807672116462,-0.492805755396));
#10660 = DIRECTION('',(3.013749268218E-18,0.520856074126,-0.853644510347
    ));
#10661 = ADVANCED_FACE('',(#10662),#10665,.F.);
#10662 = FACE_BOUND('',#10663,.T.);
#10663 = EDGE_LOOP('',(#10664));
#10664 = ORIENTED_EDGE('',*,*,#10640,.F.);
#10665 = PLANE('',#10666);
#10666 = AXIS2_PLACEMENT_3D('',#10667,#10668,#10669);
#10667 = CARTESIAN_POINT('',(-225.,-52.73357581182,153.));
#10668 = DIRECTION('',(0.323741007194,-0.807672116462,-0.492805755396));
#10669 = DIRECTION('',(3.013749268218E-18,0.520856074126,-0.853644510347
    ));
#10670 = MANIFOLD_SOLID_BREP('',#10671);
#10671 = CLOSED_SHELL('',(#10672,#10705,#10725,#10734,#10759,#10779,
    #10804));
#10672 = ADVANCED_FACE('',(#10673),#10700,.T.);
#10673 = FACE_BOUND('',#10674,.T.);
#10674 = EDGE_LOOP('',(#10675,#10685,#10692,#10693));
#10675 = ORIENTED_EDGE('',*,*,#10676,.T.);
#10676 = EDGE_CURVE('',#10677,#10679,#10681,.T.);
#10677 = VERTEX_POINT('',#10678);
#10678 = CARTESIAN_POINT('',(-180.,-163.,80.5));
#10679 = VERTEX_POINT('',#10680);
#10680 = CARTESIAN_POINT('',(-180.,-195.,80.5));
#10681 = LINE('',#10682,#10683);
#10682 = CARTESIAN_POINT('',(-180.,-150.,80.5));
#10683 = VECTOR('',#10684,1.);
#10684 = DIRECTION('',(0.,-1.,0.));
#10685 = ORIENTED_EDGE('',*,*,#10686,.F.);
#10686 = EDGE_CURVE('',#10679,#10679,#10687,.T.);
#10687 = CIRCLE('',#10688,4.);
#10688 = AXIS2_PLACEMENT_3D('',#10689,#10690,#10691);
#10689 = CARTESIAN_POINT('',(-180.,-195.,84.5));
#10690 = DIRECTION('',(0.,-1.,0.));
#10691 = DIRECTION('',(0.,0.,-1.));
#10692 = ORIENTED_EDGE('',*,*,#10676,.F.);
#10693 = ORIENTED_EDGE('',*,*,#10694,.T.);
#10694 = EDGE_CURVE('',#10677,#10677,#10695,.T.);
#10695 = CIRCLE('',#10696,4.);
#10696 = AXIS2_PLACEMENT_3D('',#10697,#10698,#10699);
#10697 = CARTESIAN_POINT('',(-180.,-163.,84.5));
#10698 = DIRECTION('',(0.,-1.,0.));
#10699 = DIRECTION('',(0.,0.,-1.));
#10700 = CYLINDRICAL_SURFACE('',#10701,4.);
#10701 = AXIS2_PLACEMENT_3D('',#10702,#10703,#10704);
#10702 = CARTESIAN_POINT('',(-180.,-150.,84.5));
#10703 = DIRECTION('',(0.,-1.,0.));
#10704 = DIRECTION('',(0.,0.,-1.));
#10705 = ADVANCED_FACE('',(#10706,#10717),#10720,.T.);
#10706 = FACE_BOUND('',#10707,.T.);
#10707 = EDGE_LOOP('',(#10708));
#10708 = ORIENTED_EDGE('',*,*,#10709,.T.);
#10709 = EDGE_CURVE('',#10710,#10710,#10712,.T.);
#10710 = VERTEX_POINT('',#10711);
#10711 = CARTESIAN_POINT('',(-180.,-163.,77.));
#10712 = CIRCLE('',#10713,7.5);
#10713 = AXIS2_PLACEMENT_3D('',#10714,#10715,#10716);
#10714 = CARTESIAN_POINT('',(-180.,-163.,84.5));
#10715 = DIRECTION('',(0.,-1.,0.));
#10716 = DIRECTION('',(0.,0.,-1.));
#10717 = FACE_BOUND('',#10718,.T.);
#10718 = EDGE_LOOP('',(#10719));
#10719 = ORIENTED_EDGE('',*,*,#10694,.F.);
#10720 = PLANE('',#10721);
#10721 = AXIS2_PLACEMENT_3D('',#10722,#10723,#10724);
#10722 = CARTESIAN_POINT('',(-180.,-163.,84.5));
#10723 = DIRECTION('',(0.,-1.,0.));
#10724 = DIRECTION('',(0.,0.,-1.));
#10725 = ADVANCED_FACE('',(#10726),#10729,.T.);
#10726 = FACE_BOUND('',#10727,.T.);
#10727 = EDGE_LOOP('',(#10728));
#10728 = ORIENTED_EDGE('',*,*,#10686,.T.);
#10729 = PLANE('',#10730);
#10730 = AXIS2_PLACEMENT_3D('',#10731,#10732,#10733);
#10731 = CARTESIAN_POINT('',(-180.,-195.,84.5));
#10732 = DIRECTION('',(0.,-1.,0.));
#10733 = DIRECTION('',(0.,0.,-1.));
#10734 = ADVANCED_FACE('',(#10735),#10754,.T.);
#10735 = FACE_BOUND('',#10736,.T.);
#10736 = EDGE_LOOP('',(#10737,#10738,#10746,#10753));
#10737 = ORIENTED_EDGE('',*,*,#10709,.F.);
#10738 = ORIENTED_EDGE('',*,*,#10739,.F.);
#10739 = EDGE_CURVE('',#10740,#10710,#10742,.T.);
#10740 = VERTEX_POINT('',#10741);
#10741 = CARTESIAN_POINT('',(-180.,-154.,77.));
#10742 = LINE('',#10743,#10744);
#10743 = CARTESIAN_POINT('',(-180.,-154.,77.));
#10744 = VECTOR('',#10745,1.);
#10745 = DIRECTION('',(0.,-1.,0.));
#10746 = ORIENTED_EDGE('',*,*,#10747,.T.);
#10747 = EDGE_CURVE('',#10740,#10740,#10748,.T.);
#10748 = CIRCLE('',#10749,7.5);
#10749 = AXIS2_PLACEMENT_3D('',#10750,#10751,#10752);
#10750 = CARTESIAN_POINT('',(-180.,-154.,84.5));
#10751 = DIRECTION('',(0.,-1.,0.));
#10752 = DIRECTION('',(0.,0.,-1.));
#10753 = ORIENTED_EDGE('',*,*,#10739,.T.);
#10754 = CYLINDRICAL_SURFACE('',#10755,7.5);
#10755 = AXIS2_PLACEMENT_3D('',#10756,#10757,#10758);
#10756 = CARTESIAN_POINT('',(-180.,-154.,84.5));
#10757 = DIRECTION('',(0.,-1.,0.));
#10758 = DIRECTION('',(0.,0.,-1.));
#10759 = ADVANCED_FACE('',(#10760,#10763),#10774,.F.);
#10760 = FACE_BOUND('',#10761,.F.);
#10761 = EDGE_LOOP('',(#10762));
#10762 = ORIENTED_EDGE('',*,*,#10747,.T.);
#10763 = FACE_BOUND('',#10764,.F.);
#10764 = EDGE_LOOP('',(#10765));
#10765 = ORIENTED_EDGE('',*,*,#10766,.F.);
#10766 = EDGE_CURVE('',#10767,#10767,#10769,.T.);
#10767 = VERTEX_POINT('',#10768);
#10768 = CARTESIAN_POINT('',(-180.,-154.,80.5));
#10769 = CIRCLE('',#10770,4.);
#10770 = AXIS2_PLACEMENT_3D('',#10771,#10772,#10773);
#10771 = CARTESIAN_POINT('',(-180.,-154.,84.5));
#10772 = DIRECTION('',(0.,-1.,0.));
#10773 = DIRECTION('',(0.,0.,-1.));
#10774 = PLANE('',#10775);
#10775 = AXIS2_PLACEMENT_3D('',#10776,#10777,#10778);
#10776 = CARTESIAN_POINT('',(-180.,-154.,84.5));
#10777 = DIRECTION('',(0.,-1.,0.));
#10778 = DIRECTION('',(0.,0.,-1.));
#10779 = ADVANCED_FACE('',(#10780),#10799,.T.);
#10780 = FACE_BOUND('',#10781,.T.);
#10781 = EDGE_LOOP('',(#10782,#10783,#10791,#10798));
#10782 = ORIENTED_EDGE('',*,*,#10766,.F.);
#10783 = ORIENTED_EDGE('',*,*,#10784,.F.);
#10784 = EDGE_CURVE('',#10785,#10767,#10787,.T.);
#10785 = VERTEX_POINT('',#10786);
#10786 = CARTESIAN_POINT('',(-180.,-150.,80.5));
#10787 = LINE('',#10788,#10789);
#10788 = CARTESIAN_POINT('',(-180.,-150.,80.5));
#10789 = VECTOR('',#10790,1.);
#10790 = DIRECTION('',(0.,-1.,0.));
#10791 = ORIENTED_EDGE('',*,*,#10792,.T.);
#10792 = EDGE_CURVE('',#10785,#10785,#10793,.T.);
#10793 = CIRCLE('',#10794,4.);
#10794 = AXIS2_PLACEMENT_3D('',#10795,#10796,#10797);
#10795 = CARTESIAN_POINT('',(-180.,-150.,84.5));
#10796 = DIRECTION('',(0.,-1.,0.));
#10797 = DIRECTION('',(0.,0.,-1.));
#10798 = ORIENTED_EDGE('',*,*,#10784,.T.);
#10799 = CYLINDRICAL_SURFACE('',#10800,4.);
#10800 = AXIS2_PLACEMENT_3D('',#10801,#10802,#10803);
#10801 = CARTESIAN_POINT('',(-180.,-150.,84.5));
#10802 = DIRECTION('',(0.,-1.,0.));
#10803 = DIRECTION('',(0.,0.,-1.));
#10804 = ADVANCED_FACE('',(#10805),#10808,.F.);
#10805 = FACE_BOUND('',#10806,.T.);
#10806 = EDGE_LOOP('',(#10807));
#10807 = ORIENTED_EDGE('',*,*,#10792,.F.);
#10808 = PLANE('',#10809);
#10809 = AXIS2_PLACEMENT_3D('',#10810,#10811,#10812);
#10810 = CARTESIAN_POINT('',(-180.,-150.,84.5));
#10811 = DIRECTION('',(0.,-1.,0.));
#10812 = DIRECTION('',(0.,0.,-1.));
#10813 = MANIFOLD_SOLID_BREP('',#10814);
#10814 = CLOSED_SHELL('',(#10815,#10848,#10868,#10888));
#10815 = ADVANCED_FACE('',(#10816),#10843,.T.);
#10816 = FACE_BOUND('',#10817,.T.);
#10817 = EDGE_LOOP('',(#10818,#10827,#10835,#10842));
#10818 = ORIENTED_EDGE('',*,*,#10819,.F.);
#10819 = EDGE_CURVE('',#10820,#10820,#10822,.T.);
#10820 = VERTEX_POINT('',#10821);
#10821 = CARTESIAN_POINT('',(-180.,-230.5,1.454720623699E-15));
#10822 = CIRCLE('',#10823,84.5);
#10823 = AXIS2_PLACEMENT_3D('',#10824,#10825,#10826);
#10824 = CARTESIAN_POINT('',(-180.,-230.5,84.5));
#10825 = DIRECTION('',(0.,-1.,0.));
#10826 = DIRECTION('',(0.,0.,-1.));
#10827 = ORIENTED_EDGE('',*,*,#10828,.F.);
#10828 = EDGE_CURVE('',#10829,#10820,#10831,.T.);
#10829 = VERTEX_POINT('',#10830);
#10830 = CARTESIAN_POINT('',(-180.,-149.,1.454720623699E-15));
#10831 = LINE('',#10832,#10833);
#10832 = CARTESIAN_POINT('',(-180.,-149.,1.454720623699E-15));
#10833 = VECTOR('',#10834,1.);
#10834 = DIRECTION('',(0.,-1.,0.));
#10835 = ORIENTED_EDGE('',*,*,#10836,.T.);
#10836 = EDGE_CURVE('',#10829,#10829,#10837,.T.);
#10837 = CIRCLE('',#10838,84.5);
#10838 = AXIS2_PLACEMENT_3D('',#10839,#10840,#10841);
#10839 = CARTESIAN_POINT('',(-180.,-149.,84.5));
#10840 = DIRECTION('',(0.,-1.,0.));
#10841 = DIRECTION('',(0.,0.,-1.));
#10842 = ORIENTED_EDGE('',*,*,#10828,.T.);
#10843 = CYLINDRICAL_SURFACE('',#10844,84.5);
#10844 = AXIS2_PLACEMENT_3D('',#10845,#10846,#10847);
#10845 = CARTESIAN_POINT('',(-180.,-149.,84.5));
#10846 = DIRECTION('',(0.,-1.,0.));
#10847 = DIRECTION('',(0.,0.,-1.));
#10848 = ADVANCED_FACE('',(#10849,#10852),#10863,.T.);
#10849 = FACE_BOUND('',#10850,.T.);
#10850 = EDGE_LOOP('',(#10851));
#10851 = ORIENTED_EDGE('',*,*,#10819,.T.);
#10852 = FACE_BOUND('',#10853,.T.);
#10853 = EDGE_LOOP('',(#10854));
#10854 = ORIENTED_EDGE('',*,*,#10855,.F.);
#10855 = EDGE_CURVE('',#10856,#10856,#10858,.T.);
#10856 = VERTEX_POINT('',#10857);
#10857 = CARTESIAN_POINT('',(-180.,-230.5,36.));
#10858 = CIRCLE('',#10859,48.5);
#10859 = AXIS2_PLACEMENT_3D('',#10860,#10861,#10862);
#10860 = CARTESIAN_POINT('',(-180.,-230.5,84.5));
#10861 = DIRECTION('',(0.,-1.,0.));
#10862 = DIRECTION('',(0.,0.,-1.));
#10863 = PLANE('',#10864);
#10864 = AXIS2_PLACEMENT_3D('',#10865,#10866,#10867);
#10865 = CARTESIAN_POINT('',(-180.,-230.5,84.5));
#10866 = DIRECTION('',(0.,-1.,0.));
#10867 = DIRECTION('',(0.,0.,-1.));
#10868 = ADVANCED_FACE('',(#10869,#10872),#10883,.F.);
#10869 = FACE_BOUND('',#10870,.F.);
#10870 = EDGE_LOOP('',(#10871));
#10871 = ORIENTED_EDGE('',*,*,#10836,.T.);
#10872 = FACE_BOUND('',#10873,.F.);
#10873 = EDGE_LOOP('',(#10874));
#10874 = ORIENTED_EDGE('',*,*,#10875,.F.);
#10875 = EDGE_CURVE('',#10876,#10876,#10878,.T.);
#10876 = VERTEX_POINT('',#10877);
#10877 = CARTESIAN_POINT('',(-180.,-149.,36.));
#10878 = CIRCLE('',#10879,48.5);
#10879 = AXIS2_PLACEMENT_3D('',#10880,#10881,#10882);
#10880 = CARTESIAN_POINT('',(-180.,-149.,84.5));
#10881 = DIRECTION('',(0.,-1.,0.));
#10882 = DIRECTION('',(0.,0.,-1.));
#10883 = PLANE('',#10884);
#10884 = AXIS2_PLACEMENT_3D('',#10885,#10886,#10887);
#10885 = CARTESIAN_POINT('',(-180.,-149.,84.5));
#10886 = DIRECTION('',(0.,-1.,0.));
#10887 = DIRECTION('',(0.,0.,-1.));
#10888 = ADVANCED_FACE('',(#10889),#10900,.F.);
#10889 = FACE_BOUND('',#10890,.F.);
#10890 = EDGE_LOOP('',(#10891,#10892,#10898,#10899));
#10891 = ORIENTED_EDGE('',*,*,#10855,.F.);
#10892 = ORIENTED_EDGE('',*,*,#10893,.F.);
#10893 = EDGE_CURVE('',#10876,#10856,#10894,.T.);
#10894 = LINE('',#10895,#10896);
#10895 = CARTESIAN_POINT('',(-180.,-149.,36.));
#10896 = VECTOR('',#10897,1.);
#10897 = DIRECTION('',(0.,-1.,0.));
#10898 = ORIENTED_EDGE('',*,*,#10875,.T.);
#10899 = ORIENTED_EDGE('',*,*,#10893,.T.);
#10900 = CYLINDRICAL_SURFACE('',#10901,48.5);
#10901 = AXIS2_PLACEMENT_3D('',#10902,#10903,#10904);
#10902 = CARTESIAN_POINT('',(-180.,-149.,84.5));
#10903 = DIRECTION('',(0.,-1.,0.));
#10904 = DIRECTION('',(0.,0.,-1.));
#10905 = MANIFOLD_SOLID_BREP('',#10906);
#10906 = CLOSED_SHELL('',(#10907,#10940,#10960,#10980));
#10907 = ADVANCED_FACE('',(#10908),#10935,.T.);
#10908 = FACE_BOUND('',#10909,.T.);
#10909 = EDGE_LOOP('',(#10910,#10919,#10927,#10934));
#10910 = ORIENTED_EDGE('',*,*,#10911,.F.);
#10911 = EDGE_CURVE('',#10912,#10912,#10914,.T.);
#10912 = VERTEX_POINT('',#10913);
#10913 = CARTESIAN_POINT('',(-180.,-202.25,36.));
#10914 = CIRCLE('',#10915,48.5);
#10915 = AXIS2_PLACEMENT_3D('',#10916,#10917,#10918);
#10916 = CARTESIAN_POINT('',(-180.,-202.25,84.5));
#10917 = DIRECTION('',(0.,-1.,0.));
#10918 = DIRECTION('',(0.,0.,-1.));
#10919 = ORIENTED_EDGE('',*,*,#10920,.F.);
#10920 = EDGE_CURVE('',#10921,#10912,#10923,.T.);
#10921 = VERTEX_POINT('',#10922);
#10922 = CARTESIAN_POINT('',(-180.,-177.25,36.));
#10923 = LINE('',#10924,#10925);
#10924 = CARTESIAN_POINT('',(-180.,-177.25,36.));
#10925 = VECTOR('',#10926,1.);
#10926 = DIRECTION('',(0.,-1.,0.));
#10927 = ORIENTED_EDGE('',*,*,#10928,.T.);
#10928 = EDGE_CURVE('',#10921,#10921,#10929,.T.);
#10929 = CIRCLE('',#10930,48.5);
#10930 = AXIS2_PLACEMENT_3D('',#10931,#10932,#10933);
#10931 = CARTESIAN_POINT('',(-180.,-177.25,84.5));
#10932 = DIRECTION('',(0.,-1.,0.));
#10933 = DIRECTION('',(0.,0.,-1.));
#10934 = ORIENTED_EDGE('',*,*,#10920,.T.);
#10935 = CYLINDRICAL_SURFACE('',#10936,48.5);
#10936 = AXIS2_PLACEMENT_3D('',#10937,#10938,#10939);
#10937 = CARTESIAN_POINT('',(-180.,-177.25,84.5));
#10938 = DIRECTION('',(0.,-1.,0.));
#10939 = DIRECTION('',(0.,0.,-1.));
#10940 = ADVANCED_FACE('',(#10941,#10944),#10955,.T.);
#10941 = FACE_BOUND('',#10942,.T.);
#10942 = EDGE_LOOP('',(#10943));
#10943 = ORIENTED_EDGE('',*,*,#10911,.T.);
#10944 = FACE_BOUND('',#10945,.T.);
#10945 = EDGE_LOOP('',(#10946));
#10946 = ORIENTED_EDGE('',*,*,#10947,.F.);
#10947 = EDGE_CURVE('',#10948,#10948,#10950,.T.);
#10948 = VERTEX_POINT('',#10949);
#10949 = CARTESIAN_POINT('',(-180.,-202.25,76.));
#10950 = CIRCLE('',#10951,8.5);
#10951 = AXIS2_PLACEMENT_3D('',#10952,#10953,#10954);
#10952 = CARTESIAN_POINT('',(-180.,-202.25,84.5));
#10953 = DIRECTION('',(0.,-1.,0.));
#10954 = DIRECTION('',(0.,0.,-1.));
#10955 = PLANE('',#10956);
#10956 = AXIS2_PLACEMENT_3D('',#10957,#10958,#10959);
#10957 = CARTESIAN_POINT('',(-180.,-202.25,84.5));
#10958 = DIRECTION('',(0.,-1.,0.));
#10959 = DIRECTION('',(0.,0.,-1.));
#10960 = ADVANCED_FACE('',(#10961,#10964),#10975,.F.);
#10961 = FACE_BOUND('',#10962,.F.);
#10962 = EDGE_LOOP('',(#10963));
#10963 = ORIENTED_EDGE('',*,*,#10928,.T.);
#10964 = FACE_BOUND('',#10965,.F.);
#10965 = EDGE_LOOP('',(#10966));
#10966 = ORIENTED_EDGE('',*,*,#10967,.F.);
#10967 = EDGE_CURVE('',#10968,#10968,#10970,.T.);
#10968 = VERTEX_POINT('',#10969);
#10969 = CARTESIAN_POINT('',(-180.,-177.25,76.));
#10970 = CIRCLE('',#10971,8.5);
#10971 = AXIS2_PLACEMENT_3D('',#10972,#10973,#10974);
#10972 = CARTESIAN_POINT('',(-180.,-177.25,84.5));
#10973 = DIRECTION('',(0.,-1.,0.));
#10974 = DIRECTION('',(0.,0.,-1.));
#10975 = PLANE('',#10976);
#10976 = AXIS2_PLACEMENT_3D('',#10977,#10978,#10979);
#10977 = CARTESIAN_POINT('',(-180.,-177.25,84.5));
#10978 = DIRECTION('',(0.,-1.,0.));
#10979 = DIRECTION('',(0.,0.,-1.));
#10980 = ADVANCED_FACE('',(#10981),#10992,.F.);
#10981 = FACE_BOUND('',#10982,.F.);
#10982 = EDGE_LOOP('',(#10983,#10984,#10990,#10991));
#10983 = ORIENTED_EDGE('',*,*,#10947,.F.);
#10984 = ORIENTED_EDGE('',*,*,#10985,.F.);
#10985 = EDGE_CURVE('',#10968,#10948,#10986,.T.);
#10986 = LINE('',#10987,#10988);
#10987 = CARTESIAN_POINT('',(-180.,-177.25,76.));
#10988 = VECTOR('',#10989,1.);
#10989 = DIRECTION('',(0.,-1.,0.));
#10990 = ORIENTED_EDGE('',*,*,#10967,.T.);
#10991 = ORIENTED_EDGE('',*,*,#10985,.T.);
#10992 = CYLINDRICAL_SURFACE('',#10993,8.5);
#10993 = AXIS2_PLACEMENT_3D('',#10994,#10995,#10996);
#10994 = CARTESIAN_POINT('',(-180.,-177.25,84.5));
#10995 = DIRECTION('',(0.,-1.,0.));
#10996 = DIRECTION('',(0.,0.,-1.));
#10997 = MANIFOLD_SOLID_BREP('',#10998);
#10998 = CLOSED_SHELL('',(#10999,#11039,#11070,#11166,#11190,#11279,
    #11291,#11313,#11330,#11347,#11359,#11381,#11398,#11415));
#10999 = ADVANCED_FACE('',(#11000),#11034,.F.);
#11000 = FACE_BOUND('',#11001,.F.);
#11001 = EDGE_LOOP('',(#11002,#11012,#11020,#11028));
#11002 = ORIENTED_EDGE('',*,*,#11003,.F.);
#11003 = EDGE_CURVE('',#11004,#11006,#11008,.T.);
#11004 = VERTEX_POINT('',#11005);
#11005 = CARTESIAN_POINT('',(-228.,55.,95.));
#11006 = VERTEX_POINT('',#11007);
#11007 = CARTESIAN_POINT('',(-228.,55.,100.));
#11008 = LINE('',#11009,#11010);
#11009 = CARTESIAN_POINT('',(-228.,55.,95.));
#11010 = VECTOR('',#11011,1.);
#11011 = DIRECTION('',(0.,0.,1.));
#11012 = ORIENTED_EDGE('',*,*,#11013,.T.);
#11013 = EDGE_CURVE('',#11004,#11014,#11016,.T.);
#11014 = VERTEX_POINT('',#11015);
#11015 = CARTESIAN_POINT('',(-228.,105.,95.));
#11016 = LINE('',#11017,#11018);
#11017 = CARTESIAN_POINT('',(-228.,55.,95.));
#11018 = VECTOR('',#11019,1.);
#11019 = DIRECTION('',(0.,1.,0.));
#11020 = ORIENTED_EDGE('',*,*,#11021,.T.);
#11021 = EDGE_CURVE('',#11014,#11022,#11024,.T.);
#11022 = VERTEX_POINT('',#11023);
#11023 = CARTESIAN_POINT('',(-228.,105.,100.));
#11024 = LINE('',#11025,#11026);
#11025 = CARTESIAN_POINT('',(-228.,105.,95.));
#11026 = VECTOR('',#11027,1.);
#11027 = DIRECTION('',(0.,0.,1.));
#11028 = ORIENTED_EDGE('',*,*,#11029,.F.);
#11029 = EDGE_CURVE('',#11006,#11022,#11030,.T.);
#11030 = LINE('',#11031,#11032);
#11031 = CARTESIAN_POINT('',(-228.,55.,100.));
#11032 = VECTOR('',#11033,1.);
#11033 = DIRECTION('',(0.,1.,0.));
#11034 = PLANE('',#11035);
#11035 = AXIS2_PLACEMENT_3D('',#11036,#11037,#11038);
#11036 = CARTESIAN_POINT('',(-228.,55.,95.));
#11037 = DIRECTION('',(1.,0.,0.));
#11038 = DIRECTION('',(0.,0.,1.));
#11039 = ADVANCED_FACE('',(#11040),#11065,.F.);
#11040 = FACE_BOUND('',#11041,.F.);
#11041 = EDGE_LOOP('',(#11042,#11050,#11051,#11059));
#11042 = ORIENTED_EDGE('',*,*,#11043,.F.);
#11043 = EDGE_CURVE('',#11004,#11044,#11046,.T.);
#11044 = VERTEX_POINT('',#11045);
#11045 = CARTESIAN_POINT('',(-132.,55.,95.));
#11046 = LINE('',#11047,#11048);
#11047 = CARTESIAN_POINT('',(-228.,55.,95.));
#11048 = VECTOR('',#11049,1.);
#11049 = DIRECTION('',(1.,0.,0.));
#11050 = ORIENTED_EDGE('',*,*,#11003,.T.);
#11051 = ORIENTED_EDGE('',*,*,#11052,.T.);
#11052 = EDGE_CURVE('',#11006,#11053,#11055,.T.);
#11053 = VERTEX_POINT('',#11054);
#11054 = CARTESIAN_POINT('',(-132.,55.,100.));
#11055 = LINE('',#11056,#11057);
#11056 = CARTESIAN_POINT('',(-228.,55.,100.));
#11057 = VECTOR('',#11058,1.);
#11058 = DIRECTION('',(1.,0.,0.));
#11059 = ORIENTED_EDGE('',*,*,#11060,.F.);
#11060 = EDGE_CURVE('',#11044,#11053,#11061,.T.);
#11061 = LINE('',#11062,#11063);
#11062 = CARTESIAN_POINT('',(-132.,55.,95.));
#11063 = VECTOR('',#11064,1.);
#11064 = DIRECTION('',(0.,0.,1.));
#11065 = PLANE('',#11066);
#11066 = AXIS2_PLACEMENT_3D('',#11067,#11068,#11069);
#11067 = CARTESIAN_POINT('',(-228.,55.,95.));
#11068 = DIRECTION('',(0.,1.,0.));
#11069 = DIRECTION('',(0.,0.,1.));
#11070 = ADVANCED_FACE('',(#11071,#11089,#11125),#11161,.T.);
#11071 = FACE_BOUND('',#11072,.T.);
#11072 = EDGE_LOOP('',(#11073,#11074,#11075,#11083));
#11073 = ORIENTED_EDGE('',*,*,#11029,.F.);
#11074 = ORIENTED_EDGE('',*,*,#11052,.T.);
#11075 = ORIENTED_EDGE('',*,*,#11076,.T.);
#11076 = EDGE_CURVE('',#11053,#11077,#11079,.T.);
#11077 = VERTEX_POINT('',#11078);
#11078 = CARTESIAN_POINT('',(-132.,105.,100.));
#11079 = LINE('',#11080,#11081);
#11080 = CARTESIAN_POINT('',(-132.,55.,100.));
#11081 = VECTOR('',#11082,1.);
#11082 = DIRECTION('',(0.,1.,0.));
#11083 = ORIENTED_EDGE('',*,*,#11084,.F.);
#11084 = EDGE_CURVE('',#11022,#11077,#11085,.T.);
#11085 = LINE('',#11086,#11087);
#11086 = CARTESIAN_POINT('',(-228.,105.,100.));
#11087 = VECTOR('',#11088,1.);
#11088 = DIRECTION('',(1.,0.,0.));
#11089 = FACE_BOUND('',#11090,.T.);
#11090 = EDGE_LOOP('',(#11091,#11102,#11110,#11119));
#11091 = ORIENTED_EDGE('',*,*,#11092,.F.);
#11092 = EDGE_CURVE('',#11093,#11095,#11097,.T.);
#11093 = VERTEX_POINT('',#11094);
#11094 = CARTESIAN_POINT('',(-217.75,70.,100.));
#11095 = VERTEX_POINT('',#11096);
#11096 = CARTESIAN_POINT('',(-212.25,70.,100.));
#11097 = CIRCLE('',#11098,2.75);
#11098 = AXIS2_PLACEMENT_3D('',#11099,#11100,#11101);
#11099 = CARTESIAN_POINT('',(-215.,70.,100.));
#11100 = DIRECTION('',(0.,0.,1.));
#11101 = DIRECTION('',(1.,0.,0.));
#11102 = ORIENTED_EDGE('',*,*,#11103,.T.);
#11103 = EDGE_CURVE('',#11093,#11104,#11106,.T.);
#11104 = VERTEX_POINT('',#11105);
#11105 = CARTESIAN_POINT('',(-217.75,90.,100.));
#11106 = LINE('',#11107,#11108);
#11107 = CARTESIAN_POINT('',(-217.75,62.5,100.));
#11108 = VECTOR('',#11109,1.);
#11109 = DIRECTION('',(0.,1.,0.));
#11110 = ORIENTED_EDGE('',*,*,#11111,.F.);
#11111 = EDGE_CURVE('',#11112,#11104,#11114,.T.);
#11112 = VERTEX_POINT('',#11113);
#11113 = CARTESIAN_POINT('',(-212.25,90.,100.));
#11114 = CIRCLE('',#11115,2.75);
#11115 = AXIS2_PLACEMENT_3D('',#11116,#11117,#11118);
#11116 = CARTESIAN_POINT('',(-215.,90.,100.));
#11117 = DIRECTION('',(0.,0.,1.));
#11118 = DIRECTION('',(1.,0.,0.));
#11119 = ORIENTED_EDGE('',*,*,#11120,.F.);
#11120 = EDGE_CURVE('',#11095,#11112,#11121,.T.);
#11121 = LINE('',#11122,#11123);
#11122 = CARTESIAN_POINT('',(-212.25,62.5,100.));
#11123 = VECTOR('',#11124,1.);
#11124 = DIRECTION('',(0.,1.,0.));
#11125 = FACE_BOUND('',#11126,.T.);
#11126 = EDGE_LOOP('',(#11127,#11138,#11146,#11155));
#11127 = ORIENTED_EDGE('',*,*,#11128,.F.);
#11128 = EDGE_CURVE('',#11129,#11131,#11133,.T.);
#11129 = VERTEX_POINT('',#11130);
#11130 = CARTESIAN_POINT('',(-147.75,70.,100.));
#11131 = VERTEX_POINT('',#11132);
#11132 = CARTESIAN_POINT('',(-142.25,70.,100.));
#11133 = CIRCLE('',#11134,2.75);
#11134 = AXIS2_PLACEMENT_3D('',#11135,#11136,#11137);
#11135 = CARTESIAN_POINT('',(-145.,70.,100.));
#11136 = DIRECTION('',(0.,0.,1.));
#11137 = DIRECTION('',(1.,0.,0.));
#11138 = ORIENTED_EDGE('',*,*,#11139,.T.);
#11139 = EDGE_CURVE('',#11129,#11140,#11142,.T.);
#11140 = VERTEX_POINT('',#11141);
#11141 = CARTESIAN_POINT('',(-147.75,90.,100.));
#11142 = LINE('',#11143,#11144);
#11143 = CARTESIAN_POINT('',(-147.75,62.5,100.));
#11144 = VECTOR('',#11145,1.);
#11145 = DIRECTION('',(0.,1.,0.));
#11146 = ORIENTED_EDGE('',*,*,#11147,.F.);
#11147 = EDGE_CURVE('',#11148,#11140,#11150,.T.);
#11148 = VERTEX_POINT('',#11149);
#11149 = CARTESIAN_POINT('',(-142.25,90.,100.));
#11150 = CIRCLE('',#11151,2.75);
#11151 = AXIS2_PLACEMENT_3D('',#11152,#11153,#11154);
#11152 = CARTESIAN_POINT('',(-145.,90.,100.));
#11153 = DIRECTION('',(0.,0.,1.));
#11154 = DIRECTION('',(1.,0.,0.));
#11155 = ORIENTED_EDGE('',*,*,#11156,.F.);
#11156 = EDGE_CURVE('',#11131,#11148,#11157,.T.);
#11157 = LINE('',#11158,#11159);
#11158 = CARTESIAN_POINT('',(-142.25,62.5,100.));
#11159 = VECTOR('',#11160,1.);
#11160 = DIRECTION('',(0.,1.,0.));
#11161 = PLANE('',#11162);
#11162 = AXIS2_PLACEMENT_3D('',#11163,#11164,#11165);
#11163 = CARTESIAN_POINT('',(-228.,55.,100.));
#11164 = DIRECTION('',(0.,0.,1.));
#11165 = DIRECTION('',(1.,0.,0.));
#11166 = ADVANCED_FACE('',(#11167),#11185,.T.);
#11167 = FACE_BOUND('',#11168,.T.);
#11168 = EDGE_LOOP('',(#11169,#11177,#11178,#11179));
#11169 = ORIENTED_EDGE('',*,*,#11170,.F.);
#11170 = EDGE_CURVE('',#11014,#11171,#11173,.T.);
#11171 = VERTEX_POINT('',#11172);
#11172 = CARTESIAN_POINT('',(-132.,105.,95.));
#11173 = LINE('',#11174,#11175);
#11174 = CARTESIAN_POINT('',(-228.,105.,95.));
#11175 = VECTOR('',#11176,1.);
#11176 = DIRECTION('',(1.,0.,0.));
#11177 = ORIENTED_EDGE('',*,*,#11021,.T.);
#11178 = ORIENTED_EDGE('',*,*,#11084,.T.);
#11179 = ORIENTED_EDGE('',*,*,#11180,.F.);
#11180 = EDGE_CURVE('',#11171,#11077,#11181,.T.);
#11181 = LINE('',#11182,#11183);
#11182 = CARTESIAN_POINT('',(-132.,105.,95.));
#11183 = VECTOR('',#11184,1.);
#11184 = DIRECTION('',(0.,0.,1.));
#11185 = PLANE('',#11186);
#11186 = AXIS2_PLACEMENT_3D('',#11187,#11188,#11189);
#11187 = CARTESIAN_POINT('',(-228.,105.,95.));
#11188 = DIRECTION('',(0.,1.,0.));
#11189 = DIRECTION('',(0.,0.,1.));
#11190 = ADVANCED_FACE('',(#11191,#11202,#11238),#11274,.F.);
#11191 = FACE_BOUND('',#11192,.F.);
#11192 = EDGE_LOOP('',(#11193,#11194,#11195,#11201));
#11193 = ORIENTED_EDGE('',*,*,#11013,.F.);
#11194 = ORIENTED_EDGE('',*,*,#11043,.T.);
#11195 = ORIENTED_EDGE('',*,*,#11196,.T.);
#11196 = EDGE_CURVE('',#11044,#11171,#11197,.T.);
#11197 = LINE('',#11198,#11199);
#11198 = CARTESIAN_POINT('',(-132.,55.,95.));
#11199 = VECTOR('',#11200,1.);
#11200 = DIRECTION('',(0.,1.,0.));
#11201 = ORIENTED_EDGE('',*,*,#11170,.F.);
#11202 = FACE_BOUND('',#11203,.F.);
#11203 = EDGE_LOOP('',(#11204,#11215,#11223,#11232));
#11204 = ORIENTED_EDGE('',*,*,#11205,.F.);
#11205 = EDGE_CURVE('',#11206,#11208,#11210,.T.);
#11206 = VERTEX_POINT('',#11207);
#11207 = CARTESIAN_POINT('',(-217.75,70.,95.));
#11208 = VERTEX_POINT('',#11209);
#11209 = CARTESIAN_POINT('',(-212.25,70.,95.));
#11210 = CIRCLE('',#11211,2.75);
#11211 = AXIS2_PLACEMENT_3D('',#11212,#11213,#11214);
#11212 = CARTESIAN_POINT('',(-215.,70.,95.));
#11213 = DIRECTION('',(0.,0.,1.));
#11214 = DIRECTION('',(1.,0.,0.));
#11215 = ORIENTED_EDGE('',*,*,#11216,.T.);
#11216 = EDGE_CURVE('',#11206,#11217,#11219,.T.);
#11217 = VERTEX_POINT('',#11218);
#11218 = CARTESIAN_POINT('',(-217.75,90.,95.));
#11219 = LINE('',#11220,#11221);
#11220 = CARTESIAN_POINT('',(-217.75,62.5,95.));
#11221 = VECTOR('',#11222,1.);
#11222 = DIRECTION('',(0.,1.,0.));
#11223 = ORIENTED_EDGE('',*,*,#11224,.F.);
#11224 = EDGE_CURVE('',#11225,#11217,#11227,.T.);
#11225 = VERTEX_POINT('',#11226);
#11226 = CARTESIAN_POINT('',(-212.25,90.,95.));
#11227 = CIRCLE('',#11228,2.75);
#11228 = AXIS2_PLACEMENT_3D('',#11229,#11230,#11231);
#11229 = CARTESIAN_POINT('',(-215.,90.,95.));
#11230 = DIRECTION('',(0.,0.,1.));
#11231 = DIRECTION('',(1.,0.,0.));
#11232 = ORIENTED_EDGE('',*,*,#11233,.F.);
#11233 = EDGE_CURVE('',#11208,#11225,#11234,.T.);
#11234 = LINE('',#11235,#11236);
#11235 = CARTESIAN_POINT('',(-212.25,62.5,95.));
#11236 = VECTOR('',#11237,1.);
#11237 = DIRECTION('',(0.,1.,0.));
#11238 = FACE_BOUND('',#11239,.F.);
#11239 = EDGE_LOOP('',(#11240,#11251,#11259,#11268));
#11240 = ORIENTED_EDGE('',*,*,#11241,.F.);
#11241 = EDGE_CURVE('',#11242,#11244,#11246,.T.);
#11242 = VERTEX_POINT('',#11243);
#11243 = CARTESIAN_POINT('',(-147.75,70.,95.));
#11244 = VERTEX_POINT('',#11245);
#11245 = CARTESIAN_POINT('',(-142.25,70.,95.));
#11246 = CIRCLE('',#11247,2.75);
#11247 = AXIS2_PLACEMENT_3D('',#11248,#11249,#11250);
#11248 = CARTESIAN_POINT('',(-145.,70.,95.));
#11249 = DIRECTION('',(0.,0.,1.));
#11250 = DIRECTION('',(1.,0.,0.));
#11251 = ORIENTED_EDGE('',*,*,#11252,.T.);
#11252 = EDGE_CURVE('',#11242,#11253,#11255,.T.);
#11253 = VERTEX_POINT('',#11254);
#11254 = CARTESIAN_POINT('',(-147.75,90.,95.));
#11255 = LINE('',#11256,#11257);
#11256 = CARTESIAN_POINT('',(-147.75,62.5,95.));
#11257 = VECTOR('',#11258,1.);
#11258 = DIRECTION('',(0.,1.,0.));
#11259 = ORIENTED_EDGE('',*,*,#11260,.F.);
#11260 = EDGE_CURVE('',#11261,#11253,#11263,.T.);
#11261 = VERTEX_POINT('',#11262);
#11262 = CARTESIAN_POINT('',(-142.25,90.,95.));
#11263 = CIRCLE('',#11264,2.75);
#11264 = AXIS2_PLACEMENT_3D('',#11265,#11266,#11267);
#11265 = CARTESIAN_POINT('',(-145.,90.,95.));
#11266 = DIRECTION('',(0.,0.,1.));
#11267 = DIRECTION('',(1.,0.,0.));
#11268 = ORIENTED_EDGE('',*,*,#11269,.F.);
#11269 = EDGE_CURVE('',#11244,#11261,#11270,.T.);
#11270 = LINE('',#11271,#11272);
#11271 = CARTESIAN_POINT('',(-142.25,62.5,95.));
#11272 = VECTOR('',#11273,1.);
#11273 = DIRECTION('',(0.,1.,0.));
#11274 = PLANE('',#11275);
#11275 = AXIS2_PLACEMENT_3D('',#11276,#11277,#11278);
#11276 = CARTESIAN_POINT('',(-228.,55.,95.));
#11277 = DIRECTION('',(0.,0.,1.));
#11278 = DIRECTION('',(1.,0.,0.));
#11279 = ADVANCED_FACE('',(#11280),#11286,.T.);
#11280 = FACE_BOUND('',#11281,.T.);
#11281 = EDGE_LOOP('',(#11282,#11283,#11284,#11285));
#11282 = ORIENTED_EDGE('',*,*,#11060,.F.);
#11283 = ORIENTED_EDGE('',*,*,#11196,.T.);
#11284 = ORIENTED_EDGE('',*,*,#11180,.T.);
#11285 = ORIENTED_EDGE('',*,*,#11076,.F.);
#11286 = PLANE('',#11287);
#11287 = AXIS2_PLACEMENT_3D('',#11288,#11289,#11290);
#11288 = CARTESIAN_POINT('',(-132.,55.,95.));
#11289 = DIRECTION('',(1.,0.,0.));
#11290 = DIRECTION('',(0.,0.,1.));
#11291 = ADVANCED_FACE('',(#11292),#11308,.F.);
#11292 = FACE_BOUND('',#11293,.F.);
#11293 = EDGE_LOOP('',(#11294,#11295,#11301,#11302));
#11294 = ORIENTED_EDGE('',*,*,#11205,.T.);
#11295 = ORIENTED_EDGE('',*,*,#11296,.T.);
#11296 = EDGE_CURVE('',#11208,#11095,#11297,.T.);
#11297 = LINE('',#11298,#11299);
#11298 = CARTESIAN_POINT('',(-212.25,70.,94.));
#11299 = VECTOR('',#11300,1.);
#11300 = DIRECTION('',(0.,0.,1.));
#11301 = ORIENTED_EDGE('',*,*,#11092,.F.);
#11302 = ORIENTED_EDGE('',*,*,#11303,.F.);
#11303 = EDGE_CURVE('',#11206,#11093,#11304,.T.);
#11304 = LINE('',#11305,#11306);
#11305 = CARTESIAN_POINT('',(-217.75,70.,94.));
#11306 = VECTOR('',#11307,1.);
#11307 = DIRECTION('',(0.,0.,1.));
#11308 = CYLINDRICAL_SURFACE('',#11309,2.75);
#11309 = AXIS2_PLACEMENT_3D('',#11310,#11311,#11312);
#11310 = CARTESIAN_POINT('',(-215.,70.,94.));
#11311 = DIRECTION('',(0.,0.,1.));
#11312 = DIRECTION('',(1.,0.,0.));
#11313 = ADVANCED_FACE('',(#11314),#11325,.T.);
#11314 = FACE_BOUND('',#11315,.T.);
#11315 = EDGE_LOOP('',(#11316,#11317,#11318,#11324));
#11316 = ORIENTED_EDGE('',*,*,#11303,.F.);
#11317 = ORIENTED_EDGE('',*,*,#11216,.T.);
#11318 = ORIENTED_EDGE('',*,*,#11319,.T.);
#11319 = EDGE_CURVE('',#11217,#11104,#11320,.T.);
#11320 = LINE('',#11321,#11322);
#11321 = CARTESIAN_POINT('',(-217.75,90.,94.));
#11322 = VECTOR('',#11323,1.);
#11323 = DIRECTION('',(0.,0.,1.));
#11324 = ORIENTED_EDGE('',*,*,#11103,.F.);
#11325 = PLANE('',#11326);
#11326 = AXIS2_PLACEMENT_3D('',#11327,#11328,#11329);
#11327 = CARTESIAN_POINT('',(-217.75,70.,94.));
#11328 = DIRECTION('',(1.,0.,0.));
#11329 = DIRECTION('',(0.,0.,1.));
#11330 = ADVANCED_FACE('',(#11331),#11342,.F.);
#11331 = FACE_BOUND('',#11332,.F.);
#11332 = EDGE_LOOP('',(#11333,#11334,#11335,#11341));
#11333 = ORIENTED_EDGE('',*,*,#11296,.F.);
#11334 = ORIENTED_EDGE('',*,*,#11233,.T.);
#11335 = ORIENTED_EDGE('',*,*,#11336,.T.);
#11336 = EDGE_CURVE('',#11225,#11112,#11337,.T.);
#11337 = LINE('',#11338,#11339);
#11338 = CARTESIAN_POINT('',(-212.25,90.,94.));
#11339 = VECTOR('',#11340,1.);
#11340 = DIRECTION('',(0.,0.,1.));
#11341 = ORIENTED_EDGE('',*,*,#11120,.F.);
#11342 = PLANE('',#11343);
#11343 = AXIS2_PLACEMENT_3D('',#11344,#11345,#11346);
#11344 = CARTESIAN_POINT('',(-212.25,70.,94.));
#11345 = DIRECTION('',(1.,0.,0.));
#11346 = DIRECTION('',(0.,0.,1.));
#11347 = ADVANCED_FACE('',(#11348),#11354,.F.);
#11348 = FACE_BOUND('',#11349,.F.);
#11349 = EDGE_LOOP('',(#11350,#11351,#11352,#11353));
#11350 = ORIENTED_EDGE('',*,*,#11111,.F.);
#11351 = ORIENTED_EDGE('',*,*,#11336,.F.);
#11352 = ORIENTED_EDGE('',*,*,#11224,.T.);
#11353 = ORIENTED_EDGE('',*,*,#11319,.T.);
#11354 = CYLINDRICAL_SURFACE('',#11355,2.75);
#11355 = AXIS2_PLACEMENT_3D('',#11356,#11357,#11358);
#11356 = CARTESIAN_POINT('',(-215.,90.,94.));
#11357 = DIRECTION('',(0.,0.,1.));
#11358 = DIRECTION('',(1.,0.,0.));
#11359 = ADVANCED_FACE('',(#11360),#11376,.F.);
#11360 = FACE_BOUND('',#11361,.F.);
#11361 = EDGE_LOOP('',(#11362,#11363,#11369,#11370));
#11362 = ORIENTED_EDGE('',*,*,#11241,.T.);
#11363 = ORIENTED_EDGE('',*,*,#11364,.T.);
#11364 = EDGE_CURVE('',#11244,#11131,#11365,.T.);
#11365 = LINE('',#11366,#11367);
#11366 = CARTESIAN_POINT('',(-142.25,70.,94.));
#11367 = VECTOR('',#11368,1.);
#11368 = DIRECTION('',(0.,0.,1.));
#11369 = ORIENTED_EDGE('',*,*,#11128,.F.);
#11370 = ORIENTED_EDGE('',*,*,#11371,.F.);
#11371 = EDGE_CURVE('',#11242,#11129,#11372,.T.);
#11372 = LINE('',#11373,#11374);
#11373 = CARTESIAN_POINT('',(-147.75,70.,94.));
#11374 = VECTOR('',#11375,1.);
#11375 = DIRECTION('',(0.,0.,1.));
#11376 = CYLINDRICAL_SURFACE('',#11377,2.75);
#11377 = AXIS2_PLACEMENT_3D('',#11378,#11379,#11380);
#11378 = CARTESIAN_POINT('',(-145.,70.,94.));
#11379 = DIRECTION('',(0.,0.,1.));
#11380 = DIRECTION('',(1.,0.,0.));
#11381 = ADVANCED_FACE('',(#11382),#11393,.F.);
#11382 = FACE_BOUND('',#11383,.F.);
#11383 = EDGE_LOOP('',(#11384,#11385,#11386,#11392));
#11384 = ORIENTED_EDGE('',*,*,#11364,.F.);
#11385 = ORIENTED_EDGE('',*,*,#11269,.T.);
#11386 = ORIENTED_EDGE('',*,*,#11387,.T.);
#11387 = EDGE_CURVE('',#11261,#11148,#11388,.T.);
#11388 = LINE('',#11389,#11390);
#11389 = CARTESIAN_POINT('',(-142.25,90.,94.));
#11390 = VECTOR('',#11391,1.);
#11391 = DIRECTION('',(0.,0.,1.));
#11392 = ORIENTED_EDGE('',*,*,#11156,.F.);
#11393 = PLANE('',#11394);
#11394 = AXIS2_PLACEMENT_3D('',#11395,#11396,#11397);
#11395 = CARTESIAN_POINT('',(-142.25,70.,94.));
#11396 = DIRECTION('',(1.,0.,0.));
#11397 = DIRECTION('',(0.,0.,1.));
#11398 = ADVANCED_FACE('',(#11399),#11410,.F.);
#11399 = FACE_BOUND('',#11400,.F.);
#11400 = EDGE_LOOP('',(#11401,#11402,#11403,#11404));
#11401 = ORIENTED_EDGE('',*,*,#11147,.F.);
#11402 = ORIENTED_EDGE('',*,*,#11387,.F.);
#11403 = ORIENTED_EDGE('',*,*,#11260,.T.);
#11404 = ORIENTED_EDGE('',*,*,#11405,.T.);
#11405 = EDGE_CURVE('',#11253,#11140,#11406,.T.);
#11406 = LINE('',#11407,#11408);
#11407 = CARTESIAN_POINT('',(-147.75,90.,94.));
#11408 = VECTOR('',#11409,1.);
#11409 = DIRECTION('',(0.,0.,1.));
#11410 = CYLINDRICAL_SURFACE('',#11411,2.75);
#11411 = AXIS2_PLACEMENT_3D('',#11412,#11413,#11414);
#11412 = CARTESIAN_POINT('',(-145.,90.,94.));
#11413 = DIRECTION('',(0.,0.,1.));
#11414 = DIRECTION('',(1.,0.,0.));
#11415 = ADVANCED_FACE('',(#11416),#11422,.T.);
#11416 = FACE_BOUND('',#11417,.T.);
#11417 = EDGE_LOOP('',(#11418,#11419,#11420,#11421));
#11418 = ORIENTED_EDGE('',*,*,#11371,.F.);
#11419 = ORIENTED_EDGE('',*,*,#11252,.T.);
#11420 = ORIENTED_EDGE('',*,*,#11405,.T.);
#11421 = ORIENTED_EDGE('',*,*,#11139,.F.);
#11422 = PLANE('',#11423);
#11423 = AXIS2_PLACEMENT_3D('',#11424,#11425,#11426);
#11424 = CARTESIAN_POINT('',(-147.75,70.,94.));
#11425 = DIRECTION('',(1.,0.,0.));
#11426 = DIRECTION('',(0.,0.,1.));
#11427 = MANIFOLD_SOLID_BREP('',#11428);
#11428 = CLOSED_SHELL('',(#11429,#11462,#11471));
#11429 = ADVANCED_FACE('',(#11430),#11457,.T.);
#11430 = FACE_BOUND('',#11431,.T.);
#11431 = EDGE_LOOP('',(#11432,#11441,#11449,#11456));
#11432 = ORIENTED_EDGE('',*,*,#11433,.F.);
#11433 = EDGE_CURVE('',#11434,#11434,#11436,.T.);
#11434 = VERTEX_POINT('',#11435);
#11435 = CARTESIAN_POINT('',(-146.25,80.,107.));
#11436 = CIRCLE('',#11437,2.);
#11437 = AXIS2_PLACEMENT_3D('',#11438,#11439,#11440);
#11438 = CARTESIAN_POINT('',(-146.25,80.,105.));
#11439 = DIRECTION('',(1.,0.,-0.));
#11440 = DIRECTION('',(0.,0.,1.));
#11441 = ORIENTED_EDGE('',*,*,#11442,.F.);
#11442 = EDGE_CURVE('',#11443,#11434,#11445,.T.);
#11443 = VERTEX_POINT('',#11444);
#11444 = CARTESIAN_POINT('',(-213.75,80.,107.));
#11445 = LINE('',#11446,#11447);
#11446 = CARTESIAN_POINT('',(-213.75,80.,107.));
#11447 = VECTOR('',#11448,1.);
#11448 = DIRECTION('',(1.,0.,0.));
#11449 = ORIENTED_EDGE('',*,*,#11450,.T.);
#11450 = EDGE_CURVE('',#11443,#11443,#11451,.T.);
#11451 = CIRCLE('',#11452,2.);
#11452 = AXIS2_PLACEMENT_3D('',#11453,#11454,#11455);
#11453 = CARTESIAN_POINT('',(-213.75,80.,105.));
#11454 = DIRECTION('',(1.,0.,-0.));
#11455 = DIRECTION('',(0.,0.,1.));
#11456 = ORIENTED_EDGE('',*,*,#11442,.T.);
#11457 = CYLINDRICAL_SURFACE('',#11458,2.);
#11458 = AXIS2_PLACEMENT_3D('',#11459,#11460,#11461);
#11459 = CARTESIAN_POINT('',(-213.75,80.,105.));
#11460 = DIRECTION('',(1.,0.,0.));
#11461 = DIRECTION('',(0.,0.,1.));
#11462 = ADVANCED_FACE('',(#11463),#11466,.T.);
#11463 = FACE_BOUND('',#11464,.T.);
#11464 = EDGE_LOOP('',(#11465));
#11465 = ORIENTED_EDGE('',*,*,#11433,.T.);
#11466 = PLANE('',#11467);
#11467 = AXIS2_PLACEMENT_3D('',#11468,#11469,#11470);
#11468 = CARTESIAN_POINT('',(-146.25,80.,105.));
#11469 = DIRECTION('',(1.,0.,0.));
#11470 = DIRECTION('',(0.,0.,1.));
#11471 = ADVANCED_FACE('',(#11472),#11475,.F.);
#11472 = FACE_BOUND('',#11473,.T.);
#11473 = EDGE_LOOP('',(#11474));
#11474 = ORIENTED_EDGE('',*,*,#11450,.F.);
#11475 = PLANE('',#11476);
#11476 = AXIS2_PLACEMENT_3D('',#11477,#11478,#11479);
#11477 = CARTESIAN_POINT('',(-213.75,80.,105.));
#11478 = DIRECTION('',(1.,0.,0.));
#11479 = DIRECTION('',(0.,0.,1.));
#11480 = MANIFOLD_SOLID_BREP('',#11481);
#11481 = CLOSED_SHELL('',(#11482,#11533,#11564,#11588,#11612,#11629,
    #11654));
#11482 = ADVANCED_FACE('',(#11483,#11517),#11528,.F.);
#11483 = FACE_BOUND('',#11484,.F.);
#11484 = EDGE_LOOP('',(#11485,#11495,#11503,#11511));
#11485 = ORIENTED_EDGE('',*,*,#11486,.F.);
#11486 = EDGE_CURVE('',#11487,#11489,#11491,.T.);
#11487 = VERTEX_POINT('',#11488);
#11488 = CARTESIAN_POINT('',(-212.75,72.,100.));
#11489 = VERTEX_POINT('',#11490);
#11490 = CARTESIAN_POINT('',(-212.75,72.,113.));
#11491 = LINE('',#11492,#11493);
#11492 = CARTESIAN_POINT('',(-212.75,72.,100.));
#11493 = VECTOR('',#11494,1.);
#11494 = DIRECTION('',(0.,0.,1.));
#11495 = ORIENTED_EDGE('',*,*,#11496,.T.);
#11496 = EDGE_CURVE('',#11487,#11497,#11499,.T.);
#11497 = VERTEX_POINT('',#11498);
#11498 = CARTESIAN_POINT('',(-212.75,88.,100.));
#11499 = LINE('',#11500,#11501);
#11500 = CARTESIAN_POINT('',(-212.75,72.,100.));
#11501 = VECTOR('',#11502,1.);
#11502 = DIRECTION('',(0.,1.,0.));
#11503 = ORIENTED_EDGE('',*,*,#11504,.T.);
#11504 = EDGE_CURVE('',#11497,#11505,#11507,.T.);
#11505 = VERTEX_POINT('',#11506);
#11506 = CARTESIAN_POINT('',(-212.75,88.,113.));
#11507 = LINE('',#11508,#11509);
#11508 = CARTESIAN_POINT('',(-212.75,88.,100.));
#11509 = VECTOR('',#11510,1.);
#11510 = DIRECTION('',(0.,0.,1.));
#11511 = ORIENTED_EDGE('',*,*,#11512,.F.);
#11512 = EDGE_CURVE('',#11489,#11505,#11513,.T.);
#11513 = LINE('',#11514,#11515);
#11514 = CARTESIAN_POINT('',(-212.75,72.,113.));
#11515 = VECTOR('',#11516,1.);
#11516 = DIRECTION('',(0.,1.,0.));
#11517 = FACE_BOUND('',#11518,.F.);
#11518 = EDGE_LOOP('',(#11519));
#11519 = ORIENTED_EDGE('',*,*,#11520,.F.);
#11520 = EDGE_CURVE('',#11521,#11521,#11523,.T.);
#11521 = VERTEX_POINT('',#11522);
#11522 = CARTESIAN_POINT('',(-212.75,80.,107.1));
#11523 = CIRCLE('',#11524,2.1);
#11524 = AXIS2_PLACEMENT_3D('',#11525,#11526,#11527);
#11525 = CARTESIAN_POINT('',(-212.75,80.,105.));
#11526 = DIRECTION('',(1.,0.,-0.));
#11527 = DIRECTION('',(0.,0.,1.));
#11528 = PLANE('',#11529);
#11529 = AXIS2_PLACEMENT_3D('',#11530,#11531,#11532);
#11530 = CARTESIAN_POINT('',(-212.75,72.,100.));
#11531 = DIRECTION('',(1.,0.,0.));
#11532 = DIRECTION('',(0.,0.,1.));
#11533 = ADVANCED_FACE('',(#11534),#11559,.F.);
#11534 = FACE_BOUND('',#11535,.F.);
#11535 = EDGE_LOOP('',(#11536,#11544,#11545,#11553));
#11536 = ORIENTED_EDGE('',*,*,#11537,.F.);
#11537 = EDGE_CURVE('',#11487,#11538,#11540,.T.);
#11538 = VERTEX_POINT('',#11539);
#11539 = CARTESIAN_POINT('',(-204.75,72.,100.));
#11540 = LINE('',#11541,#11542);
#11541 = CARTESIAN_POINT('',(-212.75,72.,100.));
#11542 = VECTOR('',#11543,1.);
#11543 = DIRECTION('',(1.,0.,0.));
#11544 = ORIENTED_EDGE('',*,*,#11486,.T.);
#11545 = ORIENTED_EDGE('',*,*,#11546,.T.);
#11546 = EDGE_CURVE('',#11489,#11547,#11549,.T.);
#11547 = VERTEX_POINT('',#11548);
#11548 = CARTESIAN_POINT('',(-204.75,72.,113.));
#11549 = LINE('',#11550,#11551);
#11550 = CARTESIAN_POINT('',(-212.75,72.,113.));
#11551 = VECTOR('',#11552,1.);
#11552 = DIRECTION('',(1.,0.,0.));
#11553 = ORIENTED_EDGE('',*,*,#11554,.F.);
#11554 = EDGE_CURVE('',#11538,#11547,#11555,.T.);
#11555 = LINE('',#11556,#11557);
#11556 = CARTESIAN_POINT('',(-204.75,72.,100.));
#11557 = VECTOR('',#11558,1.);
#11558 = DIRECTION('',(0.,0.,1.));
#11559 = PLANE('',#11560);
#11560 = AXIS2_PLACEMENT_3D('',#11561,#11562,#11563);
#11561 = CARTESIAN_POINT('',(-212.75,72.,100.));
#11562 = DIRECTION('',(0.,1.,0.));
#11563 = DIRECTION('',(0.,0.,1.));
#11564 = ADVANCED_FACE('',(#11565),#11583,.T.);
#11565 = FACE_BOUND('',#11566,.T.);
#11566 = EDGE_LOOP('',(#11567,#11568,#11569,#11577));
#11567 = ORIENTED_EDGE('',*,*,#11512,.F.);
#11568 = ORIENTED_EDGE('',*,*,#11546,.T.);
#11569 = ORIENTED_EDGE('',*,*,#11570,.T.);
#11570 = EDGE_CURVE('',#11547,#11571,#11573,.T.);
#11571 = VERTEX_POINT('',#11572);
#11572 = CARTESIAN_POINT('',(-204.75,88.,113.));
#11573 = LINE('',#11574,#11575);
#11574 = CARTESIAN_POINT('',(-204.75,72.,113.));
#11575 = VECTOR('',#11576,1.);
#11576 = DIRECTION('',(0.,1.,0.));
#11577 = ORIENTED_EDGE('',*,*,#11578,.F.);
#11578 = EDGE_CURVE('',#11505,#11571,#11579,.T.);
#11579 = LINE('',#11580,#11581);
#11580 = CARTESIAN_POINT('',(-212.75,88.,113.));
#11581 = VECTOR('',#11582,1.);
#11582 = DIRECTION('',(1.,0.,0.));
#11583 = PLANE('',#11584);
#11584 = AXIS2_PLACEMENT_3D('',#11585,#11586,#11587);
#11585 = CARTESIAN_POINT('',(-212.75,72.,113.));
#11586 = DIRECTION('',(0.,0.,1.));
#11587 = DIRECTION('',(1.,0.,0.));
#11588 = ADVANCED_FACE('',(#11589),#11607,.F.);
#11589 = FACE_BOUND('',#11590,.F.);
#11590 = EDGE_LOOP('',(#11591,#11592,#11593,#11601));
#11591 = ORIENTED_EDGE('',*,*,#11496,.F.);
#11592 = ORIENTED_EDGE('',*,*,#11537,.T.);
#11593 = ORIENTED_EDGE('',*,*,#11594,.T.);
#11594 = EDGE_CURVE('',#11538,#11595,#11597,.T.);
#11595 = VERTEX_POINT('',#11596);
#11596 = CARTESIAN_POINT('',(-204.75,88.,100.));
#11597 = LINE('',#11598,#11599);
#11598 = CARTESIAN_POINT('',(-204.75,72.,100.));
#11599 = VECTOR('',#11600,1.);
#11600 = DIRECTION('',(0.,1.,0.));
#11601 = ORIENTED_EDGE('',*,*,#11602,.F.);
#11602 = EDGE_CURVE('',#11497,#11595,#11603,.T.);
#11603 = LINE('',#11604,#11605);
#11604 = CARTESIAN_POINT('',(-212.75,88.,100.));
#11605 = VECTOR('',#11606,1.);
#11606 = DIRECTION('',(1.,0.,0.));
#11607 = PLANE('',#11608);
#11608 = AXIS2_PLACEMENT_3D('',#11609,#11610,#11611);
#11609 = CARTESIAN_POINT('',(-212.75,72.,100.));
#11610 = DIRECTION('',(0.,0.,1.));
#11611 = DIRECTION('',(1.,0.,0.));
#11612 = ADVANCED_FACE('',(#11613),#11624,.T.);
#11613 = FACE_BOUND('',#11614,.T.);
#11614 = EDGE_LOOP('',(#11615,#11616,#11617,#11618));
#11615 = ORIENTED_EDGE('',*,*,#11602,.F.);
#11616 = ORIENTED_EDGE('',*,*,#11504,.T.);
#11617 = ORIENTED_EDGE('',*,*,#11578,.T.);
#11618 = ORIENTED_EDGE('',*,*,#11619,.F.);
#11619 = EDGE_CURVE('',#11595,#11571,#11620,.T.);
#11620 = LINE('',#11621,#11622);
#11621 = CARTESIAN_POINT('',(-204.75,88.,100.));
#11622 = VECTOR('',#11623,1.);
#11623 = DIRECTION('',(0.,0.,1.));
#11624 = PLANE('',#11625);
#11625 = AXIS2_PLACEMENT_3D('',#11626,#11627,#11628);
#11626 = CARTESIAN_POINT('',(-212.75,88.,100.));
#11627 = DIRECTION('',(0.,1.,0.));
#11628 = DIRECTION('',(0.,0.,1.));
#11629 = ADVANCED_FACE('',(#11630),#11649,.F.);
#11630 = FACE_BOUND('',#11631,.F.);
#11631 = EDGE_LOOP('',(#11632,#11641,#11647,#11648));
#11632 = ORIENTED_EDGE('',*,*,#11633,.F.);
#11633 = EDGE_CURVE('',#11634,#11634,#11636,.T.);
#11634 = VERTEX_POINT('',#11635);
#11635 = CARTESIAN_POINT('',(-204.75,80.,107.1));
#11636 = CIRCLE('',#11637,2.1);
#11637 = AXIS2_PLACEMENT_3D('',#11638,#11639,#11640);
#11638 = CARTESIAN_POINT('',(-204.75,80.,105.));
#11639 = DIRECTION('',(1.,0.,-0.));
#11640 = DIRECTION('',(0.,0.,1.));
#11641 = ORIENTED_EDGE('',*,*,#11642,.F.);
#11642 = EDGE_CURVE('',#11521,#11634,#11643,.T.);
#11643 = LINE('',#11644,#11645);
#11644 = CARTESIAN_POINT('',(-213.75,80.,107.1));
#11645 = VECTOR('',#11646,1.);
#11646 = DIRECTION('',(1.,0.,0.));
#11647 = ORIENTED_EDGE('',*,*,#11520,.T.);
#11648 = ORIENTED_EDGE('',*,*,#11642,.T.);
#11649 = CYLINDRICAL_SURFACE('',#11650,2.1);
#11650 = AXIS2_PLACEMENT_3D('',#11651,#11652,#11653);
#11651 = CARTESIAN_POINT('',(-213.75,80.,105.));
#11652 = DIRECTION('',(1.,0.,0.));
#11653 = DIRECTION('',(0.,0.,1.));
#11654 = ADVANCED_FACE('',(#11655,#11661),#11664,.T.);
#11655 = FACE_BOUND('',#11656,.T.);
#11656 = EDGE_LOOP('',(#11657,#11658,#11659,#11660));
#11657 = ORIENTED_EDGE('',*,*,#11554,.F.);
#11658 = ORIENTED_EDGE('',*,*,#11594,.T.);
#11659 = ORIENTED_EDGE('',*,*,#11619,.T.);
#11660 = ORIENTED_EDGE('',*,*,#11570,.F.);
#11661 = FACE_BOUND('',#11662,.T.);
#11662 = EDGE_LOOP('',(#11663));
#11663 = ORIENTED_EDGE('',*,*,#11633,.F.);
#11664 = PLANE('',#11665);
#11665 = AXIS2_PLACEMENT_3D('',#11666,#11667,#11668);
#11666 = CARTESIAN_POINT('',(-204.75,72.,100.));
#11667 = DIRECTION('',(1.,0.,0.));
#11668 = DIRECTION('',(0.,0.,1.));
#11669 = MANIFOLD_SOLID_BREP('',#11670);
#11670 = CLOSED_SHELL('',(#11671,#11722,#11753,#11777,#11801,#11818,
    #11843));
#11671 = ADVANCED_FACE('',(#11672,#11706),#11717,.F.);
#11672 = FACE_BOUND('',#11673,.F.);
#11673 = EDGE_LOOP('',(#11674,#11684,#11692,#11700));
#11674 = ORIENTED_EDGE('',*,*,#11675,.F.);
#11675 = EDGE_CURVE('',#11676,#11678,#11680,.T.);
#11676 = VERTEX_POINT('',#11677);
#11677 = CARTESIAN_POINT('',(-155.25,72.,100.));
#11678 = VERTEX_POINT('',#11679);
#11679 = CARTESIAN_POINT('',(-155.25,72.,113.));
#11680 = LINE('',#11681,#11682);
#11681 = CARTESIAN_POINT('',(-155.25,72.,100.));
#11682 = VECTOR('',#11683,1.);
#11683 = DIRECTION('',(0.,0.,1.));
#11684 = ORIENTED_EDGE('',*,*,#11685,.T.);
#11685 = EDGE_CURVE('',#11676,#11686,#11688,.T.);
#11686 = VERTEX_POINT('',#11687);
#11687 = CARTESIAN_POINT('',(-155.25,88.,100.));
#11688 = LINE('',#11689,#11690);
#11689 = CARTESIAN_POINT('',(-155.25,72.,100.));
#11690 = VECTOR('',#11691,1.);
#11691 = DIRECTION('',(0.,1.,0.));
#11692 = ORIENTED_EDGE('',*,*,#11693,.T.);
#11693 = EDGE_CURVE('',#11686,#11694,#11696,.T.);
#11694 = VERTEX_POINT('',#11695);
#11695 = CARTESIAN_POINT('',(-155.25,88.,113.));
#11696 = LINE('',#11697,#11698);
#11697 = CARTESIAN_POINT('',(-155.25,88.,100.));
#11698 = VECTOR('',#11699,1.);
#11699 = DIRECTION('',(0.,0.,1.));
#11700 = ORIENTED_EDGE('',*,*,#11701,.F.);
#11701 = EDGE_CURVE('',#11678,#11694,#11702,.T.);
#11702 = LINE('',#11703,#11704);
#11703 = CARTESIAN_POINT('',(-155.25,72.,113.));
#11704 = VECTOR('',#11705,1.);
#11705 = DIRECTION('',(0.,1.,0.));
#11706 = FACE_BOUND('',#11707,.F.);
#11707 = EDGE_LOOP('',(#11708));
#11708 = ORIENTED_EDGE('',*,*,#11709,.F.);
#11709 = EDGE_CURVE('',#11710,#11710,#11712,.T.);
#11710 = VERTEX_POINT('',#11711);
#11711 = CARTESIAN_POINT('',(-155.25,80.,107.1));
#11712 = CIRCLE('',#11713,2.1);
#11713 = AXIS2_PLACEMENT_3D('',#11714,#11715,#11716);
#11714 = CARTESIAN_POINT('',(-155.25,80.,105.));
#11715 = DIRECTION('',(1.,0.,-0.));
#11716 = DIRECTION('',(0.,0.,1.));
#11717 = PLANE('',#11718);
#11718 = AXIS2_PLACEMENT_3D('',#11719,#11720,#11721);
#11719 = CARTESIAN_POINT('',(-155.25,72.,100.));
#11720 = DIRECTION('',(1.,0.,0.));
#11721 = DIRECTION('',(0.,0.,1.));
#11722 = ADVANCED_FACE('',(#11723),#11748,.F.);
#11723 = FACE_BOUND('',#11724,.F.);
#11724 = EDGE_LOOP('',(#11725,#11733,#11734,#11742));
#11725 = ORIENTED_EDGE('',*,*,#11726,.F.);
#11726 = EDGE_CURVE('',#11676,#11727,#11729,.T.);
#11727 = VERTEX_POINT('',#11728);
#11728 = CARTESIAN_POINT('',(-147.25,72.,100.));
#11729 = LINE('',#11730,#11731);
#11730 = CARTESIAN_POINT('',(-155.25,72.,100.));
#11731 = VECTOR('',#11732,1.);
#11732 = DIRECTION('',(1.,0.,0.));
#11733 = ORIENTED_EDGE('',*,*,#11675,.T.);
#11734 = ORIENTED_EDGE('',*,*,#11735,.T.);
#11735 = EDGE_CURVE('',#11678,#11736,#11738,.T.);
#11736 = VERTEX_POINT('',#11737);
#11737 = CARTESIAN_POINT('',(-147.25,72.,113.));
#11738 = LINE('',#11739,#11740);
#11739 = CARTESIAN_POINT('',(-155.25,72.,113.));
#11740 = VECTOR('',#11741,1.);
#11741 = DIRECTION('',(1.,0.,0.));
#11742 = ORIENTED_EDGE('',*,*,#11743,.F.);
#11743 = EDGE_CURVE('',#11727,#11736,#11744,.T.);
#11744 = LINE('',#11745,#11746);
#11745 = CARTESIAN_POINT('',(-147.25,72.,100.));
#11746 = VECTOR('',#11747,1.);
#11747 = DIRECTION('',(0.,0.,1.));
#11748 = PLANE('',#11749);
#11749 = AXIS2_PLACEMENT_3D('',#11750,#11751,#11752);
#11750 = CARTESIAN_POINT('',(-155.25,72.,100.));
#11751 = DIRECTION('',(0.,1.,0.));
#11752 = DIRECTION('',(0.,0.,1.));
#11753 = ADVANCED_FACE('',(#11754),#11772,.T.);
#11754 = FACE_BOUND('',#11755,.T.);
#11755 = EDGE_LOOP('',(#11756,#11757,#11758,#11766));
#11756 = ORIENTED_EDGE('',*,*,#11701,.F.);
#11757 = ORIENTED_EDGE('',*,*,#11735,.T.);
#11758 = ORIENTED_EDGE('',*,*,#11759,.T.);
#11759 = EDGE_CURVE('',#11736,#11760,#11762,.T.);
#11760 = VERTEX_POINT('',#11761);
#11761 = CARTESIAN_POINT('',(-147.25,88.,113.));
#11762 = LINE('',#11763,#11764);
#11763 = CARTESIAN_POINT('',(-147.25,72.,113.));
#11764 = VECTOR('',#11765,1.);
#11765 = DIRECTION('',(0.,1.,0.));
#11766 = ORIENTED_EDGE('',*,*,#11767,.F.);
#11767 = EDGE_CURVE('',#11694,#11760,#11768,.T.);
#11768 = LINE('',#11769,#11770);
#11769 = CARTESIAN_POINT('',(-155.25,88.,113.));
#11770 = VECTOR('',#11771,1.);
#11771 = DIRECTION('',(1.,0.,0.));
#11772 = PLANE('',#11773);
#11773 = AXIS2_PLACEMENT_3D('',#11774,#11775,#11776);
#11774 = CARTESIAN_POINT('',(-155.25,72.,113.));
#11775 = DIRECTION('',(0.,0.,1.));
#11776 = DIRECTION('',(1.,0.,0.));
#11777 = ADVANCED_FACE('',(#11778),#11796,.F.);
#11778 = FACE_BOUND('',#11779,.F.);
#11779 = EDGE_LOOP('',(#11780,#11781,#11782,#11790));
#11780 = ORIENTED_EDGE('',*,*,#11685,.F.);
#11781 = ORIENTED_EDGE('',*,*,#11726,.T.);
#11782 = ORIENTED_EDGE('',*,*,#11783,.T.);
#11783 = EDGE_CURVE('',#11727,#11784,#11786,.T.);
#11784 = VERTEX_POINT('',#11785);
#11785 = CARTESIAN_POINT('',(-147.25,88.,100.));
#11786 = LINE('',#11787,#11788);
#11787 = CARTESIAN_POINT('',(-147.25,72.,100.));
#11788 = VECTOR('',#11789,1.);
#11789 = DIRECTION('',(0.,1.,0.));
#11790 = ORIENTED_EDGE('',*,*,#11791,.F.);
#11791 = EDGE_CURVE('',#11686,#11784,#11792,.T.);
#11792 = LINE('',#11793,#11794);
#11793 = CARTESIAN_POINT('',(-155.25,88.,100.));
#11794 = VECTOR('',#11795,1.);
#11795 = DIRECTION('',(1.,0.,0.));
#11796 = PLANE('',#11797);
#11797 = AXIS2_PLACEMENT_3D('',#11798,#11799,#11800);
#11798 = CARTESIAN_POINT('',(-155.25,72.,100.));
#11799 = DIRECTION('',(0.,0.,1.));
#11800 = DIRECTION('',(1.,0.,0.));
#11801 = ADVANCED_FACE('',(#11802),#11813,.T.);
#11802 = FACE_BOUND('',#11803,.T.);
#11803 = EDGE_LOOP('',(#11804,#11805,#11806,#11807));
#11804 = ORIENTED_EDGE('',*,*,#11791,.F.);
#11805 = ORIENTED_EDGE('',*,*,#11693,.T.);
#11806 = ORIENTED_EDGE('',*,*,#11767,.T.);
#11807 = ORIENTED_EDGE('',*,*,#11808,.F.);
#11808 = EDGE_CURVE('',#11784,#11760,#11809,.T.);
#11809 = LINE('',#11810,#11811);
#11810 = CARTESIAN_POINT('',(-147.25,88.,100.));
#11811 = VECTOR('',#11812,1.);
#11812 = DIRECTION('',(0.,0.,1.));
#11813 = PLANE('',#11814);
#11814 = AXIS2_PLACEMENT_3D('',#11815,#11816,#11817);
#11815 = CARTESIAN_POINT('',(-155.25,88.,100.));
#11816 = DIRECTION('',(0.,1.,0.));
#11817 = DIRECTION('',(0.,0.,1.));
#11818 = ADVANCED_FACE('',(#11819),#11838,.F.);
#11819 = FACE_BOUND('',#11820,.F.);
#11820 = EDGE_LOOP('',(#11821,#11830,#11836,#11837));
#11821 = ORIENTED_EDGE('',*,*,#11822,.F.);
#11822 = EDGE_CURVE('',#11823,#11823,#11825,.T.);
#11823 = VERTEX_POINT('',#11824);
#11824 = CARTESIAN_POINT('',(-147.25,80.,107.1));
#11825 = CIRCLE('',#11826,2.1);
#11826 = AXIS2_PLACEMENT_3D('',#11827,#11828,#11829);
#11827 = CARTESIAN_POINT('',(-147.25,80.,105.));
#11828 = DIRECTION('',(1.,0.,-0.));
#11829 = DIRECTION('',(0.,0.,1.));
#11830 = ORIENTED_EDGE('',*,*,#11831,.F.);
#11831 = EDGE_CURVE('',#11710,#11823,#11832,.T.);
#11832 = LINE('',#11833,#11834);
#11833 = CARTESIAN_POINT('',(-156.25,80.,107.1));
#11834 = VECTOR('',#11835,1.);
#11835 = DIRECTION('',(1.,0.,0.));
#11836 = ORIENTED_EDGE('',*,*,#11709,.T.);
#11837 = ORIENTED_EDGE('',*,*,#11831,.T.);
#11838 = CYLINDRICAL_SURFACE('',#11839,2.1);
#11839 = AXIS2_PLACEMENT_3D('',#11840,#11841,#11842);
#11840 = CARTESIAN_POINT('',(-156.25,80.,105.));
#11841 = DIRECTION('',(1.,0.,0.));
#11842 = DIRECTION('',(0.,0.,1.));
#11843 = ADVANCED_FACE('',(#11844,#11850),#11853,.T.);
#11844 = FACE_BOUND('',#11845,.T.);
#11845 = EDGE_LOOP('',(#11846,#11847,#11848,#11849));
#11846 = ORIENTED_EDGE('',*,*,#11743,.F.);
#11847 = ORIENTED_EDGE('',*,*,#11783,.T.);
#11848 = ORIENTED_EDGE('',*,*,#11808,.T.);
#11849 = ORIENTED_EDGE('',*,*,#11759,.F.);
#11850 = FACE_BOUND('',#11851,.T.);
#11851 = EDGE_LOOP('',(#11852));
#11852 = ORIENTED_EDGE('',*,*,#11822,.F.);
#11853 = PLANE('',#11854);
#11854 = AXIS2_PLACEMENT_3D('',#11855,#11856,#11857);
#11855 = CARTESIAN_POINT('',(-147.25,72.,100.));
#11856 = DIRECTION('',(1.,0.,0.));
#11857 = DIRECTION('',(0.,0.,1.));
#11858 = MANIFOLD_SOLID_BREP('',#11859);
#11859 = CLOSED_SHELL('',(#11860,#11893,#11902));
#11860 = ADVANCED_FACE('',(#11861),#11888,.T.);
#11861 = FACE_BOUND('',#11862,.T.);
#11862 = EDGE_LOOP('',(#11863,#11872,#11880,#11887));
#11863 = ORIENTED_EDGE('',*,*,#11864,.F.);
#11864 = EDGE_CURVE('',#11865,#11865,#11867,.T.);
#11865 = VERTEX_POINT('',#11866);
#11866 = CARTESIAN_POINT('',(-180.,167.1506985086,69.013811684718));
#11867 = CIRCLE('',#11868,5.);
#11868 = AXIS2_PLACEMENT_3D('',#11869,#11870,#11871);
#11869 = CARTESIAN_POINT('',(-180.,165.,64.5));
#11870 = DIRECTION('',(0.256626311645,0.872529459594,-0.415734624865));
#11871 = DIRECTION('',(-8.16676349121E-18,0.43013970172,0.902762336944)
  );
#11872 = ORIENTED_EDGE('',*,*,#11873,.F.);
#11873 = EDGE_CURVE('',#11874,#11865,#11876,.T.);
#11874 = VERTEX_POINT('',#11875);
#11875 = CARTESIAN_POINT('',(-205.,82.150698508601,109.51381168471));
#11876 = LINE('',#11877,#11878);
#11877 = CARTESIAN_POINT('',(-205.,82.150698508601,109.51381168471));
#11878 = VECTOR('',#11879,1.);
#11879 = DIRECTION('',(0.256626311645,0.872529459594,-0.415734624865));
#11880 = ORIENTED_EDGE('',*,*,#11881,.T.);
#11881 = EDGE_CURVE('',#11874,#11874,#11882,.T.);
#11882 = CIRCLE('',#11883,5.);
#11883 = AXIS2_PLACEMENT_3D('',#11884,#11885,#11886);
#11884 = CARTESIAN_POINT('',(-205.,80.,105.));
#11885 = DIRECTION('',(0.256626311645,0.872529459594,-0.415734624865));
#11886 = DIRECTION('',(-8.16676349121E-18,0.43013970172,0.902762336944)
  );
#11887 = ORIENTED_EDGE('',*,*,#11873,.T.);
#11888 = CYLINDRICAL_SURFACE('',#11889,5.);
#11889 = AXIS2_PLACEMENT_3D('',#11890,#11891,#11892);
#11890 = CARTESIAN_POINT('',(-205.,80.,105.));
#11891 = DIRECTION('',(0.256626311645,0.872529459594,-0.415734624865));
#11892 = DIRECTION('',(5.711024316605E-18,0.43013970172,0.902762336944)
  );
#11893 = ADVANCED_FACE('',(#11894),#11897,.T.);
#11894 = FACE_BOUND('',#11895,.T.);
#11895 = EDGE_LOOP('',(#11896));
#11896 = ORIENTED_EDGE('',*,*,#11864,.T.);
#11897 = PLANE('',#11898);
#11898 = AXIS2_PLACEMENT_3D('',#11899,#11900,#11901);
#11899 = CARTESIAN_POINT('',(-180.,165.,64.5));
#11900 = DIRECTION('',(0.256626311645,0.872529459594,-0.415734624865));
#11901 = DIRECTION('',(5.711024316605E-18,0.43013970172,0.902762336944)
  );
#11902 = ADVANCED_FACE('',(#11903),#11906,.F.);
#11903 = FACE_BOUND('',#11904,.T.);
#11904 = EDGE_LOOP('',(#11905));
#11905 = ORIENTED_EDGE('',*,*,#11881,.F.);
#11906 = PLANE('',#11907);
#11907 = AXIS2_PLACEMENT_3D('',#11908,#11909,#11910);
#11908 = CARTESIAN_POINT('',(-205.,80.,105.));
#11909 = DIRECTION('',(0.256626311645,0.872529459594,-0.415734624865));
#11910 = DIRECTION('',(5.711024316605E-18,0.43013970172,0.902762336944)
  );
#11911 = MANIFOLD_SOLID_BREP('',#11912);
#11912 = CLOSED_SHELL('',(#11913,#11946,#11955));
#11913 = ADVANCED_FACE('',(#11914),#11941,.T.);
#11914 = FACE_BOUND('',#11915,.T.);
#11915 = EDGE_LOOP('',(#11916,#11925,#11933,#11940));
#11916 = ORIENTED_EDGE('',*,*,#11917,.F.);
#11917 = EDGE_CURVE('',#11918,#11918,#11920,.T.);
#11918 = VERTEX_POINT('',#11919);
#11919 = CARTESIAN_POINT('',(-180.,167.1506985086,69.013811684718));
#11920 = CIRCLE('',#11921,5.);
#11921 = AXIS2_PLACEMENT_3D('',#11922,#11923,#11924);
#11922 = CARTESIAN_POINT('',(-180.,165.,64.5));
#11923 = DIRECTION('',(-0.256626311645,0.872529459594,-0.415734624865));
#11924 = DIRECTION('',(8.16676349121E-18,0.43013970172,0.902762336944));
#11925 = ORIENTED_EDGE('',*,*,#11926,.F.);
#11926 = EDGE_CURVE('',#11927,#11918,#11929,.T.);
#11927 = VERTEX_POINT('',#11928);
#11928 = CARTESIAN_POINT('',(-155.,82.150698508601,109.51381168471));
#11929 = LINE('',#11930,#11931);
#11930 = CARTESIAN_POINT('',(-155.,82.150698508601,109.51381168471));
#11931 = VECTOR('',#11932,1.);
#11932 = DIRECTION('',(-0.256626311645,0.872529459594,-0.415734624865));
#11933 = ORIENTED_EDGE('',*,*,#11934,.T.);
#11934 = EDGE_CURVE('',#11927,#11927,#11935,.T.);
#11935 = CIRCLE('',#11936,5.);
#11936 = AXIS2_PLACEMENT_3D('',#11937,#11938,#11939);
#11937 = CARTESIAN_POINT('',(-155.,80.,105.));
#11938 = DIRECTION('',(-0.256626311645,0.872529459594,-0.415734624865));
#11939 = DIRECTION('',(8.16676349121E-18,0.43013970172,0.902762336944));
#11940 = ORIENTED_EDGE('',*,*,#11926,.T.);
#11941 = CYLINDRICAL_SURFACE('',#11942,5.);
#11942 = AXIS2_PLACEMENT_3D('',#11943,#11944,#11945);
#11943 = CARTESIAN_POINT('',(-155.,80.,105.));
#11944 = DIRECTION('',(-0.256626311645,0.872529459594,-0.415734624865));
#11945 = DIRECTION('',(-5.711024316605E-18,0.43013970172,0.902762336944)
  );
#11946 = ADVANCED_FACE('',(#11947),#11950,.T.);
#11947 = FACE_BOUND('',#11948,.T.);
#11948 = EDGE_LOOP('',(#11949));
#11949 = ORIENTED_EDGE('',*,*,#11917,.T.);
#11950 = PLANE('',#11951);
#11951 = AXIS2_PLACEMENT_3D('',#11952,#11953,#11954);
#11952 = CARTESIAN_POINT('',(-180.,165.,64.5));
#11953 = DIRECTION('',(-0.256626311645,0.872529459594,-0.415734624865));
#11954 = DIRECTION('',(-5.711024316605E-18,0.43013970172,0.902762336944)
  );
#11955 = ADVANCED_FACE('',(#11956),#11959,.F.);
#11956 = FACE_BOUND('',#11957,.T.);
#11957 = EDGE_LOOP('',(#11958));
#11958 = ORIENTED_EDGE('',*,*,#11934,.F.);
#11959 = PLANE('',#11960);
#11960 = AXIS2_PLACEMENT_3D('',#11961,#11962,#11963);
#11961 = CARTESIAN_POINT('',(-155.,80.,105.));
#11962 = DIRECTION('',(-0.256626311645,0.872529459594,-0.415734624865));
#11963 = DIRECTION('',(-5.711024316605E-18,0.43013970172,0.902762336944)
  );
#11964 = MANIFOLD_SOLID_BREP('',#11965);
#11965 = CLOSED_SHELL('',(#11966,#11999,#12008));
#11966 = ADVANCED_FACE('',(#11967),#11994,.T.);
#11967 = FACE_BOUND('',#11968,.T.);
#11968 = EDGE_LOOP('',(#11969,#11978,#11986,#11993));
#11969 = ORIENTED_EDGE('',*,*,#11970,.F.);
#11970 = EDGE_CURVE('',#11971,#11971,#11973,.T.);
#11971 = VERTEX_POINT('',#11972);
#11972 = CARTESIAN_POINT('',(-180.,165.95187451313,112.31169524618));
#11973 = CIRCLE('',#11974,2.5);
#11974 = AXIS2_PLACEMENT_3D('',#11975,#11976,#11977);
#11975 = CARTESIAN_POINT('',(-180.,165.,110.));
#11976 = DIRECTION('',(0.,0.924678098475,-0.380749805254));
#11977 = DIRECTION('',(0.,0.380749805254,0.924678098475));
#11978 = ORIENTED_EDGE('',*,*,#11979,.F.);
#11979 = EDGE_CURVE('',#11980,#11971,#11982,.T.);
#11980 = VERTEX_POINT('',#11981);
#11981 = CARTESIAN_POINT('',(-180.,80.951874513136,147.31169524618));
#11982 = LINE('',#11983,#11984);
#11983 = CARTESIAN_POINT('',(-180.,80.951874513136,147.31169524618));
#11984 = VECTOR('',#11985,1.);
#11985 = DIRECTION('',(6.879213202477E-33,0.924678098475,-0.380749805254
    ));
#11986 = ORIENTED_EDGE('',*,*,#11987,.T.);
#11987 = EDGE_CURVE('',#11980,#11980,#11988,.T.);
#11988 = CIRCLE('',#11989,2.5);
#11989 = AXIS2_PLACEMENT_3D('',#11990,#11991,#11992);
#11990 = CARTESIAN_POINT('',(-180.,80.,145.));
#11991 = DIRECTION('',(0.,0.924678098475,-0.380749805254));
#11992 = DIRECTION('',(0.,0.380749805254,0.924678098475));
#11993 = ORIENTED_EDGE('',*,*,#11979,.T.);
#11994 = CYLINDRICAL_SURFACE('',#11995,2.5);
#11995 = AXIS2_PLACEMENT_3D('',#11996,#11997,#11998);
#11996 = CARTESIAN_POINT('',(-180.,80.,145.));
#11997 = DIRECTION('',(0.,0.924678098475,-0.380749805254));
#11998 = DIRECTION('',(0.,0.380749805254,0.924678098475));
#11999 = ADVANCED_FACE('',(#12000),#12003,.T.);
#12000 = FACE_BOUND('',#12001,.T.);
#12001 = EDGE_LOOP('',(#12002));
#12002 = ORIENTED_EDGE('',*,*,#11970,.T.);
#12003 = PLANE('',#12004);
#12004 = AXIS2_PLACEMENT_3D('',#12005,#12006,#12007);
#12005 = CARTESIAN_POINT('',(-180.,165.,110.));
#12006 = DIRECTION('',(0.,0.924678098475,-0.380749805254));
#12007 = DIRECTION('',(0.,0.380749805254,0.924678098475));
#12008 = ADVANCED_FACE('',(#12009),#12012,.F.);
#12009 = FACE_BOUND('',#12010,.T.);
#12010 = EDGE_LOOP('',(#12011));
#12011 = ORIENTED_EDGE('',*,*,#11987,.F.);
#12012 = PLANE('',#12013);
#12013 = AXIS2_PLACEMENT_3D('',#12014,#12015,#12016);
#12014 = CARTESIAN_POINT('',(-180.,80.,145.));
#12015 = DIRECTION('',(0.,0.924678098475,-0.380749805254));
#12016 = DIRECTION('',(0.,0.380749805254,0.924678098475));
#12017 = MANIFOLD_SOLID_BREP('',#12018);
#12018 = CLOSED_SHELL('',(#12019,#12059,#12101,#12125,#12160,#12177,
    #12189));
#12019 = ADVANCED_FACE('',(#12020),#12054,.F.);
#12020 = FACE_BOUND('',#12021,.F.);
#12021 = EDGE_LOOP('',(#12022,#12032,#12040,#12048));
#12022 = ORIENTED_EDGE('',*,*,#12023,.F.);
#12023 = EDGE_CURVE('',#12024,#12026,#12028,.T.);
#12024 = VERTEX_POINT('',#12025);
#12025 = CARTESIAN_POINT('',(-192.,157.,64.5));
#12026 = VERTEX_POINT('',#12027);
#12027 = CARTESIAN_POINT('',(-192.,157.,109.5));
#12028 = LINE('',#12029,#12030);
#12029 = CARTESIAN_POINT('',(-192.,157.,64.5));
#12030 = VECTOR('',#12031,1.);
#12031 = DIRECTION('',(0.,0.,1.));
#12032 = ORIENTED_EDGE('',*,*,#12033,.T.);
#12033 = EDGE_CURVE('',#12024,#12034,#12036,.T.);
#12034 = VERTEX_POINT('',#12035);
#12035 = CARTESIAN_POINT('',(-192.,173.,64.5));
#12036 = LINE('',#12037,#12038);
#12037 = CARTESIAN_POINT('',(-192.,157.,64.5));
#12038 = VECTOR('',#12039,1.);
#12039 = DIRECTION('',(0.,1.,0.));
#12040 = ORIENTED_EDGE('',*,*,#12041,.T.);
#12041 = EDGE_CURVE('',#12034,#12042,#12044,.T.);
#12042 = VERTEX_POINT('',#12043);
#12043 = CARTESIAN_POINT('',(-192.,173.,109.5));
#12044 = LINE('',#12045,#12046);
#12045 = CARTESIAN_POINT('',(-192.,173.,64.5));
#12046 = VECTOR('',#12047,1.);
#12047 = DIRECTION('',(0.,0.,1.));
#12048 = ORIENTED_EDGE('',*,*,#12049,.F.);
#12049 = EDGE_CURVE('',#12026,#12042,#12050,.T.);
#12050 = LINE('',#12051,#12052);
#12051 = CARTESIAN_POINT('',(-192.,157.,109.5));
#12052 = VECTOR('',#12053,1.);
#12053 = DIRECTION('',(0.,1.,0.));
#12054 = PLANE('',#12055);
#12055 = AXIS2_PLACEMENT_3D('',#12056,#12057,#12058);
#12056 = CARTESIAN_POINT('',(-192.,157.,64.5));
#12057 = DIRECTION('',(1.,0.,0.));
#12058 = DIRECTION('',(0.,0.,1.));
#12059 = ADVANCED_FACE('',(#12060,#12085),#12096,.F.);
#12060 = FACE_BOUND('',#12061,.F.);
#12061 = EDGE_LOOP('',(#12062,#12070,#12071,#12079));
#12062 = ORIENTED_EDGE('',*,*,#12063,.F.);
#12063 = EDGE_CURVE('',#12024,#12064,#12066,.T.);
#12064 = VERTEX_POINT('',#12065);
#12065 = CARTESIAN_POINT('',(-168.,157.,64.5));
#12066 = LINE('',#12067,#12068);
#12067 = CARTESIAN_POINT('',(-192.,157.,64.5));
#12068 = VECTOR('',#12069,1.);
#12069 = DIRECTION('',(1.,0.,0.));
#12070 = ORIENTED_EDGE('',*,*,#12023,.T.);
#12071 = ORIENTED_EDGE('',*,*,#12072,.T.);
#12072 = EDGE_CURVE('',#12026,#12073,#12075,.T.);
#12073 = VERTEX_POINT('',#12074);
#12074 = CARTESIAN_POINT('',(-168.,157.,109.5));
#12075 = LINE('',#12076,#12077);
#12076 = CARTESIAN_POINT('',(-192.,157.,109.5));
#12077 = VECTOR('',#12078,1.);
#12078 = DIRECTION('',(1.,0.,0.));
#12079 = ORIENTED_EDGE('',*,*,#12080,.F.);
#12080 = EDGE_CURVE('',#12064,#12073,#12081,.T.);
#12081 = LINE('',#12082,#12083);
#12082 = CARTESIAN_POINT('',(-168.,157.,64.5));
#12083 = VECTOR('',#12084,1.);
#12084 = DIRECTION('',(0.,0.,1.));
#12085 = FACE_BOUND('',#12086,.F.);
#12086 = EDGE_LOOP('',(#12087));
#12087 = ORIENTED_EDGE('',*,*,#12088,.F.);
#12088 = EDGE_CURVE('',#12089,#12089,#12091,.T.);
#12089 = VERTEX_POINT('',#12090);
#12090 = CARTESIAN_POINT('',(-180.,157.,95.5));
#12091 = CIRCLE('',#12092,11.);
#12092 = AXIS2_PLACEMENT_3D('',#12093,#12094,#12095);
#12093 = CARTESIAN_POINT('',(-180.,157.,84.5));
#12094 = DIRECTION('',(0.,1.,0.));
#12095 = DIRECTION('',(0.,0.,1.));
#12096 = PLANE('',#12097);
#12097 = AXIS2_PLACEMENT_3D('',#12098,#12099,#12100);
#12098 = CARTESIAN_POINT('',(-192.,157.,64.5));
#12099 = DIRECTION('',(0.,1.,0.));
#12100 = DIRECTION('',(0.,0.,1.));
#12101 = ADVANCED_FACE('',(#12102),#12120,.T.);
#12102 = FACE_BOUND('',#12103,.T.);
#12103 = EDGE_LOOP('',(#12104,#12105,#12106,#12114));
#12104 = ORIENTED_EDGE('',*,*,#12049,.F.);
#12105 = ORIENTED_EDGE('',*,*,#12072,.T.);
#12106 = ORIENTED_EDGE('',*,*,#12107,.T.);
#12107 = EDGE_CURVE('',#12073,#12108,#12110,.T.);
#12108 = VERTEX_POINT('',#12109);
#12109 = CARTESIAN_POINT('',(-168.,173.,109.5));
#12110 = LINE('',#12111,#12112);
#12111 = CARTESIAN_POINT('',(-168.,157.,109.5));
#12112 = VECTOR('',#12113,1.);
#12113 = DIRECTION('',(0.,1.,0.));
#12114 = ORIENTED_EDGE('',*,*,#12115,.F.);
#12115 = EDGE_CURVE('',#12042,#12108,#12116,.T.);
#12116 = LINE('',#12117,#12118);
#12117 = CARTESIAN_POINT('',(-192.,173.,109.5));
#12118 = VECTOR('',#12119,1.);
#12119 = DIRECTION('',(1.,0.,0.));
#12120 = PLANE('',#12121);
#12121 = AXIS2_PLACEMENT_3D('',#12122,#12123,#12124);
#12122 = CARTESIAN_POINT('',(-192.,157.,109.5));
#12123 = DIRECTION('',(0.,0.,1.));
#12124 = DIRECTION('',(1.,0.,0.));
#12125 = ADVANCED_FACE('',(#12126,#12144),#12155,.T.);
#12126 = FACE_BOUND('',#12127,.T.);
#12127 = EDGE_LOOP('',(#12128,#12136,#12137,#12138));
#12128 = ORIENTED_EDGE('',*,*,#12129,.F.);
#12129 = EDGE_CURVE('',#12034,#12130,#12132,.T.);
#12130 = VERTEX_POINT('',#12131);
#12131 = CARTESIAN_POINT('',(-168.,173.,64.5));
#12132 = LINE('',#12133,#12134);
#12133 = CARTESIAN_POINT('',(-192.,173.,64.5));
#12134 = VECTOR('',#12135,1.);
#12135 = DIRECTION('',(1.,0.,0.));
#12136 = ORIENTED_EDGE('',*,*,#12041,.T.);
#12137 = ORIENTED_EDGE('',*,*,#12115,.T.);
#12138 = ORIENTED_EDGE('',*,*,#12139,.F.);
#12139 = EDGE_CURVE('',#12130,#12108,#12140,.T.);
#12140 = LINE('',#12141,#12142);
#12141 = CARTESIAN_POINT('',(-168.,173.,64.5));
#12142 = VECTOR('',#12143,1.);
#12143 = DIRECTION('',(0.,0.,1.));
#12144 = FACE_BOUND('',#12145,.T.);
#12145 = EDGE_LOOP('',(#12146));
#12146 = ORIENTED_EDGE('',*,*,#12147,.F.);
#12147 = EDGE_CURVE('',#12148,#12148,#12150,.T.);
#12148 = VERTEX_POINT('',#12149);
#12149 = CARTESIAN_POINT('',(-180.,173.,95.5));
#12150 = CIRCLE('',#12151,11.);
#12151 = AXIS2_PLACEMENT_3D('',#12152,#12153,#12154);
#12152 = CARTESIAN_POINT('',(-180.,173.,84.5));
#12153 = DIRECTION('',(0.,1.,0.));
#12154 = DIRECTION('',(0.,0.,1.));
#12155 = PLANE('',#12156);
#12156 = AXIS2_PLACEMENT_3D('',#12157,#12158,#12159);
#12157 = CARTESIAN_POINT('',(-192.,173.,64.5));
#12158 = DIRECTION('',(0.,1.,0.));
#12159 = DIRECTION('',(0.,0.,1.));
#12160 = ADVANCED_FACE('',(#12161),#12172,.F.);
#12161 = FACE_BOUND('',#12162,.F.);
#12162 = EDGE_LOOP('',(#12163,#12164,#12165,#12171));
#12163 = ORIENTED_EDGE('',*,*,#12033,.F.);
#12164 = ORIENTED_EDGE('',*,*,#12063,.T.);
#12165 = ORIENTED_EDGE('',*,*,#12166,.T.);
#12166 = EDGE_CURVE('',#12064,#12130,#12167,.T.);
#12167 = LINE('',#12168,#12169);
#12168 = CARTESIAN_POINT('',(-168.,157.,64.5));
#12169 = VECTOR('',#12170,1.);
#12170 = DIRECTION('',(0.,1.,0.));
#12171 = ORIENTED_EDGE('',*,*,#12129,.F.);
#12172 = PLANE('',#12173);
#12173 = AXIS2_PLACEMENT_3D('',#12174,#12175,#12176);
#12174 = CARTESIAN_POINT('',(-192.,157.,64.5));
#12175 = DIRECTION('',(0.,0.,1.));
#12176 = DIRECTION('',(1.,0.,0.));
#12177 = ADVANCED_FACE('',(#12178),#12184,.T.);
#12178 = FACE_BOUND('',#12179,.T.);
#12179 = EDGE_LOOP('',(#12180,#12181,#12182,#12183));
#12180 = ORIENTED_EDGE('',*,*,#12080,.F.);
#12181 = ORIENTED_EDGE('',*,*,#12166,.T.);
#12182 = ORIENTED_EDGE('',*,*,#12139,.T.);
#12183 = ORIENTED_EDGE('',*,*,#12107,.F.);
#12184 = PLANE('',#12185);
#12185 = AXIS2_PLACEMENT_3D('',#12186,#12187,#12188);
#12186 = CARTESIAN_POINT('',(-168.,157.,64.5));
#12187 = DIRECTION('',(1.,0.,0.));
#12188 = DIRECTION('',(0.,0.,1.));
#12189 = ADVANCED_FACE('',(#12190),#12201,.F.);
#12190 = FACE_BOUND('',#12191,.F.);
#12191 = EDGE_LOOP('',(#12192,#12193,#12199,#12200));
#12192 = ORIENTED_EDGE('',*,*,#12147,.F.);
#12193 = ORIENTED_EDGE('',*,*,#12194,.F.);
#12194 = EDGE_CURVE('',#12089,#12148,#12195,.T.);
#12195 = LINE('',#12196,#12197);
#12196 = CARTESIAN_POINT('',(-180.,150.,95.5));
#12197 = VECTOR('',#12198,1.);
#12198 = DIRECTION('',(0.,1.,0.));
#12199 = ORIENTED_EDGE('',*,*,#12088,.T.);
#12200 = ORIENTED_EDGE('',*,*,#12194,.T.);
#12201 = CYLINDRICAL_SURFACE('',#12202,11.);
#12202 = AXIS2_PLACEMENT_3D('',#12203,#12204,#12205);
#12203 = CARTESIAN_POINT('',(-180.,150.,84.5));
#12204 = DIRECTION('',(0.,1.,0.));
#12205 = DIRECTION('',(0.,0.,1.));
#12206 = MANIFOLD_SOLID_BREP('',#12207);
#12207 = CLOSED_SHELL('',(#12208,#12241,#12250));
#12208 = ADVANCED_FACE('',(#12209),#12236,.T.);
#12209 = FACE_BOUND('',#12210,.T.);
#12210 = EDGE_LOOP('',(#12211,#12220,#12228,#12235));
#12211 = ORIENTED_EDGE('',*,*,#12212,.F.);
#12212 = EDGE_CURVE('',#12213,#12213,#12215,.T.);
#12213 = VERTEX_POINT('',#12214);
#12214 = CARTESIAN_POINT('',(-223.,107.4114281651,215.62439498696));
#12215 = CIRCLE('',#12216,2.5);
#12216 = AXIS2_PLACEMENT_3D('',#12217,#12218,#12219);
#12217 = CARTESIAN_POINT('',(-223.,105.,214.96483892069));
#12218 = DIRECTION('',(-0.185185185185,-0.259259259259,0.947887695709));
#12219 = DIRECTION('',(1.90693927619E-18,0.964571266041,0.263822426506)
  );
#12220 = ORIENTED_EDGE('',*,*,#12221,.F.);
#12221 = EDGE_CURVE('',#12222,#12213,#12224,.T.);
#12222 = VERTEX_POINT('',#12223);
#12223 = CARTESIAN_POINT('',(-198.,142.4114281651,87.659556066264));
#12224 = LINE('',#12225,#12226);
#12225 = CARTESIAN_POINT('',(-198.,142.4114281651,87.659556066264));
#12226 = VECTOR('',#12227,1.);
#12227 = DIRECTION('',(-0.185185185185,-0.259259259259,0.947887695709));
#12228 = ORIENTED_EDGE('',*,*,#12229,.T.);
#12229 = EDGE_CURVE('',#12222,#12222,#12230,.T.);
#12230 = CIRCLE('',#12231,2.5);
#12231 = AXIS2_PLACEMENT_3D('',#12232,#12233,#12234);
#12232 = CARTESIAN_POINT('',(-198.,140.,87.));
#12233 = DIRECTION('',(-0.185185185185,-0.259259259259,0.947887695709));
#12234 = DIRECTION('',(1.90693927619E-18,0.964571266041,0.263822426506)
  );
#12235 = ORIENTED_EDGE('',*,*,#12221,.T.);
#12236 = CYLINDRICAL_SURFACE('',#12237,2.5);
#12237 = AXIS2_PLACEMENT_3D('',#12238,#12239,#12240);
#12238 = CARTESIAN_POINT('',(-198.,140.,87.));
#12239 = DIRECTION('',(-0.185185185185,-0.259259259259,0.947887695709));
#12240 = DIRECTION('',(1.90693927619E-18,0.964571266041,0.263822426506)
  );
#12241 = ADVANCED_FACE('',(#12242),#12245,.T.);
#12242 = FACE_BOUND('',#12243,.T.);
#12243 = EDGE_LOOP('',(#12244));
#12244 = ORIENTED_EDGE('',*,*,#12212,.T.);
#12245 = PLANE('',#12246);
#12246 = AXIS2_PLACEMENT_3D('',#12247,#12248,#12249);
#12247 = CARTESIAN_POINT('',(-223.,105.,214.96483892069));
#12248 = DIRECTION('',(-0.185185185185,-0.259259259259,0.947887695709));
#12249 = DIRECTION('',(1.90693927619E-18,0.964571266041,0.263822426506)
  );
#12250 = ADVANCED_FACE('',(#12251),#12254,.F.);
#12251 = FACE_BOUND('',#12252,.T.);
#12252 = EDGE_LOOP('',(#12253));
#12253 = ORIENTED_EDGE('',*,*,#12229,.F.);
#12254 = PLANE('',#12255);
#12255 = AXIS2_PLACEMENT_3D('',#12256,#12257,#12258);
#12256 = CARTESIAN_POINT('',(-198.,140.,87.));
#12257 = DIRECTION('',(-0.185185185185,-0.259259259259,0.947887695709));
#12258 = DIRECTION('',(1.90693927619E-18,0.964571266041,0.263822426506)
  );
#12259 = MANIFOLD_SOLID_BREP('',#12260);
#12260 = CLOSED_SHELL('',(#12261,#12294,#12303));
#12261 = ADVANCED_FACE('',(#12262),#12289,.T.);
#12262 = FACE_BOUND('',#12263,.T.);
#12263 = EDGE_LOOP('',(#12264,#12273,#12281,#12288));
#12264 = ORIENTED_EDGE('',*,*,#12265,.F.);
#12265 = EDGE_CURVE('',#12266,#12266,#12268,.T.);
#12266 = VERTEX_POINT('',#12267);
#12267 = CARTESIAN_POINT('',(-223.,113.68114139437,217.33924075924));
#12268 = CIRCLE('',#12269,9.);
#12269 = AXIS2_PLACEMENT_3D('',#12270,#12271,#12272);
#12270 = CARTESIAN_POINT('',(-223.,105.,214.96483892069));
#12271 = DIRECTION('',(-0.185185185185,-0.259259259259,0.947887695709));
#12272 = DIRECTION('',(-4.774958557202E-18,0.964571266041,0.263822426506
    ));
#12273 = ORIENTED_EDGE('',*,*,#12274,.F.);
#12274 = EDGE_CURVE('',#12275,#12266,#12277,.T.);
#12275 = VERTEX_POINT('',#12276);
#12276 = CARTESIAN_POINT('',(-205.5,138.18114139437,127.76385351475));
#12277 = LINE('',#12278,#12279);
#12278 = CARTESIAN_POINT('',(-205.5,138.18114139437,127.76385351475));
#12279 = VECTOR('',#12280,1.);
#12280 = DIRECTION('',(-0.185185185185,-0.259259259259,0.947887695709));
#12281 = ORIENTED_EDGE('',*,*,#12282,.T.);
#12282 = EDGE_CURVE('',#12275,#12275,#12283,.T.);
#12283 = CIRCLE('',#12284,9.);
#12284 = AXIS2_PLACEMENT_3D('',#12285,#12286,#12287);
#12285 = CARTESIAN_POINT('',(-205.5,129.5,125.3894516762));
#12286 = DIRECTION('',(-0.185185185185,-0.259259259259,0.947887695709));
#12287 = DIRECTION('',(-4.774958557202E-18,0.964571266041,0.263822426506
    ));
#12288 = ORIENTED_EDGE('',*,*,#12274,.T.);
#12289 = CYLINDRICAL_SURFACE('',#12290,9.);
#12290 = AXIS2_PLACEMENT_3D('',#12291,#12292,#12293);
#12291 = CARTESIAN_POINT('',(-205.5,129.5,125.3894516762));
#12292 = DIRECTION('',(-0.185185185185,-0.259259259259,0.947887695709));
#12293 = DIRECTION('',(2.163935346705E-18,0.964571266041,0.263822426506)
  );
#12294 = ADVANCED_FACE('',(#12295),#12298,.T.);
#12295 = FACE_BOUND('',#12296,.T.);
#12296 = EDGE_LOOP('',(#12297));
#12297 = ORIENTED_EDGE('',*,*,#12265,.T.);
#12298 = PLANE('',#12299);
#12299 = AXIS2_PLACEMENT_3D('',#12300,#12301,#12302);
#12300 = CARTESIAN_POINT('',(-223.,105.,214.96483892069));
#12301 = DIRECTION('',(-0.185185185185,-0.259259259259,0.947887695709));
#12302 = DIRECTION('',(2.163935346705E-18,0.964571266041,0.263822426506)
  );
#12303 = ADVANCED_FACE('',(#12304),#12307,.F.);
#12304 = FACE_BOUND('',#12305,.T.);
#12305 = EDGE_LOOP('',(#12306));
#12306 = ORIENTED_EDGE('',*,*,#12282,.F.);
#12307 = PLANE('',#12308);
#12308 = AXIS2_PLACEMENT_3D('',#12309,#12310,#12311);
#12309 = CARTESIAN_POINT('',(-205.5,129.5,125.3894516762));
#12310 = DIRECTION('',(-0.185185185185,-0.259259259259,0.947887695709));
#12311 = DIRECTION('',(2.163935346705E-18,0.964571266041,0.263822426506)
  );
#12312 = MANIFOLD_SOLID_BREP('',#12313);
#12313 = CLOSED_SHELL('',(#12314,#12354,#12394,#12416,#12438,#12450));
#12314 = ADVANCED_FACE('',(#12315),#12349,.F.);
#12315 = FACE_BOUND('',#12316,.F.);
#12316 = EDGE_LOOP('',(#12317,#12327,#12335,#12343));
#12317 = ORIENTED_EDGE('',*,*,#12318,.F.);
#12318 = EDGE_CURVE('',#12319,#12321,#12323,.T.);
#12319 = VERTEX_POINT('',#12320);
#12320 = CARTESIAN_POINT('',(-230.,99.,100.));
#12321 = VERTEX_POINT('',#12322);
#12322 = CARTESIAN_POINT('',(-230.,99.,221.96483892069));
#12323 = LINE('',#12324,#12325);
#12324 = CARTESIAN_POINT('',(-230.,99.,100.));
#12325 = VECTOR('',#12326,1.);
#12326 = DIRECTION('',(0.,0.,1.));
#12327 = ORIENTED_EDGE('',*,*,#12328,.T.);
#12328 = EDGE_CURVE('',#12319,#12329,#12331,.T.);
#12329 = VERTEX_POINT('',#12330);
#12330 = CARTESIAN_POINT('',(-230.,111.,100.));
#12331 = LINE('',#12332,#12333);
#12332 = CARTESIAN_POINT('',(-230.,99.,100.));
#12333 = VECTOR('',#12334,1.);
#12334 = DIRECTION('',(0.,1.,0.));
#12335 = ORIENTED_EDGE('',*,*,#12336,.T.);
#12336 = EDGE_CURVE('',#12329,#12337,#12339,.T.);
#12337 = VERTEX_POINT('',#12338);
#12338 = CARTESIAN_POINT('',(-230.,111.,221.96483892069));
#12339 = LINE('',#12340,#12341);
#12340 = CARTESIAN_POINT('',(-230.,111.,100.));
#12341 = VECTOR('',#12342,1.);
#12342 = DIRECTION('',(0.,0.,1.));
#12343 = ORIENTED_EDGE('',*,*,#12344,.F.);
#12344 = EDGE_CURVE('',#12321,#12337,#12345,.T.);
#12345 = LINE('',#12346,#12347);
#12346 = CARTESIAN_POINT('',(-230.,99.,221.96483892069));
#12347 = VECTOR('',#12348,1.);
#12348 = DIRECTION('',(0.,1.,0.));
#12349 = PLANE('',#12350);
#12350 = AXIS2_PLACEMENT_3D('',#12351,#12352,#12353);
#12351 = CARTESIAN_POINT('',(-230.,99.,100.));
#12352 = DIRECTION('',(1.,0.,0.));
#12353 = DIRECTION('',(0.,0.,1.));
#12354 = ADVANCED_FACE('',(#12355),#12389,.T.);
#12355 = FACE_BOUND('',#12356,.T.);
#12356 = EDGE_LOOP('',(#12357,#12367,#12375,#12383));
#12357 = ORIENTED_EDGE('',*,*,#12358,.F.);
#12358 = EDGE_CURVE('',#12359,#12361,#12363,.T.);
#12359 = VERTEX_POINT('',#12360);
#12360 = CARTESIAN_POINT('',(-216.,99.,100.));
#12361 = VERTEX_POINT('',#12362);
#12362 = CARTESIAN_POINT('',(-216.,99.,221.96483892069));
#12363 = LINE('',#12364,#12365);
#12364 = CARTESIAN_POINT('',(-216.,99.,100.));
#12365 = VECTOR('',#12366,1.);
#12366 = DIRECTION('',(0.,0.,1.));
#12367 = ORIENTED_EDGE('',*,*,#12368,.T.);
#12368 = EDGE_CURVE('',#12359,#12369,#12371,.T.);
#12369 = VERTEX_POINT('',#12370);
#12370 = CARTESIAN_POINT('',(-216.,111.,100.));
#12371 = LINE('',#12372,#12373);
#12372 = CARTESIAN_POINT('',(-216.,99.,100.));
#12373 = VECTOR('',#12374,1.);
#12374 = DIRECTION('',(0.,1.,0.));
#12375 = ORIENTED_EDGE('',*,*,#12376,.T.);
#12376 = EDGE_CURVE('',#12369,#12377,#12379,.T.);
#12377 = VERTEX_POINT('',#12378);
#12378 = CARTESIAN_POINT('',(-216.,111.,221.96483892069));
#12379 = LINE('',#12380,#12381);
#12380 = CARTESIAN_POINT('',(-216.,111.,100.));
#12381 = VECTOR('',#12382,1.);
#12382 = DIRECTION('',(0.,0.,1.));
#12383 = ORIENTED_EDGE('',*,*,#12384,.F.);
#12384 = EDGE_CURVE('',#12361,#12377,#12385,.T.);
#12385 = LINE('',#12386,#12387);
#12386 = CARTESIAN_POINT('',(-216.,99.,221.96483892069));
#12387 = VECTOR('',#12388,1.);
#12388 = DIRECTION('',(0.,1.,0.));
#12389 = PLANE('',#12390);
#12390 = AXIS2_PLACEMENT_3D('',#12391,#12392,#12393);
#12391 = CARTESIAN_POINT('',(-216.,99.,100.));
#12392 = DIRECTION('',(1.,0.,0.));
#12393 = DIRECTION('',(0.,0.,1.));
#12394 = ADVANCED_FACE('',(#12395),#12411,.F.);
#12395 = FACE_BOUND('',#12396,.F.);
#12396 = EDGE_LOOP('',(#12397,#12403,#12404,#12410));
#12397 = ORIENTED_EDGE('',*,*,#12398,.F.);
#12398 = EDGE_CURVE('',#12319,#12359,#12399,.T.);
#12399 = LINE('',#12400,#12401);
#12400 = CARTESIAN_POINT('',(-230.,99.,100.));
#12401 = VECTOR('',#12402,1.);
#12402 = DIRECTION('',(1.,0.,0.));
#12403 = ORIENTED_EDGE('',*,*,#12318,.T.);
#12404 = ORIENTED_EDGE('',*,*,#12405,.T.);
#12405 = EDGE_CURVE('',#12321,#12361,#12406,.T.);
#12406 = LINE('',#12407,#12408);
#12407 = CARTESIAN_POINT('',(-230.,99.,221.96483892069));
#12408 = VECTOR('',#12409,1.);
#12409 = DIRECTION('',(1.,0.,0.));
#12410 = ORIENTED_EDGE('',*,*,#12358,.F.);
#12411 = PLANE('',#12412);
#12412 = AXIS2_PLACEMENT_3D('',#12413,#12414,#12415);
#12413 = CARTESIAN_POINT('',(-230.,99.,100.));
#12414 = DIRECTION('',(0.,1.,0.));
#12415 = DIRECTION('',(0.,0.,1.));
#12416 = ADVANCED_FACE('',(#12417),#12433,.T.);
#12417 = FACE_BOUND('',#12418,.T.);
#12418 = EDGE_LOOP('',(#12419,#12425,#12426,#12432));
#12419 = ORIENTED_EDGE('',*,*,#12420,.F.);
#12420 = EDGE_CURVE('',#12329,#12369,#12421,.T.);
#12421 = LINE('',#12422,#12423);
#12422 = CARTESIAN_POINT('',(-230.,111.,100.));
#12423 = VECTOR('',#12424,1.);
#12424 = DIRECTION('',(1.,0.,0.));
#12425 = ORIENTED_EDGE('',*,*,#12336,.T.);
#12426 = ORIENTED_EDGE('',*,*,#12427,.T.);
#12427 = EDGE_CURVE('',#12337,#12377,#12428,.T.);
#12428 = LINE('',#12429,#12430);
#12429 = CARTESIAN_POINT('',(-230.,111.,221.96483892069));
#12430 = VECTOR('',#12431,1.);
#12431 = DIRECTION('',(1.,0.,0.));
#12432 = ORIENTED_EDGE('',*,*,#12376,.F.);
#12433 = PLANE('',#12434);
#12434 = AXIS2_PLACEMENT_3D('',#12435,#12436,#12437);
#12435 = CARTESIAN_POINT('',(-230.,111.,100.));
#12436 = DIRECTION('',(0.,1.,0.));
#12437 = DIRECTION('',(0.,0.,1.));
#12438 = ADVANCED_FACE('',(#12439),#12445,.F.);
#12439 = FACE_BOUND('',#12440,.F.);
#12440 = EDGE_LOOP('',(#12441,#12442,#12443,#12444));
#12441 = ORIENTED_EDGE('',*,*,#12328,.F.);
#12442 = ORIENTED_EDGE('',*,*,#12398,.T.);
#12443 = ORIENTED_EDGE('',*,*,#12368,.T.);
#12444 = ORIENTED_EDGE('',*,*,#12420,.F.);
#12445 = PLANE('',#12446);
#12446 = AXIS2_PLACEMENT_3D('',#12447,#12448,#12449);
#12447 = CARTESIAN_POINT('',(-230.,99.,100.));
#12448 = DIRECTION('',(0.,0.,1.));
#12449 = DIRECTION('',(1.,0.,0.));
#12450 = ADVANCED_FACE('',(#12451),#12457,.T.);
#12451 = FACE_BOUND('',#12452,.T.);
#12452 = EDGE_LOOP('',(#12453,#12454,#12455,#12456));
#12453 = ORIENTED_EDGE('',*,*,#12344,.F.);
#12454 = ORIENTED_EDGE('',*,*,#12405,.T.);
#12455 = ORIENTED_EDGE('',*,*,#12384,.T.);
#12456 = ORIENTED_EDGE('',*,*,#12427,.F.);
#12457 = PLANE('',#12458);
#12458 = AXIS2_PLACEMENT_3D('',#12459,#12460,#12461);
#12459 = CARTESIAN_POINT('',(-230.,99.,221.96483892069));
#12460 = DIRECTION('',(0.,0.,1.));
#12461 = DIRECTION('',(1.,0.,0.));
#12462 = MANIFOLD_SOLID_BREP('',#12463);
#12463 = CLOSED_SHELL('',(#12464,#12504,#12535,#12559,#12594,#12611,
    #12623,#12707,#12739,#12763,#12788,#12805,#12814));
#12464 = ADVANCED_FACE('',(#12465),#12499,.F.);
#12465 = FACE_BOUND('',#12466,.F.);
#12466 = EDGE_LOOP('',(#12467,#12477,#12485,#12493));
#12467 = ORIENTED_EDGE('',*,*,#12468,.F.);
#12468 = EDGE_CURVE('',#12469,#12471,#12473,.T.);
#12469 = VERTEX_POINT('',#12470);
#12470 = CARTESIAN_POINT('',(-175.,-90.,100.));
#12471 = VERTEX_POINT('',#12472);
#12472 = CARTESIAN_POINT('',(-175.,-90.,180.));
#12473 = LINE('',#12474,#12475);
#12474 = CARTESIAN_POINT('',(-175.,-90.,100.));
#12475 = VECTOR('',#12476,1.);
#12476 = DIRECTION('',(0.,0.,1.));
#12477 = ORIENTED_EDGE('',*,*,#12478,.T.);
#12478 = EDGE_CURVE('',#12469,#12479,#12481,.T.);
#12479 = VERTEX_POINT('',#12480);
#12480 = CARTESIAN_POINT('',(-175.,-7.,100.));
#12481 = LINE('',#12482,#12483);
#12482 = CARTESIAN_POINT('',(-175.,-90.,100.));
#12483 = VECTOR('',#12484,1.);
#12484 = DIRECTION('',(0.,1.,0.));
#12485 = ORIENTED_EDGE('',*,*,#12486,.T.);
#12486 = EDGE_CURVE('',#12479,#12487,#12489,.T.);
#12487 = VERTEX_POINT('',#12488);
#12488 = CARTESIAN_POINT('',(-175.,-7.,180.));
#12489 = LINE('',#12490,#12491);
#12490 = CARTESIAN_POINT('',(-175.,-7.,100.));
#12491 = VECTOR('',#12492,1.);
#12492 = DIRECTION('',(0.,0.,1.));
#12493 = ORIENTED_EDGE('',*,*,#12494,.F.);
#12494 = EDGE_CURVE('',#12471,#12487,#12495,.T.);
#12495 = LINE('',#12496,#12497);
#12496 = CARTESIAN_POINT('',(-175.,-90.,180.));
#12497 = VECTOR('',#12498,1.);
#12498 = DIRECTION('',(0.,1.,0.));
#12499 = PLANE('',#12500);
#12500 = AXIS2_PLACEMENT_3D('',#12501,#12502,#12503);
#12501 = CARTESIAN_POINT('',(-175.,-90.,100.));
#12502 = DIRECTION('',(1.,0.,0.));
#12503 = DIRECTION('',(0.,0.,1.));
#12504 = ADVANCED_FACE('',(#12505),#12530,.F.);
#12505 = FACE_BOUND('',#12506,.F.);
#12506 = EDGE_LOOP('',(#12507,#12515,#12516,#12524));
#12507 = ORIENTED_EDGE('',*,*,#12508,.F.);
#12508 = EDGE_CURVE('',#12469,#12509,#12511,.T.);
#12509 = VERTEX_POINT('',#12510);
#12510 = CARTESIAN_POINT('',(-95.,-90.,100.));
#12511 = LINE('',#12512,#12513);
#12512 = CARTESIAN_POINT('',(-175.,-90.,100.));
#12513 = VECTOR('',#12514,1.);
#12514 = DIRECTION('',(1.,0.,0.));
#12515 = ORIENTED_EDGE('',*,*,#12468,.T.);
#12516 = ORIENTED_EDGE('',*,*,#12517,.T.);
#12517 = EDGE_CURVE('',#12471,#12518,#12520,.T.);
#12518 = VERTEX_POINT('',#12519);
#12519 = CARTESIAN_POINT('',(-95.,-90.,180.));
#12520 = LINE('',#12521,#12522);
#12521 = CARTESIAN_POINT('',(-175.,-90.,180.));
#12522 = VECTOR('',#12523,1.);
#12523 = DIRECTION('',(1.,0.,0.));
#12524 = ORIENTED_EDGE('',*,*,#12525,.F.);
#12525 = EDGE_CURVE('',#12509,#12518,#12526,.T.);
#12526 = LINE('',#12527,#12528);
#12527 = CARTESIAN_POINT('',(-95.,-90.,100.));
#12528 = VECTOR('',#12529,1.);
#12529 = DIRECTION('',(0.,0.,1.));
#12530 = PLANE('',#12531);
#12531 = AXIS2_PLACEMENT_3D('',#12532,#12533,#12534);
#12532 = CARTESIAN_POINT('',(-175.,-90.,100.));
#12533 = DIRECTION('',(0.,1.,0.));
#12534 = DIRECTION('',(0.,0.,1.));
#12535 = ADVANCED_FACE('',(#12536),#12554,.T.);
#12536 = FACE_BOUND('',#12537,.T.);
#12537 = EDGE_LOOP('',(#12538,#12539,#12540,#12548));
#12538 = ORIENTED_EDGE('',*,*,#12494,.F.);
#12539 = ORIENTED_EDGE('',*,*,#12517,.T.);
#12540 = ORIENTED_EDGE('',*,*,#12541,.T.);
#12541 = EDGE_CURVE('',#12518,#12542,#12544,.T.);
#12542 = VERTEX_POINT('',#12543);
#12543 = CARTESIAN_POINT('',(-95.,-7.,180.));
#12544 = LINE('',#12545,#12546);
#12545 = CARTESIAN_POINT('',(-95.,-90.,180.));
#12546 = VECTOR('',#12547,1.);
#12547 = DIRECTION('',(0.,1.,0.));
#12548 = ORIENTED_EDGE('',*,*,#12549,.F.);
#12549 = EDGE_CURVE('',#12487,#12542,#12550,.T.);
#12550 = LINE('',#12551,#12552);
#12551 = CARTESIAN_POINT('',(-175.,-7.,180.));
#12552 = VECTOR('',#12553,1.);
#12553 = DIRECTION('',(1.,0.,0.));
#12554 = PLANE('',#12555);
#12555 = AXIS2_PLACEMENT_3D('',#12556,#12557,#12558);
#12556 = CARTESIAN_POINT('',(-175.,-90.,180.));
#12557 = DIRECTION('',(0.,0.,1.));
#12558 = DIRECTION('',(1.,0.,0.));
#12559 = ADVANCED_FACE('',(#12560,#12578),#12589,.T.);
#12560 = FACE_BOUND('',#12561,.T.);
#12561 = EDGE_LOOP('',(#12562,#12570,#12571,#12572));
#12562 = ORIENTED_EDGE('',*,*,#12563,.F.);
#12563 = EDGE_CURVE('',#12479,#12564,#12566,.T.);
#12564 = VERTEX_POINT('',#12565);
#12565 = CARTESIAN_POINT('',(-95.,-7.,100.));
#12566 = LINE('',#12567,#12568);
#12567 = CARTESIAN_POINT('',(-175.,-7.,100.));
#12568 = VECTOR('',#12569,1.);
#12569 = DIRECTION('',(1.,0.,0.));
#12570 = ORIENTED_EDGE('',*,*,#12486,.T.);
#12571 = ORIENTED_EDGE('',*,*,#12549,.T.);
#12572 = ORIENTED_EDGE('',*,*,#12573,.F.);
#12573 = EDGE_CURVE('',#12564,#12542,#12574,.T.);
#12574 = LINE('',#12575,#12576);
#12575 = CARTESIAN_POINT('',(-95.,-7.,100.));
#12576 = VECTOR('',#12577,1.);
#12577 = DIRECTION('',(0.,0.,1.));
#12578 = FACE_BOUND('',#12579,.T.);
#12579 = EDGE_LOOP('',(#12580));
#12580 = ORIENTED_EDGE('',*,*,#12581,.F.);
#12581 = EDGE_CURVE('',#12582,#12582,#12584,.T.);
#12582 = VERTEX_POINT('',#12583);
#12583 = CARTESIAN_POINT('',(-135.,-7.,160.5));
#12584 = CIRCLE('',#12585,7.5);
#12585 = AXIS2_PLACEMENT_3D('',#12586,#12587,#12588);
#12586 = CARTESIAN_POINT('',(-135.,-7.,153.));
#12587 = DIRECTION('',(0.,1.,0.));
#12588 = DIRECTION('',(0.,0.,1.));
#12589 = PLANE('',#12590);
#12590 = AXIS2_PLACEMENT_3D('',#12591,#12592,#12593);
#12591 = CARTESIAN_POINT('',(-175.,-7.,100.));
#12592 = DIRECTION('',(0.,1.,0.));
#12593 = DIRECTION('',(0.,0.,1.));
#12594 = ADVANCED_FACE('',(#12595),#12606,.F.);
#12595 = FACE_BOUND('',#12596,.F.);
#12596 = EDGE_LOOP('',(#12597,#12598,#12599,#12605));
#12597 = ORIENTED_EDGE('',*,*,#12478,.F.);
#12598 = ORIENTED_EDGE('',*,*,#12508,.T.);
#12599 = ORIENTED_EDGE('',*,*,#12600,.T.);
#12600 = EDGE_CURVE('',#12509,#12564,#12601,.T.);
#12601 = LINE('',#12602,#12603);
#12602 = CARTESIAN_POINT('',(-95.,-90.,100.));
#12603 = VECTOR('',#12604,1.);
#12604 = DIRECTION('',(0.,1.,0.));
#12605 = ORIENTED_EDGE('',*,*,#12563,.F.);
#12606 = PLANE('',#12607);
#12607 = AXIS2_PLACEMENT_3D('',#12608,#12609,#12610);
#12608 = CARTESIAN_POINT('',(-175.,-90.,100.));
#12609 = DIRECTION('',(0.,0.,1.));
#12610 = DIRECTION('',(1.,0.,0.));
#12611 = ADVANCED_FACE('',(#12612),#12618,.T.);
#12612 = FACE_BOUND('',#12613,.T.);
#12613 = EDGE_LOOP('',(#12614,#12615,#12616,#12617));
#12614 = ORIENTED_EDGE('',*,*,#12525,.F.);
#12615 = ORIENTED_EDGE('',*,*,#12600,.T.);
#12616 = ORIENTED_EDGE('',*,*,#12573,.T.);
#12617 = ORIENTED_EDGE('',*,*,#12541,.F.);
#12618 = PLANE('',#12619);
#12619 = AXIS2_PLACEMENT_3D('',#12620,#12621,#12622);
#12620 = CARTESIAN_POINT('',(-95.,-90.,100.));
#12621 = DIRECTION('',(1.,0.,0.));
#12622 = DIRECTION('',(0.,0.,1.));
#12623 = ADVANCED_FACE('',(#12624),#12702,.T.);
#12624 = FACE_BOUND('',#12625,.T.);
#12625 = EDGE_LOOP('',(#12626,#12636,#12643,#12644,#12653,#12661,#12670,
    #12676,#12677,#12678,#12687,#12695));
#12626 = ORIENTED_EDGE('',*,*,#12627,.T.);
#12627 = EDGE_CURVE('',#12628,#12630,#12632,.T.);
#12628 = VERTEX_POINT('',#12629);
#12629 = CARTESIAN_POINT('',(-135.,26.,160.5));
#12630 = VERTEX_POINT('',#12631);
#12631 = CARTESIAN_POINT('',(-135.,28.,160.5));
#12632 = LINE('',#12633,#12634);
#12633 = CARTESIAN_POINT('',(-135.,-7.,160.5));
#12634 = VECTOR('',#12635,1.);
#12635 = DIRECTION('',(0.,1.,0.));
#12636 = ORIENTED_EDGE('',*,*,#12637,.F.);
#12637 = EDGE_CURVE('',#12630,#12630,#12638,.T.);
#12638 = CIRCLE('',#12639,7.5);
#12639 = AXIS2_PLACEMENT_3D('',#12640,#12641,#12642);
#12640 = CARTESIAN_POINT('',(-135.,28.,153.));
#12641 = DIRECTION('',(0.,1.,0.));
#12642 = DIRECTION('',(0.,0.,1.));
#12643 = ORIENTED_EDGE('',*,*,#12627,.F.);
#12644 = ORIENTED_EDGE('',*,*,#12645,.T.);
#12645 = EDGE_CURVE('',#12628,#12646,#12648,.T.);
#12646 = VERTEX_POINT('',#12647);
#12647 = CARTESIAN_POINT('',(-132.5,26.,160.07106781186));
#12648 = CIRCLE('',#12649,7.5);
#12649 = AXIS2_PLACEMENT_3D('',#12650,#12651,#12652);
#12650 = CARTESIAN_POINT('',(-135.,26.,153.));
#12651 = DIRECTION('',(0.,1.,0.));
#12652 = DIRECTION('',(0.,0.,1.));
#12653 = ORIENTED_EDGE('',*,*,#12654,.F.);
#12654 = EDGE_CURVE('',#12655,#12646,#12657,.T.);
#12655 = VERTEX_POINT('',#12656);
#12656 = CARTESIAN_POINT('',(-132.5,1.,160.07106781186));
#12657 = LINE('',#12658,#12659);
#12658 = CARTESIAN_POINT('',(-132.5,-7.,160.07106781186));
#12659 = VECTOR('',#12660,1.);
#12660 = DIRECTION('',(0.,1.,0.));
#12661 = ORIENTED_EDGE('',*,*,#12662,.F.);
#12662 = EDGE_CURVE('',#12663,#12655,#12665,.T.);
#12663 = VERTEX_POINT('',#12664);
#12664 = CARTESIAN_POINT('',(-135.,1.,160.5));
#12665 = CIRCLE('',#12666,7.5);
#12666 = AXIS2_PLACEMENT_3D('',#12667,#12668,#12669);
#12667 = CARTESIAN_POINT('',(-135.,1.,153.));
#12668 = DIRECTION('',(0.,1.,0.));
#12669 = DIRECTION('',(0.,0.,1.));
#12670 = ORIENTED_EDGE('',*,*,#12671,.F.);
#12671 = EDGE_CURVE('',#12582,#12663,#12672,.T.);
#12672 = LINE('',#12673,#12674);
#12673 = CARTESIAN_POINT('',(-135.,-7.,160.5));
#12674 = VECTOR('',#12675,1.);
#12675 = DIRECTION('',(0.,1.,0.));
#12676 = ORIENTED_EDGE('',*,*,#12581,.T.);
#12677 = ORIENTED_EDGE('',*,*,#12671,.T.);
#12678 = ORIENTED_EDGE('',*,*,#12679,.F.);
#12679 = EDGE_CURVE('',#12680,#12663,#12682,.T.);
#12680 = VERTEX_POINT('',#12681);
#12681 = CARTESIAN_POINT('',(-137.5,1.,160.07106781186));
#12682 = CIRCLE('',#12683,7.5);
#12683 = AXIS2_PLACEMENT_3D('',#12684,#12685,#12686);
#12684 = CARTESIAN_POINT('',(-135.,1.,153.));
#12685 = DIRECTION('',(0.,1.,0.));
#12686 = DIRECTION('',(0.,0.,1.));
#12687 = ORIENTED_EDGE('',*,*,#12688,.T.);
#12688 = EDGE_CURVE('',#12680,#12689,#12691,.T.);
#12689 = VERTEX_POINT('',#12690);
#12690 = CARTESIAN_POINT('',(-137.5,26.,160.07106781186));
#12691 = LINE('',#12692,#12693);
#12692 = CARTESIAN_POINT('',(-137.5,-7.,160.07106781186));
#12693 = VECTOR('',#12694,1.);
#12694 = DIRECTION('',(0.,1.,0.));
#12695 = ORIENTED_EDGE('',*,*,#12696,.T.);
#12696 = EDGE_CURVE('',#12689,#12628,#12697,.T.);
#12697 = CIRCLE('',#12698,7.5);
#12698 = AXIS2_PLACEMENT_3D('',#12699,#12700,#12701);
#12699 = CARTESIAN_POINT('',(-135.,26.,153.));
#12700 = DIRECTION('',(0.,1.,0.));
#12701 = DIRECTION('',(0.,0.,1.));
#12702 = CYLINDRICAL_SURFACE('',#12703,7.5);
#12703 = AXIS2_PLACEMENT_3D('',#12704,#12705,#12706);
#12704 = CARTESIAN_POINT('',(-135.,-7.,153.));
#12705 = DIRECTION('',(0.,1.,0.));
#12706 = DIRECTION('',(0.,0.,1.));
#12707 = ADVANCED_FACE('',(#12708),#12734,.T.);
#12708 = FACE_BOUND('',#12709,.T.);
#12709 = EDGE_LOOP('',(#12710,#12718,#12719,#12720,#12728));
#12710 = ORIENTED_EDGE('',*,*,#12711,.F.);
#12711 = EDGE_CURVE('',#12646,#12712,#12714,.T.);
#12712 = VERTEX_POINT('',#12713);
#12713 = CARTESIAN_POINT('',(-132.5,26.,162.));
#12714 = LINE('',#12715,#12716);
#12715 = CARTESIAN_POINT('',(-132.5,26.,159.));
#12716 = VECTOR('',#12717,1.);
#12717 = DIRECTION('',(0.,0.,1.));
#12718 = ORIENTED_EDGE('',*,*,#12645,.F.);
#12719 = ORIENTED_EDGE('',*,*,#12696,.F.);
#12720 = ORIENTED_EDGE('',*,*,#12721,.T.);
#12721 = EDGE_CURVE('',#12689,#12722,#12724,.T.);
#12722 = VERTEX_POINT('',#12723);
#12723 = CARTESIAN_POINT('',(-137.5,26.,162.));
#12724 = LINE('',#12725,#12726);
#12725 = CARTESIAN_POINT('',(-137.5,26.,159.));
#12726 = VECTOR('',#12727,1.);
#12727 = DIRECTION('',(0.,0.,1.));
#12728 = ORIENTED_EDGE('',*,*,#12729,.T.);
#12729 = EDGE_CURVE('',#12722,#12712,#12730,.T.);
#12730 = LINE('',#12731,#12732);
#12731 = CARTESIAN_POINT('',(-137.5,26.,162.));
#12732 = VECTOR('',#12733,1.);
#12733 = DIRECTION('',(1.,0.,0.));
#12734 = PLANE('',#12735);
#12735 = AXIS2_PLACEMENT_3D('',#12736,#12737,#12738);
#12736 = CARTESIAN_POINT('',(-137.5,26.,159.));
#12737 = DIRECTION('',(0.,1.,0.));
#12738 = DIRECTION('',(0.,0.,1.));
#12739 = ADVANCED_FACE('',(#12740),#12758,.F.);
#12740 = FACE_BOUND('',#12741,.F.);
#12741 = EDGE_LOOP('',(#12742,#12750,#12751,#12752));
#12742 = ORIENTED_EDGE('',*,*,#12743,.F.);
#12743 = EDGE_CURVE('',#12680,#12744,#12746,.T.);
#12744 = VERTEX_POINT('',#12745);
#12745 = CARTESIAN_POINT('',(-137.5,1.,162.));
#12746 = LINE('',#12747,#12748);
#12747 = CARTESIAN_POINT('',(-137.5,1.,159.));
#12748 = VECTOR('',#12749,1.);
#12749 = DIRECTION('',(0.,0.,1.));
#12750 = ORIENTED_EDGE('',*,*,#12688,.T.);
#12751 = ORIENTED_EDGE('',*,*,#12721,.T.);
#12752 = ORIENTED_EDGE('',*,*,#12753,.F.);
#12753 = EDGE_CURVE('',#12744,#12722,#12754,.T.);
#12754 = LINE('',#12755,#12756);
#12755 = CARTESIAN_POINT('',(-137.5,1.,162.));
#12756 = VECTOR('',#12757,1.);
#12757 = DIRECTION('',(0.,1.,0.));
#12758 = PLANE('',#12759);
#12759 = AXIS2_PLACEMENT_3D('',#12760,#12761,#12762);
#12760 = CARTESIAN_POINT('',(-137.5,1.,159.));
#12761 = DIRECTION('',(1.,0.,0.));
#12762 = DIRECTION('',(0.,0.,1.));
#12763 = ADVANCED_FACE('',(#12764),#12783,.F.);
#12764 = FACE_BOUND('',#12765,.F.);
#12765 = EDGE_LOOP('',(#12766,#12774,#12775,#12776,#12777));
#12766 = ORIENTED_EDGE('',*,*,#12767,.F.);
#12767 = EDGE_CURVE('',#12655,#12768,#12770,.T.);
#12768 = VERTEX_POINT('',#12769);
#12769 = CARTESIAN_POINT('',(-132.5,1.,162.));
#12770 = LINE('',#12771,#12772);
#12771 = CARTESIAN_POINT('',(-132.5,1.,159.));
#12772 = VECTOR('',#12773,1.);
#12773 = DIRECTION('',(0.,0.,1.));
#12774 = ORIENTED_EDGE('',*,*,#12662,.F.);
#12775 = ORIENTED_EDGE('',*,*,#12679,.F.);
#12776 = ORIENTED_EDGE('',*,*,#12743,.T.);
#12777 = ORIENTED_EDGE('',*,*,#12778,.T.);
#12778 = EDGE_CURVE('',#12744,#12768,#12779,.T.);
#12779 = LINE('',#12780,#12781);
#12780 = CARTESIAN_POINT('',(-137.5,1.,162.));
#12781 = VECTOR('',#12782,1.);
#12782 = DIRECTION('',(1.,0.,0.));
#12783 = PLANE('',#12784);
#12784 = AXIS2_PLACEMENT_3D('',#12785,#12786,#12787);
#12785 = CARTESIAN_POINT('',(-137.5,1.,159.));
#12786 = DIRECTION('',(0.,1.,0.));
#12787 = DIRECTION('',(0.,0.,1.));
#12788 = ADVANCED_FACE('',(#12789),#12800,.T.);
#12789 = FACE_BOUND('',#12790,.T.);
#12790 = EDGE_LOOP('',(#12791,#12792,#12793,#12794));
#12791 = ORIENTED_EDGE('',*,*,#12767,.F.);
#12792 = ORIENTED_EDGE('',*,*,#12654,.T.);
#12793 = ORIENTED_EDGE('',*,*,#12711,.T.);
#12794 = ORIENTED_EDGE('',*,*,#12795,.F.);
#12795 = EDGE_CURVE('',#12768,#12712,#12796,.T.);
#12796 = LINE('',#12797,#12798);
#12797 = CARTESIAN_POINT('',(-132.5,1.,162.));
#12798 = VECTOR('',#12799,1.);
#12799 = DIRECTION('',(0.,1.,0.));
#12800 = PLANE('',#12801);
#12801 = AXIS2_PLACEMENT_3D('',#12802,#12803,#12804);
#12802 = CARTESIAN_POINT('',(-132.5,1.,159.));
#12803 = DIRECTION('',(1.,0.,0.));
#12804 = DIRECTION('',(0.,0.,1.));
#12805 = ADVANCED_FACE('',(#12806),#12809,.T.);
#12806 = FACE_BOUND('',#12807,.T.);
#12807 = EDGE_LOOP('',(#12808));
#12808 = ORIENTED_EDGE('',*,*,#12637,.T.);
#12809 = PLANE('',#12810);
#12810 = AXIS2_PLACEMENT_3D('',#12811,#12812,#12813);
#12811 = CARTESIAN_POINT('',(-135.,28.,153.));
#12812 = DIRECTION('',(0.,1.,0.));
#12813 = DIRECTION('',(0.,0.,1.));
#12814 = ADVANCED_FACE('',(#12815),#12821,.T.);
#12815 = FACE_BOUND('',#12816,.T.);
#12816 = EDGE_LOOP('',(#12817,#12818,#12819,#12820));
#12817 = ORIENTED_EDGE('',*,*,#12753,.F.);
#12818 = ORIENTED_EDGE('',*,*,#12778,.T.);
#12819 = ORIENTED_EDGE('',*,*,#12795,.T.);
#12820 = ORIENTED_EDGE('',*,*,#12729,.F.);
#12821 = PLANE('',#12822);
#12822 = AXIS2_PLACEMENT_3D('',#12823,#12824,#12825);
#12823 = CARTESIAN_POINT('',(-137.5,1.,162.));
#12824 = DIRECTION('',(0.,0.,1.));
#12825 = DIRECTION('',(1.,0.,0.));
#12826 = MANIFOLD_SOLID_BREP('',#12827);
#12827 = CLOSED_SHELL('',(#12828,#12868,#12954,#12978,#13057,#13074,
    #13086,#13103,#13120,#13137,#13154));
#12828 = ADVANCED_FACE('',(#12829),#12863,.F.);
#12829 = FACE_BOUND('',#12830,.F.);
#12830 = EDGE_LOOP('',(#12831,#12841,#12849,#12857));
#12831 = ORIENTED_EDGE('',*,*,#12832,.F.);
#12832 = EDGE_CURVE('',#12833,#12835,#12837,.T.);
#12833 = VERTEX_POINT('',#12834);
#12834 = CARTESIAN_POINT('',(-181.,-7.,94.));
#12835 = VERTEX_POINT('',#12836);
#12836 = CARTESIAN_POINT('',(-181.,-7.,186.));
#12837 = LINE('',#12838,#12839);
#12838 = CARTESIAN_POINT('',(-181.,-7.,94.));
#12839 = VECTOR('',#12840,1.);
#12840 = DIRECTION('',(0.,0.,1.));
#12841 = ORIENTED_EDGE('',*,*,#12842,.T.);
#12842 = EDGE_CURVE('',#12833,#12843,#12845,.T.);
#12843 = VERTEX_POINT('',#12844);
#12844 = CARTESIAN_POINT('',(-181.,-1.,94.));
#12845 = LINE('',#12846,#12847);
#12846 = CARTESIAN_POINT('',(-181.,-7.,94.));
#12847 = VECTOR('',#12848,1.);
#12848 = DIRECTION('',(0.,1.,0.));
#12849 = ORIENTED_EDGE('',*,*,#12850,.T.);
#12850 = EDGE_CURVE('',#12843,#12851,#12853,.T.);
#12851 = VERTEX_POINT('',#12852);
#12852 = CARTESIAN_POINT('',(-181.,-1.,186.));
#12853 = LINE('',#12854,#12855);
#12854 = CARTESIAN_POINT('',(-181.,-1.,94.));
#12855 = VECTOR('',#12856,1.);
#12856 = DIRECTION('',(0.,0.,1.));
#12857 = ORIENTED_EDGE('',*,*,#12858,.F.);
#12858 = EDGE_CURVE('',#12835,#12851,#12859,.T.);
#12859 = LINE('',#12860,#12861);
#12860 = CARTESIAN_POINT('',(-181.,-7.,186.));
#12861 = VECTOR('',#12862,1.);
#12862 = DIRECTION('',(0.,1.,0.));
#12863 = PLANE('',#12864);
#12864 = AXIS2_PLACEMENT_3D('',#12865,#12866,#12867);
#12865 = CARTESIAN_POINT('',(-181.,-7.,94.));
#12866 = DIRECTION('',(1.,0.,0.));
#12867 = DIRECTION('',(0.,0.,1.));
#12868 = ADVANCED_FACE('',(#12869,#12894,#12905,#12916,#12927,#12938),
  #12949,.F.);
#12869 = FACE_BOUND('',#12870,.F.);
#12870 = EDGE_LOOP('',(#12871,#12879,#12880,#12888));
#12871 = ORIENTED_EDGE('',*,*,#12872,.F.);
#12872 = EDGE_CURVE('',#12833,#12873,#12875,.T.);
#12873 = VERTEX_POINT('',#12874);
#12874 = CARTESIAN_POINT('',(-89.,-7.,94.));
#12875 = LINE('',#12876,#12877);
#12876 = CARTESIAN_POINT('',(-181.,-7.,94.));
#12877 = VECTOR('',#12878,1.);
#12878 = DIRECTION('',(1.,0.,0.));
#12879 = ORIENTED_EDGE('',*,*,#12832,.T.);
#12880 = ORIENTED_EDGE('',*,*,#12881,.T.);
#12881 = EDGE_CURVE('',#12835,#12882,#12884,.T.);
#12882 = VERTEX_POINT('',#12883);
#12883 = CARTESIAN_POINT('',(-89.,-7.,186.));
#12884 = LINE('',#12885,#12886);
#12885 = CARTESIAN_POINT('',(-181.,-7.,186.));
#12886 = VECTOR('',#12887,1.);
#12887 = DIRECTION('',(1.,0.,0.));
#12888 = ORIENTED_EDGE('',*,*,#12889,.F.);
#12889 = EDGE_CURVE('',#12873,#12882,#12890,.T.);
#12890 = LINE('',#12891,#12892);
#12891 = CARTESIAN_POINT('',(-89.,-7.,94.));
#12892 = VECTOR('',#12893,1.);
#12893 = DIRECTION('',(0.,0.,1.));
#12894 = FACE_BOUND('',#12895,.F.);
#12895 = EDGE_LOOP('',(#12896));
#12896 = ORIENTED_EDGE('',*,*,#12897,.F.);
#12897 = EDGE_CURVE('',#12898,#12898,#12900,.T.);
#12898 = VERTEX_POINT('',#12899);
#12899 = CARTESIAN_POINT('',(-168.2340187157,-7.,110.01598128423));
#12900 = CIRCLE('',#12901,3.25);
#12901 = AXIS2_PLACEMENT_3D('',#12902,#12903,#12904);
#12902 = CARTESIAN_POINT('',(-168.2340187157,-7.,106.76598128423));
#12903 = DIRECTION('',(0.,1.,0.));
#12904 = DIRECTION('',(0.,0.,1.));
#12905 = FACE_BOUND('',#12906,.F.);
#12906 = EDGE_LOOP('',(#12907));
#12907 = ORIENTED_EDGE('',*,*,#12908,.F.);
#12908 = EDGE_CURVE('',#12909,#12909,#12911,.T.);
#12909 = VERTEX_POINT('',#12910);
#12910 = CARTESIAN_POINT('',(-168.2340187157,-7.,176.48401871576));
#12911 = CIRCLE('',#12912,3.25);
#12912 = AXIS2_PLACEMENT_3D('',#12913,#12914,#12915);
#12913 = CARTESIAN_POINT('',(-168.2340187157,-7.,173.23401871576));
#12914 = DIRECTION('',(0.,1.,0.));
#12915 = DIRECTION('',(0.,0.,1.));
#12916 = FACE_BOUND('',#12917,.F.);
#12917 = EDGE_LOOP('',(#12918));
#12918 = ORIENTED_EDGE('',*,*,#12919,.F.);
#12919 = EDGE_CURVE('',#12920,#12920,#12922,.T.);
#12920 = VERTEX_POINT('',#12921);
#12921 = CARTESIAN_POINT('',(-135.,-7.,170.5));
#12922 = CIRCLE('',#12923,17.5);
#12923 = AXIS2_PLACEMENT_3D('',#12924,#12925,#12926);
#12924 = CARTESIAN_POINT('',(-135.,-7.,153.));
#12925 = DIRECTION('',(0.,1.,0.));
#12926 = DIRECTION('',(0.,0.,1.));
#12927 = FACE_BOUND('',#12928,.F.);
#12928 = EDGE_LOOP('',(#12929));
#12929 = ORIENTED_EDGE('',*,*,#12930,.F.);
#12930 = EDGE_CURVE('',#12931,#12931,#12933,.T.);
#12931 = VERTEX_POINT('',#12932);
#12932 = CARTESIAN_POINT('',(-101.7659812842,-7.,110.01598128423));
#12933 = CIRCLE('',#12934,3.25);
#12934 = AXIS2_PLACEMENT_3D('',#12935,#12936,#12937);
#12935 = CARTESIAN_POINT('',(-101.7659812842,-7.,106.76598128423));
#12936 = DIRECTION('',(0.,1.,0.));
#12937 = DIRECTION('',(0.,0.,1.));
#12938 = FACE_BOUND('',#12939,.F.);
#12939 = EDGE_LOOP('',(#12940));
#12940 = ORIENTED_EDGE('',*,*,#12941,.F.);
#12941 = EDGE_CURVE('',#12942,#12942,#12944,.T.);
#12942 = VERTEX_POINT('',#12943);
#12943 = CARTESIAN_POINT('',(-101.7659812842,-7.,176.48401871576));
#12944 = CIRCLE('',#12945,3.25);
#12945 = AXIS2_PLACEMENT_3D('',#12946,#12947,#12948);
#12946 = CARTESIAN_POINT('',(-101.7659812842,-7.,173.23401871576));
#12947 = DIRECTION('',(0.,1.,0.));
#12948 = DIRECTION('',(0.,0.,1.));
#12949 = PLANE('',#12950);
#12950 = AXIS2_PLACEMENT_3D('',#12951,#12952,#12953);
#12951 = CARTESIAN_POINT('',(-181.,-7.,94.));
#12952 = DIRECTION('',(0.,1.,0.));
#12953 = DIRECTION('',(0.,0.,1.));
#12954 = ADVANCED_FACE('',(#12955),#12973,.T.);
#12955 = FACE_BOUND('',#12956,.T.);
#12956 = EDGE_LOOP('',(#12957,#12958,#12959,#12967));
#12957 = ORIENTED_EDGE('',*,*,#12858,.F.);
#12958 = ORIENTED_EDGE('',*,*,#12881,.T.);
#12959 = ORIENTED_EDGE('',*,*,#12960,.T.);
#12960 = EDGE_CURVE('',#12882,#12961,#12963,.T.);
#12961 = VERTEX_POINT('',#12962);
#12962 = CARTESIAN_POINT('',(-89.,-1.,186.));
#12963 = LINE('',#12964,#12965);
#12964 = CARTESIAN_POINT('',(-89.,-7.,186.));
#12965 = VECTOR('',#12966,1.);
#12966 = DIRECTION('',(0.,1.,0.));
#12967 = ORIENTED_EDGE('',*,*,#12968,.F.);
#12968 = EDGE_CURVE('',#12851,#12961,#12969,.T.);
#12969 = LINE('',#12970,#12971);
#12970 = CARTESIAN_POINT('',(-181.,-1.,186.));
#12971 = VECTOR('',#12972,1.);
#12972 = DIRECTION('',(1.,0.,0.));
#12973 = PLANE('',#12974);
#12974 = AXIS2_PLACEMENT_3D('',#12975,#12976,#12977);
#12975 = CARTESIAN_POINT('',(-181.,-7.,186.));
#12976 = DIRECTION('',(0.,0.,1.));
#12977 = DIRECTION('',(1.,0.,0.));
#12978 = ADVANCED_FACE('',(#12979,#12997,#13008,#13019,#13030,#13041),
  #13052,.T.);
#12979 = FACE_BOUND('',#12980,.T.);
#12980 = EDGE_LOOP('',(#12981,#12989,#12990,#12991));
#12981 = ORIENTED_EDGE('',*,*,#12982,.F.);
#12982 = EDGE_CURVE('',#12843,#12983,#12985,.T.);
#12983 = VERTEX_POINT('',#12984);
#12984 = CARTESIAN_POINT('',(-89.,-1.,94.));
#12985 = LINE('',#12986,#12987);
#12986 = CARTESIAN_POINT('',(-181.,-1.,94.));
#12987 = VECTOR('',#12988,1.);
#12988 = DIRECTION('',(1.,0.,0.));
#12989 = ORIENTED_EDGE('',*,*,#12850,.T.);
#12990 = ORIENTED_EDGE('',*,*,#12968,.T.);
#12991 = ORIENTED_EDGE('',*,*,#12992,.F.);
#12992 = EDGE_CURVE('',#12983,#12961,#12993,.T.);
#12993 = LINE('',#12994,#12995);
#12994 = CARTESIAN_POINT('',(-89.,-1.,94.));
#12995 = VECTOR('',#12996,1.);
#12996 = DIRECTION('',(0.,0.,1.));
#12997 = FACE_BOUND('',#12998,.T.);
#12998 = EDGE_LOOP('',(#12999));
#12999 = ORIENTED_EDGE('',*,*,#13000,.F.);
#13000 = EDGE_CURVE('',#13001,#13001,#13003,.T.);
#13001 = VERTEX_POINT('',#13002);
#13002 = CARTESIAN_POINT('',(-168.2340187157,-1.,110.01598128423));
#13003 = CIRCLE('',#13004,3.25);
#13004 = AXIS2_PLACEMENT_3D('',#13005,#13006,#13007);
#13005 = CARTESIAN_POINT('',(-168.2340187157,-1.,106.76598128423));
#13006 = DIRECTION('',(0.,1.,0.));
#13007 = DIRECTION('',(0.,0.,1.));
#13008 = FACE_BOUND('',#13009,.T.);
#13009 = EDGE_LOOP('',(#13010));
#13010 = ORIENTED_EDGE('',*,*,#13011,.F.);
#13011 = EDGE_CURVE('',#13012,#13012,#13014,.T.);
#13012 = VERTEX_POINT('',#13013);
#13013 = CARTESIAN_POINT('',(-168.2340187157,-1.,176.48401871576));
#13014 = CIRCLE('',#13015,3.25);
#13015 = AXIS2_PLACEMENT_3D('',#13016,#13017,#13018);
#13016 = CARTESIAN_POINT('',(-168.2340187157,-1.,173.23401871576));
#13017 = DIRECTION('',(0.,1.,0.));
#13018 = DIRECTION('',(0.,0.,1.));
#13019 = FACE_BOUND('',#13020,.T.);
#13020 = EDGE_LOOP('',(#13021));
#13021 = ORIENTED_EDGE('',*,*,#13022,.F.);
#13022 = EDGE_CURVE('',#13023,#13023,#13025,.T.);
#13023 = VERTEX_POINT('',#13024);
#13024 = CARTESIAN_POINT('',(-135.,-1.,170.5));
#13025 = CIRCLE('',#13026,17.5);
#13026 = AXIS2_PLACEMENT_3D('',#13027,#13028,#13029);
#13027 = CARTESIAN_POINT('',(-135.,-1.,153.));
#13028 = DIRECTION('',(0.,1.,0.));
#13029 = DIRECTION('',(0.,0.,1.));
#13030 = FACE_BOUND('',#13031,.T.);
#13031 = EDGE_LOOP('',(#13032));
#13032 = ORIENTED_EDGE('',*,*,#13033,.F.);
#13033 = EDGE_CURVE('',#13034,#13034,#13036,.T.);
#13034 = VERTEX_POINT('',#13035);
#13035 = CARTESIAN_POINT('',(-101.7659812842,-1.,110.01598128423));
#13036 = CIRCLE('',#13037,3.25);
#13037 = AXIS2_PLACEMENT_3D('',#13038,#13039,#13040);
#13038 = CARTESIAN_POINT('',(-101.7659812842,-1.,106.76598128423));
#13039 = DIRECTION('',(0.,1.,0.));
#13040 = DIRECTION('',(0.,0.,1.));
#13041 = FACE_BOUND('',#13042,.T.);
#13042 = EDGE_LOOP('',(#13043));
#13043 = ORIENTED_EDGE('',*,*,#13044,.F.);
#13044 = EDGE_CURVE('',#13045,#13045,#13047,.T.);
#13045 = VERTEX_POINT('',#13046);
#13046 = CARTESIAN_POINT('',(-101.7659812842,-1.,176.48401871576));
#13047 = CIRCLE('',#13048,3.25);
#13048 = AXIS2_PLACEMENT_3D('',#13049,#13050,#13051);
#13049 = CARTESIAN_POINT('',(-101.7659812842,-1.,173.23401871576));
#13050 = DIRECTION('',(0.,1.,0.));
#13051 = DIRECTION('',(0.,0.,1.));
#13052 = PLANE('',#13053);
#13053 = AXIS2_PLACEMENT_3D('',#13054,#13055,#13056);
#13054 = CARTESIAN_POINT('',(-181.,-1.,94.));
#13055 = DIRECTION('',(0.,1.,0.));
#13056 = DIRECTION('',(0.,0.,1.));
#13057 = ADVANCED_FACE('',(#13058),#13069,.F.);
#13058 = FACE_BOUND('',#13059,.F.);
#13059 = EDGE_LOOP('',(#13060,#13061,#13062,#13068));
#13060 = ORIENTED_EDGE('',*,*,#12842,.F.);
#13061 = ORIENTED_EDGE('',*,*,#12872,.T.);
#13062 = ORIENTED_EDGE('',*,*,#13063,.T.);
#13063 = EDGE_CURVE('',#12873,#12983,#13064,.T.);
#13064 = LINE('',#13065,#13066);
#13065 = CARTESIAN_POINT('',(-89.,-7.,94.));
#13066 = VECTOR('',#13067,1.);
#13067 = DIRECTION('',(0.,1.,0.));
#13068 = ORIENTED_EDGE('',*,*,#12982,.F.);
#13069 = PLANE('',#13070);
#13070 = AXIS2_PLACEMENT_3D('',#13071,#13072,#13073);
#13071 = CARTESIAN_POINT('',(-181.,-7.,94.));
#13072 = DIRECTION('',(0.,0.,1.));
#13073 = DIRECTION('',(1.,0.,0.));
#13074 = ADVANCED_FACE('',(#13075),#13081,.T.);
#13075 = FACE_BOUND('',#13076,.T.);
#13076 = EDGE_LOOP('',(#13077,#13078,#13079,#13080));
#13077 = ORIENTED_EDGE('',*,*,#12889,.F.);
#13078 = ORIENTED_EDGE('',*,*,#13063,.T.);
#13079 = ORIENTED_EDGE('',*,*,#12992,.T.);
#13080 = ORIENTED_EDGE('',*,*,#12960,.F.);
#13081 = PLANE('',#13082);
#13082 = AXIS2_PLACEMENT_3D('',#13083,#13084,#13085);
#13083 = CARTESIAN_POINT('',(-89.,-7.,94.));
#13084 = DIRECTION('',(1.,0.,0.));
#13085 = DIRECTION('',(0.,0.,1.));
#13086 = ADVANCED_FACE('',(#13087),#13098,.F.);
#13087 = FACE_BOUND('',#13088,.F.);
#13088 = EDGE_LOOP('',(#13089,#13090,#13096,#13097));
#13089 = ORIENTED_EDGE('',*,*,#13000,.F.);
#13090 = ORIENTED_EDGE('',*,*,#13091,.F.);
#13091 = EDGE_CURVE('',#12898,#13001,#13092,.T.);
#13092 = LINE('',#13093,#13094);
#13093 = CARTESIAN_POINT('',(-168.2340187157,-8.,110.01598128423));
#13094 = VECTOR('',#13095,1.);
#13095 = DIRECTION('',(0.,1.,0.));
#13096 = ORIENTED_EDGE('',*,*,#12897,.T.);
#13097 = ORIENTED_EDGE('',*,*,#13091,.T.);
#13098 = CYLINDRICAL_SURFACE('',#13099,3.25);
#13099 = AXIS2_PLACEMENT_3D('',#13100,#13101,#13102);
#13100 = CARTESIAN_POINT('',(-168.2340187157,-8.,106.76598128423));
#13101 = DIRECTION('',(0.,1.,0.));
#13102 = DIRECTION('',(0.,0.,1.));
#13103 = ADVANCED_FACE('',(#13104),#13115,.F.);
#13104 = FACE_BOUND('',#13105,.F.);
#13105 = EDGE_LOOP('',(#13106,#13107,#13113,#13114));
#13106 = ORIENTED_EDGE('',*,*,#13011,.F.);
#13107 = ORIENTED_EDGE('',*,*,#13108,.F.);
#13108 = EDGE_CURVE('',#12909,#13012,#13109,.T.);
#13109 = LINE('',#13110,#13111);
#13110 = CARTESIAN_POINT('',(-168.2340187157,-8.,176.48401871576));
#13111 = VECTOR('',#13112,1.);
#13112 = DIRECTION('',(0.,1.,0.));
#13113 = ORIENTED_EDGE('',*,*,#12908,.T.);
#13114 = ORIENTED_EDGE('',*,*,#13108,.T.);
#13115 = CYLINDRICAL_SURFACE('',#13116,3.25);
#13116 = AXIS2_PLACEMENT_3D('',#13117,#13118,#13119);
#13117 = CARTESIAN_POINT('',(-168.2340187157,-8.,173.23401871576));
#13118 = DIRECTION('',(0.,1.,0.));
#13119 = DIRECTION('',(0.,0.,1.));
#13120 = ADVANCED_FACE('',(#13121),#13132,.F.);
#13121 = FACE_BOUND('',#13122,.F.);
#13122 = EDGE_LOOP('',(#13123,#13124,#13130,#13131));
#13123 = ORIENTED_EDGE('',*,*,#13022,.F.);
#13124 = ORIENTED_EDGE('',*,*,#13125,.F.);
#13125 = EDGE_CURVE('',#12920,#13023,#13126,.T.);
#13126 = LINE('',#13127,#13128);
#13127 = CARTESIAN_POINT('',(-135.,-8.,170.5));
#13128 = VECTOR('',#13129,1.);
#13129 = DIRECTION('',(0.,1.,0.));
#13130 = ORIENTED_EDGE('',*,*,#12919,.T.);
#13131 = ORIENTED_EDGE('',*,*,#13125,.T.);
#13132 = CYLINDRICAL_SURFACE('',#13133,17.5);
#13133 = AXIS2_PLACEMENT_3D('',#13134,#13135,#13136);
#13134 = CARTESIAN_POINT('',(-135.,-8.,153.));
#13135 = DIRECTION('',(0.,1.,0.));
#13136 = DIRECTION('',(0.,0.,1.));
#13137 = ADVANCED_FACE('',(#13138),#13149,.F.);
#13138 = FACE_BOUND('',#13139,.F.);
#13139 = EDGE_LOOP('',(#13140,#13141,#13147,#13148));
#13140 = ORIENTED_EDGE('',*,*,#13033,.F.);
#13141 = ORIENTED_EDGE('',*,*,#13142,.F.);
#13142 = EDGE_CURVE('',#12931,#13034,#13143,.T.);
#13143 = LINE('',#13144,#13145);
#13144 = CARTESIAN_POINT('',(-101.7659812842,-8.,110.01598128423));
#13145 = VECTOR('',#13146,1.);
#13146 = DIRECTION('',(0.,1.,0.));
#13147 = ORIENTED_EDGE('',*,*,#12930,.T.);
#13148 = ORIENTED_EDGE('',*,*,#13142,.T.);
#13149 = CYLINDRICAL_SURFACE('',#13150,3.25);
#13150 = AXIS2_PLACEMENT_3D('',#13151,#13152,#13153);
#13151 = CARTESIAN_POINT('',(-101.7659812842,-8.,106.76598128423));
#13152 = DIRECTION('',(0.,1.,0.));
#13153 = DIRECTION('',(0.,0.,1.));
#13154 = ADVANCED_FACE('',(#13155),#13166,.F.);
#13155 = FACE_BOUND('',#13156,.F.);
#13156 = EDGE_LOOP('',(#13157,#13158,#13164,#13165));
#13157 = ORIENTED_EDGE('',*,*,#13044,.F.);
#13158 = ORIENTED_EDGE('',*,*,#13159,.F.);
#13159 = EDGE_CURVE('',#12942,#13045,#13160,.T.);
#13160 = LINE('',#13161,#13162);
#13161 = CARTESIAN_POINT('',(-101.7659812842,-8.,176.48401871576));
#13162 = VECTOR('',#13163,1.);
#13163 = DIRECTION('',(0.,1.,0.));
#13164 = ORIENTED_EDGE('',*,*,#12941,.T.);
#13165 = ORIENTED_EDGE('',*,*,#13159,.T.);
#13166 = CYLINDRICAL_SURFACE('',#13167,3.25);
#13167 = AXIS2_PLACEMENT_3D('',#13168,#13169,#13170);
#13168 = CARTESIAN_POINT('',(-101.7659812842,-8.,173.23401871576));
#13169 = DIRECTION('',(0.,1.,0.));
#13170 = DIRECTION('',(0.,0.,1.));
#13171 = MANIFOLD_SOLID_BREP('',#13172);
#13172 = CLOSED_SHELL('',(#13173,#13213,#13253,#13275,#13297,#13309));
#13173 = ADVANCED_FACE('',(#13174),#13208,.F.);
#13174 = FACE_BOUND('',#13175,.F.);
#13175 = EDGE_LOOP('',(#13176,#13186,#13194,#13202));
#13176 = ORIENTED_EDGE('',*,*,#13177,.F.);
#13177 = EDGE_CURVE('',#13178,#13180,#13182,.T.);
#13178 = VERTEX_POINT('',#13179);
#13179 = CARTESIAN_POINT('',(-181.,-70.,95.));
#13180 = VERTEX_POINT('',#13181);
#13181 = CARTESIAN_POINT('',(-181.,-70.,100.));
#13182 = LINE('',#13183,#13184);
#13183 = CARTESIAN_POINT('',(-181.,-70.,95.));
#13184 = VECTOR('',#13185,1.);
#13185 = DIRECTION('',(0.,0.,1.));
#13186 = ORIENTED_EDGE('',*,*,#13187,.T.);
#13187 = EDGE_CURVE('',#13178,#13188,#13190,.T.);
#13188 = VERTEX_POINT('',#13189);
#13189 = CARTESIAN_POINT('',(-181.,70.,95.));
#13190 = LINE('',#13191,#13192);
#13191 = CARTESIAN_POINT('',(-181.,-70.,95.));
#13192 = VECTOR('',#13193,1.);
#13193 = DIRECTION('',(0.,1.,0.));
#13194 = ORIENTED_EDGE('',*,*,#13195,.T.);
#13195 = EDGE_CURVE('',#13188,#13196,#13198,.T.);
#13196 = VERTEX_POINT('',#13197);
#13197 = CARTESIAN_POINT('',(-181.,70.,100.));
#13198 = LINE('',#13199,#13200);
#13199 = CARTESIAN_POINT('',(-181.,70.,95.));
#13200 = VECTOR('',#13201,1.);
#13201 = DIRECTION('',(0.,0.,1.));
#13202 = ORIENTED_EDGE('',*,*,#13203,.F.);
#13203 = EDGE_CURVE('',#13180,#13196,#13204,.T.);
#13204 = LINE('',#13205,#13206);
#13205 = CARTESIAN_POINT('',(-181.,-70.,100.));
#13206 = VECTOR('',#13207,1.);
#13207 = DIRECTION('',(0.,1.,0.));
#13208 = PLANE('',#13209);
#13209 = AXIS2_PLACEMENT_3D('',#13210,#13211,#13212);
#13210 = CARTESIAN_POINT('',(-181.,-70.,95.));
#13211 = DIRECTION('',(1.,0.,0.));
#13212 = DIRECTION('',(0.,0.,1.));
#13213 = ADVANCED_FACE('',(#13214),#13248,.T.);
#13214 = FACE_BOUND('',#13215,.T.);
#13215 = EDGE_LOOP('',(#13216,#13226,#13234,#13242));
#13216 = ORIENTED_EDGE('',*,*,#13217,.F.);
#13217 = EDGE_CURVE('',#13218,#13220,#13222,.T.);
#13218 = VERTEX_POINT('',#13219);
#13219 = CARTESIAN_POINT('',(-89.,-70.,95.));
#13220 = VERTEX_POINT('',#13221);
#13221 = CARTESIAN_POINT('',(-89.,-70.,100.));
#13222 = LINE('',#13223,#13224);
#13223 = CARTESIAN_POINT('',(-89.,-70.,95.));
#13224 = VECTOR('',#13225,1.);
#13225 = DIRECTION('',(0.,0.,1.));
#13226 = ORIENTED_EDGE('',*,*,#13227,.T.);
#13227 = EDGE_CURVE('',#13218,#13228,#13230,.T.);
#13228 = VERTEX_POINT('',#13229);
#13229 = CARTESIAN_POINT('',(-89.,70.,95.));
#13230 = LINE('',#13231,#13232);
#13231 = CARTESIAN_POINT('',(-89.,-70.,95.));
#13232 = VECTOR('',#13233,1.);
#13233 = DIRECTION('',(0.,1.,0.));
#13234 = ORIENTED_EDGE('',*,*,#13235,.T.);
#13235 = EDGE_CURVE('',#13228,#13236,#13238,.T.);
#13236 = VERTEX_POINT('',#13237);
#13237 = CARTESIAN_POINT('',(-89.,70.,100.));
#13238 = LINE('',#13239,#13240);
#13239 = CARTESIAN_POINT('',(-89.,70.,95.));
#13240 = VECTOR('',#13241,1.);
#13241 = DIRECTION('',(0.,0.,1.));
#13242 = ORIENTED_EDGE('',*,*,#13243,.F.);
#13243 = EDGE_CURVE('',#13220,#13236,#13244,.T.);
#13244 = LINE('',#13245,#13246);
#13245 = CARTESIAN_POINT('',(-89.,-70.,100.));
#13246 = VECTOR('',#13247,1.);
#13247 = DIRECTION('',(0.,1.,0.));
#13248 = PLANE('',#13249);
#13249 = AXIS2_PLACEMENT_3D('',#13250,#13251,#13252);
#13250 = CARTESIAN_POINT('',(-89.,-70.,95.));
#13251 = DIRECTION('',(1.,0.,0.));
#13252 = DIRECTION('',(0.,0.,1.));
#13253 = ADVANCED_FACE('',(#13254),#13270,.F.);
#13254 = FACE_BOUND('',#13255,.F.);
#13255 = EDGE_LOOP('',(#13256,#13262,#13263,#13269));
#13256 = ORIENTED_EDGE('',*,*,#13257,.F.);
#13257 = EDGE_CURVE('',#13178,#13218,#13258,.T.);
#13258 = LINE('',#13259,#13260);
#13259 = CARTESIAN_POINT('',(-181.,-70.,95.));
#13260 = VECTOR('',#13261,1.);
#13261 = DIRECTION('',(1.,0.,0.));
#13262 = ORIENTED_EDGE('',*,*,#13177,.T.);
#13263 = ORIENTED_EDGE('',*,*,#13264,.T.);
#13264 = EDGE_CURVE('',#13180,#13220,#13265,.T.);
#13265 = LINE('',#13266,#13267);
#13266 = CARTESIAN_POINT('',(-181.,-70.,100.));
#13267 = VECTOR('',#13268,1.);
#13268 = DIRECTION('',(1.,0.,0.));
#13269 = ORIENTED_EDGE('',*,*,#13217,.F.);
#13270 = PLANE('',#13271);
#13271 = AXIS2_PLACEMENT_3D('',#13272,#13273,#13274);
#13272 = CARTESIAN_POINT('',(-181.,-70.,95.));
#13273 = DIRECTION('',(0.,1.,0.));
#13274 = DIRECTION('',(0.,0.,1.));
#13275 = ADVANCED_FACE('',(#13276),#13292,.T.);
#13276 = FACE_BOUND('',#13277,.T.);
#13277 = EDGE_LOOP('',(#13278,#13284,#13285,#13291));
#13278 = ORIENTED_EDGE('',*,*,#13279,.F.);
#13279 = EDGE_CURVE('',#13188,#13228,#13280,.T.);
#13280 = LINE('',#13281,#13282);
#13281 = CARTESIAN_POINT('',(-181.,70.,95.));
#13282 = VECTOR('',#13283,1.);
#13283 = DIRECTION('',(1.,0.,0.));
#13284 = ORIENTED_EDGE('',*,*,#13195,.T.);
#13285 = ORIENTED_EDGE('',*,*,#13286,.T.);
#13286 = EDGE_CURVE('',#13196,#13236,#13287,.T.);
#13287 = LINE('',#13288,#13289);
#13288 = CARTESIAN_POINT('',(-181.,70.,100.));
#13289 = VECTOR('',#13290,1.);
#13290 = DIRECTION('',(1.,0.,0.));
#13291 = ORIENTED_EDGE('',*,*,#13235,.F.);
#13292 = PLANE('',#13293);
#13293 = AXIS2_PLACEMENT_3D('',#13294,#13295,#13296);
#13294 = CARTESIAN_POINT('',(-181.,70.,95.));
#13295 = DIRECTION('',(0.,1.,0.));
#13296 = DIRECTION('',(0.,0.,1.));
#13297 = ADVANCED_FACE('',(#13298),#13304,.F.);
#13298 = FACE_BOUND('',#13299,.F.);
#13299 = EDGE_LOOP('',(#13300,#13301,#13302,#13303));
#13300 = ORIENTED_EDGE('',*,*,#13187,.F.);
#13301 = ORIENTED_EDGE('',*,*,#13257,.T.);
#13302 = ORIENTED_EDGE('',*,*,#13227,.T.);
#13303 = ORIENTED_EDGE('',*,*,#13279,.F.);
#13304 = PLANE('',#13305);
#13305 = AXIS2_PLACEMENT_3D('',#13306,#13307,#13308);
#13306 = CARTESIAN_POINT('',(-181.,-70.,95.));
#13307 = DIRECTION('',(0.,0.,1.));
#13308 = DIRECTION('',(1.,0.,0.));
#13309 = ADVANCED_FACE('',(#13310),#13316,.T.);
#13310 = FACE_BOUND('',#13311,.T.);
#13311 = EDGE_LOOP('',(#13312,#13313,#13314,#13315));
#13312 = ORIENTED_EDGE('',*,*,#13203,.F.);
#13313 = ORIENTED_EDGE('',*,*,#13264,.T.);
#13314 = ORIENTED_EDGE('',*,*,#13243,.T.);
#13315 = ORIENTED_EDGE('',*,*,#13286,.F.);
#13316 = PLANE('',#13317);
#13317 = AXIS2_PLACEMENT_3D('',#13318,#13319,#13320);
#13318 = CARTESIAN_POINT('',(-181.,-70.,100.));
#13319 = DIRECTION('',(0.,0.,1.));
#13320 = DIRECTION('',(1.,0.,0.));
#13321 = MANIFOLD_SOLID_BREP('',#13322);
#13322 = CLOSED_SHELL('',(#13323,#13356,#13376,#13396));
#13323 = ADVANCED_FACE('',(#13324),#13351,.T.);
#13324 = FACE_BOUND('',#13325,.T.);
#13325 = EDGE_LOOP('',(#13326,#13335,#13343,#13350));
#13326 = ORIENTED_EDGE('',*,*,#13327,.F.);
#13327 = EDGE_CURVE('',#13328,#13328,#13330,.T.);
#13328 = VERTEX_POINT('',#13329);
#13329 = CARTESIAN_POINT('',(-135.,52.733575811822,165.));
#13330 = CIRCLE('',#13331,12.);
#13331 = AXIS2_PLACEMENT_3D('',#13332,#13333,#13334);
#13332 = CARTESIAN_POINT('',(-135.,52.733575811822,153.));
#13333 = DIRECTION('',(0.,1.,0.));
#13334 = DIRECTION('',(0.,0.,1.));
#13335 = ORIENTED_EDGE('',*,*,#13336,.F.);
#13336 = EDGE_CURVE('',#13337,#13328,#13339,.T.);
#13337 = VERTEX_POINT('',#13338);
#13338 = CARTESIAN_POINT('',(-135.,15.,165.));
#13339 = LINE('',#13340,#13341);
#13340 = CARTESIAN_POINT('',(-135.,15.,165.));
#13341 = VECTOR('',#13342,1.);
#13342 = DIRECTION('',(0.,1.,0.));
#13343 = ORIENTED_EDGE('',*,*,#13344,.T.);
#13344 = EDGE_CURVE('',#13337,#13337,#13345,.T.);
#13345 = CIRCLE('',#13346,12.);
#13346 = AXIS2_PLACEMENT_3D('',#13347,#13348,#13349);
#13347 = CARTESIAN_POINT('',(-135.,15.,153.));
#13348 = DIRECTION('',(0.,1.,0.));
#13349 = DIRECTION('',(0.,0.,1.));
#13350 = ORIENTED_EDGE('',*,*,#13336,.T.);
#13351 = CYLINDRICAL_SURFACE('',#13352,12.);
#13352 = AXIS2_PLACEMENT_3D('',#13353,#13354,#13355);
#13353 = CARTESIAN_POINT('',(-135.,15.,153.));
#13354 = DIRECTION('',(0.,1.,0.));
#13355 = DIRECTION('',(0.,0.,1.));
#13356 = ADVANCED_FACE('',(#13357,#13360),#13371,.T.);
#13357 = FACE_BOUND('',#13358,.T.);
#13358 = EDGE_LOOP('',(#13359));
#13359 = ORIENTED_EDGE('',*,*,#13327,.T.);
#13360 = FACE_BOUND('',#13361,.T.);
#13361 = EDGE_LOOP('',(#13362));
#13362 = ORIENTED_EDGE('',*,*,#13363,.F.);
#13363 = EDGE_CURVE('',#13364,#13364,#13366,.T.);
#13364 = VERTEX_POINT('',#13365);
#13365 = CARTESIAN_POINT('',(-135.,52.733575811822,160.5));
#13366 = CIRCLE('',#13367,7.5);
#13367 = AXIS2_PLACEMENT_3D('',#13368,#13369,#13370);
#13368 = CARTESIAN_POINT('',(-135.,52.733575811822,153.));
#13369 = DIRECTION('',(0.,1.,0.));
#13370 = DIRECTION('',(0.,0.,1.));
#13371 = PLANE('',#13372);
#13372 = AXIS2_PLACEMENT_3D('',#13373,#13374,#13375);
#13373 = CARTESIAN_POINT('',(-135.,52.733575811822,153.));
#13374 = DIRECTION('',(0.,1.,0.));
#13375 = DIRECTION('',(0.,0.,1.));
#13376 = ADVANCED_FACE('',(#13377,#13380),#13391,.F.);
#13377 = FACE_BOUND('',#13378,.F.);
#13378 = EDGE_LOOP('',(#13379));
#13379 = ORIENTED_EDGE('',*,*,#13344,.T.);
#13380 = FACE_BOUND('',#13381,.F.);
#13381 = EDGE_LOOP('',(#13382));
#13382 = ORIENTED_EDGE('',*,*,#13383,.F.);
#13383 = EDGE_CURVE('',#13384,#13384,#13386,.T.);
#13384 = VERTEX_POINT('',#13385);
#13385 = CARTESIAN_POINT('',(-135.,15.,160.5));
#13386 = CIRCLE('',#13387,7.5);
#13387 = AXIS2_PLACEMENT_3D('',#13388,#13389,#13390);
#13388 = CARTESIAN_POINT('',(-135.,15.,153.));
#13389 = DIRECTION('',(0.,1.,0.));
#13390 = DIRECTION('',(0.,0.,1.));
#13391 = PLANE('',#13392);
#13392 = AXIS2_PLACEMENT_3D('',#13393,#13394,#13395);
#13393 = CARTESIAN_POINT('',(-135.,15.,153.));
#13394 = DIRECTION('',(0.,1.,0.));
#13395 = DIRECTION('',(0.,0.,1.));
#13396 = ADVANCED_FACE('',(#13397),#13408,.F.);
#13397 = FACE_BOUND('',#13398,.F.);
#13398 = EDGE_LOOP('',(#13399,#13400,#13406,#13407));
#13399 = ORIENTED_EDGE('',*,*,#13363,.F.);
#13400 = ORIENTED_EDGE('',*,*,#13401,.F.);
#13401 = EDGE_CURVE('',#13384,#13364,#13402,.T.);
#13402 = LINE('',#13403,#13404);
#13403 = CARTESIAN_POINT('',(-135.,15.,160.5));
#13404 = VECTOR('',#13405,1.);
#13405 = DIRECTION('',(0.,1.,0.));
#13406 = ORIENTED_EDGE('',*,*,#13383,.T.);
#13407 = ORIENTED_EDGE('',*,*,#13401,.T.);
#13408 = CYLINDRICAL_SURFACE('',#13409,7.5);
#13409 = AXIS2_PLACEMENT_3D('',#13410,#13411,#13412);
#13410 = CARTESIAN_POINT('',(-135.,15.,153.));
#13411 = DIRECTION('',(0.,1.,0.));
#13412 = DIRECTION('',(0.,0.,1.));
#13413 = MANIFOLD_SOLID_BREP('',#13414);
#13414 = CLOSED_SHELL('',(#13415,#13448,#13468,#13488));
#13415 = ADVANCED_FACE('',(#13416),#13443,.T.);
#13416 = FACE_BOUND('',#13417,.T.);
#13417 = EDGE_LOOP('',(#13418,#13427,#13435,#13442));
#13418 = ORIENTED_EDGE('',*,*,#13419,.F.);
#13419 = EDGE_CURVE('',#13420,#13420,#13422,.T.);
#13420 = VERTEX_POINT('',#13421);
#13421 = CARTESIAN_POINT('',(-135.,58.733575811822,163.));
#13422 = CIRCLE('',#13423,10.);
#13423 = AXIS2_PLACEMENT_3D('',#13424,#13425,#13426);
#13424 = CARTESIAN_POINT('',(-135.,58.733575811822,153.));
#13425 = DIRECTION('',(0.,1.,0.));
#13426 = DIRECTION('',(0.,0.,1.));
#13427 = ORIENTED_EDGE('',*,*,#13428,.F.);
#13428 = EDGE_CURVE('',#13429,#13420,#13431,.T.);
#13429 = VERTEX_POINT('',#13430);
#13430 = CARTESIAN_POINT('',(-135.,46.733575811822,163.));
#13431 = LINE('',#13432,#13433);
#13432 = CARTESIAN_POINT('',(-135.,46.733575811822,163.));
#13433 = VECTOR('',#13434,1.);
#13434 = DIRECTION('',(0.,1.,0.));
#13435 = ORIENTED_EDGE('',*,*,#13436,.T.);
#13436 = EDGE_CURVE('',#13429,#13429,#13437,.T.);
#13437 = CIRCLE('',#13438,10.);
#13438 = AXIS2_PLACEMENT_3D('',#13439,#13440,#13441);
#13439 = CARTESIAN_POINT('',(-135.,46.733575811822,153.));
#13440 = DIRECTION('',(0.,1.,0.));
#13441 = DIRECTION('',(0.,0.,1.));
#13442 = ORIENTED_EDGE('',*,*,#13428,.T.);
#13443 = CYLINDRICAL_SURFACE('',#13444,10.);
#13444 = AXIS2_PLACEMENT_3D('',#13445,#13446,#13447);
#13445 = CARTESIAN_POINT('',(-135.,46.733575811822,153.));
#13446 = DIRECTION('',(0.,1.,0.));
#13447 = DIRECTION('',(0.,0.,1.));
#13448 = ADVANCED_FACE('',(#13449,#13452),#13463,.T.);
#13449 = FACE_BOUND('',#13450,.T.);
#13450 = EDGE_LOOP('',(#13451));
#13451 = ORIENTED_EDGE('',*,*,#13419,.T.);
#13452 = FACE_BOUND('',#13453,.T.);
#13453 = EDGE_LOOP('',(#13454));
#13454 = ORIENTED_EDGE('',*,*,#13455,.F.);
#13455 = EDGE_CURVE('',#13456,#13456,#13458,.T.);
#13456 = VERTEX_POINT('',#13457);
#13457 = CARTESIAN_POINT('',(-135.,58.733575811822,158.));
#13458 = CIRCLE('',#13459,5.);
#13459 = AXIS2_PLACEMENT_3D('',#13460,#13461,#13462);
#13460 = CARTESIAN_POINT('',(-135.,58.733575811822,153.));
#13461 = DIRECTION('',(0.,1.,0.));
#13462 = DIRECTION('',(0.,0.,1.));
#13463 = PLANE('',#13464);
#13464 = AXIS2_PLACEMENT_3D('',#13465,#13466,#13467);
#13465 = CARTESIAN_POINT('',(-135.,58.733575811822,153.));
#13466 = DIRECTION('',(0.,1.,0.));
#13467 = DIRECTION('',(0.,0.,1.));
#13468 = ADVANCED_FACE('',(#13469,#13472),#13483,.F.);
#13469 = FACE_BOUND('',#13470,.F.);
#13470 = EDGE_LOOP('',(#13471));
#13471 = ORIENTED_EDGE('',*,*,#13436,.T.);
#13472 = FACE_BOUND('',#13473,.F.);
#13473 = EDGE_LOOP('',(#13474));
#13474 = ORIENTED_EDGE('',*,*,#13475,.F.);
#13475 = EDGE_CURVE('',#13476,#13476,#13478,.T.);
#13476 = VERTEX_POINT('',#13477);
#13477 = CARTESIAN_POINT('',(-135.,46.733575811822,158.));
#13478 = CIRCLE('',#13479,5.);
#13479 = AXIS2_PLACEMENT_3D('',#13480,#13481,#13482);
#13480 = CARTESIAN_POINT('',(-135.,46.733575811822,153.));
#13481 = DIRECTION('',(0.,1.,0.));
#13482 = DIRECTION('',(0.,0.,1.));
#13483 = PLANE('',#13484);
#13484 = AXIS2_PLACEMENT_3D('',#13485,#13486,#13487);
#13485 = CARTESIAN_POINT('',(-135.,46.733575811822,153.));
#13486 = DIRECTION('',(0.,1.,0.));
#13487 = DIRECTION('',(0.,0.,1.));
#13488 = ADVANCED_FACE('',(#13489),#13500,.F.);
#13489 = FACE_BOUND('',#13490,.F.);
#13490 = EDGE_LOOP('',(#13491,#13492,#13498,#13499));
#13491 = ORIENTED_EDGE('',*,*,#13455,.F.);
#13492 = ORIENTED_EDGE('',*,*,#13493,.F.);
#13493 = EDGE_CURVE('',#13476,#13456,#13494,.T.);
#13494 = LINE('',#13495,#13496);
#13495 = CARTESIAN_POINT('',(-135.,46.733575811822,158.));
#13496 = VECTOR('',#13497,1.);
#13497 = DIRECTION('',(0.,1.,0.));
#13498 = ORIENTED_EDGE('',*,*,#13475,.T.);
#13499 = ORIENTED_EDGE('',*,*,#13493,.T.);
#13500 = CYLINDRICAL_SURFACE('',#13501,5.);
#13501 = AXIS2_PLACEMENT_3D('',#13502,#13503,#13504);
#13502 = CARTESIAN_POINT('',(-135.,46.733575811822,153.));
#13503 = DIRECTION('',(0.,1.,0.));
#13504 = DIRECTION('',(0.,0.,1.));
#13505 = MANIFOLD_SOLID_BREP('',#13506);
#13506 = CLOSED_SHELL('',(#13507,#13540,#13549));
#13507 = ADVANCED_FACE('',(#13508),#13535,.T.);
#13508 = FACE_BOUND('',#13509,.T.);
#13509 = EDGE_LOOP('',(#13510,#13519,#13527,#13534));
#13510 = ORIENTED_EDGE('',*,*,#13511,.F.);
#13511 = EDGE_CURVE('',#13512,#13512,#13514,.T.);
#13512 = VERTEX_POINT('',#13513);
#13513 = CARTESIAN_POINT('',(-180.,166.56256822237,87.060933531042));
#13514 = CIRCLE('',#13515,3.);
#13515 = AXIS2_PLACEMENT_3D('',#13516,#13517,#13518);
#13516 = CARTESIAN_POINT('',(-180.,165.,84.5));
#13517 = DIRECTION('',(-0.323741007194,0.807672116462,-0.492805755396));
#13518 = DIRECTION('',(3.013749268218E-18,0.520856074126,0.853644510347)
  );
#13519 = ORIENTED_EDGE('',*,*,#13520,.F.);
#13520 = EDGE_CURVE('',#13521,#13512,#13523,.T.);
#13521 = VERTEX_POINT('',#13522);
#13522 = CARTESIAN_POINT('',(-135.,54.296144034199,155.56093353104));
#13523 = LINE('',#13524,#13525);
#13524 = CARTESIAN_POINT('',(-135.,54.296144034199,155.56093353104));
#13525 = VECTOR('',#13526,1.);
#13526 = DIRECTION('',(-0.323741007194,0.807672116462,-0.492805755396));
#13527 = ORIENTED_EDGE('',*,*,#13528,.T.);
#13528 = EDGE_CURVE('',#13521,#13521,#13529,.T.);
#13529 = CIRCLE('',#13530,3.);
#13530 = AXIS2_PLACEMENT_3D('',#13531,#13532,#13533);
#13531 = CARTESIAN_POINT('',(-135.,52.733575811822,153.));
#13532 = DIRECTION('',(-0.323741007194,0.807672116462,-0.492805755396));
#13533 = DIRECTION('',(3.013749268218E-18,0.520856074126,0.853644510347)
  );
#13534 = ORIENTED_EDGE('',*,*,#13520,.T.);
#13535 = CYLINDRICAL_SURFACE('',#13536,3.);
#13536 = AXIS2_PLACEMENT_3D('',#13537,#13538,#13539);
#13537 = CARTESIAN_POINT('',(-135.,52.733575811822,153.));
#13538 = DIRECTION('',(-0.323741007194,0.807672116462,-0.492805755396));
#13539 = DIRECTION('',(3.013749268218E-18,0.520856074126,0.853644510347)
  );
#13540 = ADVANCED_FACE('',(#13541),#13544,.T.);
#13541 = FACE_BOUND('',#13542,.T.);
#13542 = EDGE_LOOP('',(#13543));
#13543 = ORIENTED_EDGE('',*,*,#13511,.T.);
#13544 = PLANE('',#13545);
#13545 = AXIS2_PLACEMENT_3D('',#13546,#13547,#13548);
#13546 = CARTESIAN_POINT('',(-180.,165.,84.5));
#13547 = DIRECTION('',(-0.323741007194,0.807672116462,-0.492805755396));
#13548 = DIRECTION('',(3.013749268218E-18,0.520856074126,0.853644510347)
  );
#13549 = ADVANCED_FACE('',(#13550),#13553,.F.);
#13550 = FACE_BOUND('',#13551,.T.);
#13551 = EDGE_LOOP('',(#13552));
#13552 = ORIENTED_EDGE('',*,*,#13528,.F.);
#13553 = PLANE('',#13554);
#13554 = AXIS2_PLACEMENT_3D('',#13555,#13556,#13557);
#13555 = CARTESIAN_POINT('',(-135.,52.733575811822,153.));
#13556 = DIRECTION('',(-0.323741007194,0.807672116462,-0.492805755396));
#13557 = DIRECTION('',(3.013749268218E-18,0.520856074126,0.853644510347)
  );
#13558 = MANIFOLD_SOLID_BREP('',#13559);
#13559 = CLOSED_SHELL('',(#13560,#13593,#13613,#13622,#13647,#13667,
    #13692));
#13560 = ADVANCED_FACE('',(#13561),#13588,.T.);
#13561 = FACE_BOUND('',#13562,.T.);
#13562 = EDGE_LOOP('',(#13563,#13573,#13580,#13581));
#13563 = ORIENTED_EDGE('',*,*,#13564,.T.);
#13564 = EDGE_CURVE('',#13565,#13567,#13569,.T.);
#13565 = VERTEX_POINT('',#13566);
#13566 = CARTESIAN_POINT('',(-180.,163.,88.5));
#13567 = VERTEX_POINT('',#13568);
#13568 = CARTESIAN_POINT('',(-180.,195.,88.5));
#13569 = LINE('',#13570,#13571);
#13570 = CARTESIAN_POINT('',(-180.,150.,88.5));
#13571 = VECTOR('',#13572,1.);
#13572 = DIRECTION('',(0.,1.,0.));
#13573 = ORIENTED_EDGE('',*,*,#13574,.F.);
#13574 = EDGE_CURVE('',#13567,#13567,#13575,.T.);
#13575 = CIRCLE('',#13576,4.);
#13576 = AXIS2_PLACEMENT_3D('',#13577,#13578,#13579);
#13577 = CARTESIAN_POINT('',(-180.,195.,84.5));
#13578 = DIRECTION('',(0.,1.,0.));
#13579 = DIRECTION('',(0.,0.,1.));
#13580 = ORIENTED_EDGE('',*,*,#13564,.F.);
#13581 = ORIENTED_EDGE('',*,*,#13582,.T.);
#13582 = EDGE_CURVE('',#13565,#13565,#13583,.T.);
#13583 = CIRCLE('',#13584,4.);
#13584 = AXIS2_PLACEMENT_3D('',#13585,#13586,#13587);
#13585 = CARTESIAN_POINT('',(-180.,163.,84.5));
#13586 = DIRECTION('',(0.,1.,0.));
#13587 = DIRECTION('',(0.,0.,1.));
#13588 = CYLINDRICAL_SURFACE('',#13589,4.);
#13589 = AXIS2_PLACEMENT_3D('',#13590,#13591,#13592);
#13590 = CARTESIAN_POINT('',(-180.,150.,84.5));
#13591 = DIRECTION('',(0.,1.,0.));
#13592 = DIRECTION('',(0.,0.,1.));
#13593 = ADVANCED_FACE('',(#13594,#13605),#13608,.T.);
#13594 = FACE_BOUND('',#13595,.T.);
#13595 = EDGE_LOOP('',(#13596));
#13596 = ORIENTED_EDGE('',*,*,#13597,.T.);
#13597 = EDGE_CURVE('',#13598,#13598,#13600,.T.);
#13598 = VERTEX_POINT('',#13599);
#13599 = CARTESIAN_POINT('',(-180.,163.,92.));
#13600 = CIRCLE('',#13601,7.5);
#13601 = AXIS2_PLACEMENT_3D('',#13602,#13603,#13604);
#13602 = CARTESIAN_POINT('',(-180.,163.,84.5));
#13603 = DIRECTION('',(0.,1.,0.));
#13604 = DIRECTION('',(0.,0.,1.));
#13605 = FACE_BOUND('',#13606,.T.);
#13606 = EDGE_LOOP('',(#13607));
#13607 = ORIENTED_EDGE('',*,*,#13582,.F.);
#13608 = PLANE('',#13609);
#13609 = AXIS2_PLACEMENT_3D('',#13610,#13611,#13612);
#13610 = CARTESIAN_POINT('',(-180.,163.,84.5));
#13611 = DIRECTION('',(0.,1.,0.));
#13612 = DIRECTION('',(0.,0.,1.));
#13613 = ADVANCED_FACE('',(#13614),#13617,.T.);
#13614 = FACE_BOUND('',#13615,.T.);
#13615 = EDGE_LOOP('',(#13616));
#13616 = ORIENTED_EDGE('',*,*,#13574,.T.);
#13617 = PLANE('',#13618);
#13618 = AXIS2_PLACEMENT_3D('',#13619,#13620,#13621);
#13619 = CARTESIAN_POINT('',(-180.,195.,84.5));
#13620 = DIRECTION('',(0.,1.,0.));
#13621 = DIRECTION('',(0.,0.,1.));
#13622 = ADVANCED_FACE('',(#13623),#13642,.T.);
#13623 = FACE_BOUND('',#13624,.T.);
#13624 = EDGE_LOOP('',(#13625,#13626,#13634,#13641));
#13625 = ORIENTED_EDGE('',*,*,#13597,.F.);
#13626 = ORIENTED_EDGE('',*,*,#13627,.F.);
#13627 = EDGE_CURVE('',#13628,#13598,#13630,.T.);
#13628 = VERTEX_POINT('',#13629);
#13629 = CARTESIAN_POINT('',(-180.,154.,92.));
#13630 = LINE('',#13631,#13632);
#13631 = CARTESIAN_POINT('',(-180.,154.,92.));
#13632 = VECTOR('',#13633,1.);
#13633 = DIRECTION('',(0.,1.,0.));
#13634 = ORIENTED_EDGE('',*,*,#13635,.T.);
#13635 = EDGE_CURVE('',#13628,#13628,#13636,.T.);
#13636 = CIRCLE('',#13637,7.5);
#13637 = AXIS2_PLACEMENT_3D('',#13638,#13639,#13640);
#13638 = CARTESIAN_POINT('',(-180.,154.,84.5));
#13639 = DIRECTION('',(0.,1.,0.));
#13640 = DIRECTION('',(0.,0.,1.));
#13641 = ORIENTED_EDGE('',*,*,#13627,.T.);
#13642 = CYLINDRICAL_SURFACE('',#13643,7.5);
#13643 = AXIS2_PLACEMENT_3D('',#13644,#13645,#13646);
#13644 = CARTESIAN_POINT('',(-180.,154.,84.5));
#13645 = DIRECTION('',(0.,1.,0.));
#13646 = DIRECTION('',(0.,0.,1.));
#13647 = ADVANCED_FACE('',(#13648,#13651),#13662,.F.);
#13648 = FACE_BOUND('',#13649,.F.);
#13649 = EDGE_LOOP('',(#13650));
#13650 = ORIENTED_EDGE('',*,*,#13635,.T.);
#13651 = FACE_BOUND('',#13652,.F.);
#13652 = EDGE_LOOP('',(#13653));
#13653 = ORIENTED_EDGE('',*,*,#13654,.F.);
#13654 = EDGE_CURVE('',#13655,#13655,#13657,.T.);
#13655 = VERTEX_POINT('',#13656);
#13656 = CARTESIAN_POINT('',(-180.,154.,88.5));
#13657 = CIRCLE('',#13658,4.);
#13658 = AXIS2_PLACEMENT_3D('',#13659,#13660,#13661);
#13659 = CARTESIAN_POINT('',(-180.,154.,84.5));
#13660 = DIRECTION('',(0.,1.,0.));
#13661 = DIRECTION('',(0.,0.,1.));
#13662 = PLANE('',#13663);
#13663 = AXIS2_PLACEMENT_3D('',#13664,#13665,#13666);
#13664 = CARTESIAN_POINT('',(-180.,154.,84.5));
#13665 = DIRECTION('',(0.,1.,0.));
#13666 = DIRECTION('',(0.,0.,1.));
#13667 = ADVANCED_FACE('',(#13668),#13687,.T.);
#13668 = FACE_BOUND('',#13669,.T.);
#13669 = EDGE_LOOP('',(#13670,#13671,#13679,#13686));
#13670 = ORIENTED_EDGE('',*,*,#13654,.F.);
#13671 = ORIENTED_EDGE('',*,*,#13672,.F.);
#13672 = EDGE_CURVE('',#13673,#13655,#13675,.T.);
#13673 = VERTEX_POINT('',#13674);
#13674 = CARTESIAN_POINT('',(-180.,150.,88.5));
#13675 = LINE('',#13676,#13677);
#13676 = CARTESIAN_POINT('',(-180.,150.,88.5));
#13677 = VECTOR('',#13678,1.);
#13678 = DIRECTION('',(0.,1.,0.));
#13679 = ORIENTED_EDGE('',*,*,#13680,.T.);
#13680 = EDGE_CURVE('',#13673,#13673,#13681,.T.);
#13681 = CIRCLE('',#13682,4.);
#13682 = AXIS2_PLACEMENT_3D('',#13683,#13684,#13685);
#13683 = CARTESIAN_POINT('',(-180.,150.,84.5));
#13684 = DIRECTION('',(0.,1.,0.));
#13685 = DIRECTION('',(0.,0.,1.));
#13686 = ORIENTED_EDGE('',*,*,#13672,.T.);
#13687 = CYLINDRICAL_SURFACE('',#13688,4.);
#13688 = AXIS2_PLACEMENT_3D('',#13689,#13690,#13691);
#13689 = CARTESIAN_POINT('',(-180.,150.,84.5));
#13690 = DIRECTION('',(0.,1.,0.));
#13691 = DIRECTION('',(0.,0.,1.));
#13692 = ADVANCED_FACE('',(#13693),#13696,.F.);
#13693 = FACE_BOUND('',#13694,.T.);
#13694 = EDGE_LOOP('',(#13695));
#13695 = ORIENTED_EDGE('',*,*,#13680,.F.);
#13696 = PLANE('',#13697);
#13697 = AXIS2_PLACEMENT_3D('',#13698,#13699,#13700);
#13698 = CARTESIAN_POINT('',(-180.,150.,84.5));
#13699 = DIRECTION('',(0.,1.,0.));
#13700 = DIRECTION('',(0.,0.,1.));
#13701 = MANIFOLD_SOLID_BREP('',#13702);
#13702 = CLOSED_SHELL('',(#13703,#13736,#13756,#13776));
#13703 = ADVANCED_FACE('',(#13704),#13731,.T.);
#13704 = FACE_BOUND('',#13705,.T.);
#13705 = EDGE_LOOP('',(#13706,#13715,#13723,#13730));
#13706 = ORIENTED_EDGE('',*,*,#13707,.F.);
#13707 = EDGE_CURVE('',#13708,#13708,#13710,.T.);
#13708 = VERTEX_POINT('',#13709);
#13709 = CARTESIAN_POINT('',(-180.,230.5,169.));
#13710 = CIRCLE('',#13711,84.5);
#13711 = AXIS2_PLACEMENT_3D('',#13712,#13713,#13714);
#13712 = CARTESIAN_POINT('',(-180.,230.5,84.5));
#13713 = DIRECTION('',(0.,1.,0.));
#13714 = DIRECTION('',(0.,0.,1.));
#13715 = ORIENTED_EDGE('',*,*,#13716,.F.);
#13716 = EDGE_CURVE('',#13717,#13708,#13719,.T.);
#13717 = VERTEX_POINT('',#13718);
#13718 = CARTESIAN_POINT('',(-180.,149.,169.));
#13719 = LINE('',#13720,#13721);
#13720 = CARTESIAN_POINT('',(-180.,149.,169.));
#13721 = VECTOR('',#13722,1.);
#13722 = DIRECTION('',(0.,1.,0.));
#13723 = ORIENTED_EDGE('',*,*,#13724,.T.);
#13724 = EDGE_CURVE('',#13717,#13717,#13725,.T.);
#13725 = CIRCLE('',#13726,84.5);
#13726 = AXIS2_PLACEMENT_3D('',#13727,#13728,#13729);
#13727 = CARTESIAN_POINT('',(-180.,149.,84.5));
#13728 = DIRECTION('',(0.,1.,0.));
#13729 = DIRECTION('',(0.,0.,1.));
#13730 = ORIENTED_EDGE('',*,*,#13716,.T.);
#13731 = CYLINDRICAL_SURFACE('',#13732,84.5);
#13732 = AXIS2_PLACEMENT_3D('',#13733,#13734,#13735);
#13733 = CARTESIAN_POINT('',(-180.,149.,84.5));
#13734 = DIRECTION('',(0.,1.,0.));
#13735 = DIRECTION('',(0.,0.,1.));
#13736 = ADVANCED_FACE('',(#13737,#13740),#13751,.T.);
#13737 = FACE_BOUND('',#13738,.T.);
#13738 = EDGE_LOOP('',(#13739));
#13739 = ORIENTED_EDGE('',*,*,#13707,.T.);
#13740 = FACE_BOUND('',#13741,.T.);
#13741 = EDGE_LOOP('',(#13742));
#13742 = ORIENTED_EDGE('',*,*,#13743,.F.);
#13743 = EDGE_CURVE('',#13744,#13744,#13746,.T.);
#13744 = VERTEX_POINT('',#13745);
#13745 = CARTESIAN_POINT('',(-180.,230.5,133.));
#13746 = CIRCLE('',#13747,48.5);
#13747 = AXIS2_PLACEMENT_3D('',#13748,#13749,#13750);
#13748 = CARTESIAN_POINT('',(-180.,230.5,84.5));
#13749 = DIRECTION('',(0.,1.,0.));
#13750 = DIRECTION('',(0.,0.,1.));
#13751 = PLANE('',#13752);
#13752 = AXIS2_PLACEMENT_3D('',#13753,#13754,#13755);
#13753 = CARTESIAN_POINT('',(-180.,230.5,84.5));
#13754 = DIRECTION('',(0.,1.,0.));
#13755 = DIRECTION('',(0.,0.,1.));
#13756 = ADVANCED_FACE('',(#13757,#13760),#13771,.F.);
#13757 = FACE_BOUND('',#13758,.F.);
#13758 = EDGE_LOOP('',(#13759));
#13759 = ORIENTED_EDGE('',*,*,#13724,.T.);
#13760 = FACE_BOUND('',#13761,.F.);
#13761 = EDGE_LOOP('',(#13762));
#13762 = ORIENTED_EDGE('',*,*,#13763,.F.);
#13763 = EDGE_CURVE('',#13764,#13764,#13766,.T.);
#13764 = VERTEX_POINT('',#13765);
#13765 = CARTESIAN_POINT('',(-180.,149.,133.));
#13766 = CIRCLE('',#13767,48.5);
#13767 = AXIS2_PLACEMENT_3D('',#13768,#13769,#13770);
#13768 = CARTESIAN_POINT('',(-180.,149.,84.5));
#13769 = DIRECTION('',(0.,1.,0.));
#13770 = DIRECTION('',(0.,0.,1.));
#13771 = PLANE('',#13772);
#13772 = AXIS2_PLACEMENT_3D('',#13773,#13774,#13775);
#13773 = CARTESIAN_POINT('',(-180.,149.,84.5));
#13774 = DIRECTION('',(0.,1.,0.));
#13775 = DIRECTION('',(0.,0.,1.));
#13776 = ADVANCED_FACE('',(#13777),#13788,.F.);
#13777 = FACE_BOUND('',#13778,.F.);
#13778 = EDGE_LOOP('',(#13779,#13780,#13786,#13787));
#13779 = ORIENTED_EDGE('',*,*,#13743,.F.);
#13780 = ORIENTED_EDGE('',*,*,#13781,.F.);
#13781 = EDGE_CURVE('',#13764,#13744,#13782,.T.);
#13782 = LINE('',#13783,#13784);
#13783 = CARTESIAN_POINT('',(-180.,149.,133.));
#13784 = VECTOR('',#13785,1.);
#13785 = DIRECTION('',(0.,1.,0.));
#13786 = ORIENTED_EDGE('',*,*,#13763,.T.);
#13787 = ORIENTED_EDGE('',*,*,#13781,.T.);
#13788 = CYLINDRICAL_SURFACE('',#13789,48.5);
#13789 = AXIS2_PLACEMENT_3D('',#13790,#13791,#13792);
#13790 = CARTESIAN_POINT('',(-180.,149.,84.5));
#13791 = DIRECTION('',(0.,1.,0.));
#13792 = DIRECTION('',(0.,0.,1.));
#13793 = MANIFOLD_SOLID_BREP('',#13794);
#13794 = CLOSED_SHELL('',(#13795,#13828,#13848,#13868));
#13795 = ADVANCED_FACE('',(#13796),#13823,.T.);
#13796 = FACE_BOUND('',#13797,.T.);
#13797 = EDGE_LOOP('',(#13798,#13807,#13815,#13822));
#13798 = ORIENTED_EDGE('',*,*,#13799,.F.);
#13799 = EDGE_CURVE('',#13800,#13800,#13802,.T.);
#13800 = VERTEX_POINT('',#13801);
#13801 = CARTESIAN_POINT('',(-180.,202.25,133.));
#13802 = CIRCLE('',#13803,48.5);
#13803 = AXIS2_PLACEMENT_3D('',#13804,#13805,#13806);
#13804 = CARTESIAN_POINT('',(-180.,202.25,84.5));
#13805 = DIRECTION('',(0.,1.,0.));
#13806 = DIRECTION('',(0.,0.,1.));
#13807 = ORIENTED_EDGE('',*,*,#13808,.F.);
#13808 = EDGE_CURVE('',#13809,#13800,#13811,.T.);
#13809 = VERTEX_POINT('',#13810);
#13810 = CARTESIAN_POINT('',(-180.,177.25,133.));
#13811 = LINE('',#13812,#13813);
#13812 = CARTESIAN_POINT('',(-180.,177.25,133.));
#13813 = VECTOR('',#13814,1.);
#13814 = DIRECTION('',(0.,1.,0.));
#13815 = ORIENTED_EDGE('',*,*,#13816,.T.);
#13816 = EDGE_CURVE('',#13809,#13809,#13817,.T.);
#13817 = CIRCLE('',#13818,48.5);
#13818 = AXIS2_PLACEMENT_3D('',#13819,#13820,#13821);
#13819 = CARTESIAN_POINT('',(-180.,177.25,84.5));
#13820 = DIRECTION('',(0.,1.,0.));
#13821 = DIRECTION('',(0.,0.,1.));
#13822 = ORIENTED_EDGE('',*,*,#13808,.T.);
#13823 = CYLINDRICAL_SURFACE('',#13824,48.5);
#13824 = AXIS2_PLACEMENT_3D('',#13825,#13826,#13827);
#13825 = CARTESIAN_POINT('',(-180.,177.25,84.5));
#13826 = DIRECTION('',(0.,1.,0.));
#13827 = DIRECTION('',(0.,0.,1.));
#13828 = ADVANCED_FACE('',(#13829,#13832),#13843,.T.);
#13829 = FACE_BOUND('',#13830,.T.);
#13830 = EDGE_LOOP('',(#13831));
#13831 = ORIENTED_EDGE('',*,*,#13799,.T.);
#13832 = FACE_BOUND('',#13833,.T.);
#13833 = EDGE_LOOP('',(#13834));
#13834 = ORIENTED_EDGE('',*,*,#13835,.F.);
#13835 = EDGE_CURVE('',#13836,#13836,#13838,.T.);
#13836 = VERTEX_POINT('',#13837);
#13837 = CARTESIAN_POINT('',(-180.,202.25,93.));
#13838 = CIRCLE('',#13839,8.5);
#13839 = AXIS2_PLACEMENT_3D('',#13840,#13841,#13842);
#13840 = CARTESIAN_POINT('',(-180.,202.25,84.5));
#13841 = DIRECTION('',(0.,1.,0.));
#13842 = DIRECTION('',(0.,0.,1.));
#13843 = PLANE('',#13844);
#13844 = AXIS2_PLACEMENT_3D('',#13845,#13846,#13847);
#13845 = CARTESIAN_POINT('',(-180.,202.25,84.5));
#13846 = DIRECTION('',(0.,1.,0.));
#13847 = DIRECTION('',(0.,0.,1.));
#13848 = ADVANCED_FACE('',(#13849,#13852),#13863,.F.);
#13849 = FACE_BOUND('',#13850,.F.);
#13850 = EDGE_LOOP('',(#13851));
#13851 = ORIENTED_EDGE('',*,*,#13816,.T.);
#13852 = FACE_BOUND('',#13853,.F.);
#13853 = EDGE_LOOP('',(#13854));
#13854 = ORIENTED_EDGE('',*,*,#13855,.F.);
#13855 = EDGE_CURVE('',#13856,#13856,#13858,.T.);
#13856 = VERTEX_POINT('',#13857);
#13857 = CARTESIAN_POINT('',(-180.,177.25,93.));
#13858 = CIRCLE('',#13859,8.5);
#13859 = AXIS2_PLACEMENT_3D('',#13860,#13861,#13862);
#13860 = CARTESIAN_POINT('',(-180.,177.25,84.5));
#13861 = DIRECTION('',(0.,1.,0.));
#13862 = DIRECTION('',(0.,0.,1.));
#13863 = PLANE('',#13864);
#13864 = AXIS2_PLACEMENT_3D('',#13865,#13866,#13867);
#13865 = CARTESIAN_POINT('',(-180.,177.25,84.5));
#13866 = DIRECTION('',(0.,1.,0.));
#13867 = DIRECTION('',(0.,0.,1.));
#13868 = ADVANCED_FACE('',(#13869),#13880,.F.);
#13869 = FACE_BOUND('',#13870,.F.);
#13870 = EDGE_LOOP('',(#13871,#13872,#13878,#13879));
#13871 = ORIENTED_EDGE('',*,*,#13835,.F.);
#13872 = ORIENTED_EDGE('',*,*,#13873,.F.);
#13873 = EDGE_CURVE('',#13856,#13836,#13874,.T.);
#13874 = LINE('',#13875,#13876);
#13875 = CARTESIAN_POINT('',(-180.,177.25,93.));
#13876 = VECTOR('',#13877,1.);
#13877 = DIRECTION('',(0.,1.,0.));
#13878 = ORIENTED_EDGE('',*,*,#13855,.T.);
#13879 = ORIENTED_EDGE('',*,*,#13873,.T.);
#13880 = CYLINDRICAL_SURFACE('',#13881,8.5);
#13881 = AXIS2_PLACEMENT_3D('',#13882,#13883,#13884);
#13882 = CARTESIAN_POINT('',(-180.,177.25,84.5));
#13883 = DIRECTION('',(0.,1.,0.));
#13884 = DIRECTION('',(0.,0.,1.));
#13885 = MANIFOLD_SOLID_BREP('',#13886);
#13886 = CLOSED_SHELL('',(#13887,#13927,#13967,#13989,#14011,#14023));
#13887 = ADVANCED_FACE('',(#13888),#13922,.F.);
#13888 = FACE_BOUND('',#13889,.F.);
#13889 = EDGE_LOOP('',(#13890,#13900,#13908,#13916));
#13890 = ORIENTED_EDGE('',*,*,#13891,.F.);
#13891 = EDGE_CURVE('',#13892,#13894,#13896,.T.);
#13892 = VERTEX_POINT('',#13893);
#13893 = CARTESIAN_POINT('',(55.,-110.,115.));
#13894 = VERTEX_POINT('',#13895);
#13895 = CARTESIAN_POINT('',(55.,-110.,160.));
#13896 = LINE('',#13897,#13898);
#13897 = CARTESIAN_POINT('',(55.,-110.,115.));
#13898 = VECTOR('',#13899,1.);
#13899 = DIRECTION('',(0.,0.,1.));
#13900 = ORIENTED_EDGE('',*,*,#13901,.T.);
#13901 = EDGE_CURVE('',#13892,#13902,#13904,.T.);
#13902 = VERTEX_POINT('',#13903);
#13903 = CARTESIAN_POINT('',(55.,-70.,115.));
#13904 = LINE('',#13905,#13906);
#13905 = CARTESIAN_POINT('',(55.,-110.,115.));
#13906 = VECTOR('',#13907,1.);
#13907 = DIRECTION('',(0.,1.,0.));
#13908 = ORIENTED_EDGE('',*,*,#13909,.T.);
#13909 = EDGE_CURVE('',#13902,#13910,#13912,.T.);
#13910 = VERTEX_POINT('',#13911);
#13911 = CARTESIAN_POINT('',(55.,-70.,160.));
#13912 = LINE('',#13913,#13914);
#13913 = CARTESIAN_POINT('',(55.,-70.,115.));
#13914 = VECTOR('',#13915,1.);
#13915 = DIRECTION('',(0.,0.,1.));
#13916 = ORIENTED_EDGE('',*,*,#13917,.F.);
#13917 = EDGE_CURVE('',#13894,#13910,#13918,.T.);
#13918 = LINE('',#13919,#13920);
#13919 = CARTESIAN_POINT('',(55.,-110.,160.));
#13920 = VECTOR('',#13921,1.);
#13921 = DIRECTION('',(0.,1.,0.));
#13922 = PLANE('',#13923);
#13923 = AXIS2_PLACEMENT_3D('',#13924,#13925,#13926);
#13924 = CARTESIAN_POINT('',(55.,-110.,115.));
#13925 = DIRECTION('',(1.,0.,0.));
#13926 = DIRECTION('',(0.,0.,1.));
#13927 = ADVANCED_FACE('',(#13928),#13962,.T.);
#13928 = FACE_BOUND('',#13929,.T.);
#13929 = EDGE_LOOP('',(#13930,#13940,#13948,#13956));
#13930 = ORIENTED_EDGE('',*,*,#13931,.F.);
#13931 = EDGE_CURVE('',#13932,#13934,#13936,.T.);
#13932 = VERTEX_POINT('',#13933);
#13933 = CARTESIAN_POINT('',(100.,-110.,115.));
#13934 = VERTEX_POINT('',#13935);
#13935 = CARTESIAN_POINT('',(100.,-110.,160.));
#13936 = LINE('',#13937,#13938);
#13937 = CARTESIAN_POINT('',(100.,-110.,115.));
#13938 = VECTOR('',#13939,1.);
#13939 = DIRECTION('',(0.,0.,1.));
#13940 = ORIENTED_EDGE('',*,*,#13941,.T.);
#13941 = EDGE_CURVE('',#13932,#13942,#13944,.T.);
#13942 = VERTEX_POINT('',#13943);
#13943 = CARTESIAN_POINT('',(100.,-70.,115.));
#13944 = LINE('',#13945,#13946);
#13945 = CARTESIAN_POINT('',(100.,-110.,115.));
#13946 = VECTOR('',#13947,1.);
#13947 = DIRECTION('',(0.,1.,0.));
#13948 = ORIENTED_EDGE('',*,*,#13949,.T.);
#13949 = EDGE_CURVE('',#13942,#13950,#13952,.T.);
#13950 = VERTEX_POINT('',#13951);
#13951 = CARTESIAN_POINT('',(100.,-70.,160.));
#13952 = LINE('',#13953,#13954);
#13953 = CARTESIAN_POINT('',(100.,-70.,115.));
#13954 = VECTOR('',#13955,1.);
#13955 = DIRECTION('',(0.,0.,1.));
#13956 = ORIENTED_EDGE('',*,*,#13957,.F.);
#13957 = EDGE_CURVE('',#13934,#13950,#13958,.T.);
#13958 = LINE('',#13959,#13960);
#13959 = CARTESIAN_POINT('',(100.,-110.,160.));
#13960 = VECTOR('',#13961,1.);
#13961 = DIRECTION('',(0.,1.,0.));
#13962 = PLANE('',#13963);
#13963 = AXIS2_PLACEMENT_3D('',#13964,#13965,#13966);
#13964 = CARTESIAN_POINT('',(100.,-110.,115.));
#13965 = DIRECTION('',(1.,0.,0.));
#13966 = DIRECTION('',(0.,0.,1.));
#13967 = ADVANCED_FACE('',(#13968),#13984,.F.);
#13968 = FACE_BOUND('',#13969,.F.);
#13969 = EDGE_LOOP('',(#13970,#13976,#13977,#13983));
#13970 = ORIENTED_EDGE('',*,*,#13971,.F.);
#13971 = EDGE_CURVE('',#13892,#13932,#13972,.T.);
#13972 = LINE('',#13973,#13974);
#13973 = CARTESIAN_POINT('',(55.,-110.,115.));
#13974 = VECTOR('',#13975,1.);
#13975 = DIRECTION('',(1.,0.,0.));
#13976 = ORIENTED_EDGE('',*,*,#13891,.T.);
#13977 = ORIENTED_EDGE('',*,*,#13978,.T.);
#13978 = EDGE_CURVE('',#13894,#13934,#13979,.T.);
#13979 = LINE('',#13980,#13981);
#13980 = CARTESIAN_POINT('',(55.,-110.,160.));
#13981 = VECTOR('',#13982,1.);
#13982 = DIRECTION('',(1.,0.,0.));
#13983 = ORIENTED_EDGE('',*,*,#13931,.F.);
#13984 = PLANE('',#13985);
#13985 = AXIS2_PLACEMENT_3D('',#13986,#13987,#13988);
#13986 = CARTESIAN_POINT('',(55.,-110.,115.));
#13987 = DIRECTION('',(0.,1.,0.));
#13988 = DIRECTION('',(0.,0.,1.));
#13989 = ADVANCED_FACE('',(#13990),#14006,.T.);
#13990 = FACE_BOUND('',#13991,.T.);
#13991 = EDGE_LOOP('',(#13992,#13998,#13999,#14005));
#13992 = ORIENTED_EDGE('',*,*,#13993,.F.);
#13993 = EDGE_CURVE('',#13902,#13942,#13994,.T.);
#13994 = LINE('',#13995,#13996);
#13995 = CARTESIAN_POINT('',(55.,-70.,115.));
#13996 = VECTOR('',#13997,1.);
#13997 = DIRECTION('',(1.,0.,0.));
#13998 = ORIENTED_EDGE('',*,*,#13909,.T.);
#13999 = ORIENTED_EDGE('',*,*,#14000,.T.);
#14000 = EDGE_CURVE('',#13910,#13950,#14001,.T.);
#14001 = LINE('',#14002,#14003);
#14002 = CARTESIAN_POINT('',(55.,-70.,160.));
#14003 = VECTOR('',#14004,1.);
#14004 = DIRECTION('',(1.,0.,0.));
#14005 = ORIENTED_EDGE('',*,*,#13949,.F.);
#14006 = PLANE('',#14007);
#14007 = AXIS2_PLACEMENT_3D('',#14008,#14009,#14010);
#14008 = CARTESIAN_POINT('',(55.,-70.,115.));
#14009 = DIRECTION('',(0.,1.,0.));
#14010 = DIRECTION('',(0.,0.,1.));
#14011 = ADVANCED_FACE('',(#14012),#14018,.F.);
#14012 = FACE_BOUND('',#14013,.F.);
#14013 = EDGE_LOOP('',(#14014,#14015,#14016,#14017));
#14014 = ORIENTED_EDGE('',*,*,#13901,.F.);
#14015 = ORIENTED_EDGE('',*,*,#13971,.T.);
#14016 = ORIENTED_EDGE('',*,*,#13941,.T.);
#14017 = ORIENTED_EDGE('',*,*,#13993,.F.);
#14018 = PLANE('',#14019);
#14019 = AXIS2_PLACEMENT_3D('',#14020,#14021,#14022);
#14020 = CARTESIAN_POINT('',(55.,-110.,115.));
#14021 = DIRECTION('',(0.,0.,1.));
#14022 = DIRECTION('',(1.,0.,0.));
#14023 = ADVANCED_FACE('',(#14024),#14030,.T.);
#14024 = FACE_BOUND('',#14025,.T.);
#14025 = EDGE_LOOP('',(#14026,#14027,#14028,#14029));
#14026 = ORIENTED_EDGE('',*,*,#13917,.F.);
#14027 = ORIENTED_EDGE('',*,*,#13978,.T.);
#14028 = ORIENTED_EDGE('',*,*,#13957,.T.);
#14029 = ORIENTED_EDGE('',*,*,#14000,.F.);
#14030 = PLANE('',#14031);
#14031 = AXIS2_PLACEMENT_3D('',#14032,#14033,#14034);
#14032 = CARTESIAN_POINT('',(55.,-110.,160.));
#14033 = DIRECTION('',(0.,0.,1.));
#14034 = DIRECTION('',(1.,0.,0.));
#14035 = MANIFOLD_SOLID_BREP('',#14036);
#14036 = CLOSED_SHELL('',(#14037,#14077,#14117,#14139,#14161,#14173));
#14037 = ADVANCED_FACE('',(#14038),#14072,.F.);
#14038 = FACE_BOUND('',#14039,.F.);
#14039 = EDGE_LOOP('',(#14040,#14050,#14058,#14066));
#14040 = ORIENTED_EDGE('',*,*,#14041,.F.);
#14041 = EDGE_CURVE('',#14042,#14044,#14046,.T.);
#14042 = VERTEX_POINT('',#14043);
#14043 = CARTESIAN_POINT('',(45.,-115.,105.));
#14044 = VERTEX_POINT('',#14045);
#14045 = CARTESIAN_POINT('',(45.,-115.,110.));
#14046 = LINE('',#14047,#14048);
#14047 = CARTESIAN_POINT('',(45.,-115.,105.));
#14048 = VECTOR('',#14049,1.);
#14049 = DIRECTION('',(0.,0.,1.));
#14050 = ORIENTED_EDGE('',*,*,#14051,.T.);
#14051 = EDGE_CURVE('',#14042,#14052,#14054,.T.);
#14052 = VERTEX_POINT('',#14053);
#14053 = CARTESIAN_POINT('',(45.,45.,105.));
#14054 = LINE('',#14055,#14056);
#14055 = CARTESIAN_POINT('',(45.,-115.,105.));
#14056 = VECTOR('',#14057,1.);
#14057 = DIRECTION('',(0.,1.,0.));
#14058 = ORIENTED_EDGE('',*,*,#14059,.T.);
#14059 = EDGE_CURVE('',#14052,#14060,#14062,.T.);
#14060 = VERTEX_POINT('',#14061);
#14061 = CARTESIAN_POINT('',(45.,45.,110.));
#14062 = LINE('',#14063,#14064);
#14063 = CARTESIAN_POINT('',(45.,45.,105.));
#14064 = VECTOR('',#14065,1.);
#14065 = DIRECTION('',(0.,0.,1.));
#14066 = ORIENTED_EDGE('',*,*,#14067,.F.);
#14067 = EDGE_CURVE('',#14044,#14060,#14068,.T.);
#14068 = LINE('',#14069,#14070);
#14069 = CARTESIAN_POINT('',(45.,-115.,110.));
#14070 = VECTOR('',#14071,1.);
#14071 = DIRECTION('',(0.,1.,0.));
#14072 = PLANE('',#14073);
#14073 = AXIS2_PLACEMENT_3D('',#14074,#14075,#14076);
#14074 = CARTESIAN_POINT('',(45.,-115.,105.));
#14075 = DIRECTION('',(1.,0.,0.));
#14076 = DIRECTION('',(0.,0.,1.));
#14077 = ADVANCED_FACE('',(#14078),#14112,.T.);
#14078 = FACE_BOUND('',#14079,.T.);
#14079 = EDGE_LOOP('',(#14080,#14090,#14098,#14106));
#14080 = ORIENTED_EDGE('',*,*,#14081,.F.);
#14081 = EDGE_CURVE('',#14082,#14084,#14086,.T.);
#14082 = VERTEX_POINT('',#14083);
#14083 = CARTESIAN_POINT('',(145.,-115.,105.));
#14084 = VERTEX_POINT('',#14085);
#14085 = CARTESIAN_POINT('',(145.,-115.,110.));
#14086 = LINE('',#14087,#14088);
#14087 = CARTESIAN_POINT('',(145.,-115.,105.));
#14088 = VECTOR('',#14089,1.);
#14089 = DIRECTION('',(0.,0.,1.));
#14090 = ORIENTED_EDGE('',*,*,#14091,.T.);
#14091 = EDGE_CURVE('',#14082,#14092,#14094,.T.);
#14092 = VERTEX_POINT('',#14093);
#14093 = CARTESIAN_POINT('',(145.,45.,105.));
#14094 = LINE('',#14095,#14096);
#14095 = CARTESIAN_POINT('',(145.,-115.,105.));
#14096 = VECTOR('',#14097,1.);
#14097 = DIRECTION('',(0.,1.,0.));
#14098 = ORIENTED_EDGE('',*,*,#14099,.T.);
#14099 = EDGE_CURVE('',#14092,#14100,#14102,.T.);
#14100 = VERTEX_POINT('',#14101);
#14101 = CARTESIAN_POINT('',(145.,45.,110.));
#14102 = LINE('',#14103,#14104);
#14103 = CARTESIAN_POINT('',(145.,45.,105.));
#14104 = VECTOR('',#14105,1.);
#14105 = DIRECTION('',(0.,0.,1.));
#14106 = ORIENTED_EDGE('',*,*,#14107,.F.);
#14107 = EDGE_CURVE('',#14084,#14100,#14108,.T.);
#14108 = LINE('',#14109,#14110);
#14109 = CARTESIAN_POINT('',(145.,-115.,110.));
#14110 = VECTOR('',#14111,1.);
#14111 = DIRECTION('',(0.,1.,0.));
#14112 = PLANE('',#14113);
#14113 = AXIS2_PLACEMENT_3D('',#14114,#14115,#14116);
#14114 = CARTESIAN_POINT('',(145.,-115.,105.));
#14115 = DIRECTION('',(1.,0.,0.));
#14116 = DIRECTION('',(0.,0.,1.));
#14117 = ADVANCED_FACE('',(#14118),#14134,.F.);
#14118 = FACE_BOUND('',#14119,.F.);
#14119 = EDGE_LOOP('',(#14120,#14126,#14127,#14133));
#14120 = ORIENTED_EDGE('',*,*,#14121,.F.);
#14121 = EDGE_CURVE('',#14042,#14082,#14122,.T.);
#14122 = LINE('',#14123,#14124);
#14123 = CARTESIAN_POINT('',(45.,-115.,105.));
#14124 = VECTOR('',#14125,1.);
#14125 = DIRECTION('',(1.,0.,0.));
#14126 = ORIENTED_EDGE('',*,*,#14041,.T.);
#14127 = ORIENTED_EDGE('',*,*,#14128,.T.);
#14128 = EDGE_CURVE('',#14044,#14084,#14129,.T.);
#14129 = LINE('',#14130,#14131);
#14130 = CARTESIAN_POINT('',(45.,-115.,110.));
#14131 = VECTOR('',#14132,1.);
#14132 = DIRECTION('',(1.,0.,0.));
#14133 = ORIENTED_EDGE('',*,*,#14081,.F.);
#14134 = PLANE('',#14135);
#14135 = AXIS2_PLACEMENT_3D('',#14136,#14137,#14138);
#14136 = CARTESIAN_POINT('',(45.,-115.,105.));
#14137 = DIRECTION('',(0.,1.,0.));
#14138 = DIRECTION('',(0.,0.,1.));
#14139 = ADVANCED_FACE('',(#14140),#14156,.T.);
#14140 = FACE_BOUND('',#14141,.T.);
#14141 = EDGE_LOOP('',(#14142,#14148,#14149,#14155));
#14142 = ORIENTED_EDGE('',*,*,#14143,.F.);
#14143 = EDGE_CURVE('',#14052,#14092,#14144,.T.);
#14144 = LINE('',#14145,#14146);
#14145 = CARTESIAN_POINT('',(45.,45.,105.));
#14146 = VECTOR('',#14147,1.);
#14147 = DIRECTION('',(1.,0.,0.));
#14148 = ORIENTED_EDGE('',*,*,#14059,.T.);
#14149 = ORIENTED_EDGE('',*,*,#14150,.T.);
#14150 = EDGE_CURVE('',#14060,#14100,#14151,.T.);
#14151 = LINE('',#14152,#14153);
#14152 = CARTESIAN_POINT('',(45.,45.,110.));
#14153 = VECTOR('',#14154,1.);
#14154 = DIRECTION('',(1.,0.,0.));
#14155 = ORIENTED_EDGE('',*,*,#14099,.F.);
#14156 = PLANE('',#14157);
#14157 = AXIS2_PLACEMENT_3D('',#14158,#14159,#14160);
#14158 = CARTESIAN_POINT('',(45.,45.,105.));
#14159 = DIRECTION('',(0.,1.,0.));
#14160 = DIRECTION('',(0.,0.,1.));
#14161 = ADVANCED_FACE('',(#14162),#14168,.F.);
#14162 = FACE_BOUND('',#14163,.F.);
#14163 = EDGE_LOOP('',(#14164,#14165,#14166,#14167));
#14164 = ORIENTED_EDGE('',*,*,#14051,.F.);
#14165 = ORIENTED_EDGE('',*,*,#14121,.T.);
#14166 = ORIENTED_EDGE('',*,*,#14091,.T.);
#14167 = ORIENTED_EDGE('',*,*,#14143,.F.);
#14168 = PLANE('',#14169);
#14169 = AXIS2_PLACEMENT_3D('',#14170,#14171,#14172);
#14170 = CARTESIAN_POINT('',(45.,-115.,105.));
#14171 = DIRECTION('',(0.,0.,1.));
#14172 = DIRECTION('',(1.,0.,0.));
#14173 = ADVANCED_FACE('',(#14174),#14180,.T.);
#14174 = FACE_BOUND('',#14175,.T.);
#14175 = EDGE_LOOP('',(#14176,#14177,#14178,#14179));
#14176 = ORIENTED_EDGE('',*,*,#14067,.F.);
#14177 = ORIENTED_EDGE('',*,*,#14128,.T.);
#14178 = ORIENTED_EDGE('',*,*,#14107,.T.);
#14179 = ORIENTED_EDGE('',*,*,#14150,.F.);
#14180 = PLANE('',#14181);
#14181 = AXIS2_PLACEMENT_3D('',#14182,#14183,#14184);
#14182 = CARTESIAN_POINT('',(45.,-115.,110.));
#14183 = DIRECTION('',(0.,0.,1.));
#14184 = DIRECTION('',(1.,0.,0.));
#14185 = MANIFOLD_SOLID_BREP('',#14186);
#14186 = CLOSED_SHELL('',(#14187,#14220,#14229));
#14187 = ADVANCED_FACE('',(#14188),#14215,.T.);
#14188 = FACE_BOUND('',#14189,.T.);
#14189 = EDGE_LOOP('',(#14190,#14199,#14207,#14214));
#14190 = ORIENTED_EDGE('',*,*,#14191,.F.);
#14191 = EDGE_CURVE('',#14192,#14192,#14194,.T.);
#14192 = VERTEX_POINT('',#14193);
#14193 = CARTESIAN_POINT('',(130.,40.,140.));
#14194 = CIRCLE('',#14195,5.);
#14195 = AXIS2_PLACEMENT_3D('',#14196,#14197,#14198);
#14196 = CARTESIAN_POINT('',(130.,40.,135.));
#14197 = DIRECTION('',(0.,1.,0.));
#14198 = DIRECTION('',(0.,0.,1.));
#14199 = ORIENTED_EDGE('',*,*,#14200,.F.);
#14200 = EDGE_CURVE('',#14201,#14192,#14203,.T.);
#14201 = VERTEX_POINT('',#14202);
#14202 = CARTESIAN_POINT('',(130.,-40.,140.));
#14203 = LINE('',#14204,#14205);
#14204 = CARTESIAN_POINT('',(130.,-40.,140.));
#14205 = VECTOR('',#14206,1.);
#14206 = DIRECTION('',(0.,1.,0.));
#14207 = ORIENTED_EDGE('',*,*,#14208,.T.);
#14208 = EDGE_CURVE('',#14201,#14201,#14209,.T.);
#14209 = CIRCLE('',#14210,5.);
#14210 = AXIS2_PLACEMENT_3D('',#14211,#14212,#14213);
#14211 = CARTESIAN_POINT('',(130.,-40.,135.));
#14212 = DIRECTION('',(0.,1.,0.));
#14213 = DIRECTION('',(0.,0.,1.));
#14214 = ORIENTED_EDGE('',*,*,#14200,.T.);
#14215 = CYLINDRICAL_SURFACE('',#14216,5.);
#14216 = AXIS2_PLACEMENT_3D('',#14217,#14218,#14219);
#14217 = CARTESIAN_POINT('',(130.,-40.,135.));
#14218 = DIRECTION('',(0.,1.,0.));
#14219 = DIRECTION('',(0.,0.,1.));
#14220 = ADVANCED_FACE('',(#14221),#14224,.T.);
#14221 = FACE_BOUND('',#14222,.T.);
#14222 = EDGE_LOOP('',(#14223));
#14223 = ORIENTED_EDGE('',*,*,#14191,.T.);
#14224 = PLANE('',#14225);
#14225 = AXIS2_PLACEMENT_3D('',#14226,#14227,#14228);
#14226 = CARTESIAN_POINT('',(130.,40.,135.));
#14227 = DIRECTION('',(0.,1.,0.));
#14228 = DIRECTION('',(0.,0.,1.));
#14229 = ADVANCED_FACE('',(#14230),#14233,.F.);
#14230 = FACE_BOUND('',#14231,.T.);
#14231 = EDGE_LOOP('',(#14232));
#14232 = ORIENTED_EDGE('',*,*,#14208,.F.);
#14233 = PLANE('',#14234);
#14234 = AXIS2_PLACEMENT_3D('',#14235,#14236,#14237);
#14235 = CARTESIAN_POINT('',(130.,-40.,135.));
#14236 = DIRECTION('',(0.,1.,0.));
#14237 = DIRECTION('',(0.,0.,1.));
#14238 = MANIFOLD_SOLID_BREP('',#14239);
#14239 = CLOSED_SHELL('',(#14240,#14273,#14282));
#14240 = ADVANCED_FACE('',(#14241),#14268,.T.);
#14241 = FACE_BOUND('',#14242,.T.);
#14242 = EDGE_LOOP('',(#14243,#14252,#14260,#14267));
#14243 = ORIENTED_EDGE('',*,*,#14244,.F.);
#14244 = EDGE_CURVE('',#14245,#14245,#14247,.T.);
#14245 = VERTEX_POINT('',#14246);
#14246 = CARTESIAN_POINT('',(160.,-164.533254095,103.05522539603));
#14247 = CIRCLE('',#14248,2.);
#14248 = AXIS2_PLACEMENT_3D('',#14249,#14250,#14251);
#14249 = CARTESIAN_POINT('',(160.,-165.,105.));
#14250 = DIRECTION('',(0.227266205724,-0.946942523848,-0.227266205724));
#14251 = DIRECTION('',(7.30538971737E-20,0.233372952475,-0.972387301981)
  );
#14252 = ORIENTED_EDGE('',*,*,#14253,.F.);
#14253 = EDGE_CURVE('',#14254,#14245,#14256,.T.);
#14254 = VERTEX_POINT('',#14255);
#14255 = CARTESIAN_POINT('',(130.,-39.53325409504,133.05522539603));
#14256 = LINE('',#14257,#14258);
#14257 = CARTESIAN_POINT('',(130.,-39.53325409504,133.05522539603));
#14258 = VECTOR('',#14259,1.);
#14259 = DIRECTION('',(0.227266205724,-0.946942523848,-0.227266205724));
#14260 = ORIENTED_EDGE('',*,*,#14261,.T.);
#14261 = EDGE_CURVE('',#14254,#14254,#14262,.T.);
#14262 = CIRCLE('',#14263,2.);
#14263 = AXIS2_PLACEMENT_3D('',#14264,#14265,#14266);
#14264 = CARTESIAN_POINT('',(130.,-40.,135.));
#14265 = DIRECTION('',(0.227266205724,-0.946942523848,-0.227266205724));
#14266 = DIRECTION('',(7.30538971737E-20,0.233372952475,-0.972387301981)
  );
#14267 = ORIENTED_EDGE('',*,*,#14253,.T.);
#14268 = CYLINDRICAL_SURFACE('',#14269,2.);
#14269 = AXIS2_PLACEMENT_3D('',#14270,#14271,#14272);
#14270 = CARTESIAN_POINT('',(130.,-40.,135.));
#14271 = DIRECTION('',(0.227266205724,-0.946942523848,-0.227266205724));
#14272 = DIRECTION('',(7.30538971737E-20,0.233372952475,-0.972387301981)
  );
#14273 = ADVANCED_FACE('',(#14274),#14277,.T.);
#14274 = FACE_BOUND('',#14275,.T.);
#14275 = EDGE_LOOP('',(#14276));
#14276 = ORIENTED_EDGE('',*,*,#14244,.T.);
#14277 = PLANE('',#14278);
#14278 = AXIS2_PLACEMENT_3D('',#14279,#14280,#14281);
#14279 = CARTESIAN_POINT('',(160.,-165.,105.));
#14280 = DIRECTION('',(0.227266205724,-0.946942523848,-0.227266205724));
#14281 = DIRECTION('',(7.30538971737E-20,0.233372952475,-0.972387301981)
  );
#14282 = ADVANCED_FACE('',(#14283),#14286,.F.);
#14283 = FACE_BOUND('',#14284,.T.);
#14284 = EDGE_LOOP('',(#14285));
#14285 = ORIENTED_EDGE('',*,*,#14261,.F.);
#14286 = PLANE('',#14287);
#14287 = AXIS2_PLACEMENT_3D('',#14288,#14289,#14290);
#14288 = CARTESIAN_POINT('',(130.,-40.,135.));
#14289 = DIRECTION('',(0.227266205724,-0.946942523848,-0.227266205724));
#14290 = DIRECTION('',(7.30538971737E-20,0.233372952475,-0.972387301981)
  );
#14291 = MANIFOLD_SOLID_BREP('',#14292);
#14292 = CLOSED_SHELL('',(#14293,#14326,#14335));
#14293 = ADVANCED_FACE('',(#14294),#14321,.T.);
#14294 = FACE_BOUND('',#14295,.T.);
#14295 = EDGE_LOOP('',(#14296,#14305,#14313,#14320));
#14296 = ORIENTED_EDGE('',*,*,#14297,.F.);
#14297 = EDGE_CURVE('',#14298,#14298,#14300,.T.);
#14298 = VERTEX_POINT('',#14299);
#14299 = CARTESIAN_POINT('',(180.,-165.,110.));
#14300 = CIRCLE('',#14301,5.);
#14301 = AXIS2_PLACEMENT_3D('',#14302,#14303,#14304);
#14302 = CARTESIAN_POINT('',(180.,-165.,105.));
#14303 = DIRECTION('',(1.,0.,-0.));
#14304 = DIRECTION('',(0.,0.,1.));
#14305 = ORIENTED_EDGE('',*,*,#14306,.F.);
#14306 = EDGE_CURVE('',#14307,#14298,#14309,.T.);
#14307 = VERTEX_POINT('',#14308);
#14308 = CARTESIAN_POINT('',(160.,-165.,110.));
#14309 = LINE('',#14310,#14311);
#14310 = CARTESIAN_POINT('',(160.,-165.,110.));
#14311 = VECTOR('',#14312,1.);
#14312 = DIRECTION('',(1.,0.,0.));
#14313 = ORIENTED_EDGE('',*,*,#14314,.T.);
#14314 = EDGE_CURVE('',#14307,#14307,#14315,.T.);
#14315 = CIRCLE('',#14316,5.);
#14316 = AXIS2_PLACEMENT_3D('',#14317,#14318,#14319);
#14317 = CARTESIAN_POINT('',(160.,-165.,105.));
#14318 = DIRECTION('',(1.,0.,-0.));
#14319 = DIRECTION('',(0.,0.,1.));
#14320 = ORIENTED_EDGE('',*,*,#14306,.T.);
#14321 = CYLINDRICAL_SURFACE('',#14322,5.);
#14322 = AXIS2_PLACEMENT_3D('',#14323,#14324,#14325);
#14323 = CARTESIAN_POINT('',(160.,-165.,105.));
#14324 = DIRECTION('',(1.,0.,0.));
#14325 = DIRECTION('',(0.,0.,1.));
#14326 = ADVANCED_FACE('',(#14327),#14330,.T.);
#14327 = FACE_BOUND('',#14328,.T.);
#14328 = EDGE_LOOP('',(#14329));
#14329 = ORIENTED_EDGE('',*,*,#14297,.T.);
#14330 = PLANE('',#14331);
#14331 = AXIS2_PLACEMENT_3D('',#14332,#14333,#14334);
#14332 = CARTESIAN_POINT('',(180.,-165.,105.));
#14333 = DIRECTION('',(1.,0.,0.));
#14334 = DIRECTION('',(0.,0.,1.));
#14335 = ADVANCED_FACE('',(#14336),#14339,.F.);
#14336 = FACE_BOUND('',#14337,.T.);
#14337 = EDGE_LOOP('',(#14338));
#14338 = ORIENTED_EDGE('',*,*,#14314,.F.);
#14339 = PLANE('',#14340);
#14340 = AXIS2_PLACEMENT_3D('',#14341,#14342,#14343);
#14341 = CARTESIAN_POINT('',(160.,-165.,105.));
#14342 = DIRECTION('',(1.,0.,0.));
#14343 = DIRECTION('',(0.,0.,1.));
#14344 = MANIFOLD_SOLID_BREP('',#14345);
#14345 = CLOSED_SHELL('',(#14346,#14379,#14388));
#14346 = ADVANCED_FACE('',(#14347),#14374,.T.);
#14347 = FACE_BOUND('',#14348,.T.);
#14348 = EDGE_LOOP('',(#14349,#14358,#14366,#14373));
#14349 = ORIENTED_EDGE('',*,*,#14350,.F.);
#14350 = EDGE_CURVE('',#14351,#14351,#14353,.T.);
#14351 = VERTEX_POINT('',#14352);
#14352 = CARTESIAN_POINT('',(160.,165.46674590495,106.94477460396));
#14353 = CIRCLE('',#14354,2.);
#14354 = AXIS2_PLACEMENT_3D('',#14355,#14356,#14357);
#14355 = CARTESIAN_POINT('',(160.,165.,105.));
#14356 = DIRECTION('',(0.227266205724,0.946942523848,-0.227266205724));
#14357 = DIRECTION('',(-7.30538971737E-20,0.233372952475,0.972387301981)
  );
#14358 = ORIENTED_EDGE('',*,*,#14359,.F.);
#14359 = EDGE_CURVE('',#14360,#14351,#14362,.T.);
#14360 = VERTEX_POINT('',#14361);
#14361 = CARTESIAN_POINT('',(130.,40.466745904951,136.94477460396));
#14362 = LINE('',#14363,#14364);
#14363 = CARTESIAN_POINT('',(130.,40.466745904951,136.94477460396));
#14364 = VECTOR('',#14365,1.);
#14365 = DIRECTION('',(0.227266205724,0.946942523848,-0.227266205724));
#14366 = ORIENTED_EDGE('',*,*,#14367,.T.);
#14367 = EDGE_CURVE('',#14360,#14360,#14368,.T.);
#14368 = CIRCLE('',#14369,2.);
#14369 = AXIS2_PLACEMENT_3D('',#14370,#14371,#14372);
#14370 = CARTESIAN_POINT('',(130.,40.,135.));
#14371 = DIRECTION('',(0.227266205724,0.946942523848,-0.227266205724));
#14372 = DIRECTION('',(-7.30538971737E-20,0.233372952475,0.972387301981)
  );
#14373 = ORIENTED_EDGE('',*,*,#14359,.T.);
#14374 = CYLINDRICAL_SURFACE('',#14375,2.);
#14375 = AXIS2_PLACEMENT_3D('',#14376,#14377,#14378);
#14376 = CARTESIAN_POINT('',(130.,40.,135.));
#14377 = DIRECTION('',(0.227266205724,0.946942523848,-0.227266205724));
#14378 = DIRECTION('',(-7.30538971737E-20,0.233372952475,0.972387301981)
  );
#14379 = ADVANCED_FACE('',(#14380),#14383,.T.);
#14380 = FACE_BOUND('',#14381,.T.);
#14381 = EDGE_LOOP('',(#14382));
#14382 = ORIENTED_EDGE('',*,*,#14350,.T.);
#14383 = PLANE('',#14384);
#14384 = AXIS2_PLACEMENT_3D('',#14385,#14386,#14387);
#14385 = CARTESIAN_POINT('',(160.,165.,105.));
#14386 = DIRECTION('',(0.227266205724,0.946942523848,-0.227266205724));
#14387 = DIRECTION('',(-7.30538971737E-20,0.233372952475,0.972387301981)
  );
#14388 = ADVANCED_FACE('',(#14389),#14392,.F.);
#14389 = FACE_BOUND('',#14390,.T.);
#14390 = EDGE_LOOP('',(#14391));
#14391 = ORIENTED_EDGE('',*,*,#14367,.F.);
#14392 = PLANE('',#14393);
#14393 = AXIS2_PLACEMENT_3D('',#14394,#14395,#14396);
#14394 = CARTESIAN_POINT('',(130.,40.,135.));
#14395 = DIRECTION('',(0.227266205724,0.946942523848,-0.227266205724));
#14396 = DIRECTION('',(-7.30538971737E-20,0.233372952475,0.972387301981)
  );
#14397 = MANIFOLD_SOLID_BREP('',#14398);
#14398 = CLOSED_SHELL('',(#14399,#14432,#14441));
#14399 = ADVANCED_FACE('',(#14400),#14427,.T.);
#14400 = FACE_BOUND('',#14401,.T.);
#14401 = EDGE_LOOP('',(#14402,#14411,#14419,#14426));
#14402 = ORIENTED_EDGE('',*,*,#14403,.F.);
#14403 = EDGE_CURVE('',#14404,#14404,#14406,.T.);
#14404 = VERTEX_POINT('',#14405);
#14405 = CARTESIAN_POINT('',(180.,165.,110.));
#14406 = CIRCLE('',#14407,5.);
#14407 = AXIS2_PLACEMENT_3D('',#14408,#14409,#14410);
#14408 = CARTESIAN_POINT('',(180.,165.,105.));
#14409 = DIRECTION('',(1.,0.,-0.));
#14410 = DIRECTION('',(0.,0.,1.));
#14411 = ORIENTED_EDGE('',*,*,#14412,.F.);
#14412 = EDGE_CURVE('',#14413,#14404,#14415,.T.);
#14413 = VERTEX_POINT('',#14414);
#14414 = CARTESIAN_POINT('',(160.,165.,110.));
#14415 = LINE('',#14416,#14417);
#14416 = CARTESIAN_POINT('',(160.,165.,110.));
#14417 = VECTOR('',#14418,1.);
#14418 = DIRECTION('',(1.,0.,0.));
#14419 = ORIENTED_EDGE('',*,*,#14420,.T.);
#14420 = EDGE_CURVE('',#14413,#14413,#14421,.T.);
#14421 = CIRCLE('',#14422,5.);
#14422 = AXIS2_PLACEMENT_3D('',#14423,#14424,#14425);
#14423 = CARTESIAN_POINT('',(160.,165.,105.));
#14424 = DIRECTION('',(1.,0.,-0.));
#14425 = DIRECTION('',(0.,0.,1.));
#14426 = ORIENTED_EDGE('',*,*,#14412,.T.);
#14427 = CYLINDRICAL_SURFACE('',#14428,5.);
#14428 = AXIS2_PLACEMENT_3D('',#14429,#14430,#14431);
#14429 = CARTESIAN_POINT('',(160.,165.,105.));
#14430 = DIRECTION('',(1.,0.,0.));
#14431 = DIRECTION('',(0.,0.,1.));
#14432 = ADVANCED_FACE('',(#14433),#14436,.T.);
#14433 = FACE_BOUND('',#14434,.T.);
#14434 = EDGE_LOOP('',(#14435));
#14435 = ORIENTED_EDGE('',*,*,#14403,.T.);
#14436 = PLANE('',#14437);
#14437 = AXIS2_PLACEMENT_3D('',#14438,#14439,#14440);
#14438 = CARTESIAN_POINT('',(180.,165.,105.));
#14439 = DIRECTION('',(1.,0.,0.));
#14440 = DIRECTION('',(0.,0.,1.));
#14441 = ADVANCED_FACE('',(#14442),#14445,.F.);
#14442 = FACE_BOUND('',#14443,.T.);
#14443 = EDGE_LOOP('',(#14444));
#14444 = ORIENTED_EDGE('',*,*,#14420,.F.);
#14445 = PLANE('',#14446);
#14446 = AXIS2_PLACEMENT_3D('',#14447,#14448,#14449);
#14447 = CARTESIAN_POINT('',(160.,165.,105.));
#14448 = DIRECTION('',(1.,0.,0.));
#14449 = DIRECTION('',(0.,0.,1.));
#14450 = MANIFOLD_SOLID_BREP('',#14451);
#14451 = CLOSED_SHELL('',(#14452,#14485,#14494));
#14452 = ADVANCED_FACE('',(#14453),#14480,.T.);
#14453 = FACE_BOUND('',#14454,.T.);
#14454 = EDGE_LOOP('',(#14455,#14464,#14472,#14479));
#14455 = ORIENTED_EDGE('',*,*,#14456,.F.);
#14456 = EDGE_CURVE('',#14457,#14457,#14459,.T.);
#14457 = VERTEX_POINT('',#14458);
#14458 = CARTESIAN_POINT('',(128.10028662922,-37.67812810239,135.));
#14459 = CIRCLE('',#14460,3.);
#14460 = AXIS2_PLACEMENT_3D('',#14461,#14462,#14463);
#14461 = CARTESIAN_POINT('',(130.,-40.,135.));
#14462 = DIRECTION('',(0.757271229904,0.619585551739,-0.206528517246));
#14463 = DIRECTION('',(-0.633237790257,0.773957299203,
    -3.802892970473E-18));
#14464 = ORIENTED_EDGE('',*,*,#14465,.F.);
#14465 = EDGE_CURVE('',#14466,#14457,#14468,.T.);
#14466 = VERTEX_POINT('',#14467);
#14467 = CARTESIAN_POINT('',(73.100286629228,-82.67812810239,150.));
#14468 = LINE('',#14469,#14470);
#14469 = CARTESIAN_POINT('',(73.100286629228,-82.67812810239,150.));
#14470 = VECTOR('',#14471,1.);
#14471 = DIRECTION('',(0.757271229904,0.619585551739,-0.206528517246));
#14472 = ORIENTED_EDGE('',*,*,#14473,.T.);
#14473 = EDGE_CURVE('',#14466,#14466,#14474,.T.);
#14474 = CIRCLE('',#14475,3.);
#14475 = AXIS2_PLACEMENT_3D('',#14476,#14477,#14478);
#14476 = CARTESIAN_POINT('',(75.,-85.,150.));
#14477 = DIRECTION('',(0.757271229904,0.619585551739,-0.206528517246));
#14478 = DIRECTION('',(-0.633237790257,0.773957299203,
    -3.802892970473E-18));
#14479 = ORIENTED_EDGE('',*,*,#14465,.T.);
#14480 = CYLINDRICAL_SURFACE('',#14481,3.);
#14481 = AXIS2_PLACEMENT_3D('',#14482,#14483,#14484);
#14482 = CARTESIAN_POINT('',(75.,-85.,150.));
#14483 = DIRECTION('',(0.757271229904,0.619585551739,-0.206528517246));
#14484 = DIRECTION('',(-0.633237790257,0.773957299203,
    -3.802892970473E-18));
#14485 = ADVANCED_FACE('',(#14486),#14489,.T.);
#14486 = FACE_BOUND('',#14487,.T.);
#14487 = EDGE_LOOP('',(#14488));
#14488 = ORIENTED_EDGE('',*,*,#14456,.T.);
#14489 = PLANE('',#14490);
#14490 = AXIS2_PLACEMENT_3D('',#14491,#14492,#14493);
#14491 = CARTESIAN_POINT('',(130.,-40.,135.));
#14492 = DIRECTION('',(0.757271229904,0.619585551739,-0.206528517246));
#14493 = DIRECTION('',(-0.633237790257,0.773957299203,
    -3.802892970473E-18));
#14494 = ADVANCED_FACE('',(#14495),#14498,.F.);
#14495 = FACE_BOUND('',#14496,.T.);
#14496 = EDGE_LOOP('',(#14497));
#14497 = ORIENTED_EDGE('',*,*,#14473,.F.);
#14498 = PLANE('',#14499);
#14499 = AXIS2_PLACEMENT_3D('',#14500,#14501,#14502);
#14500 = CARTESIAN_POINT('',(75.,-85.,150.));
#14501 = DIRECTION('',(0.757271229904,0.619585551739,-0.206528517246));
#14502 = DIRECTION('',(-0.633237790257,0.773957299203,
    -3.802892970473E-18));
#14503 = MANIFOLD_SOLID_BREP('',#14504);
#14504 = CLOSED_SHELL('',(#14505,#14538,#14547));
#14505 = ADVANCED_FACE('',(#14506),#14533,.T.);
#14506 = FACE_BOUND('',#14507,.T.);
#14507 = EDGE_LOOP('',(#14508,#14517,#14525,#14532));
#14508 = ORIENTED_EDGE('',*,*,#14509,.F.);
#14509 = EDGE_CURVE('',#14510,#14510,#14512,.T.);
#14510 = VERTEX_POINT('',#14511);
#14511 = CARTESIAN_POINT('',(-98.,-60.,240.));
#14512 = CIRCLE('',#14513,7.);
#14513 = AXIS2_PLACEMENT_3D('',#14514,#14515,#14516);
#14514 = CARTESIAN_POINT('',(-105.,-60.,240.));
#14515 = DIRECTION('',(0.,0.,1.));
#14516 = DIRECTION('',(1.,0.,0.));
#14517 = ORIENTED_EDGE('',*,*,#14518,.F.);
#14518 = EDGE_CURVE('',#14519,#14510,#14521,.T.);
#14519 = VERTEX_POINT('',#14520);
#14520 = CARTESIAN_POINT('',(-98.,-60.,95.));
#14521 = LINE('',#14522,#14523);
#14522 = CARTESIAN_POINT('',(-98.,-60.,95.));
#14523 = VECTOR('',#14524,1.);
#14524 = DIRECTION('',(0.,0.,1.));
#14525 = ORIENTED_EDGE('',*,*,#14526,.T.);
#14526 = EDGE_CURVE('',#14519,#14519,#14527,.T.);
#14527 = CIRCLE('',#14528,7.);
#14528 = AXIS2_PLACEMENT_3D('',#14529,#14530,#14531);
#14529 = CARTESIAN_POINT('',(-105.,-60.,95.));
#14530 = DIRECTION('',(0.,0.,1.));
#14531 = DIRECTION('',(1.,0.,0.));
#14532 = ORIENTED_EDGE('',*,*,#14518,.T.);
#14533 = CYLINDRICAL_SURFACE('',#14534,7.);
#14534 = AXIS2_PLACEMENT_3D('',#14535,#14536,#14537);
#14535 = CARTESIAN_POINT('',(-105.,-60.,95.));
#14536 = DIRECTION('',(0.,0.,1.));
#14537 = DIRECTION('',(1.,0.,0.));
#14538 = ADVANCED_FACE('',(#14539),#14542,.T.);
#14539 = FACE_BOUND('',#14540,.T.);
#14540 = EDGE_LOOP('',(#14541));
#14541 = ORIENTED_EDGE('',*,*,#14509,.T.);
#14542 = PLANE('',#14543);
#14543 = AXIS2_PLACEMENT_3D('',#14544,#14545,#14546);
#14544 = CARTESIAN_POINT('',(-105.,-60.,240.));
#14545 = DIRECTION('',(0.,0.,1.));
#14546 = DIRECTION('',(1.,0.,0.));
#14547 = ADVANCED_FACE('',(#14548),#14551,.F.);
#14548 = FACE_BOUND('',#14549,.T.);
#14549 = EDGE_LOOP('',(#14550));
#14550 = ORIENTED_EDGE('',*,*,#14526,.F.);
#14551 = PLANE('',#14552);
#14552 = AXIS2_PLACEMENT_3D('',#14553,#14554,#14555);
#14553 = CARTESIAN_POINT('',(-105.,-60.,95.));
#14554 = DIRECTION('',(0.,0.,1.));
#14555 = DIRECTION('',(1.,0.,0.));
#14556 = MANIFOLD_SOLID_BREP('',#14557);
#14557 = CLOSED_SHELL('',(#14558,#14591,#14600));
#14558 = ADVANCED_FACE('',(#14559),#14586,.T.);
#14559 = FACE_BOUND('',#14560,.T.);
#14560 = EDGE_LOOP('',(#14561,#14570,#14578,#14585));
#14561 = ORIENTED_EDGE('',*,*,#14562,.F.);
#14562 = EDGE_CURVE('',#14563,#14563,#14565,.T.);
#14563 = VERTEX_POINT('',#14564);
#14564 = CARTESIAN_POINT('',(-98.,60.,240.));
#14565 = CIRCLE('',#14566,7.);
#14566 = AXIS2_PLACEMENT_3D('',#14567,#14568,#14569);
#14567 = CARTESIAN_POINT('',(-105.,60.,240.));
#14568 = DIRECTION('',(0.,0.,1.));
#14569 = DIRECTION('',(1.,0.,0.));
#14570 = ORIENTED_EDGE('',*,*,#14571,.F.);
#14571 = EDGE_CURVE('',#14572,#14563,#14574,.T.);
#14572 = VERTEX_POINT('',#14573);
#14573 = CARTESIAN_POINT('',(-98.,60.,95.));
#14574 = LINE('',#14575,#14576);
#14575 = CARTESIAN_POINT('',(-98.,60.,95.));
#14576 = VECTOR('',#14577,1.);
#14577 = DIRECTION('',(0.,0.,1.));
#14578 = ORIENTED_EDGE('',*,*,#14579,.T.);
#14579 = EDGE_CURVE('',#14572,#14572,#14580,.T.);
#14580 = CIRCLE('',#14581,7.);
#14581 = AXIS2_PLACEMENT_3D('',#14582,#14583,#14584);
#14582 = CARTESIAN_POINT('',(-105.,60.,95.));
#14583 = DIRECTION('',(0.,0.,1.));
#14584 = DIRECTION('',(1.,0.,0.));
#14585 = ORIENTED_EDGE('',*,*,#14571,.T.);
#14586 = CYLINDRICAL_SURFACE('',#14587,7.);
#14587 = AXIS2_PLACEMENT_3D('',#14588,#14589,#14590);
#14588 = CARTESIAN_POINT('',(-105.,60.,95.));
#14589 = DIRECTION('',(0.,0.,1.));
#14590 = DIRECTION('',(1.,0.,0.));
#14591 = ADVANCED_FACE('',(#14592),#14595,.T.);
#14592 = FACE_BOUND('',#14593,.T.);
#14593 = EDGE_LOOP('',(#14594));
#14594 = ORIENTED_EDGE('',*,*,#14562,.T.);
#14595 = PLANE('',#14596);
#14596 = AXIS2_PLACEMENT_3D('',#14597,#14598,#14599);
#14597 = CARTESIAN_POINT('',(-105.,60.,240.));
#14598 = DIRECTION('',(0.,0.,1.));
#14599 = DIRECTION('',(1.,0.,0.));
#14600 = ADVANCED_FACE('',(#14601),#14604,.F.);
#14601 = FACE_BOUND('',#14602,.T.);
#14602 = EDGE_LOOP('',(#14603));
#14603 = ORIENTED_EDGE('',*,*,#14579,.F.);
#14604 = PLANE('',#14605);
#14605 = AXIS2_PLACEMENT_3D('',#14606,#14607,#14608);
#14606 = CARTESIAN_POINT('',(-105.,60.,95.));
#14607 = DIRECTION('',(0.,0.,1.));
#14608 = DIRECTION('',(1.,0.,0.));
#14609 = MANIFOLD_SOLID_BREP('',#14610);
#14610 = CLOSED_SHELL('',(#14611,#14644,#14653));
#14611 = ADVANCED_FACE('',(#14612),#14639,.T.);
#14612 = FACE_BOUND('',#14613,.T.);
#14613 = EDGE_LOOP('',(#14614,#14623,#14631,#14638));
#14614 = ORIENTED_EDGE('',*,*,#14615,.F.);
#14615 = EDGE_CURVE('',#14616,#14616,#14618,.T.);
#14616 = VERTEX_POINT('',#14617);
#14617 = CARTESIAN_POINT('',(112.,-60.,240.));
#14618 = CIRCLE('',#14619,7.);
#14619 = AXIS2_PLACEMENT_3D('',#14620,#14621,#14622);
#14620 = CARTESIAN_POINT('',(105.,-60.,240.));
#14621 = DIRECTION('',(0.,0.,1.));
#14622 = DIRECTION('',(1.,0.,0.));
#14623 = ORIENTED_EDGE('',*,*,#14624,.F.);
#14624 = EDGE_CURVE('',#14625,#14616,#14627,.T.);
#14625 = VERTEX_POINT('',#14626);
#14626 = CARTESIAN_POINT('',(112.,-60.,95.));
#14627 = LINE('',#14628,#14629);
#14628 = CARTESIAN_POINT('',(112.,-60.,95.));
#14629 = VECTOR('',#14630,1.);
#14630 = DIRECTION('',(0.,0.,1.));
#14631 = ORIENTED_EDGE('',*,*,#14632,.T.);
#14632 = EDGE_CURVE('',#14625,#14625,#14633,.T.);
#14633 = CIRCLE('',#14634,7.);
#14634 = AXIS2_PLACEMENT_3D('',#14635,#14636,#14637);
#14635 = CARTESIAN_POINT('',(105.,-60.,95.));
#14636 = DIRECTION('',(0.,0.,1.));
#14637 = DIRECTION('',(1.,0.,0.));
#14638 = ORIENTED_EDGE('',*,*,#14624,.T.);
#14639 = CYLINDRICAL_SURFACE('',#14640,7.);
#14640 = AXIS2_PLACEMENT_3D('',#14641,#14642,#14643);
#14641 = CARTESIAN_POINT('',(105.,-60.,95.));
#14642 = DIRECTION('',(0.,0.,1.));
#14643 = DIRECTION('',(1.,0.,0.));
#14644 = ADVANCED_FACE('',(#14645),#14648,.T.);
#14645 = FACE_BOUND('',#14646,.T.);
#14646 = EDGE_LOOP('',(#14647));
#14647 = ORIENTED_EDGE('',*,*,#14615,.T.);
#14648 = PLANE('',#14649);
#14649 = AXIS2_PLACEMENT_3D('',#14650,#14651,#14652);
#14650 = CARTESIAN_POINT('',(105.,-60.,240.));
#14651 = DIRECTION('',(0.,0.,1.));
#14652 = DIRECTION('',(1.,0.,0.));
#14653 = ADVANCED_FACE('',(#14654),#14657,.F.);
#14654 = FACE_BOUND('',#14655,.T.);
#14655 = EDGE_LOOP('',(#14656));
#14656 = ORIENTED_EDGE('',*,*,#14632,.F.);
#14657 = PLANE('',#14658);
#14658 = AXIS2_PLACEMENT_3D('',#14659,#14660,#14661);
#14659 = CARTESIAN_POINT('',(105.,-60.,95.));
#14660 = DIRECTION('',(0.,0.,1.));
#14661 = DIRECTION('',(1.,0.,0.));
#14662 = MANIFOLD_SOLID_BREP('',#14663);
#14663 = CLOSED_SHELL('',(#14664,#14697,#14706));
#14664 = ADVANCED_FACE('',(#14665),#14692,.T.);
#14665 = FACE_BOUND('',#14666,.T.);
#14666 = EDGE_LOOP('',(#14667,#14676,#14684,#14691));
#14667 = ORIENTED_EDGE('',*,*,#14668,.F.);
#14668 = EDGE_CURVE('',#14669,#14669,#14671,.T.);
#14669 = VERTEX_POINT('',#14670);
#14670 = CARTESIAN_POINT('',(112.,60.,240.));
#14671 = CIRCLE('',#14672,7.);
#14672 = AXIS2_PLACEMENT_3D('',#14673,#14674,#14675);
#14673 = CARTESIAN_POINT('',(105.,60.,240.));
#14674 = DIRECTION('',(0.,0.,1.));
#14675 = DIRECTION('',(1.,0.,0.));
#14676 = ORIENTED_EDGE('',*,*,#14677,.F.);
#14677 = EDGE_CURVE('',#14678,#14669,#14680,.T.);
#14678 = VERTEX_POINT('',#14679);
#14679 = CARTESIAN_POINT('',(112.,60.,95.));
#14680 = LINE('',#14681,#14682);
#14681 = CARTESIAN_POINT('',(112.,60.,95.));
#14682 = VECTOR('',#14683,1.);
#14683 = DIRECTION('',(0.,0.,1.));
#14684 = ORIENTED_EDGE('',*,*,#14685,.T.);
#14685 = EDGE_CURVE('',#14678,#14678,#14686,.T.);
#14686 = CIRCLE('',#14687,7.);
#14687 = AXIS2_PLACEMENT_3D('',#14688,#14689,#14690);
#14688 = CARTESIAN_POINT('',(105.,60.,95.));
#14689 = DIRECTION('',(0.,0.,1.));
#14690 = DIRECTION('',(1.,0.,0.));
#14691 = ORIENTED_EDGE('',*,*,#14677,.T.);
#14692 = CYLINDRICAL_SURFACE('',#14693,7.);
#14693 = AXIS2_PLACEMENT_3D('',#14694,#14695,#14696);
#14694 = CARTESIAN_POINT('',(105.,60.,95.));
#14695 = DIRECTION('',(0.,0.,1.));
#14696 = DIRECTION('',(1.,0.,0.));
#14697 = ADVANCED_FACE('',(#14698),#14701,.T.);
#14698 = FACE_BOUND('',#14699,.T.);
#14699 = EDGE_LOOP('',(#14700));
#14700 = ORIENTED_EDGE('',*,*,#14668,.T.);
#14701 = PLANE('',#14702);
#14702 = AXIS2_PLACEMENT_3D('',#14703,#14704,#14705);
#14703 = CARTESIAN_POINT('',(105.,60.,240.));
#14704 = DIRECTION('',(0.,0.,1.));
#14705 = DIRECTION('',(1.,0.,0.));
#14706 = ADVANCED_FACE('',(#14707),#14710,.F.);
#14707 = FACE_BOUND('',#14708,.T.);
#14708 = EDGE_LOOP('',(#14709));
#14709 = ORIENTED_EDGE('',*,*,#14685,.F.);
#14710 = PLANE('',#14711);
#14711 = AXIS2_PLACEMENT_3D('',#14712,#14713,#14714);
#14712 = CARTESIAN_POINT('',(105.,60.,95.));
#14713 = DIRECTION('',(0.,0.,1.));
#14714 = DIRECTION('',(1.,0.,0.));
#14715 = MANIFOLD_SOLID_BREP('',#14716);
#14716 = CLOSED_SHELL('',(#14717,#14757,#14797,#14819,#14841,#14853));
#14717 = ADVANCED_FACE('',(#14718),#14752,.F.);
#14718 = FACE_BOUND('',#14719,.F.);
#14719 = EDGE_LOOP('',(#14720,#14730,#14738,#14746));
#14720 = ORIENTED_EDGE('',*,*,#14721,.F.);
#14721 = EDGE_CURVE('',#14722,#14724,#14726,.T.);
#14722 = VERTEX_POINT('',#14723);
#14723 = CARTESIAN_POINT('',(-160.,-130.,240.));
#14724 = VERTEX_POINT('',#14725);
#14725 = CARTESIAN_POINT('',(-160.,-130.,243.));
#14726 = LINE('',#14727,#14728);
#14727 = CARTESIAN_POINT('',(-160.,-130.,240.));
#14728 = VECTOR('',#14729,1.);
#14729 = DIRECTION('',(0.,0.,1.));
#14730 = ORIENTED_EDGE('',*,*,#14731,.T.);
#14731 = EDGE_CURVE('',#14722,#14732,#14734,.T.);
#14732 = VERTEX_POINT('',#14733);
#14733 = CARTESIAN_POINT('',(-160.,130.,240.));
#14734 = LINE('',#14735,#14736);
#14735 = CARTESIAN_POINT('',(-160.,-130.,240.));
#14736 = VECTOR('',#14737,1.);
#14737 = DIRECTION('',(0.,1.,0.));
#14738 = ORIENTED_EDGE('',*,*,#14739,.T.);
#14739 = EDGE_CURVE('',#14732,#14740,#14742,.T.);
#14740 = VERTEX_POINT('',#14741);
#14741 = CARTESIAN_POINT('',(-160.,130.,243.));
#14742 = LINE('',#14743,#14744);
#14743 = CARTESIAN_POINT('',(-160.,130.,240.));
#14744 = VECTOR('',#14745,1.);
#14745 = DIRECTION('',(0.,0.,1.));
#14746 = ORIENTED_EDGE('',*,*,#14747,.F.);
#14747 = EDGE_CURVE('',#14724,#14740,#14748,.T.);
#14748 = LINE('',#14749,#14750);
#14749 = CARTESIAN_POINT('',(-160.,-130.,243.));
#14750 = VECTOR('',#14751,1.);
#14751 = DIRECTION('',(0.,1.,0.));
#14752 = PLANE('',#14753);
#14753 = AXIS2_PLACEMENT_3D('',#14754,#14755,#14756);
#14754 = CARTESIAN_POINT('',(-160.,-130.,240.));
#14755 = DIRECTION('',(1.,0.,0.));
#14756 = DIRECTION('',(0.,0.,1.));
#14757 = ADVANCED_FACE('',(#14758),#14792,.T.);
#14758 = FACE_BOUND('',#14759,.T.);
#14759 = EDGE_LOOP('',(#14760,#14770,#14778,#14786));
#14760 = ORIENTED_EDGE('',*,*,#14761,.F.);
#14761 = EDGE_CURVE('',#14762,#14764,#14766,.T.);
#14762 = VERTEX_POINT('',#14763);
#14763 = CARTESIAN_POINT('',(160.,-130.,240.));
#14764 = VERTEX_POINT('',#14765);
#14765 = CARTESIAN_POINT('',(160.,-130.,243.));
#14766 = LINE('',#14767,#14768);
#14767 = CARTESIAN_POINT('',(160.,-130.,240.));
#14768 = VECTOR('',#14769,1.);
#14769 = DIRECTION('',(0.,0.,1.));
#14770 = ORIENTED_EDGE('',*,*,#14771,.T.);
#14771 = EDGE_CURVE('',#14762,#14772,#14774,.T.);
#14772 = VERTEX_POINT('',#14773);
#14773 = CARTESIAN_POINT('',(160.,130.,240.));
#14774 = LINE('',#14775,#14776);
#14775 = CARTESIAN_POINT('',(160.,-130.,240.));
#14776 = VECTOR('',#14777,1.);
#14777 = DIRECTION('',(0.,1.,0.));
#14778 = ORIENTED_EDGE('',*,*,#14779,.T.);
#14779 = EDGE_CURVE('',#14772,#14780,#14782,.T.);
#14780 = VERTEX_POINT('',#14781);
#14781 = CARTESIAN_POINT('',(160.,130.,243.));
#14782 = LINE('',#14783,#14784);
#14783 = CARTESIAN_POINT('',(160.,130.,240.));
#14784 = VECTOR('',#14785,1.);
#14785 = DIRECTION('',(0.,0.,1.));
#14786 = ORIENTED_EDGE('',*,*,#14787,.F.);
#14787 = EDGE_CURVE('',#14764,#14780,#14788,.T.);
#14788 = LINE('',#14789,#14790);
#14789 = CARTESIAN_POINT('',(160.,-130.,243.));
#14790 = VECTOR('',#14791,1.);
#14791 = DIRECTION('',(0.,1.,0.));
#14792 = PLANE('',#14793);
#14793 = AXIS2_PLACEMENT_3D('',#14794,#14795,#14796);
#14794 = CARTESIAN_POINT('',(160.,-130.,240.));
#14795 = DIRECTION('',(1.,0.,0.));
#14796 = DIRECTION('',(0.,0.,1.));
#14797 = ADVANCED_FACE('',(#14798),#14814,.F.);
#14798 = FACE_BOUND('',#14799,.F.);
#14799 = EDGE_LOOP('',(#14800,#14806,#14807,#14813));
#14800 = ORIENTED_EDGE('',*,*,#14801,.F.);
#14801 = EDGE_CURVE('',#14722,#14762,#14802,.T.);
#14802 = LINE('',#14803,#14804);
#14803 = CARTESIAN_POINT('',(-160.,-130.,240.));
#14804 = VECTOR('',#14805,1.);
#14805 = DIRECTION('',(1.,0.,0.));
#14806 = ORIENTED_EDGE('',*,*,#14721,.T.);
#14807 = ORIENTED_EDGE('',*,*,#14808,.T.);
#14808 = EDGE_CURVE('',#14724,#14764,#14809,.T.);
#14809 = LINE('',#14810,#14811);
#14810 = CARTESIAN_POINT('',(-160.,-130.,243.));
#14811 = VECTOR('',#14812,1.);
#14812 = DIRECTION('',(1.,0.,0.));
#14813 = ORIENTED_EDGE('',*,*,#14761,.F.);
#14814 = PLANE('',#14815);
#14815 = AXIS2_PLACEMENT_3D('',#14816,#14817,#14818);
#14816 = CARTESIAN_POINT('',(-160.,-130.,240.));
#14817 = DIRECTION('',(0.,1.,0.));
#14818 = DIRECTION('',(0.,0.,1.));
#14819 = ADVANCED_FACE('',(#14820),#14836,.T.);
#14820 = FACE_BOUND('',#14821,.T.);
#14821 = EDGE_LOOP('',(#14822,#14828,#14829,#14835));
#14822 = ORIENTED_EDGE('',*,*,#14823,.F.);
#14823 = EDGE_CURVE('',#14732,#14772,#14824,.T.);
#14824 = LINE('',#14825,#14826);
#14825 = CARTESIAN_POINT('',(-160.,130.,240.));
#14826 = VECTOR('',#14827,1.);
#14827 = DIRECTION('',(1.,0.,0.));
#14828 = ORIENTED_EDGE('',*,*,#14739,.T.);
#14829 = ORIENTED_EDGE('',*,*,#14830,.T.);
#14830 = EDGE_CURVE('',#14740,#14780,#14831,.T.);
#14831 = LINE('',#14832,#14833);
#14832 = CARTESIAN_POINT('',(-160.,130.,243.));
#14833 = VECTOR('',#14834,1.);
#14834 = DIRECTION('',(1.,0.,0.));
#14835 = ORIENTED_EDGE('',*,*,#14779,.F.);
#14836 = PLANE('',#14837);
#14837 = AXIS2_PLACEMENT_3D('',#14838,#14839,#14840);
#14838 = CARTESIAN_POINT('',(-160.,130.,240.));
#14839 = DIRECTION('',(0.,1.,0.));
#14840 = DIRECTION('',(0.,0.,1.));
#14841 = ADVANCED_FACE('',(#14842),#14848,.F.);
#14842 = FACE_BOUND('',#14843,.F.);
#14843 = EDGE_LOOP('',(#14844,#14845,#14846,#14847));
#14844 = ORIENTED_EDGE('',*,*,#14731,.F.);
#14845 = ORIENTED_EDGE('',*,*,#14801,.T.);
#14846 = ORIENTED_EDGE('',*,*,#14771,.T.);
#14847 = ORIENTED_EDGE('',*,*,#14823,.F.);
#14848 = PLANE('',#14849);
#14849 = AXIS2_PLACEMENT_3D('',#14850,#14851,#14852);
#14850 = CARTESIAN_POINT('',(-160.,-130.,240.));
#14851 = DIRECTION('',(0.,0.,1.));
#14852 = DIRECTION('',(1.,0.,0.));
#14853 = ADVANCED_FACE('',(#14854),#14860,.T.);
#14854 = FACE_BOUND('',#14855,.T.);
#14855 = EDGE_LOOP('',(#14856,#14857,#14858,#14859));
#14856 = ORIENTED_EDGE('',*,*,#14747,.F.);
#14857 = ORIENTED_EDGE('',*,*,#14808,.T.);
#14858 = ORIENTED_EDGE('',*,*,#14787,.T.);
#14859 = ORIENTED_EDGE('',*,*,#14830,.F.);
#14860 = PLANE('',#14861);
#14861 = AXIS2_PLACEMENT_3D('',#14862,#14863,#14864);
#14862 = CARTESIAN_POINT('',(-160.,-130.,243.));
#14863 = DIRECTION('',(0.,0.,1.));
#14864 = DIRECTION('',(1.,0.,0.));
#14865 = MANIFOLD_SOLID_BREP('',#14866);
#14866 = CLOSED_SHELL('',(#14867,#14907,#14947,#14969,#14991,#15003));
#14867 = ADVANCED_FACE('',(#14868),#14902,.F.);
#14868 = FACE_BOUND('',#14869,.F.);
#14869 = EDGE_LOOP('',(#14870,#14880,#14888,#14896));
#14870 = ORIENTED_EDGE('',*,*,#14871,.F.);
#14871 = EDGE_CURVE('',#14872,#14874,#14876,.T.);
#14872 = VERTEX_POINT('',#14873);
#14873 = CARTESIAN_POINT('',(-105.,-60.,95.));
#14874 = VERTEX_POINT('',#14875);
#14875 = CARTESIAN_POINT('',(-105.,-60.,98.));
#14876 = LINE('',#14877,#14878);
#14877 = CARTESIAN_POINT('',(-105.,-60.,95.));
#14878 = VECTOR('',#14879,1.);
#14879 = DIRECTION('',(0.,0.,1.));
#14880 = ORIENTED_EDGE('',*,*,#14881,.T.);
#14881 = EDGE_CURVE('',#14872,#14882,#14884,.T.);
#14882 = VERTEX_POINT('',#14883);
#14883 = CARTESIAN_POINT('',(-105.,60.,95.));
#14884 = LINE('',#14885,#14886);
#14885 = CARTESIAN_POINT('',(-105.,-60.,95.));
#14886 = VECTOR('',#14887,1.);
#14887 = DIRECTION('',(0.,1.,0.));
#14888 = ORIENTED_EDGE('',*,*,#14889,.T.);
#14889 = EDGE_CURVE('',#14882,#14890,#14892,.T.);
#14890 = VERTEX_POINT('',#14891);
#14891 = CARTESIAN_POINT('',(-105.,60.,98.));
#14892 = LINE('',#14893,#14894);
#14893 = CARTESIAN_POINT('',(-105.,60.,95.));
#14894 = VECTOR('',#14895,1.);
#14895 = DIRECTION('',(0.,0.,1.));
#14896 = ORIENTED_EDGE('',*,*,#14897,.F.);
#14897 = EDGE_CURVE('',#14874,#14890,#14898,.T.);
#14898 = LINE('',#14899,#14900);
#14899 = CARTESIAN_POINT('',(-105.,-60.,98.));
#14900 = VECTOR('',#14901,1.);
#14901 = DIRECTION('',(0.,1.,0.));
#14902 = PLANE('',#14903);
#14903 = AXIS2_PLACEMENT_3D('',#14904,#14905,#14906);
#14904 = CARTESIAN_POINT('',(-105.,-60.,95.));
#14905 = DIRECTION('',(1.,0.,0.));
#14906 = DIRECTION('',(0.,0.,1.));
#14907 = ADVANCED_FACE('',(#14908),#14942,.T.);
#14908 = FACE_BOUND('',#14909,.T.);
#14909 = EDGE_LOOP('',(#14910,#14920,#14928,#14936));
#14910 = ORIENTED_EDGE('',*,*,#14911,.F.);
#14911 = EDGE_CURVE('',#14912,#14914,#14916,.T.);
#14912 = VERTEX_POINT('',#14913);
#14913 = CARTESIAN_POINT('',(105.,-60.,95.));
#14914 = VERTEX_POINT('',#14915);
#14915 = CARTESIAN_POINT('',(105.,-60.,98.));
#14916 = LINE('',#14917,#14918);
#14917 = CARTESIAN_POINT('',(105.,-60.,95.));
#14918 = VECTOR('',#14919,1.);
#14919 = DIRECTION('',(0.,0.,1.));
#14920 = ORIENTED_EDGE('',*,*,#14921,.T.);
#14921 = EDGE_CURVE('',#14912,#14922,#14924,.T.);
#14922 = VERTEX_POINT('',#14923);
#14923 = CARTESIAN_POINT('',(105.,60.,95.));
#14924 = LINE('',#14925,#14926);
#14925 = CARTESIAN_POINT('',(105.,-60.,95.));
#14926 = VECTOR('',#14927,1.);
#14927 = DIRECTION('',(0.,1.,0.));
#14928 = ORIENTED_EDGE('',*,*,#14929,.T.);
#14929 = EDGE_CURVE('',#14922,#14930,#14932,.T.);
#14930 = VERTEX_POINT('',#14931);
#14931 = CARTESIAN_POINT('',(105.,60.,98.));
#14932 = LINE('',#14933,#14934);
#14933 = CARTESIAN_POINT('',(105.,60.,95.));
#14934 = VECTOR('',#14935,1.);
#14935 = DIRECTION('',(0.,0.,1.));
#14936 = ORIENTED_EDGE('',*,*,#14937,.F.);
#14937 = EDGE_CURVE('',#14914,#14930,#14938,.T.);
#14938 = LINE('',#14939,#14940);
#14939 = CARTESIAN_POINT('',(105.,-60.,98.));
#14940 = VECTOR('',#14941,1.);
#14941 = DIRECTION('',(0.,1.,0.));
#14942 = PLANE('',#14943);
#14943 = AXIS2_PLACEMENT_3D('',#14944,#14945,#14946);
#14944 = CARTESIAN_POINT('',(105.,-60.,95.));
#14945 = DIRECTION('',(1.,0.,0.));
#14946 = DIRECTION('',(0.,0.,1.));
#14947 = ADVANCED_FACE('',(#14948),#14964,.F.);
#14948 = FACE_BOUND('',#14949,.F.);
#14949 = EDGE_LOOP('',(#14950,#14956,#14957,#14963));
#14950 = ORIENTED_EDGE('',*,*,#14951,.F.);
#14951 = EDGE_CURVE('',#14872,#14912,#14952,.T.);
#14952 = LINE('',#14953,#14954);
#14953 = CARTESIAN_POINT('',(-105.,-60.,95.));
#14954 = VECTOR('',#14955,1.);
#14955 = DIRECTION('',(1.,0.,0.));
#14956 = ORIENTED_EDGE('',*,*,#14871,.T.);
#14957 = ORIENTED_EDGE('',*,*,#14958,.T.);
#14958 = EDGE_CURVE('',#14874,#14914,#14959,.T.);
#14959 = LINE('',#14960,#14961);
#14960 = CARTESIAN_POINT('',(-105.,-60.,98.));
#14961 = VECTOR('',#14962,1.);
#14962 = DIRECTION('',(1.,0.,0.));
#14963 = ORIENTED_EDGE('',*,*,#14911,.F.);
#14964 = PLANE('',#14965);
#14965 = AXIS2_PLACEMENT_3D('',#14966,#14967,#14968);
#14966 = CARTESIAN_POINT('',(-105.,-60.,95.));
#14967 = DIRECTION('',(0.,1.,0.));
#14968 = DIRECTION('',(0.,0.,1.));
#14969 = ADVANCED_FACE('',(#14970),#14986,.T.);
#14970 = FACE_BOUND('',#14971,.T.);
#14971 = EDGE_LOOP('',(#14972,#14978,#14979,#14985));
#14972 = ORIENTED_EDGE('',*,*,#14973,.F.);
#14973 = EDGE_CURVE('',#14882,#14922,#14974,.T.);
#14974 = LINE('',#14975,#14976);
#14975 = CARTESIAN_POINT('',(-105.,60.,95.));
#14976 = VECTOR('',#14977,1.);
#14977 = DIRECTION('',(1.,0.,0.));
#14978 = ORIENTED_EDGE('',*,*,#14889,.T.);
#14979 = ORIENTED_EDGE('',*,*,#14980,.T.);
#14980 = EDGE_CURVE('',#14890,#14930,#14981,.T.);
#14981 = LINE('',#14982,#14983);
#14982 = CARTESIAN_POINT('',(-105.,60.,98.));
#14983 = VECTOR('',#14984,1.);
#14984 = DIRECTION('',(1.,0.,0.));
#14985 = ORIENTED_EDGE('',*,*,#14929,.F.);
#14986 = PLANE('',#14987);
#14987 = AXIS2_PLACEMENT_3D('',#14988,#14989,#14990);
#14988 = CARTESIAN_POINT('',(-105.,60.,95.));
#14989 = DIRECTION('',(0.,1.,0.));
#14990 = DIRECTION('',(0.,0.,1.));
#14991 = ADVANCED_FACE('',(#14992),#14998,.F.);
#14992 = FACE_BOUND('',#14993,.F.);
#14993 = EDGE_LOOP('',(#14994,#14995,#14996,#14997));
#14994 = ORIENTED_EDGE('',*,*,#14881,.F.);
#14995 = ORIENTED_EDGE('',*,*,#14951,.T.);
#14996 = ORIENTED_EDGE('',*,*,#14921,.T.);
#14997 = ORIENTED_EDGE('',*,*,#14973,.F.);
#14998 = PLANE('',#14999);
#14999 = AXIS2_PLACEMENT_3D('',#15000,#15001,#15002);
#15000 = CARTESIAN_POINT('',(-105.,-60.,95.));
#15001 = DIRECTION('',(0.,0.,1.));
#15002 = DIRECTION('',(1.,0.,0.));
#15003 = ADVANCED_FACE('',(#15004),#15010,.T.);
#15004 = FACE_BOUND('',#15005,.T.);
#15005 = EDGE_LOOP('',(#15006,#15007,#15008,#15009));
#15006 = ORIENTED_EDGE('',*,*,#14897,.F.);
#15007 = ORIENTED_EDGE('',*,*,#14958,.T.);
#15008 = ORIENTED_EDGE('',*,*,#14937,.T.);
#15009 = ORIENTED_EDGE('',*,*,#14980,.F.);
#15010 = PLANE('',#15011);
#15011 = AXIS2_PLACEMENT_3D('',#15012,#15013,#15014);
#15012 = CARTESIAN_POINT('',(-105.,-60.,98.));
#15013 = DIRECTION('',(0.,0.,1.));
#15014 = DIRECTION('',(1.,0.,0.));
#15015 = MANIFOLD_SOLID_BREP('',#15016);
#15016 = CLOSED_SHELL('',(#15017,#15057,#15097,#15119,#15141,#15153));
#15017 = ADVANCED_FACE('',(#15018),#15052,.F.);
#15018 = FACE_BOUND('',#15019,.F.);
#15019 = EDGE_LOOP('',(#15020,#15030,#15038,#15046));
#15020 = ORIENTED_EDGE('',*,*,#15021,.F.);
#15021 = EDGE_CURVE('',#15022,#15024,#15026,.T.);
#15022 = VERTEX_POINT('',#15023);
#15023 = CARTESIAN_POINT('',(-95.,-50.,99.));
#15024 = VERTEX_POINT('',#15025);
#15025 = CARTESIAN_POINT('',(-95.,-50.,169.));
#15026 = LINE('',#15027,#15028);
#15027 = CARTESIAN_POINT('',(-95.,-50.,99.));
#15028 = VECTOR('',#15029,1.);
#15029 = DIRECTION('',(0.,0.,1.));
#15030 = ORIENTED_EDGE('',*,*,#15031,.T.);
#15031 = EDGE_CURVE('',#15022,#15032,#15034,.T.);
#15032 = VERTEX_POINT('',#15033);
#15033 = CARTESIAN_POINT('',(-95.,50.,99.));
#15034 = LINE('',#15035,#15036);
#15035 = CARTESIAN_POINT('',(-95.,-50.,99.));
#15036 = VECTOR('',#15037,1.);
#15037 = DIRECTION('',(0.,1.,0.));
#15038 = ORIENTED_EDGE('',*,*,#15039,.T.);
#15039 = EDGE_CURVE('',#15032,#15040,#15042,.T.);
#15040 = VERTEX_POINT('',#15041);
#15041 = CARTESIAN_POINT('',(-95.,50.,169.));
#15042 = LINE('',#15043,#15044);
#15043 = CARTESIAN_POINT('',(-95.,50.,99.));
#15044 = VECTOR('',#15045,1.);
#15045 = DIRECTION('',(0.,0.,1.));
#15046 = ORIENTED_EDGE('',*,*,#15047,.F.);
#15047 = EDGE_CURVE('',#15024,#15040,#15048,.T.);
#15048 = LINE('',#15049,#15050);
#15049 = CARTESIAN_POINT('',(-95.,-50.,169.));
#15050 = VECTOR('',#15051,1.);
#15051 = DIRECTION('',(0.,1.,0.));
#15052 = PLANE('',#15053);
#15053 = AXIS2_PLACEMENT_3D('',#15054,#15055,#15056);
#15054 = CARTESIAN_POINT('',(-95.,-50.,99.));
#15055 = DIRECTION('',(1.,0.,0.));
#15056 = DIRECTION('',(0.,0.,1.));
#15057 = ADVANCED_FACE('',(#15058),#15092,.T.);
#15058 = FACE_BOUND('',#15059,.T.);
#15059 = EDGE_LOOP('',(#15060,#15070,#15078,#15086));
#15060 = ORIENTED_EDGE('',*,*,#15061,.F.);
#15061 = EDGE_CURVE('',#15062,#15064,#15066,.T.);
#15062 = VERTEX_POINT('',#15063);
#15063 = CARTESIAN_POINT('',(95.,-50.,99.));
#15064 = VERTEX_POINT('',#15065);
#15065 = CARTESIAN_POINT('',(95.,-50.,169.));
#15066 = LINE('',#15067,#15068);
#15067 = CARTESIAN_POINT('',(95.,-50.,99.));
#15068 = VECTOR('',#15069,1.);
#15069 = DIRECTION('',(0.,0.,1.));
#15070 = ORIENTED_EDGE('',*,*,#15071,.T.);
#15071 = EDGE_CURVE('',#15062,#15072,#15074,.T.);
#15072 = VERTEX_POINT('',#15073);
#15073 = CARTESIAN_POINT('',(95.,50.,99.));
#15074 = LINE('',#15075,#15076);
#15075 = CARTESIAN_POINT('',(95.,-50.,99.));
#15076 = VECTOR('',#15077,1.);
#15077 = DIRECTION('',(0.,1.,0.));
#15078 = ORIENTED_EDGE('',*,*,#15079,.T.);
#15079 = EDGE_CURVE('',#15072,#15080,#15082,.T.);
#15080 = VERTEX_POINT('',#15081);
#15081 = CARTESIAN_POINT('',(95.,50.,169.));
#15082 = LINE('',#15083,#15084);
#15083 = CARTESIAN_POINT('',(95.,50.,99.));
#15084 = VECTOR('',#15085,1.);
#15085 = DIRECTION('',(0.,0.,1.));
#15086 = ORIENTED_EDGE('',*,*,#15087,.F.);
#15087 = EDGE_CURVE('',#15064,#15080,#15088,.T.);
#15088 = LINE('',#15089,#15090);
#15089 = CARTESIAN_POINT('',(95.,-50.,169.));
#15090 = VECTOR('',#15091,1.);
#15091 = DIRECTION('',(0.,1.,0.));
#15092 = PLANE('',#15093);
#15093 = AXIS2_PLACEMENT_3D('',#15094,#15095,#15096);
#15094 = CARTESIAN_POINT('',(95.,-50.,99.));
#15095 = DIRECTION('',(1.,0.,0.));
#15096 = DIRECTION('',(0.,0.,1.));
#15097 = ADVANCED_FACE('',(#15098),#15114,.F.);
#15098 = FACE_BOUND('',#15099,.F.);
#15099 = EDGE_LOOP('',(#15100,#15106,#15107,#15113));
#15100 = ORIENTED_EDGE('',*,*,#15101,.F.);
#15101 = EDGE_CURVE('',#15022,#15062,#15102,.T.);
#15102 = LINE('',#15103,#15104);
#15103 = CARTESIAN_POINT('',(-95.,-50.,99.));
#15104 = VECTOR('',#15105,1.);
#15105 = DIRECTION('',(1.,0.,0.));
#15106 = ORIENTED_EDGE('',*,*,#15021,.T.);
#15107 = ORIENTED_EDGE('',*,*,#15108,.T.);
#15108 = EDGE_CURVE('',#15024,#15064,#15109,.T.);
#15109 = LINE('',#15110,#15111);
#15110 = CARTESIAN_POINT('',(-95.,-50.,169.));
#15111 = VECTOR('',#15112,1.);
#15112 = DIRECTION('',(1.,0.,0.));
#15113 = ORIENTED_EDGE('',*,*,#15061,.F.);
#15114 = PLANE('',#15115);
#15115 = AXIS2_PLACEMENT_3D('',#15116,#15117,#15118);
#15116 = CARTESIAN_POINT('',(-95.,-50.,99.));
#15117 = DIRECTION('',(0.,1.,0.));
#15118 = DIRECTION('',(0.,0.,1.));
#15119 = ADVANCED_FACE('',(#15120),#15136,.T.);
#15120 = FACE_BOUND('',#15121,.T.);
#15121 = EDGE_LOOP('',(#15122,#15128,#15129,#15135));
#15122 = ORIENTED_EDGE('',*,*,#15123,.F.);
#15123 = EDGE_CURVE('',#15032,#15072,#15124,.T.);
#15124 = LINE('',#15125,#15126);
#15125 = CARTESIAN_POINT('',(-95.,50.,99.));
#15126 = VECTOR('',#15127,1.);
#15127 = DIRECTION('',(1.,0.,0.));
#15128 = ORIENTED_EDGE('',*,*,#15039,.T.);
#15129 = ORIENTED_EDGE('',*,*,#15130,.T.);
#15130 = EDGE_CURVE('',#15040,#15080,#15131,.T.);
#15131 = LINE('',#15132,#15133);
#15132 = CARTESIAN_POINT('',(-95.,50.,169.));
#15133 = VECTOR('',#15134,1.);
#15134 = DIRECTION('',(1.,0.,0.));
#15135 = ORIENTED_EDGE('',*,*,#15079,.F.);
#15136 = PLANE('',#15137);
#15137 = AXIS2_PLACEMENT_3D('',#15138,#15139,#15140);
#15138 = CARTESIAN_POINT('',(-95.,50.,99.));
#15139 = DIRECTION('',(0.,1.,0.));
#15140 = DIRECTION('',(0.,0.,1.));
#15141 = ADVANCED_FACE('',(#15142),#15148,.F.);
#15142 = FACE_BOUND('',#15143,.F.);
#15143 = EDGE_LOOP('',(#15144,#15145,#15146,#15147));
#15144 = ORIENTED_EDGE('',*,*,#15031,.F.);
#15145 = ORIENTED_EDGE('',*,*,#15101,.T.);
#15146 = ORIENTED_EDGE('',*,*,#15071,.T.);
#15147 = ORIENTED_EDGE('',*,*,#15123,.F.);
#15148 = PLANE('',#15149);
#15149 = AXIS2_PLACEMENT_3D('',#15150,#15151,#15152);
#15150 = CARTESIAN_POINT('',(-95.,-50.,99.));
#15151 = DIRECTION('',(0.,0.,1.));
#15152 = DIRECTION('',(1.,0.,0.));
#15153 = ADVANCED_FACE('',(#15154),#15160,.T.);
#15154 = FACE_BOUND('',#15155,.T.);
#15155 = EDGE_LOOP('',(#15156,#15157,#15158,#15159));
#15156 = ORIENTED_EDGE('',*,*,#15047,.F.);
#15157 = ORIENTED_EDGE('',*,*,#15108,.T.);
#15158 = ORIENTED_EDGE('',*,*,#15087,.T.);
#15159 = ORIENTED_EDGE('',*,*,#15130,.F.);
#15160 = PLANE('',#15161);
#15161 = AXIS2_PLACEMENT_3D('',#15162,#15163,#15164);
#15162 = CARTESIAN_POINT('',(-95.,-50.,169.));
#15163 = DIRECTION('',(0.,0.,1.));
#15164 = DIRECTION('',(1.,0.,0.));
#15165 = MANIFOLD_SOLID_BREP('',#15166);
#15166 = CLOSED_SHELL('',(#15167,#15200,#15209));
#15167 = ADVANCED_FACE('',(#15168),#15195,.T.);
#15168 = FACE_BOUND('',#15169,.T.);
#15169 = EDGE_LOOP('',(#15170,#15179,#15187,#15194));
#15170 = ORIENTED_EDGE('',*,*,#15171,.F.);
#15171 = EDGE_CURVE('',#15172,#15172,#15174,.T.);
#15172 = VERTEX_POINT('',#15173);
#15173 = CARTESIAN_POINT('',(-50.,55.,303.));
#15174 = CIRCLE('',#15175,35.);
#15175 = AXIS2_PLACEMENT_3D('',#15176,#15177,#15178);
#15176 = CARTESIAN_POINT('',(-85.,55.,303.));
#15177 = DIRECTION('',(0.,0.,1.));
#15178 = DIRECTION('',(1.,0.,0.));
#15179 = ORIENTED_EDGE('',*,*,#15180,.F.);
#15180 = EDGE_CURVE('',#15181,#15172,#15183,.T.);
#15181 = VERTEX_POINT('',#15182);
#15182 = CARTESIAN_POINT('',(-50.,55.,248.));
#15183 = LINE('',#15184,#15185);
#15184 = CARTESIAN_POINT('',(-50.,55.,248.));
#15185 = VECTOR('',#15186,1.);
#15186 = DIRECTION('',(0.,0.,1.));
#15187 = ORIENTED_EDGE('',*,*,#15188,.T.);
#15188 = EDGE_CURVE('',#15181,#15181,#15189,.T.);
#15189 = CIRCLE('',#15190,35.);
#15190 = AXIS2_PLACEMENT_3D('',#15191,#15192,#15193);
#15191 = CARTESIAN_POINT('',(-85.,55.,248.));
#15192 = DIRECTION('',(0.,0.,1.));
#15193 = DIRECTION('',(1.,0.,0.));
#15194 = ORIENTED_EDGE('',*,*,#15180,.T.);
#15195 = CYLINDRICAL_SURFACE('',#15196,35.);
#15196 = AXIS2_PLACEMENT_3D('',#15197,#15198,#15199);
#15197 = CARTESIAN_POINT('',(-85.,55.,248.));
#15198 = DIRECTION('',(0.,0.,1.));
#15199 = DIRECTION('',(1.,0.,0.));
#15200 = ADVANCED_FACE('',(#15201),#15204,.T.);
#15201 = FACE_BOUND('',#15202,.T.);
#15202 = EDGE_LOOP('',(#15203));
#15203 = ORIENTED_EDGE('',*,*,#15171,.T.);
#15204 = PLANE('',#15205);
#15205 = AXIS2_PLACEMENT_3D('',#15206,#15207,#15208);
#15206 = CARTESIAN_POINT('',(-85.,55.,303.));
#15207 = DIRECTION('',(0.,0.,1.));
#15208 = DIRECTION('',(1.,0.,0.));
#15209 = ADVANCED_FACE('',(#15210),#15213,.F.);
#15210 = FACE_BOUND('',#15211,.T.);
#15211 = EDGE_LOOP('',(#15212));
#15212 = ORIENTED_EDGE('',*,*,#15188,.F.);
#15213 = PLANE('',#15214);
#15214 = AXIS2_PLACEMENT_3D('',#15215,#15216,#15217);
#15215 = CARTESIAN_POINT('',(-85.,55.,248.));
#15216 = DIRECTION('',(0.,0.,1.));
#15217 = DIRECTION('',(1.,0.,0.));
#15218 = MANIFOLD_SOLID_BREP('',#15219);
#15219 = CLOSED_SHELL('',(#15220,#15260,#15300,#15322,#15344,#15356));
#15220 = ADVANCED_FACE('',(#15221),#15255,.F.);
#15221 = FACE_BOUND('',#15222,.F.);
#15222 = EDGE_LOOP('',(#15223,#15233,#15241,#15249));
#15223 = ORIENTED_EDGE('',*,*,#15224,.F.);
#15224 = EDGE_CURVE('',#15225,#15227,#15229,.T.);
#15225 = VERTEX_POINT('',#15226);
#15226 = CARTESIAN_POINT('',(-50.,-95.,248.));
#15227 = VERTEX_POINT('',#15228);
#15228 = CARTESIAN_POINT('',(-50.,-95.,278.));
#15229 = LINE('',#15230,#15231);
#15230 = CARTESIAN_POINT('',(-50.,-95.,248.));
#15231 = VECTOR('',#15232,1.);
#15232 = DIRECTION('',(0.,0.,1.));
#15233 = ORIENTED_EDGE('',*,*,#15234,.T.);
#15234 = EDGE_CURVE('',#15225,#15235,#15237,.T.);
#15235 = VERTEX_POINT('',#15236);
#15236 = CARTESIAN_POINT('',(-50.,-25.,248.));
#15237 = LINE('',#15238,#15239);
#15238 = CARTESIAN_POINT('',(-50.,-95.,248.));
#15239 = VECTOR('',#15240,1.);
#15240 = DIRECTION('',(0.,1.,0.));
#15241 = ORIENTED_EDGE('',*,*,#15242,.T.);
#15242 = EDGE_CURVE('',#15235,#15243,#15245,.T.);
#15243 = VERTEX_POINT('',#15244);
#15244 = CARTESIAN_POINT('',(-50.,-25.,278.));
#15245 = LINE('',#15246,#15247);
#15246 = CARTESIAN_POINT('',(-50.,-25.,248.));
#15247 = VECTOR('',#15248,1.);
#15248 = DIRECTION('',(0.,0.,1.));
#15249 = ORIENTED_EDGE('',*,*,#15250,.F.);
#15250 = EDGE_CURVE('',#15227,#15243,#15251,.T.);
#15251 = LINE('',#15252,#15253);
#15252 = CARTESIAN_POINT('',(-50.,-95.,278.));
#15253 = VECTOR('',#15254,1.);
#15254 = DIRECTION('',(0.,1.,0.));
#15255 = PLANE('',#15256);
#15256 = AXIS2_PLACEMENT_3D('',#15257,#15258,#15259);
#15257 = CARTESIAN_POINT('',(-50.,-95.,248.));
#15258 = DIRECTION('',(1.,0.,0.));
#15259 = DIRECTION('',(0.,0.,1.));
#15260 = ADVANCED_FACE('',(#15261),#15295,.T.);
#15261 = FACE_BOUND('',#15262,.T.);
#15262 = EDGE_LOOP('',(#15263,#15273,#15281,#15289));
#15263 = ORIENTED_EDGE('',*,*,#15264,.F.);
#15264 = EDGE_CURVE('',#15265,#15267,#15269,.T.);
#15265 = VERTEX_POINT('',#15266);
#15266 = CARTESIAN_POINT('',(50.,-95.,248.));
#15267 = VERTEX_POINT('',#15268);
#15268 = CARTESIAN_POINT('',(50.,-95.,278.));
#15269 = LINE('',#15270,#15271);
#15270 = CARTESIAN_POINT('',(50.,-95.,248.));
#15271 = VECTOR('',#15272,1.);
#15272 = DIRECTION('',(0.,0.,1.));
#15273 = ORIENTED_EDGE('',*,*,#15274,.T.);
#15274 = EDGE_CURVE('',#15265,#15275,#15277,.T.);
#15275 = VERTEX_POINT('',#15276);
#15276 = CARTESIAN_POINT('',(50.,-25.,248.));
#15277 = LINE('',#15278,#15279);
#15278 = CARTESIAN_POINT('',(50.,-95.,248.));
#15279 = VECTOR('',#15280,1.);
#15280 = DIRECTION('',(0.,1.,0.));
#15281 = ORIENTED_EDGE('',*,*,#15282,.T.);
#15282 = EDGE_CURVE('',#15275,#15283,#15285,.T.);
#15283 = VERTEX_POINT('',#15284);
#15284 = CARTESIAN_POINT('',(50.,-25.,278.));
#15285 = LINE('',#15286,#15287);
#15286 = CARTESIAN_POINT('',(50.,-25.,248.));
#15287 = VECTOR('',#15288,1.);
#15288 = DIRECTION('',(0.,0.,1.));
#15289 = ORIENTED_EDGE('',*,*,#15290,.F.);
#15290 = EDGE_CURVE('',#15267,#15283,#15291,.T.);
#15291 = LINE('',#15292,#15293);
#15292 = CARTESIAN_POINT('',(50.,-95.,278.));
#15293 = VECTOR('',#15294,1.);
#15294 = DIRECTION('',(0.,1.,0.));
#15295 = PLANE('',#15296);
#15296 = AXIS2_PLACEMENT_3D('',#15297,#15298,#15299);
#15297 = CARTESIAN_POINT('',(50.,-95.,248.));
#15298 = DIRECTION('',(1.,0.,0.));
#15299 = DIRECTION('',(0.,0.,1.));
#15300 = ADVANCED_FACE('',(#15301),#15317,.F.);
#15301 = FACE_BOUND('',#15302,.F.);
#15302 = EDGE_LOOP('',(#15303,#15309,#15310,#15316));
#15303 = ORIENTED_EDGE('',*,*,#15304,.F.);
#15304 = EDGE_CURVE('',#15225,#15265,#15305,.T.);
#15305 = LINE('',#15306,#15307);
#15306 = CARTESIAN_POINT('',(-50.,-95.,248.));
#15307 = VECTOR('',#15308,1.);
#15308 = DIRECTION('',(1.,0.,0.));
#15309 = ORIENTED_EDGE('',*,*,#15224,.T.);
#15310 = ORIENTED_EDGE('',*,*,#15311,.T.);
#15311 = EDGE_CURVE('',#15227,#15267,#15312,.T.);
#15312 = LINE('',#15313,#15314);
#15313 = CARTESIAN_POINT('',(-50.,-95.,278.));
#15314 = VECTOR('',#15315,1.);
#15315 = DIRECTION('',(1.,0.,0.));
#15316 = ORIENTED_EDGE('',*,*,#15264,.F.);
#15317 = PLANE('',#15318);
#15318 = AXIS2_PLACEMENT_3D('',#15319,#15320,#15321);
#15319 = CARTESIAN_POINT('',(-50.,-95.,248.));
#15320 = DIRECTION('',(0.,1.,0.));
#15321 = DIRECTION('',(0.,0.,1.));
#15322 = ADVANCED_FACE('',(#15323),#15339,.T.);
#15323 = FACE_BOUND('',#15324,.T.);
#15324 = EDGE_LOOP('',(#15325,#15331,#15332,#15338));
#15325 = ORIENTED_EDGE('',*,*,#15326,.F.);
#15326 = EDGE_CURVE('',#15235,#15275,#15327,.T.);
#15327 = LINE('',#15328,#15329);
#15328 = CARTESIAN_POINT('',(-50.,-25.,248.));
#15329 = VECTOR('',#15330,1.);
#15330 = DIRECTION('',(1.,0.,0.));
#15331 = ORIENTED_EDGE('',*,*,#15242,.T.);
#15332 = ORIENTED_EDGE('',*,*,#15333,.T.);
#15333 = EDGE_CURVE('',#15243,#15283,#15334,.T.);
#15334 = LINE('',#15335,#15336);
#15335 = CARTESIAN_POINT('',(-50.,-25.,278.));
#15336 = VECTOR('',#15337,1.);
#15337 = DIRECTION('',(1.,0.,0.));
#15338 = ORIENTED_EDGE('',*,*,#15282,.F.);
#15339 = PLANE('',#15340);
#15340 = AXIS2_PLACEMENT_3D('',#15341,#15342,#15343);
#15341 = CARTESIAN_POINT('',(-50.,-25.,248.));
#15342 = DIRECTION('',(0.,1.,0.));
#15343 = DIRECTION('',(0.,0.,1.));
#15344 = ADVANCED_FACE('',(#15345),#15351,.F.);
#15345 = FACE_BOUND('',#15346,.F.);
#15346 = EDGE_LOOP('',(#15347,#15348,#15349,#15350));
#15347 = ORIENTED_EDGE('',*,*,#15234,.F.);
#15348 = ORIENTED_EDGE('',*,*,#15304,.T.);
#15349 = ORIENTED_EDGE('',*,*,#15274,.T.);
#15350 = ORIENTED_EDGE('',*,*,#15326,.F.);
#15351 = PLANE('',#15352);
#15352 = AXIS2_PLACEMENT_3D('',#15353,#15354,#15355);
#15353 = CARTESIAN_POINT('',(-50.,-95.,248.));
#15354 = DIRECTION('',(0.,0.,1.));
#15355 = DIRECTION('',(1.,0.,0.));
#15356 = ADVANCED_FACE('',(#15357),#15363,.T.);
#15357 = FACE_BOUND('',#15358,.T.);
#15358 = EDGE_LOOP('',(#15359,#15360,#15361,#15362));
#15359 = ORIENTED_EDGE('',*,*,#15250,.F.);
#15360 = ORIENTED_EDGE('',*,*,#15311,.T.);
#15361 = ORIENTED_EDGE('',*,*,#15290,.T.);
#15362 = ORIENTED_EDGE('',*,*,#15333,.F.);
#15363 = PLANE('',#15364);
#15364 = AXIS2_PLACEMENT_3D('',#15365,#15366,#15367);
#15365 = CARTESIAN_POINT('',(-50.,-95.,278.));
#15366 = DIRECTION('',(0.,0.,1.));
#15367 = DIRECTION('',(1.,0.,0.));
#15368 = MANIFOLD_SOLID_BREP('',#15369);
#15369 = CLOSED_SHELL('',(#15370,#15410,#15450,#15472,#15494,#15506));
#15370 = ADVANCED_FACE('',(#15371),#15405,.F.);
#15371 = FACE_BOUND('',#15372,.F.);
#15372 = EDGE_LOOP('',(#15373,#15383,#15391,#15399));
#15373 = ORIENTED_EDGE('',*,*,#15374,.F.);
#15374 = EDGE_CURVE('',#15375,#15377,#15379,.T.);
#15375 = VERTEX_POINT('',#15376);
#15376 = CARTESIAN_POINT('',(115.,-25.,248.));
#15377 = VERTEX_POINT('',#15378);
#15378 = CARTESIAN_POINT('',(115.,-25.,283.));
#15379 = LINE('',#15380,#15381);
#15380 = CARTESIAN_POINT('',(115.,-25.,248.));
#15381 = VECTOR('',#15382,1.);
#15382 = DIRECTION('',(0.,0.,1.));
#15383 = ORIENTED_EDGE('',*,*,#15384,.T.);
#15384 = EDGE_CURVE('',#15375,#15385,#15387,.T.);
#15385 = VERTEX_POINT('',#15386);
#15386 = CARTESIAN_POINT('',(115.,25.,248.));
#15387 = LINE('',#15388,#15389);
#15388 = CARTESIAN_POINT('',(115.,-25.,248.));
#15389 = VECTOR('',#15390,1.);
#15390 = DIRECTION('',(0.,1.,0.));
#15391 = ORIENTED_EDGE('',*,*,#15392,.T.);
#15392 = EDGE_CURVE('',#15385,#15393,#15395,.T.);
#15393 = VERTEX_POINT('',#15394);
#15394 = CARTESIAN_POINT('',(115.,25.,283.));
#15395 = LINE('',#15396,#15397);
#15396 = CARTESIAN_POINT('',(115.,25.,248.));
#15397 = VECTOR('',#15398,1.);
#15398 = DIRECTION('',(0.,0.,1.));
#15399 = ORIENTED_EDGE('',*,*,#15400,.F.);
#15400 = EDGE_CURVE('',#15377,#15393,#15401,.T.);
#15401 = LINE('',#15402,#15403);
#15402 = CARTESIAN_POINT('',(115.,-25.,283.));
#15403 = VECTOR('',#15404,1.);
#15404 = DIRECTION('',(0.,1.,0.));
#15405 = PLANE('',#15406);
#15406 = AXIS2_PLACEMENT_3D('',#15407,#15408,#15409);
#15407 = CARTESIAN_POINT('',(115.,-25.,248.));
#15408 = DIRECTION('',(1.,0.,0.));
#15409 = DIRECTION('',(0.,0.,1.));
#15410 = ADVANCED_FACE('',(#15411),#15445,.T.);
#15411 = FACE_BOUND('',#15412,.T.);
#15412 = EDGE_LOOP('',(#15413,#15423,#15431,#15439));
#15413 = ORIENTED_EDGE('',*,*,#15414,.F.);
#15414 = EDGE_CURVE('',#15415,#15417,#15419,.T.);
#15415 = VERTEX_POINT('',#15416);
#15416 = CARTESIAN_POINT('',(155.,-25.,248.));
#15417 = VERTEX_POINT('',#15418);
#15418 = CARTESIAN_POINT('',(155.,-25.,283.));
#15419 = LINE('',#15420,#15421);
#15420 = CARTESIAN_POINT('',(155.,-25.,248.));
#15421 = VECTOR('',#15422,1.);
#15422 = DIRECTION('',(0.,0.,1.));
#15423 = ORIENTED_EDGE('',*,*,#15424,.T.);
#15424 = EDGE_CURVE('',#15415,#15425,#15427,.T.);
#15425 = VERTEX_POINT('',#15426);
#15426 = CARTESIAN_POINT('',(155.,25.,248.));
#15427 = LINE('',#15428,#15429);
#15428 = CARTESIAN_POINT('',(155.,-25.,248.));
#15429 = VECTOR('',#15430,1.);
#15430 = DIRECTION('',(0.,1.,0.));
#15431 = ORIENTED_EDGE('',*,*,#15432,.T.);
#15432 = EDGE_CURVE('',#15425,#15433,#15435,.T.);
#15433 = VERTEX_POINT('',#15434);
#15434 = CARTESIAN_POINT('',(155.,25.,283.));
#15435 = LINE('',#15436,#15437);
#15436 = CARTESIAN_POINT('',(155.,25.,248.));
#15437 = VECTOR('',#15438,1.);
#15438 = DIRECTION('',(0.,0.,1.));
#15439 = ORIENTED_EDGE('',*,*,#15440,.F.);
#15440 = EDGE_CURVE('',#15417,#15433,#15441,.T.);
#15441 = LINE('',#15442,#15443);
#15442 = CARTESIAN_POINT('',(155.,-25.,283.));
#15443 = VECTOR('',#15444,1.);
#15444 = DIRECTION('',(0.,1.,0.));
#15445 = PLANE('',#15446);
#15446 = AXIS2_PLACEMENT_3D('',#15447,#15448,#15449);
#15447 = CARTESIAN_POINT('',(155.,-25.,248.));
#15448 = DIRECTION('',(1.,0.,0.));
#15449 = DIRECTION('',(0.,0.,1.));
#15450 = ADVANCED_FACE('',(#15451),#15467,.F.);
#15451 = FACE_BOUND('',#15452,.F.);
#15452 = EDGE_LOOP('',(#15453,#15459,#15460,#15466));
#15453 = ORIENTED_EDGE('',*,*,#15454,.F.);
#15454 = EDGE_CURVE('',#15375,#15415,#15455,.T.);
#15455 = LINE('',#15456,#15457);
#15456 = CARTESIAN_POINT('',(115.,-25.,248.));
#15457 = VECTOR('',#15458,1.);
#15458 = DIRECTION('',(1.,0.,0.));
#15459 = ORIENTED_EDGE('',*,*,#15374,.T.);
#15460 = ORIENTED_EDGE('',*,*,#15461,.T.);
#15461 = EDGE_CURVE('',#15377,#15417,#15462,.T.);
#15462 = LINE('',#15463,#15464);
#15463 = CARTESIAN_POINT('',(115.,-25.,283.));
#15464 = VECTOR('',#15465,1.);
#15465 = DIRECTION('',(1.,0.,0.));
#15466 = ORIENTED_EDGE('',*,*,#15414,.F.);
#15467 = PLANE('',#15468);
#15468 = AXIS2_PLACEMENT_3D('',#15469,#15470,#15471);
#15469 = CARTESIAN_POINT('',(115.,-25.,248.));
#15470 = DIRECTION('',(0.,1.,0.));
#15471 = DIRECTION('',(0.,0.,1.));
#15472 = ADVANCED_FACE('',(#15473),#15489,.T.);
#15473 = FACE_BOUND('',#15474,.T.);
#15474 = EDGE_LOOP('',(#15475,#15481,#15482,#15488));
#15475 = ORIENTED_EDGE('',*,*,#15476,.F.);
#15476 = EDGE_CURVE('',#15385,#15425,#15477,.T.);
#15477 = LINE('',#15478,#15479);
#15478 = CARTESIAN_POINT('',(115.,25.,248.));
#15479 = VECTOR('',#15480,1.);
#15480 = DIRECTION('',(1.,0.,0.));
#15481 = ORIENTED_EDGE('',*,*,#15392,.T.);
#15482 = ORIENTED_EDGE('',*,*,#15483,.T.);
#15483 = EDGE_CURVE('',#15393,#15433,#15484,.T.);
#15484 = LINE('',#15485,#15486);
#15485 = CARTESIAN_POINT('',(115.,25.,283.));
#15486 = VECTOR('',#15487,1.);
#15487 = DIRECTION('',(1.,0.,0.));
#15488 = ORIENTED_EDGE('',*,*,#15432,.F.);
#15489 = PLANE('',#15490);
#15490 = AXIS2_PLACEMENT_3D('',#15491,#15492,#15493);
#15491 = CARTESIAN_POINT('',(115.,25.,248.));
#15492 = DIRECTION('',(0.,1.,0.));
#15493 = DIRECTION('',(0.,0.,1.));
#15494 = ADVANCED_FACE('',(#15495),#15501,.F.);
#15495 = FACE_BOUND('',#15496,.F.);
#15496 = EDGE_LOOP('',(#15497,#15498,#15499,#15500));
#15497 = ORIENTED_EDGE('',*,*,#15384,.F.);
#15498 = ORIENTED_EDGE('',*,*,#15454,.T.);
#15499 = ORIENTED_EDGE('',*,*,#15424,.T.);
#15500 = ORIENTED_EDGE('',*,*,#15476,.F.);
#15501 = PLANE('',#15502);
#15502 = AXIS2_PLACEMENT_3D('',#15503,#15504,#15505);
#15503 = CARTESIAN_POINT('',(115.,-25.,248.));
#15504 = DIRECTION('',(0.,0.,1.));
#15505 = DIRECTION('',(1.,0.,0.));
#15506 = ADVANCED_FACE('',(#15507),#15513,.T.);
#15507 = FACE_BOUND('',#15508,.T.);
#15508 = EDGE_LOOP('',(#15509,#15510,#15511,#15512));
#15509 = ORIENTED_EDGE('',*,*,#15400,.F.);
#15510 = ORIENTED_EDGE('',*,*,#15461,.T.);
#15511 = ORIENTED_EDGE('',*,*,#15440,.T.);
#15512 = ORIENTED_EDGE('',*,*,#15483,.F.);
#15513 = PLANE('',#15514);
#15514 = AXIS2_PLACEMENT_3D('',#15515,#15516,#15517);
#15515 = CARTESIAN_POINT('',(115.,-25.,283.));
#15516 = DIRECTION('',(0.,0.,1.));
#15517 = DIRECTION('',(1.,0.,0.));
#15518 = MANIFOLD_SOLID_BREP('',#15519);
#15519 = CLOSED_SHELL('',(#15520,#15553,#15573,#15593));
#15520 = ADVANCED_FACE('',(#15521),#15548,.T.);
#15521 = FACE_BOUND('',#15522,.T.);
#15522 = EDGE_LOOP('',(#15523,#15532,#15540,#15547));
#15523 = ORIENTED_EDGE('',*,*,#15524,.F.);
#15524 = EDGE_CURVE('',#15525,#15525,#15527,.T.);
#15525 = VERTEX_POINT('',#15526);
#15526 = CARTESIAN_POINT('',(180.,-162.,74.));
#15527 = CIRCLE('',#15528,10.5);
#15528 = AXIS2_PLACEMENT_3D('',#15529,#15530,#15531);
#15529 = CARTESIAN_POINT('',(180.,-162.,84.5));
#15530 = DIRECTION('',(0.,-1.,0.));
#15531 = DIRECTION('',(0.,0.,-1.));
#15532 = ORIENTED_EDGE('',*,*,#15533,.F.);
#15533 = EDGE_CURVE('',#15534,#15525,#15536,.T.);
#15534 = VERTEX_POINT('',#15535);
#15535 = CARTESIAN_POINT('',(180.,-158.,74.));
#15536 = LINE('',#15537,#15538);
#15537 = CARTESIAN_POINT('',(180.,-158.,74.));
#15538 = VECTOR('',#15539,1.);
#15539 = DIRECTION('',(0.,-1.,0.));
#15540 = ORIENTED_EDGE('',*,*,#15541,.T.);
#15541 = EDGE_CURVE('',#15534,#15534,#15542,.T.);
#15542 = CIRCLE('',#15543,10.5);
#15543 = AXIS2_PLACEMENT_3D('',#15544,#15545,#15546);
#15544 = CARTESIAN_POINT('',(180.,-158.,84.5));
#15545 = DIRECTION('',(0.,-1.,0.));
#15546 = DIRECTION('',(0.,0.,-1.));
#15547 = ORIENTED_EDGE('',*,*,#15533,.T.);
#15548 = CYLINDRICAL_SURFACE('',#15549,10.5);
#15549 = AXIS2_PLACEMENT_3D('',#15550,#15551,#15552);
#15550 = CARTESIAN_POINT('',(180.,-158.,84.5));
#15551 = DIRECTION('',(0.,-1.,0.));
#15552 = DIRECTION('',(0.,0.,-1.));
#15553 = ADVANCED_FACE('',(#15554,#15557),#15568,.T.);
#15554 = FACE_BOUND('',#15555,.T.);
#15555 = EDGE_LOOP('',(#15556));
#15556 = ORIENTED_EDGE('',*,*,#15524,.T.);
#15557 = FACE_BOUND('',#15558,.T.);
#15558 = EDGE_LOOP('',(#15559));
#15559 = ORIENTED_EDGE('',*,*,#15560,.F.);
#15560 = EDGE_CURVE('',#15561,#15561,#15563,.T.);
#15561 = VERTEX_POINT('',#15562);
#15562 = CARTESIAN_POINT('',(180.,-162.,77.));
#15563 = CIRCLE('',#15564,7.5);
#15564 = AXIS2_PLACEMENT_3D('',#15565,#15566,#15567);
#15565 = CARTESIAN_POINT('',(180.,-162.,84.5));
#15566 = DIRECTION('',(0.,-1.,0.));
#15567 = DIRECTION('',(0.,0.,-1.));
#15568 = PLANE('',#15569);
#15569 = AXIS2_PLACEMENT_3D('',#15570,#15571,#15572);
#15570 = CARTESIAN_POINT('',(180.,-162.,84.5));
#15571 = DIRECTION('',(0.,-1.,0.));
#15572 = DIRECTION('',(0.,0.,-1.));
#15573 = ADVANCED_FACE('',(#15574,#15577),#15588,.F.);
#15574 = FACE_BOUND('',#15575,.F.);
#15575 = EDGE_LOOP('',(#15576));
#15576 = ORIENTED_EDGE('',*,*,#15541,.T.);
#15577 = FACE_BOUND('',#15578,.F.);
#15578 = EDGE_LOOP('',(#15579));
#15579 = ORIENTED_EDGE('',*,*,#15580,.F.);
#15580 = EDGE_CURVE('',#15581,#15581,#15583,.T.);
#15581 = VERTEX_POINT('',#15582);
#15582 = CARTESIAN_POINT('',(180.,-158.,77.));
#15583 = CIRCLE('',#15584,7.5);
#15584 = AXIS2_PLACEMENT_3D('',#15585,#15586,#15587);
#15585 = CARTESIAN_POINT('',(180.,-158.,84.5));
#15586 = DIRECTION('',(0.,-1.,0.));
#15587 = DIRECTION('',(0.,0.,-1.));
#15588 = PLANE('',#15589);
#15589 = AXIS2_PLACEMENT_3D('',#15590,#15591,#15592);
#15590 = CARTESIAN_POINT('',(180.,-158.,84.5));
#15591 = DIRECTION('',(0.,-1.,0.));
#15592 = DIRECTION('',(0.,0.,-1.));
#15593 = ADVANCED_FACE('',(#15594),#15605,.F.);
#15594 = FACE_BOUND('',#15595,.F.);
#15595 = EDGE_LOOP('',(#15596,#15597,#15603,#15604));
#15596 = ORIENTED_EDGE('',*,*,#15560,.F.);
#15597 = ORIENTED_EDGE('',*,*,#15598,.F.);
#15598 = EDGE_CURVE('',#15581,#15561,#15599,.T.);
#15599 = LINE('',#15600,#15601);
#15600 = CARTESIAN_POINT('',(180.,-158.,77.));
#15601 = VECTOR('',#15602,1.);
#15602 = DIRECTION('',(0.,-1.,0.));
#15603 = ORIENTED_EDGE('',*,*,#15580,.T.);
#15604 = ORIENTED_EDGE('',*,*,#15598,.T.);
#15605 = CYLINDRICAL_SURFACE('',#15606,7.5);
#15606 = AXIS2_PLACEMENT_3D('',#15607,#15608,#15609);
#15607 = CARTESIAN_POINT('',(180.,-158.,84.5));
#15608 = DIRECTION('',(0.,-1.,0.));
#15609 = DIRECTION('',(0.,0.,-1.));
#15610 = MANIFOLD_SOLID_BREP('',#15611);
#15611 = CLOSED_SHELL('',(#15612,#15645,#15665,#15685));
#15612 = ADVANCED_FACE('',(#15613),#15640,.T.);
#15613 = FACE_BOUND('',#15614,.T.);
#15614 = EDGE_LOOP('',(#15615,#15624,#15632,#15639));
#15615 = ORIENTED_EDGE('',*,*,#15616,.F.);
#15616 = EDGE_CURVE('',#15617,#15617,#15619,.T.);
#15617 = VERTEX_POINT('',#15618);
#15618 = CARTESIAN_POINT('',(180.,-173.,76.5));
#15619 = CIRCLE('',#15620,8.);
#15620 = AXIS2_PLACEMENT_3D('',#15621,#15622,#15623);
#15621 = CARTESIAN_POINT('',(180.,-173.,84.5));
#15622 = DIRECTION('',(0.,-1.,0.));
#15623 = DIRECTION('',(0.,0.,-1.));
#15624 = ORIENTED_EDGE('',*,*,#15625,.F.);
#15625 = EDGE_CURVE('',#15626,#15617,#15628,.T.);
#15626 = VERTEX_POINT('',#15627);
#15627 = CARTESIAN_POINT('',(180.,-168.,76.5));
#15628 = LINE('',#15629,#15630);
#15629 = CARTESIAN_POINT('',(180.,-168.,76.5));
#15630 = VECTOR('',#15631,1.);
#15631 = DIRECTION('',(0.,-1.,0.));
#15632 = ORIENTED_EDGE('',*,*,#15633,.T.);
#15633 = EDGE_CURVE('',#15626,#15626,#15634,.T.);
#15634 = CIRCLE('',#15635,8.);
#15635 = AXIS2_PLACEMENT_3D('',#15636,#15637,#15638);
#15636 = CARTESIAN_POINT('',(180.,-168.,84.5));
#15637 = DIRECTION('',(0.,-1.,0.));
#15638 = DIRECTION('',(0.,0.,-1.));
#15639 = ORIENTED_EDGE('',*,*,#15625,.T.);
#15640 = CYLINDRICAL_SURFACE('',#15641,8.);
#15641 = AXIS2_PLACEMENT_3D('',#15642,#15643,#15644);
#15642 = CARTESIAN_POINT('',(180.,-168.,84.5));
#15643 = DIRECTION('',(0.,-1.,0.));
#15644 = DIRECTION('',(0.,0.,-1.));
#15645 = ADVANCED_FACE('',(#15646,#15649),#15660,.T.);
#15646 = FACE_BOUND('',#15647,.T.);
#15647 = EDGE_LOOP('',(#15648));
#15648 = ORIENTED_EDGE('',*,*,#15616,.T.);
#15649 = FACE_BOUND('',#15650,.T.);
#15650 = EDGE_LOOP('',(#15651));
#15651 = ORIENTED_EDGE('',*,*,#15652,.F.);
#15652 = EDGE_CURVE('',#15653,#15653,#15655,.T.);
#15653 = VERTEX_POINT('',#15654);
#15654 = CARTESIAN_POINT('',(180.,-173.,80.5));
#15655 = CIRCLE('',#15656,4.);
#15656 = AXIS2_PLACEMENT_3D('',#15657,#15658,#15659);
#15657 = CARTESIAN_POINT('',(180.,-173.,84.5));
#15658 = DIRECTION('',(0.,-1.,0.));
#15659 = DIRECTION('',(0.,0.,-1.));
#15660 = PLANE('',#15661);
#15661 = AXIS2_PLACEMENT_3D('',#15662,#15663,#15664);
#15662 = CARTESIAN_POINT('',(180.,-173.,84.5));
#15663 = DIRECTION('',(0.,-1.,0.));
#15664 = DIRECTION('',(0.,0.,-1.));
#15665 = ADVANCED_FACE('',(#15666,#15669),#15680,.F.);
#15666 = FACE_BOUND('',#15667,.F.);
#15667 = EDGE_LOOP('',(#15668));
#15668 = ORIENTED_EDGE('',*,*,#15633,.T.);
#15669 = FACE_BOUND('',#15670,.F.);
#15670 = EDGE_LOOP('',(#15671));
#15671 = ORIENTED_EDGE('',*,*,#15672,.F.);
#15672 = EDGE_CURVE('',#15673,#15673,#15675,.T.);
#15673 = VERTEX_POINT('',#15674);
#15674 = CARTESIAN_POINT('',(180.,-168.,80.5));
#15675 = CIRCLE('',#15676,4.);
#15676 = AXIS2_PLACEMENT_3D('',#15677,#15678,#15679);
#15677 = CARTESIAN_POINT('',(180.,-168.,84.5));
#15678 = DIRECTION('',(0.,-1.,0.));
#15679 = DIRECTION('',(0.,0.,-1.));
#15680 = PLANE('',#15681);
#15681 = AXIS2_PLACEMENT_3D('',#15682,#15683,#15684);
#15682 = CARTESIAN_POINT('',(180.,-168.,84.5));
#15683 = DIRECTION('',(0.,-1.,0.));
#15684 = DIRECTION('',(0.,0.,-1.));
#15685 = ADVANCED_FACE('',(#15686),#15697,.F.);
#15686 = FACE_BOUND('',#15687,.F.);
#15687 = EDGE_LOOP('',(#15688,#15689,#15695,#15696));
#15688 = ORIENTED_EDGE('',*,*,#15652,.F.);
#15689 = ORIENTED_EDGE('',*,*,#15690,.F.);
#15690 = EDGE_CURVE('',#15673,#15653,#15691,.T.);
#15691 = LINE('',#15692,#15693);
#15692 = CARTESIAN_POINT('',(180.,-168.,80.5));
#15693 = VECTOR('',#15694,1.);
#15694 = DIRECTION('',(0.,-1.,0.));
#15695 = ORIENTED_EDGE('',*,*,#15672,.T.);
#15696 = ORIENTED_EDGE('',*,*,#15690,.T.);
#15697 = CYLINDRICAL_SURFACE('',#15698,4.);
#15698 = AXIS2_PLACEMENT_3D('',#15699,#15700,#15701);
#15699 = CARTESIAN_POINT('',(180.,-168.,84.5));
#15700 = DIRECTION('',(0.,-1.,0.));
#15701 = DIRECTION('',(0.,0.,-1.));
#15702 = MANIFOLD_SOLID_BREP('',#15703);
#15703 = CLOSED_SHELL('',(#15704,#15744,#15775,#15806,#15850,#15894,
    #15911,#15928,#15940));
#15704 = ADVANCED_FACE('',(#15705),#15739,.F.);
#15705 = FACE_BOUND('',#15706,.F.);
#15706 = EDGE_LOOP('',(#15707,#15717,#15725,#15733));
#15707 = ORIENTED_EDGE('',*,*,#15708,.T.);
#15708 = EDGE_CURVE('',#15709,#15711,#15713,.T.);
#15709 = VERTEX_POINT('',#15710);
#15710 = CARTESIAN_POINT('',(189.81495457622,-174.,84.5));
#15711 = VERTEX_POINT('',#15712);
#15712 = CARTESIAN_POINT('',(189.81495457622,-190.5,84.5));
#15713 = LINE('',#15714,#15715);
#15714 = CARTESIAN_POINT('',(189.81495457622,-174.,84.5));
#15715 = VECTOR('',#15716,1.);
#15716 = DIRECTION('',(0.,-1.,0.));
#15717 = ORIENTED_EDGE('',*,*,#15718,.T.);
#15718 = EDGE_CURVE('',#15711,#15719,#15721,.T.);
#15719 = VERTEX_POINT('',#15720);
#15720 = CARTESIAN_POINT('',(184.90747728811,-190.5,93.));
#15721 = LINE('',#15722,#15723);
#15722 = CARTESIAN_POINT('',(189.81495457622,-190.5,84.5));
#15723 = VECTOR('',#15724,1.);
#15724 = DIRECTION('',(-0.5,0.,0.866025403784));
#15725 = ORIENTED_EDGE('',*,*,#15726,.F.);
#15726 = EDGE_CURVE('',#15727,#15719,#15729,.T.);
#15727 = VERTEX_POINT('',#15728);
#15728 = CARTESIAN_POINT('',(184.90747728811,-174.,93.));
#15729 = LINE('',#15730,#15731);
#15730 = CARTESIAN_POINT('',(184.90747728811,-174.,93.));
#15731 = VECTOR('',#15732,1.);
#15732 = DIRECTION('',(0.,-1.,0.));
#15733 = ORIENTED_EDGE('',*,*,#15734,.F.);
#15734 = EDGE_CURVE('',#15709,#15727,#15735,.T.);
#15735 = LINE('',#15736,#15737);
#15736 = CARTESIAN_POINT('',(189.81495457622,-174.,84.5));
#15737 = VECTOR('',#15738,1.);
#15738 = DIRECTION('',(-0.5,0.,0.866025403784));
#15739 = PLANE('',#15740);
#15740 = AXIS2_PLACEMENT_3D('',#15741,#15742,#15743);
#15741 = CARTESIAN_POINT('',(189.81495457622,-174.,84.5));
#15742 = DIRECTION('',(-0.866025403784,-0.,-0.5));
#15743 = DIRECTION('',(-0.5,0.,0.866025403784));
#15744 = ADVANCED_FACE('',(#15745),#15770,.F.);
#15745 = FACE_BOUND('',#15746,.F.);
#15746 = EDGE_LOOP('',(#15747,#15757,#15763,#15764));
#15747 = ORIENTED_EDGE('',*,*,#15748,.T.);
#15748 = EDGE_CURVE('',#15749,#15751,#15753,.T.);
#15749 = VERTEX_POINT('',#15750);
#15750 = CARTESIAN_POINT('',(184.90747728811,-174.,76.));
#15751 = VERTEX_POINT('',#15752);
#15752 = CARTESIAN_POINT('',(184.90747728811,-190.5,76.));
#15753 = LINE('',#15754,#15755);
#15754 = CARTESIAN_POINT('',(184.90747728811,-174.,76.));
#15755 = VECTOR('',#15756,1.);
#15756 = DIRECTION('',(0.,-1.,0.));
#15757 = ORIENTED_EDGE('',*,*,#15758,.T.);
#15758 = EDGE_CURVE('',#15751,#15711,#15759,.T.);
#15759 = LINE('',#15760,#15761);
#15760 = CARTESIAN_POINT('',(184.90747728811,-190.5,76.));
#15761 = VECTOR('',#15762,1.);
#15762 = DIRECTION('',(0.5,0.,0.866025403784));
#15763 = ORIENTED_EDGE('',*,*,#15708,.F.);
#15764 = ORIENTED_EDGE('',*,*,#15765,.F.);
#15765 = EDGE_CURVE('',#15749,#15709,#15766,.T.);
#15766 = LINE('',#15767,#15768);
#15767 = CARTESIAN_POINT('',(184.90747728811,-174.,76.));
#15768 = VECTOR('',#15769,1.);
#15769 = DIRECTION('',(0.5,0.,0.866025403784));
#15770 = PLANE('',#15771);
#15771 = AXIS2_PLACEMENT_3D('',#15772,#15773,#15774);
#15772 = CARTESIAN_POINT('',(184.90747728811,-174.,76.));
#15773 = DIRECTION('',(-0.866025403784,0.,0.5));
#15774 = DIRECTION('',(0.5,0.,0.866025403784));
#15775 = ADVANCED_FACE('',(#15776),#15801,.F.);
#15776 = FACE_BOUND('',#15777,.F.);
#15777 = EDGE_LOOP('',(#15778,#15779,#15787,#15795));
#15778 = ORIENTED_EDGE('',*,*,#15726,.T.);
#15779 = ORIENTED_EDGE('',*,*,#15780,.T.);
#15780 = EDGE_CURVE('',#15719,#15781,#15783,.T.);
#15781 = VERTEX_POINT('',#15782);
#15782 = CARTESIAN_POINT('',(175.09252271188,-190.5,93.));
#15783 = LINE('',#15784,#15785);
#15784 = CARTESIAN_POINT('',(184.90747728811,-190.5,93.));
#15785 = VECTOR('',#15786,1.);
#15786 = DIRECTION('',(-1.,0.,0.));
#15787 = ORIENTED_EDGE('',*,*,#15788,.F.);
#15788 = EDGE_CURVE('',#15789,#15781,#15791,.T.);
#15789 = VERTEX_POINT('',#15790);
#15790 = CARTESIAN_POINT('',(175.09252271188,-174.,93.));
#15791 = LINE('',#15792,#15793);
#15792 = CARTESIAN_POINT('',(175.09252271188,-174.,93.));
#15793 = VECTOR('',#15794,1.);
#15794 = DIRECTION('',(0.,-1.,0.));
#15795 = ORIENTED_EDGE('',*,*,#15796,.F.);
#15796 = EDGE_CURVE('',#15727,#15789,#15797,.T.);
#15797 = LINE('',#15798,#15799);
#15798 = CARTESIAN_POINT('',(184.90747728811,-174.,93.));
#15799 = VECTOR('',#15800,1.);
#15800 = DIRECTION('',(-1.,0.,0.));
#15801 = PLANE('',#15802);
#15802 = AXIS2_PLACEMENT_3D('',#15803,#15804,#15805);
#15803 = CARTESIAN_POINT('',(184.90747728811,-174.,93.));
#15804 = DIRECTION('',(-0.,-0.,-1.));
#15805 = DIRECTION('',(-1.,0.,0.));
#15806 = ADVANCED_FACE('',(#15807,#15834),#15845,.F.);
#15807 = FACE_BOUND('',#15808,.F.);
#15808 = EDGE_LOOP('',(#15809,#15810,#15811,#15819,#15827,#15833));
#15809 = ORIENTED_EDGE('',*,*,#15734,.T.);
#15810 = ORIENTED_EDGE('',*,*,#15796,.T.);
#15811 = ORIENTED_EDGE('',*,*,#15812,.T.);
#15812 = EDGE_CURVE('',#15789,#15813,#15815,.T.);
#15813 = VERTEX_POINT('',#15814);
#15814 = CARTESIAN_POINT('',(170.18504542377,-174.,84.5));
#15815 = LINE('',#15816,#15817);
#15816 = CARTESIAN_POINT('',(175.09252271188,-174.,93.));
#15817 = VECTOR('',#15818,1.);
#15818 = DIRECTION('',(-0.5,0.,-0.866025403784));
#15819 = ORIENTED_EDGE('',*,*,#15820,.T.);
#15820 = EDGE_CURVE('',#15813,#15821,#15823,.T.);
#15821 = VERTEX_POINT('',#15822);
#15822 = CARTESIAN_POINT('',(175.09252271188,-174.,76.));
#15823 = LINE('',#15824,#15825);
#15824 = CARTESIAN_POINT('',(170.18504542377,-174.,84.5));
#15825 = VECTOR('',#15826,1.);
#15826 = DIRECTION('',(0.5,0.,-0.866025403784));
#15827 = ORIENTED_EDGE('',*,*,#15828,.T.);
#15828 = EDGE_CURVE('',#15821,#15749,#15829,.T.);
#15829 = LINE('',#15830,#15831);
#15830 = CARTESIAN_POINT('',(175.09252271188,-174.,76.));
#15831 = VECTOR('',#15832,1.);
#15832 = DIRECTION('',(1.,0.,0.));
#15833 = ORIENTED_EDGE('',*,*,#15765,.T.);
#15834 = FACE_BOUND('',#15835,.F.);
#15835 = EDGE_LOOP('',(#15836));
#15836 = ORIENTED_EDGE('',*,*,#15837,.F.);
#15837 = EDGE_CURVE('',#15838,#15838,#15840,.T.);
#15838 = VERTEX_POINT('',#15839);
#15839 = CARTESIAN_POINT('',(180.,-174.,80.5));
#15840 = CIRCLE('',#15841,4.);
#15841 = AXIS2_PLACEMENT_3D('',#15842,#15843,#15844);
#15842 = CARTESIAN_POINT('',(180.,-174.,84.5));
#15843 = DIRECTION('',(0.,-1.,0.));
#15844 = DIRECTION('',(0.,0.,-1.));
#15845 = PLANE('',#15846);
#15846 = AXIS2_PLACEMENT_3D('',#15847,#15848,#15849);
#15847 = CARTESIAN_POINT('',(180.,-174.,84.5));
#15848 = DIRECTION('',(-0.,-1.,-0.));
#15849 = DIRECTION('',(0.,0.,-1.));
#15850 = ADVANCED_FACE('',(#15851,#15878),#15889,.T.);
#15851 = FACE_BOUND('',#15852,.T.);
#15852 = EDGE_LOOP('',(#15853,#15854,#15855,#15863,#15871,#15877));
#15853 = ORIENTED_EDGE('',*,*,#15718,.T.);
#15854 = ORIENTED_EDGE('',*,*,#15780,.T.);
#15855 = ORIENTED_EDGE('',*,*,#15856,.T.);
#15856 = EDGE_CURVE('',#15781,#15857,#15859,.T.);
#15857 = VERTEX_POINT('',#15858);
#15858 = CARTESIAN_POINT('',(170.18504542377,-190.5,84.5));
#15859 = LINE('',#15860,#15861);
#15860 = CARTESIAN_POINT('',(175.09252271188,-190.5,93.));
#15861 = VECTOR('',#15862,1.);
#15862 = DIRECTION('',(-0.5,0.,-0.866025403784));
#15863 = ORIENTED_EDGE('',*,*,#15864,.T.);
#15864 = EDGE_CURVE('',#15857,#15865,#15867,.T.);
#15865 = VERTEX_POINT('',#15866);
#15866 = CARTESIAN_POINT('',(175.09252271188,-190.5,76.));
#15867 = LINE('',#15868,#15869);
#15868 = CARTESIAN_POINT('',(170.18504542377,-190.5,84.5));
#15869 = VECTOR('',#15870,1.);
#15870 = DIRECTION('',(0.5,0.,-0.866025403784));
#15871 = ORIENTED_EDGE('',*,*,#15872,.T.);
#15872 = EDGE_CURVE('',#15865,#15751,#15873,.T.);
#15873 = LINE('',#15874,#15875);
#15874 = CARTESIAN_POINT('',(175.09252271188,-190.5,76.));
#15875 = VECTOR('',#15876,1.);
#15876 = DIRECTION('',(1.,0.,0.));
#15877 = ORIENTED_EDGE('',*,*,#15758,.T.);
#15878 = FACE_BOUND('',#15879,.T.);
#15879 = EDGE_LOOP('',(#15880));
#15880 = ORIENTED_EDGE('',*,*,#15881,.F.);
#15881 = EDGE_CURVE('',#15882,#15882,#15884,.T.);
#15882 = VERTEX_POINT('',#15883);
#15883 = CARTESIAN_POINT('',(180.,-190.5,80.5));
#15884 = CIRCLE('',#15885,4.);
#15885 = AXIS2_PLACEMENT_3D('',#15886,#15887,#15888);
#15886 = CARTESIAN_POINT('',(180.,-190.5,84.5));
#15887 = DIRECTION('',(0.,-1.,0.));
#15888 = DIRECTION('',(0.,0.,-1.));
#15889 = PLANE('',#15890);
#15890 = AXIS2_PLACEMENT_3D('',#15891,#15892,#15893);
#15891 = CARTESIAN_POINT('',(180.,-190.5,84.5));
#15892 = DIRECTION('',(-0.,-1.,-0.));
#15893 = DIRECTION('',(0.,0.,-1.));
#15894 = ADVANCED_FACE('',(#15895),#15906,.F.);
#15895 = FACE_BOUND('',#15896,.F.);
#15896 = EDGE_LOOP('',(#15897,#15903,#15904,#15905));
#15897 = ORIENTED_EDGE('',*,*,#15898,.T.);
#15898 = EDGE_CURVE('',#15821,#15865,#15899,.T.);
#15899 = LINE('',#15900,#15901);
#15900 = CARTESIAN_POINT('',(175.09252271188,-174.,76.));
#15901 = VECTOR('',#15902,1.);
#15902 = DIRECTION('',(0.,-1.,0.));
#15903 = ORIENTED_EDGE('',*,*,#15872,.T.);
#15904 = ORIENTED_EDGE('',*,*,#15748,.F.);
#15905 = ORIENTED_EDGE('',*,*,#15828,.F.);
#15906 = PLANE('',#15907);
#15907 = AXIS2_PLACEMENT_3D('',#15908,#15909,#15910);
#15908 = CARTESIAN_POINT('',(175.09252271188,-174.,76.));
#15909 = DIRECTION('',(0.,0.,1.));
#15910 = DIRECTION('',(1.,0.,0.));
#15911 = ADVANCED_FACE('',(#15912),#15923,.F.);
#15912 = FACE_BOUND('',#15913,.F.);
#15913 = EDGE_LOOP('',(#15914,#15915,#15916,#15922));
#15914 = ORIENTED_EDGE('',*,*,#15788,.T.);
#15915 = ORIENTED_EDGE('',*,*,#15856,.T.);
#15916 = ORIENTED_EDGE('',*,*,#15917,.F.);
#15917 = EDGE_CURVE('',#15813,#15857,#15918,.T.);
#15918 = LINE('',#15919,#15920);
#15919 = CARTESIAN_POINT('',(170.18504542377,-174.,84.5));
#15920 = VECTOR('',#15921,1.);
#15921 = DIRECTION('',(0.,-1.,0.));
#15922 = ORIENTED_EDGE('',*,*,#15812,.F.);
#15923 = PLANE('',#15924);
#15924 = AXIS2_PLACEMENT_3D('',#15925,#15926,#15927);
#15925 = CARTESIAN_POINT('',(175.09252271188,-174.,93.));
#15926 = DIRECTION('',(0.866025403784,0.,-0.5));
#15927 = DIRECTION('',(-0.5,0.,-0.866025403784));
#15928 = ADVANCED_FACE('',(#15929),#15935,.F.);
#15929 = FACE_BOUND('',#15930,.F.);
#15930 = EDGE_LOOP('',(#15931,#15932,#15933,#15934));
#15931 = ORIENTED_EDGE('',*,*,#15917,.T.);
#15932 = ORIENTED_EDGE('',*,*,#15864,.T.);
#15933 = ORIENTED_EDGE('',*,*,#15898,.F.);
#15934 = ORIENTED_EDGE('',*,*,#15820,.F.);
#15935 = PLANE('',#15936);
#15936 = AXIS2_PLACEMENT_3D('',#15937,#15938,#15939);
#15937 = CARTESIAN_POINT('',(170.18504542377,-174.,84.5));
#15938 = DIRECTION('',(0.866025403784,0.,0.5));
#15939 = DIRECTION('',(0.5,0.,-0.866025403784));
#15940 = ADVANCED_FACE('',(#15941),#15952,.F.);
#15941 = FACE_BOUND('',#15942,.F.);
#15942 = EDGE_LOOP('',(#15943,#15944,#15950,#15951));
#15943 = ORIENTED_EDGE('',*,*,#15881,.F.);
#15944 = ORIENTED_EDGE('',*,*,#15945,.F.);
#15945 = EDGE_CURVE('',#15838,#15882,#15946,.T.);
#15946 = LINE('',#15947,#15948);
#15947 = CARTESIAN_POINT('',(180.,-173.,80.5));
#15948 = VECTOR('',#15949,1.);
#15949 = DIRECTION('',(0.,-1.,0.));
#15950 = ORIENTED_EDGE('',*,*,#15837,.T.);
#15951 = ORIENTED_EDGE('',*,*,#15945,.T.);
#15952 = CYLINDRICAL_SURFACE('',#15953,4.);
#15953 = AXIS2_PLACEMENT_3D('',#15954,#15955,#15956);
#15954 = CARTESIAN_POINT('',(180.,-173.,84.5));
#15955 = DIRECTION('',(0.,-1.,0.));
#15956 = DIRECTION('',(0.,0.,-1.));
#15957 = MANIFOLD_SOLID_BREP('',#15958);
#15958 = CLOSED_SHELL('',(#15959,#15992,#16001));
#15959 = ADVANCED_FACE('',(#15960),#15987,.T.);
#15960 = FACE_BOUND('',#15961,.T.);
#15961 = EDGE_LOOP('',(#15962,#15971,#15979,#15986));
#15962 = ORIENTED_EDGE('',*,*,#15963,.F.);
#15963 = EDGE_CURVE('',#15964,#15964,#15966,.T.);
#15964 = VERTEX_POINT('',#15965);
#15965 = CARTESIAN_POINT('',(187.,-179.,85.75));
#15966 = CIRCLE('',#15967,1.25);
#15967 = AXIS2_PLACEMENT_3D('',#15968,#15969,#15970);
#15968 = CARTESIAN_POINT('',(187.,-179.,84.5));
#15969 = DIRECTION('',(1.,0.,-0.));
#15970 = DIRECTION('',(0.,0.,1.));
#15971 = ORIENTED_EDGE('',*,*,#15972,.F.);
#15972 = EDGE_CURVE('',#15973,#15964,#15975,.T.);
#15973 = VERTEX_POINT('',#15974);
#15974 = CARTESIAN_POINT('',(173.,-179.,85.75));
#15975 = LINE('',#15976,#15977);
#15976 = CARTESIAN_POINT('',(173.,-179.,85.75));
#15977 = VECTOR('',#15978,1.);
#15978 = DIRECTION('',(1.,0.,0.));
#15979 = ORIENTED_EDGE('',*,*,#15980,.T.);
#15980 = EDGE_CURVE('',#15973,#15973,#15981,.T.);
#15981 = CIRCLE('',#15982,1.25);
#15982 = AXIS2_PLACEMENT_3D('',#15983,#15984,#15985);
#15983 = CARTESIAN_POINT('',(173.,-179.,84.5));
#15984 = DIRECTION('',(1.,0.,-0.));
#15985 = DIRECTION('',(0.,0.,1.));
#15986 = ORIENTED_EDGE('',*,*,#15972,.T.);
#15987 = CYLINDRICAL_SURFACE('',#15988,1.25);
#15988 = AXIS2_PLACEMENT_3D('',#15989,#15990,#15991);
#15989 = CARTESIAN_POINT('',(173.,-179.,84.5));
#15990 = DIRECTION('',(1.,0.,0.));
#15991 = DIRECTION('',(0.,0.,1.));
#15992 = ADVANCED_FACE('',(#15993),#15996,.T.);
#15993 = FACE_BOUND('',#15994,.T.);
#15994 = EDGE_LOOP('',(#15995));
#15995 = ORIENTED_EDGE('',*,*,#15963,.T.);
#15996 = PLANE('',#15997);
#15997 = AXIS2_PLACEMENT_3D('',#15998,#15999,#16000);
#15998 = CARTESIAN_POINT('',(187.,-179.,84.5));
#15999 = DIRECTION('',(1.,0.,0.));
#16000 = DIRECTION('',(0.,0.,1.));
#16001 = ADVANCED_FACE('',(#16002),#16005,.F.);
#16002 = FACE_BOUND('',#16003,.T.);
#16003 = EDGE_LOOP('',(#16004));
#16004 = ORIENTED_EDGE('',*,*,#15980,.F.);
#16005 = PLANE('',#16006);
#16006 = AXIS2_PLACEMENT_3D('',#16007,#16008,#16009);
#16007 = CARTESIAN_POINT('',(173.,-179.,84.5));
#16008 = DIRECTION('',(1.,0.,0.));
#16009 = DIRECTION('',(0.,0.,1.));
#16010 = MANIFOLD_SOLID_BREP('',#16011);
#16011 = CLOSED_SHELL('',(#16012,#16045,#16065,#16085));
#16012 = ADVANCED_FACE('',(#16013),#16040,.T.);
#16013 = FACE_BOUND('',#16014,.T.);
#16014 = EDGE_LOOP('',(#16015,#16024,#16032,#16039));
#16015 = ORIENTED_EDGE('',*,*,#16016,.F.);
#16016 = EDGE_CURVE('',#16017,#16017,#16019,.T.);
#16017 = VERTEX_POINT('',#16018);
#16018 = CARTESIAN_POINT('',(180.,162.,95.));
#16019 = CIRCLE('',#16020,10.5);
#16020 = AXIS2_PLACEMENT_3D('',#16021,#16022,#16023);
#16021 = CARTESIAN_POINT('',(180.,162.,84.5));
#16022 = DIRECTION('',(0.,1.,0.));
#16023 = DIRECTION('',(0.,0.,1.));
#16024 = ORIENTED_EDGE('',*,*,#16025,.F.);
#16025 = EDGE_CURVE('',#16026,#16017,#16028,.T.);
#16026 = VERTEX_POINT('',#16027);
#16027 = CARTESIAN_POINT('',(180.,158.,95.));
#16028 = LINE('',#16029,#16030);
#16029 = CARTESIAN_POINT('',(180.,158.,95.));
#16030 = VECTOR('',#16031,1.);
#16031 = DIRECTION('',(0.,1.,0.));
#16032 = ORIENTED_EDGE('',*,*,#16033,.T.);
#16033 = EDGE_CURVE('',#16026,#16026,#16034,.T.);
#16034 = CIRCLE('',#16035,10.5);
#16035 = AXIS2_PLACEMENT_3D('',#16036,#16037,#16038);
#16036 = CARTESIAN_POINT('',(180.,158.,84.5));
#16037 = DIRECTION('',(0.,1.,0.));
#16038 = DIRECTION('',(0.,0.,1.));
#16039 = ORIENTED_EDGE('',*,*,#16025,.T.);
#16040 = CYLINDRICAL_SURFACE('',#16041,10.5);
#16041 = AXIS2_PLACEMENT_3D('',#16042,#16043,#16044);
#16042 = CARTESIAN_POINT('',(180.,158.,84.5));
#16043 = DIRECTION('',(0.,1.,0.));
#16044 = DIRECTION('',(0.,0.,1.));
#16045 = ADVANCED_FACE('',(#16046,#16049),#16060,.T.);
#16046 = FACE_BOUND('',#16047,.T.);
#16047 = EDGE_LOOP('',(#16048));
#16048 = ORIENTED_EDGE('',*,*,#16016,.T.);
#16049 = FACE_BOUND('',#16050,.T.);
#16050 = EDGE_LOOP('',(#16051));
#16051 = ORIENTED_EDGE('',*,*,#16052,.F.);
#16052 = EDGE_CURVE('',#16053,#16053,#16055,.T.);
#16053 = VERTEX_POINT('',#16054);
#16054 = CARTESIAN_POINT('',(180.,162.,92.));
#16055 = CIRCLE('',#16056,7.5);
#16056 = AXIS2_PLACEMENT_3D('',#16057,#16058,#16059);
#16057 = CARTESIAN_POINT('',(180.,162.,84.5));
#16058 = DIRECTION('',(0.,1.,0.));
#16059 = DIRECTION('',(0.,0.,1.));
#16060 = PLANE('',#16061);
#16061 = AXIS2_PLACEMENT_3D('',#16062,#16063,#16064);
#16062 = CARTESIAN_POINT('',(180.,162.,84.5));
#16063 = DIRECTION('',(0.,1.,0.));
#16064 = DIRECTION('',(0.,0.,1.));
#16065 = ADVANCED_FACE('',(#16066,#16069),#16080,.F.);
#16066 = FACE_BOUND('',#16067,.F.);
#16067 = EDGE_LOOP('',(#16068));
#16068 = ORIENTED_EDGE('',*,*,#16033,.T.);
#16069 = FACE_BOUND('',#16070,.F.);
#16070 = EDGE_LOOP('',(#16071));
#16071 = ORIENTED_EDGE('',*,*,#16072,.F.);
#16072 = EDGE_CURVE('',#16073,#16073,#16075,.T.);
#16073 = VERTEX_POINT('',#16074);
#16074 = CARTESIAN_POINT('',(180.,158.,92.));
#16075 = CIRCLE('',#16076,7.5);
#16076 = AXIS2_PLACEMENT_3D('',#16077,#16078,#16079);
#16077 = CARTESIAN_POINT('',(180.,158.,84.5));
#16078 = DIRECTION('',(0.,1.,0.));
#16079 = DIRECTION('',(0.,0.,1.));
#16080 = PLANE('',#16081);
#16081 = AXIS2_PLACEMENT_3D('',#16082,#16083,#16084);
#16082 = CARTESIAN_POINT('',(180.,158.,84.5));
#16083 = DIRECTION('',(0.,1.,0.));
#16084 = DIRECTION('',(0.,0.,1.));
#16085 = ADVANCED_FACE('',(#16086),#16097,.F.);
#16086 = FACE_BOUND('',#16087,.F.);
#16087 = EDGE_LOOP('',(#16088,#16089,#16095,#16096));
#16088 = ORIENTED_EDGE('',*,*,#16052,.F.);
#16089 = ORIENTED_EDGE('',*,*,#16090,.F.);
#16090 = EDGE_CURVE('',#16073,#16053,#16091,.T.);
#16091 = LINE('',#16092,#16093);
#16092 = CARTESIAN_POINT('',(180.,158.,92.));
#16093 = VECTOR('',#16094,1.);
#16094 = DIRECTION('',(0.,1.,0.));
#16095 = ORIENTED_EDGE('',*,*,#16072,.T.);
#16096 = ORIENTED_EDGE('',*,*,#16090,.T.);
#16097 = CYLINDRICAL_SURFACE('',#16098,7.5);
#16098 = AXIS2_PLACEMENT_3D('',#16099,#16100,#16101);
#16099 = CARTESIAN_POINT('',(180.,158.,84.5));
#16100 = DIRECTION('',(0.,1.,0.));
#16101 = DIRECTION('',(0.,0.,1.));
#16102 = MANIFOLD_SOLID_BREP('',#16103);
#16103 = CLOSED_SHELL('',(#16104,#16137,#16157,#16177));
#16104 = ADVANCED_FACE('',(#16105),#16132,.T.);
#16105 = FACE_BOUND('',#16106,.T.);
#16106 = EDGE_LOOP('',(#16107,#16116,#16124,#16131));
#16107 = ORIENTED_EDGE('',*,*,#16108,.F.);
#16108 = EDGE_CURVE('',#16109,#16109,#16111,.T.);
#16109 = VERTEX_POINT('',#16110);
#16110 = CARTESIAN_POINT('',(180.,173.,92.5));
#16111 = CIRCLE('',#16112,8.);
#16112 = AXIS2_PLACEMENT_3D('',#16113,#16114,#16115);
#16113 = CARTESIAN_POINT('',(180.,173.,84.5));
#16114 = DIRECTION('',(0.,1.,0.));
#16115 = DIRECTION('',(0.,0.,1.));
#16116 = ORIENTED_EDGE('',*,*,#16117,.F.);
#16117 = EDGE_CURVE('',#16118,#16109,#16120,.T.);
#16118 = VERTEX_POINT('',#16119);
#16119 = CARTESIAN_POINT('',(180.,168.,92.5));
#16120 = LINE('',#16121,#16122);
#16121 = CARTESIAN_POINT('',(180.,168.,92.5));
#16122 = VECTOR('',#16123,1.);
#16123 = DIRECTION('',(0.,1.,0.));
#16124 = ORIENTED_EDGE('',*,*,#16125,.T.);
#16125 = EDGE_CURVE('',#16118,#16118,#16126,.T.);
#16126 = CIRCLE('',#16127,8.);
#16127 = AXIS2_PLACEMENT_3D('',#16128,#16129,#16130);
#16128 = CARTESIAN_POINT('',(180.,168.,84.5));
#16129 = DIRECTION('',(0.,1.,0.));
#16130 = DIRECTION('',(0.,0.,1.));
#16131 = ORIENTED_EDGE('',*,*,#16117,.T.);
#16132 = CYLINDRICAL_SURFACE('',#16133,8.);
#16133 = AXIS2_PLACEMENT_3D('',#16134,#16135,#16136);
#16134 = CARTESIAN_POINT('',(180.,168.,84.5));
#16135 = DIRECTION('',(0.,1.,0.));
#16136 = DIRECTION('',(0.,0.,1.));
#16137 = ADVANCED_FACE('',(#16138,#16141),#16152,.T.);
#16138 = FACE_BOUND('',#16139,.T.);
#16139 = EDGE_LOOP('',(#16140));
#16140 = ORIENTED_EDGE('',*,*,#16108,.T.);
#16141 = FACE_BOUND('',#16142,.T.);
#16142 = EDGE_LOOP('',(#16143));
#16143 = ORIENTED_EDGE('',*,*,#16144,.F.);
#16144 = EDGE_CURVE('',#16145,#16145,#16147,.T.);
#16145 = VERTEX_POINT('',#16146);
#16146 = CARTESIAN_POINT('',(180.,173.,88.5));
#16147 = CIRCLE('',#16148,4.);
#16148 = AXIS2_PLACEMENT_3D('',#16149,#16150,#16151);
#16149 = CARTESIAN_POINT('',(180.,173.,84.5));
#16150 = DIRECTION('',(0.,1.,0.));
#16151 = DIRECTION('',(0.,0.,1.));
#16152 = PLANE('',#16153);
#16153 = AXIS2_PLACEMENT_3D('',#16154,#16155,#16156);
#16154 = CARTESIAN_POINT('',(180.,173.,84.5));
#16155 = DIRECTION('',(0.,1.,0.));
#16156 = DIRECTION('',(0.,0.,1.));
#16157 = ADVANCED_FACE('',(#16158,#16161),#16172,.F.);
#16158 = FACE_BOUND('',#16159,.F.);
#16159 = EDGE_LOOP('',(#16160));
#16160 = ORIENTED_EDGE('',*,*,#16125,.T.);
#16161 = FACE_BOUND('',#16162,.F.);
#16162 = EDGE_LOOP('',(#16163));
#16163 = ORIENTED_EDGE('',*,*,#16164,.F.);
#16164 = EDGE_CURVE('',#16165,#16165,#16167,.T.);
#16165 = VERTEX_POINT('',#16166);
#16166 = CARTESIAN_POINT('',(180.,168.,88.5));
#16167 = CIRCLE('',#16168,4.);
#16168 = AXIS2_PLACEMENT_3D('',#16169,#16170,#16171);
#16169 = CARTESIAN_POINT('',(180.,168.,84.5));
#16170 = DIRECTION('',(0.,1.,0.));
#16171 = DIRECTION('',(0.,0.,1.));
#16172 = PLANE('',#16173);
#16173 = AXIS2_PLACEMENT_3D('',#16174,#16175,#16176);
#16174 = CARTESIAN_POINT('',(180.,168.,84.5));
#16175 = DIRECTION('',(0.,1.,0.));
#16176 = DIRECTION('',(0.,0.,1.));
#16177 = ADVANCED_FACE('',(#16178),#16189,.F.);
#16178 = FACE_BOUND('',#16179,.F.);
#16179 = EDGE_LOOP('',(#16180,#16181,#16187,#16188));
#16180 = ORIENTED_EDGE('',*,*,#16144,.F.);
#16181 = ORIENTED_EDGE('',*,*,#16182,.F.);
#16182 = EDGE_CURVE('',#16165,#16145,#16183,.T.);
#16183 = LINE('',#16184,#16185);
#16184 = CARTESIAN_POINT('',(180.,168.,88.5));
#16185 = VECTOR('',#16186,1.);
#16186 = DIRECTION('',(0.,1.,0.));
#16187 = ORIENTED_EDGE('',*,*,#16164,.T.);
#16188 = ORIENTED_EDGE('',*,*,#16182,.T.);
#16189 = CYLINDRICAL_SURFACE('',#16190,4.);
#16190 = AXIS2_PLACEMENT_3D('',#16191,#16192,#16193);
#16191 = CARTESIAN_POINT('',(180.,168.,84.5));
#16192 = DIRECTION('',(0.,1.,0.));
#16193 = DIRECTION('',(0.,0.,1.));
#16194 = MANIFOLD_SOLID_BREP('',#16195);
#16195 = CLOSED_SHELL('',(#16196,#16236,#16267,#16298,#16342,#16386,
    #16403,#16420,#16432));
#16196 = ADVANCED_FACE('',(#16197),#16231,.T.);
#16197 = FACE_BOUND('',#16198,.T.);
#16198 = EDGE_LOOP('',(#16199,#16209,#16217,#16225));
#16199 = ORIENTED_EDGE('',*,*,#16200,.T.);
#16200 = EDGE_CURVE('',#16201,#16203,#16205,.T.);
#16201 = VERTEX_POINT('',#16202);
#16202 = CARTESIAN_POINT('',(189.81495457622,174.,84.5));
#16203 = VERTEX_POINT('',#16204);
#16204 = CARTESIAN_POINT('',(189.81495457622,190.5,84.5));
#16205 = LINE('',#16206,#16207);
#16206 = CARTESIAN_POINT('',(189.81495457622,174.,84.5));
#16207 = VECTOR('',#16208,1.);
#16208 = DIRECTION('',(0.,1.,0.));
#16209 = ORIENTED_EDGE('',*,*,#16210,.T.);
#16210 = EDGE_CURVE('',#16203,#16211,#16213,.T.);
#16211 = VERTEX_POINT('',#16212);
#16212 = CARTESIAN_POINT('',(184.90747728811,190.5,93.));
#16213 = LINE('',#16214,#16215);
#16214 = CARTESIAN_POINT('',(189.81495457622,190.5,84.5));
#16215 = VECTOR('',#16216,1.);
#16216 = DIRECTION('',(-0.5,0.,0.866025403784));
#16217 = ORIENTED_EDGE('',*,*,#16218,.F.);
#16218 = EDGE_CURVE('',#16219,#16211,#16221,.T.);
#16219 = VERTEX_POINT('',#16220);
#16220 = CARTESIAN_POINT('',(184.90747728811,174.,93.));
#16221 = LINE('',#16222,#16223);
#16222 = CARTESIAN_POINT('',(184.90747728811,174.,93.));
#16223 = VECTOR('',#16224,1.);
#16224 = DIRECTION('',(0.,1.,0.));
#16225 = ORIENTED_EDGE('',*,*,#16226,.F.);
#16226 = EDGE_CURVE('',#16201,#16219,#16227,.T.);
#16227 = LINE('',#16228,#16229);
#16228 = CARTESIAN_POINT('',(189.81495457622,174.,84.5));
#16229 = VECTOR('',#16230,1.);
#16230 = DIRECTION('',(-0.5,0.,0.866025403784));
#16231 = PLANE('',#16232);
#16232 = AXIS2_PLACEMENT_3D('',#16233,#16234,#16235);
#16233 = CARTESIAN_POINT('',(189.81495457622,174.,84.5));
#16234 = DIRECTION('',(0.866025403784,0.,0.5));
#16235 = DIRECTION('',(-0.5,0.,0.866025403784));
#16236 = ADVANCED_FACE('',(#16237),#16262,.T.);
#16237 = FACE_BOUND('',#16238,.T.);
#16238 = EDGE_LOOP('',(#16239,#16249,#16255,#16256));
#16239 = ORIENTED_EDGE('',*,*,#16240,.T.);
#16240 = EDGE_CURVE('',#16241,#16243,#16245,.T.);
#16241 = VERTEX_POINT('',#16242);
#16242 = CARTESIAN_POINT('',(184.90747728811,174.,76.));
#16243 = VERTEX_POINT('',#16244);
#16244 = CARTESIAN_POINT('',(184.90747728811,190.5,76.));
#16245 = LINE('',#16246,#16247);
#16246 = CARTESIAN_POINT('',(184.90747728811,174.,76.));
#16247 = VECTOR('',#16248,1.);
#16248 = DIRECTION('',(0.,1.,0.));
#16249 = ORIENTED_EDGE('',*,*,#16250,.T.);
#16250 = EDGE_CURVE('',#16243,#16203,#16251,.T.);
#16251 = LINE('',#16252,#16253);
#16252 = CARTESIAN_POINT('',(184.90747728811,190.5,76.));
#16253 = VECTOR('',#16254,1.);
#16254 = DIRECTION('',(0.5,0.,0.866025403784));
#16255 = ORIENTED_EDGE('',*,*,#16200,.F.);
#16256 = ORIENTED_EDGE('',*,*,#16257,.F.);
#16257 = EDGE_CURVE('',#16241,#16201,#16258,.T.);
#16258 = LINE('',#16259,#16260);
#16259 = CARTESIAN_POINT('',(184.90747728811,174.,76.));
#16260 = VECTOR('',#16261,1.);
#16261 = DIRECTION('',(0.5,0.,0.866025403784));
#16262 = PLANE('',#16263);
#16263 = AXIS2_PLACEMENT_3D('',#16264,#16265,#16266);
#16264 = CARTESIAN_POINT('',(184.90747728811,174.,76.));
#16265 = DIRECTION('',(0.866025403784,0.,-0.5));
#16266 = DIRECTION('',(0.5,0.,0.866025403784));
#16267 = ADVANCED_FACE('',(#16268),#16293,.T.);
#16268 = FACE_BOUND('',#16269,.T.);
#16269 = EDGE_LOOP('',(#16270,#16271,#16279,#16287));
#16270 = ORIENTED_EDGE('',*,*,#16218,.T.);
#16271 = ORIENTED_EDGE('',*,*,#16272,.T.);
#16272 = EDGE_CURVE('',#16211,#16273,#16275,.T.);
#16273 = VERTEX_POINT('',#16274);
#16274 = CARTESIAN_POINT('',(175.09252271188,190.5,93.));
#16275 = LINE('',#16276,#16277);
#16276 = CARTESIAN_POINT('',(184.90747728811,190.5,93.));
#16277 = VECTOR('',#16278,1.);
#16278 = DIRECTION('',(-1.,0.,0.));
#16279 = ORIENTED_EDGE('',*,*,#16280,.F.);
#16280 = EDGE_CURVE('',#16281,#16273,#16283,.T.);
#16281 = VERTEX_POINT('',#16282);
#16282 = CARTESIAN_POINT('',(175.09252271188,174.,93.));
#16283 = LINE('',#16284,#16285);
#16284 = CARTESIAN_POINT('',(175.09252271188,174.,93.));
#16285 = VECTOR('',#16286,1.);
#16286 = DIRECTION('',(0.,1.,0.));
#16287 = ORIENTED_EDGE('',*,*,#16288,.F.);
#16288 = EDGE_CURVE('',#16219,#16281,#16289,.T.);
#16289 = LINE('',#16290,#16291);
#16290 = CARTESIAN_POINT('',(184.90747728811,174.,93.));
#16291 = VECTOR('',#16292,1.);
#16292 = DIRECTION('',(-1.,0.,0.));
#16293 = PLANE('',#16294);
#16294 = AXIS2_PLACEMENT_3D('',#16295,#16296,#16297);
#16295 = CARTESIAN_POINT('',(184.90747728811,174.,93.));
#16296 = DIRECTION('',(0.,0.,1.));
#16297 = DIRECTION('',(-1.,0.,0.));
#16298 = ADVANCED_FACE('',(#16299,#16326),#16337,.T.);
#16299 = FACE_BOUND('',#16300,.T.);
#16300 = EDGE_LOOP('',(#16301,#16302,#16303,#16311,#16319,#16325));
#16301 = ORIENTED_EDGE('',*,*,#16226,.T.);
#16302 = ORIENTED_EDGE('',*,*,#16288,.T.);
#16303 = ORIENTED_EDGE('',*,*,#16304,.T.);
#16304 = EDGE_CURVE('',#16281,#16305,#16307,.T.);
#16305 = VERTEX_POINT('',#16306);
#16306 = CARTESIAN_POINT('',(170.18504542377,174.,84.5));
#16307 = LINE('',#16308,#16309);
#16308 = CARTESIAN_POINT('',(175.09252271188,174.,93.));
#16309 = VECTOR('',#16310,1.);
#16310 = DIRECTION('',(-0.5,0.,-0.866025403784));
#16311 = ORIENTED_EDGE('',*,*,#16312,.T.);
#16312 = EDGE_CURVE('',#16305,#16313,#16315,.T.);
#16313 = VERTEX_POINT('',#16314);
#16314 = CARTESIAN_POINT('',(175.09252271188,174.,76.));
#16315 = LINE('',#16316,#16317);
#16316 = CARTESIAN_POINT('',(170.18504542377,174.,84.5));
#16317 = VECTOR('',#16318,1.);
#16318 = DIRECTION('',(0.5,0.,-0.866025403784));
#16319 = ORIENTED_EDGE('',*,*,#16320,.T.);
#16320 = EDGE_CURVE('',#16313,#16241,#16321,.T.);
#16321 = LINE('',#16322,#16323);
#16322 = CARTESIAN_POINT('',(175.09252271188,174.,76.));
#16323 = VECTOR('',#16324,1.);
#16324 = DIRECTION('',(1.,0.,0.));
#16325 = ORIENTED_EDGE('',*,*,#16257,.T.);
#16326 = FACE_BOUND('',#16327,.T.);
#16327 = EDGE_LOOP('',(#16328));
#16328 = ORIENTED_EDGE('',*,*,#16329,.T.);
#16329 = EDGE_CURVE('',#16330,#16330,#16332,.T.);
#16330 = VERTEX_POINT('',#16331);
#16331 = CARTESIAN_POINT('',(180.,174.,88.5));
#16332 = CIRCLE('',#16333,4.);
#16333 = AXIS2_PLACEMENT_3D('',#16334,#16335,#16336);
#16334 = CARTESIAN_POINT('',(180.,174.,84.5));
#16335 = DIRECTION('',(0.,1.,0.));
#16336 = DIRECTION('',(0.,0.,1.));
#16337 = PLANE('',#16338);
#16338 = AXIS2_PLACEMENT_3D('',#16339,#16340,#16341);
#16339 = CARTESIAN_POINT('',(180.,174.,84.5));
#16340 = DIRECTION('',(-0.,-1.,-0.));
#16341 = DIRECTION('',(0.,0.,-1.));
#16342 = ADVANCED_FACE('',(#16343,#16370),#16381,.F.);
#16343 = FACE_BOUND('',#16344,.F.);
#16344 = EDGE_LOOP('',(#16345,#16346,#16347,#16355,#16363,#16369));
#16345 = ORIENTED_EDGE('',*,*,#16210,.T.);
#16346 = ORIENTED_EDGE('',*,*,#16272,.T.);
#16347 = ORIENTED_EDGE('',*,*,#16348,.T.);
#16348 = EDGE_CURVE('',#16273,#16349,#16351,.T.);
#16349 = VERTEX_POINT('',#16350);
#16350 = CARTESIAN_POINT('',(170.18504542377,190.5,84.5));
#16351 = LINE('',#16352,#16353);
#16352 = CARTESIAN_POINT('',(175.09252271188,190.5,93.));
#16353 = VECTOR('',#16354,1.);
#16354 = DIRECTION('',(-0.5,0.,-0.866025403784));
#16355 = ORIENTED_EDGE('',*,*,#16356,.T.);
#16356 = EDGE_CURVE('',#16349,#16357,#16359,.T.);
#16357 = VERTEX_POINT('',#16358);
#16358 = CARTESIAN_POINT('',(175.09252271188,190.5,76.));
#16359 = LINE('',#16360,#16361);
#16360 = CARTESIAN_POINT('',(170.18504542377,190.5,84.5));
#16361 = VECTOR('',#16362,1.);
#16362 = DIRECTION('',(0.5,0.,-0.866025403784));
#16363 = ORIENTED_EDGE('',*,*,#16364,.T.);
#16364 = EDGE_CURVE('',#16357,#16243,#16365,.T.);
#16365 = LINE('',#16366,#16367);
#16366 = CARTESIAN_POINT('',(175.09252271188,190.5,76.));
#16367 = VECTOR('',#16368,1.);
#16368 = DIRECTION('',(1.,0.,0.));
#16369 = ORIENTED_EDGE('',*,*,#16250,.T.);
#16370 = FACE_BOUND('',#16371,.F.);
#16371 = EDGE_LOOP('',(#16372));
#16372 = ORIENTED_EDGE('',*,*,#16373,.T.);
#16373 = EDGE_CURVE('',#16374,#16374,#16376,.T.);
#16374 = VERTEX_POINT('',#16375);
#16375 = CARTESIAN_POINT('',(180.,190.5,88.5));
#16376 = CIRCLE('',#16377,4.);
#16377 = AXIS2_PLACEMENT_3D('',#16378,#16379,#16380);
#16378 = CARTESIAN_POINT('',(180.,190.5,84.5));
#16379 = DIRECTION('',(0.,1.,0.));
#16380 = DIRECTION('',(0.,0.,1.));
#16381 = PLANE('',#16382);
#16382 = AXIS2_PLACEMENT_3D('',#16383,#16384,#16385);
#16383 = CARTESIAN_POINT('',(180.,190.5,84.5));
#16384 = DIRECTION('',(-0.,-1.,-0.));
#16385 = DIRECTION('',(0.,0.,-1.));
#16386 = ADVANCED_FACE('',(#16387),#16398,.T.);
#16387 = FACE_BOUND('',#16388,.T.);
#16388 = EDGE_LOOP('',(#16389,#16395,#16396,#16397));
#16389 = ORIENTED_EDGE('',*,*,#16390,.T.);
#16390 = EDGE_CURVE('',#16313,#16357,#16391,.T.);
#16391 = LINE('',#16392,#16393);
#16392 = CARTESIAN_POINT('',(175.09252271188,174.,76.));
#16393 = VECTOR('',#16394,1.);
#16394 = DIRECTION('',(0.,1.,0.));
#16395 = ORIENTED_EDGE('',*,*,#16364,.T.);
#16396 = ORIENTED_EDGE('',*,*,#16240,.F.);
#16397 = ORIENTED_EDGE('',*,*,#16320,.F.);
#16398 = PLANE('',#16399);
#16399 = AXIS2_PLACEMENT_3D('',#16400,#16401,#16402);
#16400 = CARTESIAN_POINT('',(175.09252271188,174.,76.));
#16401 = DIRECTION('',(0.,0.,-1.));
#16402 = DIRECTION('',(1.,0.,0.));
#16403 = ADVANCED_FACE('',(#16404),#16415,.T.);
#16404 = FACE_BOUND('',#16405,.T.);
#16405 = EDGE_LOOP('',(#16406,#16407,#16408,#16414));
#16406 = ORIENTED_EDGE('',*,*,#16280,.T.);
#16407 = ORIENTED_EDGE('',*,*,#16348,.T.);
#16408 = ORIENTED_EDGE('',*,*,#16409,.F.);
#16409 = EDGE_CURVE('',#16305,#16349,#16410,.T.);
#16410 = LINE('',#16411,#16412);
#16411 = CARTESIAN_POINT('',(170.18504542377,174.,84.5));
#16412 = VECTOR('',#16413,1.);
#16413 = DIRECTION('',(0.,1.,0.));
#16414 = ORIENTED_EDGE('',*,*,#16304,.F.);
#16415 = PLANE('',#16416);
#16416 = AXIS2_PLACEMENT_3D('',#16417,#16418,#16419);
#16417 = CARTESIAN_POINT('',(175.09252271188,174.,93.));
#16418 = DIRECTION('',(-0.866025403784,0.,0.5));
#16419 = DIRECTION('',(-0.5,0.,-0.866025403784));
#16420 = ADVANCED_FACE('',(#16421),#16427,.T.);
#16421 = FACE_BOUND('',#16422,.T.);
#16422 = EDGE_LOOP('',(#16423,#16424,#16425,#16426));
#16423 = ORIENTED_EDGE('',*,*,#16409,.T.);
#16424 = ORIENTED_EDGE('',*,*,#16356,.T.);
#16425 = ORIENTED_EDGE('',*,*,#16390,.F.);
#16426 = ORIENTED_EDGE('',*,*,#16312,.F.);
#16427 = PLANE('',#16428);
#16428 = AXIS2_PLACEMENT_3D('',#16429,#16430,#16431);
#16429 = CARTESIAN_POINT('',(170.18504542377,174.,84.5));
#16430 = DIRECTION('',(-0.866025403784,0.,-0.5));
#16431 = DIRECTION('',(0.5,0.,-0.866025403784));
#16432 = ADVANCED_FACE('',(#16433),#16444,.F.);
#16433 = FACE_BOUND('',#16434,.F.);
#16434 = EDGE_LOOP('',(#16435,#16436,#16442,#16443));
#16435 = ORIENTED_EDGE('',*,*,#16373,.F.);
#16436 = ORIENTED_EDGE('',*,*,#16437,.F.);
#16437 = EDGE_CURVE('',#16330,#16374,#16438,.T.);
#16438 = LINE('',#16439,#16440);
#16439 = CARTESIAN_POINT('',(180.,173.,88.5));
#16440 = VECTOR('',#16441,1.);
#16441 = DIRECTION('',(0.,1.,0.));
#16442 = ORIENTED_EDGE('',*,*,#16329,.T.);
#16443 = ORIENTED_EDGE('',*,*,#16437,.T.);
#16444 = CYLINDRICAL_SURFACE('',#16445,4.);
#16445 = AXIS2_PLACEMENT_3D('',#16446,#16447,#16448);
#16446 = CARTESIAN_POINT('',(180.,173.,84.5));
#16447 = DIRECTION('',(0.,1.,0.));
#16448 = DIRECTION('',(0.,0.,1.));
#16449 = MANIFOLD_SOLID_BREP('',#16450);
#16450 = CLOSED_SHELL('',(#16451,#16484,#16493));
#16451 = ADVANCED_FACE('',(#16452),#16479,.T.);
#16452 = FACE_BOUND('',#16453,.T.);
#16453 = EDGE_LOOP('',(#16454,#16463,#16471,#16478));
#16454 = ORIENTED_EDGE('',*,*,#16455,.F.);
#16455 = EDGE_CURVE('',#16456,#16456,#16458,.T.);
#16456 = VERTEX_POINT('',#16457);
#16457 = CARTESIAN_POINT('',(187.,179.,85.75));
#16458 = CIRCLE('',#16459,1.25);
#16459 = AXIS2_PLACEMENT_3D('',#16460,#16461,#16462);
#16460 = CARTESIAN_POINT('',(187.,179.,84.5));
#16461 = DIRECTION('',(1.,0.,-0.));
#16462 = DIRECTION('',(0.,0.,1.));
#16463 = ORIENTED_EDGE('',*,*,#16464,.F.);
#16464 = EDGE_CURVE('',#16465,#16456,#16467,.T.);
#16465 = VERTEX_POINT('',#16466);
#16466 = CARTESIAN_POINT('',(173.,179.,85.75));
#16467 = LINE('',#16468,#16469);
#16468 = CARTESIAN_POINT('',(173.,179.,85.75));
#16469 = VECTOR('',#16470,1.);
#16470 = DIRECTION('',(1.,0.,0.));
#16471 = ORIENTED_EDGE('',*,*,#16472,.T.);
#16472 = EDGE_CURVE('',#16465,#16465,#16473,.T.);
#16473 = CIRCLE('',#16474,1.25);
#16474 = AXIS2_PLACEMENT_3D('',#16475,#16476,#16477);
#16475 = CARTESIAN_POINT('',(173.,179.,84.5));
#16476 = DIRECTION('',(1.,0.,-0.));
#16477 = DIRECTION('',(0.,0.,1.));
#16478 = ORIENTED_EDGE('',*,*,#16464,.T.);
#16479 = CYLINDRICAL_SURFACE('',#16480,1.25);
#16480 = AXIS2_PLACEMENT_3D('',#16481,#16482,#16483);
#16481 = CARTESIAN_POINT('',(173.,179.,84.5));
#16482 = DIRECTION('',(1.,0.,0.));
#16483 = DIRECTION('',(0.,0.,1.));
#16484 = ADVANCED_FACE('',(#16485),#16488,.T.);
#16485 = FACE_BOUND('',#16486,.T.);
#16486 = EDGE_LOOP('',(#16487));
#16487 = ORIENTED_EDGE('',*,*,#16455,.T.);
#16488 = PLANE('',#16489);
#16489 = AXIS2_PLACEMENT_3D('',#16490,#16491,#16492);
#16490 = CARTESIAN_POINT('',(187.,179.,84.5));
#16491 = DIRECTION('',(1.,0.,0.));
#16492 = DIRECTION('',(0.,0.,1.));
#16493 = ADVANCED_FACE('',(#16494),#16497,.F.);
#16494 = FACE_BOUND('',#16495,.T.);
#16495 = EDGE_LOOP('',(#16496));
#16496 = ORIENTED_EDGE('',*,*,#16472,.F.);
#16497 = PLANE('',#16498);
#16498 = AXIS2_PLACEMENT_3D('',#16499,#16500,#16501);
#16499 = CARTESIAN_POINT('',(173.,179.,84.5));
#16500 = DIRECTION('',(1.,0.,0.));
#16501 = DIRECTION('',(0.,0.,1.));
#16502 = MANIFOLD_SOLID_BREP('',#16503);
#16503 = CLOSED_SHELL('',(#16504,#16537,#16557,#16577));
#16504 = ADVANCED_FACE('',(#16505),#16532,.T.);
#16505 = FACE_BOUND('',#16506,.T.);
#16506 = EDGE_LOOP('',(#16507,#16516,#16524,#16531));
#16507 = ORIENTED_EDGE('',*,*,#16508,.F.);
#16508 = EDGE_CURVE('',#16509,#16509,#16511,.T.);
#16509 = VERTEX_POINT('',#16510);
#16510 = CARTESIAN_POINT('',(-180.,-162.,74.));
#16511 = CIRCLE('',#16512,10.5);
#16512 = AXIS2_PLACEMENT_3D('',#16513,#16514,#16515);
#16513 = CARTESIAN_POINT('',(-180.,-162.,84.5));
#16514 = DIRECTION('',(0.,-1.,0.));
#16515 = DIRECTION('',(0.,0.,-1.));
#16516 = ORIENTED_EDGE('',*,*,#16517,.F.);
#16517 = EDGE_CURVE('',#16518,#16509,#16520,.T.);
#16518 = VERTEX_POINT('',#16519);
#16519 = CARTESIAN_POINT('',(-180.,-158.,74.));
#16520 = LINE('',#16521,#16522);
#16521 = CARTESIAN_POINT('',(-180.,-158.,74.));
#16522 = VECTOR('',#16523,1.);
#16523 = DIRECTION('',(0.,-1.,0.));
#16524 = ORIENTED_EDGE('',*,*,#16525,.T.);
#16525 = EDGE_CURVE('',#16518,#16518,#16526,.T.);
#16526 = CIRCLE('',#16527,10.5);
#16527 = AXIS2_PLACEMENT_3D('',#16528,#16529,#16530);
#16528 = CARTESIAN_POINT('',(-180.,-158.,84.5));
#16529 = DIRECTION('',(0.,-1.,0.));
#16530 = DIRECTION('',(0.,0.,-1.));
#16531 = ORIENTED_EDGE('',*,*,#16517,.T.);
#16532 = CYLINDRICAL_SURFACE('',#16533,10.5);
#16533 = AXIS2_PLACEMENT_3D('',#16534,#16535,#16536);
#16534 = CARTESIAN_POINT('',(-180.,-158.,84.5));
#16535 = DIRECTION('',(0.,-1.,0.));
#16536 = DIRECTION('',(0.,0.,-1.));
#16537 = ADVANCED_FACE('',(#16538,#16541),#16552,.T.);
#16538 = FACE_BOUND('',#16539,.T.);
#16539 = EDGE_LOOP('',(#16540));
#16540 = ORIENTED_EDGE('',*,*,#16508,.T.);
#16541 = FACE_BOUND('',#16542,.T.);
#16542 = EDGE_LOOP('',(#16543));
#16543 = ORIENTED_EDGE('',*,*,#16544,.F.);
#16544 = EDGE_CURVE('',#16545,#16545,#16547,.T.);
#16545 = VERTEX_POINT('',#16546);
#16546 = CARTESIAN_POINT('',(-180.,-162.,77.));
#16547 = CIRCLE('',#16548,7.5);
#16548 = AXIS2_PLACEMENT_3D('',#16549,#16550,#16551);
#16549 = CARTESIAN_POINT('',(-180.,-162.,84.5));
#16550 = DIRECTION('',(0.,-1.,0.));
#16551 = DIRECTION('',(0.,0.,-1.));
#16552 = PLANE('',#16553);
#16553 = AXIS2_PLACEMENT_3D('',#16554,#16555,#16556);
#16554 = CARTESIAN_POINT('',(-180.,-162.,84.5));
#16555 = DIRECTION('',(0.,-1.,0.));
#16556 = DIRECTION('',(0.,0.,-1.));
#16557 = ADVANCED_FACE('',(#16558,#16561),#16572,.F.);
#16558 = FACE_BOUND('',#16559,.F.);
#16559 = EDGE_LOOP('',(#16560));
#16560 = ORIENTED_EDGE('',*,*,#16525,.T.);
#16561 = FACE_BOUND('',#16562,.F.);
#16562 = EDGE_LOOP('',(#16563));
#16563 = ORIENTED_EDGE('',*,*,#16564,.F.);
#16564 = EDGE_CURVE('',#16565,#16565,#16567,.T.);
#16565 = VERTEX_POINT('',#16566);
#16566 = CARTESIAN_POINT('',(-180.,-158.,77.));
#16567 = CIRCLE('',#16568,7.5);
#16568 = AXIS2_PLACEMENT_3D('',#16569,#16570,#16571);
#16569 = CARTESIAN_POINT('',(-180.,-158.,84.5));
#16570 = DIRECTION('',(0.,-1.,0.));
#16571 = DIRECTION('',(0.,0.,-1.));
#16572 = PLANE('',#16573);
#16573 = AXIS2_PLACEMENT_3D('',#16574,#16575,#16576);
#16574 = CARTESIAN_POINT('',(-180.,-158.,84.5));
#16575 = DIRECTION('',(0.,-1.,0.));
#16576 = DIRECTION('',(0.,0.,-1.));
#16577 = ADVANCED_FACE('',(#16578),#16589,.F.);
#16578 = FACE_BOUND('',#16579,.F.);
#16579 = EDGE_LOOP('',(#16580,#16581,#16587,#16588));
#16580 = ORIENTED_EDGE('',*,*,#16544,.F.);
#16581 = ORIENTED_EDGE('',*,*,#16582,.F.);
#16582 = EDGE_CURVE('',#16565,#16545,#16583,.T.);
#16583 = LINE('',#16584,#16585);
#16584 = CARTESIAN_POINT('',(-180.,-158.,77.));
#16585 = VECTOR('',#16586,1.);
#16586 = DIRECTION('',(0.,-1.,0.));
#16587 = ORIENTED_EDGE('',*,*,#16564,.T.);
#16588 = ORIENTED_EDGE('',*,*,#16582,.T.);
#16589 = CYLINDRICAL_SURFACE('',#16590,7.5);
#16590 = AXIS2_PLACEMENT_3D('',#16591,#16592,#16593);
#16591 = CARTESIAN_POINT('',(-180.,-158.,84.5));
#16592 = DIRECTION('',(0.,-1.,0.));
#16593 = DIRECTION('',(0.,0.,-1.));
#16594 = MANIFOLD_SOLID_BREP('',#16595);
#16595 = CLOSED_SHELL('',(#16596,#16629,#16649,#16669));
#16596 = ADVANCED_FACE('',(#16597),#16624,.T.);
#16597 = FACE_BOUND('',#16598,.T.);
#16598 = EDGE_LOOP('',(#16599,#16608,#16616,#16623));
#16599 = ORIENTED_EDGE('',*,*,#16600,.F.);
#16600 = EDGE_CURVE('',#16601,#16601,#16603,.T.);
#16601 = VERTEX_POINT('',#16602);
#16602 = CARTESIAN_POINT('',(-180.,-173.,76.5));
#16603 = CIRCLE('',#16604,8.);
#16604 = AXIS2_PLACEMENT_3D('',#16605,#16606,#16607);
#16605 = CARTESIAN_POINT('',(-180.,-173.,84.5));
#16606 = DIRECTION('',(0.,-1.,0.));
#16607 = DIRECTION('',(0.,0.,-1.));
#16608 = ORIENTED_EDGE('',*,*,#16609,.F.);
#16609 = EDGE_CURVE('',#16610,#16601,#16612,.T.);
#16610 = VERTEX_POINT('',#16611);
#16611 = CARTESIAN_POINT('',(-180.,-168.,76.5));
#16612 = LINE('',#16613,#16614);
#16613 = CARTESIAN_POINT('',(-180.,-168.,76.5));
#16614 = VECTOR('',#16615,1.);
#16615 = DIRECTION('',(0.,-1.,0.));
#16616 = ORIENTED_EDGE('',*,*,#16617,.T.);
#16617 = EDGE_CURVE('',#16610,#16610,#16618,.T.);
#16618 = CIRCLE('',#16619,8.);
#16619 = AXIS2_PLACEMENT_3D('',#16620,#16621,#16622);
#16620 = CARTESIAN_POINT('',(-180.,-168.,84.5));
#16621 = DIRECTION('',(0.,-1.,0.));
#16622 = DIRECTION('',(0.,0.,-1.));
#16623 = ORIENTED_EDGE('',*,*,#16609,.T.);
#16624 = CYLINDRICAL_SURFACE('',#16625,8.);
#16625 = AXIS2_PLACEMENT_3D('',#16626,#16627,#16628);
#16626 = CARTESIAN_POINT('',(-180.,-168.,84.5));
#16627 = DIRECTION('',(0.,-1.,0.));
#16628 = DIRECTION('',(0.,0.,-1.));
#16629 = ADVANCED_FACE('',(#16630,#16633),#16644,.T.);
#16630 = FACE_BOUND('',#16631,.T.);
#16631 = EDGE_LOOP('',(#16632));
#16632 = ORIENTED_EDGE('',*,*,#16600,.T.);
#16633 = FACE_BOUND('',#16634,.T.);
#16634 = EDGE_LOOP('',(#16635));
#16635 = ORIENTED_EDGE('',*,*,#16636,.F.);
#16636 = EDGE_CURVE('',#16637,#16637,#16639,.T.);
#16637 = VERTEX_POINT('',#16638);
#16638 = CARTESIAN_POINT('',(-180.,-173.,80.5));
#16639 = CIRCLE('',#16640,4.);
#16640 = AXIS2_PLACEMENT_3D('',#16641,#16642,#16643);
#16641 = CARTESIAN_POINT('',(-180.,-173.,84.5));
#16642 = DIRECTION('',(0.,-1.,0.));
#16643 = DIRECTION('',(0.,0.,-1.));
#16644 = PLANE('',#16645);
#16645 = AXIS2_PLACEMENT_3D('',#16646,#16647,#16648);
#16646 = CARTESIAN_POINT('',(-180.,-173.,84.5));
#16647 = DIRECTION('',(0.,-1.,0.));
#16648 = DIRECTION('',(0.,0.,-1.));
#16649 = ADVANCED_FACE('',(#16650,#16653),#16664,.F.);
#16650 = FACE_BOUND('',#16651,.F.);
#16651 = EDGE_LOOP('',(#16652));
#16652 = ORIENTED_EDGE('',*,*,#16617,.T.);
#16653 = FACE_BOUND('',#16654,.F.);
#16654 = EDGE_LOOP('',(#16655));
#16655 = ORIENTED_EDGE('',*,*,#16656,.F.);
#16656 = EDGE_CURVE('',#16657,#16657,#16659,.T.);
#16657 = VERTEX_POINT('',#16658);
#16658 = CARTESIAN_POINT('',(-180.,-168.,80.5));
#16659 = CIRCLE('',#16660,4.);
#16660 = AXIS2_PLACEMENT_3D('',#16661,#16662,#16663);
#16661 = CARTESIAN_POINT('',(-180.,-168.,84.5));
#16662 = DIRECTION('',(0.,-1.,0.));
#16663 = DIRECTION('',(0.,0.,-1.));
#16664 = PLANE('',#16665);
#16665 = AXIS2_PLACEMENT_3D('',#16666,#16667,#16668);
#16666 = CARTESIAN_POINT('',(-180.,-168.,84.5));
#16667 = DIRECTION('',(0.,-1.,0.));
#16668 = DIRECTION('',(0.,0.,-1.));
#16669 = ADVANCED_FACE('',(#16670),#16681,.F.);
#16670 = FACE_BOUND('',#16671,.F.);
#16671 = EDGE_LOOP('',(#16672,#16673,#16679,#16680));
#16672 = ORIENTED_EDGE('',*,*,#16636,.F.);
#16673 = ORIENTED_EDGE('',*,*,#16674,.F.);
#16674 = EDGE_CURVE('',#16657,#16637,#16675,.T.);
#16675 = LINE('',#16676,#16677);
#16676 = CARTESIAN_POINT('',(-180.,-168.,80.5));
#16677 = VECTOR('',#16678,1.);
#16678 = DIRECTION('',(0.,-1.,0.));
#16679 = ORIENTED_EDGE('',*,*,#16656,.T.);
#16680 = ORIENTED_EDGE('',*,*,#16674,.T.);
#16681 = CYLINDRICAL_SURFACE('',#16682,4.);
#16682 = AXIS2_PLACEMENT_3D('',#16683,#16684,#16685);
#16683 = CARTESIAN_POINT('',(-180.,-168.,84.5));
#16684 = DIRECTION('',(0.,-1.,0.));
#16685 = DIRECTION('',(0.,0.,-1.));
#16686 = MANIFOLD_SOLID_BREP('',#16687);
#16687 = CLOSED_SHELL('',(#16688,#16728,#16759,#16790,#16834,#16878,
    #16895,#16912,#16924));
#16688 = ADVANCED_FACE('',(#16689),#16723,.F.);
#16689 = FACE_BOUND('',#16690,.F.);
#16690 = EDGE_LOOP('',(#16691,#16701,#16709,#16717));
#16691 = ORIENTED_EDGE('',*,*,#16692,.T.);
#16692 = EDGE_CURVE('',#16693,#16695,#16697,.T.);
#16693 = VERTEX_POINT('',#16694);
#16694 = CARTESIAN_POINT('',(-170.1850454237,-174.,84.5));
#16695 = VERTEX_POINT('',#16696);
#16696 = CARTESIAN_POINT('',(-170.1850454237,-187.6,84.5));
#16697 = LINE('',#16698,#16699);
#16698 = CARTESIAN_POINT('',(-170.1850454237,-174.,84.5));
#16699 = VECTOR('',#16700,1.);
#16700 = DIRECTION('',(0.,-1.,0.));
#16701 = ORIENTED_EDGE('',*,*,#16702,.T.);
#16702 = EDGE_CURVE('',#16695,#16703,#16705,.T.);
#16703 = VERTEX_POINT('',#16704);
#16704 = CARTESIAN_POINT('',(-175.0925227118,-187.6,93.));
#16705 = LINE('',#16706,#16707);
#16706 = CARTESIAN_POINT('',(-170.1850454237,-187.6,84.5));
#16707 = VECTOR('',#16708,1.);
#16708 = DIRECTION('',(-0.5,0.,0.866025403784));
#16709 = ORIENTED_EDGE('',*,*,#16710,.F.);
#16710 = EDGE_CURVE('',#16711,#16703,#16713,.T.);
#16711 = VERTEX_POINT('',#16712);
#16712 = CARTESIAN_POINT('',(-175.0925227118,-174.,93.));
#16713 = LINE('',#16714,#16715);
#16714 = CARTESIAN_POINT('',(-175.0925227118,-174.,93.));
#16715 = VECTOR('',#16716,1.);
#16716 = DIRECTION('',(0.,-1.,0.));
#16717 = ORIENTED_EDGE('',*,*,#16718,.F.);
#16718 = EDGE_CURVE('',#16693,#16711,#16719,.T.);
#16719 = LINE('',#16720,#16721);
#16720 = CARTESIAN_POINT('',(-170.1850454237,-174.,84.5));
#16721 = VECTOR('',#16722,1.);
#16722 = DIRECTION('',(-0.5,0.,0.866025403784));
#16723 = PLANE('',#16724);
#16724 = AXIS2_PLACEMENT_3D('',#16725,#16726,#16727);
#16725 = CARTESIAN_POINT('',(-170.1850454237,-174.,84.5));
#16726 = DIRECTION('',(-0.866025403784,-0.,-0.5));
#16727 = DIRECTION('',(-0.5,0.,0.866025403784));
#16728 = ADVANCED_FACE('',(#16729),#16754,.F.);
#16729 = FACE_BOUND('',#16730,.F.);
#16730 = EDGE_LOOP('',(#16731,#16741,#16747,#16748));
#16731 = ORIENTED_EDGE('',*,*,#16732,.T.);
#16732 = EDGE_CURVE('',#16733,#16735,#16737,.T.);
#16733 = VERTEX_POINT('',#16734);
#16734 = CARTESIAN_POINT('',(-175.0925227118,-174.,76.));
#16735 = VERTEX_POINT('',#16736);
#16736 = CARTESIAN_POINT('',(-175.0925227118,-187.6,76.));
#16737 = LINE('',#16738,#16739);
#16738 = CARTESIAN_POINT('',(-175.0925227118,-174.,76.));
#16739 = VECTOR('',#16740,1.);
#16740 = DIRECTION('',(0.,-1.,0.));
#16741 = ORIENTED_EDGE('',*,*,#16742,.T.);
#16742 = EDGE_CURVE('',#16735,#16695,#16743,.T.);
#16743 = LINE('',#16744,#16745);
#16744 = CARTESIAN_POINT('',(-175.0925227118,-187.6,76.));
#16745 = VECTOR('',#16746,1.);
#16746 = DIRECTION('',(0.5,0.,0.866025403784));
#16747 = ORIENTED_EDGE('',*,*,#16692,.F.);
#16748 = ORIENTED_EDGE('',*,*,#16749,.F.);
#16749 = EDGE_CURVE('',#16733,#16693,#16750,.T.);
#16750 = LINE('',#16751,#16752);
#16751 = CARTESIAN_POINT('',(-175.0925227118,-174.,76.));
#16752 = VECTOR('',#16753,1.);
#16753 = DIRECTION('',(0.5,0.,0.866025403784));
#16754 = PLANE('',#16755);
#16755 = AXIS2_PLACEMENT_3D('',#16756,#16757,#16758);
#16756 = CARTESIAN_POINT('',(-175.0925227118,-174.,76.));
#16757 = DIRECTION('',(-0.866025403784,0.,0.5));
#16758 = DIRECTION('',(0.5,0.,0.866025403784));
#16759 = ADVANCED_FACE('',(#16760),#16785,.F.);
#16760 = FACE_BOUND('',#16761,.F.);
#16761 = EDGE_LOOP('',(#16762,#16763,#16771,#16779));
#16762 = ORIENTED_EDGE('',*,*,#16710,.T.);
#16763 = ORIENTED_EDGE('',*,*,#16764,.T.);
#16764 = EDGE_CURVE('',#16703,#16765,#16767,.T.);
#16765 = VERTEX_POINT('',#16766);
#16766 = CARTESIAN_POINT('',(-184.9074772881,-187.6,93.));
#16767 = LINE('',#16768,#16769);
#16768 = CARTESIAN_POINT('',(-175.0925227118,-187.6,93.));
#16769 = VECTOR('',#16770,1.);
#16770 = DIRECTION('',(-1.,0.,0.));
#16771 = ORIENTED_EDGE('',*,*,#16772,.F.);
#16772 = EDGE_CURVE('',#16773,#16765,#16775,.T.);
#16773 = VERTEX_POINT('',#16774);
#16774 = CARTESIAN_POINT('',(-184.9074772881,-174.,93.));
#16775 = LINE('',#16776,#16777);
#16776 = CARTESIAN_POINT('',(-184.9074772881,-174.,93.));
#16777 = VECTOR('',#16778,1.);
#16778 = DIRECTION('',(0.,-1.,0.));
#16779 = ORIENTED_EDGE('',*,*,#16780,.F.);
#16780 = EDGE_CURVE('',#16711,#16773,#16781,.T.);
#16781 = LINE('',#16782,#16783);
#16782 = CARTESIAN_POINT('',(-175.0925227118,-174.,93.));
#16783 = VECTOR('',#16784,1.);
#16784 = DIRECTION('',(-1.,0.,0.));
#16785 = PLANE('',#16786);
#16786 = AXIS2_PLACEMENT_3D('',#16787,#16788,#16789);
#16787 = CARTESIAN_POINT('',(-175.0925227118,-174.,93.));
#16788 = DIRECTION('',(-0.,-0.,-1.));
#16789 = DIRECTION('',(-1.,0.,0.));
#16790 = ADVANCED_FACE('',(#16791,#16818),#16829,.F.);
#16791 = FACE_BOUND('',#16792,.F.);
#16792 = EDGE_LOOP('',(#16793,#16794,#16795,#16803,#16811,#16817));
#16793 = ORIENTED_EDGE('',*,*,#16718,.T.);
#16794 = ORIENTED_EDGE('',*,*,#16780,.T.);
#16795 = ORIENTED_EDGE('',*,*,#16796,.T.);
#16796 = EDGE_CURVE('',#16773,#16797,#16799,.T.);
#16797 = VERTEX_POINT('',#16798);
#16798 = CARTESIAN_POINT('',(-189.8149545762,-174.,84.5));
#16799 = LINE('',#16800,#16801);
#16800 = CARTESIAN_POINT('',(-184.9074772881,-174.,93.));
#16801 = VECTOR('',#16802,1.);
#16802 = DIRECTION('',(-0.5,0.,-0.866025403784));
#16803 = ORIENTED_EDGE('',*,*,#16804,.T.);
#16804 = EDGE_CURVE('',#16797,#16805,#16807,.T.);
#16805 = VERTEX_POINT('',#16806);
#16806 = CARTESIAN_POINT('',(-184.9074772881,-174.,76.));
#16807 = LINE('',#16808,#16809);
#16808 = CARTESIAN_POINT('',(-189.8149545762,-174.,84.5));
#16809 = VECTOR('',#16810,1.);
#16810 = DIRECTION('',(0.5,0.,-0.866025403784));
#16811 = ORIENTED_EDGE('',*,*,#16812,.T.);
#16812 = EDGE_CURVE('',#16805,#16733,#16813,.T.);
#16813 = LINE('',#16814,#16815);
#16814 = CARTESIAN_POINT('',(-184.9074772881,-174.,76.));
#16815 = VECTOR('',#16816,1.);
#16816 = DIRECTION('',(1.,0.,0.));
#16817 = ORIENTED_EDGE('',*,*,#16749,.T.);
#16818 = FACE_BOUND('',#16819,.F.);
#16819 = EDGE_LOOP('',(#16820));
#16820 = ORIENTED_EDGE('',*,*,#16821,.F.);
#16821 = EDGE_CURVE('',#16822,#16822,#16824,.T.);
#16822 = VERTEX_POINT('',#16823);
#16823 = CARTESIAN_POINT('',(-180.,-174.,80.5));
#16824 = CIRCLE('',#16825,4.);
#16825 = AXIS2_PLACEMENT_3D('',#16826,#16827,#16828);
#16826 = CARTESIAN_POINT('',(-180.,-174.,84.5));
#16827 = DIRECTION('',(0.,-1.,0.));
#16828 = DIRECTION('',(0.,0.,-1.));
#16829 = PLANE('',#16830);
#16830 = AXIS2_PLACEMENT_3D('',#16831,#16832,#16833);
#16831 = CARTESIAN_POINT('',(-180.,-174.,84.5));
#16832 = DIRECTION('',(-0.,-1.,-0.));
#16833 = DIRECTION('',(0.,0.,-1.));
#16834 = ADVANCED_FACE('',(#16835,#16862),#16873,.T.);
#16835 = FACE_BOUND('',#16836,.T.);
#16836 = EDGE_LOOP('',(#16837,#16838,#16839,#16847,#16855,#16861));
#16837 = ORIENTED_EDGE('',*,*,#16702,.T.);
#16838 = ORIENTED_EDGE('',*,*,#16764,.T.);
#16839 = ORIENTED_EDGE('',*,*,#16840,.T.);
#16840 = EDGE_CURVE('',#16765,#16841,#16843,.T.);
#16841 = VERTEX_POINT('',#16842);
#16842 = CARTESIAN_POINT('',(-189.8149545762,-187.6,84.5));
#16843 = LINE('',#16844,#16845);
#16844 = CARTESIAN_POINT('',(-184.9074772881,-187.6,93.));
#16845 = VECTOR('',#16846,1.);
#16846 = DIRECTION('',(-0.5,0.,-0.866025403784));
#16847 = ORIENTED_EDGE('',*,*,#16848,.T.);
#16848 = EDGE_CURVE('',#16841,#16849,#16851,.T.);
#16849 = VERTEX_POINT('',#16850);
#16850 = CARTESIAN_POINT('',(-184.9074772881,-187.6,76.));
#16851 = LINE('',#16852,#16853);
#16852 = CARTESIAN_POINT('',(-189.8149545762,-187.6,84.5));
#16853 = VECTOR('',#16854,1.);
#16854 = DIRECTION('',(0.5,0.,-0.866025403784));
#16855 = ORIENTED_EDGE('',*,*,#16856,.T.);
#16856 = EDGE_CURVE('',#16849,#16735,#16857,.T.);
#16857 = LINE('',#16858,#16859);
#16858 = CARTESIAN_POINT('',(-184.9074772881,-187.6,76.));
#16859 = VECTOR('',#16860,1.);
#16860 = DIRECTION('',(1.,0.,0.));
#16861 = ORIENTED_EDGE('',*,*,#16742,.T.);
#16862 = FACE_BOUND('',#16863,.T.);
#16863 = EDGE_LOOP('',(#16864));
#16864 = ORIENTED_EDGE('',*,*,#16865,.F.);
#16865 = EDGE_CURVE('',#16866,#16866,#16868,.T.);
#16866 = VERTEX_POINT('',#16867);
#16867 = CARTESIAN_POINT('',(-180.,-187.6,80.5));
#16868 = CIRCLE('',#16869,4.);
#16869 = AXIS2_PLACEMENT_3D('',#16870,#16871,#16872);
#16870 = CARTESIAN_POINT('',(-180.,-187.6,84.5));
#16871 = DIRECTION('',(0.,-1.,0.));
#16872 = DIRECTION('',(0.,0.,-1.));
#16873 = PLANE('',#16874);
#16874 = AXIS2_PLACEMENT_3D('',#16875,#16876,#16877);
#16875 = CARTESIAN_POINT('',(-180.,-187.6,84.5));
#16876 = DIRECTION('',(-0.,-1.,-0.));
#16877 = DIRECTION('',(0.,0.,-1.));
#16878 = ADVANCED_FACE('',(#16879),#16890,.F.);
#16879 = FACE_BOUND('',#16880,.F.);
#16880 = EDGE_LOOP('',(#16881,#16887,#16888,#16889));
#16881 = ORIENTED_EDGE('',*,*,#16882,.T.);
#16882 = EDGE_CURVE('',#16805,#16849,#16883,.T.);
#16883 = LINE('',#16884,#16885);
#16884 = CARTESIAN_POINT('',(-184.9074772881,-174.,76.));
#16885 = VECTOR('',#16886,1.);
#16886 = DIRECTION('',(0.,-1.,0.));
#16887 = ORIENTED_EDGE('',*,*,#16856,.T.);
#16888 = ORIENTED_EDGE('',*,*,#16732,.F.);
#16889 = ORIENTED_EDGE('',*,*,#16812,.F.);
#16890 = PLANE('',#16891);
#16891 = AXIS2_PLACEMENT_3D('',#16892,#16893,#16894);
#16892 = CARTESIAN_POINT('',(-184.9074772881,-174.,76.));
#16893 = DIRECTION('',(0.,0.,1.));
#16894 = DIRECTION('',(1.,0.,0.));
#16895 = ADVANCED_FACE('',(#16896),#16907,.F.);
#16896 = FACE_BOUND('',#16897,.F.);
#16897 = EDGE_LOOP('',(#16898,#16899,#16900,#16906));
#16898 = ORIENTED_EDGE('',*,*,#16772,.T.);
#16899 = ORIENTED_EDGE('',*,*,#16840,.T.);
#16900 = ORIENTED_EDGE('',*,*,#16901,.F.);
#16901 = EDGE_CURVE('',#16797,#16841,#16902,.T.);
#16902 = LINE('',#16903,#16904);
#16903 = CARTESIAN_POINT('',(-189.8149545762,-174.,84.5));
#16904 = VECTOR('',#16905,1.);
#16905 = DIRECTION('',(0.,-1.,0.));
#16906 = ORIENTED_EDGE('',*,*,#16796,.F.);
#16907 = PLANE('',#16908);
#16908 = AXIS2_PLACEMENT_3D('',#16909,#16910,#16911);
#16909 = CARTESIAN_POINT('',(-184.9074772881,-174.,93.));
#16910 = DIRECTION('',(0.866025403784,0.,-0.5));
#16911 = DIRECTION('',(-0.5,0.,-0.866025403784));
#16912 = ADVANCED_FACE('',(#16913),#16919,.F.);
#16913 = FACE_BOUND('',#16914,.F.);
#16914 = EDGE_LOOP('',(#16915,#16916,#16917,#16918));
#16915 = ORIENTED_EDGE('',*,*,#16901,.T.);
#16916 = ORIENTED_EDGE('',*,*,#16848,.T.);
#16917 = ORIENTED_EDGE('',*,*,#16882,.F.);
#16918 = ORIENTED_EDGE('',*,*,#16804,.F.);
#16919 = PLANE('',#16920);
#16920 = AXIS2_PLACEMENT_3D('',#16921,#16922,#16923);
#16921 = CARTESIAN_POINT('',(-189.8149545762,-174.,84.5));
#16922 = DIRECTION('',(0.866025403784,0.,0.5));
#16923 = DIRECTION('',(0.5,0.,-0.866025403784));
#16924 = ADVANCED_FACE('',(#16925),#16936,.F.);
#16925 = FACE_BOUND('',#16926,.F.);
#16926 = EDGE_LOOP('',(#16927,#16928,#16934,#16935));
#16927 = ORIENTED_EDGE('',*,*,#16865,.F.);
#16928 = ORIENTED_EDGE('',*,*,#16929,.F.);
#16929 = EDGE_CURVE('',#16822,#16866,#16930,.T.);
#16930 = LINE('',#16931,#16932);
#16931 = CARTESIAN_POINT('',(-180.,-173.,80.5));
#16932 = VECTOR('',#16933,1.);
#16933 = DIRECTION('',(0.,-1.,0.));
#16934 = ORIENTED_EDGE('',*,*,#16821,.T.);
#16935 = ORIENTED_EDGE('',*,*,#16929,.T.);
#16936 = CYLINDRICAL_SURFACE('',#16937,4.);
#16937 = AXIS2_PLACEMENT_3D('',#16938,#16939,#16940);
#16938 = CARTESIAN_POINT('',(-180.,-173.,84.5));
#16939 = DIRECTION('',(0.,-1.,0.));
#16940 = DIRECTION('',(0.,0.,-1.));
#16941 = MANIFOLD_SOLID_BREP('',#16942);
#16942 = CLOSED_SHELL('',(#16943,#16976,#16985));
#16943 = ADVANCED_FACE('',(#16944),#16971,.T.);
#16944 = FACE_BOUND('',#16945,.T.);
#16945 = EDGE_LOOP('',(#16946,#16955,#16963,#16970));
#16946 = ORIENTED_EDGE('',*,*,#16947,.F.);
#16947 = EDGE_CURVE('',#16948,#16948,#16950,.T.);
#16948 = VERTEX_POINT('',#16949);
#16949 = CARTESIAN_POINT('',(-173.,-179.,85.75));
#16950 = CIRCLE('',#16951,1.25);
#16951 = AXIS2_PLACEMENT_3D('',#16952,#16953,#16954);
#16952 = CARTESIAN_POINT('',(-173.,-179.,84.5));
#16953 = DIRECTION('',(1.,0.,-0.));
#16954 = DIRECTION('',(0.,0.,1.));
#16955 = ORIENTED_EDGE('',*,*,#16956,.F.);
#16956 = EDGE_CURVE('',#16957,#16948,#16959,.T.);
#16957 = VERTEX_POINT('',#16958);
#16958 = CARTESIAN_POINT('',(-187.,-179.,85.75));
#16959 = LINE('',#16960,#16961);
#16960 = CARTESIAN_POINT('',(-187.,-179.,85.75));
#16961 = VECTOR('',#16962,1.);
#16962 = DIRECTION('',(1.,0.,0.));
#16963 = ORIENTED_EDGE('',*,*,#16964,.T.);
#16964 = EDGE_CURVE('',#16957,#16957,#16965,.T.);
#16965 = CIRCLE('',#16966,1.25);
#16966 = AXIS2_PLACEMENT_3D('',#16967,#16968,#16969);
#16967 = CARTESIAN_POINT('',(-187.,-179.,84.5));
#16968 = DIRECTION('',(1.,0.,-0.));
#16969 = DIRECTION('',(0.,0.,1.));
#16970 = ORIENTED_EDGE('',*,*,#16956,.T.);
#16971 = CYLINDRICAL_SURFACE('',#16972,1.25);
#16972 = AXIS2_PLACEMENT_3D('',#16973,#16974,#16975);
#16973 = CARTESIAN_POINT('',(-187.,-179.,84.5));
#16974 = DIRECTION('',(1.,0.,0.));
#16975 = DIRECTION('',(0.,0.,1.));
#16976 = ADVANCED_FACE('',(#16977),#16980,.T.);
#16977 = FACE_BOUND('',#16978,.T.);
#16978 = EDGE_LOOP('',(#16979));
#16979 = ORIENTED_EDGE('',*,*,#16947,.T.);
#16980 = PLANE('',#16981);
#16981 = AXIS2_PLACEMENT_3D('',#16982,#16983,#16984);
#16982 = CARTESIAN_POINT('',(-173.,-179.,84.5));
#16983 = DIRECTION('',(1.,0.,0.));
#16984 = DIRECTION('',(0.,0.,1.));
#16985 = ADVANCED_FACE('',(#16986),#16989,.F.);
#16986 = FACE_BOUND('',#16987,.T.);
#16987 = EDGE_LOOP('',(#16988));
#16988 = ORIENTED_EDGE('',*,*,#16964,.F.);
#16989 = PLANE('',#16990);
#16990 = AXIS2_PLACEMENT_3D('',#16991,#16992,#16993);
#16991 = CARTESIAN_POINT('',(-187.,-179.,84.5));
#16992 = DIRECTION('',(1.,0.,0.));
#16993 = DIRECTION('',(0.,0.,1.));
#16994 = MANIFOLD_SOLID_BREP('',#16995);
#16995 = CLOSED_SHELL('',(#16996,#17029,#17049,#17069));
#16996 = ADVANCED_FACE('',(#16997),#17024,.T.);
#16997 = FACE_BOUND('',#16998,.T.);
#16998 = EDGE_LOOP('',(#16999,#17008,#17016,#17023));
#16999 = ORIENTED_EDGE('',*,*,#17000,.F.);
#17000 = EDGE_CURVE('',#17001,#17001,#17003,.T.);
#17001 = VERTEX_POINT('',#17002);
#17002 = CARTESIAN_POINT('',(-180.,162.,95.));
#17003 = CIRCLE('',#17004,10.5);
#17004 = AXIS2_PLACEMENT_3D('',#17005,#17006,#17007);
#17005 = CARTESIAN_POINT('',(-180.,162.,84.5));
#17006 = DIRECTION('',(0.,1.,0.));
#17007 = DIRECTION('',(0.,0.,1.));
#17008 = ORIENTED_EDGE('',*,*,#17009,.F.);
#17009 = EDGE_CURVE('',#17010,#17001,#17012,.T.);
#17010 = VERTEX_POINT('',#17011);
#17011 = CARTESIAN_POINT('',(-180.,158.,95.));
#17012 = LINE('',#17013,#17014);
#17013 = CARTESIAN_POINT('',(-180.,158.,95.));
#17014 = VECTOR('',#17015,1.);
#17015 = DIRECTION('',(0.,1.,0.));
#17016 = ORIENTED_EDGE('',*,*,#17017,.T.);
#17017 = EDGE_CURVE('',#17010,#17010,#17018,.T.);
#17018 = CIRCLE('',#17019,10.5);
#17019 = AXIS2_PLACEMENT_3D('',#17020,#17021,#17022);
#17020 = CARTESIAN_POINT('',(-180.,158.,84.5));
#17021 = DIRECTION('',(0.,1.,0.));
#17022 = DIRECTION('',(0.,0.,1.));
#17023 = ORIENTED_EDGE('',*,*,#17009,.T.);
#17024 = CYLINDRICAL_SURFACE('',#17025,10.5);
#17025 = AXIS2_PLACEMENT_3D('',#17026,#17027,#17028);
#17026 = CARTESIAN_POINT('',(-180.,158.,84.5));
#17027 = DIRECTION('',(0.,1.,0.));
#17028 = DIRECTION('',(0.,0.,1.));
#17029 = ADVANCED_FACE('',(#17030,#17033),#17044,.T.);
#17030 = FACE_BOUND('',#17031,.T.);
#17031 = EDGE_LOOP('',(#17032));
#17032 = ORIENTED_EDGE('',*,*,#17000,.T.);
#17033 = FACE_BOUND('',#17034,.T.);
#17034 = EDGE_LOOP('',(#17035));
#17035 = ORIENTED_EDGE('',*,*,#17036,.F.);
#17036 = EDGE_CURVE('',#17037,#17037,#17039,.T.);
#17037 = VERTEX_POINT('',#17038);
#17038 = CARTESIAN_POINT('',(-180.,162.,92.));
#17039 = CIRCLE('',#17040,7.5);
#17040 = AXIS2_PLACEMENT_3D('',#17041,#17042,#17043);
#17041 = CARTESIAN_POINT('',(-180.,162.,84.5));
#17042 = DIRECTION('',(0.,1.,0.));
#17043 = DIRECTION('',(0.,0.,1.));
#17044 = PLANE('',#17045);
#17045 = AXIS2_PLACEMENT_3D('',#17046,#17047,#17048);
#17046 = CARTESIAN_POINT('',(-180.,162.,84.5));
#17047 = DIRECTION('',(0.,1.,0.));
#17048 = DIRECTION('',(0.,0.,1.));
#17049 = ADVANCED_FACE('',(#17050,#17053),#17064,.F.);
#17050 = FACE_BOUND('',#17051,.F.);
#17051 = EDGE_LOOP('',(#17052));
#17052 = ORIENTED_EDGE('',*,*,#17017,.T.);
#17053 = FACE_BOUND('',#17054,.F.);
#17054 = EDGE_LOOP('',(#17055));
#17055 = ORIENTED_EDGE('',*,*,#17056,.F.);
#17056 = EDGE_CURVE('',#17057,#17057,#17059,.T.);
#17057 = VERTEX_POINT('',#17058);
#17058 = CARTESIAN_POINT('',(-180.,158.,92.));
#17059 = CIRCLE('',#17060,7.5);
#17060 = AXIS2_PLACEMENT_3D('',#17061,#17062,#17063);
#17061 = CARTESIAN_POINT('',(-180.,158.,84.5));
#17062 = DIRECTION('',(0.,1.,0.));
#17063 = DIRECTION('',(0.,0.,1.));
#17064 = PLANE('',#17065);
#17065 = AXIS2_PLACEMENT_3D('',#17066,#17067,#17068);
#17066 = CARTESIAN_POINT('',(-180.,158.,84.5));
#17067 = DIRECTION('',(0.,1.,0.));
#17068 = DIRECTION('',(0.,0.,1.));
#17069 = ADVANCED_FACE('',(#17070),#17081,.F.);
#17070 = FACE_BOUND('',#17071,.F.);
#17071 = EDGE_LOOP('',(#17072,#17073,#17079,#17080));
#17072 = ORIENTED_EDGE('',*,*,#17036,.F.);
#17073 = ORIENTED_EDGE('',*,*,#17074,.F.);
#17074 = EDGE_CURVE('',#17057,#17037,#17075,.T.);
#17075 = LINE('',#17076,#17077);
#17076 = CARTESIAN_POINT('',(-180.,158.,92.));
#17077 = VECTOR('',#17078,1.);
#17078 = DIRECTION('',(0.,1.,0.));
#17079 = ORIENTED_EDGE('',*,*,#17056,.T.);
#17080 = ORIENTED_EDGE('',*,*,#17074,.T.);
#17081 = CYLINDRICAL_SURFACE('',#17082,7.5);
#17082 = AXIS2_PLACEMENT_3D('',#17083,#17084,#17085);
#17083 = CARTESIAN_POINT('',(-180.,158.,84.5));
#17084 = DIRECTION('',(0.,1.,0.));
#17085 = DIRECTION('',(0.,0.,1.));
#17086 = MANIFOLD_SOLID_BREP('',#17087);
#17087 = CLOSED_SHELL('',(#17088,#17121,#17141,#17161));
#17088 = ADVANCED_FACE('',(#17089),#17116,.T.);
#17089 = FACE_BOUND('',#17090,.T.);
#17090 = EDGE_LOOP('',(#17091,#17100,#17108,#17115));
#17091 = ORIENTED_EDGE('',*,*,#17092,.F.);
#17092 = EDGE_CURVE('',#17093,#17093,#17095,.T.);
#17093 = VERTEX_POINT('',#17094);
#17094 = CARTESIAN_POINT('',(-180.,173.,92.5));
#17095 = CIRCLE('',#17096,8.);
#17096 = AXIS2_PLACEMENT_3D('',#17097,#17098,#17099);
#17097 = CARTESIAN_POINT('',(-180.,173.,84.5));
#17098 = DIRECTION('',(0.,1.,0.));
#17099 = DIRECTION('',(0.,0.,1.));
#17100 = ORIENTED_EDGE('',*,*,#17101,.F.);
#17101 = EDGE_CURVE('',#17102,#17093,#17104,.T.);
#17102 = VERTEX_POINT('',#17103);
#17103 = CARTESIAN_POINT('',(-180.,168.,92.5));
#17104 = LINE('',#17105,#17106);
#17105 = CARTESIAN_POINT('',(-180.,168.,92.5));
#17106 = VECTOR('',#17107,1.);
#17107 = DIRECTION('',(0.,1.,0.));
#17108 = ORIENTED_EDGE('',*,*,#17109,.T.);
#17109 = EDGE_CURVE('',#17102,#17102,#17110,.T.);
#17110 = CIRCLE('',#17111,8.);
#17111 = AXIS2_PLACEMENT_3D('',#17112,#17113,#17114);
#17112 = CARTESIAN_POINT('',(-180.,168.,84.5));
#17113 = DIRECTION('',(0.,1.,0.));
#17114 = DIRECTION('',(0.,0.,1.));
#17115 = ORIENTED_EDGE('',*,*,#17101,.T.);
#17116 = CYLINDRICAL_SURFACE('',#17117,8.);
#17117 = AXIS2_PLACEMENT_3D('',#17118,#17119,#17120);
#17118 = CARTESIAN_POINT('',(-180.,168.,84.5));
#17119 = DIRECTION('',(0.,1.,0.));
#17120 = DIRECTION('',(0.,0.,1.));
#17121 = ADVANCED_FACE('',(#17122,#17125),#17136,.T.);
#17122 = FACE_BOUND('',#17123,.T.);
#17123 = EDGE_LOOP('',(#17124));
#17124 = ORIENTED_EDGE('',*,*,#17092,.T.);
#17125 = FACE_BOUND('',#17126,.T.);
#17126 = EDGE_LOOP('',(#17127));
#17127 = ORIENTED_EDGE('',*,*,#17128,.F.);
#17128 = EDGE_CURVE('',#17129,#17129,#17131,.T.);
#17129 = VERTEX_POINT('',#17130);
#17130 = CARTESIAN_POINT('',(-180.,173.,88.5));
#17131 = CIRCLE('',#17132,4.);
#17132 = AXIS2_PLACEMENT_3D('',#17133,#17134,#17135);
#17133 = CARTESIAN_POINT('',(-180.,173.,84.5));
#17134 = DIRECTION('',(0.,1.,0.));
#17135 = DIRECTION('',(0.,0.,1.));
#17136 = PLANE('',#17137);
#17137 = AXIS2_PLACEMENT_3D('',#17138,#17139,#17140);
#17138 = CARTESIAN_POINT('',(-180.,173.,84.5));
#17139 = DIRECTION('',(0.,1.,0.));
#17140 = DIRECTION('',(0.,0.,1.));
#17141 = ADVANCED_FACE('',(#17142,#17145),#17156,.F.);
#17142 = FACE_BOUND('',#17143,.F.);
#17143 = EDGE_LOOP('',(#17144));
#17144 = ORIENTED_EDGE('',*,*,#17109,.T.);
#17145 = FACE_BOUND('',#17146,.F.);
#17146 = EDGE_LOOP('',(#17147));
#17147 = ORIENTED_EDGE('',*,*,#17148,.F.);
#17148 = EDGE_CURVE('',#17149,#17149,#17151,.T.);
#17149 = VERTEX_POINT('',#17150);
#17150 = CARTESIAN_POINT('',(-180.,168.,88.5));
#17151 = CIRCLE('',#17152,4.);
#17152 = AXIS2_PLACEMENT_3D('',#17153,#17154,#17155);
#17153 = CARTESIAN_POINT('',(-180.,168.,84.5));
#17154 = DIRECTION('',(0.,1.,0.));
#17155 = DIRECTION('',(0.,0.,1.));
#17156 = PLANE('',#17157);
#17157 = AXIS2_PLACEMENT_3D('',#17158,#17159,#17160);
#17158 = CARTESIAN_POINT('',(-180.,168.,84.5));
#17159 = DIRECTION('',(0.,1.,0.));
#17160 = DIRECTION('',(0.,0.,1.));
#17161 = ADVANCED_FACE('',(#17162),#17173,.F.);
#17162 = FACE_BOUND('',#17163,.F.);
#17163 = EDGE_LOOP('',(#17164,#17165,#17171,#17172));
#17164 = ORIENTED_EDGE('',*,*,#17128,.F.);
#17165 = ORIENTED_EDGE('',*,*,#17166,.F.);
#17166 = EDGE_CURVE('',#17149,#17129,#17167,.T.);
#17167 = LINE('',#17168,#17169);
#17168 = CARTESIAN_POINT('',(-180.,168.,88.5));
#17169 = VECTOR('',#17170,1.);
#17170 = DIRECTION('',(0.,1.,0.));
#17171 = ORIENTED_EDGE('',*,*,#17148,.T.);
#17172 = ORIENTED_EDGE('',*,*,#17166,.T.);
#17173 = CYLINDRICAL_SURFACE('',#17174,4.);
#17174 = AXIS2_PLACEMENT_3D('',#17175,#17176,#17177);
#17175 = CARTESIAN_POINT('',(-180.,168.,84.5));
#17176 = DIRECTION('',(0.,1.,0.));
#17177 = DIRECTION('',(0.,0.,1.));
#17178 = MANIFOLD_SOLID_BREP('',#17179);
#17179 = CLOSED_SHELL('',(#17180,#17220,#17251,#17282,#17326,#17370,
    #17387,#17404,#17416));
#17180 = ADVANCED_FACE('',(#17181),#17215,.T.);
#17181 = FACE_BOUND('',#17182,.T.);
#17182 = EDGE_LOOP('',(#17183,#17193,#17201,#17209));
#17183 = ORIENTED_EDGE('',*,*,#17184,.T.);
#17184 = EDGE_CURVE('',#17185,#17187,#17189,.T.);
#17185 = VERTEX_POINT('',#17186);
#17186 = CARTESIAN_POINT('',(-170.1850454237,174.,84.5));
#17187 = VERTEX_POINT('',#17188);
#17188 = CARTESIAN_POINT('',(-170.1850454237,187.6,84.5));
#17189 = LINE('',#17190,#17191);
#17190 = CARTESIAN_POINT('',(-170.1850454237,174.,84.5));
#17191 = VECTOR('',#17192,1.);
#17192 = DIRECTION('',(0.,1.,0.));
#17193 = ORIENTED_EDGE('',*,*,#17194,.T.);
#17194 = EDGE_CURVE('',#17187,#17195,#17197,.T.);
#17195 = VERTEX_POINT('',#17196);
#17196 = CARTESIAN_POINT('',(-175.0925227118,187.6,93.));
#17197 = LINE('',#17198,#17199);
#17198 = CARTESIAN_POINT('',(-170.1850454237,187.6,84.5));
#17199 = VECTOR('',#17200,1.);
#17200 = DIRECTION('',(-0.5,0.,0.866025403784));
#17201 = ORIENTED_EDGE('',*,*,#17202,.F.);
#17202 = EDGE_CURVE('',#17203,#17195,#17205,.T.);
#17203 = VERTEX_POINT('',#17204);
#17204 = CARTESIAN_POINT('',(-175.0925227118,174.,93.));
#17205 = LINE('',#17206,#17207);
#17206 = CARTESIAN_POINT('',(-175.0925227118,174.,93.));
#17207 = VECTOR('',#17208,1.);
#17208 = DIRECTION('',(0.,1.,0.));
#17209 = ORIENTED_EDGE('',*,*,#17210,.F.);
#17210 = EDGE_CURVE('',#17185,#17203,#17211,.T.);
#17211 = LINE('',#17212,#17213);
#17212 = CARTESIAN_POINT('',(-170.1850454237,174.,84.5));
#17213 = VECTOR('',#17214,1.);
#17214 = DIRECTION('',(-0.5,0.,0.866025403784));
#17215 = PLANE('',#17216);
#17216 = AXIS2_PLACEMENT_3D('',#17217,#17218,#17219);
#17217 = CARTESIAN_POINT('',(-170.1850454237,174.,84.5));
#17218 = DIRECTION('',(0.866025403784,0.,0.5));
#17219 = DIRECTION('',(-0.5,0.,0.866025403784));
#17220 = ADVANCED_FACE('',(#17221),#17246,.T.);
#17221 = FACE_BOUND('',#17222,.T.);
#17222 = EDGE_LOOP('',(#17223,#17233,#17239,#17240));
#17223 = ORIENTED_EDGE('',*,*,#17224,.T.);
#17224 = EDGE_CURVE('',#17225,#17227,#17229,.T.);
#17225 = VERTEX_POINT('',#17226);
#17226 = CARTESIAN_POINT('',(-175.0925227118,174.,76.));
#17227 = VERTEX_POINT('',#17228);
#17228 = CARTESIAN_POINT('',(-175.0925227118,187.6,76.));
#17229 = LINE('',#17230,#17231);
#17230 = CARTESIAN_POINT('',(-175.0925227118,174.,76.));
#17231 = VECTOR('',#17232,1.);
#17232 = DIRECTION('',(0.,1.,0.));
#17233 = ORIENTED_EDGE('',*,*,#17234,.T.);
#17234 = EDGE_CURVE('',#17227,#17187,#17235,.T.);
#17235 = LINE('',#17236,#17237);
#17236 = CARTESIAN_POINT('',(-175.0925227118,187.6,76.));
#17237 = VECTOR('',#17238,1.);
#17238 = DIRECTION('',(0.5,0.,0.866025403784));
#17239 = ORIENTED_EDGE('',*,*,#17184,.F.);
#17240 = ORIENTED_EDGE('',*,*,#17241,.F.);
#17241 = EDGE_CURVE('',#17225,#17185,#17242,.T.);
#17242 = LINE('',#17243,#17244);
#17243 = CARTESIAN_POINT('',(-175.0925227118,174.,76.));
#17244 = VECTOR('',#17245,1.);
#17245 = DIRECTION('',(0.5,0.,0.866025403784));
#17246 = PLANE('',#17247);
#17247 = AXIS2_PLACEMENT_3D('',#17248,#17249,#17250);
#17248 = CARTESIAN_POINT('',(-175.0925227118,174.,76.));
#17249 = DIRECTION('',(0.866025403784,0.,-0.5));
#17250 = DIRECTION('',(0.5,0.,0.866025403784));
#17251 = ADVANCED_FACE('',(#17252),#17277,.T.);
#17252 = FACE_BOUND('',#17253,.T.);
#17253 = EDGE_LOOP('',(#17254,#17255,#17263,#17271));
#17254 = ORIENTED_EDGE('',*,*,#17202,.T.);
#17255 = ORIENTED_EDGE('',*,*,#17256,.T.);
#17256 = EDGE_CURVE('',#17195,#17257,#17259,.T.);
#17257 = VERTEX_POINT('',#17258);
#17258 = CARTESIAN_POINT('',(-184.9074772881,187.6,93.));
#17259 = LINE('',#17260,#17261);
#17260 = CARTESIAN_POINT('',(-175.0925227118,187.6,93.));
#17261 = VECTOR('',#17262,1.);
#17262 = DIRECTION('',(-1.,0.,0.));
#17263 = ORIENTED_EDGE('',*,*,#17264,.F.);
#17264 = EDGE_CURVE('',#17265,#17257,#17267,.T.);
#17265 = VERTEX_POINT('',#17266);
#17266 = CARTESIAN_POINT('',(-184.9074772881,174.,93.));
#17267 = LINE('',#17268,#17269);
#17268 = CARTESIAN_POINT('',(-184.9074772881,174.,93.));
#17269 = VECTOR('',#17270,1.);
#17270 = DIRECTION('',(0.,1.,0.));
#17271 = ORIENTED_EDGE('',*,*,#17272,.F.);
#17272 = EDGE_CURVE('',#17203,#17265,#17273,.T.);
#17273 = LINE('',#17274,#17275);
#17274 = CARTESIAN_POINT('',(-175.0925227118,174.,93.));
#17275 = VECTOR('',#17276,1.);
#17276 = DIRECTION('',(-1.,0.,0.));
#17277 = PLANE('',#17278);
#17278 = AXIS2_PLACEMENT_3D('',#17279,#17280,#17281);
#17279 = CARTESIAN_POINT('',(-175.0925227118,174.,93.));
#17280 = DIRECTION('',(0.,0.,1.));
#17281 = DIRECTION('',(-1.,0.,0.));
#17282 = ADVANCED_FACE('',(#17283,#17310),#17321,.T.);
#17283 = FACE_BOUND('',#17284,.T.);
#17284 = EDGE_LOOP('',(#17285,#17286,#17287,#17295,#17303,#17309));
#17285 = ORIENTED_EDGE('',*,*,#17210,.T.);
#17286 = ORIENTED_EDGE('',*,*,#17272,.T.);
#17287 = ORIENTED_EDGE('',*,*,#17288,.T.);
#17288 = EDGE_CURVE('',#17265,#17289,#17291,.T.);
#17289 = VERTEX_POINT('',#17290);
#17290 = CARTESIAN_POINT('',(-189.8149545762,174.,84.5));
#17291 = LINE('',#17292,#17293);
#17292 = CARTESIAN_POINT('',(-184.9074772881,174.,93.));
#17293 = VECTOR('',#17294,1.);
#17294 = DIRECTION('',(-0.5,0.,-0.866025403784));
#17295 = ORIENTED_EDGE('',*,*,#17296,.T.);
#17296 = EDGE_CURVE('',#17289,#17297,#17299,.T.);
#17297 = VERTEX_POINT('',#17298);
#17298 = CARTESIAN_POINT('',(-184.9074772881,174.,76.));
#17299 = LINE('',#17300,#17301);
#17300 = CARTESIAN_POINT('',(-189.8149545762,174.,84.5));
#17301 = VECTOR('',#17302,1.);
#17302 = DIRECTION('',(0.5,0.,-0.866025403784));
#17303 = ORIENTED_EDGE('',*,*,#17304,.T.);
#17304 = EDGE_CURVE('',#17297,#17225,#17305,.T.);
#17305 = LINE('',#17306,#17307);
#17306 = CARTESIAN_POINT('',(-184.9074772881,174.,76.));
#17307 = VECTOR('',#17308,1.);
#17308 = DIRECTION('',(1.,0.,0.));
#17309 = ORIENTED_EDGE('',*,*,#17241,.T.);
#17310 = FACE_BOUND('',#17311,.T.);
#17311 = EDGE_LOOP('',(#17312));
#17312 = ORIENTED_EDGE('',*,*,#17313,.T.);
#17313 = EDGE_CURVE('',#17314,#17314,#17316,.T.);
#17314 = VERTEX_POINT('',#17315);
#17315 = CARTESIAN_POINT('',(-180.,174.,88.5));
#17316 = CIRCLE('',#17317,4.);
#17317 = AXIS2_PLACEMENT_3D('',#17318,#17319,#17320);
#17318 = CARTESIAN_POINT('',(-180.,174.,84.5));
#17319 = DIRECTION('',(0.,1.,0.));
#17320 = DIRECTION('',(0.,0.,1.));
#17321 = PLANE('',#17322);
#17322 = AXIS2_PLACEMENT_3D('',#17323,#17324,#17325);
#17323 = CARTESIAN_POINT('',(-180.,174.,84.5));
#17324 = DIRECTION('',(-0.,-1.,-0.));
#17325 = DIRECTION('',(0.,0.,-1.));
#17326 = ADVANCED_FACE('',(#17327,#17354),#17365,.F.);
#17327 = FACE_BOUND('',#17328,.F.);
#17328 = EDGE_LOOP('',(#17329,#17330,#17331,#17339,#17347,#17353));
#17329 = ORIENTED_EDGE('',*,*,#17194,.T.);
#17330 = ORIENTED_EDGE('',*,*,#17256,.T.);
#17331 = ORIENTED_EDGE('',*,*,#17332,.T.);
#17332 = EDGE_CURVE('',#17257,#17333,#17335,.T.);
#17333 = VERTEX_POINT('',#17334);
#17334 = CARTESIAN_POINT('',(-189.8149545762,187.6,84.5));
#17335 = LINE('',#17336,#17337);
#17336 = CARTESIAN_POINT('',(-184.9074772881,187.6,93.));
#17337 = VECTOR('',#17338,1.);
#17338 = DIRECTION('',(-0.5,0.,-0.866025403784));
#17339 = ORIENTED_EDGE('',*,*,#17340,.T.);
#17340 = EDGE_CURVE('',#17333,#17341,#17343,.T.);
#17341 = VERTEX_POINT('',#17342);
#17342 = CARTESIAN_POINT('',(-184.9074772881,187.6,76.));
#17343 = LINE('',#17344,#17345);
#17344 = CARTESIAN_POINT('',(-189.8149545762,187.6,84.5));
#17345 = VECTOR('',#17346,1.);
#17346 = DIRECTION('',(0.5,0.,-0.866025403784));
#17347 = ORIENTED_EDGE('',*,*,#17348,.T.);
#17348 = EDGE_CURVE('',#17341,#17227,#17349,.T.);
#17349 = LINE('',#17350,#17351);
#17350 = CARTESIAN_POINT('',(-184.9074772881,187.6,76.));
#17351 = VECTOR('',#17352,1.);
#17352 = DIRECTION('',(1.,0.,0.));
#17353 = ORIENTED_EDGE('',*,*,#17234,.T.);
#17354 = FACE_BOUND('',#17355,.F.);
#17355 = EDGE_LOOP('',(#17356));
#17356 = ORIENTED_EDGE('',*,*,#17357,.T.);
#17357 = EDGE_CURVE('',#17358,#17358,#17360,.T.);
#17358 = VERTEX_POINT('',#17359);
#17359 = CARTESIAN_POINT('',(-180.,187.6,88.5));
#17360 = CIRCLE('',#17361,4.);
#17361 = AXIS2_PLACEMENT_3D('',#17362,#17363,#17364);
#17362 = CARTESIAN_POINT('',(-180.,187.6,84.5));
#17363 = DIRECTION('',(0.,1.,0.));
#17364 = DIRECTION('',(0.,0.,1.));
#17365 = PLANE('',#17366);
#17366 = AXIS2_PLACEMENT_3D('',#17367,#17368,#17369);
#17367 = CARTESIAN_POINT('',(-180.,187.6,84.5));
#17368 = DIRECTION('',(-0.,-1.,-0.));
#17369 = DIRECTION('',(0.,0.,-1.));
#17370 = ADVANCED_FACE('',(#17371),#17382,.T.);
#17371 = FACE_BOUND('',#17372,.T.);
#17372 = EDGE_LOOP('',(#17373,#17379,#17380,#17381));
#17373 = ORIENTED_EDGE('',*,*,#17374,.T.);
#17374 = EDGE_CURVE('',#17297,#17341,#17375,.T.);
#17375 = LINE('',#17376,#17377);
#17376 = CARTESIAN_POINT('',(-184.9074772881,174.,76.));
#17377 = VECTOR('',#17378,1.);
#17378 = DIRECTION('',(0.,1.,0.));
#17379 = ORIENTED_EDGE('',*,*,#17348,.T.);
#17380 = ORIENTED_EDGE('',*,*,#17224,.F.);
#17381 = ORIENTED_EDGE('',*,*,#17304,.F.);
#17382 = PLANE('',#17383);
#17383 = AXIS2_PLACEMENT_3D('',#17384,#17385,#17386);
#17384 = CARTESIAN_POINT('',(-184.9074772881,174.,76.));
#17385 = DIRECTION('',(0.,0.,-1.));
#17386 = DIRECTION('',(1.,0.,0.));
#17387 = ADVANCED_FACE('',(#17388),#17399,.T.);
#17388 = FACE_BOUND('',#17389,.T.);
#17389 = EDGE_LOOP('',(#17390,#17391,#17392,#17398));
#17390 = ORIENTED_EDGE('',*,*,#17264,.T.);
#17391 = ORIENTED_EDGE('',*,*,#17332,.T.);
#17392 = ORIENTED_EDGE('',*,*,#17393,.F.);
#17393 = EDGE_CURVE('',#17289,#17333,#17394,.T.);
#17394 = LINE('',#17395,#17396);
#17395 = CARTESIAN_POINT('',(-189.8149545762,174.,84.5));
#17396 = VECTOR('',#17397,1.);
#17397 = DIRECTION('',(0.,1.,0.));
#17398 = ORIENTED_EDGE('',*,*,#17288,.F.);
#17399 = PLANE('',#17400);
#17400 = AXIS2_PLACEMENT_3D('',#17401,#17402,#17403);
#17401 = CARTESIAN_POINT('',(-184.9074772881,174.,93.));
#17402 = DIRECTION('',(-0.866025403784,0.,0.5));
#17403 = DIRECTION('',(-0.5,0.,-0.866025403784));
#17404 = ADVANCED_FACE('',(#17405),#17411,.T.);
#17405 = FACE_BOUND('',#17406,.T.);
#17406 = EDGE_LOOP('',(#17407,#17408,#17409,#17410));
#17407 = ORIENTED_EDGE('',*,*,#17393,.T.);
#17408 = ORIENTED_EDGE('',*,*,#17340,.T.);
#17409 = ORIENTED_EDGE('',*,*,#17374,.F.);
#17410 = ORIENTED_EDGE('',*,*,#17296,.F.);
#17411 = PLANE('',#17412);
#17412 = AXIS2_PLACEMENT_3D('',#17413,#17414,#17415);
#17413 = CARTESIAN_POINT('',(-189.8149545762,174.,84.5));
#17414 = DIRECTION('',(-0.866025403784,0.,-0.5));
#17415 = DIRECTION('',(0.5,0.,-0.866025403784));
#17416 = ADVANCED_FACE('',(#17417),#17428,.F.);
#17417 = FACE_BOUND('',#17418,.F.);
#17418 = EDGE_LOOP('',(#17419,#17420,#17426,#17427));
#17419 = ORIENTED_EDGE('',*,*,#17357,.F.);
#17420 = ORIENTED_EDGE('',*,*,#17421,.F.);
#17421 = EDGE_CURVE('',#17314,#17358,#17422,.T.);
#17422 = LINE('',#17423,#17424);
#17423 = CARTESIAN_POINT('',(-180.,173.,88.5));
#17424 = VECTOR('',#17425,1.);
#17425 = DIRECTION('',(0.,1.,0.));
#17426 = ORIENTED_EDGE('',*,*,#17313,.T.);
#17427 = ORIENTED_EDGE('',*,*,#17421,.T.);
#17428 = CYLINDRICAL_SURFACE('',#17429,4.);
#17429 = AXIS2_PLACEMENT_3D('',#17430,#17431,#17432);
#17430 = CARTESIAN_POINT('',(-180.,173.,84.5));
#17431 = DIRECTION('',(0.,1.,0.));
#17432 = DIRECTION('',(0.,0.,1.));
#17433 = MANIFOLD_SOLID_BREP('',#17434);
#17434 = CLOSED_SHELL('',(#17435,#17468,#17477));
#17435 = ADVANCED_FACE('',(#17436),#17463,.T.);
#17436 = FACE_BOUND('',#17437,.T.);
#17437 = EDGE_LOOP('',(#17438,#17447,#17455,#17462));
#17438 = ORIENTED_EDGE('',*,*,#17439,.F.);
#17439 = EDGE_CURVE('',#17440,#17440,#17442,.T.);
#17440 = VERTEX_POINT('',#17441);
#17441 = CARTESIAN_POINT('',(-173.,179.,85.75));
#17442 = CIRCLE('',#17443,1.25);
#17443 = AXIS2_PLACEMENT_3D('',#17444,#17445,#17446);
#17444 = CARTESIAN_POINT('',(-173.,179.,84.5));
#17445 = DIRECTION('',(1.,0.,-0.));
#17446 = DIRECTION('',(0.,0.,1.));
#17447 = ORIENTED_EDGE('',*,*,#17448,.F.);
#17448 = EDGE_CURVE('',#17449,#17440,#17451,.T.);
#17449 = VERTEX_POINT('',#17450);
#17450 = CARTESIAN_POINT('',(-187.,179.,85.75));
#17451 = LINE('',#17452,#17453);
#17452 = CARTESIAN_POINT('',(-187.,179.,85.75));
#17453 = VECTOR('',#17454,1.);
#17454 = DIRECTION('',(1.,0.,0.));
#17455 = ORIENTED_EDGE('',*,*,#17456,.T.);
#17456 = EDGE_CURVE('',#17449,#17449,#17457,.T.);
#17457 = CIRCLE('',#17458,1.25);
#17458 = AXIS2_PLACEMENT_3D('',#17459,#17460,#17461);
#17459 = CARTESIAN_POINT('',(-187.,179.,84.5));
#17460 = DIRECTION('',(1.,0.,-0.));
#17461 = DIRECTION('',(0.,0.,1.));
#17462 = ORIENTED_EDGE('',*,*,#17448,.T.);
#17463 = CYLINDRICAL_SURFACE('',#17464,1.25);
#17464 = AXIS2_PLACEMENT_3D('',#17465,#17466,#17467);
#17465 = CARTESIAN_POINT('',(-187.,179.,84.5));
#17466 = DIRECTION('',(1.,0.,0.));
#17467 = DIRECTION('',(0.,0.,1.));
#17468 = ADVANCED_FACE('',(#17469),#17472,.T.);
#17469 = FACE_BOUND('',#17470,.T.);
#17470 = EDGE_LOOP('',(#17471));
#17471 = ORIENTED_EDGE('',*,*,#17439,.T.);
#17472 = PLANE('',#17473);
#17473 = AXIS2_PLACEMENT_3D('',#17474,#17475,#17476);
#17474 = CARTESIAN_POINT('',(-173.,179.,84.5));
#17475 = DIRECTION('',(1.,0.,0.));
#17476 = DIRECTION('',(0.,0.,1.));
#17477 = ADVANCED_FACE('',(#17478),#17481,.F.);
#17478 = FACE_BOUND('',#17479,.T.);
#17479 = EDGE_LOOP('',(#17480));
#17480 = ORIENTED_EDGE('',*,*,#17456,.F.);
#17481 = PLANE('',#17482);
#17482 = AXIS2_PLACEMENT_3D('',#17483,#17484,#17485);
#17483 = CARTESIAN_POINT('',(-187.,179.,84.5));
#17484 = DIRECTION('',(1.,0.,0.));
#17485 = DIRECTION('',(0.,0.,1.));
#17486 = MANIFOLD_SOLID_BREP('',#17487);
#17487 = CLOSED_SHELL('',(#17488,#17528,#17568,#17590,#17612,#17624));
#17488 = ADVANCED_FACE('',(#17489),#17523,.F.);
#17489 = FACE_BOUND('',#17490,.F.);
#17490 = EDGE_LOOP('',(#17491,#17501,#17509,#17517));
#17491 = ORIENTED_EDGE('',*,*,#17492,.F.);
#17492 = EDGE_CURVE('',#17493,#17495,#17497,.T.);
#17493 = VERTEX_POINT('',#17494);
#17494 = CARTESIAN_POINT('',(-120.,-75.,98.));
#17495 = VERTEX_POINT('',#17496);
#17496 = CARTESIAN_POINT('',(-120.,-75.,103.));
#17497 = LINE('',#17498,#17499);
#17498 = CARTESIAN_POINT('',(-120.,-75.,98.));
#17499 = VECTOR('',#17500,1.);
#17500 = DIRECTION('',(0.,0.,1.));
#17501 = ORIENTED_EDGE('',*,*,#17502,.T.);
#17502 = EDGE_CURVE('',#17493,#17503,#17505,.T.);
#17503 = VERTEX_POINT('',#17504);
#17504 = CARTESIAN_POINT('',(-120.,-45.,98.));
#17505 = LINE('',#17506,#17507);
#17506 = CARTESIAN_POINT('',(-120.,-75.,98.));
#17507 = VECTOR('',#17508,1.);
#17508 = DIRECTION('',(0.,1.,0.));
#17509 = ORIENTED_EDGE('',*,*,#17510,.T.);
#17510 = EDGE_CURVE('',#17503,#17511,#17513,.T.);
#17511 = VERTEX_POINT('',#17512);
#17512 = CARTESIAN_POINT('',(-120.,-45.,103.));
#17513 = LINE('',#17514,#17515);
#17514 = CARTESIAN_POINT('',(-120.,-45.,98.));
#17515 = VECTOR('',#17516,1.);
#17516 = DIRECTION('',(0.,0.,1.));
#17517 = ORIENTED_EDGE('',*,*,#17518,.F.);
#17518 = EDGE_CURVE('',#17495,#17511,#17519,.T.);
#17519 = LINE('',#17520,#17521);
#17520 = CARTESIAN_POINT('',(-120.,-75.,103.));
#17521 = VECTOR('',#17522,1.);
#17522 = DIRECTION('',(0.,1.,0.));
#17523 = PLANE('',#17524);
#17524 = AXIS2_PLACEMENT_3D('',#17525,#17526,#17527);
#17525 = CARTESIAN_POINT('',(-120.,-75.,98.));
#17526 = DIRECTION('',(1.,0.,0.));
#17527 = DIRECTION('',(0.,0.,1.));
#17528 = ADVANCED_FACE('',(#17529),#17563,.T.);
#17529 = FACE_BOUND('',#17530,.T.);
#17530 = EDGE_LOOP('',(#17531,#17541,#17549,#17557));
#17531 = ORIENTED_EDGE('',*,*,#17532,.F.);
#17532 = EDGE_CURVE('',#17533,#17535,#17537,.T.);
#17533 = VERTEX_POINT('',#17534);
#17534 = CARTESIAN_POINT('',(-90.,-75.,98.));
#17535 = VERTEX_POINT('',#17536);
#17536 = CARTESIAN_POINT('',(-90.,-75.,103.));
#17537 = LINE('',#17538,#17539);
#17538 = CARTESIAN_POINT('',(-90.,-75.,98.));
#17539 = VECTOR('',#17540,1.);
#17540 = DIRECTION('',(0.,0.,1.));
#17541 = ORIENTED_EDGE('',*,*,#17542,.T.);
#17542 = EDGE_CURVE('',#17533,#17543,#17545,.T.);
#17543 = VERTEX_POINT('',#17544);
#17544 = CARTESIAN_POINT('',(-90.,-45.,98.));
#17545 = LINE('',#17546,#17547);
#17546 = CARTESIAN_POINT('',(-90.,-75.,98.));
#17547 = VECTOR('',#17548,1.);
#17548 = DIRECTION('',(0.,1.,0.));
#17549 = ORIENTED_EDGE('',*,*,#17550,.T.);
#17550 = EDGE_CURVE('',#17543,#17551,#17553,.T.);
#17551 = VERTEX_POINT('',#17552);
#17552 = CARTESIAN_POINT('',(-90.,-45.,103.));
#17553 = LINE('',#17554,#17555);
#17554 = CARTESIAN_POINT('',(-90.,-45.,98.));
#17555 = VECTOR('',#17556,1.);
#17556 = DIRECTION('',(0.,0.,1.));
#17557 = ORIENTED_EDGE('',*,*,#17558,.F.);
#17558 = EDGE_CURVE('',#17535,#17551,#17559,.T.);
#17559 = LINE('',#17560,#17561);
#17560 = CARTESIAN_POINT('',(-90.,-75.,103.));
#17561 = VECTOR('',#17562,1.);
#17562 = DIRECTION('',(0.,1.,0.));
#17563 = PLANE('',#17564);
#17564 = AXIS2_PLACEMENT_3D('',#17565,#17566,#17567);
#17565 = CARTESIAN_POINT('',(-90.,-75.,98.));
#17566 = DIRECTION('',(1.,0.,0.));
#17567 = DIRECTION('',(0.,0.,1.));
#17568 = ADVANCED_FACE('',(#17569),#17585,.F.);
#17569 = FACE_BOUND('',#17570,.F.);
#17570 = EDGE_LOOP('',(#17571,#17577,#17578,#17584));
#17571 = ORIENTED_EDGE('',*,*,#17572,.F.);
#17572 = EDGE_CURVE('',#17493,#17533,#17573,.T.);
#17573 = LINE('',#17574,#17575);
#17574 = CARTESIAN_POINT('',(-120.,-75.,98.));
#17575 = VECTOR('',#17576,1.);
#17576 = DIRECTION('',(1.,0.,0.));
#17577 = ORIENTED_EDGE('',*,*,#17492,.T.);
#17578 = ORIENTED_EDGE('',*,*,#17579,.T.);
#17579 = EDGE_CURVE('',#17495,#17535,#17580,.T.);
#17580 = LINE('',#17581,#17582);
#17581 = CARTESIAN_POINT('',(-120.,-75.,103.));
#17582 = VECTOR('',#17583,1.);
#17583 = DIRECTION('',(1.,0.,0.));
#17584 = ORIENTED_EDGE('',*,*,#17532,.F.);
#17585 = PLANE('',#17586);
#17586 = AXIS2_PLACEMENT_3D('',#17587,#17588,#17589);
#17587 = CARTESIAN_POINT('',(-120.,-75.,98.));
#17588 = DIRECTION('',(0.,1.,0.));
#17589 = DIRECTION('',(0.,0.,1.));
#17590 = ADVANCED_FACE('',(#17591),#17607,.T.);
#17591 = FACE_BOUND('',#17592,.T.);
#17592 = EDGE_LOOP('',(#17593,#17599,#17600,#17606));
#17593 = ORIENTED_EDGE('',*,*,#17594,.F.);
#17594 = EDGE_CURVE('',#17503,#17543,#17595,.T.);
#17595 = LINE('',#17596,#17597);
#17596 = CARTESIAN_POINT('',(-120.,-45.,98.));
#17597 = VECTOR('',#17598,1.);
#17598 = DIRECTION('',(1.,0.,0.));
#17599 = ORIENTED_EDGE('',*,*,#17510,.T.);
#17600 = ORIENTED_EDGE('',*,*,#17601,.T.);
#17601 = EDGE_CURVE('',#17511,#17551,#17602,.T.);
#17602 = LINE('',#17603,#17604);
#17603 = CARTESIAN_POINT('',(-120.,-45.,103.));
#17604 = VECTOR('',#17605,1.);
#17605 = DIRECTION('',(1.,0.,0.));
#17606 = ORIENTED_EDGE('',*,*,#17550,.F.);
#17607 = PLANE('',#17608);
#17608 = AXIS2_PLACEMENT_3D('',#17609,#17610,#17611);
#17609 = CARTESIAN_POINT('',(-120.,-45.,98.));
#17610 = DIRECTION('',(0.,1.,0.));
#17611 = DIRECTION('',(0.,0.,1.));
#17612 = ADVANCED_FACE('',(#17613),#17619,.F.);
#17613 = FACE_BOUND('',#17614,.F.);
#17614 = EDGE_LOOP('',(#17615,#17616,#17617,#17618));
#17615 = ORIENTED_EDGE('',*,*,#17502,.F.);
#17616 = ORIENTED_EDGE('',*,*,#17572,.T.);
#17617 = ORIENTED_EDGE('',*,*,#17542,.T.);
#17618 = ORIENTED_EDGE('',*,*,#17594,.F.);
#17619 = PLANE('',#17620);
#17620 = AXIS2_PLACEMENT_3D('',#17621,#17622,#17623);
#17621 = CARTESIAN_POINT('',(-120.,-75.,98.));
#17622 = DIRECTION('',(0.,0.,1.));
#17623 = DIRECTION('',(1.,0.,0.));
#17624 = ADVANCED_FACE('',(#17625),#17631,.T.);
#17625 = FACE_BOUND('',#17626,.T.);
#17626 = EDGE_LOOP('',(#17627,#17628,#17629,#17630));
#17627 = ORIENTED_EDGE('',*,*,#17518,.F.);
#17628 = ORIENTED_EDGE('',*,*,#17579,.T.);
#17629 = ORIENTED_EDGE('',*,*,#17558,.T.);
#17630 = ORIENTED_EDGE('',*,*,#17601,.F.);
#17631 = PLANE('',#17632);
#17632 = AXIS2_PLACEMENT_3D('',#17633,#17634,#17635);
#17633 = CARTESIAN_POINT('',(-120.,-75.,103.));
#17634 = DIRECTION('',(0.,0.,1.));
#17635 = DIRECTION('',(1.,0.,0.));
#17636 = MANIFOLD_SOLID_BREP('',#17637);
#17637 = CLOSED_SHELL('',(#17638,#17678,#17709,#17731,#17742));
#17638 = ADVANCED_FACE('',(#17639),#17673,.F.);
#17639 = FACE_BOUND('',#17640,.F.);
#17640 = EDGE_LOOP('',(#17641,#17651,#17659,#17667));
#17641 = ORIENTED_EDGE('',*,*,#17642,.T.);
#17642 = EDGE_CURVE('',#17643,#17645,#17647,.T.);
#17643 = VERTEX_POINT('',#17644);
#17644 = CARTESIAN_POINT('',(-105.,-63.,105.));
#17645 = VERTEX_POINT('',#17646);
#17646 = CARTESIAN_POINT('',(-105.,-57.,105.));
#17647 = LINE('',#17648,#17649);
#17648 = CARTESIAN_POINT('',(-105.,-63.,105.));
#17649 = VECTOR('',#17650,1.);
#17650 = DIRECTION('',(0.,1.,0.));
#17651 = ORIENTED_EDGE('',*,*,#17652,.T.);
#17652 = EDGE_CURVE('',#17645,#17653,#17655,.T.);
#17653 = VERTEX_POINT('',#17654);
#17654 = CARTESIAN_POINT('',(-135.,-57.,105.));
#17655 = LINE('',#17656,#17657);
#17656 = CARTESIAN_POINT('',(-105.,-57.,105.));
#17657 = VECTOR('',#17658,1.);
#17658 = DIRECTION('',(-1.,0.,0.));
#17659 = ORIENTED_EDGE('',*,*,#17660,.F.);
#17660 = EDGE_CURVE('',#17661,#17653,#17663,.T.);
#17661 = VERTEX_POINT('',#17662);
#17662 = CARTESIAN_POINT('',(-135.,-63.,105.));
#17663 = LINE('',#17664,#17665);
#17664 = CARTESIAN_POINT('',(-135.,-63.,105.));
#17665 = VECTOR('',#17666,1.);
#17666 = DIRECTION('',(0.,1.,0.));
#17667 = ORIENTED_EDGE('',*,*,#17668,.F.);
#17668 = EDGE_CURVE('',#17643,#17661,#17669,.T.);
#17669 = LINE('',#17670,#17671);
#17670 = CARTESIAN_POINT('',(-105.,-63.,105.));
#17671 = VECTOR('',#17672,1.);
#17672 = DIRECTION('',(-1.,0.,0.));
#17673 = PLANE('',#17674);
#17674 = AXIS2_PLACEMENT_3D('',#17675,#17676,#17677);
#17675 = CARTESIAN_POINT('',(-105.,-63.,105.));
#17676 = DIRECTION('',(0.,0.,1.));
#17677 = DIRECTION('',(-1.,0.,0.));
#17678 = ADVANCED_FACE('',(#17679),#17704,.F.);
#17679 = FACE_BOUND('',#17680,.F.);
#17680 = EDGE_LOOP('',(#17681,#17682,#17690,#17698));
#17681 = ORIENTED_EDGE('',*,*,#17660,.T.);
#17682 = ORIENTED_EDGE('',*,*,#17683,.T.);
#17683 = EDGE_CURVE('',#17653,#17684,#17686,.T.);
#17684 = VERTEX_POINT('',#17685);
#17685 = CARTESIAN_POINT('',(-105.,-57.,140.));
#17686 = LINE('',#17687,#17688);
#17687 = CARTESIAN_POINT('',(-135.,-57.,105.));
#17688 = VECTOR('',#17689,1.);
#17689 = DIRECTION('',(0.650791373456,0.,0.759256602365));
#17690 = ORIENTED_EDGE('',*,*,#17691,.F.);
#17691 = EDGE_CURVE('',#17692,#17684,#17694,.T.);
#17692 = VERTEX_POINT('',#17693);
#17693 = CARTESIAN_POINT('',(-105.,-63.,140.));
#17694 = LINE('',#17695,#17696);
#17695 = CARTESIAN_POINT('',(-105.,-63.,140.));
#17696 = VECTOR('',#17697,1.);
#17697 = DIRECTION('',(0.,1.,0.));
#17698 = ORIENTED_EDGE('',*,*,#17699,.F.);
#17699 = EDGE_CURVE('',#17661,#17692,#17700,.T.);
#17700 = LINE('',#17701,#17702);
#17701 = CARTESIAN_POINT('',(-135.,-63.,105.));
#17702 = VECTOR('',#17703,1.);
#17703 = DIRECTION('',(0.650791373456,0.,0.759256602365));
#17704 = PLANE('',#17705);
#17705 = AXIS2_PLACEMENT_3D('',#17706,#17707,#17708);
#17706 = CARTESIAN_POINT('',(-135.,-63.,105.));
#17707 = DIRECTION('',(0.759256602365,0.,-0.650791373456));
#17708 = DIRECTION('',(0.650791373456,0.,0.759256602365));
#17709 = ADVANCED_FACE('',(#17710),#17726,.F.);
#17710 = FACE_BOUND('',#17711,.F.);
#17711 = EDGE_LOOP('',(#17712,#17713,#17719,#17720));
#17712 = ORIENTED_EDGE('',*,*,#17691,.T.);
#17713 = ORIENTED_EDGE('',*,*,#17714,.T.);
#17714 = EDGE_CURVE('',#17684,#17645,#17715,.T.);
#17715 = LINE('',#17716,#17717);
#17716 = CARTESIAN_POINT('',(-105.,-57.,140.));
#17717 = VECTOR('',#17718,1.);
#17718 = DIRECTION('',(0.,0.,-1.));
#17719 = ORIENTED_EDGE('',*,*,#17642,.F.);
#17720 = ORIENTED_EDGE('',*,*,#17721,.F.);
#17721 = EDGE_CURVE('',#17692,#17643,#17722,.T.);
#17722 = LINE('',#17723,#17724);
#17723 = CARTESIAN_POINT('',(-105.,-63.,140.));
#17724 = VECTOR('',#17725,1.);
#17725 = DIRECTION('',(0.,0.,-1.));
#17726 = PLANE('',#17727);
#17727 = AXIS2_PLACEMENT_3D('',#17728,#17729,#17730);
#17728 = CARTESIAN_POINT('',(-105.,-63.,140.));
#17729 = DIRECTION('',(-1.,0.,0.));
#17730 = DIRECTION('',(0.,0.,-1.));
#17731 = ADVANCED_FACE('',(#17732),#17737,.F.);
#17732 = FACE_BOUND('',#17733,.F.);
#17733 = EDGE_LOOP('',(#17734,#17735,#17736));
#17734 = ORIENTED_EDGE('',*,*,#17668,.T.);
#17735 = ORIENTED_EDGE('',*,*,#17699,.T.);
#17736 = ORIENTED_EDGE('',*,*,#17721,.T.);
#17737 = PLANE('',#17738);
#17738 = AXIS2_PLACEMENT_3D('',#17739,#17740,#17741);
#17739 = CARTESIAN_POINT('',(-115.2744305716,-63.,117.77443057161));
#17740 = DIRECTION('',(0.,1.,0.));
#17741 = DIRECTION('',(0.,0.,1.));
#17742 = ADVANCED_FACE('',(#17743),#17748,.T.);
#17743 = FACE_BOUND('',#17744,.T.);
#17744 = EDGE_LOOP('',(#17745,#17746,#17747));
#17745 = ORIENTED_EDGE('',*,*,#17652,.T.);
#17746 = ORIENTED_EDGE('',*,*,#17683,.T.);
#17747 = ORIENTED_EDGE('',*,*,#17714,.T.);
#17748 = PLANE('',#17749);
#17749 = AXIS2_PLACEMENT_3D('',#17750,#17751,#17752);
#17750 = CARTESIAN_POINT('',(-115.2744305716,-57.,117.77443057161));
#17751 = DIRECTION('',(0.,1.,0.));
#17752 = DIRECTION('',(0.,0.,1.));
#17753 = MANIFOLD_SOLID_BREP('',#17754);
#17754 = CLOSED_SHELL('',(#17755,#17795,#17826,#17848,#17859));
#17755 = ADVANCED_FACE('',(#17756),#17790,.T.);
#17756 = FACE_BOUND('',#17757,.T.);
#17757 = EDGE_LOOP('',(#17758,#17768,#17776,#17784));
#17758 = ORIENTED_EDGE('',*,*,#17759,.T.);
#17759 = EDGE_CURVE('',#17760,#17762,#17764,.T.);
#17760 = VERTEX_POINT('',#17761);
#17761 = CARTESIAN_POINT('',(-105.,-63.,105.));
#17762 = VERTEX_POINT('',#17763);
#17763 = CARTESIAN_POINT('',(-105.,-57.,105.));
#17764 = LINE('',#17765,#17766);
#17765 = CARTESIAN_POINT('',(-105.,-63.,105.));
#17766 = VECTOR('',#17767,1.);
#17767 = DIRECTION('',(0.,1.,0.));
#17768 = ORIENTED_EDGE('',*,*,#17769,.T.);
#17769 = EDGE_CURVE('',#17762,#17770,#17772,.T.);
#17770 = VERTEX_POINT('',#17771);
#17771 = CARTESIAN_POINT('',(-75.,-57.,105.));
#17772 = LINE('',#17773,#17774);
#17773 = CARTESIAN_POINT('',(-105.,-57.,105.));
#17774 = VECTOR('',#17775,1.);
#17775 = DIRECTION('',(1.,0.,0.));
#17776 = ORIENTED_EDGE('',*,*,#17777,.F.);
#17777 = EDGE_CURVE('',#17778,#17770,#17780,.T.);
#17778 = VERTEX_POINT('',#17779);
#17779 = CARTESIAN_POINT('',(-75.,-63.,105.));
#17780 = LINE('',#17781,#17782);
#17781 = CARTESIAN_POINT('',(-75.,-63.,105.));
#17782 = VECTOR('',#17783,1.);
#17783 = DIRECTION('',(0.,1.,0.));
#17784 = ORIENTED_EDGE('',*,*,#17785,.F.);
#17785 = EDGE_CURVE('',#17760,#17778,#17786,.T.);
#17786 = LINE('',#17787,#17788);
#17787 = CARTESIAN_POINT('',(-105.,-63.,105.));
#17788 = VECTOR('',#17789,1.);
#17789 = DIRECTION('',(1.,0.,0.));
#17790 = PLANE('',#17791);
#17791 = AXIS2_PLACEMENT_3D('',#17792,#17793,#17794);
#17792 = CARTESIAN_POINT('',(-105.,-63.,105.));
#17793 = DIRECTION('',(0.,0.,-1.));
#17794 = DIRECTION('',(1.,0.,0.));
#17795 = ADVANCED_FACE('',(#17796),#17821,.T.);
#17796 = FACE_BOUND('',#17797,.T.);
#17797 = EDGE_LOOP('',(#17798,#17799,#17807,#17815));
#17798 = ORIENTED_EDGE('',*,*,#17777,.T.);
#17799 = ORIENTED_EDGE('',*,*,#17800,.T.);
#17800 = EDGE_CURVE('',#17770,#17801,#17803,.T.);
#17801 = VERTEX_POINT('',#17802);
#17802 = CARTESIAN_POINT('',(-105.,-57.,140.));
#17803 = LINE('',#17804,#17805);
#17804 = CARTESIAN_POINT('',(-75.,-57.,105.));
#17805 = VECTOR('',#17806,1.);
#17806 = DIRECTION('',(-0.650791373456,0.,0.759256602365));
#17807 = ORIENTED_EDGE('',*,*,#17808,.F.);
#17808 = EDGE_CURVE('',#17809,#17801,#17811,.T.);
#17809 = VERTEX_POINT('',#17810);
#17810 = CARTESIAN_POINT('',(-105.,-63.,140.));
#17811 = LINE('',#17812,#17813);
#17812 = CARTESIAN_POINT('',(-105.,-63.,140.));
#17813 = VECTOR('',#17814,1.);
#17814 = DIRECTION('',(0.,1.,0.));
#17815 = ORIENTED_EDGE('',*,*,#17816,.F.);
#17816 = EDGE_CURVE('',#17778,#17809,#17817,.T.);
#17817 = LINE('',#17818,#17819);
#17818 = CARTESIAN_POINT('',(-75.,-63.,105.));
#17819 = VECTOR('',#17820,1.);
#17820 = DIRECTION('',(-0.650791373456,0.,0.759256602365));
#17821 = PLANE('',#17822);
#17822 = AXIS2_PLACEMENT_3D('',#17823,#17824,#17825);
#17823 = CARTESIAN_POINT('',(-75.,-63.,105.));
#17824 = DIRECTION('',(0.759256602365,0.,0.650791373456));
#17825 = DIRECTION('',(-0.650791373456,0.,0.759256602365));
#17826 = ADVANCED_FACE('',(#17827),#17843,.T.);
#17827 = FACE_BOUND('',#17828,.T.);
#17828 = EDGE_LOOP('',(#17829,#17830,#17836,#17837));
#17829 = ORIENTED_EDGE('',*,*,#17808,.T.);
#17830 = ORIENTED_EDGE('',*,*,#17831,.T.);
#17831 = EDGE_CURVE('',#17801,#17762,#17832,.T.);
#17832 = LINE('',#17833,#17834);
#17833 = CARTESIAN_POINT('',(-105.,-57.,140.));
#17834 = VECTOR('',#17835,1.);
#17835 = DIRECTION('',(0.,0.,-1.));
#17836 = ORIENTED_EDGE('',*,*,#17759,.F.);
#17837 = ORIENTED_EDGE('',*,*,#17838,.F.);
#17838 = EDGE_CURVE('',#17809,#17760,#17839,.T.);
#17839 = LINE('',#17840,#17841);
#17840 = CARTESIAN_POINT('',(-105.,-63.,140.));
#17841 = VECTOR('',#17842,1.);
#17842 = DIRECTION('',(0.,0.,-1.));
#17843 = PLANE('',#17844);
#17844 = AXIS2_PLACEMENT_3D('',#17845,#17846,#17847);
#17845 = CARTESIAN_POINT('',(-105.,-63.,140.));
#17846 = DIRECTION('',(-1.,0.,0.));
#17847 = DIRECTION('',(0.,0.,-1.));
#17848 = ADVANCED_FACE('',(#17849),#17854,.T.);
#17849 = FACE_BOUND('',#17850,.T.);
#17850 = EDGE_LOOP('',(#17851,#17852,#17853));
#17851 = ORIENTED_EDGE('',*,*,#17785,.T.);
#17852 = ORIENTED_EDGE('',*,*,#17816,.T.);
#17853 = ORIENTED_EDGE('',*,*,#17838,.T.);
#17854 = PLANE('',#17855);
#17855 = AXIS2_PLACEMENT_3D('',#17856,#17857,#17858);
#17856 = CARTESIAN_POINT('',(-94.72556942838,-63.,117.77443057161));
#17857 = DIRECTION('',(-0.,-1.,-0.));
#17858 = DIRECTION('',(0.,0.,-1.));
#17859 = ADVANCED_FACE('',(#17860),#17865,.F.);
#17860 = FACE_BOUND('',#17861,.F.);
#17861 = EDGE_LOOP('',(#17862,#17863,#17864));
#17862 = ORIENTED_EDGE('',*,*,#17769,.T.);
#17863 = ORIENTED_EDGE('',*,*,#17800,.T.);
#17864 = ORIENTED_EDGE('',*,*,#17831,.T.);
#17865 = PLANE('',#17866);
#17866 = AXIS2_PLACEMENT_3D('',#17867,#17868,#17869);
#17867 = CARTESIAN_POINT('',(-94.72556942838,-57.,117.77443057161));
#17868 = DIRECTION('',(-0.,-1.,-0.));
#17869 = DIRECTION('',(0.,0.,-1.));
#17870 = MANIFOLD_SOLID_BREP('',#17871);
#17871 = CLOSED_SHELL('',(#17872,#17912,#17952,#17974,#17996,#18008));
#17872 = ADVANCED_FACE('',(#17873),#17907,.F.);
#17873 = FACE_BOUND('',#17874,.F.);
#17874 = EDGE_LOOP('',(#17875,#17885,#17893,#17901));
#17875 = ORIENTED_EDGE('',*,*,#17876,.F.);
#17876 = EDGE_CURVE('',#17877,#17879,#17881,.T.);
#17877 = VERTEX_POINT('',#17878);
#17878 = CARTESIAN_POINT('',(-120.,45.,98.));
#17879 = VERTEX_POINT('',#17880);
#17880 = CARTESIAN_POINT('',(-120.,45.,103.));
#17881 = LINE('',#17882,#17883);
#17882 = CARTESIAN_POINT('',(-120.,45.,98.));
#17883 = VECTOR('',#17884,1.);
#17884 = DIRECTION('',(0.,0.,1.));
#17885 = ORIENTED_EDGE('',*,*,#17886,.T.);
#17886 = EDGE_CURVE('',#17877,#17887,#17889,.T.);
#17887 = VERTEX_POINT('',#17888);
#17888 = CARTESIAN_POINT('',(-120.,75.,98.));
#17889 = LINE('',#17890,#17891);
#17890 = CARTESIAN_POINT('',(-120.,45.,98.));
#17891 = VECTOR('',#17892,1.);
#17892 = DIRECTION('',(0.,1.,0.));
#17893 = ORIENTED_EDGE('',*,*,#17894,.T.);
#17894 = EDGE_CURVE('',#17887,#17895,#17897,.T.);
#17895 = VERTEX_POINT('',#17896);
#17896 = CARTESIAN_POINT('',(-120.,75.,103.));
#17897 = LINE('',#17898,#17899);
#17898 = CARTESIAN_POINT('',(-120.,75.,98.));
#17899 = VECTOR('',#17900,1.);
#17900 = DIRECTION('',(0.,0.,1.));
#17901 = ORIENTED_EDGE('',*,*,#17902,.F.);
#17902 = EDGE_CURVE('',#17879,#17895,#17903,.T.);
#17903 = LINE('',#17904,#17905);
#17904 = CARTESIAN_POINT('',(-120.,45.,103.));
#17905 = VECTOR('',#17906,1.);
#17906 = DIRECTION('',(0.,1.,0.));
#17907 = PLANE('',#17908);
#17908 = AXIS2_PLACEMENT_3D('',#17909,#17910,#17911);
#17909 = CARTESIAN_POINT('',(-120.,45.,98.));
#17910 = DIRECTION('',(1.,0.,0.));
#17911 = DIRECTION('',(0.,0.,1.));
#17912 = ADVANCED_FACE('',(#17913),#17947,.T.);
#17913 = FACE_BOUND('',#17914,.T.);
#17914 = EDGE_LOOP('',(#17915,#17925,#17933,#17941));
#17915 = ORIENTED_EDGE('',*,*,#17916,.F.);
#17916 = EDGE_CURVE('',#17917,#17919,#17921,.T.);
#17917 = VERTEX_POINT('',#17918);
#17918 = CARTESIAN_POINT('',(-90.,45.,98.));
#17919 = VERTEX_POINT('',#17920);
#17920 = CARTESIAN_POINT('',(-90.,45.,103.));
#17921 = LINE('',#17922,#17923);
#17922 = CARTESIAN_POINT('',(-90.,45.,98.));
#17923 = VECTOR('',#17924,1.);
#17924 = DIRECTION('',(0.,0.,1.));
#17925 = ORIENTED_EDGE('',*,*,#17926,.T.);
#17926 = EDGE_CURVE('',#17917,#17927,#17929,.T.);
#17927 = VERTEX_POINT('',#17928);
#17928 = CARTESIAN_POINT('',(-90.,75.,98.));
#17929 = LINE('',#17930,#17931);
#17930 = CARTESIAN_POINT('',(-90.,45.,98.));
#17931 = VECTOR('',#17932,1.);
#17932 = DIRECTION('',(0.,1.,0.));
#17933 = ORIENTED_EDGE('',*,*,#17934,.T.);
#17934 = EDGE_CURVE('',#17927,#17935,#17937,.T.);
#17935 = VERTEX_POINT('',#17936);
#17936 = CARTESIAN_POINT('',(-90.,75.,103.));
#17937 = LINE('',#17938,#17939);
#17938 = CARTESIAN_POINT('',(-90.,75.,98.));
#17939 = VECTOR('',#17940,1.);
#17940 = DIRECTION('',(0.,0.,1.));
#17941 = ORIENTED_EDGE('',*,*,#17942,.F.);
#17942 = EDGE_CURVE('',#17919,#17935,#17943,.T.);
#17943 = LINE('',#17944,#17945);
#17944 = CARTESIAN_POINT('',(-90.,45.,103.));
#17945 = VECTOR('',#17946,1.);
#17946 = DIRECTION('',(0.,1.,0.));
#17947 = PLANE('',#17948);
#17948 = AXIS2_PLACEMENT_3D('',#17949,#17950,#17951);
#17949 = CARTESIAN_POINT('',(-90.,45.,98.));
#17950 = DIRECTION('',(1.,0.,0.));
#17951 = DIRECTION('',(0.,0.,1.));
#17952 = ADVANCED_FACE('',(#17953),#17969,.F.);
#17953 = FACE_BOUND('',#17954,.F.);
#17954 = EDGE_LOOP('',(#17955,#17961,#17962,#17968));
#17955 = ORIENTED_EDGE('',*,*,#17956,.F.);
#17956 = EDGE_CURVE('',#17877,#17917,#17957,.T.);
#17957 = LINE('',#17958,#17959);
#17958 = CARTESIAN_POINT('',(-120.,45.,98.));
#17959 = VECTOR('',#17960,1.);
#17960 = DIRECTION('',(1.,0.,0.));
#17961 = ORIENTED_EDGE('',*,*,#17876,.T.);
#17962 = ORIENTED_EDGE('',*,*,#17963,.T.);
#17963 = EDGE_CURVE('',#17879,#17919,#17964,.T.);
#17964 = LINE('',#17965,#17966);
#17965 = CARTESIAN_POINT('',(-120.,45.,103.));
#17966 = VECTOR('',#17967,1.);
#17967 = DIRECTION('',(1.,0.,0.));
#17968 = ORIENTED_EDGE('',*,*,#17916,.F.);
#17969 = PLANE('',#17970);
#17970 = AXIS2_PLACEMENT_3D('',#17971,#17972,#17973);
#17971 = CARTESIAN_POINT('',(-120.,45.,98.));
#17972 = DIRECTION('',(0.,1.,0.));
#17973 = DIRECTION('',(0.,0.,1.));
#17974 = ADVANCED_FACE('',(#17975),#17991,.T.);
#17975 = FACE_BOUND('',#17976,.T.);
#17976 = EDGE_LOOP('',(#17977,#17983,#17984,#17990));
#17977 = ORIENTED_EDGE('',*,*,#17978,.F.);
#17978 = EDGE_CURVE('',#17887,#17927,#17979,.T.);
#17979 = LINE('',#17980,#17981);
#17980 = CARTESIAN_POINT('',(-120.,75.,98.));
#17981 = VECTOR('',#17982,1.);
#17982 = DIRECTION('',(1.,0.,0.));
#17983 = ORIENTED_EDGE('',*,*,#17894,.T.);
#17984 = ORIENTED_EDGE('',*,*,#17985,.T.);
#17985 = EDGE_CURVE('',#17895,#17935,#17986,.T.);
#17986 = LINE('',#17987,#17988);
#17987 = CARTESIAN_POINT('',(-120.,75.,103.));
#17988 = VECTOR('',#17989,1.);
#17989 = DIRECTION('',(1.,0.,0.));
#17990 = ORIENTED_EDGE('',*,*,#17934,.F.);
#17991 = PLANE('',#17992);
#17992 = AXIS2_PLACEMENT_3D('',#17993,#17994,#17995);
#17993 = CARTESIAN_POINT('',(-120.,75.,98.));
#17994 = DIRECTION('',(0.,1.,0.));
#17995 = DIRECTION('',(0.,0.,1.));
#17996 = ADVANCED_FACE('',(#17997),#18003,.F.);
#17997 = FACE_BOUND('',#17998,.F.);
#17998 = EDGE_LOOP('',(#17999,#18000,#18001,#18002));
#17999 = ORIENTED_EDGE('',*,*,#17886,.F.);
#18000 = ORIENTED_EDGE('',*,*,#17956,.T.);
#18001 = ORIENTED_EDGE('',*,*,#17926,.T.);
#18002 = ORIENTED_EDGE('',*,*,#17978,.F.);
#18003 = PLANE('',#18004);
#18004 = AXIS2_PLACEMENT_3D('',#18005,#18006,#18007);
#18005 = CARTESIAN_POINT('',(-120.,45.,98.));
#18006 = DIRECTION('',(0.,0.,1.));
#18007 = DIRECTION('',(1.,0.,0.));
#18008 = ADVANCED_FACE('',(#18009),#18015,.T.);
#18009 = FACE_BOUND('',#18010,.T.);
#18010 = EDGE_LOOP('',(#18011,#18012,#18013,#18014));
#18011 = ORIENTED_EDGE('',*,*,#17902,.F.);
#18012 = ORIENTED_EDGE('',*,*,#17963,.T.);
#18013 = ORIENTED_EDGE('',*,*,#17942,.T.);
#18014 = ORIENTED_EDGE('',*,*,#17985,.F.);
#18015 = PLANE('',#18016);
#18016 = AXIS2_PLACEMENT_3D('',#18017,#18018,#18019);
#18017 = CARTESIAN_POINT('',(-120.,45.,103.));
#18018 = DIRECTION('',(0.,0.,1.));
#18019 = DIRECTION('',(1.,0.,0.));
#18020 = MANIFOLD_SOLID_BREP('',#18021);
#18021 = CLOSED_SHELL('',(#18022,#18062,#18093,#18115,#18126));
#18022 = ADVANCED_FACE('',(#18023),#18057,.F.);
#18023 = FACE_BOUND('',#18024,.F.);
#18024 = EDGE_LOOP('',(#18025,#18035,#18043,#18051));
#18025 = ORIENTED_EDGE('',*,*,#18026,.T.);
#18026 = EDGE_CURVE('',#18027,#18029,#18031,.T.);
#18027 = VERTEX_POINT('',#18028);
#18028 = CARTESIAN_POINT('',(-105.,57.,105.));
#18029 = VERTEX_POINT('',#18030);
#18030 = CARTESIAN_POINT('',(-105.,63.,105.));
#18031 = LINE('',#18032,#18033);
#18032 = CARTESIAN_POINT('',(-105.,57.,105.));
#18033 = VECTOR('',#18034,1.);
#18034 = DIRECTION('',(0.,1.,0.));
#18035 = ORIENTED_EDGE('',*,*,#18036,.T.);
#18036 = EDGE_CURVE('',#18029,#18037,#18039,.T.);
#18037 = VERTEX_POINT('',#18038);
#18038 = CARTESIAN_POINT('',(-135.,63.,105.));
#18039 = LINE('',#18040,#18041);
#18040 = CARTESIAN_POINT('',(-105.,63.,105.));
#18041 = VECTOR('',#18042,1.);
#18042 = DIRECTION('',(-1.,0.,0.));
#18043 = ORIENTED_EDGE('',*,*,#18044,.F.);
#18044 = EDGE_CURVE('',#18045,#18037,#18047,.T.);
#18045 = VERTEX_POINT('',#18046);
#18046 = CARTESIAN_POINT('',(-135.,57.,105.));
#18047 = LINE('',#18048,#18049);
#18048 = CARTESIAN_POINT('',(-135.,57.,105.));
#18049 = VECTOR('',#18050,1.);
#18050 = DIRECTION('',(0.,1.,0.));
#18051 = ORIENTED_EDGE('',*,*,#18052,.F.);
#18052 = EDGE_CURVE('',#18027,#18045,#18053,.T.);
#18053 = LINE('',#18054,#18055);
#18054 = CARTESIAN_POINT('',(-105.,57.,105.));
#18055 = VECTOR('',#18056,1.);
#18056 = DIRECTION('',(-1.,0.,0.));
#18057 = PLANE('',#18058);
#18058 = AXIS2_PLACEMENT_3D('',#18059,#18060,#18061);
#18059 = CARTESIAN_POINT('',(-105.,57.,105.));
#18060 = DIRECTION('',(0.,0.,1.));
#18061 = DIRECTION('',(-1.,0.,0.));
#18062 = ADVANCED_FACE('',(#18063),#18088,.F.);
#18063 = FACE_BOUND('',#18064,.F.);
#18064 = EDGE_LOOP('',(#18065,#18066,#18074,#18082));
#18065 = ORIENTED_EDGE('',*,*,#18044,.T.);
#18066 = ORIENTED_EDGE('',*,*,#18067,.T.);
#18067 = EDGE_CURVE('',#18037,#18068,#18070,.T.);
#18068 = VERTEX_POINT('',#18069);
#18069 = CARTESIAN_POINT('',(-105.,63.,140.));
#18070 = LINE('',#18071,#18072);
#18071 = CARTESIAN_POINT('',(-135.,63.,105.));
#18072 = VECTOR('',#18073,1.);
#18073 = DIRECTION('',(0.650791373456,0.,0.759256602365));
#18074 = ORIENTED_EDGE('',*,*,#18075,.F.);
#18075 = EDGE_CURVE('',#18076,#18068,#18078,.T.);
#18076 = VERTEX_POINT('',#18077);
#18077 = CARTESIAN_POINT('',(-105.,57.,140.));
#18078 = LINE('',#18079,#18080);
#18079 = CARTESIAN_POINT('',(-105.,57.,140.));
#18080 = VECTOR('',#18081,1.);
#18081 = DIRECTION('',(0.,1.,0.));
#18082 = ORIENTED_EDGE('',*,*,#18083,.F.);
#18083 = EDGE_CURVE('',#18045,#18076,#18084,.T.);
#18084 = LINE('',#18085,#18086);
#18085 = CARTESIAN_POINT('',(-135.,57.,105.));
#18086 = VECTOR('',#18087,1.);
#18087 = DIRECTION('',(0.650791373456,0.,0.759256602365));
#18088 = PLANE('',#18089);
#18089 = AXIS2_PLACEMENT_3D('',#18090,#18091,#18092);
#18090 = CARTESIAN_POINT('',(-135.,57.,105.));
#18091 = DIRECTION('',(0.759256602365,0.,-0.650791373456));
#18092 = DIRECTION('',(0.650791373456,0.,0.759256602365));
#18093 = ADVANCED_FACE('',(#18094),#18110,.F.);
#18094 = FACE_BOUND('',#18095,.F.);
#18095 = EDGE_LOOP('',(#18096,#18097,#18103,#18104));
#18096 = ORIENTED_EDGE('',*,*,#18075,.T.);
#18097 = ORIENTED_EDGE('',*,*,#18098,.T.);
#18098 = EDGE_CURVE('',#18068,#18029,#18099,.T.);
#18099 = LINE('',#18100,#18101);
#18100 = CARTESIAN_POINT('',(-105.,63.,140.));
#18101 = VECTOR('',#18102,1.);
#18102 = DIRECTION('',(0.,0.,-1.));
#18103 = ORIENTED_EDGE('',*,*,#18026,.F.);
#18104 = ORIENTED_EDGE('',*,*,#18105,.F.);
#18105 = EDGE_CURVE('',#18076,#18027,#18106,.T.);
#18106 = LINE('',#18107,#18108);
#18107 = CARTESIAN_POINT('',(-105.,57.,140.));
#18108 = VECTOR('',#18109,1.);
#18109 = DIRECTION('',(0.,0.,-1.));
#18110 = PLANE('',#18111);
#18111 = AXIS2_PLACEMENT_3D('',#18112,#18113,#18114);
#18112 = CARTESIAN_POINT('',(-105.,57.,140.));
#18113 = DIRECTION('',(-1.,0.,0.));
#18114 = DIRECTION('',(0.,0.,-1.));
#18115 = ADVANCED_FACE('',(#18116),#18121,.F.);
#18116 = FACE_BOUND('',#18117,.F.);
#18117 = EDGE_LOOP('',(#18118,#18119,#18120));
#18118 = ORIENTED_EDGE('',*,*,#18052,.T.);
#18119 = ORIENTED_EDGE('',*,*,#18083,.T.);
#18120 = ORIENTED_EDGE('',*,*,#18105,.T.);
#18121 = PLANE('',#18122);
#18122 = AXIS2_PLACEMENT_3D('',#18123,#18124,#18125);
#18123 = CARTESIAN_POINT('',(-115.2744305716,57.,117.77443057161));
#18124 = DIRECTION('',(0.,1.,0.));
#18125 = DIRECTION('',(0.,0.,1.));
#18126 = ADVANCED_FACE('',(#18127),#18132,.T.);
#18127 = FACE_BOUND('',#18128,.T.);
#18128 = EDGE_LOOP('',(#18129,#18130,#18131));
#18129 = ORIENTED_EDGE('',*,*,#18036,.T.);
#18130 = ORIENTED_EDGE('',*,*,#18067,.T.);
#18131 = ORIENTED_EDGE('',*,*,#18098,.T.);
#18132 = PLANE('',#18133);
#18133 = AXIS2_PLACEMENT_3D('',#18134,#18135,#18136);
#18134 = CARTESIAN_POINT('',(-115.2744305716,63.,117.77443057161));
#18135 = DIRECTION('',(0.,1.,0.));
#18136 = DIRECTION('',(0.,0.,1.));
#18137 = MANIFOLD_SOLID_BREP('',#18138);
#18138 = CLOSED_SHELL('',(#18139,#18179,#18210,#18232,#18243));
#18139 = ADVANCED_FACE('',(#18140),#18174,.T.);
#18140 = FACE_BOUND('',#18141,.T.);
#18141 = EDGE_LOOP('',(#18142,#18152,#18160,#18168));
#18142 = ORIENTED_EDGE('',*,*,#18143,.T.);
#18143 = EDGE_CURVE('',#18144,#18146,#18148,.T.);
#18144 = VERTEX_POINT('',#18145);
#18145 = CARTESIAN_POINT('',(-105.,57.,105.));
#18146 = VERTEX_POINT('',#18147);
#18147 = CARTESIAN_POINT('',(-105.,63.,105.));
#18148 = LINE('',#18149,#18150);
#18149 = CARTESIAN_POINT('',(-105.,57.,105.));
#18150 = VECTOR('',#18151,1.);
#18151 = DIRECTION('',(0.,1.,0.));
#18152 = ORIENTED_EDGE('',*,*,#18153,.T.);
#18153 = EDGE_CURVE('',#18146,#18154,#18156,.T.);
#18154 = VERTEX_POINT('',#18155);
#18155 = CARTESIAN_POINT('',(-75.,63.,105.));
#18156 = LINE('',#18157,#18158);
#18157 = CARTESIAN_POINT('',(-105.,63.,105.));
#18158 = VECTOR('',#18159,1.);
#18159 = DIRECTION('',(1.,0.,0.));
#18160 = ORIENTED_EDGE('',*,*,#18161,.F.);
#18161 = EDGE_CURVE('',#18162,#18154,#18164,.T.);
#18162 = VERTEX_POINT('',#18163);
#18163 = CARTESIAN_POINT('',(-75.,57.,105.));
#18164 = LINE('',#18165,#18166);
#18165 = CARTESIAN_POINT('',(-75.,57.,105.));
#18166 = VECTOR('',#18167,1.);
#18167 = DIRECTION('',(0.,1.,0.));
#18168 = ORIENTED_EDGE('',*,*,#18169,.F.);
#18169 = EDGE_CURVE('',#18144,#18162,#18170,.T.);
#18170 = LINE('',#18171,#18172);
#18171 = CARTESIAN_POINT('',(-105.,57.,105.));
#18172 = VECTOR('',#18173,1.);
#18173 = DIRECTION('',(1.,0.,0.));
#18174 = PLANE('',#18175);
#18175 = AXIS2_PLACEMENT_3D('',#18176,#18177,#18178);
#18176 = CARTESIAN_POINT('',(-105.,57.,105.));
#18177 = DIRECTION('',(0.,0.,-1.));
#18178 = DIRECTION('',(1.,0.,0.));
#18179 = ADVANCED_FACE('',(#18180),#18205,.T.);
#18180 = FACE_BOUND('',#18181,.T.);
#18181 = EDGE_LOOP('',(#18182,#18183,#18191,#18199));
#18182 = ORIENTED_EDGE('',*,*,#18161,.T.);
#18183 = ORIENTED_EDGE('',*,*,#18184,.T.);
#18184 = EDGE_CURVE('',#18154,#18185,#18187,.T.);
#18185 = VERTEX_POINT('',#18186);
#18186 = CARTESIAN_POINT('',(-105.,63.,140.));
#18187 = LINE('',#18188,#18189);
#18188 = CARTESIAN_POINT('',(-75.,63.,105.));
#18189 = VECTOR('',#18190,1.);
#18190 = DIRECTION('',(-0.650791373456,0.,0.759256602365));
#18191 = ORIENTED_EDGE('',*,*,#18192,.F.);
#18192 = EDGE_CURVE('',#18193,#18185,#18195,.T.);
#18193 = VERTEX_POINT('',#18194);
#18194 = CARTESIAN_POINT('',(-105.,57.,140.));
#18195 = LINE('',#18196,#18197);
#18196 = CARTESIAN_POINT('',(-105.,57.,140.));
#18197 = VECTOR('',#18198,1.);
#18198 = DIRECTION('',(0.,1.,0.));
#18199 = ORIENTED_EDGE('',*,*,#18200,.F.);
#18200 = EDGE_CURVE('',#18162,#18193,#18201,.T.);
#18201 = LINE('',#18202,#18203);
#18202 = CARTESIAN_POINT('',(-75.,57.,105.));
#18203 = VECTOR('',#18204,1.);
#18204 = DIRECTION('',(-0.650791373456,0.,0.759256602365));
#18205 = PLANE('',#18206);
#18206 = AXIS2_PLACEMENT_3D('',#18207,#18208,#18209);
#18207 = CARTESIAN_POINT('',(-75.,57.,105.));
#18208 = DIRECTION('',(0.759256602365,0.,0.650791373456));
#18209 = DIRECTION('',(-0.650791373456,0.,0.759256602365));
#18210 = ADVANCED_FACE('',(#18211),#18227,.T.);
#18211 = FACE_BOUND('',#18212,.T.);
#18212 = EDGE_LOOP('',(#18213,#18214,#18220,#18221));
#18213 = ORIENTED_EDGE('',*,*,#18192,.T.);
#18214 = ORIENTED_EDGE('',*,*,#18215,.T.);
#18215 = EDGE_CURVE('',#18185,#18146,#18216,.T.);
#18216 = LINE('',#18217,#18218);
#18217 = CARTESIAN_POINT('',(-105.,63.,140.));
#18218 = VECTOR('',#18219,1.);
#18219 = DIRECTION('',(0.,0.,-1.));
#18220 = ORIENTED_EDGE('',*,*,#18143,.F.);
#18221 = ORIENTED_EDGE('',*,*,#18222,.F.);
#18222 = EDGE_CURVE('',#18193,#18144,#18223,.T.);
#18223 = LINE('',#18224,#18225);
#18224 = CARTESIAN_POINT('',(-105.,57.,140.));
#18225 = VECTOR('',#18226,1.);
#18226 = DIRECTION('',(0.,0.,-1.));
#18227 = PLANE('',#18228);
#18228 = AXIS2_PLACEMENT_3D('',#18229,#18230,#18231);
#18229 = CARTESIAN_POINT('',(-105.,57.,140.));
#18230 = DIRECTION('',(-1.,0.,0.));
#18231 = DIRECTION('',(0.,0.,-1.));
#18232 = ADVANCED_FACE('',(#18233),#18238,.T.);
#18233 = FACE_BOUND('',#18234,.T.);
#18234 = EDGE_LOOP('',(#18235,#18236,#18237));
#18235 = ORIENTED_EDGE('',*,*,#18169,.T.);
#18236 = ORIENTED_EDGE('',*,*,#18200,.T.);
#18237 = ORIENTED_EDGE('',*,*,#18222,.T.);
#18238 = PLANE('',#18239);
#18239 = AXIS2_PLACEMENT_3D('',#18240,#18241,#18242);
#18240 = CARTESIAN_POINT('',(-94.72556942838,57.,117.77443057161));
#18241 = DIRECTION('',(-0.,-1.,-0.));
#18242 = DIRECTION('',(0.,0.,-1.));
#18243 = ADVANCED_FACE('',(#18244),#18249,.F.);
#18244 = FACE_BOUND('',#18245,.F.);
#18245 = EDGE_LOOP('',(#18246,#18247,#18248));
#18246 = ORIENTED_EDGE('',*,*,#18153,.T.);
#18247 = ORIENTED_EDGE('',*,*,#18184,.T.);
#18248 = ORIENTED_EDGE('',*,*,#18215,.T.);
#18249 = PLANE('',#18250);
#18250 = AXIS2_PLACEMENT_3D('',#18251,#18252,#18253);
#18251 = CARTESIAN_POINT('',(-94.72556942838,63.,117.77443057161));
#18252 = DIRECTION('',(-0.,-1.,-0.));
#18253 = DIRECTION('',(0.,0.,-1.));
#18254 = MANIFOLD_SOLID_BREP('',#18255);
#18255 = CLOSED_SHELL('',(#18256,#18296,#18336,#18358,#18380,#18392));
#18256 = ADVANCED_FACE('',(#18257),#18291,.F.);
#18257 = FACE_BOUND('',#18258,.F.);
#18258 = EDGE_LOOP('',(#18259,#18269,#18277,#18285));
#18259 = ORIENTED_EDGE('',*,*,#18260,.F.);
#18260 = EDGE_CURVE('',#18261,#18263,#18265,.T.);
#18261 = VERTEX_POINT('',#18262);
#18262 = CARTESIAN_POINT('',(90.,-75.,98.));
#18263 = VERTEX_POINT('',#18264);
#18264 = CARTESIAN_POINT('',(90.,-75.,103.));
#18265 = LINE('',#18266,#18267);
#18266 = CARTESIAN_POINT('',(90.,-75.,98.));
#18267 = VECTOR('',#18268,1.);
#18268 = DIRECTION('',(0.,0.,1.));
#18269 = ORIENTED_EDGE('',*,*,#18270,.T.);
#18270 = EDGE_CURVE('',#18261,#18271,#18273,.T.);
#18271 = VERTEX_POINT('',#18272);
#18272 = CARTESIAN_POINT('',(90.,-45.,98.));
#18273 = LINE('',#18274,#18275);
#18274 = CARTESIAN_POINT('',(90.,-75.,98.));
#18275 = VECTOR('',#18276,1.);
#18276 = DIRECTION('',(0.,1.,0.));
#18277 = ORIENTED_EDGE('',*,*,#18278,.T.);
#18278 = EDGE_CURVE('',#18271,#18279,#18281,.T.);
#18279 = VERTEX_POINT('',#18280);
#18280 = CARTESIAN_POINT('',(90.,-45.,103.));
#18281 = LINE('',#18282,#18283);
#18282 = CARTESIAN_POINT('',(90.,-45.,98.));
#18283 = VECTOR('',#18284,1.);
#18284 = DIRECTION('',(0.,0.,1.));
#18285 = ORIENTED_EDGE('',*,*,#18286,.F.);
#18286 = EDGE_CURVE('',#18263,#18279,#18287,.T.);
#18287 = LINE('',#18288,#18289);
#18288 = CARTESIAN_POINT('',(90.,-75.,103.));
#18289 = VECTOR('',#18290,1.);
#18290 = DIRECTION('',(0.,1.,0.));
#18291 = PLANE('',#18292);
#18292 = AXIS2_PLACEMENT_3D('',#18293,#18294,#18295);
#18293 = CARTESIAN_POINT('',(90.,-75.,98.));
#18294 = DIRECTION('',(1.,0.,0.));
#18295 = DIRECTION('',(0.,0.,1.));
#18296 = ADVANCED_FACE('',(#18297),#18331,.T.);
#18297 = FACE_BOUND('',#18298,.T.);
#18298 = EDGE_LOOP('',(#18299,#18309,#18317,#18325));
#18299 = ORIENTED_EDGE('',*,*,#18300,.F.);
#18300 = EDGE_CURVE('',#18301,#18303,#18305,.T.);
#18301 = VERTEX_POINT('',#18302);
#18302 = CARTESIAN_POINT('',(120.,-75.,98.));
#18303 = VERTEX_POINT('',#18304);
#18304 = CARTESIAN_POINT('',(120.,-75.,103.));
#18305 = LINE('',#18306,#18307);
#18306 = CARTESIAN_POINT('',(120.,-75.,98.));
#18307 = VECTOR('',#18308,1.);
#18308 = DIRECTION('',(0.,0.,1.));
#18309 = ORIENTED_EDGE('',*,*,#18310,.T.);
#18310 = EDGE_CURVE('',#18301,#18311,#18313,.T.);
#18311 = VERTEX_POINT('',#18312);
#18312 = CARTESIAN_POINT('',(120.,-45.,98.));
#18313 = LINE('',#18314,#18315);
#18314 = CARTESIAN_POINT('',(120.,-75.,98.));
#18315 = VECTOR('',#18316,1.);
#18316 = DIRECTION('',(0.,1.,0.));
#18317 = ORIENTED_EDGE('',*,*,#18318,.T.);
#18318 = EDGE_CURVE('',#18311,#18319,#18321,.T.);
#18319 = VERTEX_POINT('',#18320);
#18320 = CARTESIAN_POINT('',(120.,-45.,103.));
#18321 = LINE('',#18322,#18323);
#18322 = CARTESIAN_POINT('',(120.,-45.,98.));
#18323 = VECTOR('',#18324,1.);
#18324 = DIRECTION('',(0.,0.,1.));
#18325 = ORIENTED_EDGE('',*,*,#18326,.F.);
#18326 = EDGE_CURVE('',#18303,#18319,#18327,.T.);
#18327 = LINE('',#18328,#18329);
#18328 = CARTESIAN_POINT('',(120.,-75.,103.));
#18329 = VECTOR('',#18330,1.);
#18330 = DIRECTION('',(0.,1.,0.));
#18331 = PLANE('',#18332);
#18332 = AXIS2_PLACEMENT_3D('',#18333,#18334,#18335);
#18333 = CARTESIAN_POINT('',(120.,-75.,98.));
#18334 = DIRECTION('',(1.,0.,0.));
#18335 = DIRECTION('',(0.,0.,1.));
#18336 = ADVANCED_FACE('',(#18337),#18353,.F.);
#18337 = FACE_BOUND('',#18338,.F.);
#18338 = EDGE_LOOP('',(#18339,#18345,#18346,#18352));
#18339 = ORIENTED_EDGE('',*,*,#18340,.F.);
#18340 = EDGE_CURVE('',#18261,#18301,#18341,.T.);
#18341 = LINE('',#18342,#18343);
#18342 = CARTESIAN_POINT('',(90.,-75.,98.));
#18343 = VECTOR('',#18344,1.);
#18344 = DIRECTION('',(1.,0.,0.));
#18345 = ORIENTED_EDGE('',*,*,#18260,.T.);
#18346 = ORIENTED_EDGE('',*,*,#18347,.T.);
#18347 = EDGE_CURVE('',#18263,#18303,#18348,.T.);
#18348 = LINE('',#18349,#18350);
#18349 = CARTESIAN_POINT('',(90.,-75.,103.));
#18350 = VECTOR('',#18351,1.);
#18351 = DIRECTION('',(1.,0.,0.));
#18352 = ORIENTED_EDGE('',*,*,#18300,.F.);
#18353 = PLANE('',#18354);
#18354 = AXIS2_PLACEMENT_3D('',#18355,#18356,#18357);
#18355 = CARTESIAN_POINT('',(90.,-75.,98.));
#18356 = DIRECTION('',(0.,1.,0.));
#18357 = DIRECTION('',(0.,0.,1.));
#18358 = ADVANCED_FACE('',(#18359),#18375,.T.);
#18359 = FACE_BOUND('',#18360,.T.);
#18360 = EDGE_LOOP('',(#18361,#18367,#18368,#18374));
#18361 = ORIENTED_EDGE('',*,*,#18362,.F.);
#18362 = EDGE_CURVE('',#18271,#18311,#18363,.T.);
#18363 = LINE('',#18364,#18365);
#18364 = CARTESIAN_POINT('',(90.,-45.,98.));
#18365 = VECTOR('',#18366,1.);
#18366 = DIRECTION('',(1.,0.,0.));
#18367 = ORIENTED_EDGE('',*,*,#18278,.T.);
#18368 = ORIENTED_EDGE('',*,*,#18369,.T.);
#18369 = EDGE_CURVE('',#18279,#18319,#18370,.T.);
#18370 = LINE('',#18371,#18372);
#18371 = CARTESIAN_POINT('',(90.,-45.,103.));
#18372 = VECTOR('',#18373,1.);
#18373 = DIRECTION('',(1.,0.,0.));
#18374 = ORIENTED_EDGE('',*,*,#18318,.F.);
#18375 = PLANE('',#18376);
#18376 = AXIS2_PLACEMENT_3D('',#18377,#18378,#18379);
#18377 = CARTESIAN_POINT('',(90.,-45.,98.));
#18378 = DIRECTION('',(0.,1.,0.));
#18379 = DIRECTION('',(0.,0.,1.));
#18380 = ADVANCED_FACE('',(#18381),#18387,.F.);
#18381 = FACE_BOUND('',#18382,.F.);
#18382 = EDGE_LOOP('',(#18383,#18384,#18385,#18386));
#18383 = ORIENTED_EDGE('',*,*,#18270,.F.);
#18384 = ORIENTED_EDGE('',*,*,#18340,.T.);
#18385 = ORIENTED_EDGE('',*,*,#18310,.T.);
#18386 = ORIENTED_EDGE('',*,*,#18362,.F.);
#18387 = PLANE('',#18388);
#18388 = AXIS2_PLACEMENT_3D('',#18389,#18390,#18391);
#18389 = CARTESIAN_POINT('',(90.,-75.,98.));
#18390 = DIRECTION('',(0.,0.,1.));
#18391 = DIRECTION('',(1.,0.,0.));
#18392 = ADVANCED_FACE('',(#18393),#18399,.T.);
#18393 = FACE_BOUND('',#18394,.T.);
#18394 = EDGE_LOOP('',(#18395,#18396,#18397,#18398));
#18395 = ORIENTED_EDGE('',*,*,#18286,.F.);
#18396 = ORIENTED_EDGE('',*,*,#18347,.T.);
#18397 = ORIENTED_EDGE('',*,*,#18326,.T.);
#18398 = ORIENTED_EDGE('',*,*,#18369,.F.);
#18399 = PLANE('',#18400);
#18400 = AXIS2_PLACEMENT_3D('',#18401,#18402,#18403);
#18401 = CARTESIAN_POINT('',(90.,-75.,103.));
#18402 = DIRECTION('',(0.,0.,1.));
#18403 = DIRECTION('',(1.,0.,0.));
#18404 = MANIFOLD_SOLID_BREP('',#18405);
#18405 = CLOSED_SHELL('',(#18406,#18446,#18477,#18499,#18510));
#18406 = ADVANCED_FACE('',(#18407),#18441,.F.);
#18407 = FACE_BOUND('',#18408,.F.);
#18408 = EDGE_LOOP('',(#18409,#18419,#18427,#18435));
#18409 = ORIENTED_EDGE('',*,*,#18410,.T.);
#18410 = EDGE_CURVE('',#18411,#18413,#18415,.T.);
#18411 = VERTEX_POINT('',#18412);
#18412 = CARTESIAN_POINT('',(105.,-63.,105.));
#18413 = VERTEX_POINT('',#18414);
#18414 = CARTESIAN_POINT('',(105.,-57.,105.));
#18415 = LINE('',#18416,#18417);
#18416 = CARTESIAN_POINT('',(105.,-63.,105.));
#18417 = VECTOR('',#18418,1.);
#18418 = DIRECTION('',(0.,1.,0.));
#18419 = ORIENTED_EDGE('',*,*,#18420,.T.);
#18420 = EDGE_CURVE('',#18413,#18421,#18423,.T.);
#18421 = VERTEX_POINT('',#18422);
#18422 = CARTESIAN_POINT('',(75.,-57.,105.));
#18423 = LINE('',#18424,#18425);
#18424 = CARTESIAN_POINT('',(105.,-57.,105.));
#18425 = VECTOR('',#18426,1.);
#18426 = DIRECTION('',(-1.,0.,0.));
#18427 = ORIENTED_EDGE('',*,*,#18428,.F.);
#18428 = EDGE_CURVE('',#18429,#18421,#18431,.T.);
#18429 = VERTEX_POINT('',#18430);
#18430 = CARTESIAN_POINT('',(75.,-63.,105.));
#18431 = LINE('',#18432,#18433);
#18432 = CARTESIAN_POINT('',(75.,-63.,105.));
#18433 = VECTOR('',#18434,1.);
#18434 = DIRECTION('',(0.,1.,0.));
#18435 = ORIENTED_EDGE('',*,*,#18436,.F.);
#18436 = EDGE_CURVE('',#18411,#18429,#18437,.T.);
#18437 = LINE('',#18438,#18439);
#18438 = CARTESIAN_POINT('',(105.,-63.,105.));
#18439 = VECTOR('',#18440,1.);
#18440 = DIRECTION('',(-1.,0.,0.));
#18441 = PLANE('',#18442);
#18442 = AXIS2_PLACEMENT_3D('',#18443,#18444,#18445);
#18443 = CARTESIAN_POINT('',(105.,-63.,105.));
#18444 = DIRECTION('',(0.,0.,1.));
#18445 = DIRECTION('',(-1.,0.,0.));
#18446 = ADVANCED_FACE('',(#18447),#18472,.F.);
#18447 = FACE_BOUND('',#18448,.F.);
#18448 = EDGE_LOOP('',(#18449,#18450,#18458,#18466));
#18449 = ORIENTED_EDGE('',*,*,#18428,.T.);
#18450 = ORIENTED_EDGE('',*,*,#18451,.T.);
#18451 = EDGE_CURVE('',#18421,#18452,#18454,.T.);
#18452 = VERTEX_POINT('',#18453);
#18453 = CARTESIAN_POINT('',(105.,-57.,140.));
#18454 = LINE('',#18455,#18456);
#18455 = CARTESIAN_POINT('',(75.,-57.,105.));
#18456 = VECTOR('',#18457,1.);
#18457 = DIRECTION('',(0.650791373456,0.,0.759256602365));
#18458 = ORIENTED_EDGE('',*,*,#18459,.F.);
#18459 = EDGE_CURVE('',#18460,#18452,#18462,.T.);
#18460 = VERTEX_POINT('',#18461);
#18461 = CARTESIAN_POINT('',(105.,-63.,140.));
#18462 = LINE('',#18463,#18464);
#18463 = CARTESIAN_POINT('',(105.,-63.,140.));
#18464 = VECTOR('',#18465,1.);
#18465 = DIRECTION('',(0.,1.,0.));
#18466 = ORIENTED_EDGE('',*,*,#18467,.F.);
#18467 = EDGE_CURVE('',#18429,#18460,#18468,.T.);
#18468 = LINE('',#18469,#18470);
#18469 = CARTESIAN_POINT('',(75.,-63.,105.));
#18470 = VECTOR('',#18471,1.);
#18471 = DIRECTION('',(0.650791373456,0.,0.759256602365));
#18472 = PLANE('',#18473);
#18473 = AXIS2_PLACEMENT_3D('',#18474,#18475,#18476);
#18474 = CARTESIAN_POINT('',(75.,-63.,105.));
#18475 = DIRECTION('',(0.759256602365,0.,-0.650791373456));
#18476 = DIRECTION('',(0.650791373456,0.,0.759256602365));
#18477 = ADVANCED_FACE('',(#18478),#18494,.F.);
#18478 = FACE_BOUND('',#18479,.F.);
#18479 = EDGE_LOOP('',(#18480,#18481,#18487,#18488));
#18480 = ORIENTED_EDGE('',*,*,#18459,.T.);
#18481 = ORIENTED_EDGE('',*,*,#18482,.T.);
#18482 = EDGE_CURVE('',#18452,#18413,#18483,.T.);
#18483 = LINE('',#18484,#18485);
#18484 = CARTESIAN_POINT('',(105.,-57.,140.));
#18485 = VECTOR('',#18486,1.);
#18486 = DIRECTION('',(0.,0.,-1.));
#18487 = ORIENTED_EDGE('',*,*,#18410,.F.);
#18488 = ORIENTED_EDGE('',*,*,#18489,.F.);
#18489 = EDGE_CURVE('',#18460,#18411,#18490,.T.);
#18490 = LINE('',#18491,#18492);
#18491 = CARTESIAN_POINT('',(105.,-63.,140.));
#18492 = VECTOR('',#18493,1.);
#18493 = DIRECTION('',(0.,0.,-1.));
#18494 = PLANE('',#18495);
#18495 = AXIS2_PLACEMENT_3D('',#18496,#18497,#18498);
#18496 = CARTESIAN_POINT('',(105.,-63.,140.));
#18497 = DIRECTION('',(-1.,0.,0.));
#18498 = DIRECTION('',(0.,0.,-1.));
#18499 = ADVANCED_FACE('',(#18500),#18505,.F.);
#18500 = FACE_BOUND('',#18501,.F.);
#18501 = EDGE_LOOP('',(#18502,#18503,#18504));
#18502 = ORIENTED_EDGE('',*,*,#18436,.T.);
#18503 = ORIENTED_EDGE('',*,*,#18467,.T.);
#18504 = ORIENTED_EDGE('',*,*,#18489,.T.);
#18505 = PLANE('',#18506);
#18506 = AXIS2_PLACEMENT_3D('',#18507,#18508,#18509);
#18507 = CARTESIAN_POINT('',(94.725569428384,-63.,117.77443057161));
#18508 = DIRECTION('',(0.,1.,0.));
#18509 = DIRECTION('',(0.,0.,1.));
#18510 = ADVANCED_FACE('',(#18511),#18516,.T.);
#18511 = FACE_BOUND('',#18512,.T.);
#18512 = EDGE_LOOP('',(#18513,#18514,#18515));
#18513 = ORIENTED_EDGE('',*,*,#18420,.T.);
#18514 = ORIENTED_EDGE('',*,*,#18451,.T.);
#18515 = ORIENTED_EDGE('',*,*,#18482,.T.);
#18516 = PLANE('',#18517);
#18517 = AXIS2_PLACEMENT_3D('',#18518,#18519,#18520);
#18518 = CARTESIAN_POINT('',(94.725569428384,-57.,117.77443057161));
#18519 = DIRECTION('',(0.,1.,0.));
#18520 = DIRECTION('',(0.,0.,1.));
#18521 = MANIFOLD_SOLID_BREP('',#18522);
#18522 = CLOSED_SHELL('',(#18523,#18563,#18594,#18616,#18627));
#18523 = ADVANCED_FACE('',(#18524),#18558,.T.);
#18524 = FACE_BOUND('',#18525,.T.);
#18525 = EDGE_LOOP('',(#18526,#18536,#18544,#18552));
#18526 = ORIENTED_EDGE('',*,*,#18527,.T.);
#18527 = EDGE_CURVE('',#18528,#18530,#18532,.T.);
#18528 = VERTEX_POINT('',#18529);
#18529 = CARTESIAN_POINT('',(105.,-63.,105.));
#18530 = VERTEX_POINT('',#18531);
#18531 = CARTESIAN_POINT('',(105.,-57.,105.));
#18532 = LINE('',#18533,#18534);
#18533 = CARTESIAN_POINT('',(105.,-63.,105.));
#18534 = VECTOR('',#18535,1.);
#18535 = DIRECTION('',(0.,1.,0.));
#18536 = ORIENTED_EDGE('',*,*,#18537,.T.);
#18537 = EDGE_CURVE('',#18530,#18538,#18540,.T.);
#18538 = VERTEX_POINT('',#18539);
#18539 = CARTESIAN_POINT('',(135.,-57.,105.));
#18540 = LINE('',#18541,#18542);
#18541 = CARTESIAN_POINT('',(105.,-57.,105.));
#18542 = VECTOR('',#18543,1.);
#18543 = DIRECTION('',(1.,0.,0.));
#18544 = ORIENTED_EDGE('',*,*,#18545,.F.);
#18545 = EDGE_CURVE('',#18546,#18538,#18548,.T.);
#18546 = VERTEX_POINT('',#18547);
#18547 = CARTESIAN_POINT('',(135.,-63.,105.));
#18548 = LINE('',#18549,#18550);
#18549 = CARTESIAN_POINT('',(135.,-63.,105.));
#18550 = VECTOR('',#18551,1.);
#18551 = DIRECTION('',(0.,1.,0.));
#18552 = ORIENTED_EDGE('',*,*,#18553,.F.);
#18553 = EDGE_CURVE('',#18528,#18546,#18554,.T.);
#18554 = LINE('',#18555,#18556);
#18555 = CARTESIAN_POINT('',(105.,-63.,105.));
#18556 = VECTOR('',#18557,1.);
#18557 = DIRECTION('',(1.,0.,0.));
#18558 = PLANE('',#18559);
#18559 = AXIS2_PLACEMENT_3D('',#18560,#18561,#18562);
#18560 = CARTESIAN_POINT('',(105.,-63.,105.));
#18561 = DIRECTION('',(0.,0.,-1.));
#18562 = DIRECTION('',(1.,0.,0.));
#18563 = ADVANCED_FACE('',(#18564),#18589,.T.);
#18564 = FACE_BOUND('',#18565,.T.);
#18565 = EDGE_LOOP('',(#18566,#18567,#18575,#18583));
#18566 = ORIENTED_EDGE('',*,*,#18545,.T.);
#18567 = ORIENTED_EDGE('',*,*,#18568,.T.);
#18568 = EDGE_CURVE('',#18538,#18569,#18571,.T.);
#18569 = VERTEX_POINT('',#18570);
#18570 = CARTESIAN_POINT('',(105.,-57.,140.));
#18571 = LINE('',#18572,#18573);
#18572 = CARTESIAN_POINT('',(135.,-57.,105.));
#18573 = VECTOR('',#18574,1.);
#18574 = DIRECTION('',(-0.650791373456,0.,0.759256602365));
#18575 = ORIENTED_EDGE('',*,*,#18576,.F.);
#18576 = EDGE_CURVE('',#18577,#18569,#18579,.T.);
#18577 = VERTEX_POINT('',#18578);
#18578 = CARTESIAN_POINT('',(105.,-63.,140.));
#18579 = LINE('',#18580,#18581);
#18580 = CARTESIAN_POINT('',(105.,-63.,140.));
#18581 = VECTOR('',#18582,1.);
#18582 = DIRECTION('',(0.,1.,0.));
#18583 = ORIENTED_EDGE('',*,*,#18584,.F.);
#18584 = EDGE_CURVE('',#18546,#18577,#18585,.T.);
#18585 = LINE('',#18586,#18587);
#18586 = CARTESIAN_POINT('',(135.,-63.,105.));
#18587 = VECTOR('',#18588,1.);
#18588 = DIRECTION('',(-0.650791373456,0.,0.759256602365));
#18589 = PLANE('',#18590);
#18590 = AXIS2_PLACEMENT_3D('',#18591,#18592,#18593);
#18591 = CARTESIAN_POINT('',(135.,-63.,105.));
#18592 = DIRECTION('',(0.759256602365,0.,0.650791373456));
#18593 = DIRECTION('',(-0.650791373456,0.,0.759256602365));
#18594 = ADVANCED_FACE('',(#18595),#18611,.T.);
#18595 = FACE_BOUND('',#18596,.T.);
#18596 = EDGE_LOOP('',(#18597,#18598,#18604,#18605));
#18597 = ORIENTED_EDGE('',*,*,#18576,.T.);
#18598 = ORIENTED_EDGE('',*,*,#18599,.T.);
#18599 = EDGE_CURVE('',#18569,#18530,#18600,.T.);
#18600 = LINE('',#18601,#18602);
#18601 = CARTESIAN_POINT('',(105.,-57.,140.));
#18602 = VECTOR('',#18603,1.);
#18603 = DIRECTION('',(0.,0.,-1.));
#18604 = ORIENTED_EDGE('',*,*,#18527,.F.);
#18605 = ORIENTED_EDGE('',*,*,#18606,.F.);
#18606 = EDGE_CURVE('',#18577,#18528,#18607,.T.);
#18607 = LINE('',#18608,#18609);
#18608 = CARTESIAN_POINT('',(105.,-63.,140.));
#18609 = VECTOR('',#18610,1.);
#18610 = DIRECTION('',(0.,0.,-1.));
#18611 = PLANE('',#18612);
#18612 = AXIS2_PLACEMENT_3D('',#18613,#18614,#18615);
#18613 = CARTESIAN_POINT('',(105.,-63.,140.));
#18614 = DIRECTION('',(-1.,0.,0.));
#18615 = DIRECTION('',(0.,0.,-1.));
#18616 = ADVANCED_FACE('',(#18617),#18622,.T.);
#18617 = FACE_BOUND('',#18618,.T.);
#18618 = EDGE_LOOP('',(#18619,#18620,#18621));
#18619 = ORIENTED_EDGE('',*,*,#18553,.T.);
#18620 = ORIENTED_EDGE('',*,*,#18584,.T.);
#18621 = ORIENTED_EDGE('',*,*,#18606,.T.);
#18622 = PLANE('',#18623);
#18623 = AXIS2_PLACEMENT_3D('',#18624,#18625,#18626);
#18624 = CARTESIAN_POINT('',(115.27443057161,-63.,117.77443057161));
#18625 = DIRECTION('',(-0.,-1.,-0.));
#18626 = DIRECTION('',(0.,0.,-1.));
#18627 = ADVANCED_FACE('',(#18628),#18633,.F.);
#18628 = FACE_BOUND('',#18629,.F.);
#18629 = EDGE_LOOP('',(#18630,#18631,#18632));
#18630 = ORIENTED_EDGE('',*,*,#18537,.T.);
#18631 = ORIENTED_EDGE('',*,*,#18568,.T.);
#18632 = ORIENTED_EDGE('',*,*,#18599,.T.);
#18633 = PLANE('',#18634);
#18634 = AXIS2_PLACEMENT_3D('',#18635,#18636,#18637);
#18635 = CARTESIAN_POINT('',(115.27443057161,-57.,117.77443057161));
#18636 = DIRECTION('',(-0.,-1.,-0.));
#18637 = DIRECTION('',(0.,0.,-1.));
#18638 = MANIFOLD_SOLID_BREP('',#18639);
#18639 = CLOSED_SHELL('',(#18640,#18680,#18720,#18742,#18764,#18776));
#18640 = ADVANCED_FACE('',(#18641),#18675,.F.);
#18641 = FACE_BOUND('',#18642,.F.);
#18642 = EDGE_LOOP('',(#18643,#18653,#18661,#18669));
#18643 = ORIENTED_EDGE('',*,*,#18644,.F.);
#18644 = EDGE_CURVE('',#18645,#18647,#18649,.T.);
#18645 = VERTEX_POINT('',#18646);
#18646 = CARTESIAN_POINT('',(90.,45.,98.));
#18647 = VERTEX_POINT('',#18648);
#18648 = CARTESIAN_POINT('',(90.,45.,103.));
#18649 = LINE('',#18650,#18651);
#18650 = CARTESIAN_POINT('',(90.,45.,98.));
#18651 = VECTOR('',#18652,1.);
#18652 = DIRECTION('',(0.,0.,1.));
#18653 = ORIENTED_EDGE('',*,*,#18654,.T.);
#18654 = EDGE_CURVE('',#18645,#18655,#18657,.T.);
#18655 = VERTEX_POINT('',#18656);
#18656 = CARTESIAN_POINT('',(90.,75.,98.));
#18657 = LINE('',#18658,#18659);
#18658 = CARTESIAN_POINT('',(90.,45.,98.));
#18659 = VECTOR('',#18660,1.);
#18660 = DIRECTION('',(0.,1.,0.));
#18661 = ORIENTED_EDGE('',*,*,#18662,.T.);
#18662 = EDGE_CURVE('',#18655,#18663,#18665,.T.);
#18663 = VERTEX_POINT('',#18664);
#18664 = CARTESIAN_POINT('',(90.,75.,103.));
#18665 = LINE('',#18666,#18667);
#18666 = CARTESIAN_POINT('',(90.,75.,98.));
#18667 = VECTOR('',#18668,1.);
#18668 = DIRECTION('',(0.,0.,1.));
#18669 = ORIENTED_EDGE('',*,*,#18670,.F.);
#18670 = EDGE_CURVE('',#18647,#18663,#18671,.T.);
#18671 = LINE('',#18672,#18673);
#18672 = CARTESIAN_POINT('',(90.,45.,103.));
#18673 = VECTOR('',#18674,1.);
#18674 = DIRECTION('',(0.,1.,0.));
#18675 = PLANE('',#18676);
#18676 = AXIS2_PLACEMENT_3D('',#18677,#18678,#18679);
#18677 = CARTESIAN_POINT('',(90.,45.,98.));
#18678 = DIRECTION('',(1.,0.,0.));
#18679 = DIRECTION('',(0.,0.,1.));
#18680 = ADVANCED_FACE('',(#18681),#18715,.T.);
#18681 = FACE_BOUND('',#18682,.T.);
#18682 = EDGE_LOOP('',(#18683,#18693,#18701,#18709));
#18683 = ORIENTED_EDGE('',*,*,#18684,.F.);
#18684 = EDGE_CURVE('',#18685,#18687,#18689,.T.);
#18685 = VERTEX_POINT('',#18686);
#18686 = CARTESIAN_POINT('',(120.,45.,98.));
#18687 = VERTEX_POINT('',#18688);
#18688 = CARTESIAN_POINT('',(120.,45.,103.));
#18689 = LINE('',#18690,#18691);
#18690 = CARTESIAN_POINT('',(120.,45.,98.));
#18691 = VECTOR('',#18692,1.);
#18692 = DIRECTION('',(0.,0.,1.));
#18693 = ORIENTED_EDGE('',*,*,#18694,.T.);
#18694 = EDGE_CURVE('',#18685,#18695,#18697,.T.);
#18695 = VERTEX_POINT('',#18696);
#18696 = CARTESIAN_POINT('',(120.,75.,98.));
#18697 = LINE('',#18698,#18699);
#18698 = CARTESIAN_POINT('',(120.,45.,98.));
#18699 = VECTOR('',#18700,1.);
#18700 = DIRECTION('',(0.,1.,0.));
#18701 = ORIENTED_EDGE('',*,*,#18702,.T.);
#18702 = EDGE_CURVE('',#18695,#18703,#18705,.T.);
#18703 = VERTEX_POINT('',#18704);
#18704 = CARTESIAN_POINT('',(120.,75.,103.));
#18705 = LINE('',#18706,#18707);
#18706 = CARTESIAN_POINT('',(120.,75.,98.));
#18707 = VECTOR('',#18708,1.);
#18708 = DIRECTION('',(0.,0.,1.));
#18709 = ORIENTED_EDGE('',*,*,#18710,.F.);
#18710 = EDGE_CURVE('',#18687,#18703,#18711,.T.);
#18711 = LINE('',#18712,#18713);
#18712 = CARTESIAN_POINT('',(120.,45.,103.));
#18713 = VECTOR('',#18714,1.);
#18714 = DIRECTION('',(0.,1.,0.));
#18715 = PLANE('',#18716);
#18716 = AXIS2_PLACEMENT_3D('',#18717,#18718,#18719);
#18717 = CARTESIAN_POINT('',(120.,45.,98.));
#18718 = DIRECTION('',(1.,0.,0.));
#18719 = DIRECTION('',(0.,0.,1.));
#18720 = ADVANCED_FACE('',(#18721),#18737,.F.);
#18721 = FACE_BOUND('',#18722,.F.);
#18722 = EDGE_LOOP('',(#18723,#18729,#18730,#18736));
#18723 = ORIENTED_EDGE('',*,*,#18724,.F.);
#18724 = EDGE_CURVE('',#18645,#18685,#18725,.T.);
#18725 = LINE('',#18726,#18727);
#18726 = CARTESIAN_POINT('',(90.,45.,98.));
#18727 = VECTOR('',#18728,1.);
#18728 = DIRECTION('',(1.,0.,0.));
#18729 = ORIENTED_EDGE('',*,*,#18644,.T.);
#18730 = ORIENTED_EDGE('',*,*,#18731,.T.);
#18731 = EDGE_CURVE('',#18647,#18687,#18732,.T.);
#18732 = LINE('',#18733,#18734);
#18733 = CARTESIAN_POINT('',(90.,45.,103.));
#18734 = VECTOR('',#18735,1.);
#18735 = DIRECTION('',(1.,0.,0.));
#18736 = ORIENTED_EDGE('',*,*,#18684,.F.);
#18737 = PLANE('',#18738);
#18738 = AXIS2_PLACEMENT_3D('',#18739,#18740,#18741);
#18739 = CARTESIAN_POINT('',(90.,45.,98.));
#18740 = DIRECTION('',(0.,1.,0.));
#18741 = DIRECTION('',(0.,0.,1.));
#18742 = ADVANCED_FACE('',(#18743),#18759,.T.);
#18743 = FACE_BOUND('',#18744,.T.);
#18744 = EDGE_LOOP('',(#18745,#18751,#18752,#18758));
#18745 = ORIENTED_EDGE('',*,*,#18746,.F.);
#18746 = EDGE_CURVE('',#18655,#18695,#18747,.T.);
#18747 = LINE('',#18748,#18749);
#18748 = CARTESIAN_POINT('',(90.,75.,98.));
#18749 = VECTOR('',#18750,1.);
#18750 = DIRECTION('',(1.,0.,0.));
#18751 = ORIENTED_EDGE('',*,*,#18662,.T.);
#18752 = ORIENTED_EDGE('',*,*,#18753,.T.);
#18753 = EDGE_CURVE('',#18663,#18703,#18754,.T.);
#18754 = LINE('',#18755,#18756);
#18755 = CARTESIAN_POINT('',(90.,75.,103.));
#18756 = VECTOR('',#18757,1.);
#18757 = DIRECTION('',(1.,0.,0.));
#18758 = ORIENTED_EDGE('',*,*,#18702,.F.);
#18759 = PLANE('',#18760);
#18760 = AXIS2_PLACEMENT_3D('',#18761,#18762,#18763);
#18761 = CARTESIAN_POINT('',(90.,75.,98.));
#18762 = DIRECTION('',(0.,1.,0.));
#18763 = DIRECTION('',(0.,0.,1.));
#18764 = ADVANCED_FACE('',(#18765),#18771,.F.);
#18765 = FACE_BOUND('',#18766,.F.);
#18766 = EDGE_LOOP('',(#18767,#18768,#18769,#18770));
#18767 = ORIENTED_EDGE('',*,*,#18654,.F.);
#18768 = ORIENTED_EDGE('',*,*,#18724,.T.);
#18769 = ORIENTED_EDGE('',*,*,#18694,.T.);
#18770 = ORIENTED_EDGE('',*,*,#18746,.F.);
#18771 = PLANE('',#18772);
#18772 = AXIS2_PLACEMENT_3D('',#18773,#18774,#18775);
#18773 = CARTESIAN_POINT('',(90.,45.,98.));
#18774 = DIRECTION('',(0.,0.,1.));
#18775 = DIRECTION('',(1.,0.,0.));
#18776 = ADVANCED_FACE('',(#18777),#18783,.T.);
#18777 = FACE_BOUND('',#18778,.T.);
#18778 = EDGE_LOOP('',(#18779,#18780,#18781,#18782));
#18779 = ORIENTED_EDGE('',*,*,#18670,.F.);
#18780 = ORIENTED_EDGE('',*,*,#18731,.T.);
#18781 = ORIENTED_EDGE('',*,*,#18710,.T.);
#18782 = ORIENTED_EDGE('',*,*,#18753,.F.);
#18783 = PLANE('',#18784);
#18784 = AXIS2_PLACEMENT_3D('',#18785,#18786,#18787);
#18785 = CARTESIAN_POINT('',(90.,45.,103.));
#18786 = DIRECTION('',(0.,0.,1.));
#18787 = DIRECTION('',(1.,0.,0.));
#18788 = MANIFOLD_SOLID_BREP('',#18789);
#18789 = CLOSED_SHELL('',(#18790,#18830,#18861,#18883,#18894));
#18790 = ADVANCED_FACE('',(#18791),#18825,.F.);
#18791 = FACE_BOUND('',#18792,.F.);
#18792 = EDGE_LOOP('',(#18793,#18803,#18811,#18819));
#18793 = ORIENTED_EDGE('',*,*,#18794,.T.);
#18794 = EDGE_CURVE('',#18795,#18797,#18799,.T.);
#18795 = VERTEX_POINT('',#18796);
#18796 = CARTESIAN_POINT('',(105.,57.,105.));
#18797 = VERTEX_POINT('',#18798);
#18798 = CARTESIAN_POINT('',(105.,63.,105.));
#18799 = LINE('',#18800,#18801);
#18800 = CARTESIAN_POINT('',(105.,57.,105.));
#18801 = VECTOR('',#18802,1.);
#18802 = DIRECTION('',(0.,1.,0.));
#18803 = ORIENTED_EDGE('',*,*,#18804,.T.);
#18804 = EDGE_CURVE('',#18797,#18805,#18807,.T.);
#18805 = VERTEX_POINT('',#18806);
#18806 = CARTESIAN_POINT('',(75.,63.,105.));
#18807 = LINE('',#18808,#18809);
#18808 = CARTESIAN_POINT('',(105.,63.,105.));
#18809 = VECTOR('',#18810,1.);
#18810 = DIRECTION('',(-1.,0.,0.));
#18811 = ORIENTED_EDGE('',*,*,#18812,.F.);
#18812 = EDGE_CURVE('',#18813,#18805,#18815,.T.);
#18813 = VERTEX_POINT('',#18814);
#18814 = CARTESIAN_POINT('',(75.,57.,105.));
#18815 = LINE('',#18816,#18817);
#18816 = CARTESIAN_POINT('',(75.,57.,105.));
#18817 = VECTOR('',#18818,1.);
#18818 = DIRECTION('',(0.,1.,0.));
#18819 = ORIENTED_EDGE('',*,*,#18820,.F.);
#18820 = EDGE_CURVE('',#18795,#18813,#18821,.T.);
#18821 = LINE('',#18822,#18823);
#18822 = CARTESIAN_POINT('',(105.,57.,105.));
#18823 = VECTOR('',#18824,1.);
#18824 = DIRECTION('',(-1.,0.,0.));
#18825 = PLANE('',#18826);
#18826 = AXIS2_PLACEMENT_3D('',#18827,#18828,#18829);
#18827 = CARTESIAN_POINT('',(105.,57.,105.));
#18828 = DIRECTION('',(0.,0.,1.));
#18829 = DIRECTION('',(-1.,0.,0.));
#18830 = ADVANCED_FACE('',(#18831),#18856,.F.);
#18831 = FACE_BOUND('',#18832,.F.);
#18832 = EDGE_LOOP('',(#18833,#18834,#18842,#18850));
#18833 = ORIENTED_EDGE('',*,*,#18812,.T.);
#18834 = ORIENTED_EDGE('',*,*,#18835,.T.);
#18835 = EDGE_CURVE('',#18805,#18836,#18838,.T.);
#18836 = VERTEX_POINT('',#18837);
#18837 = CARTESIAN_POINT('',(105.,63.,140.));
#18838 = LINE('',#18839,#18840);
#18839 = CARTESIAN_POINT('',(75.,63.,105.));
#18840 = VECTOR('',#18841,1.);
#18841 = DIRECTION('',(0.650791373456,0.,0.759256602365));
#18842 = ORIENTED_EDGE('',*,*,#18843,.F.);
#18843 = EDGE_CURVE('',#18844,#18836,#18846,.T.);
#18844 = VERTEX_POINT('',#18845);
#18845 = CARTESIAN_POINT('',(105.,57.,140.));
#18846 = LINE('',#18847,#18848);
#18847 = CARTESIAN_POINT('',(105.,57.,140.));
#18848 = VECTOR('',#18849,1.);
#18849 = DIRECTION('',(0.,1.,0.));
#18850 = ORIENTED_EDGE('',*,*,#18851,.F.);
#18851 = EDGE_CURVE('',#18813,#18844,#18852,.T.);
#18852 = LINE('',#18853,#18854);
#18853 = CARTESIAN_POINT('',(75.,57.,105.));
#18854 = VECTOR('',#18855,1.);
#18855 = DIRECTION('',(0.650791373456,0.,0.759256602365));
#18856 = PLANE('',#18857);
#18857 = AXIS2_PLACEMENT_3D('',#18858,#18859,#18860);
#18858 = CARTESIAN_POINT('',(75.,57.,105.));
#18859 = DIRECTION('',(0.759256602365,0.,-0.650791373456));
#18860 = DIRECTION('',(0.650791373456,0.,0.759256602365));
#18861 = ADVANCED_FACE('',(#18862),#18878,.F.);
#18862 = FACE_BOUND('',#18863,.F.);
#18863 = EDGE_LOOP('',(#18864,#18865,#18871,#18872));
#18864 = ORIENTED_EDGE('',*,*,#18843,.T.);
#18865 = ORIENTED_EDGE('',*,*,#18866,.T.);
#18866 = EDGE_CURVE('',#18836,#18797,#18867,.T.);
#18867 = LINE('',#18868,#18869);
#18868 = CARTESIAN_POINT('',(105.,63.,140.));
#18869 = VECTOR('',#18870,1.);
#18870 = DIRECTION('',(0.,0.,-1.));
#18871 = ORIENTED_EDGE('',*,*,#18794,.F.);
#18872 = ORIENTED_EDGE('',*,*,#18873,.F.);
#18873 = EDGE_CURVE('',#18844,#18795,#18874,.T.);
#18874 = LINE('',#18875,#18876);
#18875 = CARTESIAN_POINT('',(105.,57.,140.));
#18876 = VECTOR('',#18877,1.);
#18877 = DIRECTION('',(0.,0.,-1.));
#18878 = PLANE('',#18879);
#18879 = AXIS2_PLACEMENT_3D('',#18880,#18881,#18882);
#18880 = CARTESIAN_POINT('',(105.,57.,140.));
#18881 = DIRECTION('',(-1.,0.,0.));
#18882 = DIRECTION('',(0.,0.,-1.));
#18883 = ADVANCED_FACE('',(#18884),#18889,.F.);
#18884 = FACE_BOUND('',#18885,.F.);
#18885 = EDGE_LOOP('',(#18886,#18887,#18888));
#18886 = ORIENTED_EDGE('',*,*,#18820,.T.);
#18887 = ORIENTED_EDGE('',*,*,#18851,.T.);
#18888 = ORIENTED_EDGE('',*,*,#18873,.T.);
#18889 = PLANE('',#18890);
#18890 = AXIS2_PLACEMENT_3D('',#18891,#18892,#18893);
#18891 = CARTESIAN_POINT('',(94.725569428384,57.,117.77443057161));
#18892 = DIRECTION('',(0.,1.,0.));
#18893 = DIRECTION('',(0.,0.,1.));
#18894 = ADVANCED_FACE('',(#18895),#18900,.T.);
#18895 = FACE_BOUND('',#18896,.T.);
#18896 = EDGE_LOOP('',(#18897,#18898,#18899));
#18897 = ORIENTED_EDGE('',*,*,#18804,.T.);
#18898 = ORIENTED_EDGE('',*,*,#18835,.T.);
#18899 = ORIENTED_EDGE('',*,*,#18866,.T.);
#18900 = PLANE('',#18901);
#18901 = AXIS2_PLACEMENT_3D('',#18902,#18903,#18904);
#18902 = CARTESIAN_POINT('',(94.725569428384,63.,117.77443057161));
#18903 = DIRECTION('',(0.,1.,0.));
#18904 = DIRECTION('',(0.,0.,1.));
#18905 = MANIFOLD_SOLID_BREP('',#18906);
#18906 = CLOSED_SHELL('',(#18907,#18947,#18978,#19000,#19011));
#18907 = ADVANCED_FACE('',(#18908),#18942,.T.);
#18908 = FACE_BOUND('',#18909,.T.);
#18909 = EDGE_LOOP('',(#18910,#18920,#18928,#18936));
#18910 = ORIENTED_EDGE('',*,*,#18911,.T.);
#18911 = EDGE_CURVE('',#18912,#18914,#18916,.T.);
#18912 = VERTEX_POINT('',#18913);
#18913 = CARTESIAN_POINT('',(105.,57.,105.));
#18914 = VERTEX_POINT('',#18915);
#18915 = CARTESIAN_POINT('',(105.,63.,105.));
#18916 = LINE('',#18917,#18918);
#18917 = CARTESIAN_POINT('',(105.,57.,105.));
#18918 = VECTOR('',#18919,1.);
#18919 = DIRECTION('',(0.,1.,0.));
#18920 = ORIENTED_EDGE('',*,*,#18921,.T.);
#18921 = EDGE_CURVE('',#18914,#18922,#18924,.T.);
#18922 = VERTEX_POINT('',#18923);
#18923 = CARTESIAN_POINT('',(135.,63.,105.));
#18924 = LINE('',#18925,#18926);
#18925 = CARTESIAN_POINT('',(105.,63.,105.));
#18926 = VECTOR('',#18927,1.);
#18927 = DIRECTION('',(1.,0.,0.));
#18928 = ORIENTED_EDGE('',*,*,#18929,.F.);
#18929 = EDGE_CURVE('',#18930,#18922,#18932,.T.);
#18930 = VERTEX_POINT('',#18931);
#18931 = CARTESIAN_POINT('',(135.,57.,105.));
#18932 = LINE('',#18933,#18934);
#18933 = CARTESIAN_POINT('',(135.,57.,105.));
#18934 = VECTOR('',#18935,1.);
#18935 = DIRECTION('',(0.,1.,0.));
#18936 = ORIENTED_EDGE('',*,*,#18937,.F.);
#18937 = EDGE_CURVE('',#18912,#18930,#18938,.T.);
#18938 = LINE('',#18939,#18940);
#18939 = CARTESIAN_POINT('',(105.,57.,105.));
#18940 = VECTOR('',#18941,1.);
#18941 = DIRECTION('',(1.,0.,0.));
#18942 = PLANE('',#18943);
#18943 = AXIS2_PLACEMENT_3D('',#18944,#18945,#18946);
#18944 = CARTESIAN_POINT('',(105.,57.,105.));
#18945 = DIRECTION('',(0.,0.,-1.));
#18946 = DIRECTION('',(1.,0.,0.));
#18947 = ADVANCED_FACE('',(#18948),#18973,.T.);
#18948 = FACE_BOUND('',#18949,.T.);
#18949 = EDGE_LOOP('',(#18950,#18951,#18959,#18967));
#18950 = ORIENTED_EDGE('',*,*,#18929,.T.);
#18951 = ORIENTED_EDGE('',*,*,#18952,.T.);
#18952 = EDGE_CURVE('',#18922,#18953,#18955,.T.);
#18953 = VERTEX_POINT('',#18954);
#18954 = CARTESIAN_POINT('',(105.,63.,140.));
#18955 = LINE('',#18956,#18957);
#18956 = CARTESIAN_POINT('',(135.,63.,105.));
#18957 = VECTOR('',#18958,1.);
#18958 = DIRECTION('',(-0.650791373456,0.,0.759256602365));
#18959 = ORIENTED_EDGE('',*,*,#18960,.F.);
#18960 = EDGE_CURVE('',#18961,#18953,#18963,.T.);
#18961 = VERTEX_POINT('',#18962);
#18962 = CARTESIAN_POINT('',(105.,57.,140.));
#18963 = LINE('',#18964,#18965);
#18964 = CARTESIAN_POINT('',(105.,57.,140.));
#18965 = VECTOR('',#18966,1.);
#18966 = DIRECTION('',(0.,1.,0.));
#18967 = ORIENTED_EDGE('',*,*,#18968,.F.);
#18968 = EDGE_CURVE('',#18930,#18961,#18969,.T.);
#18969 = LINE('',#18970,#18971);
#18970 = CARTESIAN_POINT('',(135.,57.,105.));
#18971 = VECTOR('',#18972,1.);
#18972 = DIRECTION('',(-0.650791373456,0.,0.759256602365));
#18973 = PLANE('',#18974);
#18974 = AXIS2_PLACEMENT_3D('',#18975,#18976,#18977);
#18975 = CARTESIAN_POINT('',(135.,57.,105.));
#18976 = DIRECTION('',(0.759256602365,0.,0.650791373456));
#18977 = DIRECTION('',(-0.650791373456,0.,0.759256602365));
#18978 = ADVANCED_FACE('',(#18979),#18995,.T.);
#18979 = FACE_BOUND('',#18980,.T.);
#18980 = EDGE_LOOP('',(#18981,#18982,#18988,#18989));
#18981 = ORIENTED_EDGE('',*,*,#18960,.T.);
#18982 = ORIENTED_EDGE('',*,*,#18983,.T.);
#18983 = EDGE_CURVE('',#18953,#18914,#18984,.T.);
#18984 = LINE('',#18985,#18986);
#18985 = CARTESIAN_POINT('',(105.,63.,140.));
#18986 = VECTOR('',#18987,1.);
#18987 = DIRECTION('',(0.,0.,-1.));
#18988 = ORIENTED_EDGE('',*,*,#18911,.F.);
#18989 = ORIENTED_EDGE('',*,*,#18990,.F.);
#18990 = EDGE_CURVE('',#18961,#18912,#18991,.T.);
#18991 = LINE('',#18992,#18993);
#18992 = CARTESIAN_POINT('',(105.,57.,140.));
#18993 = VECTOR('',#18994,1.);
#18994 = DIRECTION('',(0.,0.,-1.));
#18995 = PLANE('',#18996);
#18996 = AXIS2_PLACEMENT_3D('',#18997,#18998,#18999);
#18997 = CARTESIAN_POINT('',(105.,57.,140.));
#18998 = DIRECTION('',(-1.,0.,0.));
#18999 = DIRECTION('',(0.,0.,-1.));
#19000 = ADVANCED_FACE('',(#19001),#19006,.T.);
#19001 = FACE_BOUND('',#19002,.T.);
#19002 = EDGE_LOOP('',(#19003,#19004,#19005));
#19003 = ORIENTED_EDGE('',*,*,#18937,.T.);
#19004 = ORIENTED_EDGE('',*,*,#18968,.T.);
#19005 = ORIENTED_EDGE('',*,*,#18990,.T.);
#19006 = PLANE('',#19007);
#19007 = AXIS2_PLACEMENT_3D('',#19008,#19009,#19010);
#19008 = CARTESIAN_POINT('',(115.27443057161,57.,117.77443057161));
#19009 = DIRECTION('',(-0.,-1.,-0.));
#19010 = DIRECTION('',(0.,0.,-1.));
#19011 = ADVANCED_FACE('',(#19012),#19017,.F.);
#19012 = FACE_BOUND('',#19013,.F.);
#19013 = EDGE_LOOP('',(#19014,#19015,#19016));
#19014 = ORIENTED_EDGE('',*,*,#18921,.T.);
#19015 = ORIENTED_EDGE('',*,*,#18952,.T.);
#19016 = ORIENTED_EDGE('',*,*,#18983,.T.);
#19017 = PLANE('',#19018);
#19018 = AXIS2_PLACEMENT_3D('',#19019,#19020,#19021);
#19019 = CARTESIAN_POINT('',(115.27443057161,63.,117.77443057161));
#19020 = DIRECTION('',(-0.,-1.,-0.));
#19021 = DIRECTION('',(0.,0.,-1.));
#19022 = MANIFOLD_SOLID_BREP('',#19023);
#19023 = CLOSED_SHELL('',(#19024,#19057,#19066));
#19024 = ADVANCED_FACE('',(#19025),#19052,.T.);
#19025 = FACE_BOUND('',#19026,.T.);
#19026 = EDGE_LOOP('',(#19027,#19036,#19044,#19051));
#19027 = ORIENTED_EDGE('',*,*,#19028,.F.);
#19028 = EDGE_CURVE('',#19029,#19029,#19031,.T.);
#19029 = VERTEX_POINT('',#19030);
#19030 = CARTESIAN_POINT('',(-151.8556537528,-80.,103.88755536012));
#19031 = CIRCLE('',#19032,5.);
#19032 = AXIS2_PLACEMENT_3D('',#19033,#19034,#19035);
#19033 = CARTESIAN_POINT('',(-155.,-80.,100.));
#19034 = DIRECTION('',(0.747568777187,0.274841462201,-0.604651216843));
#19035 = DIRECTION('',(0.628869249431,-5.740333711586E-19,0.777511072024
    ));
#19036 = ORIENTED_EDGE('',*,*,#19037,.F.);
#19037 = EDGE_CURVE('',#19038,#19029,#19040,.T.);
#19038 = VERTEX_POINT('',#19039);
#19039 = CARTESIAN_POINT('',(-219.8556537528,-105.,158.88755536012));
#19040 = LINE('',#19041,#19042);
#19041 = CARTESIAN_POINT('',(-219.8556537528,-105.,158.88755536012));
#19042 = VECTOR('',#19043,1.);
#19043 = DIRECTION('',(0.747568777187,0.274841462201,-0.604651216843));
#19044 = ORIENTED_EDGE('',*,*,#19045,.T.);
#19045 = EDGE_CURVE('',#19038,#19038,#19046,.T.);
#19046 = CIRCLE('',#19047,5.);
#19047 = AXIS2_PLACEMENT_3D('',#19048,#19049,#19050);
#19048 = CARTESIAN_POINT('',(-223.,-105.,155.));
#19049 = DIRECTION('',(0.747568777187,0.274841462201,-0.604651216843));
#19050 = DIRECTION('',(0.628869249431,-5.740333711586E-19,0.777511072024
    ));
#19051 = ORIENTED_EDGE('',*,*,#19037,.T.);
#19052 = CYLINDRICAL_SURFACE('',#19053,5.);
#19053 = AXIS2_PLACEMENT_3D('',#19054,#19055,#19056);
#19054 = CARTESIAN_POINT('',(-223.,-105.,155.));
#19055 = DIRECTION('',(0.747568777187,0.274841462201,-0.604651216843));
#19056 = DIRECTION('',(0.628869249431,1.039909967431E-17,0.777511072024)
  );
#19057 = ADVANCED_FACE('',(#19058),#19061,.T.);
#19058 = FACE_BOUND('',#19059,.T.);
#19059 = EDGE_LOOP('',(#19060));
#19060 = ORIENTED_EDGE('',*,*,#19028,.T.);
#19061 = PLANE('',#19062);
#19062 = AXIS2_PLACEMENT_3D('',#19063,#19064,#19065);
#19063 = CARTESIAN_POINT('',(-155.,-80.,100.));
#19064 = DIRECTION('',(0.747568777187,0.274841462201,-0.604651216843));
#19065 = DIRECTION('',(0.628869249431,1.039909967431E-17,0.777511072024)
  );
#19066 = ADVANCED_FACE('',(#19067),#19070,.F.);
#19067 = FACE_BOUND('',#19068,.T.);
#19068 = EDGE_LOOP('',(#19069));
#19069 = ORIENTED_EDGE('',*,*,#19045,.F.);
#19070 = PLANE('',#19071);
#19071 = AXIS2_PLACEMENT_3D('',#19072,#19073,#19074);
#19072 = CARTESIAN_POINT('',(-223.,-105.,155.));
#19073 = DIRECTION('',(0.747568777187,0.274841462201,-0.604651216843));
#19074 = DIRECTION('',(0.628869249431,1.039909967431E-17,0.777511072024)
  );
#19075 = MANIFOLD_SOLID_BREP('',#19076);
#19076 = CLOSED_SHELL('',(#19077,#19110,#19119));
#19077 = ADVANCED_FACE('',(#19078),#19105,.T.);
#19078 = FACE_BOUND('',#19079,.T.);
#19079 = EDGE_LOOP('',(#19080,#19089,#19097,#19104));
#19080 = ORIENTED_EDGE('',*,*,#19081,.F.);
#19081 = EDGE_CURVE('',#19082,#19082,#19084,.T.);
#19082 = VERTEX_POINT('',#19083);
#19083 = CARTESIAN_POINT('',(-151.8556537528,80.,103.88755536012));
#19084 = CIRCLE('',#19085,5.);
#19085 = AXIS2_PLACEMENT_3D('',#19086,#19087,#19088);
#19086 = CARTESIAN_POINT('',(-155.,80.,100.));
#19087 = DIRECTION('',(0.747568777187,-0.274841462201,-0.604651216843));
#19088 = DIRECTION('',(0.628869249431,5.740333711586E-19,0.777511072024)
  );
#19089 = ORIENTED_EDGE('',*,*,#19090,.F.);
#19090 = EDGE_CURVE('',#19091,#19082,#19093,.T.);
#19091 = VERTEX_POINT('',#19092);
#19092 = CARTESIAN_POINT('',(-219.8556537528,105.,158.88755536012));
#19093 = LINE('',#19094,#19095);
#19094 = CARTESIAN_POINT('',(-219.8556537528,105.,158.88755536012));
#19095 = VECTOR('',#19096,1.);
#19096 = DIRECTION('',(0.747568777187,-0.274841462201,-0.604651216843));
#19097 = ORIENTED_EDGE('',*,*,#19098,.T.);
#19098 = EDGE_CURVE('',#19091,#19091,#19099,.T.);
#19099 = CIRCLE('',#19100,5.);
#19100 = AXIS2_PLACEMENT_3D('',#19101,#19102,#19103);
#19101 = CARTESIAN_POINT('',(-223.,105.,155.));
#19102 = DIRECTION('',(0.747568777187,-0.274841462201,-0.604651216843));
#19103 = DIRECTION('',(0.628869249431,5.740333711586E-19,0.777511072024)
  );
#19104 = ORIENTED_EDGE('',*,*,#19090,.T.);
#19105 = CYLINDRICAL_SURFACE('',#19106,5.);
#19106 = AXIS2_PLACEMENT_3D('',#19107,#19108,#19109);
#19107 = CARTESIAN_POINT('',(-223.,105.,155.));
#19108 = DIRECTION('',(0.747568777187,-0.274841462201,-0.604651216843));
#19109 = DIRECTION('',(0.628869249431,-1.039909967431E-17,0.777511072024
    ));
#19110 = ADVANCED_FACE('',(#19111),#19114,.T.);
#19111 = FACE_BOUND('',#19112,.T.);
#19112 = EDGE_LOOP('',(#19113));
#19113 = ORIENTED_EDGE('',*,*,#19081,.T.);
#19114 = PLANE('',#19115);
#19115 = AXIS2_PLACEMENT_3D('',#19116,#19117,#19118);
#19116 = CARTESIAN_POINT('',(-155.,80.,100.));
#19117 = DIRECTION('',(0.747568777187,-0.274841462201,-0.604651216843));
#19118 = DIRECTION('',(0.628869249431,-1.039909967431E-17,0.777511072024
    ));
#19119 = ADVANCED_FACE('',(#19120),#19123,.F.);
#19120 = FACE_BOUND('',#19121,.T.);
#19121 = EDGE_LOOP('',(#19122));
#19122 = ORIENTED_EDGE('',*,*,#19098,.F.);
#19123 = PLANE('',#19124);
#19124 = AXIS2_PLACEMENT_3D('',#19125,#19126,#19127);
#19125 = CARTESIAN_POINT('',(-223.,105.,155.));
#19126 = DIRECTION('',(0.747568777187,-0.274841462201,-0.604651216843));
#19127 = DIRECTION('',(0.628869249431,-1.039909967431E-17,0.777511072024
    ));
#19128 = MANIFOLD_SOLID_BREP('',#19129);
#19129 = CLOSED_SHELL('',(#19130,#19163,#19172));
#19130 = ADVANCED_FACE('',(#19131),#19158,.T.);
#19131 = FACE_BOUND('',#19132,.T.);
#19132 = EDGE_LOOP('',(#19133,#19142,#19150,#19157));
#19133 = ORIENTED_EDGE('',*,*,#19134,.F.);
#19134 = EDGE_CURVE('',#19135,#19135,#19137,.T.);
#19135 = VERTEX_POINT('',#19136);
#19136 = CARTESIAN_POINT('',(208.14434624715,-80.,103.88755536012));
#19137 = CIRCLE('',#19138,5.);
#19138 = AXIS2_PLACEMENT_3D('',#19139,#19140,#19141);
#19139 = CARTESIAN_POINT('',(205.,-80.,100.));
#19140 = DIRECTION('',(0.747568777187,0.274841462201,-0.604651216843));
#19141 = DIRECTION('',(0.628869249431,-5.740333711586E-19,0.777511072024
    ));
#19142 = ORIENTED_EDGE('',*,*,#19143,.F.);
#19143 = EDGE_CURVE('',#19144,#19135,#19146,.T.);
#19144 = VERTEX_POINT('',#19145);
#19145 = CARTESIAN_POINT('',(140.14434624715,-105.,158.88755536012));
#19146 = LINE('',#19147,#19148);
#19147 = CARTESIAN_POINT('',(140.14434624715,-105.,158.88755536012));
#19148 = VECTOR('',#19149,1.);
#19149 = DIRECTION('',(0.747568777187,0.274841462201,-0.604651216843));
#19150 = ORIENTED_EDGE('',*,*,#19151,.T.);
#19151 = EDGE_CURVE('',#19144,#19144,#19152,.T.);
#19152 = CIRCLE('',#19153,5.);
#19153 = AXIS2_PLACEMENT_3D('',#19154,#19155,#19156);
#19154 = CARTESIAN_POINT('',(137.,-105.,155.));
#19155 = DIRECTION('',(0.747568777187,0.274841462201,-0.604651216843));
#19156 = DIRECTION('',(0.628869249431,-5.740333711586E-19,0.777511072024
    ));
#19157 = ORIENTED_EDGE('',*,*,#19143,.T.);
#19158 = CYLINDRICAL_SURFACE('',#19159,5.);
#19159 = AXIS2_PLACEMENT_3D('',#19160,#19161,#19162);
#19160 = CARTESIAN_POINT('',(137.,-105.,155.));
#19161 = DIRECTION('',(0.747568777187,0.274841462201,-0.604651216843));
#19162 = DIRECTION('',(0.628869249431,1.039909967431E-17,0.777511072024)
  );
#19163 = ADVANCED_FACE('',(#19164),#19167,.T.);
#19164 = FACE_BOUND('',#19165,.T.);
#19165 = EDGE_LOOP('',(#19166));
#19166 = ORIENTED_EDGE('',*,*,#19134,.T.);
#19167 = PLANE('',#19168);
#19168 = AXIS2_PLACEMENT_3D('',#19169,#19170,#19171);
#19169 = CARTESIAN_POINT('',(205.,-80.,100.));
#19170 = DIRECTION('',(0.747568777187,0.274841462201,-0.604651216843));
#19171 = DIRECTION('',(0.628869249431,1.039909967431E-17,0.777511072024)
  );
#19172 = ADVANCED_FACE('',(#19173),#19176,.F.);
#19173 = FACE_BOUND('',#19174,.T.);
#19174 = EDGE_LOOP('',(#19175));
#19175 = ORIENTED_EDGE('',*,*,#19151,.F.);
#19176 = PLANE('',#19177);
#19177 = AXIS2_PLACEMENT_3D('',#19178,#19179,#19180);
#19178 = CARTESIAN_POINT('',(137.,-105.,155.));
#19179 = DIRECTION('',(0.747568777187,0.274841462201,-0.604651216843));
#19180 = DIRECTION('',(0.628869249431,1.039909967431E-17,0.777511072024)
  );
#19181 = MANIFOLD_SOLID_BREP('',#19182);
#19182 = CLOSED_SHELL('',(#19183,#19216,#19225));
#19183 = ADVANCED_FACE('',(#19184),#19211,.T.);
#19184 = FACE_BOUND('',#19185,.T.);
#19185 = EDGE_LOOP('',(#19186,#19195,#19203,#19210));
#19186 = ORIENTED_EDGE('',*,*,#19187,.F.);
#19187 = EDGE_CURVE('',#19188,#19188,#19190,.T.);
#19188 = VERTEX_POINT('',#19189);
#19189 = CARTESIAN_POINT('',(208.14434624715,80.,103.88755536012));
#19190 = CIRCLE('',#19191,5.);
#19191 = AXIS2_PLACEMENT_3D('',#19192,#19193,#19194);
#19192 = CARTESIAN_POINT('',(205.,80.,100.));
#19193 = DIRECTION('',(0.747568777187,-0.274841462201,-0.604651216843));
#19194 = DIRECTION('',(0.628869249431,5.740333711586E-19,0.777511072024)
  );
#19195 = ORIENTED_EDGE('',*,*,#19196,.F.);
#19196 = EDGE_CURVE('',#19197,#19188,#19199,.T.);
#19197 = VERTEX_POINT('',#19198);
#19198 = CARTESIAN_POINT('',(140.14434624715,105.,158.88755536012));
#19199 = LINE('',#19200,#19201);
#19200 = CARTESIAN_POINT('',(140.14434624715,105.,158.88755536012));
#19201 = VECTOR('',#19202,1.);
#19202 = DIRECTION('',(0.747568777187,-0.274841462201,-0.604651216843));
#19203 = ORIENTED_EDGE('',*,*,#19204,.T.);
#19204 = EDGE_CURVE('',#19197,#19197,#19205,.T.);
#19205 = CIRCLE('',#19206,5.);
#19206 = AXIS2_PLACEMENT_3D('',#19207,#19208,#19209);
#19207 = CARTESIAN_POINT('',(137.,105.,155.));
#19208 = DIRECTION('',(0.747568777187,-0.274841462201,-0.604651216843));
#19209 = DIRECTION('',(0.628869249431,5.740333711586E-19,0.777511072024)
  );
#19210 = ORIENTED_EDGE('',*,*,#19196,.T.);
#19211 = CYLINDRICAL_SURFACE('',#19212,5.);
#19212 = AXIS2_PLACEMENT_3D('',#19213,#19214,#19215);
#19213 = CARTESIAN_POINT('',(137.,105.,155.));
#19214 = DIRECTION('',(0.747568777187,-0.274841462201,-0.604651216843));
#19215 = DIRECTION('',(0.628869249431,-1.039909967431E-17,0.777511072024
    ));
#19216 = ADVANCED_FACE('',(#19217),#19220,.T.);
#19217 = FACE_BOUND('',#19218,.T.);
#19218 = EDGE_LOOP('',(#19219));
#19219 = ORIENTED_EDGE('',*,*,#19187,.T.);
#19220 = PLANE('',#19221);
#19221 = AXIS2_PLACEMENT_3D('',#19222,#19223,#19224);
#19222 = CARTESIAN_POINT('',(205.,80.,100.));
#19223 = DIRECTION('',(0.747568777187,-0.274841462201,-0.604651216843));
#19224 = DIRECTION('',(0.628869249431,-1.039909967431E-17,0.777511072024
    ));
#19225 = ADVANCED_FACE('',(#19226),#19229,.F.);
#19226 = FACE_BOUND('',#19227,.T.);
#19227 = EDGE_LOOP('',(#19228));
#19228 = ORIENTED_EDGE('',*,*,#19204,.F.);
#19229 = PLANE('',#19230);
#19230 = AXIS2_PLACEMENT_3D('',#19231,#19232,#19233);
#19231 = CARTESIAN_POINT('',(137.,105.,155.));
#19232 = DIRECTION('',(0.747568777187,-0.274841462201,-0.604651216843));
#19233 = DIRECTION('',(0.628869249431,-1.039909967431E-17,0.777511072024
    ));
#19234 = ( GEOMETRIC_REPRESENTATION_CONTEXT(3) 
GLOBAL_UNCERTAINTY_ASSIGNED_CONTEXT((#19238)) 
GLOBAL_UNIT_ASSIGNED_CONTEXT((#19235,#19236,#19237)) 
REPRESENTATION_CONTEXT('Context #1',
  '3D Context with UNIT and UNCERTAINTY') );
#19235 = ( LENGTH_UNIT() NAMED_UNIT(*) SI_UNIT(.MILLI.,.METRE.) );
#19236 = ( NAMED_UNIT(*) PLANE_ANGLE_UNIT() SI_UNIT($,.RADIAN.) );
#19237 = ( NAMED_UNIT(*) SI_UNIT($,.STERADIAN.) SOLID_ANGLE_UNIT() );
#19238 = UNCERTAINTY_MEASURE_WITH_UNIT(LENGTH_MEASURE(1.E-07),#19235,
  'distance_accuracy_value','confusion accuracy');
#19239 = PRODUCT_RELATED_PRODUCT_CATEGORY('part',$,(#7));
ENDSEC;
END-ISO-10303-21;
